country_id,name,name_norm,place,lon,lat
008,Rrogozhinë,rrogozhine,town,19.6649775,41.0758988
008,Fier,fier,city,19.5582079,40.7251118
008,Vlorë,vlore,city,19.4912716,40.4707602
008,Sarandë,sarande,town,20.0065258,39.8752198
008,Shkodër,shkoder,city,19.5121437,42.0681371
008,Gjirokastër,gjirokaster,town,20.1393359,40.0770871
008,Perlat,perlat,village,19.5370893,41.4446761
008,Rrushkull,rrushkull,village,19.5160399,41.4302135
008,Çorovodë,corovode,town,20.2283496,40.5036229
008,Kavajë,kavaje,town,19.5599485,41.1834239
008,Bulqizë,bulqize,town,20.2183758,41.4922026
008,Burrel,burrel,town,20.0130651,41.610429
008,Peshkopi,peshkopi,town,20.4287139,41.6848768
008,Kuçovë,kucove,town,19.9134448,40.804415
008,Shëngjin,shengjin,town,19.5989755,41.8097827
008,Kukës,kukes,town,20.4163203,42.0768978
008,Xhai (Bzhetë),xhai,hamlet,19.5982148,42.3317814
008,Llomi,llomi,village,19.8645419,42.4195638
008,Krujë,kruje,town,19.792852,41.511251
008,Drimadhë,drimadhe,village,19.6248361,40.1565477
008,Grilë,grile,village,19.4851156,42.1309804
008,Boriç i Madh,boric i madh,village,19.49798,42.1343172
008,Hamallaj,hamallaj,village,19.5250789,41.4664649
008,Grekan,grekan,village,19.9480613,40.9289231
008,Dobranj,dobranj,village,20.9674923,40.55721
008,Gjyras,gjyras,village,20.6294512,40.6938241
008,Urakë,urake,village,20.5824245,41.0652857
008,Marjan,marjan,village,20.6256033,40.7624597
008,Çervenakë,cervenake,village,20.6089045,40.9455626
008,Niçë,nice,village,20.5693663,40.8160729
008,Çlirim,clirim,village,20.5525025,40.4166681
008,Sinicë,sinice,village,20.8686866,40.5153508
008,Gurisht,gurisht,village,20.716186,40.769772
008,Buçimas,bucimas,village,20.6837574,40.8915517
008,Damjanec,damjanec,village,20.6759639,40.6646765
008,Radokal i Poshtëm,radokal i poshtem,village,20.5509104,41.0156152
008,Vodicë,vodice,village,20.6542473,40.4004616
008,Qershizë,qershize,village,20.747407,40.8726837
008,Vreshtas,vreshtas,village,20.7782516,40.7982554
008,Pishkash Vërri,pishkash verri,village,20.5035195,41.079282
008,Belorta,belorta,village,20.8321474,40.6672156
008,Gjinikas,gjinikas,village,20.497428,40.6852442
008,Dunicë,dunice,village,20.5509185,40.8970375
008,Bitinckë,bitincke,village,20.9829299,40.6466431
008,Krushovë,krushove,village,20.5653348,40.6791545
008,Baribardhë,baribardhe,village,20.4690169,40.9947234
008,Vithkuq,vithkuq,village,20.582791,40.5245787
008,Prenisht,prenisht,village,20.6257745,40.825644
008,Lumalas,lumalas,village,20.7357324,40.6597703
008,Plovisht,plovisht,village,20.6398398,40.7161444
008,Katjel,katjel,village,20.5536558,41.0445799
008,Dolanec,dolanec,village,20.593724,40.7775444
008,Lin,lin,village,20.6395205,41.0663515
008,Trebickë,trebicke,village,20.4721592,40.4507799
008,Selenicë,selenice,village,20.6932543,40.3903108
008,Shyec,shyec,village,21.0000343,40.6983399
008,Plasë,plase,village,20.8463803,40.6867558
008,Kamenicë,kamenice,village,20.7279741,40.5292069
008,Vetilernë,vetilerne,village,20.7330856,40.8040851
008,Karkavec,karkavec,village,20.4890788,41.0625925
008,Gurmujas,gurmujas,village,20.511634,40.5732805
008,Peshkëpi,peshkepi,village,20.7781294,40.8971893
008,Stropan,stropan,village,20.9090163,40.6412327
008,Ravonik,ravonik,village,20.7449509,40.6050866
008,Bezhan,bezhan,village,20.7353506,40.4215687
008,Qytezë,qyteze,village,20.8959075,40.4978713
008,Bubuq,bubuq,village,20.6751409,40.7736635
008,Senisht,senisht,village,20.6095991,40.7182464
008,Çezmë e Madhe,cezme e madhe,village,20.5211928,40.9099465
008,Symizë,symize,village,20.7024673,40.7327285
008,Qesarakë,qesarake,village,20.5298757,40.4122321
008,Bradvicë,bradvice,village,20.8698109,40.5744815
008,Goskovë Poshtë,goskove poshte,village,20.6995546,40.626939
008,Vërri,verri,village,20.5059414,41.0037245
008,Çemericë,cemerice,village,20.47515,40.5443859
008,Stropckë,stropcke,village,20.6842592,40.8534357
008,Kallamas,kallamas,village,20.9393111,40.8989343
008,Barç,barc,village,20.8042092,40.6279058
008,Vloçisht,vlocisht,village,20.7305717,40.6954957
008,Gjonomadh,gjonomadh,village,20.6498901,40.6262743
008,Homezh,homezh,village,20.5651105,40.9812343
008,Lubonjë,lubonje,village,20.6150547,40.4717486
008,Zaroshkë,zaroshke,village,20.9085018,40.7638872
008,Brozdovec,brozdovec,village,20.4604269,40.6180536
008,Ziçisht,zicisht,village,20.9224374,40.5554135
008,Goçë,goce,village,20.6581312,40.7083666
008,Fanjë,fanje,village,20.4682878,41.0490805
008,Zvarisht,zvarisht,village,20.5658829,40.7251331
008,Udenisht,udenisht,village,20.6404654,40.9632082
008,Osnat,osnat,village,20.5905383,40.8279322
008,Cangonj,cangonj,village,20.9091587,40.6938099
008,Zboq,zboq,village,20.653863,40.7476428
008,Boshanj,boshanj,village,20.6095518,40.4417002
008,Leminot,leminot,village,20.6957944,40.7941842
008,Çezmë e Vogël,cezme e vogel,village,20.5227357,40.921162
008,Orgockë,orgocke,village,20.5047414,40.3915349
008,Dardhë,dardhe,village,20.8273678,40.5187822
008,Golik,golik,village,20.5196287,41.0170496
008,Qinam,qinam,village,20.69731,40.3978776
008,Grabovicë,grabovice,village,20.7271352,40.8329415
008,Podgorie,podgorie,village,20.7967697,40.8151626
008,Shamoll,shamoll,village,20.7819025,40.6783971
008,Poponivë,poponive,village,20.4761295,40.6443556
008,Kalivaç,kalivac,village,20.5819228,40.8960102
008,Kodras,kodras,village,20.82101,40.8612433
008,Kurilë,kurile,village,20.998346,40.5642108
008,Dërsnik,dersnik,village,20.6727658,40.5655732
008,Selishtë,selishte,village,20.4764492,41.003899
008,Leshnje,leshnje,village,20.6142367,40.5268873
008,Grunjas,grunjas,village,20.6584588,40.8205899
008,Orman,orman,village,20.7885947,40.735009
008,Kloc,kloc,village,20.7025679,40.6750514
008,Rrajcë,rrajce,village,20.5749213,41.0886264
008,Moçan,mocan,village,20.577446,40.7518346
008,Slabinjë,slabinje,village,20.5031369,40.9483163
008,Treskë,treske,village,20.5041185,40.4555903
008,Kreshovë,kreshove,village,20.7228916,40.3924076
008,Rakickë,rakicke,village,20.9798012,40.7133436
008,Terovë,terove,village,20.8122311,40.6945369
008,Selenicë e Pishës,selenice e pishes,village,20.5640082,40.4517815
008,Braçanj,bracanj,village,20.9796176,40.549878
008,Kolanec,kolanec,village,20.6751717,40.6923759
008,Gjergjevicë,gjergjevice,village,20.5549284,40.5835281
008,Manastirec,manastirec,village,20.6475264,40.7759633
008,Selcë e Sipërme,selce e siperme,village,20.5415759,40.9529521
008,Eçmenik,ecmenik,village,20.9127324,40.6486685
008,Mborje,mborje,village,20.8011201,40.6061265
008,Shtikë,shtike,village,20.7108842,40.431992
008,Çerravë,cerrave,village,20.7264853,40.8521316
008,Pirg,pirg,village,20.7107241,40.7872422
008,Tresovë,tresove,village,20.584348,40.7264281
008,Kuçakë,kucake,village,20.4969995,40.7067392
008,Trebinjë,trebinje,village,20.554898,40.9146265
008,Luaras,luaras,village,20.5811415,40.4021998
008,Kuç,kuc,village,20.9792604,40.595587
008,Goskovë Lart,goskove lart,village,20.6866226,40.625343
008,Slotinë,slotine,village,20.4822366,40.9959143
008,Mollas,mollas,village,20.6762377,40.425825
008,Kakaç,kakac,village,20.691514,40.812661
008,Çiflig,ciflig,village,20.7674115,40.644757
008,Nikollarë,nikollare,village,20.4726245,40.6907492
008,Llëngë,llenge,village,20.5007392,40.8864156
008,Kotodesh,kotodesh,village,20.5761097,41.0534535
008,Desmirë,desmire,village,20.5812306,40.7607076
008,Kriçkovë,krickove,village,20.5216453,40.9826865
008,Roshanj,roshanj,village,20.6425801,40.4807999
008,Rrëmbec,rrembec,village,20.7925564,40.7058262
008,Drenovë,drenove,village,20.7909202,40.5834892
008,Gjyras,gjyras,village,20.8829664,40.5612226
008,Fshat Maliq,fshat maliq,village,20.6827012,40.7126276
008,Lozhan i Ri,lozhan i ri,village,20.5669609,40.7344679
008,Stratobërdh,stratoberdh,village,20.5363389,40.4610747
008,Baçallëk,bacallek,village,20.6947763,40.8713785
008,Progër,proger,village,20.9391318,40.6943344
008,Këmbëthekër,kembetheker,village,20.6852559,40.755056
008,Kozel,kozel,village,20.7386958,40.4646635
008,Nikolicë,nikolice,village,20.8118975,40.4747605
008,Qershizë,qershize,village,20.6524941,40.7981226
008,Gjonbabas,gjonbabas,village,20.4974297,40.5702465
008,Pleshisht,pleshisht,village,20.5399172,40.9342231
008,Qinam-Radovickë,qinam-radovicke,village,20.4912661,40.4085241
008,Tren,tren,village,20.998537,40.6651527
008,Skorovot,skorovot,village,20.7242346,40.4012739
008,Gollomboç,gollomboc,village,20.9457266,40.8564405
008,Biranj,biranj,village,20.7229807,40.6598491
008,Beras,beras,village,20.6731149,40.7563485
008,Potgozhan,potgozhan,village,20.575419,40.9049175
008,Trestenik,trestenik,village,21.0179875,40.5731711
008,Mjaltas,mjaltas,village,20.630501,40.7790693
008,Radokal i Sipërm,radokal i siperm,village,20.5543184,41.0052641
008,Gjanç,gjanc,village,20.6475815,40.5412014
008,Lekas,lekas,village,20.64273,40.8468102
008,Burimas,burimas,village,20.8917776,40.7173555
008,Pulahë,pulahe,village,20.6947898,40.5343339
008,Poçestë,poceste,village,20.7179655,40.6842812
008,Strelcë,strelce,village,20.5062076,40.7349454
008,Bilisht,bilisht,town,20.9866319,40.6240134
008,Dërdushë,derdushe,village,20.6048916,40.7998374
008,Vranisht,vranisht,village,20.9086353,40.6650753
008,Rov,rov,village,20.7921914,40.6957317
008,Psar i Zi,psar i zi,village,20.5884977,40.4412656
008,Çetë,cete,village,20.9216238,40.5029874
008,Bickë,bicke,village,20.6415462,40.6930904
008,Dritan,dritan,village,20.4902464,41.0312169
008,Shkozanj,shkozanj,village,20.5244756,40.6007272
008,Kuç i Zi,kuc i zi,village,20.8346902,40.6724396
008,Vërdovë,verdove,village,20.6572833,40.8907606
008,Grapsh,grapsh,village,20.8841013,40.5832594
008,Turan,turan,village,20.7424403,40.6206837
008,Butkë,butke,village,20.7251424,40.4328385
008,Lumas,lumas,village,20.745902,40.8764362
008,Sheqeras,sheqeras,village,20.7707503,40.745301
008,Pishkash,pishkash,village,20.5073246,41.0945112
008,Dishnicë,dishnice,village,20.8142802,40.6505012
008,Hondisht,hondisht,village,20.5018056,40.9116691
008,Lenckë,lencke,village,20.5361068,40.3892663
008,Kapshticë,kapshtice,village,21.0106214,40.6016318
008,Zall-Torrë,zall-torre,village,20.50095,41.0180169
008,Blush,blush,village,20.6112878,40.401373
008,Nizhavec,nizhavec,village,20.7523334,40.8089087
008,Porodinë,porodine,village,20.7142601,40.6399208
008,Lavdar,lavdar,village,20.4912243,40.6240111
008,Guri i Bardhë,guri i bardhe,village,20.5556523,40.8919089
008,Selcë,selce,village,20.5412867,40.755023
008,Piskupat,piskupat,village,20.6303594,41.0327024
008,Xerje,xerje,village,20.5136108,40.6175759
008,Diellas,diellas,village,20.9109051,40.802043
008,Kreshpanj,kreshpanj,village,20.8439477,40.7144972
008,Floq,floq,village,20.7154456,40.5081269
008,Koshnicë,koshnice,village,20.9174565,40.5292438
008,Babjen,babjen,village,20.6323826,40.7422405
008,Gështenjas,geshtenjas,village,20.6775407,40.8752266
008,Borsh,borsh,village,20.9499322,40.5866556
008,Memël,memel,village,20.6512408,40.7600494
008,Helmës,helmes,village,20.6799438,40.4532216
008,Vidohovë,vidohove,village,20.9384659,40.4786644
008,Sovjan,sovjan,village,20.7241782,40.7428956
008,Lozhan,lozhan,village,20.5521898,40.7157151
008,Marjan,marjan,village,20.4852342,40.5723296
008,Zemçë,zemce,village,20.5213568,40.9447518
008,Kaltanj,kaltanj,village,20.5148902,40.4231886
008,Buzliqen,buzliqen,village,21.0139067,40.6740777
008,Polenë,polene,village,20.6981482,40.5907482
008,Milec,milec,village,20.7291277,40.4135657
008,Bletas,bletas,village,20.7960094,40.8474903
008,Goricë e Vogël,gorice e vogel,village,20.9261094,40.878432
008,Stranik,stranik,village,20.4711404,41.014168
008,Bulgarec,bulgarec,village,20.7567461,40.658565
008,Osoje,osoje,village,20.4959511,40.6655516
008,Pevelan,pevelan,village,20.5586298,40.91154
008,Poloskë,poloske,village,20.9682485,40.5898448
008,Mesmal,mesmal,village,20.5438801,40.7850111
008,Homçan,homcan,village,20.5450847,40.970051
008,Dardhas,dardhas,village,20.6589771,40.8465607
008,Zvezdë,zvezde,village,20.862718,40.7307011
008,Mollaj,mollaj,village,20.7424834,40.5610542
008,Fitore,fitore,village,20.9528464,40.5530536
008,Vashtemije,vashtemije,village,20.7405799,40.6768449
008,Prrenjas Fshat,prrenjas fshat,village,20.5347403,41.0662915
008,Shalës,shales,village,20.4711327,40.7431204
008,Memelisht,memelisht,village,20.6351647,40.9352514
008,Stërkanj,sterkanj,village,20.5824241,40.8023581
008,Pilur,pilur,village,20.9162806,40.6638888
008,Zëmblak,zemblak,village,20.8775699,40.6939916
008,Qytezë,qyteze,village,20.5503742,40.435226
008,Zvirinë,zvirine,village,20.7373127,40.787353
008,Lekas,lekas,village,20.5144469,40.6013629
008,Moravë,morave,village,20.834217,40.5872108
008,Rëmenj,remenj,village,20.665794,40.8808819
008,Përparimaj,perparimaj,village,20.9130484,40.5861924
008,Vinçan,vincan,village,20.6922305,40.6467974
008,Qafzez,qafzez,village,20.6341417,40.4363713
008,Alarup,alarup,village,20.7950294,40.864066
008,Bregas,bregas,village,20.8179586,40.7815692
008,Neviçisht,nevicisht,village,20.8258505,40.6599809
008,Gurras,gurras,village,20.7146764,40.8849551
008,Gurshqipe,gurshqipe,village,20.5019855,40.7039128
008,Malinë,maline,village,20.5753052,40.9111269
008,Vërnik,vernik,village,21.0243459,40.6446631
008,Shipskë,shipske,village,20.5966865,40.6661382
008,Proptisht,proptisht,village,20.505546,40.982621
008,Rehovë,rehove,village,20.6103399,40.488064
008,Pretushë,pretushe,village,20.7271946,40.8205983
008,Melcan,melcan,village,20.7205054,40.6467883
008,Losnik,losnik,village,20.4711439,40.9384714
008,Shkozë,shkoze,village,20.6866628,40.7378921
008,Rrashtan,rrashtan,village,20.512638,41.0485117
008,Velçan,velcan,village,20.5503043,40.7627671
008,Buqezë,buqeze,village,20.6283436,41.0502464
008,Tudas,tudas,village,20.5001414,40.6164859
008,Mançurisht,mancurisht,village,20.9306232,40.7031837
008,Pojan,pojan,village,20.8375065,40.7283218
008,Ujë Bardhë,uje bardhe,village,20.6865154,40.5256072
008,Ponçarë,poncare,village,20.9703878,40.5295663
008,Shqitas,shqitas,village,20.7038916,40.8048902
008,Qenckë,qencke,village,20.6028281,40.7410374
008,Baban,baban,village,20.9194252,40.6339728
008,Qatrom,qatrom,village,20.7445907,40.5850904
008,Pepellash,pepellash,village,20.6973125,40.4766018
008,Arrëz,arrez,village,20.8421665,40.5005086
008,Novoselë,novosele,village,20.700757,40.7625225
008,Dolan,dolan,village,20.5776982,40.7086901
008,Hoshtecë,hoshtece,village,20.5614775,40.9478446
008,Radovickë,radovicke,village,20.472326,40.4216026
008,Çipan,cipan,village,20.9240785,40.5732882
008,Voskop,voskop,village,20.6926793,40.6105322
008,Selcë e Poshtme,selce e poshtme,village,20.5251827,40.9920138
008,Shtyllë,shtylle,village,20.5328242,40.5356757
008,Leshnicë,leshnice,village,20.7026288,40.8525598
008,Goricë e Madhe,gorice e madhe,village,20.9037581,40.8944107
008,Malavec,malavec,village,20.7978754,40.660096
008,Lumaj,lumaj,village,20.4787804,40.6672176
008,Laktesh,laktesh,village,20.4752687,40.9777129
008,Vishocicë,vishocice,village,20.9976574,40.5944488
008,Lavdar i Korçës,lavdar i korces,village,20.6556642,40.6027805
008,Somotinë,somotine,village,20.5069561,40.9729659
008,Panarit,panarit,village,20.4674051,40.4847331
008,Cerje,cerje,village,20.9749594,40.7500145
008,Shëngjergj,shengjergj,village,20.8316652,40.7511416
008,Palasë,palase,village,19.6239829,40.166793
008,Iliras,iliras,village,19.9055052,40.3757642
008,Kotë,kote,village,19.6070206,40.3905898
008,Kallarat,kallarat,village,19.7392084,40.2083737
008,Memaliaj Fshat,memaliaj fshat,village,19.9764133,40.3452031
008,Memaliaj,memaliaj,town,19.9833859,40.3516573
008,Çorraj,corraj,village,19.8630976,40.1156431
008,Xhafaj,xhafaj,village,20.0021545,40.4170729
008,Shkozë,shkoze,village,19.7801119,40.4072283
008,Brataj,brataj,village,19.6663454,40.2687516
008,Kuç,kuc,village,19.8389532,40.1742689
008,Matohasanaj,matohasanaj,village,19.8359606,40.3562984
008,Dukat i Ri,dukat i ri,village,19.5060414,40.2723301
008,Piqeras,piqeras,village,19.890451,40.0163236
008,Dervishaj,dervishaj,village,19.972258,40.4235719
008,Gumenicë,gumenice,village,19.6027995,40.3435928
008,Fterrë,fterre,village,19.8904914,40.1147844
008,Shelegar,shelegar,village,20.0329717,39.8888073
008,Qeparo i Sipërm,qeparo i siperm,village,19.8267781,40.0678221
008,Ilias,ilias,village,19.671131,40.1426557
008,Tragjas,tragjas,village,19.5099606,40.327654
008,Bregas,bregas,village,20.0207505,39.9014593
008,Mirinë,mirine,village,19.9684878,40.3778621
008,Fushëbardhë,fushebardhe,village,19.9956011,40.1000165
008,Lezhan,lezhan,village,19.701538,40.4191437
008,Petë,pete,village,19.637134,40.4265557
008,Tatzat,tatzat,village,19.9391855,40.0339003
008,Toç,toc,village,19.8675563,40.417205
008,Lepenicë,lepenice,village,19.6533791,40.299007
008,Ksamil,ksamil,village,20.0037922,39.7701379
008,Gjorm,gjorm,village,19.643697,40.31668
008,Mamaj,mamaj,village,20.0024053,40.3126525
008,Senicë,senice,village,20.0040664,40.0118036
008,Përparim,perparim,village,19.8327063,40.4152767
008,Bolenë,bolene,village,19.7624206,40.2421379
008,Hysoverdh,hysoverdh,village,19.6505617,40.4077803
008,Bylysh,bylysh,village,19.9912243,40.3819571
008,Golimbas,golimbas,village,19.7379755,40.4006453
008,Lulëzim,lulezim,village,19.8292348,40.419449
008,Kuç-Buronjë,kuc-buronje,village,19.8091573,40.1946935
008,Lap-Martalloz,lap-martalloz,village,19.8788292,40.3634843
008,Tërbaç,terbac,village,19.6436049,40.2469227
008,Shën Vasil,shen vasil,village,19.9627114,39.9598858
008,Veliqot,veliqot,village,20.0050311,40.2970392
008,Vajzë,vajze,village,19.6810574,40.3606231
008,Turan,turan,village,19.9749266,40.3148617
008,Vergo,vergo,village,20.0109922,40.0064493
008,Zhapokikë e Sipërme,zhapokike e siperme,village,19.9410162,40.4185741
008,Leshnje (Kalivaç),leshnje,hamlet,19.8305857,40.4008731
008,Kudhës,kudhes,village,19.8175565,40.1028683
008,Dorëz,dorez,village,19.8287634,40.3823617
008,Radhimë,radhime,village,19.4950193,40.3699401
008,Cerrilë,cerrile,village,19.9885914,40.3686233
008,Kaparjel,kaparjel,village,19.9466246,40.1465111
008,Lekdush,lekdush,village,19.9637872,40.2241224
008,Mazhar-Lapardhë,mazhar-lapardhe,village,19.567091,40.3724767
008,Taroninë,taronine,village,20.0109146,40.1256046
008,Mallkeq,mallkeq,village,19.6876914,40.424609
008,Ballaj,ballaj,village,19.9821807,40.3765862
008,Gjilek,gjilek,village,19.6314496,40.1554706
008,Amanikaj,amanikaj,village,19.9258977,40.3908255
008,Ramicë,ramice,village,19.6993092,40.3085253
008,Dhëmblan,dhemblan,village,19.8532556,40.345686
008,Bashaj,bashaj,village,19.7440677,40.3141037
008,Qazim Pali,qazim pali,village,19.855221,40.0478302
008,Dukaj,dukaj,village,19.9531645,40.3219251
008,Shkallë-Mavrovë,shkalle-mavrove,village,19.6417062,40.3959636
008,Tosk-Martalloz,tosk-martalloz,village,20.0051578,40.3906985
008,Kalasë,kalase,village,19.9568963,40.0148694
008,Zhapokikë,zhapokike,village,19.9623269,40.3936814
008,Qeparo,qeparo,village,19.8303928,40.0549728
008,Matogjin,matogjin,village,19.7291572,40.3088791
008,Mavrovë,mavrove,village,19.5909969,40.4069203
008,Vasjar,vasjar,village,19.9387627,40.3692321
008,Salari,salari,village,19.898779,40.321985
008,Ploçë,ploce,village,19.7080169,40.3755507
008,Sevastër,sevaster,village,19.729713,40.395821
008,Dhërmi,dhermi,village,19.6414118,40.151199
008,Orikum,orikum,town,19.4748818,40.3268432
008,Mesaplik,mesaplik,village,19.7154955,40.2619514
008,Lukovë,lukove,village,19.9135183,39.9927221
008,Vodicë,vodice,village,19.574715,40.4171917
008,Borsh,borsh,village,19.8576784,40.0614485
008,Vranisht,vranisht,village,19.6899506,40.2122393
008,Pilur,pilur,village,19.775484,40.1307939
008,Sinanaj,sinanaj,village,19.8430721,40.3679179
008,Sasaj,sasaj,village,19.9107725,40.0119542
008,Kolonjë,kolonje,village,20.0127973,40.1626421
008,Rexhin,rexhin,village,19.8960831,40.2359855
008,Lapardhë,lapardhe,village,19.5614893,40.3905778
008,Zhulat,zhulat,village,19.9857385,40.1202406
008,Qesarat,qesarat,village,19.8843789,40.3897661
008,Vunoi,vunoi,village,19.694886,40.140635
008,Koshtan,koshtan,village,19.9066183,40.4089394
008,Malas,malas,village,19.7228052,40.3182408
008,Nivicë-Bubar,nivice-bubar,village,19.9685054,39.9477473
008,Nivicë,nivice,village,19.8916488,40.2403318
008,Amonicë,amonice,village,19.6807972,40.4000462
008,Fushë Vërri,fushe verri,village,20.0016368,40.0019949
008,Luftinjë e Sipërme,luftinje e siperme,village,19.9664094,40.4134417
008,Anëvjosë,anevjose,village,19.85371,40.39608
008,Vermik,vermik,village,19.7897141,40.2969003
008,Gusmar,gusmar,village,19.8888993,40.22309
008,Velçë,velce,village,19.6793971,40.3273422
008,Kallëmb,kallemb,village,19.9956297,40.3469959
008,Golem,golem,village,19.9350131,40.1716881
008,Progonat,progonat,village,19.9468958,40.2154824
008,Mazhar-Sevaster,mazhar-sevaster,village,19.7585577,40.3932835
008,Kalivaç,kalivac,village,19.8102861,40.4100091
008,Fushë Kastriot,fushe kastriot,village,20.3602372,41.721148
008,Çorogunj,corogunj,village,20.1197802,40.3811189
008,Xibrakë,xibrake,village,19.9221819,41.0233957
008,Vilëz,vilez,village,19.9539456,41.4543451
008,Drobonik,drobonik,village,19.9573415,40.6780176
008,Toshkëz,toshkez,village,19.7515305,40.8428766
008,Ziklaraj,ziklaraj,village,19.6097348,41.2206659
008,Mgullë,mgulle,village,20.2156766,42.1009393
008,Selane,selane,village,20.4139203,41.6461558
008,Stan (Dukas),stan,hamlet,19.7162899,40.6138144
008,Merhojë,merhoje,village,19.8845717,40.9318408
008,Krinë,krine,village,20.2022053,40.1003669
008,Barbas,barbas,village,19.9163361,41.2789948
008,Vokopolë,vokopole,village,19.8254494,40.7605517
008,Çermë e Sipërme,cerme e siperme,village,19.6368281,41.0517517
008,Berisha e Sipërme,berisha e siperme,village,19.9379088,42.2132786
008,Bëtosh,betosh,village,19.9691911,42.3085848
008,Baikaj,baikaj,village,20.0382867,39.9508997
008,Dragua-Bulqizë,dragua-bulqize,village,20.258379,41.522191
008,Dërmenas,dermenas,village,19.4942104,40.7454366
008,Qukës Shkumbin,qukes shkumbin,village,20.457561,41.0925585
008,Fregen,fregen,village,19.7670488,41.856842
008,Perondi,perondi,village,19.9222363,40.7791212
008,Rapckë,rapcke,village,20.2727727,40.263487
008,Shëngjin,shengjin,village,20.0061771,41.1665808
008,Mali Hebej,mali hebej,village,19.4985007,42.0100211
008,Papaj,papaj,village,20.1601283,42.4336799
008,Zbarqje,zbarqje,village,19.6616958,41.2372643
008,Halilaj,halilaj,village,19.6346069,40.8029541
008,Shkretë,shkrete,village,19.8340304,41.5496873
008,Shëngjergj,shengjergj,village,19.8583945,41.8836824
008,Koxhas,koxhas,village,19.5798932,41.3539022
008,Gjyrale,gjyrale,village,19.9734057,40.9610267
008,Theth,theth,village,19.7750573,42.3946562
008,Koprenckë,koprencke,village,20.3102559,40.449988
008,Xibrakë,xibrake,village,19.7863825,41.007358
008,Vrith,vrith,village,19.8366093,41.948478
008,Selitë,selite,village,19.753212,41.6221541
008,Armen,armen,village,19.6000331,40.5355861
008,Qafë Murrë,qafe murre,village,20.2036661,41.6316579
008,Izvor,izvor,village,19.9584942,40.4461072
008,Goranxi,goranxi,village,20.1907367,40.018033
008,Synej,synej,village,19.5461306,41.1748033
008,Qereshnik,qereshnik,village,20.0099816,40.7601744
008,Shmil,shmil,village,20.1639809,41.238692
008,Hajmel,hajmel,village,19.6365789,41.960863
008,Pakisht,pakisht,village,20.5685743,42.0523515
008,Konispol,konispol,town,20.1830111,39.6595303
008,Pasinkë,pasinke,village,20.4870322,41.4688386
008,Godurovë,godurove,village,19.8513182,40.5189309
008,Kërpicë,kerpice,village,20.205468,40.7445267
008,Berzan,berzan,village,19.7349428,41.7127128
008,Gramsh,gramsh,town,20.1864495,40.8654273
008,Ura e Shtrenjtë,ura e shtrenjte,village,19.6555952,42.1452185
008,Peshtan,peshtan,village,20.5364734,40.235114
008,Markat,markat,village,20.1970184,39.7330163
008,Klos,klos,town,20.0850706,41.5072297
008,Hoxharë,hoxhare,village,19.4785705,40.749332
008,Koçaj,kocaj,village,20.1988438,40.8564849
008,Shtrezë,shtreze,hamlet,19.9205805,41.7060393
008,Rinia,rinia,village,19.4434289,41.3963611
008,Vllaho-Psilloterë,vllaho-psillotere,village,20.5622555,40.0878984
008,Xibrakë,xibrake,village,20.2073552,41.1676942
008,Hot,hot,village,19.4458318,42.3640833
008,Grecë,grece,village,19.7427919,41.1794631
008,Barç,barc,village,20.3132901,40.6193836
008,Gjynoqarë,gjynoqare,village,19.7114427,40.6682334
008,Thumanë,thumane,village,19.678866,41.5480809
008,Kodër-Gështenjë,koder-geshtenje,village,20.4047396,41.8384909
008,Shemberdhenj,shemberdhenj,village,20.2269245,40.7595147
008,Terzë,terze,village,20.5028612,41.825211
008,Kashisht,kashisht,village,20.0299502,40.3554847
008,Kamiçan,kamican,village,20.2884373,40.9743317
008,Vrith,vrith,village,19.5422191,42.3314444
008,Darshen,darshen,village,19.9838396,41.2912037
008,Gjogovicë,gjogovice,village,20.3415733,40.5839713
008,Sheq-Musalalaj (Ada),sheq-musalalaj,hamlet,19.537877,40.6134768
008,Koç-Sheshaj,koc-sheshaj,village,19.7061003,41.1062174
008,Gjegjan,gjegjan,village,20.4805036,42.0884377
008,Zdojan,zdojan,village,20.3797589,41.6879927
008,Ngraçan,ngracan,village,19.7962679,40.646106
008,Kamunah,kamunah,village,19.9996244,40.9121989
008,Skore,skore,village,20.3677016,40.107879
008,Peqinaj,peqinaj,village,19.4843482,41.1442945
008,Drenovicë,drenovice,village,19.7670824,40.7913826
008,Paulesh,paulesh,village,19.8771104,41.0735039
008,Lëvoshë,levoshe,village,19.944158,42.1940517
008,Fajzë,fajze,village,20.3427484,42.1667837
008,Vurg i Ri,vurg i ri,village,20.0726918,39.8044165
008,Tërnovë e Vogël,ternove e vogel,village,20.3827184,41.4273553
008,Havaleas,havaleas,village,19.508145,40.8493577
008,Holtas,holtas,village,20.3312195,40.9235413
008,Kallmet i Madh,kallmet i madh,village,19.6858377,41.8505922
008,Likesh,likesh,village,19.5957085,41.32027
008,Sheqez,sheqez,village,19.9674356,40.7926302
008,Pagri,pagri,village,20.3376496,40.3332788
008,Ullishtas,ullishtas,village,19.9738144,41.0584766
008,Naraç,narac,village,19.6345868,41.9797701
008,Kovaç,kovac,village,20.131932,42.4097955
008,Prush,prush,village,19.7371728,41.3149271
008,Suç,suc,village,20.0504498,41.5751431
008,Gorre,gorre,village,19.6359133,40.8589579
008,Buran,buran,village,19.8157828,41.4538416
008,Fang,fang,village,19.7855946,41.724719
008,Novoselë,novosele,village,19.467975,40.6241635
008,Qyrkan,qyrkan,village,20.0104391,40.9623514
008,Zimaj,zimaj,village,19.7276987,41.8814125
008,Riban,riban,village,20.23156,40.3279578
008,Gërdec,gerdec,village,19.6358489,41.409524
008,Sadovicë,sadovice,village,19.8755829,40.6972796
008,Fier i Ri,fier i ri,village,19.7066466,40.8577671
008,Srriqë,srriqe,village,20.163917,42.0420046
008,Borovë,borove,village,20.6523028,40.3119056
008,Fshat Këlcyrë,fshat kelcyre,village,20.1814326,40.311978
008,Ferr-Skuraj,ferr-skuraj,village,19.7705945,41.6860173
008,Beshisht,beshisht,village,19.536007,40.5649762
008,Bllatë e Poshtme,bllate e poshtme,village,20.477637,41.5623971
008,Levan,levan,village,19.9085006,40.472576
008,Librazhd Katund,librazhd katund,village,20.3622287,41.2115445
008,Kërrë,kerre,village,20.2657637,39.8768534
008,Postenan,postenan,village,20.5477724,40.1849666
008,Bënjë,benje,village,20.2457681,40.3566255
008,Zhej,zhej,village,20.2110726,40.2124613
008,Habilaj,habilaj,village,19.6088566,41.1664431
008,Dushnik,dushnik,village,19.9529934,40.7336138
008,Ferras,ferras,village,19.6089439,40.9087359
008,Humelicë,humelice,village,20.0861155,40.1580341
008,Rranxë,rranxe,village,19.5157528,41.9542325
008,Kam,kam,hamlet,20.2487363,42.2558548
008,Petran,petran,village,20.418365,40.2080905
008,Skrofotinë,skrofotine,village,19.4784597,40.5770333
008,Bual,bual,village,20.3040548,40.2532265
008,Trebisht-Mucinë,trebisht-mucine,village,20.5284154,41.404009
008,Starje,starje,village,20.7185983,40.3621492
008,Greshicë,greshice,village,19.7940094,40.5676599
008,Buzgarë,buzgare,village,20.4358871,41.138776
008,Beçisht,becisht,village,20.0469829,40.3032001
008,Tresh,tresh,village,19.6769491,41.7469701
008,Kosovë,kosove,village,20.3745123,40.293026
008,Lliar,lliar,village,20.2196539,40.2089789
008,Delvinë,delvine,village,20.4704258,40.2332668
008,Leskovec,leskovec,village,20.2099919,40.3628815
008,Progër,proger,village,19.742496,41.0703067
008,Boks,boks,village,19.5732783,42.1201973
008,Radovë,radove,village,20.5468502,40.1610208
008,Tërbuq,terbuq,village,20.1224953,40.2119999
008,Kovaçisht,kovacisht,village,20.5095764,40.2409859
008,Gur i Bardhë,gur i bardhe,village,20.0747829,41.4534254
008,Grabovë,grabove,village,20.2365505,40.2833979
008,Spathare,spathare,village,20.1656424,40.5190683
008,Vinë,vine,village,20.2375234,40.8828546
008,Zajs,zajs,village,20.0866955,41.7622995
008,Vlashaj,vlashaj,village,19.6127383,41.3701834
008,Alipostivan,alipostivan,village,20.2994515,40.3259379
008,Fratar,fratar,village,20.264031,40.3501731
008,Shëmhill,shemhill,village,19.9968441,41.1054924
008,Gërdas,gerdas,village,20.2209626,40.3361273
008,Ukbibaj,ukbibaj,village,19.6721431,42.1280273
008,Peshtan,peshtan,village,20.12536,40.290521
008,Psar,psar,village,20.6843312,40.3538751
008,Picallë,picalle,village,19.8093739,41.2780097
008,Lenë,lene,village,20.2231518,41.3986302
008,Gradishtë,gradishte,village,19.5874736,40.8874261
008,Kodër,koder,village,20.065531,40.2747186
008,Murqinë,murqine,village,19.6593303,41.5003238
008,Mërkurth,merkurth,village,20.1345657,41.8117523
008,Gomsiqe,gomsiqe,village,19.7006934,42.0138646
008,Draj-Reç,draj-rec,village,20.3301837,41.8735165
008,Mësiçkë,mesicke,village,20.5808207,40.3540571
008,Limar,limar,village,20.1753912,40.259914
008,Bënçë,bence,village,20.0055563,40.2552635
008,Strestan,strestan,village,20.1628797,41.0043035
008,Beduqas,beduqas,village,20.1846785,40.3300925
008,Lohë e Sipërme,lohe e siperme,village,19.5318478,42.263895
008,Trebël,trebel,village,20.2133953,40.6774375
008,Labovë e Vogël,labove e vogel,village,20.1383312,40.1967212
008,Gjinakar,gjinakar,village,20.4063421,40.1998693
008,Përmet,permet,town,20.3531679,40.2332541
008,Lagjia e Romëve,lagjia e romeve,village,19.5334285,40.7126457
008,Hotovë,hotove,village,20.3567224,40.3017701
008,Kçirë,kcire,village,19.8276788,42.0189443
008,Surroj,surroj,village,20.3392426,41.9878683
008,Malcan,malcan,village,20.2310646,39.8154433
008,Lëngëz,lengez,village,20.6494725,40.3537642
008,Pejkë,pejke,village,20.434399,41.6392983
008,Buzmadh,buzmadh,village,19.6117762,40.5817849
008,Kuqar,kuqar,village,20.2509013,40.3039834
008,Stravaj,stravaj,village,20.420208,41.0000182
008,Lupckë,lupcke,village,20.4099805,40.2841359
008,Çatistë,catiste,village,20.3420394,40.0323229
008,Donofrosë,donofrose,village,19.7877238,40.7464919
008,Seniçan,senican,village,20.270977,40.3259505
008,Lipë,lipe,village,20.3338916,40.2278232
008,Trash,trash,village,19.8464986,41.0326482
008,Damës,dames,village,20.0303492,40.3342955
008,Arst,arst,village,20.1041923,42.2069589
008,Badilonjë,badilonje,village,20.3848481,40.2070007
008,Çahan,cahan,hamlet,20.473661,42.1979476
008,Livadhja,livadhja,village,20.1230606,39.7930073
008,Andon Poçi,andon poci,village,20.1045234,40.1730332
008,Zerqan,zerqan,village,20.3556273,41.5032582
008,Libofshë,libofshe,village,19.554253,40.8333293
008,Topovë,topove,village,20.2612463,40.1855842
008,Gribë,gribe,village,20.3814352,40.8355972
008,Mali Shëngjinit,mali shengjinit,village,19.5828673,41.821487
008,Nivan,nivan,village,20.2919956,40.1817783
008,Varibop,varibop,village,20.244072,40.3188274
008,Shtrazë,shtraze,village,19.624804,41.3376796
008,Peshtan,peshtan,village,20.0635105,40.6635735
008,Kurtez,kurtez,village,20.020042,40.4290607
008,Bizhutë,bizhute,village,19.9618124,41.1181621
008,Kurt,kurt,village,19.5688264,42.1959548
008,Çerem,cerem,village,19.961665,42.4953512
008,Doshnicë,doshnice,village,20.2152646,40.2363162
008,Burimas,burimas,village,20.0799843,41.33287
008,Shtëpëz,shtepez,village,20.069172,40.2158767
008,Kapinovë,kapinove,village,20.3626021,40.5437135
008,Vajkan,vajkan,village,19.601735,40.7953146
008,Kërtushaj,kertushaj,village,19.5926773,41.5351731
008,Shpat,shpat,village,20.3862923,41.8901375
008,Mbrezhan,mbrezhan,village,20.2030338,40.2933572
008,Malëshovë,maleshove,village,20.1886411,40.2665223
008,Frashër,frasher,village,20.4281963,40.3661283
008,Marinas,marinas,village,19.906803,40.9489006
008,Kagjinas,kagjinas,village,20.6146174,40.3131738
008,Prongji,prongji,village,20.033885,40.1175149
008,Marikaj,marikaj,village,19.6277578,41.374682
008,Rajan,rajan,village,20.5520127,40.2791414
008,Sinjë,sinje,village,19.8682853,40.648359
008,Konckë,koncke,village,20.27923,40.1946591
008,Ngurrëz e Vogël,ngurrez e vogel,village,19.6982658,40.8207447
008,Qelza,qelza,village,19.8905259,42.0775717
008,Leskaj,leskaj,village,20.1930526,40.2468779
008,Gdheshtë,gdheshte,village,20.2011961,42.1128654
008,Hundëkuq,hundekuq,village,20.1036092,40.189209
008,Shupenzë,shupenze,village,20.4232675,41.5308882
008,Arrëz,arrez,village,20.6924267,40.2520032
008,Shkëndijë,shkendije,village,19.8843113,40.9987118
008,Xhanari,xhanari,village,20.2317495,40.3718896
008,Kodrishtë,kodrishte,village,20.1294244,40.364512
008,Bodrishtë,bodrishte,village,20.3055035,39.9018818
008,Sanjollas,sanjollas,village,20.5983257,40.2595103
008,Hoshtevë,hoshteve,village,20.2507084,40.2197831
008,Mangull,mangull,village,19.9161224,41.2649532
008,Perisnak,perisnak,village,20.101162,40.7376662
008,Çermë-Shkumbin,cerme-shkumbin,village,19.5774891,41.0493793
008,Luar,luar,village,20.1902946,40.3645973
008,Panarit,panarit,village,20.212738,40.3393922
008,Blerim,blerim,village,20.1846741,42.1656381
008,Fierzë,fierze,village,20.0293587,42.2653096
008,Lipivan-Trebozishtë,lipivan-trebozishte,village,20.4568625,40.2078982
008,Rahullë,rahulle,village,20.0995177,39.8559085
008,Derjan,derjan,village,20.0568539,41.6712933
008,Aranitas,aranitas,village,19.8115022,40.5971123
008,Labovë e Madhe,labove e madhe,village,20.1368326,40.2073931
008,Gurshpatë,gurshpate,village,20.2686936,41.1181034
008,Zall-Xhuxhë,zall-xhuxhe,village,20.1558076,41.9397226
008,Ersekë,erseke,town,20.6810024,40.3384368
008,Nderan,nderan,village,20.2813567,40.1688555
008,Lazarej,lazarej,village,19.8251791,41.0456457
008,Luzat,luzat,village,20.0379474,40.2594665
008,Sarandaporo,sarandaporo,village,20.6382228,40.1003274
008,Kaduç,kaduc,village,20.5314454,40.331297
008,Mërtinjë,mertinje,village,20.2423799,40.3640906
008,Rremull,rremull,village,20.0342983,41.6780001
008,Patos,patos,town,19.6159921,40.6843228
008,Cingar,cingar,village,20.1116428,40.9452165
008,Sang,sang,village,20.1854313,41.963954
008,Novoselë,novosele,village,20.5902153,40.3329921
008,Rreth,rreth,village,19.5563076,41.3309133
008,Bubës 2,bubes 2,village,20.0969834,40.4913981
008,Ulem,ulem,village,19.981009,41.1456603
008,Mezhgoran,mezhgoran,village,20.0949042,40.3195178
008,Barcollë,barcolle,village,19.6945096,42.1049267
008,Gosnisht,gosnisht,village,20.395311,40.3033363
008,Raban,raban,village,20.3132609,40.3410655
008,Durisht,durisht,village,19.8812862,41.2375106
008,Zabërzan i Ri,zaberzan i ri,village,20.2968819,40.4560974
008,Gur,gur,village,19.5385567,40.8983173
008,Qilarisht,qilarisht,village,20.3902957,40.2343755
008,Kodras,kodras,village,20.6470422,40.3327183
008,Hasan,hasan,village,19.7019029,41.4767161
008,Sheper,sheper,village,20.3066922,40.1705502
008,Vinjoll,vinjoll,village,19.8003133,41.6033612
008,Dragot,dragot,village,20.0671656,40.2891998
008,Kocul,kocul,village,19.6557254,40.4844614
008,Menesh,menesh,village,20.2767525,41.7885367
008,Podë,pode,village,20.6147998,40.2393795
008,Kakoz,kakoz,village,20.1556025,40.1651074
008,Zabzun,zabzun,village,20.3991325,41.3427143
008,Kozhnje,kozhnje,village,19.6071183,42.4574109
008,Kutal,kutal,village,20.3419232,40.2521143
008,Qerret,qerret,village,19.5276902,41.2166061
008,Bodar,bodar,village,20.3658623,40.2550413
008,Grevë,greve,village,20.3029629,40.6568337
008,Cingar i Sipërm,cingar i siperm,village,20.1387208,40.9505484
008,Goricë,gorice,village,20.1754954,40.3573779
008,Dheu i Lehtë,dheu i lehte,village,19.6047418,41.9558926
008,Gostivisht,gostivisht,village,20.4684332,40.2999634
008,Kollovoz,kollovoz,village,20.5442141,41.9930755
008,Podgoran,podgoran,village,20.1276101,40.370916
008,Leshnicë e Poshtme,leshnice e poshtme,village,20.2631047,39.8386826
008,Ostren i Madh,ostren i madh,village,20.4576804,41.4307236
008,Shalës,shales,village,20.6470573,40.2475055
008,Katerlis,katerlis,village,20.0820429,40.8354546
008,Glinë,gline,village,20.2909208,39.9724109
008,Piskovë,piskove,village,20.273695,40.2795649
008,Sheq,sheq,village,19.8167223,40.8336576
008,Katundishtë,katundishte,village,20.1522805,40.3342857
008,Bicellë,bicelle,village,20.0567846,41.1715379
008,Argovë,argove,village,20.2436335,40.2719577
008,Bleran,bleran,village,19.540345,42.0845205
008,Taç i Sipërm,tac i siperm,village,20.6703207,40.3221126
008,Vlahen,vlahen,village,20.4543987,42.2382521
008,Hormovë,hormove,village,20.1007506,40.2382185
008,Gjinakarë,gjinakare,village,20.5245051,40.2246845
008,Mustafa Koçaj,mustafa kocaj,village,19.8288303,41.1976849
008,Gjatë,gjate,village,20.1577364,40.1596521
008,Gjalish,gjalish,village,20.0993643,41.6103721
008,Lekël,lekel,village,20.0778995,40.2578578
008,Boçovë,bocove,village,19.4305252,40.6821362
008,Ogdunan,ogdunan,village,20.4446133,40.2335979
008,Bicaj,bicaj,village,20.3956283,40.7601642
008,Prodan,prodan,village,20.6812324,40.3069865
008,Vau Shkezë,vau shkeze,village,19.8226092,41.7859225
008,Tolar,tolar,village,20.2004149,40.3468165
008,Dypjakë,dypjake,village,20.4058763,41.7571117
008,Komar,komar,village,19.9884791,40.4964585
008,Korrë,korre,village,20.0443161,41.2436539
008,Shoshan,shoshan,village,20.0915527,42.3829138
008,Derje,derje,village,20.005291,41.3342871
008,Koritë,korite,village,20.2657596,40.5490309
008,Mbrostar-Ferko,mbrostar-ferko,village,19.5381991,40.7377779
008,Manëz,manez,village,19.5993585,41.4282958
008,Matranxhë,matranxhe,village,20.4212978,41.8637241
008,Palaj-Gushta,palaj-gushta,village,19.8164545,42.1012083
008,Rreth Kale,rreth kale,village,20.343531,41.6926069
008,Sukë,suke,village,20.156391,40.3754812
008,Mjekës,mjekes,village,20.0658862,41.0746533
008,Çepun,cepun,village,20.0893204,40.1432451
008,Besh,besh,village,19.9081817,41.4179602
008,Lybesh,lybesh,village,20.1168939,40.6650389
008,Çiflik,ciflik,village,19.7635374,40.8968332
008,Zambish,zambish,village,19.6509629,41.1367034
008,Bardhoc,bardhoc,village,20.4910776,42.1064353
008,Ushtelencë,ushtelence,village,20.3906809,41.6795475
008,Kosovë,kosove,village,19.8141917,40.8998168
008,Gocaj,gocaj,village,19.6336899,41.8465013
008,Shtodhër,shtodher,village,19.5867646,41.1597621
008,Bogdan i Poshtëm,bogdan i poshtem,village,20.0436045,40.7110337
008,Bishcukas,bishcukas,village,19.5742414,41.0215992
008,Spaç,spac,village,20.0015177,42.1503942
008,Peraj,peraj,village,19.8984305,42.2872807
008,Lubalesh,lubalesh,village,20.4270044,41.47555
008,Vëndreshë Mal,vendreshe mal,village,20.1411508,40.4809986
008,Dajç,dajc,village,19.6021897,41.9142404
008,Frashër,frasher,village,19.9418945,40.8634968
008,Valas,valas,village,19.9478805,41.0463324
008,Bistricë,bistrice,village,20.1339957,39.9180643
008,Arapaj,arapaj,village,19.722074,40.8048417
008,Kodovjat,kodovjat,village,20.2509188,40.8056371
008,Shtuf,shtuf,village,19.8674556,41.9278339
008,Rromanat,rromanat,village,19.5977044,41.2855455
008,Luadhaj,luadhaj,village,19.9341114,40.4451911
008,Shtërmen,shtermen,village,20.0144948,41.0079647
008,Brashtë,brashte,village,19.8229609,42.242939
008,Piskal,piskal,village,20.5178696,40.3134184
008,Rradhesh,rradhesh,village,19.826359,41.4317701
008,Qeshibes,qeshibes,village,20.3615234,40.4105831
008,Muriz-Peqin,muriz-peqin,village,19.8026097,40.9403016
008,Qafë-Mal,qafe-mal,village,20.0905538,42.0900342
008,Shullaz,shullaz,village,19.709098,41.6573918
008,Bunavi,bunavi,village,19.5207222,40.5238783
008,Lishan i Sipërm,lishan i siperm,village,20.3541786,41.6278653
008,Kostenjë,kostenje,village,20.2968687,41.3406058
008,Gralisht (Bugjon),gralisht,hamlet,19.9884495,42.245625
008,Shpatmal,shpatmal,village,20.4049988,40.6826574
008,Zikxhafaj,zikxhafaj,village,19.5693778,41.2124796
008,Plashnik i Madh,plashnik i madh,village,19.9550738,40.5610168
008,Çartalloz,cartalloz,village,19.9836098,40.9531366
008,Stajkë,stajke,village,19.5841142,41.984838
008,Orgjost,orgjost,village,20.5839991,42.0392375
008,Vagalat,vagalat,village,20.1193065,39.7461725
008,Trebisht-Celebi,trebisht-celebi,village,20.5398818,41.4061805
008,Lazarat,lazarat,village,20.1506355,40.0486634
008,Duzhë,duzhe,village,20.1314109,40.842074
008,Lalm-Lukaj,lalm-lukaj,village,19.7085418,41.793945
008,Krotinë,krotine,village,19.7929459,40.7355829
008,Prodan,prodan,village,20.3558196,41.3689863
008,Dragoç,dragoc,village,19.5610856,42.1214047
008,Radanj,radanj,village,20.618247,40.2127422
008,Parret,parret,village,19.8120755,41.1285846
008,Pleshë,pleshe,village,20.1005375,41.5195389
008,Sheq,sheq,village,19.4204532,40.8280827
008,Kotkë,kotke,village,20.2283294,40.729606
008,Sheshaj,sheshaj,village,19.8792968,41.7365256
008,Sllovë,sllove,village,20.4106784,41.8029517
008,Draçovë,dracove,village,20.4893797,40.1283687
008,Bradashesh,bradashesh,village,20.0214812,41.1038965
008,Ivanaj,ivanaj,village,19.4326145,42.2814787
008,Mihajas-Cirmë,mihajas-cirme,village,19.8998713,41.2155991
008,Cerovë,cerove,village,20.132318,40.4893984
008,Plyk,plyk,village,19.5548619,40.6928166
008,Nartë,narte,village,20.2021106,40.8155728
008,Barrë,barre,village,20.2393598,41.9058002
008,Uznovë,uznove,village,19.9788398,40.6957461
008,Kaferr,kaferr,village,20.1689208,40.9719173
008,Erind,erind,village,20.1651031,40.1575391
008,Shëngjin i Vogël,shengjin i vogel,village,19.9452686,41.3714765
008,Mbrakull,mbrakull,village,20.0502827,40.6332058
008,Koçaj,kocaj,village,19.7847606,40.8705334
008,Thartor,thartor,village,19.708443,41.1273884
008,Pogaj,pogaj,hamlet,20.5306464,42.1720696
008,Hadëraj,haderaj,village,19.6937135,40.4439959
008,Pilafë,pilafe,village,20.4120396,41.693759
008,Varibop,varibop,village,19.5773449,40.5978226
008,Çestije,cestije,village,19.8726997,40.9118945
008,Kryevidh,kryevidh,village,19.5326194,41.0907515
008,Veleshnjë,veleshnje,village,19.9302867,40.6324249
008,Garunjë e Paprit,garunje e paprit,village,19.8749731,41.1204723
008,Apripë,apripe,village,19.9440093,42.2602183
008,Gajrep,gajrep,village,20.4527314,42.2128825
008,Kakodhiq,kakodhiq,village,20.1070485,39.9715327
008,Strikçan,strikcan,village,20.4075685,41.4885105
008,Kakrukë,kakruke,village,20.1344971,40.5395701
008,Kodhel,kodhel,village,19.626858,41.898897
008,Drizë,drize,village,19.9490681,40.8378222
008,Vidhas,vidhas,village,19.9842213,41.0721553
008,Renc,renc,village,19.5545269,42.0579927
008,Tropojë,tropoje,village,20.1641348,42.4033485
008,Shesh,shesh,village,19.6679191,41.296473
008,Kurdari,kurdari,village,20.0726673,41.5833296
008,Jagodinë,jagodine,village,19.6804809,40.7644084
008,Cudhi Zall,cudhi zall,village,19.8550252,41.5081912
008,Peshqesh,peshqesh,village,19.960006,41.8630733
008,Sinë e Poshtme,sine e poshtme,village,20.2882596,41.728774
008,Vërçisht,vercisht,village,20.4313989,40.4213628
008,Çepë,cepe,village,19.8654205,40.9456067
008,Visockë,visocke,village,20.3004872,40.477168
008,Stan-Karbunarë,stan-karbunare,village,19.7342535,40.9093445
008,Fushë-Arrëz,fushe-arrez,town,20.0338708,42.0701304
008,Droj,droj,village,19.7006261,41.5716275
008,Zhuk-Grykpishë,zhuk-grykpishe,village,19.3810875,40.6310651
008,Vojnikë,vojnike,village,20.455927,41.5815054
008,Arrëz,arrez,village,20.2919081,41.1764912
008,Dhuvjan,dhuvjan,village,20.1986185,39.9972754
008,Mlik,mlik,village,19.6879889,41.1459345
008,Malas-Gropë,malas-grope,village,19.8134145,40.8148634
008,Jazexhiaj,jazexhiaj,village,19.7391553,41.0059969
008,Kukël,kukel,village,19.5587648,41.9008048
008,Visoçë (Berishë),visoce,hamlet,20.2081541,42.2147523
008,Fitore,fitore,village,19.4559282,40.6320149
008,Shell,shell,village,20.1005472,41.6455569
008,Mollaj,mollaj,village,19.7028949,40.5472463
008,Kuterqar,kuterqar,village,20.0985314,40.9175782
008,Alk,alk,village,19.6046053,41.6705272
008,Garunjë e Vogël,garunje e vogel,village,19.7535242,41.0981218
008,Sermë-Toplan,serme-toplan,village,19.8573937,42.2229445
008,Pobickë,pobicke,village,20.6509414,40.1408686
008,Janjar,janjar,village,20.2604862,39.7044871
008,Ketë,kete,village,20.0117317,41.4840042
008,Muçaj,mucaj,village,19.5418172,40.7680323
008,Kushovë,kushove,village,20.190699,40.789861
008,Malaj i Sipërm,malaj i siperm,village,20.0004238,41.7995514
008,Taroninë,taronine,village,20.1734529,40.4081029
008,Karakullak,karakullak,village,20.0371008,41.1117619
008,Palaj-Gushta,palaj-gushta,village,19.7914232,42.0950011
008,Pezë-Helmës,peze-helmes,village,19.7118638,41.2749022
008,Krastë,kraste,village,20.2034934,41.4232172
008,Dukas,dukas,village,19.6308209,40.6925788
008,Gramëz,gramez,village,19.6512103,41.5238695
008,Resk,resk,village,20.3689421,41.9258547
008,Krej-Lurë,krej-lure,village,20.1774979,41.8349713
008,Pobrat,pobrat,village,20.1441455,41.0407157
008,Vermosh,vermosh,village,19.692481,42.5894916
008,Lanabregas,lanabregas,village,19.9006272,41.3365166
008,Floq,floq,village,20.2990216,40.6047265
008,Kimëz,kimez,village,20.0586255,41.9793002
008,Muholë,muhole,village,20.4166334,41.9718376
008,Janicat,janicat,village,20.2273434,39.8368402
008,Ilnicë,ilnice,village,20.4840878,41.6565127
008,Bregas,bregas,village,19.5345862,40.6605483
008,Gafer,gafer,village,20.3434063,41.0392635
008,Mavrojer,mavrojer,village,20.3421378,40.0559762
008,Zhabjak,zhabjak,village,19.5602222,41.0778621
008,Skrevan,skrevan,village,19.8250009,40.7505737
008,Rrumbullak,rrumbullak,village,19.7630317,41.0238136
008,Zahrisht,zahrisht,village,20.3439668,42.2048535
008,Mumajes,mumajes,village,19.8188466,41.2284465
008,Peladhi,peladhi,village,20.3299646,41.5141915
008,Broshtan,broshtan,village,20.2469366,40.8610057
008,Sukaxhi,sukaxhi,village,19.8164713,41.8862162
008,Arapaj,arapaj,suburb,19.5096812,41.3023312
008,Zelevishdë,zelevishde,village,20.0256365,40.7897647
008,Vreshtas,vreshtas,village,20.0787847,41.0906645
008,Mëshqerrë,meshqerre,village,19.5023858,42.1756342
008,Bradoshnice,bradoshnice,village,20.0479948,42.4316928
008,Zhurje,zhurje,village,19.6103679,41.2510123
008,Mollas,mollas,village,20.2305324,40.538754
008,Shakuj,shakuj,village,19.6463008,40.8724101
008,Qerek,qerek,village,19.7337615,41.4113232
008,Kodër Spaç,koder spac,village,20.0479543,41.8771562
008,Blliçë,bllice,village,20.366067,41.7433551
008,Belsh Qendër,belsh qender,village,19.8927487,40.9833177
008,Zenelaj,zenelaj,village,20.0746192,40.1473115
008,Mëzez,mezez,village,19.7612916,41.3398006
008,Osmënzezë,osmenzeze,village,19.8903466,40.5710146
008,Kolonjë,kolonje,village,19.6048673,40.8254518
008,Meçe,mece,village,19.925447,42.0832612
008,Gostil,gostil,village,20.4203906,42.051635
008,Kërçisht i Poshtëm,kercisht i poshtem,village,20.5056317,41.5864476
008,Xhaxhaj,xhaxhaj,village,19.9133646,40.4579334
008,Shegas,shegas,village,19.8251924,40.9695267
008,Rrëshen,rreshen,town,19.8769608,41.768084
008,Çollak,collak,village,19.6331811,41.1615841
008,Otllak,otllak,village,19.9348885,40.7440491
008,Derregjat,derregjat,village,19.4586047,42.0009614
008,Luzhë,luzhe,village,20.1089875,42.3216447
008,Çlirim,clirim,village,20.0738666,39.9007157
008,Lami i Madh,lami i madh,village,20.0848039,41.7344148
008,Ngraçie,ngracie,village,19.7239969,40.6454059
008,Markatomaj,markatomaj,village,19.6907872,41.7224707
008,Përparim,perparim,village,19.7983997,41.0482843
008,Babot,babot,village,19.401611,42.0570872
008,Kamnik,kamnik,village,20.5896465,40.272903
008,Ardhasovë,ardhasove,village,20.1180268,39.8820642
008,Bruç,bruc,village,20.0083768,41.6951829
008,Ngjeqar,ngjeqar,village,19.7897408,40.6758415
008,Trashovicë,trashovice,village,20.1563082,40.8826411
008,Perlat i Epërm,perlat i eperm,village,19.9804152,41.7556218
008,Psar,psar,village,20.1045674,40.3978969
008,Bodinë,bodine,village,19.8684297,41.156569
008,Pog,pog,village,19.698022,42.2630024
008,Gurrë,gurre,village,19.916105,41.2878987
008,Strenec,strenec,village,20.3439282,40.4162065
008,Sopez,sopez,village,19.6360635,40.9094507
008,Bushnesh,bushnesh,village,19.6615422,41.5590196
008,Kurbnesh Fshat,kurbnesh fshat,village,20.0757065,41.7857045
008,Zall-Reç,zall-rec,village,20.3167699,41.8737149
008,Zgosht,zgosht,village,20.3193355,41.2479237
008,Farkë e Madhe,farke e madhe,village,19.8828021,41.3123875
008,Zhitom i Madh,zhitom i madh,village,19.99378,40.628425
008,Vadhizë,vadhize,village,19.5230699,40.7179528
008,Dush,dush,village,19.80223,42.0411888
008,Kolesjan,kolesjan,village,20.40036,41.9658928
008,Rumanxë,rumanxe,village,20.1246896,39.8590707
008,Bellovë,bellove,village,20.47504,41.6969975
008,Adë,ade,village,19.4968296,40.6185897
008,Plepas,plepas,village,20.0872399,40.8544436
008,Frashtan,frashtan,village,20.2339024,39.9663362
008,Sqepur,sqepur,village,19.8189869,40.7844316
008,Grykesh i Vogël,grykesh i vogel,village,19.8571575,41.0418176
008,Guri i Zi,guri i zi,village,19.5730538,42.04674
008,Perollaj,perollaj,village,20.3392598,42.2426958
008,Vrap,vrap,village,19.7865951,41.147952
008,Zenisht,zenisht,village,20.0265751,41.6280919
008,Qarr,qarr,village,19.4481111,40.6649767
008,Kuratë,kurate,village,20.3728787,40.7912866
008,Ishull Lezhë,ishull lezhe,village,19.6405816,41.7648685
008,Shahinaj,shahinaj,village,19.6063246,41.3330129
008,Krekëz,krekez,village,19.9938822,40.7871365
008,Buz,buz,village,20.0048975,40.442424
008,Polis-Kalë,polis-kale,village,20.2197474,41.1544311
008,Paqë,paqe,village,20.1000771,42.3638503
008,Vakumonë,vakumone,village,20.0599582,41.2720369
008,Gradec,gradec,village,20.270883,40.5296839
008,Kuraten,kuraten,village,19.5715069,41.5029729
008,Katund i Ri,katund i ri,village,19.7307164,41.577701
008,Deshat,deshat,village,20.4151365,41.7120192
008,Thanë,thane,village,20.0060061,41.0349924
008,Dhoksat,dhoksat,village,20.1841939,40.1224322
008,Kodër-Vorë,koder-vore,village,19.660102,41.3839146
008,Vërtop,vertop,village,20.0517912,40.63844
008,Gjazë,gjaze,village,19.7040663,40.8404373
008,Lejthiza,lejthiza,village,19.8959814,42.0513636
008,Pistë,piste,village,20.2080201,42.131453
008,Dovolan,dovolan,village,20.4486541,41.6208274
008,Dragot-Dumre,dragot-dumre,village,19.8967036,40.8778741
008,Gjadër,gjader,village,19.5908646,41.8805267
008,Gjeç Kodër,gjec koder,village,19.6781901,41.4202598
008,Polovinë,polovine,village,19.9254746,40.8273494
008,Zhamë Fshat,zhame fshat,village,19.6603061,41.0453167
008,Qebik,qebik,village,20.1680397,42.1847703
008,Bllatë,bllate,village,20.0678465,42.3410982
008,Vanë,vane,village,20.023395,39.9317227
008,Okshatinë,okshatine,village,20.4285568,41.5637751
008,Novaj,novaj,village,20.1464933,40.5935616
008,Menik,menik,village,20.4854572,41.1320276
008,Piraj,piraj,village,19.6509363,41.8637671
008,Galush,galush,village,19.8231393,41.1098921
008,Velinaj,velinaj,village,19.4156921,42.0216754
008,Krongj,krongj,village,20.1736259,39.9138008
008,Bushkash,bushkash,village,19.9157225,41.6682981
008,Velmish,velmish,village,19.7622694,40.7480131
008,Zamsh,zamsh,village,20.2988657,40.8261316
008,Domgjon,domgjon,village,20.1576423,41.9638402
008,Karreç,karrec,village,19.6124661,41.3809157
008,Toshkëz,toshkez,village,20.1552238,40.4483613
008,Bizhdan,bizhdan,village,20.1476684,40.9632876
008,Lekaj,lekaj,village,19.8078379,42.3269575
008,Pinar,pinar,village,19.8281046,41.4087383
008,Sevran i Madh,sevran i madh,village,20.2899813,40.3696903
008,Karbunarë e Poshtme,karbunare e poshtme,village,19.7189076,40.9192948
008,Arrameras,arrameras,village,19.7226447,41.4629319
008,Adriatik,adriatik,village,19.6105143,41.5896561
008,Babicë e Vogël,babice e vogel,village,19.5025898,40.4987213
008,Shënllesh,shenllesh,village,20.3385718,41.8285771
008,Funarëz,funarez,village,20.2908609,41.2654517
008,Plet,plet,village,19.814392,41.9828141
008,Bago,bago,village,19.5021184,41.1623233
008,Zhapokikë,zhapokike,village,19.9723662,40.5168199
008,Drenovë,drenove,village,19.7010235,40.6005834
008,Pulaj,pulaj,village,19.3884709,41.8781768
008,Cernalevë,cernaleve,village,20.5504513,42.0270733
008,Gravë,grave,village,20.1711355,39.7898858
008,Orzhanovë,orzhanove,village,20.4475182,41.4195589
008,Kutë,kute,village,19.7676025,40.4735959
008,Kukuçovë,kukucove,village,20.0845805,40.8754735
008,Tale 1,tale 1,village,19.6102794,41.6815933
008,Bogovë,bogove,village,20.1465409,40.5707974
008,Sericë,serice,village,20.1830079,41.1862564
008,Shtoj i Ri,shtoj i ri,village,19.507052,42.1045651
008,Zogaj,zogaj,village,20.2929313,42.2944387
008,Rozaverë,rozavere,village,20.0054503,41.2285565
008,Shulbatër,shulbater,village,20.0523667,41.5470022
008,Gjokalli,gjokalli,village,19.4574603,40.7740269
008,Skëndërbegas,skenderbegas,village,20.2393121,40.7772493
008,Kodër Rrëshen,koder rreshen,village,19.8959849,41.7734517
008,Ujëmirë,ujemire,village,20.4836022,41.8293437
008,Kalemaj (Buz),kalemaj,hamlet,20.0171426,40.4475148
008,Preçë e Sipërme,prece e siperme,village,20.0746634,41.1920091
008,Kamicë-Flakë,kamice-flake,village,19.3795184,42.2301277
008,Lugë-Shalqizë,luge-shalqize,village,19.8831178,41.1936511
008,Sharova,sharova,village,20.221031,40.4966887
008,Grizë,grize,village,19.6019564,40.6995661
008,Halil,halil,village,19.7721098,41.4661486
008,Gjegjë,gjegje,village,20.4317458,41.8760489
008,Kukej,kukej,village,20.3692963,41.7336267
008,Ujëmirë,ujemire,village,20.1341224,40.3873621
008,Kurtalli,kurtalli,village,19.9739679,40.9799576
008,Shtish-Tufinë,shtish-tufine,village,19.8717187,41.367124
008,Çinar,cinar,village,19.7990952,40.863147
008,Kryezi,kryezi,village,19.6289017,41.2186216
008,Shtanë,shtane,village,20.2692503,42.0998912
008,Muhurr,muhurr,village,20.3084187,41.6583857
008,Lapulec,lapulec,village,19.7373071,40.6288454
008,Shytaj,shytaj,village,19.9256733,41.2482247
008,Konisbaltë,konisbalte,village,19.8579589,40.7478099
008,Tërbuf,terbuf,village,19.6157407,41.0399551
008,Xeth,xeth,village,20.1564789,42.1284817
008,Curraj i Poshtem,curraj i poshtem,village,19.9421176,42.3018695
008,Qafë Dardhë,qafe dardhe,village,20.0331024,39.9778714
008,Dushaj,dushaj,village,20.3043024,41.5364945
008,Havaleas,havaleas,village,19.4771188,40.7371507
008,Ungrej,ungrej,village,19.7888639,41.8656742
008,Katundas,katundas,village,20.0149229,40.8508675
008,Gracen,gracen,village,19.9667291,41.1526634
008,Trush,trush,village,19.4848403,41.9790121
008,Palçi,palci,village,19.898662,42.2585186
008,Lagja e Re,lagja e re,village,19.6387754,41.2662525
008,German,german,village,19.9609952,41.5900392
008,Eskaj,eskaj,village,19.6615454,40.8222636
008,Mafsheq,mafsheq,village,19.8039441,41.5546117
008,Grykë Orosh,gryke orosh,village,20.0799676,41.8530732
008,Kodër-Leshaj,koder-leshaj,village,20.2886224,41.7435664
008,Arrëz e Madhe,arrez e madhe,village,20.0581101,40.3854516
008,Shushicë Vogël,shushice vogel,village,20.089039,40.9630356
008,Nicaj-Shalë,nicaj-shale,village,19.8036637,42.2988283
008,Taç i Poshtëm,tac i poshtem,village,20.6484036,40.3276348
008,Nikollarë,nikollare,village,20.398361,40.4459212
008,Ballagat,ballagat,village,19.7756136,40.9968041
008,Buhot,buhot,village,19.9277692,42.0611595
008,Gallatë,gallate,village,19.7817985,41.6410476
008,Mesarak (Armen),mesarak,hamlet,19.5916051,40.5496396
008,Gllavë e Vogël,gllave e vogel,village,19.9429336,40.4631706
008,Gurakuq,gurakuq,village,20.1859461,41.2915384
008,Derviçan,dervican,village,20.1763036,40.032992
008,Gosë e Vogël,gose e vogel,village,19.627068,41.0773227
008,Vodëz e Sipërme,vodez e siperme,village,19.9880564,40.7666098
008,Lekaj,lekaj,village,19.7639606,40.9554719
008,Nënshat,nenshat,village,19.6472561,41.9327173
008,Shtrezë,shtreze,village,20.5449131,41.9816547
008,Kalcat,kalcat,village,20.144814,39.8148826
008,Radovesh,radovesh,village,20.4711026,41.4466409
008,Ninësh,ninesh,village,19.8412788,40.5040716
008,Sotire,sotire,village,20.1943227,40.7688542
008,Shënkoll,shenkoll,village,19.6526054,41.6910576
008,Jollë,jolle,village,20.4478947,40.900643
008,Shkallë,shkalle,village,20.1230052,39.6896862
008,Bel,bel,village,20.0476955,41.5053008
008,Veleshnjë,veleshnje,village,20.1861247,40.482003
008,Shemrizë,shemrize,village,20.1780295,40.8236084
008,Perlat Qendër,perlat qender,village,19.9680688,41.7309241
008,Biovizhdë,biovizhde,village,20.5375569,40.0988284
008,Labinot Fushë,labinot fushe,village,20.1618355,41.1479733
008,Bratosh,bratosh,village,19.4888442,42.3367537
008,Pezë e Madhe,peze e madhe,village,19.6934416,41.2178664
008,Gjerbës,gjerbes,village,20.2548538,40.6312389
008,Rrerës,rreres,village,19.6449988,40.6712099
008,Dukagjin i Ri,dukagjin i ri,village,19.636388,41.5539761
008,Ujmisht,ujmisht,village,20.3426425,41.90437
008,Arrth,arrth,village,20.1997207,41.7637668
008,Nezhan,nezhan,village,20.2263198,40.9769016
008,Pjetroshan,pjetroshan,village,19.4431291,42.2460026
008,Selbë,selbe,village,19.976679,41.2890453
008,Terrovë,terrove,village,20.1887716,40.717599
008,Baltëz,baltez,village,19.5322775,40.7545194
008,Dom,dom,village,20.0159809,41.9334686
008,Pobreg,pobreg,village,20.4695008,42.0761197
008,Pollozhan,pollozhan,village,20.4180819,41.6832507
008,Kreshpan,kreshpan,village,19.5895077,40.6263722
008,Topojan,topojan,village,20.0401793,40.8934903
008,Selckë,selcke,village,20.2968363,40.1088656
008,Blerimaj,blerimaj,village,19.5336125,41.1539066
008,Samaticë,samatice,village,19.7510392,40.8045879
008,Kurtaj,kurtaj,village,19.6888251,41.0448388
008,Berishë e Vendit,berishe e vendit,village,19.9127953,42.1559773
008,Myç-Has,myc-has,village,20.3598504,42.1058833
008,Pecë,pece,village,20.1719177,39.9363908
008,Gozhdaras,gozhdaras,village,19.5771058,40.861838
008,Lleshaj,lleshaj,village,20.333564,40.9354125
008,Gjobardhaj,gjobardhaj,village,19.7779264,41.9231622
008,Eminas i Vogël,eminas i vogel,village,19.6105174,41.2978983
008,Vodëz,vodez,village,19.9841483,40.7902526
008,Papër,paper,village,19.9565889,41.053038
008,Spathar,spathar,village,19.605046,42.0105835
008,Shkëlzen,shkelzen,village,20.0999116,42.4111088
008,Lalm,lalm,village,19.7367952,41.3016938
008,Kurqelaj,kurqelaj,village,20.0878656,41.5940225
008,Bitaj,bitaj,village,19.5889293,40.8466395
008,Zezë,zeze,village,19.7496389,41.4449577
008,Fierzë,fierze,village,19.7799182,41.7436279
008,Borovjan,borovjan,village,20.4030205,41.7088729
008,Soropull,soropull,village,20.3797018,40.3780971
008,Klos,klos,village,20.0102412,40.9435506
008,Tale 2,tale 2,village,19.5795024,41.6712619
008,Yrshek,yrshek,village,19.7420552,41.3494264
008,Dodovec,dodovec,village,20.0686383,40.4922102
008,Zhymë,zhyme,village,19.6922225,40.8648484
008,Mollkuqe,mollkuqe,village,20.1381351,42.0139546
008,Myç-Mamëz,myc-mamez,village,20.3784082,42.072196
008,Grabian,grabian,village,19.5317789,40.5316983
008,Koshavicë,koshavice,village,20.4499286,41.5982385
008,Dorëz,dorez,village,20.3144537,41.216436
008,Llovinë,llovine,village,20.3614871,39.855806
008,German,german,village,19.6310024,41.1387501
008,Kodras,kodras,village,19.9970392,40.7325127
008,Tharasaj,tharasaj,village,19.6698735,41.0582179
008,Suka-Dajç,suka-dajc,village,19.4184769,41.9706794
008,Bytyç,bytyc,village,20.2426184,42.2455405
008,Akerni,akerni,village,19.4493323,40.6030516
008,Trebisht-Balaj,trebisht-balaj,village,20.5261497,41.4136
008,Greshicë e Re,greshice e re,village,19.7852035,40.5550164
008,Dardhë,dardhe,village,20.365804,41.1370814
008,Shtrungaj,shtrungaj,village,20.0656925,41.8827795
008,Bicaj,bicaj,village,19.8022681,41.0694301
008,Mes,mes,village,19.570953,42.1051471
008,Lashovë,lashove,village,20.5756421,40.1986285
008,Metoq,metoq,village,20.0341368,39.8721064
008,Bershë,bershe,village,20.0876041,41.5412065
008,Ibrollarë,ibrollare,village,20.0943303,40.5578358
008,Tërvol,tervol,village,20.2299869,40.9055793
008,Trojes,trojes,village,19.9619795,41.7559862
008,Metallaj,metallaj,village,19.6103872,41.3470783
008,Vinokash,vinokash,village,20.1593713,40.4436713
008,Petresh,petresh,village,20.0041537,41.1124151
008,Arrëz,arrez,village,19.8733465,42.1414056
008,Stërmas,stermas,village,19.8455191,41.2730118
008,Val,val,village,20.160727,41.4025433
008,Babunjë,babunje,village,19.5482194,40.8826906
008,Bilaj,bilaj,village,19.684588,41.4858109
008,Ferr-Shkopet,ferr-shkopet,village,19.7964243,41.7039122
008,Kllogjen,kllogjen,village,19.8484567,42.1614701
008,Qafë-Draj,qafe-draj,village,20.3220104,41.8934835
008,Valesh,valesh,village,20.1508277,40.9797389
008,Repisht,repisht,village,19.5779969,42.244209
008,Çorrotat,corrotat,village,20.2818284,40.6933411
008,Lifaj i Ri,lifaj i ri,village,19.7492978,40.8818657
008,Gomsiqe,gomsiqe,village,19.7894446,41.9761582
008,Nimçë,nimce,village,20.5135969,42.0142076
008,Selishtë,selishte,village,20.2735541,41.6273457
008,Vreshtas,vreshtas,village,19.6381053,40.5976607
008,Nepravishtë,nepravishte,village,20.2750133,40.006048
008,Slanicë,slanice,village,19.7996262,40.743245
008,Lamollë,lamolle,village,20.1645099,41.1790569
008,Vukatanë,vukatane,village,19.5478103,42.0261156
008,Mujaj,mujaj,village,20.4474533,42.1852034
008,Valikardhë,valikardhe,village,20.3322358,41.5011273
008,Rreth Libofshë,rreth libofshe,village,19.5651694,40.8070541
008,Sojnik,sojnik,village,20.3550335,40.8229523
008,Kodër Mulliri,koder mulliri,village,19.6495537,41.7999024
008,Golemaj,golemaj,village,20.0503288,40.4419738
008,Jagodinë,jagodine,village,20.0283171,41.0626828
008,Vajush,vajush,village,19.5179625,42.2082686
008,Shumicë-Ahmataj,shumice-ahmataj,village,20.1412748,42.3921256
008,Vishaj,vishaj,village,19.8143148,41.2624691
008,Krushovë,krushove,village,20.3760253,40.5596949
008,Daullas,daullas,village,19.5578449,40.7515374
008,Lalëz,lalez,village,19.5690431,41.5306216
008,Fshat,fshat,village,20.4469883,41.9036945
008,Demollarë (Vlashuk),demollare,hamlet,19.8796932,40.8609502
008,Brest i Sipërm,brest i siperm,village,20.3775165,41.720378
008,Seferan,seferan,village,19.8839389,40.9577816
008,Gjokaj,gjokaj,village,19.6806872,41.3560912
008,Levan,levan,village,19.8556674,40.6206191
008,Biçakaj i Vjetër,bicakaj i vjeter,village,19.7539733,40.8690531
008,Duzhnëza,duzhneza,village,19.9117984,42.1058209
008,Shëmri,shemri,village,20.2310625,42.0983637
008,Boçovë,bocove,village,20.4230557,41.5415987
008,Shkozë,shkoze,village,19.8557586,40.9817404
008,Kakavijë,kakavije,village,20.358378,39.9084407
008,Picar,picar,village,19.6680522,41.3738635
008,Dardhë,dardhe,village,20.1187982,40.7413981
008,Dushk i Madh,dushk i madh,village,19.6697711,40.9954001
008,Kulumri,kulumri,village,20.1693694,42.1425227
008,Lëkurtaj,lekurtaj,village,20.0298586,42.3143775
008,Halo,halo,village,20.0927433,39.8293282
008,Topojan,topojan,village,20.424982,41.5859176
008,Cfir,cfir,village,19.8182891,40.6344077
008,Polis,polis,village,20.2493584,41.1285122
008,Shëngjin,shengjin,village,20.1798148,41.9225645
008,Pajovë,pajove,village,19.8318855,41.0672975
008,Bërdicë e Sipërme,berdice e siperme,village,19.5029209,42.031477
008,Rukaj,rukaj,village,20.0149134,41.6796557
008,Kurjan,kurjan,village,19.7555786,40.7189773
008,Drizë,drize,village,20.1348921,40.9234523
008,Thirrë,thirre,village,20.2256043,42.0044528
008,Pejzë,pejze,village,19.5703727,41.3065964
008,Vagalat,vagalat,village,20.0293476,40.3819105
008,Shilbatër,shilbater,village,20.1124143,41.0236056
008,Plan,plan,village,19.693757,42.2894757
008,Grabockë,grabocke,village,20.4448928,40.4616281
008,Hekal,hekal,village,19.9347908,41.2510516
008,Zgërbonjë,zgerbonje,village,20.0888266,40.5875962
008,Kryekuq,kryekuq,village,19.5403067,40.9254189
008,Luz,luz,village,19.7171865,41.4872645
008,Gurrëz,gurrez,village,19.6374467,41.6610431
008,Hoshtimë,hoshtime,village,19.4874266,40.5419008
008,Tartaj,tartaj,village,20.2875528,41.8105495
008,Jorgucat,jorgucat,village,20.2648206,39.9377538
008,Borovë,borove,village,20.4313181,41.3475152
008,Selcë,selce,village,19.6187814,42.5139145
008,Moglicë,moglice,village,20.3923779,40.7060848
008,Golem,golem,village,19.5223942,41.2434439
008,Shpatanj,shpatanj,village,20.2154602,40.6597002
008,Tunjë e Re,tunje e re,village,20.1164563,40.8338266
008,Vig,vig,village,19.7333538,41.9299842
008,Leshnicë e Sipërme,leshnice e siperme,village,20.2817967,39.8514641
008,Kojavec,kojavec,village,20.4233114,41.4389074
008,Frakull e Vogël,frakull e vogel,village,19.5418316,40.6232444
008,Jançë mal,jance mal,village,20.1200971,40.7804851
008,Vrahogoranxi,vrahogoranxi,village,20.2860991,39.9901324
008,Hinkë,hinke,village,19.7860546,40.8377464
008,Qerret,qerret,village,20.197453,41.2176138
008,Dobraç,dobrac,village,19.5145049,42.0837192
008,Çorr-Velaj,corr-velaj,village,20.2204843,42.2710111
008,Baldushk,baldushk,village,19.8003841,41.2147739
008,Fshat,fshat,village,20.0905894,41.4807454
008,Peshtan i Vogël,peshtan i vogel,village,19.5162458,40.6989925
008,Lenie,lenie,village,20.3896364,40.7652176
008,Rubik,rubik,village,19.7842857,41.7735611
008,Selckë,selcke,village,20.0229543,40.4767494
008,Mengël,mengel,village,20.1188463,41.1202355
008,Dobër,dober,village,19.4461999,42.185773
008,Koçanaj,kocanaj,village,20.0824806,42.3763318
008,Domje e Malit,domje e malit,village,20.0207769,41.3272026
008,Strorë,strore,village,20.1756628,40.5398528
008,Belinë,beline,village,19.6423692,40.7447037
008,Radë,rade,village,19.6002555,41.4091503
008,Palush,palush,village,20.4038422,41.8635583
008,Babrru Shpat,babrru shpat,village,19.8409395,41.3621643
008,Shqath,shqath,village,20.2871007,41.6741465
008,Palokastër,palokaster,village,20.103372,40.1596877
008,Bastar i Mesëm,bastar i mesem,village,19.9658131,41.4376625
008,Plashnik i Vogël,plashnik i vogel,village,19.9218805,40.5663664
008,Mazhaj,mazhaj,village,19.7451304,40.8293839
008,Damarkaj,damarkaj,village,19.6791109,41.1224037
008,Çam,cam,village,20.1956396,42.0818826
008,Dohoshisht,dohoshisht,village,20.4185377,41.6708344
008,Belishovë,belishove,village,19.6940847,40.6209566
008,Çerragë,cerrage,village,19.8135344,40.9159518
008,Balldren i Ri,balldren i ri,village,19.6334201,41.8069015
008,Rreth-Greth,rreth-greth,village,19.4892027,41.0690874
008,Karkanjoz,karkanjoz,village,20.0587782,40.689078
008,Gërmenj i Vogël,germenj i vogel,village,19.5780499,41.012719
008,Shopel,shopel,village,19.9346624,42.1869873
008,Lekbibaj,lekbibaj,village,19.9351599,42.2923799
008,Karahaxh,karahaxh,village,20.0341113,39.909726
008,Vicisht,vicisht,village,20.458815,41.4967129
008,Poliçan,polican,town,20.0989769,40.6122122
008,Mabë,mabe,village,19.5753825,41.9260949
008,Rreth Tapi,rreth tapi,village,19.8743534,40.8061556
008,Mokricë-Zleushë,mokrice-zleushe,village,20.3276938,40.2992792
008,Dopaj,dopaj,village,20.0038965,41.1786596
008,Vau i Dejës,vau i dejes,village,19.6399825,42.0074511
008,Gegaj,gegaj,village,20.1977243,42.4341199
008,Kranë,krane,village,20.0891904,39.8931926
008,Batër e Madhe,bater e madhe,village,19.993775,41.5737683
008,Shelcan,shelcan,village,20.2809934,40.8128861
008,Kaçinar,kacinar,village,19.8994508,41.8921082
008,Vllahinë,vllahine,village,19.6464738,40.4572588
008,Borakë,borake,village,19.5688353,41.3640398
008,Malasej,malasej,village,20.0022408,41.0190597
008,Ndërlysaj,nderlysaj,village,19.7707498,42.3545224
008,Shijan,shijan,village,20.4796969,40.3284449
008,Qinam,qinam,village,19.8097722,41.4300576
008,Kakos,kakos,village,20.3481622,40.3974495
008,Karbunarë e Sipërme,karbunare e siperme,village,19.7470159,40.9282928
008,Kaftall,kaftall,village,19.7686687,41.9452335
008,Fushë-Milot,fushe-milot,village,19.6820981,41.674735
008,Llakatund,llakatund,village,19.5251319,40.5357975
008,Hotesh,hotesh,village,20.4012982,41.6320281
008,Spathar,spathar,village,20.331068,41.1583125
008,Vukaj,vukaj,village,19.7427035,42.0889108
008,Zerec,zerec,village,20.3485724,40.7046194
008,Luz i Vogël,luz i vogel,village,19.5736017,41.1273876
008,Lugas,lugas,village,19.9634757,40.5792957
008,Vasjan,vasjan,village,20.2570083,41.0554852
008,Plezhë,plezhe,village,19.5517814,41.9686763
008,Zapod,zapod,village,20.5514901,42.05087
008,Çiflik,ciflik,village,20.1151102,39.6840063
008,Tërbaç,terbac,village,20.4792476,41.4886495
008,Gjerbës,gjerbes,village,19.8349792,40.5638384
008,Lubinjë,lubinje,village,20.1394321,40.8582682
008,Manati,manati,village,19.6725363,41.7615249
008,Polizhan,polizhan,village,19.8173698,40.8031806
008,Moglicë,moglice,village,20.3844387,41.3897125
008,Domen,domen,village,19.6010945,42.1303005
008,Kllojkë,kllojke,village,20.021138,41.2694217
008,Cerrujë,cerruje,village,20.1319523,41.5337233
008,Seman,seman,village,19.4722481,40.7798128
008,Simon,simon,village,20.2643988,40.7204485
008,Jezull,jezull,village,19.817449,41.7445468
008,Zall-Kalis,zall-kalis,village,20.3680625,41.8097043
008,Kanikol,kanikol,village,20.4869973,40.1390669
008,Griqan i Sipërm,griqan i siperm,village,20.1372171,41.1625409
008,Dobresh,dobresh,village,19.8783842,41.2566698
008,Barç mal,barc mal,village,20.3299915,40.61288
008,Verbas,verbas,village,19.6184212,40.7040092
008,Sukth i Ri,sukth i ri,village,19.5494052,41.366756
008,Gështenjë,geshtenje,village,20.3847198,41.8230621
008,Gradec,gradec,village,20.4470295,41.608949
008,Ceren,ceren,village,20.4562625,41.8312206
008,Xibresh,xibresh,village,20.1970213,40.979793
008,Bzhetë,bzhete,village,19.5550787,42.3129332
008,Brar,brar,village,19.8674645,41.3945481
008,Veterrik,veterrik,village,19.9107209,40.7376211
008,Thanë,thane,village,19.8154652,40.8679221
008,Kodrasej,kodrasej,village,19.6997465,41.090501
008,Domaj-Has,domaj-has,village,20.492589,42.1377152
008,Rexhepaj,rexhepaj,village,19.7142802,40.4714699
008,Staravec,staravec,village,20.4404343,41.697015
008,Cakran i Ri,cakran i ri,village,19.6271344,40.6031566
008,Mollas,mollas,village,20.0041545,40.9235576
008,Karpen,karpen,village,19.4878762,41.177426
008,Malinat,malinat,village,20.0360748,40.613159
008,Bishqem,bishqem,village,19.8672447,41.0699913
008,Porav,porav,village,20.0592581,42.2393651
008,Brenogë,brenoge,village,20.3097045,42.1559805
008,Aliko,aliko,village,20.0767629,39.8609165
008,Tërnove e Madhe,ternove e madhe,village,20.3579897,41.4414802
008,Hasturkas,hasturkas,village,19.4702977,40.8456721
008,Gurrë,gurre,village,20.4490861,41.0736951
008,Blinisht,blinisht,village,19.6366548,41.882065
008,Balldren,balldren,village,20.0029983,41.0882003
008,Kaç,kac,village,19.6205554,41.9750274
008,Viçidol,vicidol,village,20.1776697,42.3851379
008,Mënik,menik,village,19.7051136,41.2966864
008,Mallunxë,mallunxe,village,20.0455147,41.5942986
008,Blinisht,blinisht,village,19.9917891,41.8605522
008,Sinë e Sipërme,sine e siperme,village,20.2436778,41.726704
008,Banjë,banje,village,20.0578729,40.9733187
008,Çerkez-Morinë,cerkez-morine,village,19.7915283,41.4028161
008,Paftal,paftal,village,19.8772174,40.6935215
008,Skilaj,skilaj,village,19.7902779,40.9181029
008,Blinisht,blinisht,village,19.9599213,42.0695625
008,Shkopet,shkopet,village,19.8249237,41.6975637
008,Aliban,aliban,village,19.4622664,40.6081425
008,Bllatë e Sipërme,bllate e siperme,village,20.489507,41.5636281
008,Allkomemaj,allkomemaj,village,19.9073922,40.5065021
008,Qarrishtë,qarrishte,village,20.4291454,41.2639757
008,Klishar,klishar,village,20.3289405,39.857831
008,Torovec,torovec,village,20.3956686,40.6777296
008,Hasdushk,hasdushk,village,19.6869328,41.095328
008,Arrëz,arrez,village,19.8435373,40.8123391
008,Kurtinë,kurtine,village,19.7989128,40.9886789
008,Fshat i Ri,fshat i ri,village,19.4813744,41.9371904
008,T'plan,t'plan,village,20.0875841,42.2847931
008,Dritas,dritas,village,20.061564,39.8225495
008,Klos,klos,village,19.7496094,40.5301285
008,Hotolisht,hotolisht,village,20.3953929,41.1547579
008,Grykë lumë,gryke lume,village,19.596558,41.6857704
008,Ishëm,ishem,village,19.5907219,41.5407581
008,Velçan i Mokrës,velcan i mokres,village,20.4617376,40.9541047
008,Kazije,kazije,village,19.7493254,41.0811328
008,Toplana,toplana,village,19.8825596,42.2109907
008,Leskovik,leskovik,town,20.5990179,40.1524216
008,Petralbë,petralbe,village,20.0786139,41.4591022
008,Vëndreshë e Madhe,vendreshe e madhe,village,20.0806976,40.5421373
008,Dumberas,dumberas,village,20.1687855,40.7856133
008,Malaj Qendër,malaj qender,village,19.9779647,41.7878648
008,Armath,armath,village,19.5624639,41.4657956
008,Topojan,topojan,village,20.2155209,40.379581
008,Reçan,recan,village,20.0192678,41.1244148
008,Benë,bene,village,19.7890455,42.1064462
008,Pezë e Vogël,peze e vogel,village,19.6916745,41.2642679
008,Stavec,stavec,hamlet,20.1621778,41.4364386
008,Kuqar,kuqar,village,19.6643396,40.6891733
008,Skavicë,skavice,village,20.360787,41.9144729
008,Pregj-Lurë,pregj-lure,village,20.2126185,41.8357896
008,Gjinar,gjinar,village,20.2024966,41.0181706
008,Lepushë,lepushe,village,19.7302647,42.5281258
008,Qafmollë,qafmolle,village,19.9763112,41.3587202
008,Cerricë,cerrice,village,20.261769,40.6803165
008,Gojan i Vogël,gojan i vogel,village,20.0061984,41.9558366
008,Aliaj,aliaj,village,20.3154997,41.9709363
008,Shëndre,shendre,village,20.1974345,39.8220443
008,Trepçë,trepce,village,20.4682221,41.641018
008,Hambar,hambar,village,19.5801249,40.5790629
008,Sopot,sopot,village,20.3079958,41.048126
008,Kordhocë,kordhoce,village,20.1708071,40.0574243
008,Shkozet,shkozet,village,19.5729639,41.1004725
008,Bardhas,bardhas,village,19.7360799,41.0351794
008,Ças,cas,village,19.4020388,41.9227035
008,Sgjeç,sgjec,village,20.3364805,42.2901194
008,Shpat,shpat,village,19.8434465,41.2088749
008,Krajkë,krajke,village,20.3680112,41.5173864
008,Çlirim,clirim,village,19.5205048,40.7377882
008,Vreshtas,vreshtas,village,20.3628748,40.8563649
008,Ras i Butë,ras i bute,village,19.7781701,41.8896675
008,Rrashbull,rrashbull,village,19.5106972,41.3223741
008,Pëllumbas,pellumbas,village,20.0192652,40.8184166
008,Papër-Sallak,paper-sallak,village,19.9251569,41.1142175
008,Demiraj,demiraj,village,19.4751039,42.1811321
008,Valbonë,valbone,village,19.8931762,42.4531368
008,Vërri,verri,village,20.093166,41.32832
008,Leshnjë,leshnje,village,20.3177224,40.5406241
008,Verri,verri,village,19.6209221,40.7894164
008,Rinas,rinas,village,19.711172,41.4326216
008,Lajthizë,lajthize,village,20.2003451,41.8804973
008,Grykë Nokë,gryke noke,village,20.2803774,41.7661557
008,Dushk,dushk,village,19.9462497,40.9608107
008,Kardhiq,kardhiq,village,20.0285162,40.1238365
008,Kus,kus,village,19.6878734,41.3287613
008,Osmënzezë e Re,osmenzeze e re,village,19.9007963,40.5575635
008,Ardenicë,ardenice,village,19.6075036,40.8150464
008,Krenzë,krenze,village,20.4732483,42.0442261
008,Poçestë,poceste,village,20.5008039,41.5916787
008,Guri i Bardhë,guri i bardhe,village,19.8310368,40.9516895
008,Kërçukaj,kercukaj,village,19.6140948,41.0963807
008,Qafë Dardhë,qafe dardhe,village,20.1536428,40.7577202
008,Allprenaj,allprenaj,village,19.7166298,40.9713121
008,Shirq,shirq,village,19.4453156,41.9831288
008,Jah Salihi,jah salihi,village,20.1047955,42.3520982
008,Tremul,tremul,village,20.0849958,39.8654747
008,Dukagjin,dukagjin,village,20.0607762,41.6991054
008,Çyçen,cycen,village,19.7483679,40.6233701
008,Bardhaj,bardhaj,village,20.552847,41.1356805
008,Gjakza,gjakza,village,20.1671317,41.9505165
008,Strëmbec,strembec,village,20.4617309,40.1550433
008,Kodras,kodras,village,19.793971,41.055135
008,Shirokë,shiroke,village,19.4575375,42.0590016
008,Radimisht,radimisht,village,20.5687257,40.2615892
008,Livinë,livine,village,20.1337367,39.8927073
008,Fushë Baz,fushe baz,village,19.9590691,41.6306312
008,Marinëz,marinez,village,19.674166,40.7397452
008,Galigat,galigat,village,20.165349,40.9526049
008,Rrushkull,rrushkull,village,19.9093598,41.7297021
008,Erzen Sukth,erzen sukth,village,19.5377627,41.3898987
008,Mazhar,mazhar,village,20.0976384,40.4113411
008,Balëz,balez,village,20.0359239,41.1448914
008,Xhan,xhan,village,19.6490827,42.2506701
008,Calabërzez,calaberzez,village,19.6653808,41.3132486
008,Çepan,cepan,village,20.2625737,40.4220452
008,Remas,remas,village,19.5138054,40.8864742
008,Budull,budull,village,19.669833,41.4500645
008,Bardhaj,bardhaj,village,20.0631661,41.7543443
008,Peshkëpi,peshkepi,village,19.5869751,40.4736386
008,Ndërshen,ndershen,village,20.255703,41.8535701
008,Broje,broje,village,19.5519274,42.4391954
008,Maliq-Opar,maliq-opar,village,20.4432339,40.707144
008,Farkë e Vogël,farke e vogel,village,19.8656854,41.3052899
008,Teman,teman,village,20.0450188,40.5834887
008,Sheq i Madh,sheq i madh,village,19.5788803,40.7346488
008,Kuzhnen,kuzhnen,village,19.9768346,41.9027407
008,Domaj,domaj,village,20.3820018,41.957914
008,Navaricë,navarice,village,20.1458749,39.8767437
008,Zagrad,zagrad,village,20.5001159,41.7020764
008,Kashisht,kashisht,village,19.5405417,40.5984295
008,Sarasel,sarasel,village,20.041176,40.8291642
008,Goricë,gorice,village,20.2273994,39.9756193
008,Banaj,banaj,village,19.838028,40.8260976
008,Bregas,bregas,village,19.6831271,41.0493889
008,Kuç,kuc,village,19.5253434,42.0400004
008,Peraj (Letaj),peraj,hamlet,20.3538672,42.2917046
008,Kakunjë,kakunje,village,19.8570439,41.1615832
008,Vinjoll,vinjoll,village,20.1422215,41.625943
008,Bashkim,bashkim,village,19.4089779,40.6826353
008,Grabovë e Sipërme,grabove e siperme,village,20.409521,40.7935677
008,Rraja e Zezë,rraja e zeze,village,19.7407326,41.7935576
008,Shumbat,shumbat,village,20.3803135,41.7681289
008,Koritëz,koritez,village,19.9917843,40.7819298
008,Shirgjan,shirgjan,village,20.0524727,41.0526616
008,Vorfë,vorfe,village,19.5576166,42.1543639
008,Bajram Curri,bajram curri,town,20.0753026,42.3576482
008,Mner i Sipërm,mner i siperm,village,19.9307292,41.4713535
008,Veseshtë,veseshte,village,20.2628242,40.5135126
008,Frashër,frasher,village,19.6206513,40.7147034
008,Manëz e Re,manez e re,village,19.5825538,41.4396641
008,Zhej,zhej,village,19.7207082,41.5883318
008,Rehovë,rehove,village,20.3121894,40.5988739
008,Kandër,kander,village,20.361373,41.7104474
008,Bujaras,bujaras,village,20.0595384,41.0310461
008,Këllëz,kellez,village,20.1837582,40.1302246
008,Bastar Murriz,bastar murriz,village,19.9953882,41.4267853
008,Fushë Peshtan,fushe peshtan,village,20.0379428,40.6460784
008,Qerret i Vjetër,qerret i vjeter,village,19.7320071,40.8945458
008,Pukë,puke,town,19.9001376,42.0443192
008,Mamëz,mamez,village,20.3696374,42.0533721
008,Grazhdan,grazhdan,village,20.4752603,41.6110796
008,Asim Zeneli,asim zeneli,village,20.1983485,40.0800938
008,Dragot,dragot,village,19.8850711,40.879814
008,Kakarriq,kakarriq,village,19.6090976,41.8551795
008,Palaq,palaq,village,19.659991,41.4316274
008,Goraj,goraj,village,19.9425172,40.8110178
008,Zham Sektor,zham sektor,village,19.6511449,41.0243593
008,Qerret i Vogël,qerret i vogel,village,19.8167112,42.0729072
008,Gri e Re,gri e re,village,20.0395401,42.3254669
008,Stjar,stjar,village,20.0588037,39.932133
008,Bllacë,bllace,village,20.3544688,41.5754171
008,Jaupas,jaupas,village,20.1002796,40.6013656
008,Troshan,troshan,village,19.6764521,41.876659
008,Leshnicë,leshnice,village,20.3704005,40.2122405
008,Arrvend,arrvend,village,19.7668347,41.0994418
008,Shtuf,shtuf,village,19.3852871,42.0205658
008,Kostar,kostar,village,20.1018557,39.9303434
008,Stojan,stojan,village,19.909846,41.6406348
008,Suk e Sipërm,suk e siperm,village,19.7070927,40.7839821
008,Mashan,mashan,village,20.2179681,40.829711
008,Ndërshen,ndershen,village,20.0861819,41.8264323
008,Picar,picar,village,19.579388,40.5218425
008,Manskuri,manskuri,village,19.5604859,41.2857163
008,Pavar,pavar,village,20.1651405,40.4237717
008,Shinavlash,shinavlash,village,20.0931612,40.9793249
008,Nicaj-Shosh,nicaj-shosh,village,19.7490426,42.2391334
008,Dritas,dritas,village,19.7551235,41.4116588
008,Backë,backe,village,20.4008416,40.5076394
008,Biçakaj,bicakaj,village,19.7953417,40.9256844
008,Lajthizë,lajthize,village,20.1470964,42.092518
008,Patok,patok,village,19.6197527,41.6288509
008,Bestrovë,bestrove,village,19.4851742,40.5176011
008,Nezhaj,nezhaj,village,20.3175971,41.7895254
008,Kuturman,kuturman,village,20.2605903,41.2269863
008,Breg-Lum,breg-lum,village,19.7905232,42.3025127
008,Tilaj,tilaj,village,19.557501,41.2445504
008,Paraspuar,paraspuar,village,20.0334118,40.5464628
008,Desar,desar,village,20.0027156,40.9405945
008,Baks-Rrjollë,baks-rrjolle,village,19.46986,41.8591442
008,Topojan,topojan,village,20.5223378,41.9846441
008,Komat,komat,village,20.163333,39.7732047
008,Okshtun i Vogël,okshtun i vogel,village,20.3544999,41.3929939
008,Libohovë,libohove,village,20.2625887,40.0335865
008,Dufshan,dufshan,village,20.1202105,40.8733211
008,Kaçinar,kacinar,village,19.6949146,41.8012625
008,Zgërdhesh,zgerdhesh,village,19.7634937,41.475806
008,Labinot Mal,labinot mal,village,20.1511858,41.1998032
008,Shtoj i Vjetër,shtoj i vjeter,village,19.4967807,42.108851
008,Mashë,mashe,village,20.1610186,42.2449822
008,Pashkashesh,pashkashesh,village,19.9812552,41.236874
008,Dom,dom,village,20.043988,41.5653632
008,Sheq-Marinas,sheq-marinas,village,19.4384576,40.7753381
008,Ermenj,ermenj,village,20.2457236,40.7444223
008,Ndërfushë,nderfushe,village,19.8832999,41.7865616
008,Radomirë,radomire,village,20.4850426,41.8156832
008,Bader,bader,village,19.9673879,40.4492856
008,Preçë e Poshtme,prece e poshtme,village,20.0846587,41.1848276
008,Jubicë,jubice,village,19.3902988,42.2188914
008,Mushqeta,mushqeta,village,19.9473862,41.2160177
008,Lalar,lalar,village,19.5995114,40.6628127
008,Arrëz,arrez,village,20.2720471,41.8844192
008,Hallvaxhias,hallvaxhias,village,19.5791442,40.9828311
008,Gur-Lurë,gur-lure,village,20.2221225,41.7511282
008,Liçaj,licaj,village,19.9511246,40.9989496
008,Karjan,karjan,village,20.1470425,40.1637052
008,Linzë,linze,village,19.8835292,41.3534887
008,Palikesht,palikesht,village,19.915551,40.6936981
008,Murriz Kozar,murriz kozar,village,19.8315916,40.852746
008,Kol-Jakë,kol-jake,village,19.501014,41.8868166
008,Kryemadh,kryemadh,village,20.2911894,42.0895508
008,Bulacë,bulace,village,20.2803787,41.6987006
008,Lavdan,lavdan,village,19.7446689,40.6134731
008,Kajan,kajan,village,19.8935551,40.914097
008,Arshi Lengo,arshi lengo,village,20.1659664,40.0866634
008,Stërberg,sterberg,village,19.5204861,41.1091976
008,Guri i Bardhë,guri i bardhe,village,19.8527982,40.7753841
008,Hasnjok,hasnjok,village,19.8439296,41.1104181
008,Flet,flet,village,20.1384247,42.1164492
008,Qerec-Mulaj,qerec-mulaj,village,19.9269182,42.3567627
008,Lefterhor,lefterhor,village,20.094118,39.9792685
008,Mazhicë,mazhice,village,20.4029983,41.6017783
008,Ujanik,ujanik,village,20.2072264,40.6385058
008,Qukës Skënderbej,qukes skenderbej,village,20.4331827,41.0842083
008,Krajn,krajn,village,19.6708657,41.9134241
008,Lumas,lumas,village,19.9994237,40.8172241
008,Ogren-Kostrec,ogren-kostrec,village,20.4498636,40.3163612
008,Tërbaç,terbac,village,19.9461748,41.1588778
008,Beltojë,beltoje,village,19.5145501,42.0134555
008,Bricë,brice,village,19.8727549,42.2472728
008,Ndroq,ndroq,village,19.6533476,41.2642852
008,Frankth,frankth,village,19.9784838,41.5642274
008,Bubullimë,bubullime,village,19.6484904,40.8135377
008,Çudhi-Kamp,cudhi-kamp,village,19.8697275,41.5160797
008,Guri i Bardhë,guri i bardhe,village,20.0663055,41.9008624
008,Lazrej,lazrej,village,20.2669264,41.7606357
008,Trepsenisht,trepsenisht,village,20.112311,41.0471637
008,Vuksanaj,vuksanaj,village,19.8148762,42.2854822
008,Bërxullë,berxulle,village,19.698787,41.3814098
008,Helmës,helmes,village,20.3959859,40.481245
008,Saver,saver,village,19.6949654,40.9075028
008,Bicaj,bicaj,village,19.9870607,42.0618804
008,Fushë-Mamurras,fushe-mamurras,village,19.6710982,41.5721192
008,Karbunarë,karbunare,village,19.7044797,40.5177297
008,Burim,burim,village,20.4641451,41.5795313
008,Luftinjë,luftinje,village,19.9542141,40.4393917
008,Neshtë,neshte,village,20.2696571,41.3045348
008,Haskovë,haskove,village,20.196955,40.0054302
008,Gosë e Madhe,gose e madhe,village,19.6151888,41.0901051
008,Moravë,morave,village,19.9055254,40.7607362
008,Shegas,shegas,village,19.7016316,40.9887123
008,Samrisht i Sipërm,samrisht i siperm,village,19.3972678,42.0021583
008,Shishtavec,shishtavec,village,20.6059536,41.9796374
008,Kodër,koder,village,20.1235238,39.8208142
008,Tucep,tucep,village,20.5004155,41.4459302
008,Malas,malas,village,19.8403585,40.4859797
008,Dushk,dushk,village,20.1059134,40.9325975
008,Zejmen,zejmen,village,19.6895601,41.7075387
008,Çopanaj,copanaj,village,19.7818871,41.0456117
008,Prekal,prekal,village,19.7229633,42.1780385
008,Shalës,shales,village,20.1618577,39.7143616
008,Shëngjun,shengjun,village,20.1366212,41.4899117
008,Hamil,hamil,village,19.5169421,40.7802655
008,Ostenth,ostenth,village,20.1688732,40.8516599
008,Gëziq,geziq,village,19.9351602,41.8179082
008,Kullë,kulle,village,19.5616737,41.4289663
008,Fshat i Ri,fshat i ri,village,20.1439601,40.3981644
008,Godolesh,godolesh,village,20.0941521,41.1497986
008,Aliaj,aliaj,village,19.4237493,42.2568563
008,Gror,gror,village,19.7564912,41.214083
008,Strafickë,straficke,village,20.3044013,40.6427977
008,Siqecë,siqece,village,19.7144362,40.6833201
008,Borizanë,borizane,village,19.722719,41.5322819
008,Fusharrë,fusharre,village,20.3053328,42.0164235
008,Gurrë e Vogël,gurre e vogel,village,19.8897053,41.2859073
008,Kraj-Reç,kraj-rec,village,20.3163604,41.8440882
008,Selitë,selite,village,20.2197746,40.9619371
008,Bogë,boge,village,19.6437317,42.3971031
008,Surrel,surrel,village,19.9065011,41.3322486
008,Melovë,melove,village,20.2875838,40.5885456
008,Gjegjan,gjegjan,village,20.0106318,41.9326835
008,Bicaj,bicaj,village,20.4105507,41.9933984
008,Dushkarak,dushkarak,village,19.7326792,40.4381476
008,Melan,melan,village,20.4645851,41.6549196
008,Kash,kash,village,19.7393426,40.5809286
008,Linas,linas,village,19.9954934,40.9057783
008,Hllomo,hllomo,village,20.345797,40.06783
008,Hajdaraj,hajdaraj,village,19.514443,41.1422414
008,Çlirim,clirim,village,19.7949456,40.8108518
008,Çelhakaj,celhakaj,village,19.7333422,41.017554
008,Reç,rec,village,19.3669878,41.9144314
008,Vranisht,vranisht,village,20.3776689,42.1728907
008,Kardhikaq,kardhikaq,village,20.1628973,39.9528542
008,Gjoricë e Sipërme,gjorice e siperme,village,20.4450313,41.5287688
008,Vanaj,vanaj,village,19.5585259,40.8436453
008,Kishtë,kishte,village,20.2977998,40.8556464
008,Merqia,merqia,village,19.6547969,41.8115917
008,Hardhishtë,hardhishte,village,19.5888495,41.2993058
008,Pashtraj,pashtraj,village,19.9706175,40.816704
008,Tepelenë,tepelene,town,20.0208733,40.2982258
008,Hajdaran,hajdaran,village,20.0953072,41.0907997
008,Mjedë,mjede,village,19.6148898,42.0017697
008,Buçaj,bucaj,village,20.1667822,42.4262816
008,Gropaj,gropaj,village,19.7305708,41.324897
008,Bishqethem,bishqethem,village,19.6591411,40.8695061
008,Verjon,verjon,village,19.7756907,41.4476772
008,Gurth Spaç,gurth spac,village,20.0666003,41.9145252
008,Rrenz,rrenz,village,20.3881623,41.7536145
008,Qafë,qafe,village,20.0401181,40.9446128
008,Rehovë,rehove,village,20.7074042,40.3328769
008,Mazrek,mazrek,village,19.6717712,41.3539843
008,Mbreshtan,mbreshtan,village,19.8721152,40.7202609
008,Krutje e Sipërm,krutje e siperm,village,19.714831,40.8687937
008,Lumzi,lumzi,village,20.0295736,42.0182086
008,Kolsh,kolsh,village,20.3414408,42.0780138
008,Drithas,drithas,village,19.5258378,40.5459206
008,Katund i Vogël,katund i vogel,village,20.5003812,41.5994293
008,Krahës i Sipërm,krahes i siperm,village,19.8741283,40.4479399
008,Dragostunjë,dragostunje,village,20.3556066,41.1778421
008,Selo,selo,village,20.3433939,39.8467032
008,Helmes,helmes,village,19.6168098,41.2029849
008,Ullinjas,ullinjas,village,19.9728978,40.744285
008,Stravec,stravec,village,19.5894882,40.996237
008,Pentar,pentar,village,19.377914,41.9589622
008,Rrëzë Mali,rreze mali,village,20.1285885,42.3445297
008,Dëllinjë,dellinje,village,19.378231,40.6518616
008,Zall Gjoçaj,zall gjocaj,village,20.1499477,41.7360322
008,Kapaj,kapaj,village,19.8248252,40.5467083
008,Kokrevë,kokreve,village,20.4096917,41.1452339
008,Prull,prull,village,19.7193933,41.7443058
008,Katesh,katesh,village,19.7832111,41.086119
008,Vallas,vallas,village,19.4154018,42.0504863
008,Vrepckë,vrepcke,village,20.606774,40.194933
008,Gjashtë,gjashte,village,20.0216091,39.8758967
008,Patin,patin,village,20.1158494,41.5571692
008,Therepel,therepel,village,20.1282804,40.5262404
008,Çekin,cekin,village,20.1731987,40.8959246
008,Shebë,shebe,village,20.0149909,41.7699372
008,Bodinak,bodinak,village,19.6217726,41.3434543
008,Ballaban,ballaban,village,20.1268374,40.4150096
008,Plangaricë,plangarice,village,19.8977425,41.1554701
008,Vilë,vile,village,19.8267353,42.1436806
008,Përcëllesh,percellesh,village,19.9449583,41.2874122
008,Melcu,melcu,village,20.2312699,41.4372694
008,Mërtish,mertish,village,19.6207851,40.8940185
008,Mazhë e Vogël,mazhe e vogel,village,19.6287683,41.483555
008,Kthellë e Sipërme,kthelle e siperme,village,20.0537264,41.8116629
008,Sherishtë,sherishte,village,19.5438799,40.4607959
008,Gjurë-Reç,gjure-rec,village,20.2669262,41.8711928
008,Pashtresh,pashtresh,village,20.2147291,41.008595
008,Zagorë,zagore,village,19.5025912,42.2837693
008,Gurazezë,gurazeze,village,20.2961397,40.6908962
008,Nb. Hadaj,nb hadaj,village,19.4192141,40.8811219
008,Qerret i Madh,qerret i madh,village,19.8378446,42.0515227
008,Breki,breki,village,20.5106519,41.9921711
008,Murrë,murre,village,20.2160646,41.6323419
008,Cakran,cakran,village,19.619923,40.6000415
008,Drino,drino,village,20.2518155,40.0173423
008,Pobrat,pobrat,village,19.7795527,40.7676427
008,Helshan,helshan,village,20.2735081,42.2100723
008,Mishtër,mishter,village,20.0396495,41.5269004
008,Daullas,daullas,village,19.5361376,40.8398363
008,Snosmë,snosme,village,20.3333652,40.8279592
008,Ishull Shëngjin,ishull shengjin,village,19.6230366,41.7686472
008,Gjepalaj,gjepalaj,village,19.5763068,41.333358
008,Kryezjarr,kryezjarr,village,20.0816874,41.0733477
008,Begaj,begaj,village,20.1023107,42.39185
008,Bizë,bize,village,20.1977866,41.3411473
008,Turbohovë,turbohove,village,20.3520461,40.5513667
008,Zhupan,zhupan,village,19.5381822,40.7059996
008,Gjuricaj,gjuricaj,village,19.6065383,41.5161183
008,Shkinak,shkinak,village,20.4616722,41.8903787
008,Dushk Can,dushk can,village,19.5811127,40.9664837
008,Sohodoll,sohodoll,village,20.391785,41.7217227
008,Gjergjan,gjergjan,village,20.0139255,41.0387886
008,Muçaj,mucaj,village,19.6691572,41.3939028
008,Mbjeshovë,mbjeshove,village,19.8458876,40.6742485
008,Ngurrëz e Madhe,ngurrez e madhe,village,19.7094263,40.8325654
008,Lëvrushku,levrushku,village,19.8871844,42.1082398
008,Petkaj,petkaj,village,20.2456746,42.1085501
008,Erëbarë,erebare,village,20.4712156,41.6276185
008,Picar,picar,village,20.0501639,40.1691123
008,Qafshkallë,qafshkalle,village,19.8708246,40.9920064
008,Vodhinë,vodhine,village,20.3219211,39.8924918
008,Kostren i Vogël,kostren i vogel,village,20.0602434,40.7507804
008,Konjat,konjat,village,19.6674562,41.0060448
008,Dardhë,dardhe,village,20.1531206,42.1913381
008,Selimaj,selimaj,village,20.0234685,42.3063418
008,Jermë,jerme,village,20.1058383,39.8388872
008,Gjuras,gjuras,village,20.3608648,41.6066153
008,Metoh,metoh,village,19.834425,40.6351582
008,Sheh,sheh,village,20.2288597,41.1169239
008,Klos,klos,village,20.1548087,41.9273688
008,Benjë-Novoselë,benje-novosele,village,20.4161762,40.2519145
008,Çengelaj,cengelaj,village,19.8484967,41.0499386
008,Bërdicë e Mesme,berdice e mesme,village,19.4897426,42.0259863
008,Vitisht,vitisht,village,20.5081335,40.3303707
008,Madhesh,madhesh,village,19.840329,41.6803019
008,Kasnicë,kasnice,village,19.6156579,40.6394675
008,Gjergjovinë,gjergjovine,village,20.1516826,40.9280305
008,Munellë,munelle,village,20.1123822,41.9447035
008,Bilalas,bilalas,village,19.6012489,41.3873482
008,Bubës 1,bubes 1,village,20.0998896,40.4545445
008,Çikallesh,cikallesh,village,20.1029955,41.0323365
008,Gimaj,gimaj,village,19.7662477,42.3129301
008,Blezënckë,blezencke,village,20.2616401,40.4521111
008,Kamenicë,kamenice,village,19.5366673,40.9126697
008,Fushë-Krujë,fushe-kruje,town,19.7205635,41.4791135
008,Laç Fshat,lac fshat,village,19.709409,41.6230646
008,Treblovë,treblove,village,19.6430488,40.4888475
008,Zall-Dardhë,zall-dardhe,village,20.3374734,41.8062405
008,Vrisera,vrisera,village,20.3451266,39.8954149
008,Floq,floq,village,20.2354375,41.2673934
008,Vukël,vukel,village,19.64735,42.4861958
008,Rrikaj,rrikaj,village,19.5234675,41.1593822
008,Posten,posten,village,20.3143102,40.6608967
008,Martinë,martine,village,19.4079942,40.6705109
008,Pistull,pistull,village,19.5848296,41.9680801
008,Borje,borje,village,20.5866603,42.0142432
008,Sopik,sopik,village,20.1067931,39.7816354
008,Lejcan,lejcan,village,20.4106144,41.4265051
008,Çorrush,corrush,village,19.8005627,40.4439112
008,Jançë,jance,village,20.1159049,40.7898996
008,Peshkëpi e Poshtme,peshkepi e poshtme,village,20.2970179,39.9608149
008,Kuç,kuc,village,19.7980148,40.8396403
008,Benë,bene,village,20.1316954,41.2507003
008,Hot i Ri,hot i ri,village,19.54915,42.1002652
008,Prush,prush,village,20.3215846,42.3052086
008,Isuf Muçaj,isuf mucaj,village,19.8262505,41.2113887
008,Dars,dars,village,20.0704797,41.5006154
008,Peshtan,peshtan,village,19.5101709,40.6794445
008,Kukur,kukur,village,20.3670888,40.8669615
008,Rrethi i Sipërm,rrethi i siperm,village,19.8066317,41.7876976
008,Selckë e Vogël,selcke e vogel,village,20.0526937,40.4840966
008,Cerrujë,cerruje,village,20.0761122,41.2305313
008,Rrapsh-Starja,rrapsh-starja,village,19.4952991,42.3872874
008,Facesh,facesh,village,20.0501031,41.3317698
008,Liqeth,liqeth,village,20.1926862,40.4934388
008,Petovë,petove,village,19.5719232,40.775757
008,Borç,borc,village,19.5626757,41.4190681
008,Barruq,barruq,village,20.3656271,41.8966816
008,Vrenjt,vrenjt,village,20.4255865,41.734247
008,Xherije,xherije,village,19.8880681,41.0279576
008,Zall-Bastar,zall-bastar,village,19.9335283,41.4286235
008,Tomorr,tomorr,village,20.1042639,40.6958835
008,Zhelizhan,zhelizhan,village,19.7559454,40.829254
008,Mushnik,mushnik,village,19.6657204,41.1514842
008,Morinë,morine,village,20.5315089,42.1417725
008,Çetush,cetush,village,20.3988346,41.6707806
008,Drenovë Fushë,drenove fushe,village,19.7133024,40.6083418
008,Mali Kolaj,mali kolaj,village,19.4792368,41.8851855
008,Shënkoll,shenkoll,village,19.8214207,41.1270762
008,Bogdan i Sipërm,bogdan i siperm,village,20.0682005,40.7213325
008,Sulzotaj,sulzotaj,village,19.5231469,41.0385759
008,Iballë,iballe,village,20.0033844,42.1895854
008,Gjonpepaj,gjonpepaj,village,19.9118723,42.2873474
008,Koçaj,kocaj,village,20.2797156,41.5389515
008,Kryegjatë,kryegjate,village,19.4768636,40.717483
008,Zojsi,zojsi,village,19.5766036,41.8889989
008,Tapi,tapi,village,19.8856811,40.794977
008,Tremisht,tremisht,village,20.388632,40.2710598
008,Gjormë,gjorme,village,20.0148309,41.1837656
008,Karmë,karme,village,19.7187925,42.0656776
008,Muhejan,muhejan,village,20.148717,42.4191876
008,Mesopotam,mesopotam,village,20.0932403,39.9105956
008,Zall Shoshaj,zall shoshaj,village,20.0246551,41.5990794
008,Vidhishtë,vidhishte,village,19.6990145,40.7189188
008,Kokël,kokel,village,20.2953585,40.7849932
008,Arrëz,arrez,village,19.9013896,41.9165195
008,Selenicë,selenice,town,19.6377731,40.5311425
008,Maliq Muço (Xhafzotaj),maliq muco,village,19.5229434,41.3316327
008,Shtëpanjë,shtepanje,village,20.0407587,40.986272
008,Kokpapaj,kokpapaj,village,19.5882375,42.2279787
008,Paskuqan,paskuqan,village,19.8161109,41.3612577
008,Melckë,melcke,village,20.4201186,40.4529317
008,Karavasta,karavasta,village,19.4769805,40.8778038
008,Lumbardhë,lumbardhe,village,20.0679834,42.0506785
008,Delbinisht,delbinisht,village,19.7377518,41.6484941
008,Lubonjë,lubonje,village,19.5743868,40.5089779
008,Lukan,lukan,village,20.238804,41.6412569
008,Rabie,rabie,village,19.9431458,40.4828539
008,Babje,babje,village,20.2996884,41.1598886
008,Koshovicë,koshovice,village,20.4081972,39.8184251
008,Bardhas,bardhas,village,20.3708534,40.6948742
008,Momël,momel,village,19.5711065,41.1802139
008,Tozhar,tozhar,village,20.0667195,40.5506907
008,Kyçyk,kycyk,village,20.080389,41.0202441
008,Ashtë,ashte,village,19.5333585,42.0110812
008,Kosharisht,kosharisht,village,20.5663843,42.0469492
008,Vervë,verve,village,20.214814,39.6796608
008,Klenjë,klenje,village,20.4657177,41.3666398
008,Selitë,selite,village,19.8478576,40.550022
008,Ulovë,ulove,village,20.1570229,40.7696113
008,Grykë-Manati,gryke-manati,village,19.6790894,41.7791296
008,Tomorr i Vogël,tomorr i vogel,village,20.0793434,40.6833478
008,Kullaj,kullaj,village,19.5262028,42.1386724
008,Mursi,mursi,village,20.0788201,39.7060254
008,Unjatë,unjate,village,20.0387568,41.5093412
008,Nishicë,nishice,village,20.1881507,40.4714761
008,Lenmushë,lenmushe,village,20.2413391,40.7201437
008,Livadhëz,livadhez,village,19.818439,41.8268755
008,Sllatinë,sllatine,village,20.4135248,41.7855782
008,Zhepë,zhepe,village,20.5109327,40.1191155
008,Fikas,fikas,village,20.0120464,41.0983483
008,Goraj-Budishë,goraj-budishe,village,19.4810773,42.3122881
008,Bërzhitë,berzhite,village,19.9055661,41.24405
008,Zaloshnjë,zaloshnje,village,20.2745901,40.6074238
008,Mbyet,mbyet,village,19.5580921,40.7117219
008,Fushëz,fushez,village,20.264107,40.7865358
008,Vrrin,vrrin,village,20.316049,41.9224196
008,Ragam (Llugaj),ragam,hamlet,20.1211492,42.3504033
008,Shullan,shullan,village,20.4228845,41.8283999
008,Zavalinë,zavaline,village,20.2763222,40.9801844
008,Vuç-Kurtaj,vuc-kurtaj,village,19.5189612,42.3218717
008,Dajt,dajt,village,19.9163588,41.3941837
008,Rromas,rromas,village,20.1924038,40.7045831
008,Barbullinjë,barbullinje,village,19.7699512,40.8801266
008,Sinaballaj,sinaballaj,village,19.6992606,41.070294
008,Breg-Lumë,breg-lume,village,20.4535471,42.0849119
008,Gërnec,gernec,village,19.6705362,40.4441564
008,Tomin,tomin,village,20.4210429,41.6906338
008,Gjorgos,gjorgos,village,19.5794777,40.6557278
008,Llangë,llange,village,20.3694516,41.2990632
008,Suhë,suhe,village,20.2553952,40.0741703
008,Luz i Madh,luz i madh,village,19.5811547,41.1092505
008,Gjeroven,gjeroven,village,19.929791,40.6590632
008,Leqit,leqit,village,19.8410345,41.0790631
008,Metaliaj,metaliaj,village,20.3086679,42.1245716
008,Finiq,finiq,village,20.0575582,39.9057546
008,Smollik,smollik,village,20.3893744,41.4324628
008,Ndërnenas,ndernenas,village,19.4834362,40.8399688
008,Poroçan,porocan,village,20.2902543,40.9360561
008,Baqël,baqel,village,19.6465893,41.8961802
008,Ferras Kozarë,ferras kozare,village,19.8595861,40.8360571
008,Borockë,borocke,village,20.3620725,40.3492538
008,Murras,murras,village,19.930449,41.0733374
008,Mazrek,mazrek,village,19.6640436,42.0842083
008,Kërrnajë,kerrnaje,village,20.1195091,42.4088067
008,Vaqarr,vaqarr,village,19.7415883,41.2995708
008,Kujtim,kujtim,village,20.0568416,41.5664889
008,Rrapëz,rrapez,village,19.6338268,40.8468157
008,Bruz Zall,bruz zall,village,19.8650307,41.4811405
008,Bulshar,bulshar,village,20.0560505,41.8399803
008,Soricë,sorice,village,20.3152541,41.8237744
008,Kreshovë,kreshove,village,20.3505307,40.3811925
008,Lumas,lumas,village,20.0087568,40.9838456
008,Zall-Herr,zall-herr,village,19.8259662,41.3892869
008,Kamçisht,kamcisht,village,19.8884138,40.6791416
008,Mollas,mollas,village,19.7640648,40.9180062
008,Lumëardhe,lumeardhe,village,20.0233434,42.0956704
008,Shpërdhet 1,shperdhet 1,village,19.699134,41.5594919
008,Togëz,togez,village,20.3048463,41.2018863
008,Pepel,pepel,village,20.331612,39.8725945
008,Seferaj,seferaj,village,19.5695383,41.250093
008,Duhanas,duhanas,village,19.9954468,40.7233908
008,Gjuzaj,gjuzaj,village,19.7513901,40.99757
008,Barbullush,barbullush,village,19.5501177,41.9242992
008,Leniq,leniq,village,20.2303442,42.2353736
008,Trevllazër,trevllazer,village,19.5079398,40.5781786
008,Vërnicë,vernice,village,20.5281189,41.4232964
008,Romës,romes,village,19.6816829,40.5595996
008,Vilan,vilan,village,20.2754076,41.0852284
008,Bisak,bisak,village,20.1170695,41.9009625
008,Rrozej,rrozej,village,19.7167997,41.0849413
008,Myselim,myselim,village,19.5628028,42.1005309
008,Radat,radat,village,20.6684257,40.1376172
008,Shkallë,shkalle,village,20.0559889,41.4750759
008,Lavdar,lavdar,village,20.1187638,40.4924578
008,Qerret,qerret,village,20.168481,40.9047707
008,Tenë,tene,village,19.9595356,41.7855984
008,Hamallaj,hamallaj,village,19.550803,41.4743907
008,Delilaj,delilaj,village,20.2036051,40.3803196
008,Shijon,shijon,village,20.0248359,41.1127605
008,Koman,koman,village,19.8115498,42.0953603
008,Mullet,mullet,village,19.8717281,41.2674556
008,Gjon,gjon,village,20.1919059,41.4164239
008,Goriçaj,goricaj,village,19.6418892,40.8835082
008,Derven,derven,village,19.7009648,41.5128916
008,Tejdrin,tejdrin,village,20.3506082,41.9453331
008,Kron i Madh,kron i madh,village,19.7137309,42.0895467
008,Fushë Lurë,fushe lure,village,20.2139593,41.8126281
008,Lukan,lukan,village,20.1537059,41.0519973
008,Reç,rec,village,19.5373425,42.2300803
008,Shkallë,shkalle,village,19.969257,41.3326536
008,Leskovë,leskove,village,20.2957868,40.6709515
008,Bregas,bregas,village,19.5819272,40.9726729
008,Gojan i Madh,gojan i madh,village,19.9995142,41.9791782
008,Bushat,bushat,village,20.3918248,42.010045
008,Cerkovicë,cerkovice,village,20.2059686,39.827801
008,Pjeçë,pjece,village,20.4448096,41.6461042
008,Vjosë,vjose,village,19.5629828,40.6124134
008,Farret,farret,village,20.4401103,41.0191717
008,Radat,radat,village,20.3336132,39.9509672
008,Sharrdushk,sharrdushk,village,19.5049096,41.0996636
008,Cukalat,cukalat,village,19.7899994,40.729537
008,Kodras,kodras,village,20.4309684,40.662977
008,Gjocaj,gjocaj,village,19.7253789,41.024523
008,Baks i Ri,baks i ri,village,19.4194733,41.9186212
008,Zvërnec,zvernec,village,19.4187572,40.5148611
008,Zall Sopot,zall sopot,village,20.388529,41.4974874
008,Adriatik,adriatik,village,19.5009011,40.8164376
008,Grazhdan,grazhdan,village,20.3240955,40.8523171
008,Mali i Rencit,mali i rencit,village,19.5520434,41.8491729
008,Kllobçisht,kllobcisht,village,20.5107125,41.569951
008,Belesovë,belesove,village,20.049439,40.8182505
008,Shelcan,shelcan,village,20.1348013,41.0620914
008,Gjorm,gjorm,village,19.5106667,42.1810135
008,Urë,ure,village,20.1065684,41.312684
008,Krastë,kraste,village,20.3787158,40.5240004
008,Kallm i Vogël,kallm i vogel,village,19.6465483,40.7749572
008,Likmetaj,likmetaj,village,19.5894363,41.5495327
008,Nënshejt,nenshejt,village,20.1163957,41.8678669
008,Mustafaj,mustafaj,village,20.3070852,41.7771263
008,Stanaj,stanaj,village,19.8472557,40.9577561
008,Kuç,kuc,village,19.6441896,41.3354388
008,Velçan,velcan,village,19.8691835,40.5958495
008,Çukas Ri,cukas ri,village,19.7395236,40.8710445
008,Rrape,rrape,village,19.9670054,42.0431972
008,Drinas,drinas,village,20.4032281,42.074093
008,Çernenë,cernene,village,20.4678366,41.585181
008,Rrasë e Poshtme,rrase e poshtme,village,19.8169,40.9620201
008,Shpërdhet 2,shperdhet 2,village,19.6971227,41.5557273
008,Kalush,kalush,village,19.5992087,41.0732333
008,Roshnik,roshnik,village,20.0413734,40.7311372
008,Golem,golem,village,19.6817049,40.9673917
008,Samrisht i Ri,samrisht i ri,village,19.3953841,41.9845868
008,Llugaj,llugaj,village,20.113334,42.3388576
008,Çaush,caush,village,20.0679914,39.8720196
008,Gjoçaj,gjocaj,village,20.0559457,41.7141877
008,Kalenjë,kalenje,village,19.7834626,40.5949555
008,Mirakë,mirake,village,20.2250361,41.1675739
008,Dardhëz,dardhez,village,20.212415,41.9492553
008,Kaludh,kaludh,village,20.4333552,40.173648
008,Fatish,fatish,village,19.7719414,41.049838
008,Zues,zues,village,19.4726158,42.0316793
008,Bënjëz,benjez,village,20.5715766,40.2947702
008,Laç,lac,village,19.9895242,41.7096451
008,Mbers,mbers,village,19.7533094,40.6921001
008,Bratile,bratile,village,20.321991,40.7705167
008,Bukmirë,bukmire,village,19.868848,41.8389148
008,Xhafzotaj,xhafzotaj,village,19.5213803,41.3347649
008,Shelq,shelq,village,20.1914754,40.4077226
008,Letan,letan,village,20.0452945,41.1527436
008,Gjuraj,gjuraj,village,19.6642153,42.2769902
008,Sauqet,sauqet,village,19.6543025,41.298481
008,Rog,rog,village,20.2737736,40.4120327
008,Karavasta e Re,karavasta e re,village,19.4885457,40.8776497
008,Barkanesh,barkanesh,village,19.8114235,41.4767251
008,Lëkunde,lekunde,village,20.0530893,41.7708334
008,Vezhdanisht,vezhdanisht,village,19.6123706,40.4883188
008,Bardhaj-Reç,bardhaj-rec,village,20.3129023,41.8607377
008,Steblevë,stebleve,village,20.4716974,41.336638
008,Dobërçan,dobercan,village,20.3828029,40.7236598
008,Golemas,golemas,village,19.5869864,41.2397174
008,Luadh,luadh,village,20.1981852,40.6541967
008,Nb. papër,nb paper,village,19.9190953,41.1266966
008,Karmë,karme,village,19.7797321,42.0652134
008,Gabricë,gabrice,village,20.3706224,41.9824366
008,Dermish,dermish,village,20.1250061,39.8431488
008,Rabdisht,rabdisht,village,20.4956743,41.6845392
008,Çerven (Kafaraj),cerven,hamlet,19.4782641,40.6397002
008,Oban,oban,village,20.0664809,40.8416025
008,Grapsh,grapsh,village,20.2490729,39.9549251
008,Syzez,syzez,village,19.8201687,40.8235036
008,Nikoliq,nikoliq,village,20.4006516,42.2382871
008,Vesqi,vesqi,village,19.8248392,41.1750169
008,Lis,lis,village,20.0919077,41.6279784
008,Pishë,pishe,village,19.3957982,40.6595448
008,Valth,valth,village,20.3573936,40.7808711
008,Rraja e Velës,rraja e veles,village,19.778952,41.8086914
008,Venisht,venisht,village,20.409875,41.7726538
008,Fushë Buall,fushe buall,village,20.1822354,41.1072422
008,Fushë Lumë,fushe lume,village,20.0828475,42.3478932
008,Parpunjë,parpunje,village,20.0263254,41.3154667
008,Radesh,radesh,village,20.2550814,40.5389203
008,Fshat i Ri,fshat i ri,village,19.6223544,40.728411
008,Shkallë,shkalle,village,19.5705763,41.4505661
008,Gurrë,gurre,village,20.3472438,41.8503998
008,Hurdhë-Muhurr,hurdhe-muhurr,village,20.2940063,41.6792871
008,Kodër Bujaras,koder bujaras,village,20.0483298,41.0116012
008,Zall-Dajt,zall-dajt,village,19.9198528,41.4008385
008,Bregas,bregas,village,20.0344729,40.6889179
008,Qerret i Ri,qerret i ri,village,19.7449456,40.8865854
008,Cikallesh,cikallesh,village,19.6722396,41.1759656
008,Spas,spas,village,20.2485593,42.1578483
008,Popinar,popinar,village,20.4902591,41.6144652
008,Poliçan,polican,village,20.3517736,40.1298038
008,Fierzë,fierze,village,19.8477734,40.9211655
008,Malecaj,malecaj,village,19.5331337,41.874399
008,Spanesh,spanesh,village,19.4948261,41.1081664
008,Rabjak,rabjak,village,20.0456269,40.6749377
008,Gërmenj i Madh,germenj i madh,village,19.5734908,40.991254
008,Ukthi,ukthi,village,19.8477251,42.074115
008,Dojan,dojan,village,20.0806361,42.3463954
008,Homesh,homesh,village,20.4279527,41.5521859
008,Bargullas,bargullas,village,20.131467,40.6088485
008,Sutaj,sutaj,village,20.5779497,41.102025
008,Kotërr,koterr,village,19.6236456,41.9347682
008,Fier Mimar,fier mimar,village,19.8708093,40.8467607
008,Lisnajë,lisnaje,village,19.8094194,41.1007885
008,Oblikë e Sipërme,oblike e siperme,village,19.4307446,42.0441506
008,Dhrovjan,dhrovjan,village,20.2096973,39.8912165
008,Kokërdhok,kokerdhok,village,19.9008895,41.6729096
008,Suk i Poshtëm,suk i poshtem,village,19.723759,40.7764015
008,Bersnik i Poshtëm,bersnik i poshtem,village,20.2325565,40.8139369
008,Planetë,planete,village,20.0549731,41.8321715
008,Shkallnur,shkallnur,village,19.5174258,41.2892573
008,Kajcë,kajce,village,20.1770602,40.4318201
008,Lleshën,lleshen,village,20.1804578,41.063371
008,Palaj,palaj,village,19.777285,42.2279665
008,Mbreshtan,mbreshtan,village,20.5138894,40.2975472
008,Kallmet,kallmet,village,19.823245,41.4179858
008,Muzhënckë,muzhencke,village,20.3146527,40.4087518
008,Kasharaj,kasharaj,village,19.7365678,40.9469558
008,Orosh,orosh,village,20.0236557,42.1166826
008,Mal Milot,mal milot,village,19.7267063,41.6797396
008,Risili,risili,village,19.5249932,40.5021436
008,Arn i Epërm,arn i eperm,village,20.3047777,41.6405756
008,Marinaj,marinaj,village,20.2528599,41.2395917
008,Mali Kolaj,mali kolaj,village,19.4553218,41.904657
008,Kryemëdhenj,kryemedhenj,village,19.5448892,41.2564278
008,Çorrogjaf,corrogjaf,village,20.0088819,40.5239873
008,Lisaj,lisaj,village,19.8672689,40.9057857
008,Bushat,bushat,village,19.5345484,41.9595458
008,Xhaferaj,xhaferaj,village,20.5170723,41.974166
008,Qesarat,qesarat,village,20.1884719,39.7837205
008,Orshenjë,orshenje,village,20.3735602,41.4065971
008,Mashkullorë,mashkullore,village,20.088061,40.1179099
008,Irmanj,irmanj,village,20.0858466,40.8633443
008,Gjashë,gjashe,village,19.6569486,41.790153
008,Pendavinj,pendavinj,village,20.8342063,40.7042412
008,Vendreshe,vendreshe,village,20.1500553,40.5030653
008,Senishtë,senishte,village,20.4279173,40.9821593
008,Sebisht,sebisht,village,20.406773,41.3849184
008,Guci e Re,guci e re,village,19.512597,42.1240663
008,Vlad,vlad,village,20.1918096,42.3172806
008,Fravesh,fravesh,village,20.0064701,41.2544156
008,Gurrë e Vogël,gurre e vogel,village,19.9920522,41.5334114
008,Seman i Ri,seman i ri,village,19.4984579,40.7888085
008,Kullollas,kullollas,village,20.2880317,40.762492
008,Tarazh,tarazh,village,19.9100959,41.7533857
008,Vleshë,vleshe,village,20.4251736,41.8080014
008,Pëllumbar,pellumbar,village,20.4807786,40.1476853
008,Branesh,branesh,village,20.0658049,41.1853311
008,Lohë e Poshtme,lohe e poshtme,village,19.4903903,42.2193784
008,Krrabë,krrabe,village,19.9709578,41.2167605
008,Polenë,polene,village,20.2801011,40.492262
008,Kraps,kraps,village,19.5713281,40.6801174
008,Fllakë,fllake,village,19.4955861,41.3737624
008,Tejmollë,tejmolle,village,20.2271041,41.879882
008,Golem i Vogël,golem i vogel,village,19.6874886,40.9760575
008,Borie-Lurë,borie-lure,village,20.2236379,41.7922899
008,Muriqan,muriqan,village,20.0011712,41.0497859
008,Ferraj,ferraj,village,19.8555967,41.3835613
008,Remanicë,remanice,village,19.9196758,40.7276885
008,Shkozë,shkoze,village,19.9907145,41.9985844
008,Pusi i Thatë,pusi i thate,village,20.3973646,42.1208624
008,Shmiçan,shmican,village,20.43712,41.7108438
008,Visok,visok,village,19.6898174,40.6437513
008,Drizaj,drizaj,village,19.9025441,40.9335898
008,Vilë-Ballaj,vile-ballaj,village,19.5119371,41.0556431
008,Skrevan,skrevan,village,19.8279828,40.7409801
008,Cacabezë,cacabeze,village,19.8608496,41.1460937
008,Bugjon,bugjon,village,19.9884223,42.233002
008,Curraj i Epërm,curraj i eperm,village,19.9062257,42.3468535
008,Sopot,sopot,village,20.0887624,39.9914065
008,Fushë Bulqizë,fushe bulqize,village,20.2819272,41.5220116
008,Gradec,gradec,village,20.217202,40.6495276
008,Kalor,kalor,village,19.8360875,41.8644258
008,Havaleas,havaleas,village,19.8947088,40.8355593
008,Zavalan,zavalan,village,20.4743983,40.3570376
008,Pajun,pajun,village,19.9352504,41.0922586
008,Bërdicë e Madhe,berdice e madhe,village,19.4822319,42.0145395
008,Tetaj,tetaj,village,19.957188,42.2771109
008,Pinet,pinet,village,19.6443853,41.2813263
008,Kodër Çere,koder cere,village,19.9698813,41.616301
008,Pirre,pirre,village,19.6449108,40.8420419
008,Noje,noje,village,19.8183904,41.5249536
008,Lgjin,lgjin,village,19.9665531,41.8406449
008,Guri i Zi,guri i zi,village,20.2957616,41.7663672
008,Tudan,tudan,village,20.0834838,41.0609043
008,Pecaj,pecaj,village,19.8224265,42.2955004
008,Kabash,kabash,village,20.6228561,40.3395083
008,Gjergjovë,gjergjove,village,20.3426776,40.4734096
008,Manasufaj,manasufaj,village,19.7622556,41.0036119
008,Armiraj,armiraj,village,20.198138,42.0232389
008,Mamurras,mamurras,village,19.6977065,41.5793387
008,Romës,romes,village,19.6685638,40.521874
008,Maqellarë,maqellare,village,20.4863759,41.5889687
008,Dokaj (Luftinjë e Sipërme),dokaj,hamlet,19.9724357,40.4455788
008,Orenjë,orenje,village,20.2093087,41.2843288
008,Vanistër,vanister,village,20.1913257,40.0099182
008,Dushar,dushar,village,20.3768986,40.6656959
008,Lekaj,lekaj,village,19.6117968,41.1152488
008,Çiflik,ciflik,village,19.8598449,40.779644
008,Canakaj,canakaj,village,19.7795072,40.9789674
008,Dajç,dajc,village,19.4137319,41.9943332
008,Degë,dege,village,20.1301131,42.2662536
008,Llazat,llazat,village,20.1481324,39.807147
008,Dejë-Macukull,deje-macukull,village,20.122323,41.6743924
008,Kremanar,kremanar,village,19.7804184,40.5205541
008,Mazrek,mazrek,village,20.0793912,40.9355823
008,Rilë,rile,village,19.645915,41.7251369
008,Uruçaj,urucaj,village,19.7988383,41.0412399
008,Malagji-Kajvalli,malagji-kajvalli,village,19.8077255,42.1817387
008,Kam Fshat,kam fshat,village,20.237816,42.262361
008,Ninat,ninat,village,20.2058886,39.728215
008,Bejnë,bejne,village,20.1230561,41.5077669
008,Sulaj,sulaj,village,19.5075725,40.7608261
008,Bregas,bregas,village,20.1914758,40.8009928
008,Ujë,uje,hamlet,19.8810681,41.7125578
008,Rodenj,rodenj,village,20.1661356,40.4042611
008,Shtëmaj,shtemaj,village,20.0044808,41.1402081
008,Kastrat,kastrat,village,19.4877015,42.3521934
008,Maknor-Çaush,maknor-caush,village,19.6976467,41.2397647
008,Dhorës,dhores,village,20.2690913,40.4683322
008,Marglliç,margllic,village,19.661585,40.6763104
008,Kodër-Thumanë,koder-thumane,village,19.6700355,41.5408474
008,Lusen,lusen,village,20.4043285,41.9089316
008,Arrmollë,arrmolle,village,20.2350056,41.8577934
008,Jeronisht,jeronisht,village,20.2576367,40.9598862
008,Priskë e Madhe,priske e madhe,village,19.9259094,41.3214144
008,Gremsh,gremsh,village,20.316354,40.5843625
008,Ballsh,ballsh,town,19.7360208,40.5993375
008,Rrasë,rrase,village,19.98241,41.9006264
008,Osmanaj,osmanaj,village,20.3993027,41.9804824
008,Grevë,greve,village,20.4574505,41.6647223
008,Riban,riban,village,19.78215,40.6536448
008,Rrenas,rrenas,village,19.9671809,40.9397358
008,Sopik,sopik,village,20.4108863,40.0890566
008,Agonas,agonas,village,19.5415191,41.2167142
008,Goriçan,gorican,village,19.7814212,40.8208851
008,Hasmashaj,hasmashaj,village,19.7120696,41.0324754
008,Reç i Ri,rec i ri,village,19.3933193,41.9089081
008,Letaj,letaj,village,20.3804285,42.2799754
008,Muzinë,muzine,village,20.2063805,39.9318542
008,Sofraçan,sofracan,village,20.4002864,41.5196117
008,Povelçë,povelce,village,19.4208117,40.7305146
008,Gjerë,gjere,village,20.2940623,40.9055141
008,Kashnjet,kashnjet,village,19.8139007,41.9033948
008,Shënavlash,shenavlash,village,19.4817157,41.3495858
008,Bardhaj,bardhaj,village,19.9803378,40.8083261
008,Shushicë,shushice,village,20.1388668,41.1008191
008,Sopot,sopot,village,20.1351077,42.3685157
008,Allgjatë,allgjate,village,19.7049614,41.3178587
008,Midhë,midhe,village,19.9820868,41.5918843
008,Lumth,lumth,village,19.6463421,40.8596961
008,Tapizë,tapize,village,19.7599523,41.4161266
008,Rrasfik,rrasfik,village,19.7600982,41.7225702
008,Fushë Cidhën,fushe cidhen,village,20.3362539,41.7615124
008,Shtith,shtith,village,19.9200797,40.9778212
008,Mali Kakarriq,mali kakarriq,village,19.6177917,41.8399498
008,Katund i Ri,katund i ri,village,19.7374357,41.3541461
008,Vokopolë,vokopole,village,20.0701713,40.5163996
008,Kadiaj,kadiaj,village,19.7021478,40.8948316
008,Tuç,tuc,village,20.0617299,42.0327671
008,Shtiqën,shtiqen,village,20.430684,42.040905
008,Pesjakë,pesjake,village,20.4847234,41.594505
008,Librazhd Qendër,librazhd qender,village,20.339632,41.1981027
008,Sotirë,sotire,village,20.3593432,39.8198499
008,Harizaj,harizaj,village,19.6037944,41.1346212
008,Orizaj,orizaj,village,19.9316547,40.7408253
008,Grabian,grabian,village,19.5816204,40.9536322
008,Mushan,mushan,village,19.4351608,41.9773281
008,Urakë,urake,village,19.9809113,41.6802905
008,Çerrilë e Re,cerrile e re,village,19.8921585,40.5275129
008,Xhyrë,xhyre,village,20.4032208,41.1140727
008,Spiten,spiten,village,19.6893586,41.7358601
008,Çaushaj,caushaj,village,19.7962652,41.06203
008,Dramosh,dramosh,village,19.4229026,42.0467805
008,Baz,baz,village,19.9307855,41.6317778
008,Prishtë,prishte,village,20.2274734,40.4330203
008,Gramsh Fshat,gramsh fshat,village,20.218477,40.8721345
008,Prosek,prosek,village,19.9488109,41.7449255
008,Komarak,komarak,village,20.100194,40.4312613
008,Pajengë,pajenge,village,19.9550718,41.1520566
008,Kir,kir,village,19.7068814,42.2395239
008,Daias,daias,village,19.8920645,41.2799383
008,Peshk,peshk,village,20.1957317,41.405973
008,Këmishtaj,kemishtaj,village,19.6350673,40.8935019
008,Bubq,bubq,village,19.6545539,41.4713963
008,Kumbull,kumbull,village,20.1486978,41.8028422
008,Xhyherinë,xhyherine,village,19.548461,40.4789859
008,Tharkë,tharke,village,20.2927846,41.885713
008,Kosharisht,kosharisht,village,20.3840601,41.2620534
008,Dedaj,dedaj,village,19.5344877,42.2923573
008,Mjull-Bathore,mjull-bathore,village,19.8325529,41.2894844
008,Dobrenj,dobrenj,village,20.2509797,40.7026427
008,Banaj,banaj,village,19.6160712,40.6699952
008,Luf Plan,luf plan,village,19.8353252,41.9851559
008,Mustafë,mustafe,village,20.420832,41.9825942
008,Karroq,karroq,village,20.2618459,39.7473299
008,Cerjan,cerjan,village,20.4824473,41.7134663
008,Ferras,ferras,village,19.4600911,40.6430436
008,Skroskë,skroske,village,20.4839533,41.1025848
008,Labovë e Poshtme,labove e poshtme,village,20.2916646,40.0739547
008,Protoduar,protoduar,village,19.7986504,40.7648633
008,Karthnekë,karthneke,village,19.8388633,41.0187493
008,Sheldi,sheldi,village,19.6124526,42.0380367
008,Kostur,kostur,village,20.2387017,42.2024156
008,Dhivër,dhiver,village,20.1687033,39.8390585
008,Gurrë e Madhe,gurre e madhe,village,20.0240742,41.5360719
008,Metaj,metaj,village,19.527007,40.8285625
008,Mukaj,mukaj,village,20.3793029,40.8152284
008,Shijak,shijak,town,19.5677358,41.3434537
008,Dimal,dimal,town,19.8760275,40.7719945
008,Arrëz e Vogël,arrez e vogel,village,20.056364,40.4211095
008,Bathës,bathes,village,20.0674224,41.0552243
008,Koplik i Sipërm,koplik i siperm,village,19.4650551,42.2235609
008,Krumë,krume,town,20.4162476,42.1958361
008,Bulticë,bultice,village,19.7819576,41.2758403
008,Osoje,osoje,village,20.284688,40.5107054
008,Afrim,afrim,village,19.5414895,40.7283793
008,Kapidanaj,kapidanaj,village,19.6071475,41.5227128
008,Gjorm,gjorm,village,19.7242947,41.6076546
008,Staraveckë,staravecke,village,20.4139305,40.4908201
008,Kishavec,kishavec,village,20.3499689,41.7108187
008,Gjonmë,gjonme,village,20.0275827,41.0453256
008,Valare,valare,village,20.1356087,40.1263336
008,Kurtes,kurtes,village,20.5209424,40.3761566
008,Mbolan,mbolan,village,19.8901638,40.6548981
008,Arrëz,arrez,village,19.6900291,40.8312
008,Milla,milla,village,19.9187925,42.1298297
008,Dukagjin,dukagjin,village,20.2745985,42.1138593
008,Vlashaj,vlashaj,village,20.4055941,41.5316376
008,Gjinuk,gjinuk,village,19.9007907,40.8909494
008,Dritë,drite,village,20.36664,39.8962085
008,Prezë,preze,village,19.6726513,41.430927
008,Kostren i Madh,kostren i madh,village,20.0881709,40.7632376
008,Gramsh,gramsh,village,19.6660984,41.0196737
008,Trun,trun,village,20.1722019,42.1736233
008,Bujan,bujan,village,20.0727365,42.3244219
008,Bamatat,bamatat,village,20.0646498,39.9397724
008,Zogjaj,zogjaj,village,20.3779732,41.5811608
008,Përparim,perparim,village,20.2132185,40.5647119
008,Gostimë,gostime,village,20.2442904,41.1453362
008,Konaj,konaj,village,20.1614091,41.9194652
008,Leusa,leusa,village,20.3560593,40.2189208
008,Grykesh i Madh,grykesh i madh,village,19.8690109,41.0550038
008,Muriqan,muriqan,village,19.400254,42.0156606
008,Ulëz,ulez,village,19.8918946,41.6821908
008,Ruzhdie,ruzhdie,village,19.6992499,40.6756962
008,Stror,stror,village,20.1954411,40.9124043
008,Hebë,hebe,village,20.1739766,41.9882864
008,Rrubjekë,rrubjeke,village,19.5986166,41.3929348
008,Beqaraj,beqaraj,village,20.1207937,40.4685657
008,Muçan,mucan,village,20.0884487,41.0082264
008,Abat,abat,village,19.8101749,42.3121738
008,Qeha,qeha,village,19.905769,41.2521477
008,Potom,potom,village,20.3741283,40.4890982
008,Gungas,gungas,village,19.5633913,40.8776023
008,Gorre,gorre,village,19.6454483,41.6410553
008,Kërkovë,kerkove,village,19.5032401,40.5313232
008,Lugjej,lugjej,village,20.3515905,41.7976921
008,Bularat,bularat,village,20.2937539,39.9069615
008,Zdrajsh Katund,zdrajsh katund,village,20.2520429,41.2826034
008,Tamarë,tamare,village,19.561714,42.4627252
008,Beden,beden,village,19.5318072,41.1295968
008,Kovaçan,kovacan,village,20.3077654,40.6549495
008,Zenelas,zenelas,village,20.2440547,40.7923571
008,Mnelë e Madhe,mnele e madhe,village,19.6936169,41.9611741
008,Orshekë,orsheke,village,20.5609271,42.0129815
008,Lefter Talo,lefter talo,village,20.1015412,39.7912679
008,Ostren i Vogël,ostren i vogel,village,20.496461,41.4306958
008,Anëbreg,anebreg,village,19.8053165,40.4723833
008,Sult,sult,village,20.1023279,40.883013
008,Peshkëpi e Sipërme,peshkepi e siperme,village,20.3131993,39.9670053
008,Çetë,cete,village,19.8189042,40.6885021
008,Gur i Zi,gur i zi,village,20.101221,41.205518
008,Golem,golem,village,19.5246595,42.0919898
008,Pac,pac,village,20.2034059,42.2900815
008,Skuterrë,skuterre,village,19.9917459,41.2315374
008,Plan i Bardhë,plan i bardhe,village,20.1656047,41.4738054
008,Grykë,gryke,village,19.4155289,40.8005087
008,Rashtan,rashtan,village,20.3259025,40.8801918
008,Bulshizë,bulshize,village,19.7868668,41.7620575
008,Sumaj,sumaj,village,20.2067352,41.8707396
008,Shalës,shales,village,20.0722502,40.4646568
008,Mollagjesh,mollagjesh,village,20.0327586,41.2223702
008,Stërbeq,sterbeq,village,19.3968717,42.2081436
008,Shëngjin i Madh,shengjin i madh,village,20.066234,41.3168557
008,Zogas,zogas,village,20.255854,40.488955
008,Kallm i Madh,kallm i madh,village,19.6281056,40.761561
008,Draç,drac,village,19.5119688,41.5565739
008,Cajë,caje,village,20.5234822,41.880765
008,Kajvall,kajvall,village,19.8282306,42.1779211
008,Limjan,limjan,village,20.409826,41.7380893
008,Podgoran Fushë,podgoran fushe,village,20.1083914,40.3658985
008,Zall-Mner,zall-mner,village,19.9125707,41.4504984
008,Bilçë,bilce,village,19.9752579,40.6824899
008,Delisufaj,delisufaj,village,19.7632283,40.8501489
008,Okshtun,okshtun,village,19.6488548,41.126201
008,Kalimash,kalimash,village,20.303802,42.0759243
008,Belistan,belistan,village,19.6661431,40.6381159
008,Tranoshisht,tranoshisht,village,20.2123143,40.1025523
008,Kanaparaj,kanaparaj,village,19.5682247,41.2264721
008,Mimias,mimias,village,20.0243539,40.7126977
008,Shënepremte,shenepremte,village,19.5457236,41.0272906
008,Mërtur,mertur,village,19.9137188,42.2327939
008,Shëngjergji,shengjergji,village,19.9498749,42.2953514
008,Kopaçëz,kopacez,village,20.0378612,39.988993
008,Vajkal,vajkal,village,20.2176506,41.5046834
008,Pojan,pojan,village,19.4677869,40.7305739
008,Gramsh,gramsh,village,19.5696132,41.9045361
008,Maj Gjatë,maj gjate,village,19.9505354,40.8010886
008,Mamël,mamel,village,19.9755561,41.1777797
008,Dush,dush,village,19.7201552,42.0074383
008,Kojel,kojel,village,20.1453897,42.4003631
008,Varosh,varosh,village,19.6559627,41.2451241
008,Batër e Vogël,bater e vogel,village,20.0189884,41.5848435
008,Gjonas,gjonas,village,19.6516967,40.8048379
008,Bulçar,bulcar,village,20.2714414,40.8032259
008,Simon,simon,village,19.9146633,41.8588137
008,Guzaj,guzaj,village,19.5626001,41.3501862
008,Maricaj,maricaj,village,20.0415252,40.3939061
008,Gostimë,gostime,village,20.01037,40.9940549
008,Lotaj,lotaj,village,19.7894539,42.281767
008,Gjonç,gjonc,village,20.6877449,40.2940832
008,Herraj,herraj,village,19.8448971,41.4325403
008,Faqekuq,faqekuq,village,20.4054953,40.5656368
008,Balaj,balaj,village,19.7777462,40.946688
008,Korthpulë,korthpule,village,19.8000768,41.9702905
008,Malbardhë,malbardhe,village,19.71155,41.6671397
008,Çeprat,ceprat,village,19.5264673,40.5092742
008,Lishan i Poshtëm,lishan i poshtem,village,20.3555646,41.6336928
008,Ballgjin,ballgjin,village,20.1922602,41.3084753
008,Llongo,llongo,village,20.3771061,39.835731
008,Mazrek,mazrek,village,20.4212302,40.6095313
008,Vorrozen,vorrozen,village,19.5634312,41.1431628
008,Lapardha e Sipërme,lapardha e siperme,village,19.9537119,40.7808255
008,Dritas,dritas,village,20.1526589,41.2581931
008,Kozmaç,kozmac,village,19.5534174,41.9951243
008,Belë,bele,village,20.5357017,42.0587025
008,Xarë,xare,village,20.0583631,39.7253064
008,Lladomericë,lladomerice,village,20.5010532,41.463709
008,Bejar,bejar,village,19.8259284,40.4915614
008,Bërsnik,bersnik,village,20.1378127,40.7802972
008,Pllanë,pllane,village,19.7002232,41.6981365
008,Vodicë,vodice,village,20.0115573,40.6756025
008,Shakotë,shakote,village,19.6152839,42.172567
008,Gërmenj,germenj,village,20.6741391,40.2244666
008,Vrinë,vrine,village,20.0231691,39.7315264
008,Fullqet,fullqet,village,20.0776761,41.5147469
008,Rehovicë,rehovice,village,20.2101384,40.4536634
008,Gurrëz,gurrez,village,20.1755162,40.8549265
008,Lurth,lurth,village,19.8498196,41.7143631
008,Palaman,palaman,village,20.3712458,41.7935318
008,Çarçovë,carcove,village,20.5435007,40.1183018
008,Griqan i Poshtëm,griqan i poshtem,village,20.1256062,41.1508424
008,Vukpalaj-Bajzë,vukpalaj-bajze,village,19.4307806,42.3171903
008,Ballashej-Pojan,ballashej-pojan,village,19.7309367,41.1919134
008,Vishanj,vishanj,village,20.3234958,40.6229486
008,Drenije,drenije,village,19.7437933,40.6772112
008,Harunas,harunas,village,20.2204712,40.7961004
008,Kalis,kalis,village,20.3606229,41.8373123
008,Kullas,kullas,village,20.4694794,41.8178722
008,Burrishtë,burrishte,village,20.2575704,40.9871489
008,Bzhetë-Makaj,bzhete-makaj,village,19.5958985,42.3284171
008,Selitë e Malit,selite e malit,village,19.9932147,41.3974893
008,Dunckë,duncke,village,20.1995775,40.6875419
008,Sejmenas,sejmenas,village,19.8028548,40.8833877
008,Rostej,rostej,village,19.7243835,41.115728
008,Kishaj,kishaj,village,20.4981729,42.1875136
008,Kropisht,kropisht,village,19.6111933,40.451374
008,Floq,floq,village,19.6256509,40.6172712
008,Dragot-Sulovë,dragot-sulove,village,20.0485982,40.9075366
008,Labovë e Sipëme,labove e sipeme,village,20.3002796,40.069361
008,Domen,domen,village,19.4597566,41.1316866
008,Bishqem Fushë,bishqem fushe,village,19.8540265,41.0615296
008,Kokdodë,kokdode,village,19.9774708,42.246665
008,Liqeni i Kuq,liqeni i kuq,village,20.2866889,42.1800661
008,Pllakë,pllake,village,20.0810494,39.8090734
008,Gjoricë e Poshtme,gjorice e poshtme,village,20.4550291,41.5481722
008,Agim,agim,village,19.5270065,40.8452693
008,Kabash,kabash,village,20.2600097,40.9394682
008,Raboshtë,raboshte,village,19.6631386,41.8346183
008,Shetel,shetel,village,19.6375257,41.3168164
008,Gegë,gege,village,19.9288509,40.8361747
008,Broshkë,broshke,village,19.9167669,41.063031
008,Shelqet,shelqet,village,19.605553,41.9872451
008,Kasaj,kasaj,village,20.1928929,42.4084377
008,Arbanë,arbane,village,19.7938371,41.2664826
008,Skënderaj,skenderaj,village,20.1063934,41.5812591
008,Rrapëz Sektor,rrapez sektor,village,19.6004847,40.8409914
008,Mukje,mukje,village,19.8281477,41.445909
008,Kullaxhi,kullaxhi,village,20.0151871,41.8447402
008,Arras,arras,village,20.3261731,41.7328886
008,Miçan,mican,village,20.3967084,40.4218691
008,Selvias,selvias,village,20.0130477,40.9524463
008,Shargë,sharge,village,19.6680157,41.4055794
008,Galinë,galine,village,19.8711808,40.7028236
008,Lifaj i Vjeter,lifaj i vjeter,village,19.7138931,40.8931867
008,Miçaj,micaj,village,20.0120408,42.0824632
008,Skuraj,skuraj,village,19.795945,41.6891412
008,Mëkat,mekat,village,19.5311139,40.5516412
008,Katund i Ri,katund i ri,village,20.3702887,41.6557814
008,Zhulaj,zhulaj,village,19.8454964,40.4600987
008,Gizavesh,gizavesh,village,20.3341071,41.222639
008,Likomil,likomil,village,20.3567976,39.868694
008,Balibardhë,balibardhe,village,20.0487625,40.7822025
008,Garunjas,garunjas,village,19.7314223,40.987738
008,Plepan,plepan,village,19.4959111,41.9720941
008,Berishë,berishe,village,20.1940583,42.2307863
008,Mifol,mifol,village,19.4878542,40.6073449
008,Vig,vig,village,20.1358236,41.6358499
008,Hekal,hekal,village,19.7361974,40.5626435
008,Velçan,velcan,village,20.4319185,41.1165113
008,Katund i Ri,katund i ri,village,20.1334623,41.8769612
008,Buzahishtë,buzahishte,village,20.4463327,40.9608202
008,Drangaj,drangaj,village,19.7333513,41.0617122
008,Vilzë,vilze,village,19.6283783,42.0955492
008,Xibër-Murriz,xiber-murriz,village,20.0255216,41.4539141
008,Vëndreshë e Vogël,vendreshe e vogel,village,20.134218,40.5117984
008,Cerunjë,cerunje,village,20.151579,40.9147792
008,Lufaj,lufaj,village,20.0418013,41.7155189
008,Karpën,karpen,village,19.5970583,41.3607016
008,Kusarth,kusarth,village,20.0534652,41.1130216
008,Qerret,qerret,village,19.8121153,42.1174732
008,Fikas,fikas,village,19.8896466,41.2649877
008,Ndërfushas,nderfushas,village,20.1975183,41.3913314
008,Fier-Seman,fier-seman,village,19.5757723,40.8847404
008,Mallkuç,mallkuc,village,19.6344972,41.4934283
008,Malqenë,malqene,village,20.3398079,41.9355447
008,Adriatik,adriatik,village,19.4271988,40.9003437
008,Lurë e Vjetër,lure e vjeter,village,20.2225031,41.8093134
008,Maskarth,maskarth,village,20.1803899,41.0079207
008,Qafë Gradë,qafe grade,village,19.547474,42.2399076
008,Sharrë,sharre,village,19.7681827,41.2996695
008,Zhepë,zhepe,village,20.2880788,40.6777302
008,Mbrostar,mbrostar,village,19.5842305,40.7529385
008,Kalivare,kalivare,village,20.0258182,41.9670291
008,Çinamak,cinamak,village,20.3597761,42.0151329
008,Bahutë,bahute,village,20.4371319,41.7230587
008,Gorishovë,gorishove,village,19.6557708,40.5842005
008,Shqiponjë,shqiponje,village,20.4002661,41.010269
008,Bulo,bulo,village,20.2188074,40.0373714
008,Patk-Milot,patk-milot,village,19.5235344,41.0745767
008,Allambrez,allambrez,village,19.8180892,40.7015778
008,Vashaj,vashaj,village,19.7907331,41.0181172
008,Mëzi,mezi,village,20.122754,42.2143907
008,Plani Pates,plani pates,village,20.3505056,42.1969322
008,Fushas,fushas,village,19.7938158,41.2355121
008,Zall Strikçan,zall strikcan,village,20.4083467,41.507412
008,Mujalli,mujalli,village,19.552091,40.7852586
008,Kalaj,kalaj,village,20.3892274,40.8305907
008,Kolç,kolc,village,19.6814491,41.7903239
008,Trojak,trojak,village,20.3884146,41.7930397
008,Vidhas-Hasgjel,vidhas-hasgjel,village,19.8963602,41.0976778
008,Linaj-Egç-Lepurosh,linaj-egc-lepurosh,village,19.5383464,42.1773109
008,Babinë,babine,village,20.1245598,42.3843848
008,Shëngjergj,shengjergj,village,20.1078951,41.3324813
008,Gostenckë,gostencke,village,20.3177199,40.5507009
008,Drizë,drize,village,19.5426097,40.7004174
008,Bizë,bize,village,19.5455782,41.5550637
008,Bushtricë,bushtrice,village,20.395785,41.8843768
008,Sohodoll i Vogël,sohodoll i vogel,village,20.4011497,41.7260407
008,Ahmetaq,ahmetaq,village,19.6941055,41.4597951
008,Molisht,molisht,village,19.9410335,40.5900079
008,Allkaj,allkaj,village,19.7523702,40.8587556
008,Buzhala,buzhala,village,19.8786263,42.1049909
008,Kodër-Lumë,koder-lume,village,20.4538996,42.0673817
008,Kërçisht i Sipërm,kercisht i siperm,village,20.5174768,41.5830447
008,Kamçisht,kamcisht,village,19.9216939,40.4472943
008,Trojas,trojas,village,19.9008832,40.9941601
008,Roshnik i Vogël,roshnik i vogel,village,20.0302192,40.742502
008,Çermë-Proshk,cerme-proshk,village,19.6073939,41.061431
008,Rushkull,rushkull,village,19.3969448,41.980251
008,Breg-Lumi,breg-lumi,village,20.0194175,42.2698709
008,Neohor,neohor,village,20.0784528,39.8506392
008,Barbullej,barbullej,village,20.0506272,41.6561317
008,Panahor,panahor,village,19.7779745,40.6141062
008,Petoq,petoq,village,20.0907516,41.9159631
008,Lolaj,lolaj,village,19.811247,41.0508061
008,Mali i Gjymtit,mali i gjymtit,village,19.3946416,41.9565902
008,Barmash,barmash,village,20.6194257,40.2778166
008,Fitore,fitore,village,20.1070838,39.8673729
008,Prellë,prelle,village,20.0327159,41.6962467
008,Vlosh,vlosh,village,19.7678553,40.6799334
008,Kotorr,kotorr,village,20.1673374,40.9265281
008,Shpërdhezë,shperdheze,village,19.8751545,41.8344505
008,Sallmonaj,sallmonaj,village,19.5482645,41.3527161
008,Ball,ball,village,20.1117393,40.3903432
008,Kozan,kozan,village,20.0120651,41.1443361
008,Mgull,mgull,village,19.6778878,42.2640141
008,Shënkoll,shenkoll,village,19.8730658,41.2392812
008,Zabërzan,zaberzan,village,20.2709742,40.4334327
008,Mucias,mucias,village,19.5195079,40.8974697
008,Picrragë,picrrage,village,19.7574043,41.5350973
008,Gërmec,germec,village,19.8186076,41.583266
008,Mërtiraj,mertiraj,village,19.6764407,40.4796012
008,Lashkizë,lashkize,village,20.2921757,41.8160512
008,Letëm,letem,village,20.3397434,41.2522087
008,Nikç,nikc,village,19.6849629,42.4782497
008,Gopesh,gopesh,village,20.4027992,40.7214222
008,Zhitom i Vogël,zhitom i vogel,village,19.972634,40.6490387
008,Shezë e Vogël,sheze e vogel,village,19.7985971,41.0235486
008,Paçram,pacram,village,19.5806685,41.9577077
008,Tershen,tershen,village,20.4520512,41.9745768
008,Memoraq,memoraq,village,20.1413358,39.8524229
008,Begjunec,begjunec,village,20.4476552,41.6804617
008,Kafaraj,kafaraj,village,19.5117088,40.6364502
008,Tunjë,tunje,village,20.1103508,40.832883
008,Lugar,lugar,village,20.2377191,39.9619189
008,Agim,agim,village,19.8066657,40.8420618
008,Lugaxhi,lugaxhi,village,20.1715119,41.2557263
008,Gajtan,gajtan,village,19.5739911,42.0518917
008,Qarr,qarr,village,20.3886707,42.2621153
008,Koçaj - Tavareni,kocaj - tavareni,village,19.8396409,41.1887066
008,Shoshaj,shoshaj,village,20.0324587,41.599485
008,Grabovë e Poshtme,grabove e poshtme,village,20.3656054,40.7734685
008,Munaz,munaz,village,19.7876108,41.7866073
008,Gllavë,gllave,village,19.9653888,40.4893239
008,Polis i Vogël,polis i vogel,village,20.1782331,41.1367329
008,Margegaj,margegaj,village,20.0746945,42.3717548
008,Fag,fag,village,20.0255276,41.2963732
008,Vërzhezhë,verzhezhe,village,20.2091498,40.5256142
008,Sheqishtë,sheqishte,village,19.6262733,40.7230359
008,Kameras,kameras,village,19.5935151,41.4192908
008,Pralisht,pralisht,village,20.3746342,41.8472125
008,Fushë Muhurr,fushe muhurr,village,20.3196593,41.6897341
008,Bujqës,bujqes,village,20.0407007,41.0732159
008,Qesorat,qesorat,village,20.2004334,40.1181463
008,Bulçesh,bulcesh,village,19.894508,41.4348009
008,Drenovë,drenove,village,20.079341,40.6637846
008,Lis-Patros,lis-patros,village,19.6508301,41.2075177
008,Bardhoc i Ri,bardhoc i ri,village,20.5025527,42.1154741
008,Brezhdan,brezhdan,village,20.3830634,41.684403
008,Hardhias,hardhias,village,19.8320573,40.9330117
008,Balldren,balldren,village,19.6377892,41.8211888
008,Velagosht,velagosht,village,19.9700378,40.8369957
008,Divjakë,divjake,town,19.533122,40.9956207
008,Berisha e Vogël,berisha e vogel,village,19.9090254,42.1735143
008,Koshavicë,koshavice,village,20.3914802,41.5657277
008,Nishovë,nishove,village,20.1361744,40.6053676
008,Dragush,dragush,village,19.5916802,41.9383756
008,Salc Kozarë,salc kozare,village,19.8617466,40.841024
008,Leshnjë,leshnje,village,20.6634532,40.2667866
008,Brajlat,brajlat,village,20.1164816,39.9203182
008,Dritë,drite,village,19.9806959,41.6473543
008,Luar,luar,village,19.7001593,40.7011799
008,Bersnik i Sipërm,bersnik i siperm,village,20.2350268,40.8275274
008,Kuzhnen,kuzhnen,village,19.941339,41.9040574
008,Babicë e Madhe,babice e madhe,village,19.5206627,40.4837279
008,Bozanxhije,bozanxhije,village,19.5898495,41.26384
008,Kaçivel,kacivel,village,20.1371269,40.9615324
008,Ndrejaj,ndrejaj,village,19.7908467,42.247738
008,Dermar,dermar,village,20.5216184,40.2788625
008,Priskë e Vogël,priske e vogel,village,19.8480793,41.4150033
008,Sevran i Vogël,sevran i vogel,village,20.2819833,40.3793371
008,Zgjanë,zgjane,village,19.7841293,40.9332603
008,Kryezi,kryezi,village,20.0517203,42.1078592
008,Milot,milot,village,19.7160484,41.683873
008,Nartë,narte,village,19.4561759,40.4978466
008,Arn i Poshtëm,arn i poshtem,village,20.3598404,41.6395691
008,Prevallë,prevalle,village,20.3197034,41.3072279
008,Melgushë,melgushe,village,19.5202776,41.9776861
008,Gurkuq,gurkuq,village,20.3731436,40.6866911
008,Çetë,cete,village,19.5722509,41.1951897
008,Tërpan,terpan,village,20.027173,40.5556645
008,Blerimas,blerimas,village,20.1255164,40.9953731
008,Shkjezë,shkjeze,village,19.5433095,41.9545562
008,Orçikël,orcikel,village,20.5371068,42.0421976
008,Grazhdan,grazhdan,village,20.245842,39.7972281
008,Gjinovec,gjinovec,village,20.5056054,41.3876563
008,Sofratikë,sofratike,village,20.2140208,39.9917663
008,Grekan,grekan,village,20.058393,40.8666767
008,Patalej,patalej,village,19.6709615,41.7891689
008,Zdravë,zdrave,village,19.8867205,40.8534513
008,Karinë,karine,village,19.7164676,41.0630445
008,Drisht,drisht,village,19.6109485,42.1237607
008,Zherkë,zherke,village,20.2221525,42.3197422
008,Pëllumbas,pellumbas,village,19.9560248,41.2440907
008,Rripë,rripe,village,20.0203456,41.5478381
008,Kavaklli,kavaklli,village,19.4719491,40.7932626
008,Vidhan,vidhan,village,20.2524174,40.7302293
008,Fushë Lumth,fushe lumth,village,19.8234753,41.7539516
008,Kallë,kalle,village,20.4229458,41.8163589
008,Iliar-Munushtir,iliar-munushtir,village,20.4993976,40.157736
008,Katund i Ri,katund i ri,village,20.0357605,41.0974971
008,Ibë e Sipërme,ibe e siperme,village,19.9202151,41.2193232
008,Munushtir,munushtir,village,20.1913076,40.5047247
008,Arrën,arren,village,20.2804494,41.9140973
008,Ploshtan,ploshtan,village,20.4551992,41.8439729
008,Mingul,mingul,village,20.1695231,40.1465957
008,Tujan,tujan,village,19.8831566,41.3809484
008,Velabisht,velabisht,village,19.9343516,40.7015325
008,Çukas i Vjetër,cukas i vjeter,village,19.7895487,40.851381
008,Fliballie,fliballie,village,19.7293663,41.102019
008,Gjinaj,gjinaj,village,20.4343329,42.1152995
008,Drashovicë,drashovice,village,19.5822289,40.4472298
008,Zimur,zimur,village,20.4475387,41.7194474
008,Usoje,usoje,village,19.7484578,40.598628
008,Turbull,turbull,village,19.8917317,40.8990583
008,Ballaj,ballaj,village,19.5398908,41.0557809
008,Bardhaj i Ri,bardhaj i ri,village,19.964476,40.6495377
008,Haspiraj,haspiraj,village,19.8401066,41.0987625
008,Miliskë,miliske,village,20.0787836,42.2113697
008,Tregtan,tregtan,village,20.3379979,42.1361256
008,Rusan,rusan,village,20.0750681,39.952846
008,Sopot,sopot,village,20.3896303,41.4941113
008,Selan,selan,village,20.165224,40.5530192
008,Bërzeshtë,berzeshte,village,20.4520906,41.0546816
008,Fishtë,fishte,village,19.6705116,41.8946389
008,Luzaj,luzaj,village,20.0063095,40.8681746
008,Odriçan,odrican,village,20.3283403,40.3511815
008,Jalesh,jalesh,village,19.9804591,41.1023062
008,Salca,salca,village,19.876259,42.2591391
008,Gerbllesh,gerbllesh,village,19.6624303,41.2735894
008,Selixë,selixe,village,19.9214745,41.547203
008,Kamçisht,kamcisht,village,19.6710542,40.8325758
008,Bruz Mal,bruz mal,village,19.8926733,41.4837681
008,Reps,reps,village,20.0254967,41.8658888
008,Cidhën,cidhen,village,20.2665528,41.7529279
008,Floq,floq,village,20.0345602,40.9771613
008,Nënmavriq,nenmavriq,village,19.7786141,42.3044591
008,Valias,valias,village,19.7421358,41.3930776
008,Gërmenj,germenj,village,20.2739517,40.4595378
008,Kashtëbardhë,kashtebardhe,village,19.7449629,40.9005616
008,Kabash,kabash,village,19.9163342,42.0687081
008,Shëmri,shemri,village,19.7553019,41.5673848
008,Porojë,poroje,village,19.397068,40.6302154
008,Rinas,rinas,village,20.164121,41.2882915
008,Terihat,terihat,village,20.2176335,39.9860413
008,Protopapë,protopape,village,20.4566396,40.6649247
008,Rrogozhinë Fshat,rrogozhine fshat,village,19.6397385,41.0651129
008,Poshnjë,poshnje,village,19.8443153,40.7829351
008,Hysgjokaj,hysgjokaj,village,19.790414,40.9746524
008,Mali i Jushit,mali i jushit,village,19.5162687,41.9185058
008,Dushaj,dushaj,village,20.0295507,42.2778322
008,Kulluricë,kullurice,village,20.1048413,39.8090515
008,Macukull,macukull,village,20.1089763,41.6932494
008,Damës,dames,village,19.8107021,40.5253472
008,Kodër Zgjupe,koder zgjupe,village,20.1362767,40.9054609
008,Barbullojë,barbulloje,village,19.629085,41.723633
008,Shpellë,shpelle,village,20.4398167,40.9095819
008,Sinamatë,sinamate,village,19.7291811,41.0866157
008,Telumë-Kllogjena,telume-kllogjena,village,19.8200544,42.1629943
008,Cerckë,cercke,village,20.5942663,40.1250714
008,Dishat,dishat,village,20.195704,39.6943567
008,Xibër-Hane,xiber-hane,village,20.0178687,41.4687048
008,Fushë,fushe,village,19.4460648,40.7491771
008,Gjeraqinë,gjeraqine,village,20.164633,40.819782
008,Ndërfan,nderfan,village,19.8941961,41.8025678
008,Vadardhë,vadardhe,village,19.5441063,41.4013998
008,Zhepovë,zhepove,village,20.2001058,40.3982958
008,Gurabardh,gurabardh,village,20.0412979,41.1297088
008,Vukjakaj-Gegaj,vukjakaj-gegaj,village,19.7575091,42.1010743
008,Dorëz,dorez,village,19.751922,41.221986
008,Slatinja,slatinja,village,20.2089523,40.4847232
008,Rusinjë,rusinje,village,19.6784532,40.6768722
008,Sukth-Vendas,sukth-vendas,village,19.6017656,41.5727345
008,Zall,zall,village,20.3926598,41.9095545
008,Vlashaj,vlashaj,village,20.2081981,41.8595853
008,Derstilë,derstile,village,20.1859152,41.0396032
008,Gradec,gradec,village,19.4617091,42.2547977
008,Murth,murth,village,19.9795044,41.3153688
008,Kuç,kuc,village,20.3311556,40.5996826
008,Mesul,mesul,village,20.0499793,41.9489498
008,Nangë,nange,village,20.4164814,42.0105618
008,Llupsat,llupsat,village,20.2106253,39.8396408
008,Tren,tren,village,20.4339961,41.6552577
008,Gjonçë,gjonce,village,19.6425023,40.562961
008,Selitë,selite,village,19.9822878,40.8901578
008,Saraqinisht,saraqinisht,village,20.2304735,40.1055965
008,Rrakull,rrakull,village,19.5411237,41.1860232
008,Malas-Breg,malas-breg,village,19.7830269,40.8103421
008,Blinas,blinas,village,19.6919063,41.0242559
008,Gomsiqe e Re,gomsiqe e re,village,19.4152257,41.9089783
008,Dobrunë,dobrune,hamlet,20.4281973,42.2713393
008,Sirakat,sirakat,village,20.1420503,39.9355453
008,Godvi,godvi,village,20.3535591,41.5205801
008,Hidrovor (Povelçë),hidrovor,hamlet,19.379892,40.7165131
008,Posnovisht,posnovisht,village,20.2729927,40.8498506
008,Kalivaç,kalivac,village,19.7578982,41.914053
008,Çizmeli,cizmeli,village,19.6187162,41.2868897
008,Mendrakë,mendrake,village,20.0771205,40.8015085
008,Mlizë,mlize,village,20.1001426,41.0785103
008,Grudë-Fushë,grude-fushe,village,19.4965208,42.163162
008,Dragobi,dragobi,village,19.9845768,42.4347928
008,Kërçukje,kercukje,village,19.6318963,41.2417096
008,Velushë,velushe,village,20.3113537,40.5131032
008,Imsht,imsht,village,19.6771138,40.8003241
008,Nikël,nikel,village,19.7413751,41.4372243
008,Mashterkor,mashterkor,village,20.0667345,41.8654543
008,Lacaj,lacaj,village,20.3318753,41.7434081
008,Pacomit,pacomit,village,20.2743821,40.3008943
008,Plesat,plesat,village,20.0508743,40.1302101
008,Taç Qendër,tac qender,village,20.6889573,40.3227148
008,Kashar,kashar,village,19.7191727,41.3520234
008,Panarit,panarit,village,20.0263153,40.4978847
008,Krutje e Poshtme,krutje e poshtme,village,19.6806831,40.8718211
008,Breg,breg,village,19.9999567,42.0392109
008,Gjallicë,gjallice,village,20.4549871,42.0213682
008,Fushë e Vogël,fushe e vogel,village,20.4561137,41.5935254
008,Rrasë e Sipërme,rrase e siperme,village,19.8213775,40.9675263
008,Krioner,krioner,village,20.3599029,39.835176
008,Hamenraj,hamenraj,village,19.6683146,41.1002135
008,Lapardha,lapardha,village,19.9480851,40.7550782
008,Hajdaraj,hajdaraj,village,19.7222141,40.9589859
008,Belaj,belaj,village,19.388599,41.9701133
008,Bukovë,bukove,village,20.0996438,42.3333562
008,Vrion,vrion,village,20.0519879,39.8792653
008,Urxallë,urxalle,village,20.0768507,41.683087
008,Lofkend,lofkend,village,19.7453692,40.6448336
008,Vulçan,vulcan,village,20.4071969,41.1347128
008,Gajush,gajush,village,19.6613429,41.6988707
008,Gjevur,gjevur,village,19.7793347,41.0651066
008,Vidhgar,vidhgar,village,19.3825284,42.0600064
008,Gozhdarazhdë,gozhdarazhde,village,20.6192358,40.2500866
008,Çukë,cuke,village,20.035488,39.8457914
008,Valë,vale,village,20.1037561,40.5776052
008,Pishaj,pishaj,village,20.1891239,40.884584
008,Tharri,tharri,village,19.9894932,41.7273922
008,Jubë,jube,village,19.5146519,41.4225434
008,Kondas,kondas,village,20.0709714,40.4400248
008,Rrilë,rrile,village,20.0622966,41.1586816
008,Bruçaj,brucaj,village,19.6464897,42.2155108
008,Gjyzylkane,gjyzylkane,village,19.7294778,41.1416129
008,Muzhak,muzhak,village,20.2573179,40.4103917
008,Spolat,spolat,village,19.5833613,40.916805
008,Mazhë e Madhe,mazhe e madhe,village,19.639329,41.4674332
008,Kurbnesh,kurbnesh,village,20.0885466,41.7743103
008,Penkovë,penkove,village,19.5894837,40.48494
008,Lunik,lunik,village,20.3232915,41.2852416
008,Lundër,lunder,village,19.8671977,41.2884684
008,Buranj,buranj,village,20.2653174,40.700731
008,Gjyshaj,gjyshaj,village,19.7547265,40.9747777
008,Luf,luf,village,19.8501086,42.0189633
008,Lojmë,lojme,village,20.5118052,42.0332208
008,Zminec,zminec,village,20.271294,39.783099
008,Kacni,kacni,village,20.2563454,41.6132797
008,Shtyllas,shtyllas,village,19.4701622,40.7057562
008,Prrenjas,prrenjas,village,20.0529679,40.8606308
008,Stegopull,stegopull,village,20.2520753,40.0948029
008,Rërëz-Kumarak,rerez-kumarak,village,19.7597666,40.7798474
008,Algjin,algjin,village,19.8077749,41.0085345
008,Golaj,golaj,village,20.3758934,42.2450784
008,Shpat i Sipërm,shpat i siperm,village,19.7739577,41.1626787
008,Burgajet,burgajet,village,20.0594895,41.6362399
008,Bishan,bishan,village,19.4211665,40.6625588
008,Rmath,rmath,village,20.386474,40.81626
008,Kallmet i Vogël,kallmet i vogel,village,19.695396,41.8602182
008,Kënetë,kenete,village,19.6206107,41.3252894
008,Malind,malind,village,20.3037805,40.3982935
008,Krahës,krahes,village,19.8505404,40.43207
008,Kuqan,kuqan,village,20.0512778,41.0644139
008,Boriç i Vogël,boric i vogel,village,19.5070941,42.1250752
008,Domjan-Fortuzaj,domjan-fortuzaj,village,19.7489051,41.2859452
008,Buzuq,buzuq,village,20.1740956,40.5263699
008,Radostinë,radostine,village,19.5054812,40.7301549
008,Kurcaj,kurcaj,village,19.8207944,41.4616752
008,Buzmadh,buzmadh,village,20.4593042,41.9319511
008,Arizaj,arizaj,village,20.1879807,40.5194488
008,Brest i Poshtëm,brest i poshtem,village,20.3702846,41.7182191
008,Nokovë,nokove,village,20.14116,40.1404685
008,Marqinet 1,marqinet 1,village,19.653015,41.4040521
008,Kapinovë,kapinove,village,20.1173419,40.6376506
008,Rrupaj,rrupaj,village,19.7286138,40.8513466
008,Bushat,bushat,village,19.8974451,42.116175
008,Shikaj,shikaj,village,20.2681708,42.1338097
008,Herbel,herbel,village,20.4698099,41.6200235
008,Gjolenë,gjolene,village,19.9314653,40.8995207
008,Torovicë,torovice,village,19.528181,41.8913567
008,Vojnik,vojnik,village,20.0340027,40.75255
008,Dushk-Peqin,dushk-peqin,village,19.6825767,41.0006194
008,Dedaj,dedaj,village,19.8773183,42.0649999
008,Gri,gri,village,20.069851,42.2999256
008,Vllahat,vllahat,village,20.0834021,39.9418448
008,Shtushaj,shtushaj,village,20.3877489,41.5888958
008,Dobrushë,dobrushe,village,20.1853929,40.5577769
008,Skënderbej,skenderbej,village,20.5638372,41.1340621
008,Fan,fan,village,20.1541502,41.9302557
008,Garunjë e Madhe,garunje e madhe,village,19.7848222,41.1141525
008,Obot,obot,village,19.4218642,41.9889113
008,Zharkan,zharkan,village,20.5553599,40.3500028
008,Velahovë,velahove,village,20.1525881,39.9022322
008,Lundër,lunder,hamlet,19.8721736,41.6335034
008,Liras,liras,village,20.1832426,40.9254507
008,Xhuxhë,xhuxhe,village,20.2083376,41.9576916
008,Maminas,maminas,village,19.6073814,41.3778218
008,Vinokash Fushë,vinokash fushe,village,20.1430592,40.4342804
008,Tregan,tregan,village,20.0807914,41.0240788
008,Pepsumaj,pepsumaj,village,19.7951529,42.2247912
008,Gostivisht,gostivisht,village,20.6306135,40.3659783
008,Kryezi,kryezi,village,19.946132,41.2612625
008,Qafë,qafe,village,20.2997655,40.4866602
008,Larushk,larushk,village,19.7327548,41.4368794
008,Fushë Kuqe,fushe kuqe,village,19.6072951,41.6568513
008,Qanaj,qanaj,village,20.2612802,41.8013854
008,Zervat,zervat,village,20.2889905,39.9175418
008,Zdrajsh-Verri,zdrajsh-verri,village,20.2603153,41.2684452
008,Velipojë,velipoje,village,19.4261267,41.8660204
008,Peshtan,peshtan,village,20.4340909,40.6735406
008,Kazie,kazie,village,19.4926213,41.1210531
008,Rehovë,rehove,village,19.9924499,40.5227991
008,Drizë-Myrteza,drize-myrteza,village,19.5491967,40.7030082
008,Mnelë e Vogël,mnele e vogel,village,19.7254008,41.9618689
008,Turaj,turaj,village,20.5490214,41.9428304
008,Pandalejmon,pandalejmon,village,20.1412916,39.7829124
008,Okshtun i Madh,okshtun i madh,village,20.386083,41.4070763
008,Drizar,drizar,village,19.784046,40.4963679
008,Zgjupe,zgjupe,village,20.1295381,40.8973056
008,Velë,vele,village,19.7135396,41.8124647
008,Gajde,gajde,village,19.8223634,40.8457221
008,Qafë,qafe,village,20.1632779,41.2258933
008,Grudë e Re,grude e re,village,19.5329692,42.1107471
008,Kepenek,kepenek,village,20.2720324,42.2736274
008,Ibë e Poshtme,ibe e poshtme,village,19.934906,41.2354742
008,Klos Katund,klos katund,village,20.1055882,41.4847863
008,Topojë,topoje,village,19.4346292,40.7641702
008,Bletas,bletas,village,20.2669682,40.76734
008,Katund i Vjetër,katund i vjeter,village,19.7488912,41.7678423
008,Çerenec i Poshtëm,cerenec i poshtem,village,20.4238697,41.5154351
008,Bardhaj,bardhaj,village,19.9825799,40.4668786
008,Krrabë e Vogël,krrabe e vogel,village,19.9913763,41.2049155
008,Kalldrun,kalldrun,village,19.4107265,42.2043216
008,Kus,kus,village,19.9253238,41.1915593
008,Slatinjë,slatinje,village,20.1713576,40.481813
008,Lalar,lalar,village,19.6119768,40.6540312
008,Shetaj,shetaj,village,19.4874983,41.5571336
008,Vilë,vile,village,20.3603304,41.8844322
008,Brukë (Bërxullë),bruke,hamlet,19.7021074,41.394324
008,Mukaj,mukaj,hamlet,19.6906276,41.3958532
008,Kodër-Bërxullë,koder-berxulle,village,19.6879652,41.3826863
008,Gjeç-Fushë,gjec-fushe,village,19.6976531,41.4089364
008,Καλή Βρύση,kale bruse,hamlet,20.962381,40.4728573
008,Fratar,fratar,village,19.85249,40.4689241
008,Frater,frater,village,19.8090388,40.5122951
008,Banjat e Benjës,banjat e benjes,locality,20.4316942,40.2442328
008,Bishnicë,bishnice,village,20.4323391,40.9334076
008,Cërkovinë,cerkovine,village,19.483867,40.5661984
008,Bishan,bishan,village,19.4404839,40.6443538
008,Shalës,shales,village,19.9539501,40.9999307
008,Belsh,belsh,town,19.8898836,40.9807661
008,Librazhd,librazhd,town,20.3167518,41.1802251
008,Selimaj,selimaj,village,19.7429153,41.0182022
008,Durrës,durres,city,19.4462348,41.313255
008,Tiranë,tirane,city,19.8184435,41.3281482
008,Çerenec i Sipërm,cerenec i siperm,village,20.4349577,41.5081032
008,Moglica,moglica,isolated_dwelling,20.435518,40.7194589
008,Punemir,punemir,hamlet,20.5225457,40.6348582
008,Drithas,drithas,village,20.7343866,40.7032105
008,Blacë,blace,village,20.7672095,40.8437061
008,Бомово,bomovo,locality,20.4783651,41.5044312
008,Roskovec,roskovec,town,19.7034693,40.7381523
008,Shushicë,shushice,village,19.5343734,40.537847
008,Elez,elez,village,19.8934627,40.3065814
008,Kosovë e Vogël,kosove e vogel,village,19.7888386,40.902703
008,Plug,plug,village,19.666673,40.9470467
008,Dobrinje,dobrinje,hamlet,19.5861608,42.4986891
008,Elbasan,elbasan,city,20.0820858,41.1126792
008,Gropat e Selcës,gropat e selces,hamlet,19.6913012,42.5375248
008,Shqefën,shqefen,village,20.0840197,41.6704517
008,Sukth,sukth,village,19.5341237,41.3736683
008,Lushnjë,lushnje,city,19.7059724,40.9422038
008,Çuk (Sinjë),cuk,hamlet,19.8888454,40.6345654
008,Folie Marina,folie marina,locality,19.6982878,40.1214725
008,Ndreaj,ndreaj,village,19.9986574,41.7342384
008,Dobro (Vagalat),dobro,hamlet,20.1163407,39.7589649
008,Himarë,himare,town,19.7472977,40.102163
008,Fier Shegan,fier shegan,village,19.784368,40.8690086
008,Laç,lac,town,19.7123916,41.635741
008,Novosejë,novoseje,village,20.5877606,41.9825538
008,Bafa,bafa,village,20.5881626,41.961485
008,Xeng,xeng,village,19.5356147,40.9778592
008,Mizë,mize,village,19.5361063,40.9658636
008,Zharnec,zharnec,village,19.5377465,40.9394286
008,Pirogosh,pirogosh,hamlet,20.2509838,40.5223211
008,Kodra e Aljis,kodra e aljis,village,20.5334087,41.9454785
008,Matrans,matrans,village,20.5062227,41.8795583
008,Vau,vau,village,20.5043305,41.876904
008,Pronovik,pronovik,village,20.1059243,40.5868626
008,Hani Hotit (Hot),hani hotit,hamlet,19.4347345,42.3368622
008,Manastir,manastir,village,20.0101803,39.8031393
008,Portëz,portez,village,19.5780721,40.6996714
008,Grecalli,grecalli,village,19.559212,40.7634156
008,Kuman,kuman,village,19.6881735,40.7266473
008,Starovë,starove,village,19.9169842,40.7177896
008,Petrelë,petrele,village,19.856542,41.2542744
008,Spille,spille,village,19.4680787,41.0953179
008,Gracë,grace,village,20.919412,40.6174352
008,Frakull e Madhe,frakull e madhe,village,19.5015076,40.6570567
008,Levan,levan,village,19.489382,40.6758517
008,Jeshnice,jeshnice,hamlet,19.6495931,42.5486493
008,Zharrëz,zharrez,village,19.6468821,40.7086785
008,Sheq i Vogël,sheq i vogel,village,19.5697752,40.7247342
008,Strumë,strume,village,19.7383599,40.7508686
008,Tushemisht,tushemisht,village,20.720156,40.9010373
008,Delvinë,delvine,town,20.0975332,39.9499249
008,Gurras,gurras,village,19.953044,40.9176796
008,Fushë Draç,fushe drac,village,19.5166141,41.5384837
008,Skevin (Berishë e Vogël),skevin,hamlet,19.8800961,42.1701251
008,Diedhas,diedhas,locality,20.1396832,41.7939557
008,Marqinet 2,marqinet 2,village,19.6454834,41.4033761
008,Tale,tale,village,19.5948186,41.6933151
008,Qafë Hardhi,qafe hardhi,neighbourhood,19.5135498,42.0596651
008,Bahçallek,bahcallek,neighbourhood,19.4956485,42.0395647
008,Leqet e Hotit,leqet e hotit,hamlet,19.4984999,42.4170259
008,Ajasëm,ajasem,neighbourhood,19.5066307,42.048692
008,Dejlan,dejlan,neighbourhood,19.4871254,42.0439201
008,Draçin,dracin,neighbourhood,19.5055841,42.0567761
008,Luguçezme,lugucezme,neighbourhood,19.5037837,42.055464
008,Mehalla Çakajve,mehalla cakajve,neighbourhood,19.516333,42.0735922
008,Pazar,pazar,neighbourhood,19.4976309,42.0526159
008,Tepe,tepe,neighbourhood,19.5147171,42.0516409
008,Gjeçaj (Theth),gjecaj,hamlet,19.7605252,42.4036174
008,Grunas (Theth),grunas,hamlet,19.791374,42.3776031
008,Hardedaj (Theth),hardedaj,hamlet,19.778923,42.401224
008,Nikgjonaj (Theth),nikgjonaj,hamlet,19.7634522,42.4158263
008,Nënreth (Theth),nenreth,hamlet,19.7958431,42.3927521
008,Okol (Theth),okol,hamlet,19.7563834,42.4167129
008,Kapre (Theth),kapre,hamlet,19.7428139,42.3646842
008,Pioll (Vuksanaj),pioll,hamlet,19.7999267,42.2906633
008,Bibgjon (Lotaj),bibgjon,hamlet,19.7825856,42.2733547
008,Bicaj (Vuksanaj),bicaj,hamlet,19.8042159,42.2866565
008,Bob (Vuksanaj),bob,hamlet,19.8092628,42.2800124
008,Dardhë (Ndrejaj),dardhe,hamlet,19.7650123,42.2520374
008,Gurrë (Nicaj-Shosh),gurre,hamlet,19.7747368,42.2465796
008,Pepaj (Ndrejaj),pepaj,hamlet,19.7833494,42.2606153
008,Pylaj (Ndrejaj),pylaj,hamlet,19.800916,42.2665253
008,Çelaj (Ndrejaj),celaj,hamlet,19.7829354,42.2499137
008,Dëshiran,deshiran,village,19.9398759,40.886304
008,Murtez (Ada),murtez,hamlet,19.5227885,40.6238577
008,Vjeternik,vjeternik,hamlet,19.7498471,42.5826333
008,Godilja,godilja,hamlet,19.7538337,42.5749341
008,Sheher,sheher,village,19.6608615,41.7862439
008,Rragam,rragam,village,19.8403084,42.4116582
008,Durmaj,durmaj,hamlet,19.4416844,42.0302014
008,Micaj,micaj,hamlet,19.4456212,42.0261737
008,Xhaferraj,xhaferraj,hamlet,19.4499672,42.0298983
008,Smutirogë,smutiroge,hamlet,19.7035551,42.6318701
008,Stani Poligajës,stani poligajes,isolated_dwelling,20.0257058,42.5030035
008,Perperan,perperan,hamlet,19.7757568,42.4764818
008,Buni i Jezerce,buni i jezerce,hamlet,19.8146563,42.4667661
008,Dobërdol,doberdol,village,20.0668868,42.5465433
008,Alibegaj,alibegaj,neighbourhood,19.4898048,42.0423968
008,Bahçe Çakajve,bahce cakajve,neighbourhood,19.503001,42.0635435
008,Ballabane,ballabane,neighbourhood,19.5215624,42.0667085
008,Garuc,garuc,neighbourhood,19.5048036,42.0648607
008,Qafë,qafe,neighbourhood,19.497748,42.0477466
008,Sarreq,sarreq,neighbourhood,19.5183833,42.0650075
008,Udhakryq,udhakryq,neighbourhood,19.4973903,42.069454
008,Vekshar,vekshar,neighbourhood,19.5124011,42.0558121
008,Zalli i Kirit,zalli i kirit,neighbourhood,19.5290801,42.06666
008,Kutalli,kutalli,village,19.7922362,40.7851671
008,Katun Studenica,katun studenica,hamlet,19.6061142,42.5520806
008,Bisht Kamëz,bisht kamez,village,19.4777972,41.3911427
008,Katund i Ri,katund i ri,suburb,19.5184458,41.4025514
008,Qerret,qerret,village,19.4917403,41.3923154
008,Kosinë,kosine,village,20.3026915,40.2718521
008,Grepcka,grepcka,village,20.242635,40.4749949
008,Padesh,padesh,hamlet,20.1848287,42.4505007
008,Kamëz,kamez,city,19.7604224,41.3835259
008,Sinanaj,sinanaj,village,20.1911021,42.3127007
008,Menkulas,menkulas,village,20.9513871,40.5283059
008,Jalë,jale,village,19.7026135,40.1195096
008,Spile,spile,village,19.7234817,40.1118204
008,Dishaj,dishaj,village,20.4515845,41.3394299
008,Bickë,bicke,village,20.8968452,40.6656148
008,Μαυρομάτι,mauromati,locality,20.1589325,39.6509612
008,Kulme,kulme,hamlet,19.8374405,41.7452709
008,Demire Murre,demire murre,hamlet,20.3550928,41.6320021
008,Fushë-Çidhën,fushe-cidhen,village,20.3344851,41.7517311
008,lifaj,lifaj,village,19.7199953,40.8669545
008,Sallake,sallake,locality,19.8365371,41.558989
008,Muzhake,muzhake,village,19.9867747,41.5855063
008,Komsi,komsi,village,19.9771677,41.5852277
008,Ostriçi (Selcë),ostrici,hamlet,19.6277424,42.5237638
008,Javor (Selcë),javor,hamlet,19.642693,42.5346193
008,Ivaj (Selcë),ivaj,hamlet,19.5975032,42.5192408
008,Mreg (Selcë),mreg,hamlet,19.6154418,42.5215498
008,Aliaj,aliaj,hamlet,19.6652296,42.4888458
008,Llugët,lluget,hamlet,19.6563676,42.4794542
008,Grishaj,grishaj,hamlet,19.6402851,42.4923901
008,Osojë,osoje,hamlet,19.6102229,42.4964009
008,Pepushaj,pepushaj,hamlet,19.6309295,42.482271
008,Lukaj,lukaj,hamlet,19.4911599,42.3632244
008,Kalsa,kalsa,hamlet,19.5793667,42.4486661
008,Rahovicë,rahovice,hamlet,19.5337799,42.4244128
008,Rrapsha,rrapsha,hamlet,19.49378,42.3987664
008,Grabom,grabom,hamlet,19.5150044,42.4233674
008,Bardhaj,bardhaj,hamlet,19.5343163,42.4489273
008,Pështan,peshtan,hamlet,19.5266667,42.4352697
008,Bregu,bregu,hamlet,19.5616749,42.4446285
008,Starja,starja,hamlet,19.4804797,42.3763488
008,Jugomira,jugomira,hamlet,19.5064287,42.3752355
008,Troshan (Vrith),troshan,hamlet,19.545646,42.3462761
008,Vuç-Kurtaj (Klev),vuc-kurtaj,hamlet,19.5070544,42.3249975
008,Kroi i Ri,kroi i ri,hamlet,19.5060718,42.3431009
008,Rreza e Hijes (Bratosh),rreza e hijes,hamlet,19.4951453,42.3283131
008,Isufaj,isufaj,hamlet,19.4846311,42.338814
008,Brigjia,brigjia,hamlet,19.4514039,42.3723748
008,Bardhaj,bardhaj,hamlet,19.4265521,42.3616265
008,Grykë,gryke,hamlet,19.4421553,42.3660339
008,Brut,brut,hamlet,19.4819238,42.3584249
008,Vulaj,vulaj,hamlet,19.4746693,42.3545754
008,Noçaj,nocaj,hamlet,19.4634524,42.3410186
008,Goraj-Budisha (Lakaj),goraj-budisha,hamlet,19.4738888,42.3246426
008,Lemoq (Hot),lemoq,hamlet,19.4304048,42.3295921
008,Kolaj,kolaj,hamlet,19.4476245,42.356136
008,Deçkaj,deckaj,hamlet,19.4474298,42.3479637
008,Dajçi i Hotit,dajci i hotit,hamlet,19.4362735,42.347293
008,Përperan,perperan,hamlet,19.4297933,42.3503855
008,Selmanaj (Mali i Gjymtit),selmanaj,hamlet,19.4057238,41.9494187
008,Markcokaj,markcokaj,hamlet,19.4003976,41.9500125
008,Linaj,linaj,hamlet,19.4104237,42.0286502
008,Alimetaj,alimetaj,hamlet,19.4109172,42.0327623
008,Dramosh,dramosh,hamlet,19.4175691,42.0349537
008,Alimetaj,alimetaj,hamlet,19.4240171,42.0330811
008,Dodaj,dodaj,hamlet,19.3823571,42.0211325
008,Gorica,gorica,hamlet,19.3838269,42.005365
008,Buzukë,buzuke,hamlet,19.5221645,41.9731803
008,Melgushë e Madhe,melgushe e madhe,hamlet,19.5166499,41.9894342
008,Gjonrekaj,gjonrekaj,hamlet,19.4941837,41.9696307
008,Dajç i Ri,dajc i ri,hamlet,19.402377,41.9757247
008,Mazie,mazie,hamlet,19.4159705,41.9627063
008,Melacaj,melacaj,hamlet,19.4129128,41.9669743
008,Gramsh,gramsh,hamlet,19.4226975,41.9797645
008,Hoxha,hoxha,hamlet,19.4695288,42.0301783
008,Malësorët,malesoret,hamlet,19.4632847,42.0239221
008,Flushë (Derragjat),flushe,hamlet,19.4547016,41.9979383
008,Xhakaj,xhakaj,hamlet,19.4133178,42.0100915
008,Shullan,shullan,hamlet,19.4244329,42.022881
008,Garuc,garuc,hamlet,19.4239501,42.0196649
008,Oblikë,oblike,village,19.4416526,42.016361
008,Teluk,teluk,hamlet,19.4372753,42.0132204
008,Kaliman,kaliman,hamlet,19.4497422,42.0154165
008,Dahat,dahat,hamlet,19.4314924,42.0494163
008,Krepaj,krepaj,hamlet,19.4412235,42.0450582
008,Muriq,muriq,hamlet,19.4456545,42.0415405
008,Fakaj,fakaj,hamlet,19.4690179,42.0371072
008,Canaj,canaj,hamlet,19.4751977,42.0386292
008,Likeq (Fishtë),likeq,hamlet,19.6612012,41.8824353
008,Sarafin (Fishtë),sarafin,hamlet,19.6548927,41.8818602
008,Lemezh,lemezh,hamlet,19.6368253,41.8774667
008,Gazullor (Dajç),gazullor,hamlet,19.611237,41.9139054
008,Milot (Dajç),milot,hamlet,19.6071815,41.911107
008,Buklej (Paçram),buklej,hamlet,19.574759,41.9539997
008,Kullza,kullza,hamlet,19.5589769,41.9743505
008,Previza,previza,hamlet,19.5452225,41.9732976
008,Dodaj,dodaj,hamlet,19.5437085,41.9679963
008,Çunaj (Ranxa),cunaj,hamlet,19.5130735,41.9619701
008,Shtjefnaj,shtjefnaj,hamlet,19.504399,41.9518408
008,Gurila,gurila,hamlet,19.5282623,41.9509864
008,Lisi Locit (Shkjezë),lisi locit,hamlet,19.5543184,41.9461716
008,Shahinaj (Mabë),shahinaj,hamlet,19.5720305,41.9385739
008,Bibaj (Mabë),bibaj,hamlet,19.5755777,41.9373265
008,Rozhan (Mabë),rozhan,hamlet,19.5774642,41.9323547
008,Sume (Mabë),sume,hamlet,19.580689,41.9267258
008,Pjetraj,pjetraj,hamlet,19.5743846,41.894538
008,Sektori i Vjetër,sektori i vjeter,hamlet,19.5998603,41.8803258
008,Rexhep Selimaj (Berdica e Mesme),rexhep selimaj,hamlet,19.4927898,42.0308482
008,Gjopalokaj,gjopalokaj,hamlet,19.4957718,42.0289959
008,Gjomarkaj (Bërdica e Sipërme),gjomarkaj,hamlet,19.512409,42.0294859
008,Drini (Beltojë),drini,hamlet,19.5199454,42.0160936
008,Mlloje (Berdica e Mesme),mlloje,hamlet,19.5155215,42.0242074
008,Kroni (Bërdica e Sipërme),kroni,hamlet,19.5111213,42.0275406
008,Zekman (Bërdica e Sipërme),zekman,hamlet,19.5020048,42.0269068
008,Kroi (Berdica e Madhe),kroi,hamlet,19.4920036,42.0151193
008,Masmale (Berdica e Mesme),masmale,hamlet,19.4854072,42.009508
008,Çobaj,cobaj,hamlet,19.3759813,41.9241936
008,Luarz,luarz,village,19.3857462,41.9223952
008,Luarzi i Ri,luarzi i ri,hamlet,19.3951512,41.9208553
008,Keqanët,keqanet,hamlet,19.5187921,41.8610887
008,Kel Marashi,kel marashi,hamlet,19.5243931,41.8448628
008,Çotaj,cotaj,hamlet,19.6383157,41.8390157
008,Xhelepi (Merqia),xhelepi,hamlet,19.6663712,41.8061527
008,Nomi (Merqia),nomi,hamlet,19.6665115,41.8002992
008,Grukë-Zezë (Lezhë),gruke-zeze,hamlet,19.6557405,41.7939848
008,Dod Preku,dod preku,hamlet,19.6113404,41.8358173
008,Reç (Kukël),rec,hamlet,19.570539,41.8773305
008,Cakaj,cakaj,hamlet,19.5703455,41.8922275
008,Drini,drini,hamlet,19.5626222,41.8966443
008,Guradeci (Kukël),guradeci,hamlet,19.5625093,41.9128087
008,Karametaj (Barbullush),karametaj,hamlet,19.5431446,41.9339411
008,Golaj (Barbullush),golaj,hamlet,19.535002,41.9390446
008,Rrëzë Mandia (Mali Jushit),rreze mandia,hamlet,19.5248118,41.9358302
008,Shakujor,shakujor,hamlet,19.5233929,41.947056
008,Lagjja e Re,lagjja e re,hamlet,19.533438,41.9643826
008,Granas,granas,hamlet,19.5162822,42.0384888
008,Gjonaj,gjonaj,hamlet,19.454416,41.9134485
008,Lagjja e Re,lagjja e re,hamlet,19.4439603,41.9191421
008,Rexhaj,rexhaj,hamlet,19.4468384,41.9233511
008,Shytaj,shytaj,hamlet,19.4566438,41.9085337
008,Reçaj,recaj,hamlet,19.4412706,41.9133192
008,Ramaj,ramaj,hamlet,19.4310121,41.9167052
008,Gaduçi,gaduci,hamlet,19.4428619,41.8974015
008,Lulaj,lulaj,hamlet,19.468699,41.8851714
008,Likajt,likajt,hamlet,19.5066974,41.8655924
008,Lagjja e Re,lagjja e re,hamlet,19.566452,41.8548431
008,Marpalaj,marpalaj,hamlet,19.5631656,41.8471462
008,Mali i Rrencit,mali i rrencit,village,19.5589945,41.8517597
008,Celaj,celaj,hamlet,19.5688851,41.8257336
008,Demaj,demaj,hamlet,19.5839897,41.8292067
008,Palokaj,palokaj,hamlet,19.5776698,41.8212477
008,Margjonaj,margjonaj,hamlet,19.577733,41.8169499
008,Rrëza e Malit (Balldren),rreza e malit,hamlet,19.6107386,41.8241824
008,Sakësi (Ishull-Shëngjin),sakesi,hamlet,19.6206287,41.7971939
008,Shoj,shoj,hamlet,19.5027489,41.8793238
008,Kolajk,kolajk,hamlet,19.4859274,41.8982979
008,Bajramaj (Mali Kolaj),bajramaj,hamlet,19.4857627,41.8884502
008,Hoshaj,hoshaj,hamlet,19.4828556,41.8933548
008,Prekujka,prekujka,hamlet,19.4656654,41.9026925
008,Marvukaj,marvukaj,hamlet,19.5695645,41.8215538
008,Çesk Dedaj,cesk dedaj,hamlet,19.5552974,41.8293833
008,Prel Ivane,prel ivane,hamlet,19.5462441,41.8359405
008,Rrjoll (Baks-Rrjoll),rrjoll,hamlet,19.4853203,41.8604327
008,Viluni,viluni,hamlet,19.4603567,41.861933
008,Qerret,qerret,hamlet,19.4111311,41.8819155
008,Mbisuka (Velipojë),mbisuka,hamlet,19.4001396,41.9031333
008,Lagjja e Re,lagjja e re,hamlet,19.3792238,41.9117927
008,Ceraj,ceraj,hamlet,19.3804976,41.8734713
008,Isuf (Paskuqan),isuf,hamlet,19.8023307,41.3593685
008,Drazhit (Domje),drazhit,hamlet,19.7204587,41.370527
008,Valis (Kashar),valis,hamlet,19.7073695,41.3573535
008,Hajdaraj (Kashar),hajdaraj,hamlet,19.7152123,41.3535684
008,Sulaj (Kashar),sulaj,hamlet,19.7039899,41.3545509
008,Murataj (Kashar),murataj,hamlet,19.7017905,41.3521751
008,Shehat (Kashar),shehat,hamlet,19.7096011,41.3490341
008,Demaj (Kashar),demaj,hamlet,19.7065434,41.3482931
008,Sorret (Kashar),sorret,hamlet,19.7024128,41.3407942
008,Hykaj (Kashar),hykaj,hamlet,19.7066507,41.3375882
008,Poshtërak (Mënik),poshterak,hamlet,19.7002885,41.2880479
008,Skeja (Paskuqan),skeja,hamlet,19.7882169,41.3680971
008,Han (Mëzez),han,hamlet,19.7528869,41.3427855
008,Egër (Mëzez),eger,hamlet,19.7432953,41.3395232
008,Buçi (Yrshek),buci,hamlet,19.737888,41.345508
008,Pezak (Yrsheku),pezak,hamlet,19.7353774,41.3474974
008,Luzi (Yrsheku),luzi,hamlet,19.7340578,41.3505419
008,Bërzetaj (Gropaj),berzetaj,hamlet,19.734562,41.3356887
008,Kambret (Kashar),kambret,hamlet,19.719488,41.3494707
008,Hyk (Kashar),hyk,hamlet,19.7267729,41.344928
008,Hykve (Kashar),hykve,hamlet,19.721505,41.3458865
008,Gjokaj (Domje),gjokaj,hamlet,19.727835,41.366221
008,Baje (Domje),baje,hamlet,19.7313755,41.3643046
008,Laknas,laknas,village,19.7362679,41.3757056
008,Durrsak (Laknasi),durrsak,hamlet,19.7503656,41.3691841
008,Frutikulturë,frutikulture,village,19.7578865,41.3712131
008,Fajdap,fajdap,hamlet,19.7601557,41.3677066
008,Liqeni (Bregu i Lumit),liqeni,hamlet,19.7537023,41.3614943
008,Bregu i Lumit,bregu i lumit,suburb,19.7639805,41.3615265
008,Kodër-Kamza,koder-kamza,village,19.7827379,41.3589316
008,Ura (Bregu i Lumit),ura,hamlet,19.7641307,41.352652
008,Shehu (Mëzez),shehu,hamlet,19.7636596,41.3487074
008,Kosova (Mëzez),kosova,hamlet,19.7589594,41.3475135
008,Lasku (Mëzez),lasku,hamlet,19.7656971,41.3435185
008,Fushë (Mëzez),fushe,hamlet,19.7779923,41.3391526
008,Lagjja e Re (Mëzez),lagjja e re,hamlet,19.7661799,41.3345448
008,Egri (Mëzez),egri,hamlet,19.7560733,41.3409167
008,Çaush (Mëzez),caush,hamlet,19.7502368,41.3375012
008,Malok (Mëzez),malok,hamlet,19.7550863,41.3334814
008,Armot (Prush),armot,hamlet,19.7430485,41.3225243
008,Kaqët (Mëzez),kaqet,hamlet,19.7457951,41.3262708
008,Shimt (Allgjatë),shimt,hamlet,19.715572,41.3131649
008,Lagjja e Vjetër (Vaqarr),lagjja e vjeter,hamlet,19.752801,41.2991173
008,Lagjja e Re (Vaqarr),lagjja e re,hamlet,19.7512024,41.303107
008,Xhafët (Selita e Vogël),xhafet,hamlet,19.7751063,41.3136162
008,Lagjja e Re (Sharrë),lagjja e re,hamlet,19.7608691,41.3087406
008,Çullhaj (Sharrë),cullhaj,hamlet,19.7719627,41.3075559
008,Xhepaj (Sharrë),xhepaj,hamlet,19.772585,41.3058151
008,Stomet (Sharrë),stomet,hamlet,19.7642809,41.3059763
008,Muça (Sharrë),muca,hamlet,19.7645384,41.304042
008,Vrap (Sharrë),vrap,hamlet,19.7765171,41.3033851
008,Xhep (Sharrë),xhep,hamlet,19.7748863,41.2987103
008,Lamuç (Sharrë),lamuc,hamlet,19.7674191,41.2953571
008,Zenel (Sharrë),zenel,hamlet,19.7726977,41.2934628
008,Tresta (Domjan-Fortuzaj),tresta,hamlet,19.7554242,41.2723154
008,Sultaft (Domjan-Fortuzaj),sultaft,hamlet,19.7648656,41.2714525
008,Zgafnore (Çerkez-Morina),zgafnore,hamlet,19.7985971,41.3905819
008,Xhan (Sharrë),xhan,hamlet,19.7819141,41.3005071
008,Lagjja e Re (Pezë-Helmësi),lagjja e re,hamlet,19.7169403,41.2755804
008,Hukati (Mulleti),hukati,hamlet,19.8562324,41.2626948
008,Përtica (Petrelë),pertica,hamlet,19.8632062,41.2594527
008,Aga (Lundra),aga,hamlet,19.8706305,41.2969612
008,Bathrej (Lundra),bathrej,hamlet,19.8653734,41.294285
008,Ballej (Farka e Vogël),ballej,hamlet,19.8565757,41.3071651
008,Kaper (Farka e Vogël),kaper,hamlet,19.8716819,41.3140473
008,Mollasej (Farka e Vogël),mollasej,hamlet,19.8649657,41.3143697
008,Lagjja e Sipërme (Zall-Herr),lagjja e siperme,hamlet,19.8382723,41.4023725
008,Shtish (Shtish-Tufina),shtish,hamlet,19.8688817,41.3735158
008,Shermina (Linza),shermina,hamlet,19.8984289,41.3650616
008,Lanabregas-Shtepëza,lanabregas-shtepeza,village,19.8911977,41.3428983
008,Kashar (Shkozë),kashar,hamlet,19.8723,41.3295797
008,Metalla (Shkoza),metalla,hamlet,19.8669076,41.3277694
008,Shkozë,shkoze,suburb,19.8549771,41.3325147
008,Qesarak (Linsa),qesarak,hamlet,19.8653815,41.3445794
008,Shimaj (Shtish-Tufina),shimaj,hamlet,19.8529993,41.3644406
008,Mëlçiz(Zall-Herr),melciz,hamlet,19.8223615,41.3950811
008,Rrapaj (Babrru),rrapaj,hamlet,19.8355579,41.3674208
008,Maçaj (Babrru),macaj,hamlet,19.83868,41.3658829
008,Prengaj (Babrruja),prengaj,hamlet,19.8381436,41.356574
008,Kalmistreal (Qereka),kalmistreal,hamlet,19.7410691,41.4083838
008,Allushi (Zall-Herr),allushi,hamlet,19.8217499,41.3840055
008,Karaj (Zall-Herr),karaj,hamlet,19.8173082,41.3817596
008,Çollak (Farka e Vogël),collak,hamlet,19.8541144,41.3184781
008,Çeliku (Stërmasi),celiku,hamlet,19.8540607,41.2750234
008,Garunjas (Sauk),garunjas,hamlet,19.8175228,41.30135
008,Sinapet (Sauk),sinapet,hamlet,19.8198187,41.2973924
008,Xhebrahim (Sauk),xhebrahim,hamlet,19.8237669,41.2952725
008,Lagjja e Vjetër (Selita e Vogël),lagjja e vjeter,hamlet,19.8061824,41.3053315
008,Dume (Vishaj),dume,hamlet,19.8214066,41.265836
008,Bulqet (Pezë-Helmes),bulqet,hamlet,19.7270894,41.270239
008,Bashkim,bashkim,hamlet,19.7417946,42.5810334
008,Budaç,budac,hamlet,19.7322781,42.5557131
008,Fetaj (Velë),fetaj,hamlet,19.7170606,41.814886
008,Shqutaj (Velë),shqutaj,hamlet,19.7109345,41.8152458
008,Bashaj (Mnelë e Madhe),bashaj,hamlet,19.7074766,41.9747107
008,Shkarpa (Mnelë e Vogël),shkarpa,hamlet,19.719686,41.9717914
008,Kakërr (Mnelë e Vogël),kakerr,hamlet,19.7272391,41.9684571
008,Kullaxhi (Mnelë e Madhe),kullaxhi,hamlet,19.6820278,41.9517988
008,Tertu (Mnelë e Vogël),tertu,hamlet,19.694366,41.946293
008,Bibaj (Mnelë e Vogël),bibaj,hamlet,19.7059531,41.9573521
008,Sulaj (Mnelë e Vogël),sulaj,hamlet,19.741487,41.9553734
008,Menaj (Mnelë e Vogël),menaj,hamlet,19.7377105,41.9507456
008,Gjiprenaj (Mnelë e Vogël),gjiprenaj,hamlet,19.7374315,41.9487986
008,Kakri (Mnelë e Vogël),kakri,hamlet,19.7281189,41.9558202
008,Fushë Vig (Vig),fushe vig,hamlet,19.7205229,41.9459419
008,Krepaj (Vig),krepaj,hamlet,19.7158773,41.9302436
008,Gjon Lekaj (Vig),gjon lekaj,hamlet,19.7200057,41.9150602
008,Lalaj (Vig),lalaj,hamlet,19.735777,41.91712
008,Sulaj (Kaçinar),sulaj,hamlet,19.7004738,41.8058496
008,Matrez (Gjash),matrez,hamlet,19.6846166,41.8081208
008,Nom (Gjash),nom,hamlet,19.6741989,41.8004752
008,Tanushaj (Vig),tanushaj,hamlet,19.7405406,41.9149006
008,Kepshi (Vela),kepshi,hamlet,19.690783,41.8292176
008,Stanaxhi (Rraboshtë),stanaxhi,hamlet,19.6546483,41.8323834
008,Paç (Rraboshtë),pac,hamlet,19.6725655,41.8307366
008,Patalej,patalej,village,19.6753576,41.7944124
008,Logorec (Kolçi),logorec,hamlet,19.6780291,41.7908448
008,Guri Shqipes,guri shqipes,village,19.7424209,41.8040222
008,Gjinaj (Lalm-Lukaj),gjinaj,hamlet,19.700911,41.7934245
008,Lukaj (Lalm-Lukaj),lukaj,hamlet,19.698658,41.7918727
008,Gjash,gjash,village,19.688251,41.8014549
008,Marlalaj (Krajn),marlalaj,hamlet,19.6909386,41.9124335
008,Kukaj (Krajni),kukaj,hamlet,19.6558446,41.9102299
008,Marlekaj (Krajn),marlekaj,hamlet,19.6771521,41.9114754
008,Lagjja e Poshtëme (Krajni),lagjja e poshteme,hamlet,19.66932,41.9081699
008,Korthpula (Troshan),korthpula,hamlet,19.6973759,41.896128
008,Fishta e Sipërme (Fishtë),fishta e siperme,hamlet,19.6929986,41.9015903
008,Lagjja e Sipërme (Fishtë),lagjja e siperme,hamlet,19.6759505,41.8984519
008,Ballëzë (Troshan),balleze,hamlet,19.6896244,41.885274
008,Kol Prenaj (Troshan),kol prenaj,hamlet,19.7098804,41.8767748
008,Todraj (Troshan),todraj,hamlet,19.689045,41.8769506
008,Ziç (Troshan),zic,hamlet,19.6920705,41.8713424
008,Brungaj (Kallmet i Vogël),brungaj,hamlet,19.7074771,41.8642077
008,Sirmark (Kakarriq),sirmark,hamlet,19.606154,41.8658057
008,Pemaj (Rraboshtë),pemaj,hamlet,19.6676087,41.8298092
008,Ballja (Rraboshtë),ballja,hamlet,19.6617293,41.8266274
008,Ranzë,ranze,village,19.8561587,41.4726433
008,Mollambreg (Peza e Madhe),mollambreg,hamlet,19.6942679,41.2344205
008,Qehaj (Mustafa Koçaj),qehaj,hamlet,19.818658,41.1903044
008,Çiflik (Peza e Madhe),ciflik,hamlet,19.6936456,41.2243021
008,Kalaj (Peza e Madhe),kalaj,hamlet,19.694182,41.2202107
008,Çelmetaj (Peza e Madhe),celmetaj,hamlet,19.6874122,41.21394
008,Becet (Peza e Madhe),becet,hamlet,19.6962098,41.2068857
008,Berhys (Peza e Madhe),berhys,hamlet,19.7081188,41.2083709
008,Hakrone (Ballashej-Pojan),hakrone,hamlet,19.7157792,41.1907081
008,Hyskas (Ballashej-Pojan),hyskas,hamlet,19.7125176,41.1955037
008,Bulqit (Peza e Madhe),bulqit,hamlet,19.7110156,41.1978448
008,Ymeret (Grecë),ymeret,hamlet,19.7558943,41.1904416
008,Halilët (Grecë),halilet,hamlet,19.753255,41.1859606
008,Ramush (Mustafa Koçaj),ramush,hamlet,19.7838322,41.1870022
008,Tafa (Baldushk),tafa,hamlet,19.7806994,41.1984099
008,Dape (Baldushk),dape,hamlet,19.7895399,41.2048516
008,Hakcane (Baldushk),hakcane,hamlet,19.7844652,41.2045853
008,Pojan (Baldushk),pojan,hamlet,19.7721592,41.2072328
008,Pallosh (Baldushk),pallosh,hamlet,19.7764078,41.2039314
008,Lilet (Baldushk),lilet,hamlet,19.7924582,41.21189
008,Shimaj (Baldushk),shimaj,hamlet,19.7982303,41.2131168
008,Nurjet (Baldushk),nurjet,hamlet,19.8071782,41.2021878
008,Dape (isuf Muçaj),dape,hamlet,19.8184434,41.2176041
008,Ahmet (Shpat),ahmet,hamlet,19.8290006,41.2165872
008,Berli (isuf Muçaj),berli,hamlet,19.8210613,41.2137947
008,Stafa (isuf Muçaj),stafa,hamlet,19.8164049,41.2088068
008,Fezaj (isuf Muçaj),fezaj,hamlet,19.8231641,41.2080803
008,Islamaj (isuf Muçaj),islamaj,hamlet,19.8143879,41.2053844
008,Stafaj (isuf Muçaj),stafaj,hamlet,19.8142806,41.198313
008,Bajze (Mustafa Koçaj),bajze,hamlet,19.8026935,41.1873978
008,Altaret (Mustafa Koçaj),altaret,hamlet,19.8215655,41.1813379
008,Dajet (Mustafa Koçaj),dajet,hamlet,19.8168341,41.1850886
008,Kasa (Kus),kasa,hamlet,19.9247233,41.1967711
008,Nuraj (Mamli),nuraj,hamlet,19.960284,41.1816932
008,Saliaj (Skuterre),saliaj,hamlet,19.9646024,41.2220345
008,Hakaj (Skuterre),hakaj,hamlet,19.9782709,41.2224138
008,Tavareni (Koçaj-Tavaren),tavareni,hamlet,19.8609296,41.204561
008,Hoxhaj (Luge Shalqiza),hoxhaj,hamlet,19.8719159,41.2121321
008,Shalqiza (Luge Shalqiza),shalqiza,hamlet,19.8697916,41.2056911
008,Çakrejt (Luge Shalqiza),cakrejt,hamlet,19.8932449,41.1849028
008,Luge e Siperme (Luge Shalqiza),luge e siperme,hamlet,19.9098424,41.198975
008,Sallakaj (Mihajas Cirma),sallakaj,hamlet,19.9113122,41.2015905
008,Novajt (Mamli),novajt,hamlet,19.9753205,41.199193
008,Hysaliaj (Krraba e Vogel),hysaliaj,hamlet,19.9800197,41.197861
008,Albash (Mamli),albash,hamlet,19.9653319,41.1814671
008,Kryelug (Mamli),kryelug,hamlet,19.9518672,41.1929687
008,Stathysa (Mushqeta),stathysa,hamlet,19.9422542,41.2203399
008,Qosja (Mihajas Cirma),qosja,hamlet,19.9314181,41.2189195
008,Qorraj (Mihajas Cirma),qorraj,hamlet,19.9245409,41.2157236
008,Isak,isak,village,20.04819,39.9550887
008,Ganjollë,ganjolle,village,19.5937675,42.0118213
008,Geraj (Mazrek),geraj,hamlet,19.6595172,42.0810915
008,Shpor,shpor,village,19.6746985,42.0801041
008,Brahimaj (Mazrek),brahimaj,hamlet,19.6342964,42.0777629
008,Gjoç (Rragam),gjoc,hamlet,19.604497,42.0738926
008,Gajtan i Sipërm (Gajtan),gajtan i siperm,hamlet,19.5860166,42.0632202
008,Kryethi (Rragam),kryethi,hamlet,19.5949376,42.0549041
008,Trush (Sheldi),trush,hamlet,19.6226234,42.0285384
008,Bardhaj,bardhaj,village,19.5505084,42.0883803
008,Metosh (Gur i Zi),metosh,hamlet,19.5476009,42.0420644
008,Gjikaj (Rrenc),gjikaj,hamlet,19.5569886,42.0552338
008,Kërtollaj (Gur i Zi),kertollaj,hamlet,19.5804526,42.0374828
008,Logorec (Juban),logorec,hamlet,19.5793743,42.0271868
008,Ferracak (Juban),ferracak,hamlet,19.5740904,42.0326219
008,Gjuraj (Juban),gjuraj,hamlet,19.5710702,42.0286532
008,Gavoç (Spathar),gavoc,hamlet,19.5979068,42.009911
008,Çakaj (Spathar),cakaj,hamlet,19.6118275,42.0114575
008,Laç-Qyrsaç,lac-qyrsac,village,19.6451084,42.0117764
008,Jel Dode (Sheldi),jel dode,hamlet,19.6109209,42.0354795
008,Palolaj (Sheldi),palolaj,hamlet,19.6278725,42.0407147
008,Jakvas (Sheldi),jakvas,hamlet,19.6274326,42.0316624
008,Lisha (Laç-Qyrsaçi),lisha,hamlet,19.6472595,42.0404517
008,Markolaj (Karmë),markolaj,hamlet,19.719427,42.0682221
008,Ngropuk (Karmë),ngropuk,hamlet,19.7162459,42.0742191
008,Vni (Karmë),vni,hamlet,19.7259555,42.076648
008,Lekaj (Karmë),lekaj,hamlet,19.7385833,42.0717901
008,Pecaj (Karmë),pecaj,hamlet,19.7447041,42.0706592
008,Bunjet (Dush),bunjet,hamlet,19.6579427,42.0490407
008,Vjerrdha (Laç-Qyrsaçi),vjerrdha,hamlet,19.6311421,42.0538684
008,Podgora (Koplik i Sipërm),podgora,hamlet,19.481615,42.2136884
008,Zeqirmemaj (Koplik i Sipërm),zeqirmemaj,hamlet,19.4622169,42.2162691
008,Gjuraj (Koplik i Sipërm),gjuraj,hamlet,19.4727798,42.2211574
008,Çakaj (Koplik i Sipërm),cakaj,hamlet,19.4659133,42.2309453
008,Vuçetaj (Pjetroshan),vucetaj,hamlet,19.4372244,42.2495952
008,Lek Koçaj (Pjetroshan),lek kocaj,hamlet,19.4299932,42.2459737
008,Lashaj (Pjetroshan),lashaj,hamlet,19.4210024,42.243178
008,Flakë (Kamicë-Flakë),flake,hamlet,19.3761022,42.2439087
008,Kosan (Pjetroshan),kosan,hamlet,19.3952318,42.2575126
008,Bruçaj (Aliaj),brucaj,hamlet,19.4038363,42.2608556
008,Rogom (Aliaj),rogom,hamlet,19.402345,42.269645
008,Gjek-Muçaj (Aliaj),gjek-mucaj,hamlet,19.4254549,42.2718679
008,Ymeraj (Aliaj),ymeraj,hamlet,19.4260557,42.2691209
008,Cenaj (Aliaj),cenaj,hamlet,19.4188084,42.2676998
008,Gashaj (Ivanaj),gashaj,hamlet,19.4028788,42.2863467
008,Lulash Pepaj (Hot),lulash pepaj,hamlet,19.445436,42.3327013
008,Mokset (Ivanaj),mokset,hamlet,19.4132535,42.2883787
008,Haxhaj (Ivanaj),haxhaj,hamlet,19.4219761,42.2852038
008,Grishaj (Zagorë),grishaj,hamlet,19.4624908,42.2791712
008,Jaran,jaran,village,19.4481678,42.26793
008,Budishë (Goraj-Budishë),budishe,hamlet,19.4687927,42.3171699
008,Ivadedaj (Goraj-Budishë),ivadedaj,hamlet,19.4686639,42.3311943
008,Lumaj (Goraj-Budishë),lumaj,hamlet,19.4832766,42.3182171
008,Çelaj (Goraj-Budishë),celaj,hamlet,19.4827831,42.3219932
008,Peraj (Goraj-Budishë),peraj,hamlet,19.4856369,42.3050944
008,Vuksanaj (Goraj-Budishë),vuksanaj,hamlet,19.4823433,42.3070066
008,Gjokaj (Goraj-Budishë),gjokaj,hamlet,19.4777137,42.30999
008,Goraj (Goraj-Budishë),goraj,hamlet,19.4840599,42.3104661
008,Curraj (Goraj-Budishë),curraj,hamlet,19.4873214,42.3126478
008,Marshej (Gradec),marshej,hamlet,19.4775783,42.249498
008,Poica (Dedaj),poica,hamlet,19.4926536,42.2673614
008,Stoli (Zagorë),stoli,hamlet,19.4830728,42.2760228
008,Curaj (Zagorë),curaj,hamlet,19.4897783,42.2926198
008,Senaj (Zagorë),senaj,hamlet,19.49628,42.3014761
008,Kurtaj (Vuç-Kurtaj),kurtaj,hamlet,19.4963229,42.3167177
008,Çelaj (Vuç-Kurtaj),celaj,hamlet,19.4968164,42.3202242
008,Rëza e Veshtit (Jaran),reza e veshtit,hamlet,19.4597131,42.2996623
008,Kalaj (Vukpalaj-Bajzë),kalaj,hamlet,19.4514948,42.312913
008,Popaj (Vukpalaj-Bajzë),popaj,hamlet,19.4578195,42.3156263
008,Reza e Sipërme (Vukpalaj-Bajzë),reza e siperme,hamlet,19.4551427,42.3183633
008,Skajc (Ivanaj),skajc,hamlet,19.4207943,42.3014159
008,Mehaj (Koplik),mehaj,hamlet,19.4317753,42.2132418
008,Culaj (Koplik),culaj,hamlet,19.4289858,42.2037612
008,Sulejman (Drisht),sulejman,hamlet,19.600615,42.1231858
008,Ferip (Drisht),ferip,hamlet,19.5997674,42.1197878
008,Hebibaj (Drisht),hebibaj,hamlet,19.5898111,42.1225651
008,Hysebaj (Gjorm),hysebaj,hamlet,19.5054395,42.1911075
008,Kshari i Sipërm (Gjorm),kshari i siperm,hamlet,19.5204921,42.1927768
008,Gropëqendra (Vajush),gropeqendra,hamlet,19.5332057,42.1994773
008,Dragovoj (Lohë),dragovoj,hamlet,19.4924683,42.2295455
008,Dragovaj (Koplik i Sipërm),dragovaj,hamlet,19.4983799,42.2326675
008,Romekaj (Koplik i Sipërm),romekaj,hamlet,19.4614405,42.2113824
008,Bogiç (Bogiç-Palvar),bogic,hamlet,19.4512803,42.2108579
008,Bogiç-Palvar,bogic-palvar,village,19.4534905,42.2040036
008,Çeszmë (Demiraj),ceszme,hamlet,19.4716544,42.1992707
008,Brahaj (Demiraj),brahaj,hamlet,19.4671268,42.1967272
008,Hasmajaj (Demiraj),hasmajaj,hamlet,19.4693364,42.1893996
008,Çesma e Koplikut (Demiraj),cesma e koplikut,hamlet,19.4565482,42.1870374
008,Vajushaj (Demiraj),vajushaj,hamlet,19.4759965,42.184159
008,Lopçë (Vajush),lopce,hamlet,19.5078642,42.1987739
008,Baliaj (Mëshqerrë),baliaj,hamlet,19.4971997,42.1940327
008,Kazmaj (Mëshqerrë),kazmaj,hamlet,19.484293,42.1804946
008,Smakaj (Mëshqerrë),smakaj,hamlet,19.4924683,42.190718
008,Demaj (Mëshqerrë),demaj,hamlet,19.4957645,42.1844401
008,Hotaj (Gjorm),hotaj,hamlet,19.4989255,42.1717235
008,Gjenokaj (Reç),gjenokaj,hamlet,19.544074,42.2263201
008,Masël (Reç),masel,hamlet,19.5395465,42.2234123
008,Toskaj (Grud-Fushë),toskaj,hamlet,19.5003969,42.1674227
008,Fundi i Brinjës (Gjorm),fundi i brinjes,hamlet,19.5087369,42.1743521
008,Smajlaj (Gruemirë),smajlaj,hamlet,19.5124513,42.1502427
008,Gruemirë,gruemire,village,19.5178232,42.159186
008,Egçi (Vajush),egci,hamlet,19.5096988,42.2203931
008,Prelnikaj (Reç),prelnikaj,hamlet,19.5349974,42.2490139
008,Ulnikaj (Reç),ulnikaj,hamlet,19.5263393,42.2444154
008,Kuç (Reç),kuc,hamlet,19.5236249,42.2397054
008,Vuxvukaj (Reç),vuxvukaj,hamlet,19.5287854,42.2344469
008,Bolzë (Qafë-Gradë),bolze,hamlet,19.551198,42.2394195
008,Aliaj (Qafë-Gradë),aliaj,hamlet,19.536875,42.2429699
008,Bilaj (Qafë-Gradë),bilaj,hamlet,19.5454795,42.2413178
008,Lekaj (Qafë-Gradë),lekaj,hamlet,19.5437736,42.2384663
008,Xhakaj (Reç),xhakaj,hamlet,19.536081,42.2349633
008,Muçaj (Qafë-Gradë),mucaj,hamlet,19.542926,42.2359483
008,Boçaj (Reç),bocaj,hamlet,19.5408447,42.2308087
008,Garuc (Shakotë),garuc,hamlet,19.58641,42.1627149
008,Mbran (Vorfë),mbran,hamlet,19.5679886,42.1636454
008,Hysaj (Gruemirë),hysaj,hamlet,19.5349545,42.1441029
008,Hysaj (Rrash-Kullaj),hysaj,hamlet,19.5428794,42.146967
008,Nehanë (Kullaj),nehane,hamlet,19.5457972,42.1376244
008,Kullaj,kullaj,hamlet,19.5529229,42.1294088
008,Kodër-Boks (Boks),koder-boks,hamlet,19.5652313,42.1271724
008,Rasek (Boks),rasek,hamlet,19.5829661,42.1296471
008,Milan (Domen),milan,hamlet,19.594639,42.1381205
008,Dukë (Reç),duke,hamlet,19.5394607,42.2145291
008,Mosël (Reç),mosel,hamlet,19.5492561,42.2217358
008,Gurrë (Kurt-Kurtaj),gurre,hamlet,19.5558114,42.2075123
008,Kurtaj (Kurt-Kurtaj),kurtaj,hamlet,19.5598883,42.1912903
008,Egç (Linaj-Egç-Lepurosh),egc,hamlet,19.541821,42.1922601
008,Lepurosh (Linaj-Egç-Lepurosh),lepurosh,hamlet,19.5495887,42.1838654
008,Toskaj (Linaj-Egç-Lepurosh),toskaj,hamlet,19.5335169,42.1845491
008,Nikaj (Linaj-Egç-Lepurosh),nikaj,hamlet,19.5399112,42.1818143
008,Kalajxhi (Linaj-Egç-Lepurosh),kalajxhi,hamlet,19.5296476,42.1722608
008,Linaj (Linaj-Egç-Lepurosh),linaj,hamlet,19.5412416,42.1725675
008,Xhaferraj (Linaj-Egç-Lepurosh),xhaferraj,hamlet,19.5491595,42.1706353
008,Rrashi i Vorfës (Vorfë),rrashi i vorfes,hamlet,19.5533437,42.1457735
008,Derraj (Domen),derraj,hamlet,19.6106035,42.1626036
008,Pauli (Domen),pauli,hamlet,19.6161396,42.1389877
008,Nërsanaj (Mazrek),nersanaj,hamlet,19.6055341,42.0936442
008,Bregu i Kirit (Bardhaj),bregu i kirit,hamlet,19.5442617,42.094098
008,Poshtrak (Ktosh),poshtrak,hamlet,19.4747413,42.1667586
008,Gjorm-Poshtë (Ktosh),gjorm-poshte,hamlet,19.4847528,42.1653185
008,Ktosh,ktosh,village,19.4828632,42.1699061
008,Gërçar i Poshtëm (Demiraj),gercar i poshtem,hamlet,19.4587803,42.1731867
008,Stërbeq i Sipërm (Stërbeq),sterbeq i siperm,hamlet,19.4010462,42.2131853
008,Stërbeq i Poshtëm (Stërbeq),sterbeq i poshtem,hamlet,19.3896041,42.2012572
008,Laçaj (Aliaj),lacaj,hamlet,19.4201183,42.2605603
008,Plisht (Domen),plisht,hamlet,19.6022136,42.1484065
008,Brebullë (Berishë e Vogël),brebulle,hamlet,19.9053384,42.1918513
008,Buset (Berishë e Vogël),buset,hamlet,19.8830868,42.1858257
008,Dushkaj (Berishë e Vogël),dushkaj,hamlet,19.8999525,42.169129
008,Tmug (Millë),tmug,hamlet,19.9417091,42.139748
008,Milori (Berishë e Vendit),milori,hamlet,19.9308516,42.1500098
008,Bullica (Berishë e Vendit),bullica,hamlet,19.900253,42.1580908
008,Bukurosh (Berishë e Vendit),bukurosh,hamlet,19.8886014,42.1545118
008,Bojdan (Millë),bojdan,hamlet,19.8925926,42.1413232
008,Dushman (Arrëz),dushman,hamlet,19.8770358,42.1445052
008,Qirok (Bushat),qirok,hamlet,19.890361,42.1316965
008,Skurak (Bushat),skurak,hamlet,19.8815204,42.131601
008,Marsholl (Qerret),marsholl,hamlet,19.8309232,42.1252832
008,Darcë (Malagji-Kajvall),darce,hamlet,19.8068906,42.1753629
008,Prangull (Kir),prangull,hamlet,19.7173799,42.2312621
008,Lek-Gjonaj (Kir),lek-gjonaj,hamlet,19.7187961,42.2391103
008,Salcë (Kir),salce,hamlet,19.728216,42.2367114
008,Gjoshaj (Palaj),gjoshaj,hamlet,19.7842313,42.2379347
008,Ndërgegaj (Palaj),ndergegaj,hamlet,19.7895099,42.2278302
008,Peplekaj (Arrëz),peplekaj,hamlet,19.8683346,42.1681509
008,Kllogjenë (Telumë-Kllogjenë),kllogjene,hamlet,19.8443878,42.1735898
008,Mahall (Toplanë),mahall,hamlet,19.8815311,42.2052599
008,Shënkill (Koman),shenkill,hamlet,19.8310626,42.0859218
008,Qyqeshi (Berishë e Epërme),qyqeshi,hamlet,19.9629093,42.2205725
008,Pyllë (Mertur),pylle,hamlet,19.8970557,42.2410523
008,Gralli i Merturit (Mertur),gralli i merturit,hamlet,19.8983646,42.2268807
008,Maisë (Berishë e Epërme),maise,hamlet,19.9115825,42.2171558
008,Raça (Verishë e Vendit),raca,hamlet,19.9428893,42.1605563
008,Papi (Berishë e Vogël),papi,hamlet,19.927826,42.1712123
008,Kajvall (Malagji-Kajvall),kajvall,hamlet,19.831524,42.1833453
008,Paln (Malagji-Kajvall),paln,hamlet,19.828756,42.1882423
008,Nënplep (Pepsumaj),nenplep,hamlet,19.8346998,42.1935841
008,Mollë (Pepsumaj),molle,hamlet,19.8038222,42.209289
008,Guri i Lekes (Pepsumaj),guri i lekes,hamlet,19.7916342,42.19484
008,Kullajxhi (Bardhaj),kullajxhi,hamlet,19.5577552,42.0763961
008,Rrash,rrash,village,19.5285703,42.1519161
008,Gradiskie (Koplik i Sipërm),gradiskie,hamlet,19.5108701,42.2451843
008,Alujkaj (Zagorë),alujkaj,hamlet,19.4970085,42.2813669
008,Colaj (Zagorë),colaj,hamlet,19.4742955,42.2706977
008,Kocaj (Zagorë),kocaj,hamlet,19.4756044,42.2820337
008,Selgjekaj (Gradec),selgjekaj,hamlet,19.4600906,42.2538885
008,Broqaj (Gradec),broqaj,hamlet,19.4562711,42.2564931
008,Balaj (Gradec),balaj,hamlet,19.4560673,42.2630122
008,Uldedaj (Jaran),uldedaj,hamlet,19.4450702,42.2688558
008,Halaj (Aliaj),halaj,hamlet,19.4423665,42.2702531
008,Hysaj (Aliaj),hysaj,hamlet,19.43756,42.2729762
008,Peraj (Ivanaj),peraj,hamlet,19.4405963,42.2849705
008,Çutaj (Ivanaj),cutaj,hamlet,19.4392122,42.2913439
008,Çulaj (Aliaj),culaj,hamlet,19.4403495,42.2817796
008,Çulaj (Ivanaj),culaj,hamlet,19.4341053,42.2893835
008,Rushaj (Ivanaj),rushaj,hamlet,19.4318308,42.2851293
008,Omaraj,omaraj,village,19.4889082,42.1467027
008,Qaf-Aliaj (Goraj-Budishë),qaf-aliaj,hamlet,19.4650959,42.3213164
008,Lukanj (Ashtë),lukanj,hamlet,19.5336484,42.0143641
008,Bregu i Drinit (Ashtë),bregu i drinit,hamlet,19.5414697,42.0142685
008,Govaç (Kosmaç),govac,hamlet,19.557917,41.9904299
008,Mcuk (Nënshat),mcuk,hamlet,19.6501958,41.9413053
008,Kallesh (Nënshat),kallesh,hamlet,19.6594869,41.9378018
008,Bicaj (Nënshat),bicaj,hamlet,19.651848,41.928272
008,Curk (Nënshat),curk,hamlet,19.6593582,41.9238498
008,Brungaj (Krajn),brungaj,hamlet,19.6810948,41.9235943
008,Fushaxhi (Hajmel),fushaxhi,hamlet,19.6275472,41.9477612
008,Guraxhi (Hajmel),guraxhi,hamlet,19.6394884,41.9707463
008,Lagjja e Poshtëme (Dheu i Lehtë),lagjja e poshteme,hamlet,19.6045982,41.953227
008,Lagjja e Sipërme (Dheu i Lehtë),lagjja e siperme,hamlet,19.6165716,41.9564504
008,Qefajt (Dheu i Lehtë),qefajt,hamlet,19.6200263,41.959913
008,Sukezh (Hajmel),sukezh,hamlet,19.6248543,41.9630563
008,Sukaxhi (Hajmel),sukaxhi,hamlet,19.6255838,41.9572642
008,Kovaç (Hajmel),kovac,hamlet,19.6347462,41.9558919
008,Lukaj (Hajmel),lukaj,hamlet,19.6494126,41.9641492
008,Skaraman (Nënshat),skaraman,hamlet,19.6409046,41.9433563
008,Sumaj (Nënshat),sumaj,hamlet,19.6452283,41.9370117
008,Çuka Dunishës (Valbonë),cuka dunishes,hamlet,19.9144739,42.4582176
008,Kukaj (Valbonë),kukaj,hamlet,19.8781246,42.4544022
008,Gjelaj (Theth),gjelaj,hamlet,19.7726225,42.4092893
008,Glac (Kir),glac,hamlet,19.705164,42.2471217
008,Kashec (Kir),kashec,hamlet,19.6889849,42.2342861
008,Telash (Kir),telash,hamlet,19.7100563,42.2414985
008,Mark-Nonaj (Kir),mark-nonaj,hamlet,19.7040053,42.2316488
008,Likaj (Bruçaj),likaj,hamlet,19.6943171,42.2017723
008,Rekaj (Shakotë),rekaj,hamlet,19.643323,42.1801269
008,Mes (Ura e Shtrenjtë),mes,hamlet,19.6766682,42.1644625
008,Hebaj (Ukbibaj),hebaj,hamlet,19.6756811,42.1267408
008,Thep (Ukbibaj),thep,hamlet,19.6593089,42.1275842
008,Lum (Ura e Shtrenjtë),lum,hamlet,19.6912594,42.1626811
008,Logjas (Prekal),logjas,hamlet,19.6999819,42.1686691
008,Dacaj (Prekal),dacaj,hamlet,19.7124381,42.1701562
008,Bata (Gimaj),bata,hamlet,19.7676058,42.3359385
008,Camaj (Gimaj),camaj,hamlet,19.7863598,42.3117288
008,Nik-Lekaj (Gimaj),nik-lekaj,hamlet,19.7628422,42.3139503
008,Gag (Gimaj),gag,hamlet,19.7673912,42.3295617
008,Pjesholl (Gimaj),pjesholl,hamlet,19.7619839,42.3243266
008,Dakaj (Nënmavriq),dakaj,hamlet,19.7798796,42.3080474
008,Çam (Nënmavriq),cam,hamlet,19.7792787,42.2944623
008,Lopçë (Nicaj-Shalë),lopce,hamlet,19.7979469,42.3093486
008,Marnikaj (Nicaj-Shalë),marnikaj,hamlet,19.7894926,42.2968431
008,Mush (Lekaj),mush,hamlet,19.7869177,42.321693
008,Dednikaj (Lekaj),dednikaj,hamlet,19.803998,42.3209315
008,Rrath (Lekaj),rrath,hamlet,19.7934408,42.3252468
008,Gropëza (Pog),gropeza,hamlet,19.7199483,42.2705067
008,Than (Plan),than,hamlet,19.7001428,42.2922402
008,Kujë (Plan),kuje,hamlet,19.7180385,42.2906846
008,Arzë (Pog),arze,hamlet,19.7362776,42.2794137
008,Plavë (Plan),plave,hamlet,19.6956367,42.2808584
008,Preçaj (Xhan),precaj,hamlet,19.6771188,42.2407121
008,Rrethinë (Xhan),rrethine,hamlet,19.676003,42.2458271
008,Alavan (Xhan),alavan,hamlet,19.6401257,42.2473202
008,Daçaj (Xhan),dacaj,hamlet,19.6508117,42.2480827
008,Lek-Nikaj (Zagorë),lek-nikaj,hamlet,19.5082469,42.2863036
008,Kolaj (Zagorë),kolaj,hamlet,19.5240398,42.2905736
008,Vuçe (Zagorë),vuce,hamlet,19.5274301,42.3091741
008,Hasaj (Rrepisht),hasaj,hamlet,19.5853014,42.2485275
008,Kokaj (Lohë),kokaj,hamlet,19.5339103,42.2736506
008,Rrethi i Brashtës (Brashtë),rrethi i brashtes,hamlet,19.8305701,42.2490181
008,Vukaç (Brashtë),vukac,hamlet,19.8147129,42.2429979
008,Kunard (Vukjakaj-Gegaj),kunard,hamlet,19.7108658,42.122826
008,Prasek (Barcollë),prasek,hamlet,19.7155221,42.1176374
008,Meltet (Barcollë),meltet,hamlet,19.6918972,42.0937579
008,Kroi i Madh (Barcollë),kroi i madh,hamlet,19.7384174,42.1070519
008,Nasiq (Vukjakaj-Gegaj),nasiq,hamlet,19.7700997,42.0931847
008,Gegaj (Vukjakaj-Gegaj),gegaj,hamlet,19.7750135,42.07855
008,Bukmirë (Bruçaj),bukmire,hamlet,19.6325802,42.2068807
008,Dajca (Bruçaj),dajca,hamlet,19.6545743,42.1936076
008,Mataj (Shakotë),mataj,hamlet,19.6089016,42.1755454
008,Ndërmollas (Ura e Shtrenjtë),ndermollas,hamlet,19.715278,42.1470346
008,Piku (Curraj i Epërm),piku,hamlet,19.9241252,42.3345497
008,Vrana e Madhe (Peraj),vrana e madhe,hamlet,19.8889346,42.3271893
008,Brashtë (Peraj),brashte,hamlet,19.8905225,42.3157821
008,Ndobreshë (Peraj),ndobreshe,hamlet,19.9038691,42.3177178
008,Vrana e Vogël (Peraj),vrana e vogel,hamlet,19.9011655,42.3217319
008,Gosturan (Muhejan),gosturan,hamlet,20.1331002,42.4239371
008,Qeli (Buçaj),qeli,hamlet,20.1549226,42.4272317
008,Boshnjak (Buçaj),boshnjak,hamlet,20.1752645,42.4217354
008,Trezhnjeva,trezhnjeva,hamlet,20.1784832,42.4298291
008,Tutaj (Gegaj),tutaj,hamlet,20.2065927,42.4302726
008,Kamenicë (Gegaj),kamenice,hamlet,20.2124721,42.4263289
008,Koldedej (Gegaj),koldedej,hamlet,20.2082879,42.419391
008,Kojeli i Shpatit (Tropojë),kojeli i shpatit,hamlet,20.1529271,42.4017738
008,Kojeli i Rrafshit (Tropojë),kojeli i rrafshit,hamlet,20.1630551,42.3964179
008,Shumici (Babinë),shumici,hamlet,20.1393658,42.3971151
008,Sopoti (Babinë),sopoti,hamlet,20.1189596,42.3756556
008,Paqë (Shoshan),paqe,hamlet,20.1023943,42.3729291
008,Kuq (Qereç-Mulaj),kuq,hamlet,19.9350995,42.3489002
008,Kapit (Peraj),kapit,hamlet,19.8914868,42.3064249
008,Stakaj (Gjonpepaj),stakaj,hamlet,19.9129016,42.3090115
008,Mulaj (Qerret-Mulaj),mulaj,hamlet,19.9626834,42.3386944
008,Herushë (Bradoshnicë),herushe,hamlet,20.0501126,42.4470585
008,Kikaj Maskollalë (Dragobi),kikaj maskollale,hamlet,19.9437255,42.4567163
008,Hajdaraj (Dragobi),hajdaraj,hamlet,19.9744797,42.4336856
008,Grac (Shoshan),grac,hamlet,20.0738341,42.3967031
008,Kovaçiçë (Shkëlzen),kovacice,hamlet,20.0915152,42.4131337
008,Razëm (Vrith),razem,hamlet,19.5512781,42.3451689
008,Dragoi (Dedaj),dragoi,hamlet,19.6144367,42.3367541
008,Shkrel (Bzhetë),shkrel,hamlet,19.5747615,42.3188915
008,Leskovec (Vrith),leskovec,hamlet,19.5415879,42.3178126
008,Muriq,muriq,hamlet,19.6405078,42.4788786
008,Rrezë (Rrapsh-Starje),rreze,hamlet,19.502398,42.3958251
008,Ducaj (Bogë),ducaj,hamlet,19.6394993,42.3417661
008,Velipojë (Vermosh),velipoje,hamlet,19.6599913,42.6031205
008,Maliaj (Vermosh),maliaj,hamlet,19.6800756,42.5972447
008,Velan (Vermosh),velan,hamlet,19.7237634,42.5901205
008,Vllash (Berishë e Epërme),vllash,hamlet,19.9415829,42.2157177
008,Trovne (Berishë e Epërme),trovne,hamlet,19.9321416,42.2194046
008,Karroni (Selcë),karroni,hamlet,19.855307,42.2659959
008,Gjytetëza (Selcë),gjyteteza,hamlet,19.8641905,42.2622006
008,Brisë (Selcë),brise,hamlet,19.8703381,42.2525923
008,Postribë (Salcë),postribe,hamlet,19.890165,42.2474302
008,Kapon (Palç),kapon,hamlet,19.9044558,42.2706642
008,Shofër (Lekbibaj),shofer,hamlet,19.9349069,42.2880325
008,Lindaj (Tetaj),lindaj,hamlet,19.9620616,42.2909453
008,Bushgjokë (Bëtosh),bushgjoke,hamlet,19.9781388,42.3074987
008,Lampicë (Selimaj),lampice,hamlet,20.0091826,42.3056579
008,Lushaj (Gegaj),lushaj,hamlet,20.189926,42.4415863
008,Pitaminë e Epërme (Viçidol),pitamine e eperme,hamlet,20.2162331,42.3696619
008,Pitaminë e Poshtëme (Viçidol),pitamine e poshteme,hamlet,20.2172631,42.379712
008,Këlcyrë (Koçanaj),kelcyre,hamlet,20.0327059,42.4068296
008,Dobsiden (Markaj),dobsiden,hamlet,20.0421151,42.346959
008,Llozhen,llozhen,village,20.0319334,42.3377284
008,Demaliaj (Pac),demaliaj,hamlet,20.2003229,42.3032619
008,Mejdan (Viçidol),mejdan,hamlet,20.1523912,42.3795536
008,Rogam (Llugaj),rogam,hamlet,20.129925,42.3529505
008,Kryelug (Degë),kryelug,hamlet,20.126127,42.2905682
008,Haxhibeg (Zogaj),haxhibeg,hamlet,20.3083456,42.3013213
008,Mjekër Bardhë (Zogaj),mjeker bardhe,hamlet,20.2969301,42.2844012
008,KLajthizë (Kepenek),klajthize,hamlet,20.2740562,42.2976234
008,Stobertë (Zherkë),stoberte,hamlet,20.2531242,42.3071297
008,Çinaj (Letaj),cinaj,hamlet,20.3894341,42.2913896
008,Kokaj (Letaj),kokaj,hamlet,20.3791451,42.2928341
008,Kurpal (Letaj),kurpal,hamlet,20.3961235,42.2921436
008,Majac (Degë),majac,hamlet,20.1367512,42.2647572
008,Rexhaj (Berishë),rexhaj,hamlet,20.1847305,42.2679331
008,Hysenaj (Berishë),hysenaj,hamlet,20.1739588,42.2687905
008,Gjonpapaj (Berishë),gjonpapaj,hamlet,20.1812115,42.2595803
008,Mazh (Berishë),mazh,hamlet,20.1734438,42.2540217
008,Sarakla (Berishë),sarakla,hamlet,20.1947298,42.2450634
008,Bregu Isuf Ukaj (Berishë),bregu isuf ukaj,hamlet,20.1438215,42.2287319
008,Rushta (Berishë),rushta,hamlet,20.1599791,42.2341815
008,Mokërr (T'plan),mokerr,hamlet,20.0974729,42.2578492
008,Velisht (Lëkurtaj),velisht,hamlet,20.0337114,42.3291322
008,Mollë e Kuqe (Gri),molle e kuqe,hamlet,20.0607588,42.3149645
008,Gri,gri,village,20.0556412,42.3248806
008,Dushaj i Poshtëm (Dushaj),dushaj i poshtem,hamlet,20.0365975,42.2802539
008,Kotec (Lekbibaj),kotec,hamlet,19.9339816,42.2728732
008,Markaj (Tetaj),markaj,hamlet,19.9529502,42.2661089
008,Rajë (Breglum),raje,hamlet,19.9922606,42.2731907
008,Dushaj i Sipërm (Dushaj),dushaj i siperm,hamlet,20.0551262,42.2716169
008,Gropë (Poravë),grope,hamlet,20.0438609,42.2476367
008,Gropat e Epërme (Poravë),gropat e eperme,hamlet,20.0377777,42.2404567
008,Apripa e Keqe (Poravë),apripa e keqe,hamlet,20.0994578,42.2248709
008,Pepaj (Dardhë),pepaj,hamlet,20.1493254,42.2016359
008,Qafa e Kuqe (Miliskë),qafa e kuqe,hamlet,20.0650826,42.2108864
008,Arap (Levosh),arap,hamlet,19.9865689,42.2017312
008,Garas (Mërtur),garas,hamlet,19.9387934,42.2258878
008,Vathaj (Manati),vathaj,hamlet,19.6509751,41.7520407
008,Fogje (Tresh),fogje,hamlet,19.6559103,41.7449647
008,Lagjja Pyllës (Ishull-Lezhë),lagjja pylles,hamlet,19.6266957,41.7467418
008,Barbullojë (Ishull-Lezhë),barbulloje,hamlet,19.62146,41.7403377
008,Fushë (Gajush),fushe,hamlet,19.6738168,41.7056964
008,Turkaj (Shënkoll),turkaj,hamlet,19.6456321,41.7039823
008,Prelaj (Shënkoll),prelaj,hamlet,19.6364482,41.7047512
008,Listjak (Grykë Lum),listjak,hamlet,19.6201833,41.7090444
008,Hidrovor (Grykë Lum),hidrovor,hamlet,19.5894452,41.7087561
008,Curaj (Ishull-Lezhë),curaj,hamlet,19.6061178,41.7540097
008,Hoteli Gjuetisë (Ishull-Lezhë),hoteli gjuetise,hamlet,19.6200653,41.7548261
008,Stom i Madh (Ishull-Shëngjin),stom i madh,hamlet,19.6180697,41.7641257
008,Lagjja e Re (Ishull-Shëngjin),lagjja e re,hamlet,19.6324946,41.786521
008,Kodra Marlekaj (Ishull-Shëngjin),kodra marlekaj,hamlet,19.6344795,41.785017
008,Lezhë,lezhe,city,19.6433538,41.7816638
008,Murrizë (Manati),murrize,hamlet,19.6597405,41.7663344
008,Sinanaj,sinanaj,village,20.1564073,41.2305779
008,Stanet e Vashqetnit,stanet e vashqetnit,locality,19.8732216,42.3766766
008,Goçaj (Çerem),gocaj,hamlet,19.9536824,42.500722
008,Jazull,jazull,village,19.8880528,41.7540147
008,Stordok (Radomirë),stordok,hamlet,20.4810229,41.8124004
008,Rade (Radomirë),rade,hamlet,20.4725343,41.8121432
008,Derbaç (Radomirë),derbac,hamlet,20.4638637,41.8176378
008,Dodaj (Ploshtan),dodaj,hamlet,20.4436784,41.8373425
008,Tallamaz (Shullan),tallamaz,hamlet,20.4426745,41.8307219
008,Sufaj (Ceren),sufaj,hamlet,20.4514962,41.8315654
008,Çerniev (Radomirë),cerniev,hamlet,20.4520516,41.8249442
008,Majtarë,majtare,village,20.4715472,41.5687427
008,Podgorcë,podgorce,village,20.451715,41.5676952
008,Stane,stane,locality,19.8402478,42.3856766
008,Stane,stane,locality,19.8599312,42.3437624
008,Stane,stane,locality,19.8649389,42.3455605
008,Stane,stane,locality,19.9455929,42.3850733
008,Stane,stane,locality,19.9607474,42.3676803
008,Stane,stane,locality,19.883607,42.3822402
008,Stane,stane,locality,19.8775184,42.3786659
008,Stane,stane,locality,19.8503154,42.3800727
008,Stane,stane,locality,19.8652339,42.3779447
008,Stane,stane,locality,19.893955,42.3872882
008,Stane,stane,locality,19.8905432,42.3834171
008,Stane,stane,locality,19.8997754,42.389087
008,Stane,stane,locality,19.9023128,42.3882154
008,Stane,stane,locality,19.9337,42.3781428
008,Stane,stane,locality,19.9184314,42.3827866
008,Stane,stane,locality,19.838047,42.3802114
008,Stane,stane,locality,19.9960184,42.3330344
008,Stane,stane,locality,20.0006479,42.3422379
008,Stane,stane,locality,19.994747,42.3409532
008,Stane,stane,locality,19.9826503,42.3508216
008,Stane,stane,locality,19.9787235,42.3518127
008,Stane,stane,locality,19.9737722,42.3521933
008,Stanet e Ndrevatave,stanet e ndrevatave,locality,19.8681253,42.3646185
008,Ceke,ceke,hamlet,19.660702,42.4839891
008,Dukati i Ri (Rrëza e Kanalit),dukati i ri,hamlet,19.4490558,40.3001049
008,Limjoni (Sarandë),limjoni,hamlet,19.987146,39.8766488
008,Shkallë (Borsh),shkalle,hamlet,19.8664167,40.040215
008,Vanja (Borsh),vanja,hamlet,19.8659867,40.0544081
008,Hori (Borsh),hori,hamlet,19.8601219,40.0687561
008,Picak (Borsh),picak,hamlet,19.8458466,40.0677295
008,Shëndellia,shendellia,village,20.0310705,39.7379952
008,Qopek (Nivicë-Bubar),qopek,hamlet,19.9835853,39.9404935
008,Krekez (Nivicë-Bubar),krekez,hamlet,19.9875513,39.9308225
008,Shian,shian,village,20.0425041,39.9206843
008,Mavropull,mavropull,village,20.046756,39.9239725
008,Matomara (Stijar),matomara,hamlet,20.0776267,39.9214516
008,Kullurat (Shëndreu),kullurat,hamlet,20.1890253,39.825178
008,Kondaqi (Dhermi),kondaqi,hamlet,19.6275985,40.1546704
008,Kallam (Dhermi),kallam,hamlet,19.6209312,40.1585914
008,Katund (Kuç),katund,hamlet,19.8098386,40.1342838
008,Kostane (Himarë),kostane,hamlet,19.7573101,40.1321718
008,Kokor (Himarë),kokor,hamlet,19.7517852,40.1402385
008,1 Maji (Himarë),1 maji,hamlet,19.762482,40.1089032
008,Sera (Himarë),sera,hamlet,19.766283,40.1037243
008,Potam (Himarë),potam,hamlet,19.7713925,40.0861988
008,Pezul (Dukat i Ri),pezul,hamlet,19.4850554,40.2970519
008,Erihoi (Dukat i Ri),erihoi,hamlet,19.5223267,40.2706865
008,Soliran (Dukat),soliran,hamlet,19.5692478,40.2582595
008,Moçal (Dukat),mocal,hamlet,19.5579945,40.2417992
008,Shatë (Dukat),shate,hamlet,19.5660957,40.2327444
008,Rreza e Kanalit (Dukat i Ri),rreza e kanalit,hamlet,19.4676639,40.2857266
008,Kokaj (Velçë),kokaj,hamlet,19.6904074,40.3373606
008,Fusha e Gjormit (Bolenë),fusha e gjormit,hamlet,19.7623235,40.2222105
008,Shesh (Vranisht),shesh,hamlet,19.7071353,40.2217461
008,Hor (Vranisht),hor,hamlet,19.7194669,40.2275515
008,Hor (Tërbaç),hor,hamlet,19.711338,40.2357206
008,Lekaj (Tërbaç),lekaj,hamlet,19.6593572,40.2381057
008,Bramysh (Tërbaç),bramysh,hamlet,19.6813661,40.2436143
008,Grykë (Tërbaç),gryke,hamlet,19.6738731,40.2460835
008,Likudhe (Tërbaç),likudhe,hamlet,19.663947,40.251085
008,Pirg (Tërbaç),pirg,hamlet,19.6323437,40.2509584
008,Kaninë,kanine,village,19.5210825,40.4379849
008,Uji i Ftohtë (Vlorë),uji i ftohte,hamlet,19.492576,40.4207265
008,Çobenjt (Zvërnec),cobenjt,hamlet,19.4126399,40.509063
008,Adresulaj (Armen),adresulaj,hamlet,19.5920978,40.5397593
008,Veliaj (Armen),veliaj,hamlet,19.5981553,40.5178944
008,Boreç (Armen),borec,hamlet,19.5957373,40.5263835
008,Merkaj (Treblovë),merkaj,hamlet,19.6301376,40.5069972
008,Ondriç (Kocul),ondric,hamlet,19.6513511,40.475224
008,Dosaj (Kropisht),dosaj,hamlet,19.6065339,40.4404608
008,Klombysh (Kropisht),klombysh,hamlet,19.6053372,40.4443083
008,Beqiaj (Buzëmadh),beqiaj,hamlet,19.602926,40.5675114
008,Bregas (Buzëmadh),bregas,hamlet,19.5995221,40.576832
008,Xhafaj (Buzëmadh),xhafaj,hamlet,19.5996868,40.5821485
008,Floq (Buzëmadh),floq,hamlet,19.5976555,40.5903623
008,Kodhelaj (Cakran),kodhelaj,hamlet,19.6012515,40.5972827
008,Mehmetaj (Cakran),mehmetaj,hamlet,19.6081143,40.606745
008,Brakaj (Kreshpan),brakaj,hamlet,19.5758868,40.6331241
008,Hoxhaj (Kreshpan),hoxhaj,hamlet,19.568228,40.6331241
008,Myrtaj (Kreshpan),myrtaj,hamlet,19.5641652,40.6382278
008,Saliaj (Kreshpan),saliaj,hamlet,19.569079,40.6423106
008,Zykaj (Bregas),zykaj,hamlet,19.5461025,40.6523497
008,Hasaj (Bregas),hasaj,hamlet,19.5134632,40.6551612
008,Muçaj (Bregas),mucaj,hamlet,19.520573,40.6489757
008,Martinë (Qarr),martine,hamlet,19.442722,40.6589722
008,Kuç (Bishan),kuc,hamlet,19.4283376,40.6641364
008,Memkaj (Bishan),memkaj,hamlet,19.4129102,40.6573062
008,Zhukë (Zhuk-Grykpishë),zhuke,hamlet,19.3835376,40.6388736
008,Duçaj (Hambar),ducaj,hamlet,19.5738996,40.574243
008,Rucaj (Karbunarë),rucaj,hamlet,19.6938212,40.5179672
008,Bestrovë e Vogël (Bestrovë),bestrove e vogel,hamlet,19.5092473,40.5144353
008,Kushaj (Rexhepaj),kushaj,hamlet,19.7161348,40.4839806
008,Zotaj (Mertiraj),zotaj,hamlet,19.7061337,40.4825881
008,Përroi i Madh (Mertiraj),perroi i madh,hamlet,19.7035705,40.4903686
008,Ballaj (Hekal),ballaj,hamlet,19.7162035,40.5608217
008,Muçaj (Romës),mucaj,hamlet,19.6764738,40.565064
008,Baraj (Romës),baraj,hamlet,19.6898162,40.5651161
008,Braçaj (Romës),bracaj,hamlet,19.6899764,40.5708357
008,Meçaj (Romës),mecaj,hamlet,19.6827216,40.5738431
008,Malaj (Kreshpan),malaj,hamlet,19.5849306,40.6179648
008,Ada,ada,village,19.5218115,40.6132395
008,Shakaj (Trevllazër),shakaj,hamlet,19.5166165,40.5936224
008,Çeçaj (Trevllazër),cecaj,hamlet,19.5216742,40.5794751
008,Bushaj (Grabian),bushaj,hamlet,19.5411958,40.5208552
008,Çamët (Bunavi),camet,hamlet,19.519912,40.5166971
008,Skotullë (Lubenjë),skotulle,hamlet,19.5912013,40.5062226
008,Haliraj (Treblovë),haliraj,hamlet,19.6312514,40.5031426
008,Zotaj (Treblovë),zotaj,hamlet,19.6431749,40.5060486
008,Mahmutaj (Treblovë),mahmutaj,hamlet,19.6395818,40.5023595
008,Mocale (Treblovë),mocale,hamlet,19.6449371,40.4973128
008,Resulaj (Selenice),resulaj,hamlet,19.6540457,40.5343366
008,Vrisht (Gjorm),vrisht,hamlet,19.6320367,40.3182111
008,Bllac (Gjorm),bllac,hamlet,19.6320625,40.3280789
008,Lagjja e Re (Velçë),lagjja e re,hamlet,19.6878826,40.3269979
008,Ramaj (Dhëmblan),ramaj,hamlet,19.8430185,40.3354494
008,Haskaj (Dhëmblan),haskaj,hamlet,19.8429412,40.3431924
008,Memetaj (Dhëmblan),memetaj,hamlet,19.8689304,40.3576935
008,Mogila (Bolenë),mogila,hamlet,19.7535002,40.2556286
008,Dashaj (Sinanaj),dashaj,hamlet,19.8304365,40.3656108
008,Caushaj (Kalivaç),caushaj,hamlet,19.82693,40.3927151
008,Çelaj (Mazhar-Sevaster),celaj,hamlet,19.7554081,40.3953464
008,Llanaj (Sevaster),llanaj,hamlet,19.7096691,40.4005693
008,Nazëraj (Sevaster),nazeraj,hamlet,19.7114482,40.3956016
008,Manastir (Vermik),manastir,hamlet,19.7716771,40.3073587
008,Mesaplik (Shalës),mesaplik,hamlet,19.7078128,40.2547825
008,Sinovakaj (Tërbaç),sinovakaj,hamlet,19.6930907,40.2571437
008,Ledhë (Brataj),ledhe,hamlet,19.6744754,40.2657024
008,Hundexhepe (Bolenë),hundexhepe,hamlet,19.7331832,40.2427391
008,Çadaj (Mifol),cadaj,hamlet,19.4930027,40.6021116
008,Skrapar (Cërkovinë),skrapar,hamlet,19.496937,40.5649737
008,Zgurat (Hoshtimë),zgurat,hamlet,19.4954667,40.5473557
008,Goricë (Panajë),gorice,hamlet,19.4754525,40.5348642
008,Hasanaj (Babicë),hasanaj,hamlet,19.5182379,40.4744948
008,Janaj (Koprisht),janaj,hamlet,19.600053,40.4349023
008,Dervishaj (Mavrovë),dervishaj,hamlet,19.5955602,40.4123563
008,Çakallovë (Mavrovë),cakallove,hamlet,19.6097723,40.4100059
008,Hastanejë (Mavrovë),hastaneje,hamlet,19.6063492,40.3942955
008,Kondaj (Mavrovë),kondaj,hamlet,19.6210809,40.3928522
008,Zekaj (Mavrovë),zekaj,hamlet,19.6192471,40.3873817
008,Belik (Vajzë),belik,hamlet,19.6289663,40.3817711
008,Shahaj (Mavrovë),shahaj,hamlet,19.5885153,40.4098779
008,Millona (Lapardhë),millona,hamlet,19.5685419,40.4003939
008,Panajë,panaje,village,19.4704029,40.53597
008,Dukat,dukat,village,19.5649741,40.2512302
008,Këshillaj (Gjergjan),keshillaj,hamlet,20.0345984,41.0305089
008,Lagjja e Sipërme (Bujaras),lagjja e siperme,hamlet,20.0569308,41.0237553
008,Çekrez (Kodër Bujaras),cekrez,hamlet,20.0647181,41.0249234
008,Kyqykës (Tregan),kyqykes,hamlet,20.0829329,41.0254315
008,Toroman (Muçan),toroman,hamlet,20.0806689,41.0047983
008,Çelaj (Selitë),celaj,hamlet,19.9794567,40.87409
008,Sades (Selitë),sades,hamlet,19.9717393,40.8741645
008,Kishtarët (Kodër Bujaras),kishtaret,hamlet,20.0585404,41.0020497
008,Bojalliu (Shtërmen),bojalliu,hamlet,20.0350338,41.0008313
008,Bllatë (Shalës),bllate,hamlet,19.9680184,40.9942786
008,Sallbejas (Shalës),sallbejas,hamlet,19.950792,40.9963738
008,Liçaj (Shalës),licaj,hamlet,19.9425824,41.0015891
008,Bregu Selles (Trojas),bregu selles,hamlet,19.8926359,41.0022725
008,Sinaj (Qafshkallë),sinaj,hamlet,19.8777326,40.99572
008,Uruçaj (Trojas),urucaj,hamlet,19.8854303,40.9957645
008,Hamitaj (Qafshkallë),hamitaj,hamlet,19.8803116,40.9906825
008,Zekth (Trojas),zekth,hamlet,19.9111222,40.9854812
008,Allanaj (Gradishtë),allanaj,hamlet,19.914154,40.9776488
008,Rokat (Gradishtë),rokat,hamlet,19.9270886,40.9847233
008,Shtimth (Gradishtë),shtimth,hamlet,19.9268129,40.9794769
008,Trokaj (Shalës),trokaj,hamlet,19.9554579,40.9843963
008,Sopi Gërqelës (Gjyrale),sopi gerqeles,hamlet,19.9822916,40.9768016
008,Çairet (Gjyrale),cairet,hamlet,19.9738064,40.9769651
008,Blatë (Shalës),blate,hamlet,19.974653,40.986254
008,Pazhok (Gostimë),pazhok,hamlet,19.9914462,40.9855258
008,Sopi-Lleshit (Gjyrale),sopi-lleshit,hamlet,19.981386,40.9564059
008,Çartallos (Gjyrale),cartallos,hamlet,19.9685302,40.9501907
008,Shelg (Rrenas),shelg,hamlet,19.9779801,40.9356915
008,Bovishtë (Dragot-Sulovë),bovishte,hamlet,20.0694471,40.9144946
008,Vilëz (Topojan),vilez,hamlet,20.0349157,40.9100758
008,Asllanaj (Kamunah),asllanaj,hamlet,19.99121,40.9084541
008,Fang (Linas),fang,hamlet,19.9903831,40.9032017
008,Koçollarë (Selitë),kocollare,hamlet,19.991525,40.8949576
008,Rogaj (Linas),rogaj,hamlet,20.0116453,40.8965053
008,Mhallë (Topojan),mhalle,hamlet,20.0522602,40.8958654
008,Goricë (Luzaj),gorice,hamlet,20.0240483,40.8804612
008,Bregu-Leckes (Luzaj),bregu-leckes,hamlet,20.011035,40.8763081
008,Çestije (Fierzë),cestije,hamlet,19.8640554,40.9075138
008,Roç (Turbull),roc,hamlet,19.9002393,40.899756
008,Fezullarë (Çestije),fezullare,hamlet,19.8762224,40.9087994
008,Shtyllë (Çestije),shtylle,hamlet,19.8848431,40.9085815
008,Xhafë (Kajan),xhafe,hamlet,19.8978462,40.9154449
008,Canaj (Kajan),canaj,hamlet,19.899778,40.9227651
008,Gropa e Kuqe (Gjolenë),gropa e kuqe,hamlet,19.9080815,40.9149656
008,Hazizollë (Gjolenë),hazizolle,hamlet,19.9199314,40.9206083
008,Gropa e Bardhë (Gjolenë),gropa e bardhe,hamlet,19.924977,40.9154449
008,Toçilat (Grekan),tocilat,hamlet,19.9390181,40.924595
008,Hanallinj (Dëshiran),hanallinj,hamlet,19.9410651,40.8917358
008,Gjinuk (Dragot-Dumre),gjinuk,hamlet,19.9081104,40.8930653
008,Senellarë (Gjolenë),senellare,hamlet,19.9235931,40.8962691
008,Qosja (Dëshiran),qosja,hamlet,19.9173366,40.8850007
008,Hartollinj (Dragot-Dumre),hartollinj,hamlet,19.9105611,40.8720299
008,Eles (Dragot-Dumre),eles,hamlet,19.9100709,40.8651619
008,Zdravë (Dëshiran),zdrave,hamlet,19.927197,40.8659033
008,Broshkollar (Dëshiran),broshkollar,hamlet,19.9359619,40.8722479
008,Kullenj (Frashër),kullenj,hamlet,19.9613339,40.8684543
008,Pepaj (Shkozë),pepaj,hamlet,19.8680336,40.9818375
008,Ferhataj (Rrasë e Sipërme),ferhataj,hamlet,19.834378,40.984512
008,Abazaj (Shkozë),abazaj,hamlet,19.8455219,40.9803915
008,Katanë (Gradishtë),katane,hamlet,19.9052374,40.9563749
008,Gjoshaj (Seferan),gjoshaj,hamlet,19.8889602,40.964594
008,Tafanaj (Gradishtë),tafanaj,hamlet,19.9065694,40.962018
008,Shark (Belesh),shark,hamlet,19.9465639,40.969525
008,Hakej (Gradishtë),hakej,hamlet,19.9323335,40.9609875
008,Hysaj (Merhojë),hysaj,hamlet,19.8609868,40.9539212
008,Hardhi e Butë (Rrasë e Sipërme),hardhi e bute,hamlet,19.8444172,40.9437866
008,Beqiraj (Rrasë e Poshtme),beqiraj,hamlet,19.8291797,40.9616009
008,Pajalli (Rrasë e Sipërme),pajalli,hamlet,19.8081266,40.9548291
008,Qypaj (Çepë),qypaj,hamlet,19.8390565,40.9343376
008,Sallakëst (Rrenas),sallakest,hamlet,19.9398061,40.9406453
008,Idrizaj (Seferan),idrizaj,hamlet,19.9098184,40.935933
008,Haxhellje (Kajan),haxhellje,hamlet,19.8797332,40.9187746
008,Merhojë (Seferan),merhoje,hamlet,19.8810653,40.9381419
008,Cërrik,cerrik,town,19.9887602,41.0266165
008,Gradishtë,gradishte,village,19.8974444,40.9768667
008,Peqin,peqin,town,19.7494517,41.0461304
008,Prrenjas,prrenjas,town,20.5485577,41.0712276
008,Berat,berat,city,19.9580758,40.7018636
008,Luke,luke,locality,19.756731,42.6123828
008,Biština,bistina,hamlet,19.7536467,42.6295265
008,Gazabine (Kopaçëz),gazabine,hamlet,20.0384444,39.9945008
008,Babaj (Kopaçëz),babaj,hamlet,20.0269842,40.0069332
008,Zhupaj (Kopaçëz),zhupaj,hamlet,20.0303467,40.0024914
008,Palojnor (Vartaj),palojnor,hamlet,20.076812,40.0093659
008,Lipovačka livada,lipovacka livada,locality,19.7693829,42.5969062
008,Ružin do,ruzin do,locality,19.762731,42.6055774
008,Žuta prla,zuta prla,locality,19.7480518,42.539239
008,Gjinoshan,gjinoshan,hamlet,20.2097475,40.0935854
008,Vithuq,vithuq,village,20.2584243,40.2059351
008,Gerhot,gerhot,hamlet,20.1287341,40.0874459
008,Kakodhiq (Zhulat),kakodhiq,hamlet,20.0153088,40.1245698
008,Linat (Kolonjë),linat,hamlet,20.0129699,40.1453713
008,Kiknesh (Kolonjë),kiknesh,hamlet,20.0075197,40.1527192
008,Sefercës,seferces,hamlet,19.7154472,42.6421268
008,Pločica,plocica,locality,19.7522148,42.6288097
008,Golemas (Buhal),golemas,hamlet,20.3151583,40.2467122
008,Zleushë (Mokricë-Zleushe),zleushe,hamlet,20.3352213,40.2839782
008,Kalenj (Pacomit),kalenj,hamlet,20.2862334,40.299396
008,Shtikë (Panarit),shtike,hamlet,20.2192211,40.3383667
008,Mirovë (Mbrezhan),mirove,hamlet,20.2205086,40.2902308
008,Munushtir (Iliar-Munushtir),munushtir,hamlet,20.4790735,40.1845128
008,Bejkollarë (Sevran i Madh),bejkollare,hamlet,20.3086352,40.3532816
008,Liçollarë (Qeshibes),licollare,hamlet,20.3643179,40.402598
008,Cerova Mal (Cerovë),cerova mal,hamlet,20.1722859,40.4917121
008,Bakias (Vendresha e Madhe),bakias,hamlet,20.1561907,40.4923153
008,Brankollara (Vendresha e Madhe),brankollara,hamlet,20.1501937,40.4986264
008,Dushatjar (Vendresha e Madhe),dushatjar,hamlet,20.1400374,40.4911089
008,Xhanaj (Beqaraj),xhanaj,hamlet,20.1184095,40.4864744
008,Shkëmb (Lavdar),shkemb,hamlet,20.1030688,40.498494
008,Xhuhanaj (Katundishtë),xhuhanaj,hamlet,20.1596975,40.3406074
008,Çorenisht (Katundishtë),corenisht,hamlet,20.1682591,40.3391191
008,Rrezë (Mbrezhan),rreze,hamlet,20.1970124,40.2940444
008,Çepan (Panarit),cepan,hamlet,20.2053165,40.3414906
008,Qafrrap (Këlcyrë),qafrrap,hamlet,20.2165174,40.3202584
008,Gurë (Këlcyrë),gure,hamlet,20.1783442,40.3102944
008,Përrenjas (Këlcyrë),perrenjas,hamlet,20.1842236,40.3149739
008,Frashtan (Katundishtë),frashtan,hamlet,20.1773143,40.3200785
008,Lumanaj-Hoxhaj (Katundishtë),lumanaj-hoxhaj,hamlet,20.1581311,40.3252481
008,Canaj-Dednikaj (Katundishtë),canaj-dednikaj,hamlet,20.1691389,40.3267695
008,Muçaj (Katundishtë),mucaj,hamlet,20.1558351,40.322467
008,Merkuraj (Katundishtë),merkuraj,hamlet,20.1626158,40.3213219
008,Xhamillarë (Katundishtë),xhamillare,hamlet,20.1673579,40.329763
008,Mullahaj (Katundishtë),mullahaj,hamlet,20.1471233,40.3348174
008,Bakollar (Podgoran),bakollar,hamlet,20.1463294,40.3536086
008,Fushë (Podgoran),fushe,hamlet,20.1419735,40.3709233
008,Qafë Sukë (Sukë),qafe suke,hamlet,20.1537967,40.3648579
008,Zeqiraj (Luar),zeqiraj,hamlet,20.1866913,40.3687653
008,Delilaj (Topojan),delilaj,hamlet,20.2034926,40.3835753
008,Lolonjaj (Rodenj),lolonjaj,hamlet,20.1544618,40.3880864
008,Fushë (Çorogunj),fushe,hamlet,20.1439476,40.380388
008,Mullahaj (Çorogunj),mullahaj,hamlet,20.1356435,40.3900476
008,Saliaj (Psar),saliaj,hamlet,20.127275,40.4056372
008,Fushë (Rodenj),fushe,hamlet,20.144999,40.3941986
008,Harkaj (Zhepovë),harkaj,hamlet,20.2004027,40.404232
008,Gjerkas (Ballaban),gjerkas,hamlet,20.1437115,40.4112414
008,Lagjja e Re (Ballaban),lagjja e re,hamlet,20.1321673,40.4195897
008,Kreshavë (Mazhar),kreshave,hamlet,20.0839305,40.4265975
008,Karat (Komarak),karat,hamlet,20.1058388,40.4387819
008,Veleshnjarët (Vinokash Fushë),veleshnjaret,hamlet,20.1407289,40.4401047
008,Qypër (Toshkëz),qyper,hamlet,20.1676583,40.4495761
008,Shënkollaj (Toshkëz),shenkollaj,hamlet,20.1548052,40.4534459
008,Murisht (Beqaraj),murisht,hamlet,20.1346564,40.4635684
008,Kenaj (Beqaraj),kenaj,hamlet,20.1174903,40.4548501
008,Duraj (Bubës 1),duraj,hamlet,20.0992167,40.4627264
008,Bërzanaj (Bubës 1),berzanaj,hamlet,20.0998409,40.4689481
008,Liqeth (Dodovec),liqeth,hamlet,20.0732875,40.4838741
008,Xanollarë (Nishicë),xanollare,hamlet,20.1793313,40.4642377
008,Hamzallarë (Munushtiri),hamzallare,hamlet,20.1895666,40.4983978
008,Mamaj (Turan),mamaj,hamlet,20.0091719,40.312356
008,Triunganj,triunganj,hamlet,19.976964,40.3241848
008,Bofeng (Damës),bofeng,hamlet,20.0049233,40.3420467
008,Kordhë (Dukaj),kordhe,hamlet,19.9396705,40.3441728
008,Moras (Salar),moras,hamlet,19.9015832,40.3551947
008,Rad (Kuç),rad,hamlet,19.8524666,40.1999369
008,Kunjovë (Kuç),kunjove,hamlet,19.80026,40.2172581
008,Zelishtë (Kuç),zelishte,hamlet,19.8051739,40.2062792
008,Milloskop (Kuç),milloskop,hamlet,19.8201513,40.2098517
008,Grabovë (Kuç),grabove,hamlet,19.8043799,40.185857
008,Rrëza-Borsh (Kuç),rreza-borsh,hamlet,19.822104,40.1962655
008,Maricë (Cerrilë),marice,hamlet,19.9715781,40.36131
008,Mamogjinaj (Sinanaj),mamogjinaj,hamlet,19.8304724,40.3714954
008,Bylysh (Vagalat),bylysh,hamlet,20.0150728,40.3674901
008,Belikaj (Mariçaj),belikaj,hamlet,19.9981642,40.3784756
008,Meraj (Zhapokika e Sipërme),meraj,hamlet,19.9719214,40.3763015
008,Ballaxhi (Zhapokika e Sipërme),ballaxhi,hamlet,19.9704838,40.3864356
008,Dishanaj (Zhapokika e Sipërme),dishanaj,hamlet,19.9590897,40.3838042
008,Cacaj (Zhapokika e Sipërme),cacaj,hamlet,19.9582529,40.3881681
008,Alicanaj (Amanikaj),alicanaj,hamlet,19.9301219,40.3897044
008,Asllanaj (Amanikaj),asllanaj,hamlet,19.9156379,40.3891814
008,Prenjas (Qesarat),prenjas,hamlet,19.9033427,40.3816303
008,Sinaj (Qesarat),sinaj,hamlet,19.8956609,40.3889362
008,Zotaj (Qesarat),zotaj,hamlet,19.8651266,40.3905215
008,Malas (Beçisht),malas,hamlet,20.0506711,40.3138613
008,Laskër,lasker,hamlet,19.9644542,40.3100326
008,Hysaj (Qesarat),hysaj,hamlet,19.8901033,40.394885
008,Shehaj (Koshtan),shehaj,hamlet,19.9067974,40.4014052
008,Dokaj (Koshtan),dokaj,hamlet,19.9064541,40.4190506
008,Danaj (Luftinjë e Sipërme),danaj,hamlet,19.9553776,40.432543
008,Binaj (Luftinjë),binaj,hamlet,19.9505496,40.4476656
008,Rrapaj,rrapaj,village,19.9742174,40.430387
008,Zekaj (Luftinjë e Sipërme),zekaj,hamlet,19.9723935,40.4379
008,Lamaj (Arrëz e Vogël),lamaj,hamlet,20.0636315,40.4077777
008,Dervishaj (Maricaj),dervishaj,hamlet,19.9963188,40.407794
008,Likaj (Luftinjë),likaj,hamlet,19.9922848,40.4279043
008,Selaj (Luftinjë),selaj,hamlet,19.975183,40.417711
008,Gjonçe (Buz),gjonce,hamlet,19.9986577,40.4435668
008,Badra (Buz),badra,hamlet,19.9891734,40.4438281
008,Leskaj (Zhutaj),leskaj,hamlet,19.8403644,40.455895
008,Maçaj (Kalivaç),macaj,hamlet,19.833219,40.4183481
008,Bregas (Çorrush),bregas,hamlet,19.8206019,40.4713388
008,Zhupanat (Kutë),zhupanat,hamlet,19.8059892,40.4758929
008,Hysenaj (Drizar),hysenaj,hamlet,19.7882867,40.4910221
008,Revisht (Buz),revisht,hamlet,20.0058889,40.431661
008,Lajthizë (Buz),lajthize,hamlet,20.0158882,40.4406763
008,Buz i Vogël (Buz),buz i vogel,hamlet,20.0215101,40.4574787
008,Shahaj (Luftinjë e Sipërme),shahaj,hamlet,19.9854612,40.4587522
008,Merdanaj (Gllavë),merdanaj,hamlet,19.9712562,40.4756318
008,Malkaj (Luftinjë),malkaj,hamlet,19.959197,40.4570216
008,Kalemaj (Levan),kalemaj,hamlet,19.9068403,40.4802019
008,Gjergaj (Levan),gjergaj,hamlet,19.8952102,40.4893576
008,Lamaj (Levan),lamaj,hamlet,19.897871,40.4824705
008,Duraj (Gllavë e Vogël),duraj,hamlet,19.9309802,40.4680251
008,Memlikaj (Kamçisht),memlikaj,hamlet,19.9258303,40.4456244
008,Beqiraj (Xhaxhaj),beqiraj,hamlet,19.9123549,40.4512906
008,Llukovë (Golemaj),llukove,hamlet,20.0412941,40.4487596
008,Hambar (Golemaj),hambar,hamlet,20.0462079,40.4567114
008,Sylet (Vokopolë),sylet,hamlet,20.0830936,40.5220368
008,Gerdan (Vokopolë),gerdan,hamlet,20.0809479,40.5158709
008,Meçaj (Vokopolë),mecaj,hamlet,20.088458,40.510096
008,Goran (Vokopolë),goran,hamlet,20.0891018,40.5027869
008,Prriel (Selckë e Vogël),prriel,hamlet,20.0477528,40.4861589
008,Barmë (Selckë e Vogël),barme,hamlet,20.0442982,40.4936167
008,Bashaj (Gllavë e Vogël),bashaj,hamlet,19.9600124,40.4740648
008,Minaj (Komar),minaj,hamlet,19.9959272,40.4893045
008,Osmanaj (Komar),osmanaj,hamlet,19.9895328,40.4856081
008,Malas (Gllavë),malas,hamlet,19.9747753,40.4872034
008,Hajdinaj (Gllavë),hajdinaj,hamlet,19.9523091,40.4904673
008,Demaj (Krahës i Sipërm),demaj,hamlet,19.8647189,40.4404803
008,Lukaj (Krahës i Sipërm),lukaj,hamlet,19.881413,40.4571849
008,Shamaj (Krahës i Sipërm),shamaj,hamlet,19.8851466,40.4599604
008,Shytaj (Krahës i Sipërm),shytaj,hamlet,19.8708772,40.4626378
008,Llakaj (Krahës i Sipërm),llakaj,hamlet,19.8614359,40.4674047
008,Bregu Memos (Krahës i Sipërm),bregu memos,hamlet,19.8715424,40.4698697
008,Peçaj (Zhulaj),pecaj,hamlet,19.8495912,40.4747993
008,Ramuçaj (Kutë),ramucaj,hamlet,19.7938442,40.4655764
008,Buckaj (Zhulaj),buckaj,hamlet,19.8380041,40.4496414
008,Brega Dove (Krahës),brega dove,hamlet,19.8428964,40.4392718
008,Bregas (Krahës),bregas,hamlet,19.8800397,40.4465715
008,Rërëz (Krahës),rerez,hamlet,19.8693752,40.4346172
008,Bozanë (Kalivaç),bozane,hamlet,19.8385191,40.414509
008,Hasanbegaj (Kalivaç),hasanbegaj,hamlet,19.8195076,40.4000979
008,Canaj (Luftinjë e Sipërme),canaj,hamlet,19.9580812,40.4256174
008,Muço-Demaj (Luftinjë e Sipërme),muco-demaj,hamlet,19.9629736,40.4164204
008,Delviçan (Zhapokikë e Sipërme),delvican,hamlet,19.9335766,40.4170086
008,Panjovë (Zhapokikë e Sipërme),panjove,hamlet,19.9373102,40.4064379
008,Selaj (Luftinjë e Sipërme),selaj,hamlet,19.9490475,40.4071241
008,Zenjil Halil (Zhapokikë e Sipërme),zenjil halil,hamlet,19.9545836,40.4023366
008,Çiçaj (Zhapokikë e Sipërme),cicaj,hamlet,19.9785304,40.3955387
008,Belisht (Shalës),belisht,hamlet,20.080862,40.462295
008,Kondas (Mazhanj),kondas,hamlet,20.0701546,40.4351725
008,Shanaj (Shalës),shanaj,hamlet,20.0690603,40.4573645
008,Ramaj (Ninësh),ramaj,hamlet,19.8648906,40.4922623
008,Shahaj (Bejar),shahaj,hamlet,19.8454499,40.4980714
008,Hodaj (Bejar),hodaj,hamlet,19.8389482,40.4908589
008,Zotaj (Bejar),zotaj,hamlet,19.8321461,40.4931435
008,Tatoshaj (Bejar),tatoshaj,hamlet,19.8077488,40.4979898
008,Danaj,danaj,hamlet,19.7847461,40.5076978
008,Plënckë (Vokopolë),plencke,hamlet,20.0526237,40.5143049
008,Gumë (Panarit),gume,hamlet,20.0442982,40.5045
008,Lekër (Çorrogjaf),leker,hamlet,20.0255012,40.510618
008,Agllinj (Çorrogjaf),agllinj,hamlet,20.015974,40.5229339
008,Sakaj (Rehovë),sakaj,hamlet,19.9940765,40.5185299
008,Zhargut (Rehovë),zhargut,hamlet,20.0050092,40.5135382
008,Xhënovë (Rehovë),xhenove,hamlet,20.0008142,40.5070411
008,Haxhiaj (Komar),haxhiaj,hamlet,20.0046444,40.4976961
008,Llanaj (Komar),llanaj,hamlet,19.986813,40.4941063
008,Çunaj (Komar),cunaj,hamlet,19.992435,40.4987567
008,Coraj (Gllavë),coraj,hamlet,19.9809551,40.500727
008,Habzovë (Zhapokikë),habzove,hamlet,19.9563432,40.5203568
008,Karimeraj (Plashnik i Vogël),karimeraj,hamlet,19.9464083,40.5247934
008,Xhemalaj (Allkomemaj),xhemalaj,hamlet,19.9017548,40.5010084
008,Malaj (Allkomemaj),malaj,hamlet,19.9006605,40.5083667
008,Mushkonja (Cerrilë e Re),mushkonja,hamlet,19.8830652,40.5260819
008,Bardhaj (Cerrilë e Re),bardhaj,hamlet,19.8926353,40.5221184
008,Fratar-Pepia,fratar-pepia,hamlet,19.8283696,40.5076978
008,Ninësh-Mustafa-Sulaj,ninesh-mustafa-sulaj,hamlet,19.8682165,40.5072246
008,Ninësh-Merde,ninesh-merde,hamlet,19.8557281,40.5001926
008,Ninësh-Bregas,ninesh-bregas,hamlet,19.851222,40.5028032
008,Ninësh-Demaj,ninesh-demaj,hamlet,19.8481965,40.5065231
008,Godurovë-Demiramaj,godurove-demiramaj,hamlet,19.8594188,40.5157894
008,Fratar-Hasimaj,fratar-hasimaj,hamlet,19.8341203,40.5132119
008,Damës-Ramaj,dames-ramaj,hamlet,19.833498,40.5210581
008,Fratar-Cingrimaj,fratar-cingrimaj,hamlet,19.8193574,40.5074041
008,Voskopojë,voskopoje,village,20.5906137,40.6332013
008,Koblarë (Vërçisht-Gostromickë),koblare,hamlet,20.4540753,40.4255194
008,Saraq (Vithkuq),saraq,hamlet,20.5956316,40.5187256
008,Grekas (Vithkuq),grekas,hamlet,20.5751824,40.5258046
008,Dukas (Vithkuq),dukas,hamlet,20.5776071,40.5218574
008,Robas (Boshanj),robas,hamlet,20.6179261,40.4482044
008,Gur (Treskë),gur,hamlet,20.4944372,40.4507027
008,Pinderes (Panarit),pinderes,hamlet,20.4823136,40.4847717
008,Ngjilisht (Panarit),ngjilisht,hamlet,20.4780006,40.4945305
008,Mesem (Panarit),mesem,hamlet,20.470984,40.4852777
008,Nakollar (Panarit),nakollar,hamlet,20.4699325,40.488509
008,Hodollar (Panarit),hodollar,hamlet,20.4595899,40.4821441
008,Janqisht (Panarit),janqisht,hamlet,20.4545259,40.4751095
008,Opar (Mazrek),opar,hamlet,20.4407501,40.6202071
008,Sulollar (Mazrek),sulollar,hamlet,20.4184556,40.6047161
008,Misras (Mazrek),misras,hamlet,20.4201937,40.6127797
008,Gjonas (Mazrek),gjonas,hamlet,20.4350853,40.6079579
008,Boboshticë,boboshtice,village,20.7648106,40.553401
008,Pustec,pustec,village,20.901217,40.7878903
008,Lajthizë,lajthize,village,20.8897707,40.77793
008,Miras,miras,village,20.9276891,40.5077671
008,Sul,sul,village,20.9242666,40.5422311
008,Hoçisht,hocisht,village,20.917836,40.6072706
008,Maliq,maliq,town,20.6996182,40.7086433
008,Protopapë (Gurkuq),protopape,hamlet,20.4515237,40.6549655
008,Pulahaj (Gurkuq),pulahaj,hamlet,20.4533156,40.6633481
008,Pulahaj (Lumaj),pulahaj,hamlet,20.4649033,40.6734739
008,Gjinikas (Gurshqipe),gjinikas,hamlet,20.4910652,40.6831224
008,Kucaka (Gurshqipe),kucaka,hamlet,20.4805527,40.7042719
008,Hudovë (Zerec),hudove,hamlet,20.3613904,40.7010795
008,Kalarinj (Zerec),kalarinj,hamlet,20.345084,40.6999248
008,Libonik,libonik,village,20.7122567,40.7046235
008,Kostrican (Rrajcë),kostrican,hamlet,20.5901473,41.0774525
008,Malok (Rëmenj),malok,hamlet,20.6145193,40.8528784
008,Krasta e Madhe,krasta e madhe,hamlet,20.8065007,40.8650137
008,Lekaj (Osnat),lekaj,hamlet,20.5976951,40.820384
008,Petrushë (Nizhavec),petrushe,hamlet,20.7539584,40.806029
008,Kopollë,kopolle,hamlet,20.7768635,40.8110324
008,Mjaltas i Sipër (Mjaltas),mjaltas i siper,hamlet,20.6377713,40.7873021
008,Pogradec,pogradec,city,20.6573881,40.8998739
008,Avdylaj (Molisht),avdylaj,hamlet,19.9334376,40.5967196
008,Shytaj (Molisht),shytaj,hamlet,19.9317836,40.5927806
008,Ruçaj (Molisht),rucaj,hamlet,19.9322723,40.5895551
008,Merkaj (Molisht),merkaj,hamlet,19.9404292,40.5930375
008,Mareshaj (Molisht),mareshaj,hamlet,19.9502777,40.5865007
008,Merkaj (Veleshnjë),merkaj,hamlet,19.9251302,40.6386349
008,Osekaj (Veleshnjë),osekaj,hamlet,19.9261827,40.6358109
008,Losekaj (Veleshnjë),losekaj,hamlet,19.9389632,40.6338711
008,Kaçelaj (Veleshnjë),kacelaj,hamlet,19.944113,40.6277662
008,Banaj (Veleshnjë),banaj,hamlet,19.9310694,40.6291071
008,Luftinjë (Veleshnjë),luftinje,hamlet,19.9320467,40.6217464
008,Vrekaj (Molisht),vrekaj,hamlet,19.9324978,40.6145275
008,Gjonas (Molisht),gjonas,hamlet,19.9427222,40.6043113
008,Qorraj (Malinat),qorraj,hamlet,20.015355,40.6450799
008,Cyle (Zhitom i Vogël),cyle,hamlet,20.0126014,40.6244853
008,Muç (Malinat),muc,hamlet,20.0273366,40.6119308
008,Kuçovë (Malinat),kucove,hamlet,20.0225251,40.6071937
008,Ruçaj (Zhitom i Madh),rucaj,hamlet,19.9936938,40.6074506
008,Buzë (Zhitom i Madh),buze,hamlet,19.9937314,40.6163252
008,Qorraj (Zhitom i Madh),qorraj,hamlet,19.9774175,40.6171812
008,Kolaj (Zhitom i Madh),kolaj,hamlet,19.9753125,40.625598
008,Izvicë (Zhitom i Madh),izvice,hamlet,19.9785828,40.6366381
008,Selenicë (Zhitom i Vogël),selenice,hamlet,19.9827552,40.6521825
008,Esanjë (Zhitom i Vogël),esanje,hamlet,19.9943704,40.6433983
008,Muçaj (Zhitom i Vogël),mucaj,hamlet,19.991664,40.6520399
008,Guman (Bilçë),guman,hamlet,20.0074141,40.6498725
008,Kazba (Tomorr),kazba,hamlet,20.0847737,40.7030116
008,Tomorr i Vogël (Tomorr),tomorr i vogel,hamlet,20.100862,40.6830324
008,Danush (Tomorr),danush,hamlet,20.0933065,40.7127283
008,Sashdan (Bogdan i Sipërm),sashdan,hamlet,20.0837211,40.7295938
008,Gradishë (Fushë Peshtan),gradishe,hamlet,20.0450038,40.6344987
008,Hoxhaj (Fushë Peshtan),hoxhaj,hamlet,20.0318584,40.6599123
008,Bojë (Vodicë),boje,hamlet,20.027487,40.6878496
008,Nova (Bogdan i Poshtëm),nova,hamlet,20.047184,40.697996
008,Poçallas (Mimias),pocallas,hamlet,20.0320729,40.7044649
008,Cacallarë (Roshnik),cacallare,hamlet,20.0342531,40.722586
008,Dokaj (Mbjeshovë),dokaj,hamlet,19.844162,40.6798682
008,Demaj (Mbjeshovë),demaj,hamlet,19.8423953,40.6759627
008,Hesjkaj (Mbjeshovë),hesjkaj,hamlet,19.8440869,40.6595969
008,Ramanj (Mbjeshovë),ramanj,hamlet,19.8581078,40.659825
008,Shtrepaj (Mbreshtan),shtrepaj,hamlet,19.8669414,40.7141244
008,Kokovesh (Mbreshtan),kokovesh,hamlet,19.8879164,40.7178283
008,Brakaj (Remanicë),brakaj,hamlet,19.9088539,40.7314453
008,Fusharak (Remanicë),fusharak,hamlet,19.9227621,40.7337525
008,Qoshkut (Lapardha),qoshkut,hamlet,19.9419328,40.7601231
008,Milonjë (Lapardha),milonje,hamlet,19.9294155,40.7578452
008,Hysaj (Plashnik i Vogël),hysaj,hamlet,19.9335992,40.5403096
008,Bendaj (Plashnik i Vogël),bendaj,hamlet,19.9267718,40.5290528
008,Kuçaj (Zhitom i Vogël),kucaj,hamlet,19.9657587,40.6544716
008,Hadaj (Malinat),hadaj,hamlet,20.0419046,40.610388
008,Vahë (Levan),vahe,hamlet,19.8621542,40.6347126
008,Bozaj (Levan),bozaj,hamlet,19.855588,40.6304657
008,Meçaj (Metoh),mecaj,hamlet,19.8473056,40.6283138
008,Malishtoj (Metoh),malishtoj,hamlet,19.8384129,40.6406013
008,Mamutaj (Metoh),mamutaj,hamlet,19.8334337,40.6354332
008,Xhafaj (Cfir),xhafaj,hamlet,19.8200017,40.6299302
008,Laksire (Cfir),laksire,hamlet,19.8106264,40.6293269
008,Kulaj (Cfir),kulaj,hamlet,19.8098643,40.6417189
008,Sulaj (Cfir),sulaj,hamlet,19.8101852,40.6442704
008,Jahaj (Aranitas),jahaj,hamlet,19.8209029,40.6115217
008,Nazëraj (Aranitas),nazeraj,hamlet,19.8134298,40.6111244
008,Avdulaj (Aranitas),avdulaj,hamlet,19.8105198,40.6073857
008,Murataj (Aranitas),murataj,hamlet,19.8233409,40.6015756
008,Mahmutaj (Aranitas),mahmutaj,hamlet,19.8188022,40.5989447
008,Vezelaj (Velçan),vezelaj,hamlet,19.8655865,40.5979249
008,Rapushaj (Levan),rapushaj,hamlet,19.8613812,40.6126251
008,Muçaj (Levan),mucaj,hamlet,19.8621915,40.6031087
008,Sulaj (Levan),sulaj,hamlet,19.8610505,40.6055605
008,Çaushaj (Aranitas),caushaj,hamlet,19.8338747,40.606451
008,Mustaj (Osmënzezë),mustaj,hamlet,19.9030439,40.5943838
008,Velçan-Vezelaj,velcan-vezelaj,hamlet,19.8668177,40.5826261
008,Muçaj (Osmënzezë),mucaj,hamlet,19.897373,40.570923
008,Melaj (Osmënzezë),melaj,hamlet,19.9084535,40.5774691
008,Koçlaj (Osmënzezë),koclaj,hamlet,19.8798382,40.5752021
008,Goxhamataj (Osmënzezë),goxhamataj,hamlet,19.8849867,40.5710364
008,Baramaj (Aranitas),baramaj,hamlet,19.8249953,40.5911542
008,Lezaj (Aranitas),lezaj,hamlet,19.8384262,40.5852045
008,Rizan (Aranitas),rizan,hamlet,19.8499171,40.588746
008,Bregas (Aranitas),bregas,hamlet,19.8358147,40.5916358
008,Begaj (Aranitas),begaj,hamlet,19.8349566,40.5954037
008,Bozhaj (Aranitas),bozhaj,hamlet,19.8245476,40.5951204
008,Selita,selita,hamlet,19.8441717,40.5493817
008,Gjerbës-Laupaj,gjerbes-laupaj,hamlet,19.8532002,40.5572054
008,Pashaj (Plashnik i Vogël),pashaj,hamlet,19.9430754,40.5465751
008,Elezaj (Plashnik i Vogël),elezaj,hamlet,19.9213994,40.5535204
008,Skëndaj (Plashnik i Vogël),skendaj,hamlet,19.9342334,40.5543425
008,Goricë (Plashnik i Madh),gorice,hamlet,19.945687,40.5627041
008,Beqiraj (Plashnik i Madh),beqiraj,hamlet,19.9486343,40.557177
008,Hysaj (Plashnik i Madh),hysaj,hamlet,19.9651245,40.5391471
008,Çelaj (Plashnik i Vogël),celaj,hamlet,19.945202,40.5377295
008,Myrtallarët (Lapardha),myrtallaret,hamlet,19.9621403,40.7604617
008,Gjole (Lapardha),gjole,hamlet,19.9553278,40.7688114
008,Stan (Moravë),stan,hamlet,19.8951408,40.7626668
008,Pellgu (Perondi),pellgu,hamlet,19.9103186,40.7792765
008,Matangasit (Perondi),matangasit,hamlet,19.9243706,40.7846113
008,Muhollarë (Lapardha),muhollare,hamlet,19.9628391,40.7764399
008,Goxhollarë (Lapardha),goxhollare,hamlet,19.9670314,40.7815398
008,Ago (Krekëz),ago,hamlet,19.9854892,40.78805
008,Cidol (Balibardhë),cidol,hamlet,20.0343608,40.7816574
008,Avollarë (Moravë),avollare,hamlet,19.8913755,40.7685321
008,Isufaj (Koritëz),isufaj,hamlet,19.9813357,40.7749849
008,Bram (Ullinjas),bram,hamlet,19.9767552,40.7510523
008,Qerollas (Qereshnik),qerollas,hamlet,20.0176303,40.7637547
008,Vilë (Balibardhë),vile,hamlet,20.0370392,40.7717218
008,Goxhares (Balibardhë),goxhares,hamlet,20.0481023,40.775073
008,Isakasi (Kostren i Madh),isakasi,hamlet,20.050936,40.7649013
008,Ferti (Kostren i Vogël),ferti,hamlet,20.1023695,40.7571685
008,Kollçak (Jança),kollcak,hamlet,20.1068336,40.7757785
008,Mesme (Dardhë),mesme,hamlet,20.1446809,40.7590209
008,Beck (Dardhë),beck,hamlet,20.171931,40.7480527
008,Dukovë (Perisnak),dukove,hamlet,20.0952271,40.7442884
008,Vreshtë (Dardhë),vreshte,hamlet,20.1019814,40.7464941
008,Korçë (Kostren i Vogël),korce,hamlet,20.0489175,40.7460235
008,Mshollë (Qereshnik),msholle,hamlet,20.0173198,40.7449942
008,Cecaj (Mbreshtan),cecaj,hamlet,19.8652317,40.7373474
008,Presekë (Mbreshtan),preseke,hamlet,19.8717919,40.7314646
008,Danushaj (Konizbaltë),danushaj,hamlet,19.8570024,40.7390239
008,Xhaxhaj (Mbjeshovë),xhaxhaj,hamlet,19.8501316,40.6905355
008,Serdaraj (Allambrez),serdaraj,hamlet,19.830451,40.6928313
008,Cetë (Allambrez),cete,hamlet,19.8188445,40.7049857
008,Shushkaj (Allambrez),shushkaj,hamlet,19.8144581,40.6952741
008,Mulitaj (Starovë),mulitaj,hamlet,19.9083971,40.7104589
008,Lybeshar (Starovë),lybeshar,hamlet,19.9187226,40.7076635
008,Duranjak (Starovë),duranjak,hamlet,19.9175581,40.7026904
008,Pashollar (Palikesht),pashollar,hamlet,19.9183733,40.6987469
008,Goricë (Velabisht),gorice,hamlet,19.9463221,40.6971282
008,Kullau (Uznovë),kullau,hamlet,19.9896775,40.6929841
008,Velias (Uznovë),velias,hamlet,19.9873136,40.7047208
008,Duni (Mbjeshovë),duni,hamlet,19.8250553,40.6781135
008,Prokop (Paftal),prokop,hamlet,19.8779251,40.6717839
008,Shahaj (Kamçisht),shahaj,hamlet,19.8910067,40.6754345
008,Benollarët (Velabisht),benollaret,hamlet,19.9258651,40.6908593
008,Grëmshllinj (Palikesht),gremshllinj,hamlet,19.9262025,40.6805741
008,Pajë (Velabisht),paje,hamlet,19.9416562,40.6906916
008,Sinaj (Velabisht),sinaj,hamlet,19.9425051,40.6886121
008,Kamanaket (Velabisht),kamanaket,hamlet,19.9397408,40.6842218
008,Kule (Gjeroven),kule,hamlet,19.9344953,40.6669385
008,Çiflik (Velabisht),ciflik,hamlet,19.9366066,40.6758036
008,Tulan (Gjeroven),tulan,hamlet,19.9178662,40.6674998
008,Tulaj (Gjeroven),tulaj,hamlet,19.9140354,40.6633063
008,Talas (Zhitom i Vogël),talas,hamlet,19.9711489,40.6630091
008,Bejkollar (Bilçë),bejkollar,hamlet,19.9858844,40.6692333
008,Karkanjoz (Rabjak),karkanjoz,hamlet,20.0411043,40.6745655
008,Këlcyrë,kelcyre,town,20.1922837,40.3135075
008,Hysaj,hysaj,hamlet,19.9491012,41.4079895
008,Koplik,koplik,town,19.437214,42.2112922
008,Hasaj (Kurt-Kurtaj),hasaj,hamlet,19.5677634,42.210387
008,Shpellza (Kurt-Kurtaj),shpellza,hamlet,19.5854449,42.2080994
008,Gjelaj (Kokpapaj),gjelaj,hamlet,19.5864229,42.2178021
008,Rrjoll (Kokpapaj),rrjoll,hamlet,19.5905151,42.2324392
008,Dolç (Qafë Gradë),dolc,hamlet,19.5696937,42.2277321
008,Vuçaj (Vuç-Kurtaj),vucaj,hamlet,19.5276132,42.3151855
008,Rragam,rragam,village,19.6000004,42.0610045
008,Juban,juban,village,19.5747101,42.0249443
008,Bersakë,bersake,village,20.3546566,40.5250135
008,Fierzë,fierze,village,20.0157563,42.2607931
008,Mali i Zi,mali i zi,hamlet,19.6779852,42.6243612
008,Popadija,popadija,locality,19.7600403,42.5237446
008,Malësorët (Bushat),malesoret,hamlet,19.5364844,41.9848941
008,Bregvijë,bregvije,locality,19.3724836,41.8976494
008,Maja e Zezë (Mali i Rencit),maja e zeze,hamlet,19.5383013,41.8487003
008,Ujkaj (Malecaj),ujkaj,hamlet,19.5325477,41.8519335
008,Lagjja e Re (Malecaj),lagjja e re,hamlet,19.5535251,41.861856
008,Shqut (Malecaj),shqut,hamlet,19.5445975,41.8671848
008,Suka e Dushkut (Malecaj),suka e dushkut,hamlet,19.5350712,41.8627782
008,Skutaj (Shëngjin),skutaj,hamlet,19.608782,41.8083103
008,Hotaj (Mali i Jushit),hotaj,hamlet,19.5292503,41.9149729
008,Shkrel (Mali i Jushit),shkrel,hamlet,19.5066549,41.9246546
008,Jugë (Mali i Jushit),juge,hamlet,19.4925795,41.9280819
008,Rodhes (Mnella e Madhe),rodhes,hamlet,19.683267,41.9789377
008,Mjedë (Vau Dejës),mjede,hamlet,19.6301976,42.0113765
008,Markoll (Sheldi),markoll,hamlet,19.6110987,42.0416995
008,Gurrë,gurre,hamlet,20.1205661,42.1914155
008,Velaj (Melgushë),velaj,hamlet,19.5315257,41.9753068
008,Kolecaj (Hajmel),kolecaj,hamlet,19.6315968,41.9619032
008,Spitallë,spitalle,village,19.4434979,41.3407845
008,Shkalla e Sipërme (Farkë e Madhe),shkalla e siperme,hamlet,19.8829554,41.3097123
008,Sheljerët (Farkë e Madhe),sheljeret,hamlet,19.890957,41.3049822
008,Vorbaxhi (Farkë e Madhe),vorbaxhi,hamlet,19.8937749,41.311228
008,Ballaj (Surrel),ballaj,hamlet,19.8810071,41.323352
008,Shporesh (Priskë e Madhe),shporesh,hamlet,19.926999,41.311829
008,Kokli (Priskë e Madhe),kokli,hamlet,19.9366009,41.3088238
008,Lugjas (Priskë e Madhe),lugjas,hamlet,19.9339569,41.3151476
008,Kolpalaj (Priskë e Madhe),kolpalaj,hamlet,19.9179189,41.3191716
008,Lalaj (Priskë e Madhe),lalaj,hamlet,19.9136746,41.3250502
008,Varg (Lekbibaj),varg,hamlet,19.9298111,42.2794384
008,Zogaj,zogaj,village,19.4000594,42.0710018
008,Ujeza,ujeza,village,20.1802777,42.4717827
008,Zalli i Kuc,zalli i kuc,village,20.0673296,42.4730644
008,Tella e Kucaj,tella e kucaj,isolated_dwelling,20.1022607,42.4794094
008,Bišnat,bisnat,hamlet,19.7397312,42.6360579
008,Stanet e Koritave,stanet e koritave,isolated_dwelling,20.0810427,42.5033275
008,Stanet e Tërkuzit,stanet e terkuzit,isolated_dwelling,20.0318757,42.5130392
008,Stanet e Balqinës,stanet e balqines,isolated_dwelling,20.0261709,42.5241033
008,Stanet e Dobërdolit,stanet e doberdolit,isolated_dwelling,20.0704309,42.5470626
008,Stanet e Koshuticës,stanet e koshutices,isolated_dwelling,20.040712,42.5370452
008,Stanet e Livadhit të Çilës,stanet e livadhit te ciles,isolated_dwelling,20.0657656,42.5169056
008,Stanet e Kocajve,stanet e kocajve,isolated_dwelling,20.0592148,42.5249228
008,Stanet e Rreshkezes,stanet e rreshkezes,isolated_dwelling,20.1438664,42.5056762
008,Stanet e Sylbices,stanet e sylbices,isolated_dwelling,20.1315703,42.5106237
008,Stanet e Sylbices,stanet e sylbices,isolated_dwelling,20.1206213,42.5153181
008,Stanet e Ahmatajve,stanet e ahmatajve,isolated_dwelling,20.1187071,42.4451232
008,Stanet e Radeshes,stanet e radeshes,isolated_dwelling,20.1202277,42.4520576
008,Stanet e Begajve,stanet e begajve,isolated_dwelling,20.1113594,42.4531523
008,Stanet e Berzhdures,stanet e berzhdures,isolated_dwelling,20.1353076,42.4681195
008,Stanet e Qelise,stanet e qelise,isolated_dwelling,20.1374886,42.4875249
008,Brahaj (Kërrnajë),brahaj,hamlet,20.1205444,42.4173303
008,Stanet e Zapllakes,stanet e zapllakes,isolated_dwelling,20.1674345,42.4833306
008,Stanet e Herushës,stanet e herushes,isolated_dwelling,20.1099351,42.4662985
008,Stanet e Javorës,stanet e javores,isolated_dwelling,20.0415538,42.463895
008,Stanet e Zallit të Kucës,stanet e zallit te kuces,isolated_dwelling,20.0852843,42.4723561
008,Stani i Poshtëm,stani i poshtem,isolated_dwelling,20.0934232,42.4812826
008,Stanet e Përbujit,stanet e perbujit,isolated_dwelling,20.0901339,42.4871603
008,Stanet e Llushnicës,stanet e llushnices,isolated_dwelling,20.0632293,42.4904877
008,Stanet e Mullafcit,stanet e mullafcit,isolated_dwelling,20.0178331,42.4849679
008,Stanet e Bollotergit,stanet e bollotergit,isolated_dwelling,20.0377585,42.4775815
008,Stani i Vukajt,stani i vukajt,isolated_dwelling,20.0161674,42.4289809
008,Stanet e Kosharishtit,stanet e kosharishtit,isolated_dwelling,20.0075014,42.4450245
008,Stanet e Milloshit,stanet e milloshit,isolated_dwelling,19.9994469,42.4550594
008,Stanet e Rupës,stanet e rupes,isolated_dwelling,20.0040856,42.4752177
008,Stanet e Plavres,stanet e plavres,isolated_dwelling,19.7234201,42.2441182
008,Bajat (Bruçaj),bajat,hamlet,19.6615791,42.2214465
008,Stanet e Librices,stanet e librices,isolated_dwelling,19.7158241,42.1971134
008,Stanet e Luli Pergjonit,stanet e luli pergjonit,isolated_dwelling,19.6735096,42.2083831
008,Stanet e Gradites,stanet e gradites,isolated_dwelling,19.7142577,42.2099089
008,Stanet e Linit,stanet e linit,isolated_dwelling,19.7106743,42.2128968
008,Stanet e Kondaçit,stanet e kondacit,isolated_dwelling,19.7126269,42.2183795
008,Darëzezë e Re,darezeze e re,village,19.3794883,40.7167345
008,Pojanicë,pojanice,locality,19.6638143,42.6194911
008,Pila e Morines,pila e morines,locality,19.6690489,42.5586147
008,Pila e Zez,pila e zez,locality,19.727241,42.6125905
008,Grebeni,grebeni,locality,19.6890925,42.5645335
008,Pila e Haramis,pila e haramis,locality,19.7100266,42.5549793
008,Pila e Budaćit,pila e budacit,locality,19.7333339,42.5472116
008,Berovë,berove,hamlet,19.7067386,42.6523012
008,Përbicës,perbices,hamlet,19.6883221,42.6224861
008,Arra e Madhe,arra e madhe,neighbourhood,19.5187732,42.0611074
008,Lagjja 5,lagjja 5,suburb,19.522057,42.0607729
008,Lagjja 4,lagjja 4,suburb,19.5126181,42.0523841
008,Lagjja 3,lagjja 3,suburb,19.5275714,42.0729969
008,Lagjja 2,lagjja 2,suburb,19.5154644,42.0768994
008,Lagjja 1,lagjja 1,suburb,19.5007029,42.0649685
008,Vlashuk,vlashuk,village,19.9018997,40.854908
008,Gjocaj,gjocaj,village,20.0692427,41.7249613
008,Maja e Rakshanit,maja e rakshanit,village,19.7880922,41.5461086
008,Ish Fusha e Druve,ish fusha e druve,neighbourhood,19.7897529,41.3197962
008,Ish Zdruktharia,ish zdruktharia,neighbourhood,19.8082137,41.3172297
008,Ish Merkata,ish merkata,neighbourhood,19.813914,41.3178649
008,Njësia Bashkiake Nr. 1,njesia bashkiake nr 1,suburb,19.851001,41.3269075
008,Njësia Bashkiake Nr. 2,njesia bashkiake nr 2,suburb,19.8340969,41.3140229
008,Njësia Bashkiake Nr. 3,njesia bashkiake nr 3,suburb,19.8465281,41.3415049
008,Njësia Bashkiake Nr. 4,njesia bashkiake nr 4,suburb,19.8414937,41.351506
008,Njësia Bashkiake Nr. 5,njesia bashkiake nr 5,suburb,19.7978489,41.3172225
008,Njësia Bashkiake Nr. 6,njesia bashkiake nr 6,suburb,19.7726814,41.3168066
008,Njësia Bashkiake Nr. 7,njesia bashkiake nr 7,suburb,19.7933954,41.3282961
008,Njësia Bashkiake Nr. 8,njesia bashkiake nr 8,suburb,19.8240395,41.3458862
008,Njësia Bashkiake Nr. 9,njesia bashkiake nr 9,suburb,19.8098154,41.3405163
008,Njësia Bashkiake Nr. 10,njesia bashkiake nr 10,suburb,19.8136315,41.3266509
008,Njësia Bashkiake Nr. 11,njesia bashkiake nr 11,suburb,19.7820098,41.3485989
008,Stanet e Kucaj,stanet e kucaj,isolated_dwelling,20.1779574,42.4742106
008,Sulaj,sulaj,village,19.6290456,40.6140974
008,Konferenca e Pezës,konferenca e pezes,neighbourhood,19.5640272,40.730019
008,1 Maji,1 maji,neighbourhood,19.5618385,40.7223681
008,Bishanakë,bishanake,neighbourhood,19.5669293,40.7370676
008,29 Nëntori,29 nentori,neighbourhood,19.5609587,40.7306573
008,Kongresi i Përmetit,kongresi i permetit,neighbourhood,19.5643383,40.7284052
008,Shkafane,shkafane,locality,19.5637758,41.4817743
008,Pajove,pajove,village,19.8376574,41.0548543
008,Bejkovë,bejkove,village,20.6714603,40.3618618
008,Green Coast Residence,green coast residence,hamlet,19.5851965,40.1714739
008,Gjonmë jug,gjonme jug,neighbourhood,20.034724,41.0394843
008,Kryengritja e Fierit,kryengritja e fierit,neighbourhood,19.5544624,40.7161353
008,Afrim i Ri,afrim i ri,neighbourhood,19.5481538,40.7324622
008,15 Tetori,15 tetori,neighbourhood,19.555149,40.7308362
008,Liri,liri,neighbourhood,19.5692253,40.7309988
008,Liri Gero,liri gero,neighbourhood,19.5661354,40.7327874
008,Apollonia,apollonia,neighbourhood,19.5554495,40.7277954
008,Kastriot,kastriot,neighbourhood,19.553647,40.7251773
008,16 Prilli,16 prilli,neighbourhood,19.5503425,40.7190627
008,11 Janari,11 janari,neighbourhood,19.5581531,40.724039
008,Mbrostar,mbrostar,neighbourhood,19.5560932,40.7378927
008,8 Shkurti,8 shkurti,neighbourhood,19.5612001,40.736462
008,Hotel Fusha e Gjesë,hotel fusha e gjese,hamlet,19.8703016,42.4263305
008,Blloku Gintash,blloku gintash,neighbourhood,19.7904882,41.3389135
008,Velaj ( Cfir ),velaj,hamlet,19.8194683,40.6331829
008,Llixhat,llixhat,village,20.0727364,41.0347776
008,Katundi i Vjeter,katundi i vjeter,hamlet,19.6482587,41.8619825
008,Katundi i Ri,katundi i ri,hamlet,19.651631,41.8662785
008,Perkola,perkola,village,19.9304673,41.4463421
008,Dyrmishaj (Bubës 1),dyrmishaj,neighbourhood,20.1014207,40.4614773
008,Dulaj (Bubësi 1),dulaj,neighbourhood,20.0985169,40.4534896
008,Alliaj (Bubësi 1),alliaj,neighbourhood,20.0985688,40.4566309
008,Memajdini (Bubësi 1),memajdini,neighbourhood,20.1012869,40.4561684
008,Durajt e siperm,durajt e siperm,neighbourhood,20.0980619,40.4631653
008,Bendaj (Bubësi 1),bendaj,neighbourhood,20.0976368,40.4594325
008,Zotaj (Bubësi 1),zotaj,neighbourhood,20.1024634,40.4489964
008,Qafa e Cfir-it,qafa e cfir-it,neighbourhood,19.8104042,40.6474578
008,Shën Mëri,shen meri,village,20.0660483,41.3409767
008,Shendelli,shendelli,hamlet,19.80283,40.5825214
008,Mareca,mareca,hamlet,19.960537,41.4214503
008,Mangalem,mangalem,neighbourhood,19.949939,40.705387
008,Goricë,gorice,neighbourhood,19.9467161,40.7025662
008,Shënkoll,shenkoll,hamlet,19.3747595,41.8807222
008,Barlaj,barlaj,hamlet,19.4194574,42.358966
008,Kozarë,kozare,village,19.9024089,40.8336621
008,Dobërgorë,dobergore,locality,20.832063,40.5041982
008,Οψάδα,opsada,hamlet,20.3842713,40.0378608
008,Tregu Çam,tregu cam,neighbourhood,19.8140702,41.327265
008,Spac Copper Mine,spac copper mine,locality,20.0481314,41.9014737
008,Fushë Studën,fushe studen,village,20.3967309,41.3239844
008,"Dubravë, Tropojë",dubrave tropoje,village,20.0813715,42.3383396
008,Scampa,scampa,suburb,20.0810355,41.1146031
008,Korçë,korce,city,20.7772187,40.6158967
008,Xhameta(Sharrë),xhameta,neighbourhood,19.7690729,41.3007275
008,Muhametaj,muhametaj,hamlet,19.8340891,40.7190286
008,Hoxhaj,hoxhaj,hamlet,19.832831,40.7175855
008,Shkolla Baki Velcani(Bistrovicë),shkolla baki velcani,hamlet,19.829953,40.7139941
008,Rakovë,rakove,hamlet,19.8400084,40.7064709
008,Lungomare,lungomare,suburb,19.4959128,40.442011
008,Kompleksi Vizion,kompleksi vizion,neighbourhood,19.8029536,41.3370189
008,Rrota E Kuqe,rrota e kuqe,neighbourhood,19.4831998,41.3108915
008,Saliaj,saliaj,hamlet,19.830829,40.7188795
008,Bistrovicë,bistrovice,village,19.8319616,40.7184639
008,Rrapaj (Cfir),rrapaj,hamlet,19.8170872,40.6356801
008,Dretovë,dretove,hamlet,20.0937687,42.4034087
008,Hoxhaj,hoxhaj,hamlet,20.1439501,42.4176208
008,Markaj,markaj,village,20.0540927,42.3525671
008,Kompleksi Delijorgji,kompleksi delijorgji,neighbourhood,19.7937405,41.3222754
008,Talea Coast,talea coast,neighbourhood,19.5834054,41.6958221
008,Talea Coast,talea coast,neighbourhood,19.5835498,41.6960144
008,Njësia Administrative Bathore,njesia administrative bathore,suburb,19.7949835,41.3771124
008,Shenkoll,shenkoll,hamlet,19.8049298,41.1268272
008,Roshnik i Vogël,roshnik i vogel,village,20.0320754,40.7245692
008,Kastriot,kastriot,village,20.3767975,41.7297366
008,Mesit,mesit,village,19.9853771,40.677013
008,Byshek,byshek,village,20.1251138,41.0996999
008,Llovinë e Sipërme,llovine e siperme,village,20.3655542,39.8455911
008,Tushaj,tushaj,village,20.1145216,41.5430637
008,Shenkolle,shenkolle,hamlet,20.1084855,41.5329318
008,Balaj,balaj,hamlet,20.101646,41.5253523
008,Gjurra,gjurra,hamlet,20.0589784,41.561033
008,Tafa,tafa,hamlet,20.0662342,41.5833034
008,Kupren,kupren,hamlet,20.0792519,41.5808231
008,Mjeshtrit,mjeshtrit,hamlet,20.0767189,41.4915239
008,Psare,psare,hamlet,20.0626181,41.5003538
008,Splaj,splaj,hamlet,20.0456364,41.4810258
008,Stafaj,stafaj,hamlet,20.0258887,41.4551473
008,Dishaj,dishaj,hamlet,20.0038393,41.4748199
008,Kocaj,kocaj,hamlet,19.9764923,41.4478987
008,Kurth,kurth,hamlet,19.9385109,41.4043161
008,Kutrreq,kutrreq,hamlet,19.9298124,41.397704
008,Fezaj,fezaj,hamlet,19.9274452,41.4314355
008,Albajt,albajt,hamlet,19.8584435,41.417827
008,Dedaj,dedaj,hamlet,19.9542621,41.4776216
008,Kamera,kamera,hamlet,19.963922,41.4734981
008,Liqe,liqe,hamlet,19.9712871,41.4710708
008,Malfoli,malfoli,hamlet,19.9710517,41.4628843
008,Bumaj,bumaj,hamlet,19.9565416,41.4492726
008,Peraj,peraj,hamlet,19.9305296,41.4392277
008,Gjura,gjura,hamlet,20.3408324,41.5150752
008,Fangu,fangu,hamlet,20.3439626,41.5201599
008,Rashnapojë,rashnapoje,village,20.4097218,41.6875945
008,Kabe,kabe,hamlet,20.4160669,41.6971583
008,Rokshi,rokshi,hamlet,20.4106426,41.7130625
008,Vajmëdhej,vajmedhej,village,20.3259896,41.7026686
008,Tre Urat,tre urat,village,19.6145562,40.9917277
008,Zall Rripe,zall rripe,hamlet,20.0319154,41.5642589
008,Hoxhaj,hoxhaj,hamlet,19.9671172,41.5949133
008,Hardhishtë,hardhishte,village,19.5943106,41.3129596
008,Kasallë,kasalle,village,19.7710929,41.407726
008,4 Rrugët,4 rruget,village,19.5478804,41.3432061
008,Hodallar,hodallar,village,20.7154761,40.3485735
008,Kunë,kune,suburb,19.6040897,41.7948896
008,Njësia Administrative Nr.2,njesia administrative nr 2,suburb,19.7594349,41.3727582
008,Njësia Administrative Nr.1,njesia administrative nr 1,suburb,19.7371904,41.39077
008,Njësia Administrative Paskuqan,njesia administrative paskuqan,suburb,19.8263904,41.3537814
008,Bathore,bathore,suburb,19.7791754,41.3717957
008,Fshati Burrel,fshati burrel,village,20.0014679,41.6097658
008,Karicë,karice,village,19.9389381,41.6116059
008,Blatit,blatit,village,19.9305689,41.6556984
008,Rreth-Baz,rreth-baz,village,19.9550908,41.6561282
008,Shezë,sheze,village,19.8173878,41.0256514
