country_id,name,name_norm,place,lon,lat
233,Kadrina,kadrina,village,26.137247,59.3423685
233,Narva,narva,town,28.1919315,59.3767458
233,Pärnu,parnu,town,24.502831,58.3870833
233,Aseri,aseri,village,26.8662369,59.4521441
233,Kunda,kunda,town,26.5175577,59.5021795
233,Võsu,vosu,village,25.9691728,59.576457
233,Viitna,viitna,hamlet,26.0116445,59.4566992
233,Tapa,tapa,town,25.9626869,59.2618575
233,Väike-Maarja,vaike-maarja,village,26.2512982,59.1296749
233,Simuna,simuna,village,26.4002391,59.0454317
233,Paldiski,paldiski,town,24.0801736,59.349089
233,Saku,saku,village,24.6616389,59.2996679
233,Hageri,hageri,village,24.6555173,59.1598653
233,Kohila,kohila,village,24.7518154,59.1651741
233,Ääsmäe,aasmae,hamlet,24.5036506,59.2435221
233,Rabivere,rabivere,hamlet,24.6825919,59.1147588
233,Valga,valga,town,26.0315628,57.777034
233,Keila-Joa,keila-joa,village,24.2992911,59.3955072
233,Vääna,vaana,hamlet,24.4159265,59.3909052
233,Kiia,kiia,hamlet,24.4931055,59.3634223
233,Keila,keila,town,24.420907,59.3110918
233,Kiikla,kiikla,hamlet,27.2381378,59.2805219
233,Iisaku,iisaku,village,27.31056,59.1010096
233,Avinurme,avinurme,village,26.8651889,58.9847077
233,Tallinn,tallinn,city,24.7572802,59.4372419
233,Näpi,napi,village,26.4139758,59.3634252
233,Triigi,triigi,hamlet,26.3347314,59.1147153
233,Käravete,karavete,village,25.7549976,59.1908962
233,Lehtmetsa,lehtmetsa,hamlet,25.5957724,59.2119949
233,Albu,albu,hamlet,25.6606884,59.1539307
233,Järva-Madise,jarva-madise,hamlet,25.6613363,59.1204675
233,Roosna-Alliku,roosna-alliku,village,25.7066763,59.029535
233,Narva-Jõesuu,narva-joesuu,town,28.0421001,59.4596435
233,Tõrva,torva,town,25.9253612,58.0028204
233,Holstre,holstre,hamlet,25.6911998,58.2774133
233,Mustla,mustla,village,25.8583921,58.234288
233,Viljandi,viljandi,town,25.5878074,58.36454
233,Rapla,rapla,town,24.794397,59.0056905
233,Ikla,ikla,hamlet,24.3621284,57.8787761
233,Reola,reola,hamlet,26.717748,58.2937464
233,Haapsalu,haapsalu,town,23.5414798,58.9399019
233,Rohuküla,rohukula,hamlet,23.4293809,58.9056612
233,Torma,torma,village,26.7397624,58.8199335
233,Soonda,soonda,hamlet,23.2565668,58.6054313
233,Viira,viira,hamlet,23.2094972,58.6045425
233,Piiri,piiri,hamlet,23.1967145,58.6025324
233,Vahtraste,vahtraste,hamlet,23.2909011,58.6495149
233,Raugi,raugi,hamlet,23.2820342,58.655571
233,Kallaste,kallaste,hamlet,23.2475806,58.6654129
233,Tupenurme,tupenurme,hamlet,23.2240909,58.646407
233,Kapi,kapi,hamlet,23.2333338,58.6375594
233,Levalõpme,levalopme,hamlet,23.2338352,58.6240282
233,Nõmmküla,nommkula,hamlet,23.1922817,58.6719133
233,Mõisaküla,moisakula,hamlet,23.1739772,58.6612176
233,Külasema,kulasema,hamlet,23.1870927,58.6304584
233,Mäla,mala,hamlet,23.2777523,58.5832724
233,Pädaste,padaste,hamlet,23.2816205,58.5510247
233,Nurme,nurme,hamlet,23.2105927,58.5782214
233,Vanamõisa,vanamoisa,hamlet,23.202222,58.5916001
233,Ridasi,ridasi,hamlet,23.2071455,58.5832679
233,Igaküla,igakula,hamlet,23.1153588,58.6012532
233,Koguva,koguva,hamlet,23.0837311,58.5954324
233,Rootsivere,rootsivere,hamlet,23.1221725,58.5862544
233,Kuivastu,kuivastu,hamlet,23.3911181,58.573009
233,Hellamaa,hellamaa,hamlet,23.3209512,58.5979054
233,Kernu,kernu,hamlet,24.4991546,59.136373
233,Haiba,haiba,hamlet,24.4745645,59.1298469
233,Riisipere,riisipere,village,24.3056808,59.1183717
233,Madise,madise,hamlet,24.126578,59.2908171
233,Munalaskme,munalaskme,hamlet,24.257822,59.1863812
233,Kiisa,kiisa,village,24.6847451,59.2410297
233,Rahula,rahula,hamlet,24.5684748,59.2937888
233,Üksnurme,uksnurme,hamlet,24.622705,59.2843289
233,Saue,saue,hamlet,24.5769178,59.3062096
233,Juuliku,juuliku,hamlet,24.6342785,59.3105742
233,Jälgimäe,jalgimae,hamlet,24.6249367,59.3230635
233,Vanamõisa,vanamoisa,hamlet,24.5441493,59.3296667
233,Alliku,alliku,hamlet,24.5526297,59.3449176
233,Laagri,laagri,village,24.6050702,59.3504956
233,Tõdva,todva,hamlet,24.7309422,59.2719017
233,Rummu,rummu,village,24.2008033,59.2322871
233,Kloogaranna,kloogaranna,hamlet,24.2585302,59.3443557
233,Niitvälja,niitvalja,hamlet,24.3155046,59.3177723
233,Lehola,lehola,hamlet,24.326231,59.2919078
233,Valingu,valingu,hamlet,24.4860486,59.3064582
233,Jõgisoo,jogisoo,hamlet,24.514244,59.2789508
233,Jäneda,janeda,hamlet,25.6790199,59.2438559
233,Viinistu,viinistu,hamlet,25.7503485,59.645822
233,Loksa,loksa,town,25.7220243,59.5816105
233,Pedassaare,pedassaare,hamlet,26.0397145,59.6149891
233,Sadala,sadala,village,26.6015561,58.8674126
233,Palamuse,palamuse,village,26.5840135,58.6842026
233,Kaarepere,kaarepere,hamlet,26.5148817,58.6610648
233,Mustvee,mustvee,town,26.9347826,58.8484008
233,Lohusuu,lohusuu,village,27.0472707,58.948988
233,Võru,voru,town,27.0086505,57.8385759
233,Elva,elva,town,26.4131027,58.2233379
233,Kallaste,kallaste,town,27.1631379,58.6631199
233,Varnja,varnja,village,27.2388279,58.4933472
233,Kokora,kokora,hamlet,27.0520778,58.6380394
233,Koosa,koosa,hamlet,27.0794875,58.5254614
233,Tamsalu,tamsalu,town,26.1105674,59.1614172
233,Malla,malla,hamlet,26.5803206,59.4978972
233,Koovälja,koovalja,hamlet,26.4537793,59.3743227
233,Lõuta,louta,isolated_dwelling,26.4689965,59.3834474
233,Kohala-Eesküla,kohala-eeskula,hamlet,26.5030475,59.3965921
233,Kohala,kohala,hamlet,26.5299627,59.4094586
233,Jäätma,jaatma,hamlet,26.5033214,59.4365814
233,Linnuse,linnuse,hamlet,26.5320986,59.4808984
233,Aresi,aresi,hamlet,26.4577771,59.4177123
233,Nurme,nurme,hamlet,26.436384,59.3946701
233,Ubja,ubja,hamlet,26.429134,59.4124537
233,Roodevälja,roodevalja,hamlet,26.3942203,59.3749644
233,Essu,essu,hamlet,26.3682014,59.4301653
233,Põdruse,podruse,hamlet,26.3401908,59.4191934
233,Männiku,manniku,isolated_dwelling,26.3062898,59.4457169
233,Tatruse,tatruse,hamlet,26.2727766,59.4444046
233,Haljala,haljala,village,26.2659471,59.4326401
233,Kandle,kandle,hamlet,26.2683245,59.5047709
233,Karula,karula,hamlet,26.2364721,59.5385649
233,Pajuveski,pajuveski,hamlet,26.2399621,59.5560665
233,Andi,andi,hamlet,26.2804397,59.5576795
233,Eisma,eisma,hamlet,26.2974402,59.5665656
233,Vainupea,vainupea,hamlet,26.2744252,59.5785476
233,Karepa,karepa,hamlet,26.4087768,59.5390655
233,Tidriku,tidriku,hamlet,26.4239824,59.5235033
233,Selja,selja,hamlet,26.4064,59.4935385
233,Kutsala,kutsala,hamlet,26.6073933,59.481952
233,Kanguristi,kanguristi,hamlet,26.6534937,59.4631883
233,Vasta,vasta,hamlet,26.6909845,59.4551775
233,Koila,koila,hamlet,26.7203799,59.4631883
233,Unukse,unukse,hamlet,26.7173874,59.4758052
233,Risti,risti,village,24.0580436,58.9974838
233,Alatskivi,alatskivi,village,27.1367386,58.6006087
233,Kolkja,kolkja,village,27.2155754,58.5526896
233,Jaunāmuiža,jaunamuiza,hamlet,26.3126591,57.580925
233,Nina,nina,hamlet,27.202088,58.609119
233,Ranna,ranna,hamlet,27.0938648,58.732368
233,Raja,raja,hamlet,26.9446411,58.8257869
233,Harku,harku,village,24.5826355,59.385532
233,Hüüru,huuru,hamlet,24.5338578,59.3796638
233,Tabasalu,tabasalu,village,24.5417028,59.4280892
233,Rannamõisa,rannamoisa,hamlet,24.5014548,59.4399752
233,Lohusalu,lohusalu,hamlet,24.1976248,59.4027729
233,Kasemetsa,kasemetsa,hamlet,24.673013,59.2711175
233,Männiku,manniku,hamlet,24.6922036,59.3403349
233,Tänassilma,tanassilma,hamlet,24.6342464,59.3403023
233,Laiküla,laikula,hamlet,23.9757781,58.7707629
233,Virtsu,virtsu,village,23.5115016,58.5715648
233,Konguta,konguta,hamlet,26.2878345,58.2280281
233,Rannu,rannu,village,26.2196368,58.2385895
233,Rõngu,rongu,village,26.2481012,58.1435636
233,Lihula,lihula,town,23.8324163,58.6846426
233,Kilingi-Nõmme,kilingi-nomme,town,24.9627322,58.1530218
233,Otepää,otepaa,town,26.4960599,58.0584907
233,Jõhvi,johvi,town,27.4135654,59.3579433
233,Vihula,vihula,hamlet,26.1816463,59.5465337
233,Ihamaru,ihamaru,hamlet,26.8970617,58.0618619
233,Saverna,saverna,hamlet,26.7372564,58.0702827
233,Piigaste,piigaste,hamlet,26.8173799,58.0903107
233,Kanepi,kanepi,village,26.7627252,57.9819789
233,Karaski,karaski,hamlet,26.8588332,58.047152
233,Puskaru,puskaru,hamlet,26.9320066,58.0023985
233,Karilatsi,karilatsi,hamlet,26.9221213,58.1227335
233,Tutermaa,tutermaa,hamlet,24.4733215,59.3276603
233,Kumna,kumna,hamlet,24.4403282,59.3294029
233,Kergu,kergu,hamlet,24.7528018,58.6681966
233,Kaisma,kaisma,hamlet,24.7751178,58.6864907
233,Kõnnu,konnu,hamlet,24.8187114,58.7172234
233,Selja,selja,hamlet,24.8137416,58.7516465
233,Järvakandi,jarvakandi,village,24.8116817,58.7769273
233,Saare,saare,hamlet,23.5673311,59.0231377
233,Nõva,nova,hamlet,23.6883033,59.2247102
233,Harju-Risti,harju-risti,hamlet,24.003862,59.22769
233,Vihterpalu,vihterpalu,hamlet,23.874523,59.2611838
233,Keibu,keibu,hamlet,23.7480308,59.2575868
233,Rannaküla,rannakula,hamlet,23.6622908,59.2408074
233,Alliklepa,alliklepa,hamlet,23.7806232,59.2696689
233,Ristna,ristna,isolated_dwelling,23.7338024,59.2686331
233,Tuksi,tuksi,hamlet,23.5402009,59.1764016
233,Spithami,spithami,hamlet,23.5241468,59.2222397
233,Peraküla,perakula,hamlet,23.6271673,59.2084746
233,Dirhami,dirhami,hamlet,23.4937468,59.2084746
233,Rooslepa,rooslepa,hamlet,23.5109795,59.1873191
233,Riguldi,riguldi,hamlet,23.5435302,59.1276644
233,Linnamäe,linnamae,hamlet,23.7175373,58.9935022
233,Padise,padise,hamlet,24.1419118,59.2274548
233,Loo,loo,village,24.9474917,59.4326121
233,Lagedi,lagedi,village,24.9386139,59.4021362
233,Lelle,lelle,village,25.0038455,58.8639565
233,Kostivere,kostivere,village,25.0961522,59.426969
233,Alu,alu,village,24.7683851,59.0233042
233,Varbola,varbola,hamlet,24.4551223,59.0445043
233,Ämari,amari,village,24.2391185,59.2475544
233,Klooga,klooga,village,24.2367683,59.3204946
233,Laulasmaa,laulasmaa,hamlet,24.2422503,59.3709546
233,Vääna-Jõesuu,vaana-joesuu,hamlet,24.3655143,59.4332361
233,Neeme,neeme,hamlet,25.1584564,59.5296811
233,Tõhelgi,tohelgi,hamlet,25.1446864,59.3549336
233,Viru-Nigula,viru-nigula,village,26.6927388,59.4456872
233,Kohtla-Järve,kohtla-jarve,town,27.2880288,59.4025488
233,Pärispea,parispea,hamlet,25.6945713,59.6547746
233,Kolga,kolga,village,25.6155943,59.4897477
233,Kuusalu,kuusalu,village,25.4322599,59.443875
233,Kiiu,kiiu,village,25.3865743,59.4478601
233,Valkla,valkla,hamlet,25.332353,59.480334
233,Kaberneeme,kaberneeme,hamlet,25.2729582,59.5188436
233,Koogi,koogi,hamlet,25.1720213,59.4423041
233,Jõelähtme,joelahtme,hamlet,25.1445941,59.440684
233,Valgejõe,valgejoe,hamlet,25.7891439,59.4688249
233,Kolgaküla,kolgakula,hamlet,25.6986663,59.527528
233,Leesi,leesi,hamlet,25.5009245,59.6061548
233,Londi,londi,hamlet,26.1414658,57.7574086
233,Kaagjärve,kaagjarve,hamlet,26.1812851,57.7665693
233,Pugritsa,pugritsa,hamlet,26.1888444,57.7407368
233,Pikkjärve,pikkjarve,hamlet,26.2832519,57.7665693
233,Karula,karula,hamlet,26.3052308,57.7559433
233,Lüllemäe,lullemae,hamlet,26.3704091,57.7504779
233,Kursi,kursi,hamlet,25.5127788,59.4370519
233,Härmakosu,harmakosu,hamlet,25.4454876,59.3953903
233,Liiva,liiva,hamlet,23.23262,58.6057586
233,Keedika,keedika,hamlet,23.8250515,59.0316873
233,Aulepa,aulepa,hamlet,23.583009,59.0708838
233,Sutlepa,sutlepa,hamlet,23.6077282,59.0534098
233,Suure-Jaani,suure-jaani,town,25.4649476,58.5373755
233,Luhamaa,luhamaa,locality,27.3729363,57.6421726
233,Kildu,kildu,hamlet,25.4072511,58.4763432
233,Sürgavere,surgavere,hamlet,25.5139104,58.4848171
233,Mudiste,mudiste,hamlet,25.5874021,58.5057289
233,Saarepeedi,saarepeedi,hamlet,25.6804684,58.4331961
233,Epra,epra,hamlet,25.4430731,58.5066324
233,Pärsti,parsti,hamlet,25.534029,58.423394
233,Olustvere,olustvere,village,25.5629558,58.5551811
233,Tääksi,taaksi,hamlet,25.6266349,58.517869
233,Ülde,ulde,hamlet,25.6623791,58.5190207
233,Kerita,kerita,hamlet,25.5531595,58.4908835
233,Kabila,kabila,hamlet,25.4814148,58.4736157
233,Jaska,jaska,hamlet,25.5817122,58.5324471
233,Kõidama,koidama,hamlet,25.4943261,58.539419
233,Munsi,munsi,hamlet,25.4821014,58.4960604
233,Vastemõisa,vastemoisa,hamlet,25.4413318,58.4407144
233,Soomevere,soomevere,hamlet,25.5923724,58.6308592
233,Vändra,vandra,village,25.0326061,58.6577654
233,Reegoldi,reegoldi,hamlet,25.5245662,58.5696602
233,Võhma,vohma,town,25.554875,58.6318567
233,Võistre,voistre,hamlet,25.5946889,58.442981
233,Arkma,arkma,hamlet,25.6042042,58.6622694
233,Särevere,sarevere,village,25.4293885,58.786779
233,Vanamõisa,vanamoisa,hamlet,25.4793978,58.4481025
233,Audru,audru,village,24.3618179,58.4138754
233,Jõõpre,joopre,hamlet,24.3249104,58.4723824
233,Varbla,varbla,hamlet,23.7497553,58.4295745
233,Raheste,raheste,hamlet,23.7671449,58.4205908
233,Aruküla,arukula,hamlet,23.765085,58.4168149
233,Õhu,ohu,hamlet,23.7891176,58.3862339
233,Auksi,auksi,hamlet,25.5958886,58.4628653
233,Vargamäe,vargamae,isolated_dwelling,25.5887246,59.1125956
233,Kaalepi,kaalepi,hamlet,25.685807,59.0945057
233,Venevere,venevere,hamlet,25.7266331,58.59851
233,Kõo,koo,hamlet,25.7290578,58.6338508
233,Käsmu,kasmu,hamlet,25.9209904,59.6035479
233,Rakvere,rakvere,town,26.3617173,59.3482229
233,Põltsamaa,poltsamaa,town,25.9791,58.6548999
233,Kolga-Jaani,kolga-jaani,village,25.946647,58.5332576
233,Puka,puka,village,26.2436369,58.0559139
233,Are,are,village,24.5602658,58.5250028
233,Pärnjõe,parnjoe,hamlet,24.925647,58.6332863
233,Aluste,aluste,hamlet,24.9292519,58.6188082
233,Piistaoja,piistaoja,hamlet,24.8959496,58.5309178
233,Suigu,suigu,hamlet,24.6806862,58.5298424
233,Tali,tali,hamlet,24.7811081,58.0637282
233,Sindi,sindi,town,24.6583155,58.4075128
233,Elistvere,elistvere,hamlet,26.6848115,58.574795
233,Koeru,koeru,village,26.0289464,58.9660596
233,Kuimetsa,kuimetsa,hamlet,25.1218065,59.0450766
233,Väätsa,vaatsa,village,25.4569074,58.8924758
233,Vana-Antsla,vana-antsla,village,26.5243971,57.8599824
233,Antsla,antsla,town,26.5288641,57.8292138
233,Uue-Antsla,uue-antsla,hamlet,26.5439645,57.8761465
233,Sõmerpalu,somerpalu,village,26.828474,57.8523575
233,Kärdla,kardla,town,22.7411446,59.0012422
233,Koluvere,koluvere,hamlet,24.104948,58.9029612
233,Vana-Võidu,vana-voidu,hamlet,25.6590843,58.3916815
233,Kõpu,kopu,village,25.3042073,58.3267122
233,Jõgeva,jogeva,town,26.3872444,58.7441059
233,Ivaski,ivaski,hamlet,25.3642578,58.420481
233,Raudna,raudna,hamlet,25.4712546,58.3430107
233,Heimtali,heimtali,hamlet,25.5002579,58.3195749
233,Tartu,tartu,city,26.7290023,58.3779528
233,Karksi-Nuia,karksi-nuia,town,25.5470344,58.1027546
233,Karksi,karksi,hamlet,25.5854415,58.1149814
233,Polli,polli,hamlet,25.5430788,58.1243536
233,Järni,jarni,hamlet,26.2646959,59.2876862
233,Päide,paide,hamlet,26.3493974,59.3832463
233,Puhja,puhja,village,26.3086509,58.3404968
233,Salevere,salevere,hamlet,23.5925793,58.6842161
233,Kõmsi,komsi,hamlet,23.6349568,58.6240328
233,Nasva,nasva,village,22.3815016,58.2284594
233,Noku talu,noku talu,locality,25.5114286,59.1875606
233,Kõrgoja,korgoja,locality,25.0932025,58.5163164
233,Kose,kose,village,25.169506,59.183492
233,Pilistvere,pilistvere,hamlet,25.7445716,58.6625289
233,Soomaa külastuskeskus,soomaa kulastuskeskus,locality,25.0307911,58.4310751
233,Röa,roa,hamlet,24.8004833,59.1014238
233,Jämejala,jamejala,hamlet,25.5819774,58.3887705
233,Lepna,lepna,village,26.2905835,59.3309032
233,Kohtla-Nõmme,kohtla-nomme,village,27.1936083,59.3546975
233,Räpina,rapina,town,27.4638372,58.0976877
233,Adavere,adavere,village,25.899366,58.7086093
233,Pajusi,pajusi,hamlet,25.9396027,58.7056968
233,Mäo,mao,hamlet,25.6116308,58.9100056
233,Imavere,imavere,hamlet,25.7723726,58.7349227
233,Mäeküla,maekula,hamlet,25.6908402,58.8797659
233,Värska,varska,village,27.6332601,57.9583969
233,Järva-Jaani,jarva-jaani,village,25.881395,59.0421342
233,Tabivere,tabivere,village,26.6064311,58.5490356
233,Hummuli,hummuli,village,26.0551386,57.9055217
233,Soe,soe,hamlet,26.046296,57.9112903
233,Kamari,kamari,village,25.9990664,58.5980823
233,Umbusi,umbusi,hamlet,26.1053772,58.5807671
233,Sojamaa,sojamaa,hamlet,26.6272327,58.4758671
233,Lähte,lahte,village,26.6823215,58.4955893
233,Kõrveküla,korvekula,village,26.763553,58.424375
233,Tantsumägi,tantsumagi,locality,25.9158682,57.9969334
233,Zerna,zerna,locality,27.3336907,58.0220584
233,Veriora,veriora,village,27.3549846,58.0062149
233,Murru,murru,locality,27.3415277,58.017766
233,Tilleoja,tilleoja,locality,27.3368188,58.0206508
233,Savikoti,savikoti,hamlet,25.4789471,58.4200883
233,Kootsi,kootsi,hamlet,25.2768149,58.5833674
233,Vihi,vihi,hamlet,25.3842979,58.5803987
233,Rääka,raaka,hamlet,25.3643497,58.5603409
233,Karjasoo,karjasoo,hamlet,25.2784948,58.5596325
233,Sandra,sandra,hamlet,25.1569086,58.4242944
233,Kibaru,kibaru,hamlet,25.2743141,58.5069677
233,Jälevere,jalevere,hamlet,25.4125641,58.6003675
233,Võhmassaare,vohmassaare,hamlet,25.528345,58.6166185
233,Taevere,taevere,hamlet,25.4785972,58.5749835
233,Navesti,navesti,hamlet,25.5322517,58.583644
233,Põhjaka,pohjaka,hamlet,25.4152168,58.5613802
233,Keskväljak,keskvaljak,locality,26.3619174,59.3482241
233,Lahmuse,lahmuse,hamlet,25.4463092,58.5582094
233,Ängi,angi,hamlet,25.4107771,58.5345751
233,Päraküla,parakula,hamlet,25.455507,58.5458795
233,Arjadi,arjadi,hamlet,25.3903009,58.5185055
233,Lõhavere,lohavere,hamlet,25.493694,58.5504985
233,Nuutre,nuutre,hamlet,25.4836434,58.5299878
233,Vatsla,vatsla,hamlet,24.5302054,59.3972385
233,Kärevere,karevere,hamlet,25.5347446,58.5413754
233,Tällevere,tallevere,hamlet,25.5212139,58.5199417
233,Eidapere,eidapere,village,24.9443009,58.753986
233,Valgjärve,valgjarve,hamlet,26.6440524,58.0848075
233,Sihva,sihva,hamlet,26.4371342,58.0109802
233,Pühajärve,puhajarve,hamlet,26.4632152,58.0461291
233,Sangaste,sangaste,village,26.3263264,57.9260278
233,Kääriku,kaariku,hamlet,26.3928608,58.0043244
233,Keeni,keeni,hamlet,26.2697503,57.9546764
233,Nüpli,nupli,hamlet,26.494384,58.0375324
233,Partsi,partsi,hamlet,27.1747282,58.0128108
233,Timo,timo,hamlet,27.1479023,57.9699235
233,Himmaste,himmaste,hamlet,27.0909258,58.0878297
233,Taevaskoja,taevaskoja,hamlet,27.037253,58.1030695
233,Kauksi,kauksi,hamlet,27.2283217,58.0919547
233,Leevaku,leevaku,hamlet,27.3444005,58.0915645
233,Valma,valma,hamlet,25.9615677,58.3683859
233,Väluste,valuste,hamlet,25.8802101,58.3047151
233,Pahuvere,pahuvere,hamlet,25.7005917,58.1774173
233,Jõesuu,joesuu,hamlet,24.9035134,58.4948649
233,Tori,tori,village,24.8151511,58.482514
233,Mõnnaste,monnaste,hamlet,25.8183617,58.3044398
233,Loodi,loodi,hamlet,25.579861,58.2743172
233,Viiratsi,viiratsi,village,25.643815,58.3600149
233,Uusna,uusna,hamlet,25.7462645,58.3895104
233,Vastseliina,vastseliina,village,27.2822103,57.7324535
233,Misso,misso,village,27.2286243,57.6019729
233,Haanja,haanja,hamlet,27.0549091,57.7201307
233,Murati,murati,hamlet,27.0876019,57.590799
233,Käbli,kabli,hamlet,27.1627104,57.6017393
233,Ruusmäe,ruusmae,hamlet,27.0876027,57.6373635
233,Villa,villa,hamlet,27.0811895,57.686721
233,Plaksi,plaksi,hamlet,27.0608606,57.7076764
233,Kokõmäe,kokomae,hamlet,27.0044705,57.7126154
233,Rõuge,rouge,village,26.9186211,57.729992
233,Kose,kose,village,27.0331231,57.8144111
233,Verijärve,verijarve,hamlet,27.0652265,57.8085218
233,Krabi,krabi,hamlet,26.8350218,57.6109802
233,Liguri,liguri,hamlet,26.7978668,57.5943021
233,Rosma,rosma,hamlet,27.07357,58.0434582
233,Kiidjärve,kiidjarve,hamlet,27.0145483,58.1373531
233,Vissi,vissi,hamlet,26.6918649,58.173745
233,Valgemetsa,valgemetsa,hamlet,26.9674653,58.1467317
233,Ahja,ahja,village,27.0741004,58.2083871
233,Ilmatsalu,ilmatsalu,village,26.5592703,58.3881235
233,Rõhu,rohu,hamlet,26.5187733,58.3530266
233,Rämsi,ramsi,hamlet,26.3759462,58.3591378
233,Lalsi,lalsi,hamlet,26.0283013,58.4844839
233,Pajusti,pajusti,village,26.4119149,59.2807343
233,Vinni,vinni,village,26.4289586,59.2925209
233,Järtsaare,jartsaare,hamlet,25.8470493,58.5598848
233,Kabala,kabala,hamlet,25.6306168,58.6926595
233,Metsaküla,metsakula,hamlet,25.5698807,58.7730623
233,Oisu,oisu,village,25.5659245,58.7580796
233,Äiamaa,aiamaa,hamlet,25.5551034,58.786619
233,Vahastu,vahastu,hamlet,25.2643553,58.9534261
233,Põlliku,polliku,hamlet,25.1598978,58.9563941
233,Juuru,juuru,village,24.9559832,59.0596504
233,Patika,patika,hamlet,24.9317064,59.3129825
233,Paekna,paekna,hamlet,24.8349345,59.2644556
233,Vitsjärve,vitsjarve,hamlet,25.819344,58.6539505
233,Võisiku,voisiku,hamlet,25.9176618,58.6236233
233,Koogi,koogi,hamlet,26.4952583,58.5709383
233,Väimela,vaimela,village,27.0115915,57.8920721
233,Parksepa,parksepa,village,26.9836119,57.9061643
233,Vooreküla,voorekula,hamlet,26.859002,58.1783931
233,Kambja,kambja,village,26.6960414,58.2334878
233,Rebase,rebase,hamlet,26.7950866,58.2385778
233,Vana-Kuuste,vana-kuuste,hamlet,26.784299,58.2506516
233,Mammaste,mammaste,hamlet,27.0473805,58.0680213
233,Tüki,tuki,hamlet,26.5756551,58.3895218
233,Uniküla,unikula,hamlet,26.9101932,58.268026
233,Roiu,roiu,village,26.8668144,58.300824
233,Kurepalu,kurepalu,hamlet,26.8375038,58.3169957
233,Haaslava,haaslava,hamlet,26.8151717,58.3235462
233,Aardlapalu,aardlapalu,hamlet,26.7674192,58.3284262
233,Ülenurme,ulenurme,village,26.7218447,58.3131863
233,Laeva,laeva,hamlet,26.3861696,58.4876764
233,Pedja,pedja,hamlet,26.3488847,58.8266063
233,Puurmani,puurmani,village,26.2878002,58.5737764
233,Kärkna,karkna,hamlet,26.6524735,58.4599457
233,Rahinge,rahinge,hamlet,26.6204579,58.3823985
233,Külitse,kulitse,village,26.6110832,58.3178019
233,Hammaste,hammaste,hamlet,27.0029196,58.2843649
233,Rasina,rasina,hamlet,27.2567301,58.2098442
233,Vastse-Kuuste,vastse-kuuste,village,26.9343164,58.1669109
233,Pandivere,pandivere,hamlet,26.2953356,59.1597737
233,Koonu,koonu,hamlet,26.2634941,59.1602338
233,Veadla,veadla,hamlet,26.3251631,59.2029806
233,Mooste,mooste,village,27.1918218,58.159599
233,Tudulinna,tudulinna,hamlet,27.0818021,59.0373682
233,Ingliste,ingliste,hamlet,24.9461551,59.0140856
233,Tänassilma,tanassilma,hamlet,25.8172685,58.3923171
233,Luunja,luunja,village,26.8798998,58.3563763
233,Aedlinna,aedlinna,suburb,26.4783152,58.047975
233,Vana-Otepää,vana-otepaa,hamlet,26.5211861,58.0750568
233,Kuura,kuura,hamlet,27.1384861,57.6072201
233,Kuklase,kuklase,hamlet,27.0969774,57.6030549
233,Ala-Palo,ala-palo,hamlet,27.1128638,57.6128017
233,Põdramõtsa,podramotsa,hamlet,27.2059729,57.6094087
233,Vana-Vastseliina,vana-vastseliina,hamlet,27.3447373,57.7226639
233,Kiviora,kiviora,hamlet,27.3108102,57.5795691
233,Rammuka,rammuka,hamlet,27.2227865,57.5637529
233,Hino,hino,hamlet,27.2321714,57.5754119
233,Luutsniku,luutsniku,hamlet,27.000266,57.6267798
233,Listaku,listaku,hamlet,26.8485991,57.6493539
233,Kogrõ,kogro,hamlet,26.8662834,57.6471768
233,Põru,poru,hamlet,26.8528066,57.6533522
233,Märdi,mardi,hamlet,26.9071374,57.685355
233,Heibri,heibri,hamlet,26.9066289,57.7012552
233,Väiku-Ruuga,vaiku-ruuga,hamlet,26.909765,57.7215394
233,Suurõ-Ruuga,suuro-ruuga,hamlet,26.929853,57.7141152
233,Soomõoru,soomooru,hamlet,26.9472287,57.7004853
233,Kureküla,kurekula,village,26.1928623,58.276908
233,Koruste,koruste,hamlet,26.1826878,58.1337209
233,Hellenurme,hellenurme,hamlet,26.3821094,58.1377069
233,Sigaste,sigaste,hamlet,24.8978636,58.1819635
233,Jaamaküla,jaamakula,hamlet,24.7465711,58.2498827
233,Surju,surju,hamlet,24.7066469,58.2370315
233,Tammuru,tammuru,hamlet,24.7086742,58.347111
233,Aimla,aimla,hamlet,25.7107115,58.4871731
233,Tõnissaare,tonissaare,hamlet,25.7374211,58.4663053
233,Soldina,soldina,hamlet,28.0751119,59.3700716
233,Nõo,noo,village,26.5360158,58.2770778
233,Viitina,viitina,hamlet,26.9459344,57.6933147
233,Abja-Paluoja,abja-paluoja,town,25.3584152,58.1266278
233,Halliste,halliste,village,25.4380248,58.1641572
233,Päigiste,paigiste,hamlet,25.3775358,58.1465039
233,Varbuse,varbuse,hamlet,26.9125611,58.0299807
233,Orissaare,orissaare,village,23.0810357,58.5583995
233,Leisi,leisi,village,22.6833524,58.5727868
233,Naistevälja,naistevalja,hamlet,26.1041143,59.1979751
233,Uudeküla,uudekula,hamlet,26.127492,59.1747266
233,Põdrangu,podrangu,hamlet,26.1278196,59.1382696
233,Sauvälja,sauvalja,hamlet,26.1528072,59.1690999
233,Loksa,loksa,hamlet,26.1816971,59.1646431
233,Aburi,aburi,hamlet,26.2577176,59.1818386
233,Raassilla,raassilla,hamlet,25.7389746,58.2472327
233,Kanassaare,kanassaare,hamlet,27.2482631,58.0666017
233,Holvandi,holvandi,hamlet,27.2059025,58.0566766
233,Koonukõrve,koonukorve,locality,25.7172972,59.3508429
233,Leppsilla,leppsilla,locality,25.7215459,59.3291117
233,Nahe,nahe,locality,25.7332618,59.3220401
233,Koitjärve,koitjarve,locality,25.6379468,59.3936736
233,Pruunakõrve,pruunakorve,locality,25.7634312,59.3088781
233,Liu,liu,hamlet,24.2616976,58.2790278
233,Marksa,marksa,hamlet,24.2725331,58.295638
233,Pataste,pataste,hamlet,26.7587244,58.5775517
233,Anikatsi,anikatsi,hamlet,25.7478811,58.1470208
233,Kärstna,karstna,hamlet,25.8057751,58.1447984
233,Paistu,paistu,hamlet,25.6278598,58.271958
233,Niguli,niguli,hamlet,25.3578923,58.2159601
233,Sammaste,sammaste,hamlet,25.4021063,58.2499872
233,Sultsi,sultsi,hamlet,25.5935313,58.2432185
233,Uue-Kariste,uue-kariste,hamlet,25.3213041,58.2456418
233,Ramsi,ramsi,village,25.5416352,58.3066084
233,Metsküla,metskula,hamlet,25.4146309,58.4068885
233,Päri,pari,hamlet,25.4962962,58.3406033
233,Soe,soe,hamlet,25.929129,58.2131773
233,Pikru,pikru,hamlet,25.8857625,58.2052467
233,Suislepa,suislepa,hamlet,25.9779153,58.1501669
233,Kaubi,kaubi,hamlet,26.0103812,58.1054132
233,Põrga,porga,hamlet,25.8178218,58.1158087
233,Riidaja,riidaja,hamlet,25.8942398,58.0956188
233,Leebiku,leebiku,hamlet,25.9792442,58.0807563
233,Pikasilla,pikasilla,hamlet,26.0539453,58.0864825
233,Hurmi,hurmi,hamlet,26.8894681,58.012111
233,Heisri,heisri,hamlet,26.8085706,58.032547
233,Hara,hara,hamlet,23.5274772,59.0887145
233,Riuma,riuma,hamlet,25.8815415,58.3434473
233,Saareküla,saarekula,hamlet,25.7563086,58.3602404
233,Tootsi,tootsi,village,24.7859457,58.5863314
233,Käru,karu,village,25.1462445,58.8310028
233,Paluküla,palukula,hamlet,25.0320993,58.9055967
233,Lemmatsi,lemmatsi,hamlet,26.6543635,58.3391879
233,Veski,veski,hamlet,26.7670546,58.1073734
233,Prangli,prangli,hamlet,26.7737079,58.1668141
233,Maaritsa,maaritsa,hamlet,26.7005271,58.1472218
233,Makita,makita,hamlet,26.5459846,58.1589344
233,Lutike,lutike,hamlet,26.5647919,58.1416458
233,Nõuni,nouni,hamlet,26.5195064,58.1251283
233,Sillamäe,sillamae,town,27.7625564,59.396265
233,Metste,metste,hamlet,27.0369497,58.0228606
233,Meemaste,meemaste,hamlet,27.0673638,58.0175474
233,Kähri,kahri,hamlet,26.968006,58.0120285
233,Mustajõe,mustajoe,hamlet,26.9597619,57.9714828
233,Tilsi,tilsi,hamlet,27.0027928,57.9713436
233,Vana-Koiola,vana-koiola,hamlet,27.048641,57.9609527
233,Lindora,lindora,hamlet,27.3394406,57.8161745
233,Lepassaare,lepassaare,hamlet,27.3208359,57.8461826
233,Otsa,otsa,hamlet,27.2511667,57.847514
233,Viluste,viluste,hamlet,27.3330777,57.9934374
233,Soohara,soohara,hamlet,27.2272644,58.0038807
233,Tromsi,tromsi,hamlet,27.1408494,58.0044486
233,Aegviidu,aegviidu,village,25.6128491,59.2874635
233,Peri,peri,hamlet,27.0897876,58.0171823
233,Kääpa,kaapa,hamlet,27.1115414,57.8703925
233,Paidra,paidra,hamlet,27.1808501,57.9171037
233,Tsolgo,tsolgo,hamlet,27.1277458,57.921225
233,Holvandi,holvandi,locality,27.118005,57.9662125
233,Naruski,naruski,hamlet,27.0924545,57.9782064
233,Vana-Kastre,vana-kastre,hamlet,26.912349,58.3538647
233,Võõpste,voopste,hamlet,27.0791356,58.344364
233,Mäksa,maksa,hamlet,26.9860876,58.3790195
233,Võnnu,vonnu,village,27.0485579,58.2847496
233,Kastre,kastre,hamlet,27.0814352,58.3753667
233,Kavastu,kavastu,hamlet,27.0467284,58.3827308
233,Meriküla,merikula,hamlet,27.9618187,59.4056698
233,Vodava,vodava,hamlet,28.0272358,59.4076546
233,Peeterristi,peeterristi,hamlet,28.0642733,59.4000693
233,Olgina,olgina,village,28.1279034,59.3944954
233,Arumäe,arumae,hamlet,28.0240203,59.3499921
233,Udria,udria,hamlet,27.919263,59.3939738
233,Laagna,laagna,hamlet,27.9776378,59.3912843
233,Pimestiku,pimestiku,hamlet,27.8582078,59.3937988
233,Puhkova,puhkova,hamlet,27.9982694,59.4044428
233,Rõõmu,roomu,hamlet,26.7933819,58.3884443
233,Põvvatu,povvatu,hamlet,26.8271313,58.3750119
233,Matjama,matjama,hamlet,26.9441858,58.5126698
233,Sookalduse,sookalduse,hamlet,26.9913398,58.518347
233,Kusma,kusma,hamlet,26.9777534,58.5110614
233,Keressaare,keressaare,hamlet,26.9827524,58.5005174
233,Vara,vara,hamlet,26.891372,58.5100212
233,Permisküla,permiskula,hamlet,27.7788629,59.0839076
233,Kuningaküla,kuningakula,hamlet,27.8018951,59.1244528
233,Jaama,jaama,hamlet,27.7131353,59.0385302
233,Karoli,karoli,hamlet,27.7504225,59.0547441
233,Vasknarva,vasknarva,hamlet,27.7378955,58.9982377
233,Äksi,aksi,village,26.676435,58.5252205
233,Pöide,poide,hamlet,23.0470698,58.509046
233,Oti,oti,hamlet,23.065572,58.5026578
233,Tornimäe,tornimae,hamlet,23.115583,58.5034729
233,Vägeva,vageva,hamlet,26.2774236,58.9093474
233,Rakke,rakke,village,26.241687,58.9901295
233,Sinimäe,sinimae,village,27.8740873,59.3720006
233,Purtse,purtse,hamlet,27.0242206,59.4127009
233,Virve,virve,hamlet,25.6017166,59.595717
233,Juminda,juminda,hamlet,25.5067841,59.6376753
233,Suurekõrve,suurekorve,locality,25.6539275,59.5345651
233,Kolu,kolu,hamlet,25.2632756,58.8010413
233,Kirna,kirna,locality,26.235777,58.5408591
233,Karitsa,karitsa,hamlet,26.3343718,59.2889486
233,Vana-Vinni,vana-vinni,hamlet,26.3855498,59.2911524
233,Kiviõli,kivioli,town,26.9684677,59.355367
233,Kärla,karla,village,22.2561984,58.3319426
233,Utsali,utsali,locality,26.1872802,58.5217425
233,Palupõhja,palupohja,hamlet,26.2344744,58.4220553
233,Palmse,palmse,hamlet,25.9554099,59.5120151
233,Venemägi,venemagi,locality,25.6928702,59.3398359
233,Suurpea,suurpea,hamlet,25.7005235,59.612119
233,Turbuneeme,turbuneeme,hamlet,25.7783611,59.6197671
233,Kasispea,kasispea,hamlet,25.7737413,59.5966655
233,Võmmorski,vommorski,hamlet,27.537285,57.8306293
233,Koidula,koidula,hamlet,27.5940344,57.8381622
233,Matsuri,matsuri,hamlet,27.5828101,57.8477875
233,Säpina,sapina,hamlet,27.5818896,57.8524588
233,Vedernika,vedernika,hamlet,27.5951496,57.8544601
233,Vaartsi,vaartsi,hamlet,27.6024807,57.8532564
233,Maardu,maardu,town,24.9896751,59.468192
233,Võerdla,voerdla,hamlet,25.0679665,59.4561393
233,Rebala,rebala,hamlet,25.0881043,59.4600227
233,Riste nina,riste nina,locality,22.5244944,58.1679153
233,Riigiküla,riigikula,locality,28.1214568,59.4294762
233,Lutepää,lutepaa,hamlet,27.7102513,57.9163055
233,Verhulitsa,verhulitsa,hamlet,27.6615579,57.9345453
233,Põlgaste,polgaste,hamlet,26.8788662,57.9813255
233,Kopli nina,kopli nina,locality,22.5259755,58.1624156
233,Männareika,mannareika,locality,22.4885354,58.1384573
233,Vaherahu,vaherahu,locality,22.4780979,58.139122
233,Villemi nina,villemi nina,locality,22.4792556,58.1474585
233,Tõuga säär,touga saar,locality,22.4778808,58.1537599
233,Vesiaed,vesiaed,locality,22.4963282,58.1616903
233,Elmereika,elmereika,locality,22.4953558,58.1329856
233,Vahase nina,vahase nina,locality,22.4651469,58.1315588
233,Iilaste laid,iilaste laid,locality,22.5520129,58.1420012
233,Viru-Kabala,viru-kabala,hamlet,26.6758856,59.3541123
233,Uljaste,uljaste,hamlet,26.7701569,59.3498956
233,Sonda,sonda,village,26.8344346,59.3516454
233,Pariisi,pariisi,hamlet,26.1283,59.2735552
233,Väike-Roomassaare poolsaar,vaike-roomassaare poolsaar,locality,22.4761501,58.2382492
233,Roomassaare nina,roomassaare nina,locality,22.4935498,58.2187261
233,Vani säär,vani saar,locality,22.5478984,58.221577
233,Völlu säär,vollu saar,locality,22.557601,58.2212679
233,Roosi,roosi,hamlet,26.9164962,57.9455384
233,Lahe,lahe,hamlet,26.9402541,57.9439125
233,Püssi,pussi,town,27.0445204,59.3609844
233,Lüganuse,luganuse,village,27.0427628,59.3744487
233,Peressaare,peressaare,hamlet,26.8498459,59.0867913
233,Tudu,tudu,village,26.8560761,59.1799217
233,Oonurme,oonurme,hamlet,26.9265312,59.1170849
233,Nursipalu,nursipalu,locality,26.8520416,57.8201349
233,Kellämäe,kellamae,hamlet,26.8845263,57.6381552
233,Loodenina,loodenina,locality,22.4180382,58.2147528
233,Savala,savala,hamlet,27.0081002,59.3189975
233,Tarumaa,tarumaa,hamlet,27.1231597,59.2226224
233,Mäetaguse,maetaguse,village,27.2951601,59.2239285
233,Sompa,sompa,suburb,27.2832647,59.3402715
233,Läsna,lasna,hamlet,25.9027461,59.4459714
233,Nõmmeveski,nommeveski,hamlet,25.7862928,59.5082223
233,Joaveski,joaveski,hamlet,25.820274,59.5105991
233,Järvselja,jarvselja,hamlet,27.3095179,58.2668431
233,Agali,agali,hamlet,27.2898973,58.2865825
233,Ahunapalu,ahunapalu,hamlet,27.2876194,58.325913
233,Maidla,maidla,hamlet,27.0137259,59.3375382
233,Turba,turba,village,24.238548,59.0804466
233,Nissi,nissi,locality,24.3137436,59.1034913
233,Üsse,usse,hamlet,23.6797834,58.9265552
233,Taebla,taebla,village,23.7419259,58.9546872
233,Aaspere,aaspere,hamlet,26.1353304,59.4403973
233,Vanaküla,vanakula,hamlet,25.7905043,59.4869865
233,Kurvitsa,kurvitsa,hamlet,26.8153685,57.7411437
233,Nõmmeotsa,nommeotsa,locality,26.2125816,58.4870263
233,Jussi,jussi,locality,25.7402238,59.3771603
233,Kehra,kehra,town,25.3292753,59.3363172
233,Arbimäe,arbimae,locality,26.4103952,58.23478
233,Kuressaare,kuressaare,town,22.4849207,58.2527693
233,Lipu,lipu,hamlet,27.0810372,59.2285858
233,Türi,turi,town,25.4252349,58.8101662
233,Kivi-Vigala,kivi-vigala,hamlet,24.3654464,58.7145968
233,Õepa,oepa,hamlet,24.2425235,58.5663781
233,Кулье,kul'e,village,27.675735,58.012913
233,Vana-Vigala,vana-vigala,hamlet,24.2521531,58.7805896
233,Paide,paide,town,25.5699121,58.8869266
233,Häädemeeste,haademeeste,village,24.4935201,58.0765497
233,Отрадное,otradnoe,hamlet,27.8236274,59.1331016
233,Пустой Конец,pustoi konets,locality,27.9322807,59.2509252
233,Скамья,skam'ia,hamlet,27.7452816,59.0010519
233,Ольгин Крест,ol'gin krest,locality,27.8023843,59.1018516
233,Степановщина,stepanovshchina,hamlet,27.806207,59.1152767
233,Переволок,perevolok,hamlet,27.779437,59.0467738
233,Sirgala,sirgala,suburb,27.779221,59.3215221
233,Viivikonna,viivikonna,suburb,27.6878041,59.3388782
233,Plaani,plaani,hamlet,27.0811425,57.6718369
233,Hanikase,hanikase,hamlet,27.4116422,57.8657816
233,Saatse,saatse,hamlet,27.7868984,57.8825423
233,Orava,orava,hamlet,27.4565324,57.8877872
233,Kallavere,kallavere,hamlet,25.0295527,59.489524
233,Salme,salme,village,22.2476253,58.161917
233,Läätsa,laatsa,hamlet,22.248039,58.1445874
233,Kargi,kargi,hamlet,22.0816653,58.0177687
233,Mustjala,mustjala,hamlet,22.2315845,58.4625433
233,Võhma,vohma,locality,25.7474343,59.3487236
233,Suurekõrve,suurekorve,locality,25.7618535,59.3403348
233,Maasikamäe,maasikamae,locality,25.7527012,59.3455891
233,Liiva,liiva,hamlet,26.6575426,57.8579593
233,Kurenurme,kurenurme,hamlet,26.699255,57.8395792
233,Hänike,hanike,hamlet,26.7634214,57.8406276
233,Vaabina,vaabina,hamlet,26.6094075,57.8620534
233,Uuemõisa,uuemoisa,village,23.5812294,58.9410776
233,Paralepa,paralepa,village,23.5361267,58.923868
233,Vatku,vatku,hamlet,25.8173687,59.5377303
233,Muike,muike,hamlet,25.9286469,59.5218257
233,Võhma,vohma,hamlet,25.8685005,59.5326778
233,Tammispea,tammispea,hamlet,25.8266251,59.5599487
233,Vihasoo,vihasoo,hamlet,25.7899047,59.5598662
233,Ilumäe,ilumae,hamlet,25.8888587,59.531001
233,Tõugu,tougu,hamlet,25.8427209,59.5358257
233,Võsupere,vosupere,hamlet,25.966358,59.5033483
233,Korjuse,korjuse,hamlet,25.9048059,59.5563012
233,Meteoriidikraater,meteoriidikraater,locality,25.0437411,59.2686169
233,Jüri,juri,village,24.9023598,59.3558405
233,Kliima jaam,kliima jaam,locality,27.5176562,57.8676162
233,Saareotsa,saareotsa,hamlet,25.5509288,58.7417757
233,Retla,retla,hamlet,25.5938868,58.7495185
233,Muula mäed,muula maed,locality,24.0475732,59.3560561
233,Maarja-Magdaleena,maarja-magdaleena,hamlet,26.7405785,58.6102775
233,UFO,ufo,locality,26.6119852,58.9707599
233,Ninamaa,ninamaa,locality,24.3603508,59.4727898
233,Taagepera,taagepera,hamlet,25.6691768,57.9922626
233,Ala,ala,hamlet,25.6953324,58.010389
233,Karjatnurme,karjatnurme,hamlet,25.7682835,58.0051022
233,Linna,linna,hamlet,25.849792,58.0331546
233,Helme,helme,village,25.8849364,58.0151545
233,Kassari,kassari,hamlet,22.830723,58.7898236
233,Käina,kaina,village,22.7746721,58.8284663
233,Suuremõisa,suuremoisa,hamlet,22.9417954,58.8691908
233,Emmaste,emmaste,hamlet,22.5971661,58.704337
233,Mõisaküla,moisakula,town,25.1836234,58.0920278
233,Lolu,lolu,hamlet,25.6656904,58.3141768
233,Kulli,kulli,hamlet,24.9928505,59.3829943
233,Raasiku,raasiku,village,25.1756628,59.3672478
233,Kõnnu,konnu,hamlet,25.7288193,59.4816324
233,Koonga,koonga,hamlet,24.1520152,58.5819922
233,Mihkli,mihkli,hamlet,24.0979355,58.6206037
233,Muriküla,murikula,locality,25.1410801,59.4415283
233,Kullamäe,kullamae,locality,25.2967781,59.4925216
233,Eigu,eigu,locality,25.8469555,59.3995746
233,Pala,pala,hamlet,25.8564584,59.3647059
233,Suru,suru,hamlet,25.7484649,59.4176663
233,Laudissalu,laudissalu,locality,25.6672521,59.3333368
233,Vargamäe,vargamae,locality,25.6619964,59.3384391
233,Поповка,popovka,hamlet,28.206228,59.389263
233,Sauekõrve,sauekorve,locality,25.6373422,59.2914239
233,Paatsalu,paatsalu,hamlet,23.6973595,58.5330619
233,Sagadi mõis,sagadi mois,locality,26.0841849,59.5371473
233,Sagadi,sagadi,hamlet,26.0502864,59.5344863
233,Oandu,oandu,hamlet,26.0969817,59.5632852
233,Altja,altja,hamlet,26.1113682,59.5832437
233,Vergi,vergi,hamlet,26.0859532,59.5986529
233,Kuressaare,kuressaare,hamlet,25.8408361,58.2064992
233,Aru,aru,locality,25.0020595,58.4836505
233,Riisa,riisa,hamlet,24.9931427,58.4768744
233,Joandu,joandu,hamlet,25.8430269,59.5252835
233,Uusküla,uuskula,hamlet,25.869062,59.5157429
233,Intsu,intsu,hamlet,25.5868521,58.3018026
233,Kavaru,kavaru,hamlet,24.1978756,58.2741868
233,Marsi,marsi,isolated_dwelling,26.3027354,57.5829481
233,Rulli,rulli,hamlet,25.9736932,58.0374651
233,Vaimastvere,vaimastvere,hamlet,26.286208,58.8141816
233,Puiatu,puiatu,hamlet,25.426568,58.3612874
233,Lehtse,lehtse,village,25.822551,59.2531006
233,Selli,selli,hamlet,26.2830125,58.8959774
233,Tooma,tooma,hamlet,26.2806951,58.8722698
233,Määsovitsa,maasovitsa,hamlet,27.6640208,57.9662906
233,Podmotsa,podmotsa,hamlet,27.6630462,58.0069051
233,Velna,velna,hamlet,27.6812528,57.9923967
233,Auvere,auvere,hamlet,27.9410955,59.3442412
233,Konju,konju,hamlet,27.6212434,59.3949856
233,Oru,oru,suburb,27.5721021,59.3704676
233,Päite,paite,hamlet,27.6920309,59.3974753
233,Vaivina,vaivina,hamlet,27.6673998,59.4025527
233,Kemba,kemba,hamlet,25.7057207,59.4601811
233,Liiapeksi,liiapeksi,hamlet,25.6517439,59.4583067
233,Uurita,uurita,locality,25.6892422,59.4548949
233,Kivilõppe,kiviloppe,hamlet,25.9776195,58.2266217
233,Kaagvere,kaagvere,hamlet,26.8896801,58.3479366
233,Kõnnu,konnu,locality,25.9045481,59.403717
233,Mõndavere,mondavere,hamlet,25.9326802,59.4177965
233,Tõreska,toreska,locality,25.844996,59.4111273
233,Augjärve,augjarve,locality,25.7765438,59.3565982
233,Jussi metsavaht,jussi metsavaht,locality,25.7408856,59.3769639
233,Sillaotsa metsavaht,sillaotsa metsavaht,locality,25.7128885,59.3422408
233,Tuurmani,tuurmani,locality,25.6366796,59.392954
233,Vaino,vaino,locality,25.6336089,59.3910718
233,Sigula,sigula,hamlet,25.5746869,59.4428605
233,Tammiku,tammiku,hamlet,26.3285757,58.9916309
233,Väike-Tammiku,vaike-tammiku,hamlet,26.3200331,59.0096406
233,Põlva,polva,town,27.0582568,58.0536163
233,Õisu,oisu,village,25.5440678,58.200489
233,Viisuküla,viisukula,hamlet,25.6769602,58.2929681
233,Tsooru,tsooru,hamlet,26.6578142,57.7436521
233,Kolski,kolski,isolated_dwelling,26.4559601,57.7073306
233,Loo,loo,hamlet,25.0974395,59.4404215
233,Tapurla,tapurla,hamlet,25.5644367,59.608942
233,Assaku,assaku,village,24.8418368,59.3726249
233,Iru,iru,hamlet,24.9120162,59.4569936
233,Manniva,manniva,hamlet,25.1411969,59.4715921
233,Meremõisa,meremoisa,hamlet,24.2778546,59.4011573
233,Saviranna,saviranna,hamlet,25.0424573,59.5015565
233,Ülgase,ulgase,hamlet,25.0723688,59.485767
233,Järveküla,jarvekula,hamlet,24.8011251,59.3890792
233,Kihelkonna,kihelkonna,village,22.0381823,58.3625985
233,Saue,saue,town,24.5567256,59.3200001
233,Ülejõe,ulejoe,hamlet,24.9427164,59.4115208
233,Uusküla,uuskula,hamlet,24.9949291,59.4787236
233,Pikapõllu,pikapollu,locality,25.6595469,59.3773801
233,Kangsti,kangsti,hamlet,26.7292383,57.6955827
233,Sadramõtsa,sadramotsa,hamlet,26.7860905,57.6657409
233,Pähni,pahni,hamlet,26.7754474,57.6317537
233,Kõrgepalu,korgepalu,hamlet,26.7170994,57.7076415
233,Imatu,imatu,hamlet,27.4927803,59.0961442
233,Karjamaa,karjamaa,hamlet,27.4837987,59.0111056
233,Remniku,remniku,hamlet,27.5359722,59.0124345
233,Smolnitsa,smolnitsa,hamlet,27.598473,59.0101153
233,Tihemetsa,tihemetsa,village,25.0458561,58.1462234
233,Tõlla,tolla,hamlet,25.118832,58.1770238
233,Kamara,kamara,hamlet,25.1930434,58.1215969
233,Ilvese,ilvese,hamlet,24.6922691,58.2368812
233,Laiksaare,laiksaare,hamlet,24.714753,58.1103541
233,Kärsu,karsu,hamlet,25.0619712,58.1943567
233,Kanaküla,kanakula,hamlet,25.1384404,58.2453693
233,Supsi,supsi,hamlet,25.2915498,58.3136245
233,Mustivere,mustivere,hamlet,25.5290914,58.3851894
233,Matapera,matapera,hamlet,25.5500113,58.3255138
233,Pinska,pinska,hamlet,25.5368418,58.3507044
233,Tohvri,tohvri,hamlet,25.3497679,58.3940317
233,Vooru,vooru,hamlet,25.9530377,58.1203893
233,Uuri,uuri,hamlet,25.5679848,59.4941653
233,Kahala,kahala,hamlet,25.5328737,59.4690136
233,Kaarli,kaarli,hamlet,25.5127706,58.1874985
233,Kulla,kulla,hamlet,25.4204237,58.1551207
233,Põlde,polde,hamlet,25.3760605,58.1221927
233,Abja-Vanamõisa,abja-vanamoisa,hamlet,25.2991122,58.1200267
233,Vana-Kariste,vana-kariste,hamlet,25.2846669,58.173539
233,Äriküla,arikula,hamlet,25.5520138,58.0649678
233,Penuja,penuja,hamlet,25.3684178,58.0577673
233,Tuhalaane,tuhalaane,hamlet,25.6541562,58.1750356
233,Karula,karula,hamlet,25.6084278,58.4021406
233,Päidre,paidre,hamlet,25.5333934,58.2550939
233,Lasari,lasari,hamlet,25.1842514,58.103873
233,Vardja,vardja,hamlet,25.611185,58.3282157
233,Sinialliku,sinialliku,hamlet,25.5549294,58.3098302
233,Alustre,alustre,hamlet,25.4757399,58.3693321
233,Väike-Kõpu,vaike-kopu,hamlet,25.3894924,58.3774572
233,Vanaveski,vanaveski,hamlet,25.3340813,58.3640036
233,Varangu,varangu,hamlet,26.3409758,59.4695817
233,Obinitsa,obinitsa,hamlet,27.440436,57.8114842
233,Altnurga,altnurga,hamlet,26.3010914,58.5546209
233,Jüriküla,jurikula,hamlet,26.2788398,58.5598242
233,Aa,aa,hamlet,27.1578465,59.4223758
233,Aabra,aabra,hamlet,27.0174145,57.6719755
233,Aavere,aavere,hamlet,26.0601862,59.0697386
233,Aavere,aavere,hamlet,26.059089,59.0881443
233,Aavere,aavere,hamlet,25.2667831,59.3884066
233,Aaviku,aaviku,hamlet,23.0064686,58.4224274
233,Aaviku,aaviku,hamlet,24.904459,59.3440915
233,Aaviku,aaviku,hamlet,26.2942566,59.4994731
233,Aadami,aadami,hamlet,26.8676594,58.2397619
233,Aadma,aadma,hamlet,22.6531296,58.8028931
233,Aasa,aasa,hamlet,24.5093989,58.6839894
233,Aasu,aasu,hamlet,26.327126,59.4090486
233,Aasuvälja,aasuvalja,hamlet,25.4214674,58.8886935
233,Aasuvälja,aasuvalja,hamlet,26.6108263,59.3286138
233,Aasukalda,aasukalda,hamlet,26.7166511,59.4488183
233,Aasumetsa,aasumetsa,hamlet,25.8336116,59.5053512
233,Aakaru,aakaru,hamlet,26.6585462,58.2561324
233,Aakre,aakre,hamlet,26.2029602,58.0974084
233,Aamse,aamse,hamlet,23.7151464,58.9268442
233,Aandu,aandu,hamlet,24.7228433,59.1622626
233,Aardla,aardla,hamlet,26.7767114,58.3141993
233,Aarna,aarna,hamlet,26.9621193,58.0737474
233,Abaja,abaja,hamlet,22.0231678,58.3722015
233,Abaja,abaja,hamlet,25.9610485,58.9154515
233,Abissaare,abissaare,hamlet,26.7155225,58.0888117
233,Abula,abula,hamlet,22.1337906,58.4384119
233,Abjaku,abjaku,hamlet,25.3597901,58.1041797
233,Avanduse,avanduse,hamlet,26.4200706,59.0567562
233,Avaste,avaste,hamlet,24.2370268,58.7013829
233,Avispea,avispea,hamlet,26.4043654,59.116648
233,Ageri,ageri,hamlet,25.7481361,59.0852665
233,Agusalu,agusalu,hamlet,27.6579133,59.0990912
233,Adaka,adaka,hamlet,26.1189538,59.5015914
233,Adila,adila,hamlet,24.627619,59.110924
233,Adiste,adiste,hamlet,27.1442713,58.1030722
233,Adra,adra,hamlet,24.3494023,59.3781361
233,Adraku,adraku,hamlet,26.833588,58.9241238
233,Aseriaru,aseriaru,hamlet,26.8341811,59.4640742
233,Asuka,asuka,hamlet,22.4710539,58.5715502
233,Asuküla,asukula,hamlet,22.5505323,58.3551217
233,Aiamaa,aiamaa,hamlet,26.5977907,58.27983
233,Aiaste,aiaste,hamlet,26.6635198,58.0557787
233,Aidu,aidu,hamlet,25.6155483,58.2537267
233,Aidu,aidu,hamlet,26.2012098,58.729826
233,Aidu,aidu,hamlet,27.0755557,59.3151004
233,Aidu-Liiva,aidu-liiva,hamlet,27.0813393,59.3451413
233,Aidu-Nõmme,aidu-nomme,hamlet,27.1336062,59.32484
233,Aidu-Sooküla,aidu-sookula,hamlet,27.0309805,59.32259
233,Aila,aila,hamlet,24.4947941,59.293388
233,Aindu,aindu,hamlet,25.5811955,58.4044921
233,Ainja,ainja,hamlet,25.6271562,58.0709088
233,Aitsra,aitsra,hamlet,25.9252073,57.8893935
233,Akste,akste,hamlet,27.082238,58.1668504
233,Ala,ala,hamlet,22.8197684,58.9522699
233,Ala-Suhka,ala-suhka,hamlet,27.1274211,57.6855948
233,Ala-Tilga,ala-tilga,hamlet,27.077109,57.7515691
233,Ala-Tsumba,ala-tsumba,hamlet,27.4728612,57.8323693
233,Alavere,alavere,hamlet,26.5143338,58.7642778
233,Alavere,alavere,hamlet,26.6515299,59.1643186
233,Alavere,alavere,hamlet,25.3313723,59.2433602
233,Alajõe,alajoe,hamlet,26.9469819,58.5279016
233,Alajõe,alajoe,hamlet,27.4270812,59.0110157
233,Alaküla,alakula,hamlet,26.9247634,58.2385595
233,Alaküla,alakula,hamlet,23.7789754,58.6907037
233,Alaküla,alakula,hamlet,24.5179347,58.8757134
233,Alakülä,alakula,hamlet,26.870406,57.8721542
233,Alamõisa,alamoisa,hamlet,26.0227365,57.9493977
233,Alansi,alansi,hamlet,25.1401272,59.1252347
233,Alapõdra,alapodra,hamlet,26.7423719,57.8695086
233,Alasoo,alasoo,hamlet,27.1508421,58.6202714
233,Alastvere,alastvere,hamlet,26.0001445,58.6932251
233,Alekvere,alekvere,hamlet,26.6606614,59.1127312
233,Alekere,alekere,hamlet,26.801964,58.9574257
233,Allaste,allaste,hamlet,25.5062727,58.1400537
233,Allika,allika,hamlet,23.7396109,58.4623999
233,Allika,allika,hamlet,23.5374893,58.8248126
233,Allika,allika,hamlet,22.7741108,58.8434216
233,Allika,allika,hamlet,24.4703134,59.1804678
233,Allika,allika,hamlet,26.5376669,59.2546714
233,Allika,allika,hamlet,25.4164363,59.4633314
233,Allikmaa,allikmaa,hamlet,23.864364,58.9693015
233,Allikotsa,allikotsa,hamlet,23.9369225,58.76125
233,Alliku,alliku,hamlet,27.2775136,59.0738449
233,Allikõnnu,allikonnu,hamlet,25.0054594,58.653562
233,Allikjärve,allikjarve,hamlet,25.7117046,59.0375138
233,Altküla,altkula,hamlet,24.5136021,58.7117271
233,Altküla,altkula,hamlet,24.4885812,58.862181
233,Altküla,altkula,hamlet,24.0294217,59.2413807
233,Altküla,altkula,hamlet,27.4995698,59.4118928
233,Altmäe,altmae,hamlet,26.4736808,58.2229066
233,Alu,alu,hamlet,24.0373336,58.4264347
233,Alu-Metsküla,alu-metskula,hamlet,24.7813254,59.0411358
233,Aluvere,aluvere,hamlet,26.4136475,59.372187
233,Alupere,alupere,hamlet,26.078136,59.1817814
233,Aljava,aljava,hamlet,23.1901972,58.5576838
233,Ama,ama,hamlet,26.0451801,59.4236974
233,Ambla,ambla,village,25.8425127,59.1932513
233,Ammuta,ammuta,hamlet,23.6048207,58.8329785
233,Ammuta,ammuta,hamlet,25.8571588,58.9815488
233,Amula,amula,hamlet,27.3321236,59.4161049
233,Angerja,angerja,hamlet,24.8317569,59.1884835
233,Angla,angla,hamlet,22.6818691,58.5317576
233,Anguse,anguse,hamlet,26.6932882,59.2355295
233,Andineeme,andineeme,hamlet,25.4579159,59.4970723
233,Andre,andre,hamlet,27.0937426,57.9974961
233,Andsumäe,andsumae,hamlet,27.076594,57.5970117
233,Andsumäe,andsumae,hamlet,27.1829025,57.7952065
233,Andja,andja,hamlet,26.4680892,59.4567916
233,Anelema,anelema,hamlet,24.5740981,58.621944
233,Anepesa,anepesa,hamlet,22.3598688,58.3754392
233,Anija,anija,hamlet,25.3002477,59.3819164
233,Anijala,anijala,hamlet,22.3756563,58.3264758
233,Anna,anna,hamlet,25.5979871,59.0073379
233,Anne,anne,hamlet,26.4632727,57.8134464
233,Annikvere,annikvere,hamlet,26.0393505,58.6413842
233,Annikvere,annikvere,hamlet,26.1796104,59.4908769
233,Annikoru,annikoru,hamlet,26.3079712,58.2668762
233,Anseküla,ansekula,hamlet,22.2317764,58.0986128
233,Ansi,ansi,hamlet,22.3867733,58.3104717
233,Antkruva,antkruva,hamlet,27.3867496,57.8151421
233,Antsu,antsu,hamlet,26.4653498,57.8594193
233,Ao,ao,hamlet,26.1959891,58.9995953
233,Aovere,aovere,hamlet,26.8203609,58.4500455
233,Apandiku,apandiku,hamlet,27.2437169,59.2989001
233,Arava,arava,hamlet,25.4033694,59.2686063
233,Aravere,aravere,hamlet,24.4733486,58.7589577
233,Aravete,aravete,village,25.7528008,59.1436612
233,Aravu,aravu,hamlet,27.3820583,58.2346998
233,Aravuse,aravuse,hamlet,26.658391,59.2359125
233,Arase,arase,hamlet,24.4838152,58.6747355
233,Arandi,arandi,hamlet,22.2492351,58.2984985
233,Aranküla,arankula,hamlet,24.8376619,59.0320522
233,Araski,araski,hamlet,26.0970357,59.1384673
233,Araste,araste,hamlet,24.3503838,58.756474
233,Arbavere,arbavere,hamlet,25.9634421,59.4377275
233,Arvila,arvila,hamlet,27.227351,59.2387805
233,Ardla,ardla,hamlet,23.1058926,58.4965829
233,Ardu,ardu,village,25.3582904,59.0996342
233,Are,are,hamlet,23.0121022,58.5011423
233,Arisvere,arisvere,hamlet,26.0320297,58.7877221
233,Valjala-Ariste,valjala-ariste,hamlet,22.8123409,58.3916663
233,Ariste,ariste,hamlet,23.055638,58.5360892
233,Arkna,arkna,hamlet,26.386463,59.3937814
233,Aru,aru,hamlet,22.7007211,58.5410827
233,Aru,aru,hamlet,25.4962914,59.4245148
233,Aruaia,aruaia,hamlet,27.0897372,58.3589719
233,Aruaru,aruaru,hamlet,25.1608569,59.3845745
233,Aruvalla,aruvalla,hamlet,25.0220845,59.2536095
233,Aruvälja,aruvalja,hamlet,24.1884017,58.4584102
233,Aruvälja,aruvalja,hamlet,26.4156788,59.2569047
233,Aruvälja,aruvalja,hamlet,26.990862,59.3016778
233,Arukse,arukse,hamlet,26.6580864,59.0342127
233,Aruküla,arukula,hamlet,24.4322993,58.8499295
233,Aruküla,arukula,hamlet,23.0076402,58.8642411
233,Aruküla,arukula,hamlet,26.0151699,58.9539654
233,Aruküla,arukula,hamlet,26.4833956,59.1894654
233,Aruküla,arukula,hamlet,27.3075465,59.2530252
233,Aruküla,arukula,hamlet,27.0273582,59.2987479
233,Arula,arula,hamlet,26.3563276,58.0380066
233,Arumetsa,arumetsa,hamlet,24.5133441,58.0686226
233,Arupää,arupaa,hamlet,26.8457012,58.4480769
233,Arupäälse,arupaalse,hamlet,27.0104898,59.3008685
233,Arussaare,arussaare,hamlet,25.6751349,58.6363235
233,Arusta,arusta,hamlet,24.8141377,59.252941
233,Aruste,aruste,hamlet,22.7507218,58.5381991
233,Arju,arju,hamlet,22.8659688,58.5210411
233,Arjassaare,arjassaare,hamlet,25.7697808,58.6713975
233,Asva,asva,hamlet,23.0527883,58.3969295
233,Assamalla,assamalla,hamlet,26.2588394,59.2317178
233,Assikvere,assikvere,hamlet,26.9748001,58.7201441
233,Aste,aste,village,22.4445703,58.3445565
233,Aste,aste,hamlet,22.4268684,58.3758559
233,Astuvere,astuvere,hamlet,26.3182142,58.0952649
233,Ataste,ataste,hamlet,25.8553424,58.9354357
233,Atika,atika,hamlet,25.4375114,58.1012237
233,Atla,atla,hamlet,21.908673,58.2943964
233,Atla,atla,hamlet,24.994701,59.0554896
233,Atra,atra,hamlet,26.2992343,58.1214958
233,Atsalama,atsalama,hamlet,27.376048,59.2323305
233,Auaste,auaste,hamlet,23.7592759,59.005787
233,Augli,augli,hamlet,26.9678453,57.7177028
233,Aude,aude,hamlet,24.2466158,59.1601221
233,Audevälja,audevalja,hamlet,24.0821992,59.182782
233,Audla,audla,hamlet,23.0507928,58.4701619
233,Audjassaare,audjassaare,hamlet,27.5927013,58.0482812
233,Auküla,aukula,hamlet,26.1932489,59.4100889
233,Aula-Vintri,aula-vintri,hamlet,22.3867721,58.3978474
233,Austla,austla,hamlet,21.8711482,58.2767454
233,Ahaste,ahaste,hamlet,24.1909959,58.4787835
233,Ahekõnnu,ahekonnu,hamlet,24.8445551,58.8086828
233,Ahisilla,ahisilla,hamlet,25.1569606,59.2067409
233,Ahitsa,ahitsa,hamlet,26.847046,57.7514153
233,Ahula,ahula,hamlet,25.7318249,59.1133106
233,Aela,aela,hamlet,25.2888029,59.017682
233,Aesoo,aesoo,hamlet,25.042049,58.5238214
233,Aespa,aespa,village,24.648303,59.2094351
233,Beresje,beresje,hamlet,27.5843162,58.0867526
233,Borrby,borrby,hamlet,23.2201364,59.0264067
233,Vaaksaarõ,vaaksaaro,hamlet,27.4141377,57.7185942
233,Vaali,vaali,hamlet,25.9718345,58.8460041
233,Vaalimäe,vaalimae,hamlet,27.0882033,57.6628624
233,Vaalu,vaalu,hamlet,26.2452969,57.9783635
233,Vaardi,vaardi,hamlet,26.1635126,58.021482
233,Vaarkali,vaarkali,hamlet,27.0293017,57.6278407
233,Vaarkali,vaarkali,hamlet,27.1992375,57.7792579
233,Vabamatsi,vabamatsi,hamlet,25.3668317,58.1846889
233,Vagivere,vagivere,hamlet,23.7155533,58.6500819
233,Vagula,vagula,hamlet,26.9202557,57.8659557
233,Vaguja,vaguja,hamlet,24.3367565,58.7367943
233,Vadi,vadi,hamlet,26.9681954,58.9881903
233,Vadiküla,vadikula,hamlet,26.2410778,59.219179
233,Vadsa,vadsa,hamlet,27.0014496,57.7359364
233,Vasavere,vasavere,hamlet,27.5314454,59.2987881
233,Vasalemma,vasalemma,village,24.289003,59.2395843
233,Vasara,vasara,hamlet,25.7830323,58.3448274
233,Vasula,vasula,village,26.7350832,58.4704312
233,Vaiatu,vaiatu,hamlet,26.6668833,58.8264997
233,Vaiatu,vaiatu,hamlet,26.0101407,59.3645417
233,Vaibla,vaibla,hamlet,26.0779218,58.4059544
233,Vaivara,vaivara,hamlet,27.7700739,59.374064
233,Vaivere,vaivere,hamlet,22.5856466,58.2703628
233,Vaigu,vaigu,hamlet,22.0376871,58.4721346
233,Vaida,vaida,village,24.9752136,59.2882128
233,Vaidavere,vaidavere,hamlet,26.6781795,58.6513147
233,Vaidasoo,vaidasoo,hamlet,24.9980032,59.2771086
233,Vaisi,vaisi,hamlet,23.705143,59.2079991
233,Vaikla,vaikla,hamlet,27.3534161,59.0713235
233,Vaila,vaila,hamlet,24.3961977,59.4069714
233,Vaimõisa,vaimoisa,hamlet,24.4550959,58.9773198
233,Vainu,vainu,hamlet,24.6460101,58.4169547
233,Vainu,vainu,hamlet,26.96904,59.3885019
233,Vaiste,vaiste,hamlet,23.8632253,58.3599161
233,Vakalepa,vakalepa,hamlet,24.2813754,58.6194314
233,Vakari,vakari,hamlet,27.0847975,57.7375064
233,Vaki,vaki,hamlet,24.988999,58.6403517
233,Valaste,valaste,hamlet,27.3941256,59.4358226
233,Valasti,valasti,hamlet,25.7717696,59.0518306
233,Valgevälja,valgevalja,hamlet,23.5529605,58.906977
233,Valgeranna,valgeranna,hamlet,24.3960974,58.3924581
233,Valgesoo,valgesoo,hamlet,27.0823439,58.1255534
233,Valgma,valgma,hamlet,26.6251704,58.5582363
233,Valgma,valgma,hamlet,25.6620755,58.8786717
233,Valgu,valgu,hamlet,22.6342973,58.7524347
233,Valgu,valgu,hamlet,24.5928964,58.8181523
233,Valila,valila,hamlet,25.9386486,58.8901076
233,Valipe,valipe,hamlet,22.9642176,58.8614138
233,Valistre,valistre,hamlet,24.5555667,58.6030032
233,Valkse,valkse,hamlet,24.3692654,59.3277501
233,Vallapalu,vallapalu,hamlet,26.1747022,58.2455581
233,Valli,valli,hamlet,24.7474846,58.8747042
233,Valmaotsa,valmaotsa,hamlet,26.3607747,58.465248
233,Valtina,valtina,hamlet,26.4000222,57.7858343
233,Valtu,valtu,hamlet,24.8482504,58.9786581
233,Valtu-Nurme,valtu-nurme,hamlet,24.8598692,58.9486465
233,Valuste,valuste,hamlet,23.8108717,58.6721823
233,Valjala,valjala,village,22.7925533,58.4089523
233,Vana-Jõgeva,vana-jogeva,hamlet,26.4176325,58.7290921
233,Vana-Kaiu,vana-kaiu,hamlet,25.0735376,58.9901202
233,Vana-Lahetaguse,vana-lahetaguse,hamlet,22.1346653,58.2037227
233,Vana-Nursi,vana-nursi,hamlet,26.918525,57.7852941
233,Vana-Nurtu,vana-nurtu,hamlet,24.6238286,58.8009752
233,Vana-Roosa,vana-roosa,hamlet,26.6614623,57.6774217
233,Vana-Saaluse,vana-saaluse,hamlet,27.2179695,57.7270558
233,Vana-Sonda,vana-sonda,hamlet,26.8722325,59.3511164
233,Vanavälja,vanavalja,hamlet,25.8460275,58.3745564
233,Vanavälja,vanavalja,hamlet,26.5197416,58.7138815
233,Vanakubja,vanakubja,hamlet,22.2314612,58.4762469
233,Vanaküla,vanakula,hamlet,27.1615898,58.072017
233,Vanaküla,vanakula,hamlet,23.904375,58.9025434
233,Vanaküla,vanakula,hamlet,23.5852598,59.1177114
233,Vanalõve,vanalove,hamlet,22.8288873,58.3725978
233,Vanamõisa,vanamoisa,hamlet,26.9063104,57.6676195
233,Vanamõisa,vanamoisa,hamlet,25.9284734,58.0575304
233,Vanamõisa,vanamoisa,hamlet,27.0986809,58.2199233
233,Vanamõisa,vanamoisa,hamlet,22.6733934,58.2473345
233,Vigala-Vanamõisa,vigala-vanamoisa,hamlet,24.295175,58.7324691
233,Vanamõisa,vanamoisa,hamlet,22.5009872,58.750926
233,Vanamõisa,vanamoisa,hamlet,26.7536458,58.801972
233,Valgu-Vanamõisa,valgu-vanamoisa,hamlet,24.6024104,58.8378166
233,Vanamõisa,vanamoisa,hamlet,25.4583357,59.0862466
233,Vanamõisa,vanamoisa,hamlet,26.2145165,59.442254
233,Vanassaare,vanassaare,hamlet,26.7983042,58.6657379
233,Vanaussaia,vanaussaia,hamlet,27.1591922,58.5045531
233,Vanausse,vanausse,hamlet,25.8588043,58.2593157
233,Vandu,vandu,hamlet,26.2060888,59.3147222
233,Vandjala,vandjala,hamlet,25.0744175,59.4362485
233,Vankse,vankse,hamlet,24.9025983,59.0800521
233,Vansi,vansi,hamlet,24.3512558,59.2091272
233,Vantri,vantri,hamlet,22.4335425,58.3582439
233,Vao,vao,hamlet,25.9756816,58.9383703
233,Vao,vao,hamlet,26.1904112,59.101765
233,Vaopere,vaopere,hamlet,25.1638699,59.0723842
233,Varangu,varangu,hamlet,26.0962059,59.0325428
233,Varbevere,varbevere,hamlet,26.6513873,58.7119103
233,Vardi,vardi,hamlet,25.5000608,58.3055969
233,Vardja,vardja,hamlet,27.036526,57.9719083
233,Vardja,vardja,hamlet,25.2111325,59.1725714
233,Varese,varese,hamlet,26.8025229,57.8743691
233,Varesmetsa,varesmetsa,hamlet,27.3840385,59.1116376
233,Varesmäe,varesmae,hamlet,27.5293287,58.0534279
233,Vareste,vareste,hamlet,27.2104425,57.9732529
233,Variku,variku,hamlet,23.7986872,59.1259065
233,Varinurme,varinurme,hamlet,26.9024773,59.354786
233,Varkja,varkja,hamlet,22.1441508,58.3628256
233,Varni,varni,hamlet,23.5325837,58.8365538
233,Varpe,varpe,hamlet,22.0604465,58.2663751
233,Varstu,varstu,village,26.6600607,57.6427611
233,Varudi,varudi,hamlet,26.6328424,59.4151847
233,Varudi-Altküla,varudi-altkula,hamlet,26.5925414,59.4226194
233,Varudi-Vanaküla,varudi-vanakula,hamlet,26.5872439,59.4063288
233,Varja,varja,hamlet,27.0999938,59.4017928
233,Vaskrääma,vaskraama,hamlet,24.6868316,58.3072078
233,Vaskjala,vaskjala,hamlet,24.9497402,59.3621302
233,Vasla,vasla,hamlet,27.4070924,57.8140924
233,Vassevere,vassevere,hamlet,26.7643733,58.7238175
233,Vassivere,vassivere,hamlet,26.6077879,59.0481398
233,Vastaba,vastaba,hamlet,24.0979728,58.6542451
233,Vastse-Roosa,vastse-roosa,hamlet,26.6623066,57.5712912
233,Vastsekivi,vastsekivi,hamlet,27.1088594,57.6491714
233,Vastja,vastja,hamlet,24.8639626,58.8501069
233,Vatla,vatla,hamlet,23.7359313,58.5581767
233,Vatsa,vatsa,hamlet,27.3116865,57.694442
233,Vatsküla,vatskula,hamlet,22.6226839,58.2725167
233,Vahakulmu,vahakulmu,hamlet,26.0573229,59.242281
233,Vahakõnnu,vahakonnu,hamlet,24.7774047,58.8311803
233,Vahastu,vahastu,hamlet,25.6023358,59.4663585
233,Vahva,vahva,hamlet,21.9764083,58.2851672
233,Vahenurme,vahenurme,hamlet,24.3866991,58.6275783
233,Vahessaare,vahessaare,hamlet,26.3543748,58.2875768
233,Vahetüki,vahetuki,hamlet,25.229357,59.0727511
233,Vahi,vahi,village,26.7108735,58.4157959
233,Vahi,vahi,hamlet,24.4489866,59.3813133
233,Vahtrepa,vahtrepa,hamlet,23.0103356,58.8930522
233,Vahuküla,vahukula,hamlet,26.0994348,58.9753278
233,Vaeküla,vaekula,hamlet,26.5125493,59.3415891
233,Vaela,vaela,hamlet,24.8165082,59.328458
233,Vaemla,vaemla,hamlet,22.8298594,58.8319358
233,Vajangu,vajangu,hamlet,26.0027859,59.1078729
233,Vea,vea,hamlet,26.9701166,58.6424602
233,Vedra,vedra,hamlet,23.6870041,59.0222834
233,Vedruka,vedruka,hamlet,22.0477649,58.3294526
233,Vedruka,vedruka,hamlet,25.7264313,58.9783564
233,Vedu,vedu,hamlet,26.7674046,58.4951411
233,Veia,veia,hamlet,26.8088721,58.7505238
233,Veibri,veibri,hamlet,26.7915988,58.3469801
233,Veisjärve,veisjarve,hamlet,25.7877245,58.0999925
233,Velise,velise,hamlet,24.5185194,58.7840779
233,Velise-Nõlva,velise-nolva,hamlet,24.5454952,58.7769928
233,Velisemõisa,velisemoisa,hamlet,24.4692362,58.774895
233,Vellavere,vellavere,hamlet,26.4173322,58.2640161
233,Veltsa,veltsa,hamlet,24.0718558,58.6015918
233,Veltsi,veltsi,hamlet,26.265048,59.3941998
233,Vendise,vendise,hamlet,22.3392534,58.4001186
233,Venevere,venevere,hamlet,26.7058363,59.0120443
233,Venekuusiku,venekuusiku,hamlet,25.0335959,58.6043489
233,Koplimetsa,koplimetsa,hamlet,24.9295971,59.4288834
233,Veneoja,veneoja,hamlet,26.9920391,59.2515024
233,Vennati,vennati,hamlet,22.3390329,58.2745364
233,Verevi,verevi,hamlet,26.1876432,58.376603
233,Veretinä,veretina,hamlet,27.5007514,57.7969672
233,Verilaske,verilaske,hamlet,25.6992305,58.3670538
233,Verioramõisa,verioramoisa,hamlet,27.3498557,57.9747977
233,Veske,veske,hamlet,22.6864273,58.5505684
233,Veski,veski,hamlet,24.5387034,58.7983341
233,Veskiaru,veskiaru,hamlet,25.6590408,58.8502779
233,Veskiküla,veskikula,hamlet,24.2491988,59.2378825
233,Veskimäe,veskimae,hamlet,25.3044782,58.1324639
233,Veskimäe,veskimae,hamlet,27.0242464,58.3754084
233,Veskisoo,veskisoo,hamlet,25.1387233,58.5965734
233,Veskitaguse,veskitaguse,hamlet,24.9570781,59.3224324
233,Vesneri,vesneri,hamlet,26.850334,58.4310181
233,Vestla,vestla,hamlet,22.4992079,58.3316939
233,Vetepere,vetepere,hamlet,25.6108184,59.1280587
233,Vetiku,vetiku,hamlet,26.4468228,59.3290765
233,Vetla,vetla,hamlet,25.4624961,59.2224294
233,Vehendi,vehendi,hamlet,26.1346153,58.2306229
233,Vee,vee,hamlet,24.3373966,58.6185392
233,Veelikse,veelikse,hamlet,24.8592438,58.0360392
233,Veelikse,veelikse,hamlet,25.2440906,58.1063915
233,Veeremäe,veeremae,hamlet,22.0470165,58.4599168
233,Veere,veere,hamlet,23.0811667,58.5044607
233,Veeriku,veeriku,hamlet,22.8461089,58.4261165
233,Vivva,vivva,hamlet,27.4876288,57.883671
233,Vidrike,vidrike,hamlet,26.502393,57.9907342
233,Vidruka,vidruka,hamlet,23.8697573,58.9973191
233,Visela,visela,hamlet,26.463573,57.9304615
233,Visusti,visusti,hamlet,26.5169017,58.6175958
233,Visusti,visusti,hamlet,25.9831897,58.9840413
233,Viidike,viidike,hamlet,26.8716512,58.4635193
233,Viidu,viidu,hamlet,22.1330922,58.2880818
233,Viisireiu,viisireiu,hamlet,24.8167641,58.0729252
233,Viisu,viisu,hamlet,25.6640527,58.9472566
233,Viilupi,viilupi,hamlet,22.8895837,58.8759435
233,Viimsi,viimsi,village,24.8430737,59.5001646
233,Viira,viira,hamlet,27.1869696,57.991886
233,Viira,viira,hamlet,27.0600534,58.4127233
233,Viira,viira,hamlet,22.7274323,58.5309142
233,Viirapalu,viirapalu,hamlet,26.6389745,57.7167466
233,Viiri,viiri,hamlet,22.5489166,58.7088278
233,Viisli,viisli,hamlet,27.1836836,58.1922972
233,Viita,viita,hamlet,22.3445295,58.9024435
233,Viitasoo,viitasoo,hamlet,22.3641478,58.9058857
233,Viitka,viitka,hamlet,27.3327863,57.678167
233,Viki,viki,hamlet,22.0917116,58.3418606
233,Vikipalu,vikipalu,hamlet,25.4144583,59.3214244
233,Vila,vila,hamlet,26.0708166,59.4992075
233,Vilama,vilama,hamlet,25.2912341,59.2006049
233,Vilaski,vilaski,hamlet,26.2267085,57.8244517
233,Vilivalla,vilivalla,hamlet,22.8492302,58.9107912
233,Vilivalla,vilivalla,hamlet,23.9454455,59.2354865
233,Vilivere,vilivere,hamlet,24.7032358,59.2101532
233,Vilidu,vilidu,hamlet,22.8167186,58.4355073
233,Viliksaarõ,viliksaaro,hamlet,26.795,57.7061323
233,Vilima,vilima,hamlet,22.2368433,58.8965107
233,Vilimeeste,vilimeeste,hamlet,25.7709944,58.2349237
233,Vilina,vilina,hamlet,26.4878986,58.7676779
233,Vilita,vilita,hamlet,25.4222643,58.7487745
233,Vilkla,vilkla,hamlet,23.5924672,58.8920461
233,Villa,villa,hamlet,27.0376706,57.8641957
233,Villa,villa,hamlet,25.8865477,58.2731977
233,Villakvere,villakvere,hamlet,26.3754497,58.8981179
233,Villamaa,villamaa,hamlet,22.392457,58.9186848
233,Villandi,villandi,hamlet,26.100435,59.5147501
233,Villevere,villevere,hamlet,25.4904058,58.6507848
233,Villemi,villemi,hamlet,22.7956852,58.8657174
233,Villike,villike,hamlet,26.5150384,57.5600595
233,Vilsandi,vilsandi,hamlet,21.8545321,58.3810584
233,Vilta,vilta,hamlet,24.2489506,58.8813385
233,Viltina,viltina,hamlet,23.0305216,58.3942978
233,Viluvere,viluvere,hamlet,24.8396922,58.6280671
233,Vilusi,vilusi,hamlet,26.9535789,58.8828264
233,Vilumäe,vilumae,hamlet,24.2830381,59.1163124
233,Vilussaare,vilussaare,hamlet,26.9940537,58.4603309
233,Vinski,vinski,hamlet,27.5131207,57.7593896
233,Vinso,vinso,hamlet,27.2779975,57.9725513
233,Vintri,vintri,hamlet,22.1961666,58.0389721
233,Vintse,vintse,hamlet,23.8533442,59.2705855
233,Viraksaare,viraksaare,hamlet,25.5261491,58.9135491
233,Virita,virita,hamlet,22.0406724,58.3747888
233,Virla,virla,hamlet,25.2591779,59.0500693
233,Viro,viro,hamlet,27.45015,57.758417
233,Virtsu,virtsu,hamlet,27.1245785,58.6263413
233,Viru,viru,hamlet,26.7432746,57.7365127
233,Viru-Jaagupi,viru-jaagupi,village,26.4744117,59.2450232
233,Viruvere,viruvere,hamlet,26.2954452,58.7527422
233,Viruküla,virukula,hamlet,24.2109952,59.0887244
233,Virulase,virulase,hamlet,26.6423667,58.2473539
233,Virunurme,virunurme,hamlet,27.0423983,59.1932944
233,Viskla,viskla,hamlet,25.1929762,59.2175219
233,Visnapuu,visnapuu,hamlet,26.5879049,58.2170222
233,Vissi,vissi,hamlet,26.4396589,58.2488871
233,Vissuvere,vissuvere,hamlet,25.8856608,58.5423926
233,Vissuvere,vissuvere,hamlet,25.4262296,58.9409585
233,Vistla,vistla,hamlet,26.1718822,59.1834486
233,Viti,viti,hamlet,24.3850261,59.4379562
233,Vitsiku,vitsiku,hamlet,27.2252759,59.3395267
233,Vihavu,vihavu,hamlet,26.2909546,58.3606736
233,Vihkla,vihkla,hamlet,27.063108,57.6077103
233,Vihtra,vihtra,hamlet,25.0400216,58.5779995
233,Vodja,vodja,hamlet,25.6853181,58.9360307
233,Voika,voika,hamlet,26.4840904,58.2527206
233,Voka,voka,hamlet,27.5642018,59.3979948
233,Voka,voka,village,27.589922,59.4064226
233,Voki,voki,hamlet,27.1387775,57.7489915
233,Voki-Tamme,voki-tamme,hamlet,27.1348265,57.8567564
233,Voldi,voldi,hamlet,26.5809204,58.5484563
233,Voose,voose,hamlet,23.6591597,58.6440954
233,Voose,voose,hamlet,25.4373006,59.1956841
233,Voorbahi,voorbahi,hamlet,25.8400532,58.0554304
233,Voore,voore,hamlet,26.7484427,58.7189555
233,Voore,voore,hamlet,26.5079857,59.2406153
233,Voorepalu,voorepalu,hamlet,26.8514287,58.1521441
233,Voorepera,voorepera,hamlet,27.1309007,59.4064639
233,Vorbuse,vorbuse,hamlet,26.645296,58.4257592
233,Voropi,voropi,hamlet,27.616177,57.8456482
233,Vorsti,vorsti,hamlet,25.9718197,58.7013521
233,Vorsti,vorsti,hamlet,26.167199,59.0705432
233,Vorstimäe,vorstimae,hamlet,27.0936196,57.6529926
233,Vohnja,vohnja,hamlet,26.0430113,59.3783212
233,Vungi,vungi,hamlet,27.0502344,57.6364279
233,Vuti,vuti,hamlet,25.9635693,58.9761768
233,Võduvere,voduvere,hamlet,26.4335525,58.7649716
233,Võduvere,voduvere,hamlet,26.1239874,59.3228768
233,Võsivere,vosivere,hamlet,26.4265287,58.3374541
233,Võiardi,voiardi,hamlet,27.2483339,58.0333886
233,Võibla,voibla,hamlet,26.6692499,58.4716505
233,Võivaku,voivaku,hamlet,25.6044227,58.485297
233,Võivere,voivere,hamlet,26.3517176,59.0548393
233,Võide,voide,hamlet,27.2746518,59.2566594
233,Võidivere,voidivere,hamlet,26.6862247,58.8451638
233,Võidu,voidu,hamlet,24.5864485,58.1512602
233,Võidula,voidula,hamlet,25.0934202,58.7049246
233,Võiera,voiera,hamlet,25.0960521,58.5999217
233,Võika,voika,hamlet,27.3699752,58.0409061
233,Võikvere,voikvere,hamlet,26.4679911,58.736515
233,Võiküla,voikula,hamlet,23.3918723,58.5494927
233,Võipere,voipere,hamlet,26.1110917,59.40735
233,Võiste,voiste,village,24.4808744,58.2083598
233,Võitra,voitra,hamlet,24.1007057,58.5732227
233,Võle,vole,hamlet,26.2330747,59.4643725
233,Võlla,volla,hamlet,24.668643,58.5101154
233,Võlla,volla,hamlet,23.342407,58.5958607
233,Võlle,volle,hamlet,25.2298146,59.1913977
233,Võlli,volli,hamlet,24.8684887,58.4508115
233,Võlli,volli,hamlet,25.3470068,58.509398
233,Võllinge,vollinge,hamlet,26.3350146,58.3616159
233,Võlsi,volsi,hamlet,26.9874474,57.8282467
233,Võnnu,vonnu,hamlet,23.6981409,58.9073691
233,Võntküla,vontkula,hamlet,23.8108956,58.9582326
233,Võpolsova,vopolsova,hamlet,27.5989915,57.990925
233,Võrevere,vorevere,hamlet,25.8322447,58.7607994
233,Võrkla,vorkla,hamlet,26.6791451,59.4311995
233,Võrnu,vornu,hamlet,27.1872302,59.3007415
233,Võrsna,vorsna,hamlet,22.760986,58.3917766
233,Võruküla,vorukula,hamlet,26.9260474,58.3245762
233,Võrumõisa,vorumoisa,hamlet,27.0296494,57.8468049
233,Võrungi,vorungi,hamlet,24.2262128,58.5697688
233,Võrusoo,vorusoo,hamlet,27.0393499,57.8387975
233,Võtikvere,votikvere,hamlet,26.8268631,58.864283
233,Võuküla,voukula,hamlet,27.3094251,58.0633683
233,Võhma,vohma,hamlet,22.3558634,58.5304059
233,Väike-Võhma,vaike-vohma,hamlet,22.8481933,58.5799592
233,Võhma,vohma,hamlet,24.082668,58.7180356
233,Võhma,vohma,hamlet,27.2740913,59.2831526
233,Võhma,vohma,hamlet,26.5598334,59.3627989
233,Võhmanõmme,vohmanomme,hamlet,26.009881,58.649107
233,Võhmetu,vohmetu,hamlet,26.2098193,59.2157641
233,Võhmuta,vohmuta,hamlet,25.9677138,59.0782489
233,Võhu,vohu,hamlet,26.5857582,59.2336776
233,Võõbu,voobu,hamlet,25.4711208,59.0306192
233,Võõpsu,voopsu,hamlet,27.5431766,58.0747936
233,Võõpsu,voopsu,village,27.5383916,58.0813782
233,Võeva,voeva,hamlet,24.503773,58.7752986
233,Vägari,vagari,hamlet,26.2174984,58.7304257
233,Väiso,vaiso,hamlet,27.0459231,57.87532
233,Väike-Ahli,vaike-ahli,hamlet,23.5474586,58.8720135
233,Väike-Veerksu,vaike-veerksu,hamlet,27.4333478,58.0224318
233,Väike-Kamari,vaike-kamari,hamlet,25.9894823,58.6084229
233,Väike-Kareda,vaike-kareda,hamlet,25.7941871,58.8834802
233,Väike-Lähtru,vaike-lahtru,hamlet,23.8793392,58.9151382
233,Väike-Nõmmküla,vaike-nommkula,hamlet,23.6370355,59.0575065
233,Väike-Pahila,vaike-pahila,hamlet,22.8646405,58.5409754
233,Väike-Pungerja,vaike-pungerja,hamlet,27.3509955,59.1873796
233,Väike-Rakke,vaike-rakke,hamlet,26.1875722,58.335842
233,Väike-Rakke,vaike-rakke,hamlet,26.2784034,58.964142
233,Väike-Rahula,vaike-rahula,hamlet,22.996899,58.5492363
233,Väike-Rootsi,vaike-rootsi,hamlet,22.7106175,58.2293917
233,Väike-Rõsna,vaike-rosna,hamlet,27.6214505,57.9794618
233,Väiko-Serga,vaiko-serga,hamlet,27.4928992,57.7498594
233,Väiko-Tiilige,vaiko-tiilige,hamlet,27.2901435,57.6086853
233,Väiko-Härmä,vaiko-harma,hamlet,27.374661,57.7764063
233,Väinjärve,vainjarve,hamlet,26.0842459,58.9503813
233,Väkra,vakra,hamlet,22.8612558,58.4658911
233,Välgi,valgi,hamlet,26.893896,58.5993399
233,Välgita,valgita,hamlet,25.6511575,58.4661366
233,Välta,valta,hamlet,23.1440351,58.483306
233,Väljaküla,valjakula,hamlet,26.2760171,57.8785153
233,Väljaküla,valjakula,hamlet,25.0197634,58.1787538
233,Väljamõisa,valjamoisa,hamlet,22.8360378,58.3109883
233,Väljaküla,valjakula,hamlet,22.8765314,58.3488788
233,Koigi-Väljaküla,koigi-valjakula,hamlet,22.9067939,58.4936498
233,Väljaküla,valjakula,hamlet,27.0756573,58.6463256
233,Väljaotsa,valjaotsa,hamlet,26.3640795,58.7146479
233,Väljaotsa,valjaotsa,hamlet,25.5474822,58.7644832
233,Väljataguse,valjataguse,hamlet,26.0041209,58.8000905
233,Väljataguse,valjataguse,hamlet,25.4247178,58.9085992
233,Väljataguse,valjataguse,hamlet,24.7949175,58.9834388
233,Vängla,vangla,hamlet,24.2273973,58.7454626
233,Vändra,vandra,hamlet,27.3587067,57.9904134
233,Vänni,vanni,hamlet,27.0395451,57.688752
233,Värati,varati,hamlet,23.984449,58.3182064
233,Värssu,varssu,hamlet,22.9418207,58.9248562
233,Vätse,vatse,hamlet,23.6699385,58.8430912
233,Väheru,vaheru,hamlet,26.3115623,57.7974976
233,Väägvere,vaagvere,hamlet,26.8404906,58.4696889
233,Väänikvere,vaanikvere,hamlet,26.4170745,58.5147066
233,Väänla,vaanla,hamlet,23.8327993,58.9785542
233,Diby,diby,hamlet,23.3048716,59.0197747
233,Jeti,jeti,hamlet,25.8770384,57.9168126
233,Jeedasküla,jeedaskula,hamlet,27.2635873,57.7237495
233,Ibaste,ibaste,hamlet,27.1107706,58.2315369
233,Ivaste,ivaste,hamlet,26.6229811,58.1480083
233,Igavere,igavere,hamlet,26.768434,58.5360019
233,Igavere,igavere,hamlet,25.0766045,59.3409505
233,Igevere,igevere,hamlet,26.8125262,58.2856235
233,Ignase,ignase,hamlet,26.8542615,58.2618394
233,Ignasõ,ignaso,hamlet,27.3628383,57.8126095
233,Igrise,igrise,hamlet,27.5001719,57.9744464
233,Idavere,idavere,hamlet,26.2980406,59.4312897
233,Idaotsa,idaotsa,hamlet,25.0328436,59.6189396
233,Isabella,isabella,hamlet,22.5333298,58.9456068
233,Iia,iia,hamlet,25.1879567,58.3356733
233,Iigaste,iigaste,hamlet,26.2791616,57.8361364
233,Iide,iide,hamlet,22.076173,57.9808224
233,Iila,iila,hamlet,26.6552831,59.4926248
233,Iilaste,iilaste,hamlet,22.7913117,58.3075835
233,Iira,iira,hamlet,24.7375042,58.9801485
233,Ilbaku,ilbaku,hamlet,25.379774,58.4692606
233,Ilistvere,ilistvere,hamlet,26.726043,59.0415842
233,Illi,illi,hamlet,27.3216291,57.7174149
233,Illi,illi,hamlet,26.4445308,58.1995477
233,Illuka,illuka,hamlet,27.4839556,59.2370928
233,Illurma,illurma,hamlet,24.2995832,59.3416158
233,Ilmandu,ilmandu,hamlet,24.4808366,59.4428208
233,Ilmastalu,ilmastalu,hamlet,25.4751226,59.4396221
233,Ilmaste,ilmaste,hamlet,26.8623359,59.360217
233,Ilmatsalu,ilmatsalu,hamlet,26.5401097,58.3873197
233,Ilmjärve,ilmjarve,hamlet,26.4418557,57.9526817
233,Ilpla,ilpla,hamlet,22.6517271,58.2860264
233,Imavere,imavere,hamlet,22.884193,58.4982368
233,Imara,imara,hamlet,22.2477988,58.124312
233,Imastu,imastu,hamlet,26.0130376,59.2743636
233,Imste,imste,hamlet,27.0673173,58.2644109
233,Imukvere,imukvere,hamlet,26.6365212,58.7318439
233,Imukvere,imukvere,hamlet,26.5084596,58.9574143
233,Ingküla,ingkula,hamlet,23.6500222,59.0325795
233,Inda,inda,hamlet,24.5815447,58.7835982
233,Indra,indra,hamlet,27.2865875,57.7710334
233,Inju,inju,hamlet,26.3662606,59.2667311
233,Iravere,iravere,hamlet,26.6046091,58.8118413
233,Irvala,irvala,hamlet,27.0220916,59.3542838
233,Irta,irta,hamlet,24.1261433,58.5517802
233,Iruste,iruste,hamlet,23.0263833,58.5074053
233,Iska,iska,hamlet,24.2063757,58.5761287
233,Issaku,issaku,hamlet,27.0186506,58.2779428
233,Ihasalu,ihasalu,hamlet,25.1876472,59.5153696
233,Ihatsi,ihatsi,hamlet,27.0982975,57.7222823
233,Joosu,joosu,hamlet,27.041866,57.9269006
233,Joonuse,joonuse,hamlet,24.2149915,58.5687749
233,Jootme,jootme,hamlet,22.4780284,58.3293836
233,Jootme,jootme,hamlet,25.8964706,59.2206227
233,Jõgeva,jogeva,village,26.3994473,58.7619172
233,Jõgeveste,jogeveste,hamlet,26.0038316,58.0079853
233,Jõgela,jogela,hamlet,21.990205,58.254878
233,Jõgehara,jogehara,hamlet,26.6826284,57.9547744
233,Jõgisoo,jogisoo,hamlet,24.0088679,58.8587287
233,Jõgisoo,jogisoo,hamlet,25.8660405,59.1646847
233,Jõiste,joiste,hamlet,22.7836997,58.5975901
233,Jõksi,joksi,hamlet,27.3744367,57.7670502
233,Jõksi,joksi,hamlet,26.7314256,58.004669
233,Jõuga,jouga,hamlet,27.3704726,59.1485018
233,Jõusa,jousa,hamlet,26.7771621,58.5478029
233,Jõune,joune,hamlet,26.3677793,58.6691228
233,Jõõdre,joodre,hamlet,23.6369629,58.8649316
233,Kaarma-Jõe,kaarma-joe,hamlet,22.515101,58.3607927
233,Jõe,joe,hamlet,23.0105772,58.4533959
233,Jõevaara,joevaara,hamlet,27.2932115,58.0102134
233,Jõeveere,joeveere,hamlet,27.1831443,57.9397735
233,Jõeküla,joekula,hamlet,25.9048105,58.4084774
233,Jõeküla,joekula,hamlet,25.1320009,58.7867179
233,Jõeküla,joekula,hamlet,22.8774327,58.8460105
233,Jõeküla,joekula,hamlet,26.0592564,58.8578576
233,Jõelepa,joelepa,hamlet,22.7632916,58.4099189
233,Jõemetsa,joemetsa,hamlet,26.9182389,58.9372627
233,Jõempa,joempa,hamlet,22.3201393,58.3556482
233,Jõepera,joepera,hamlet,26.5796751,57.7553626
233,Jõepera,joepera,hamlet,27.4165319,58.2780822
233,Jõepere,joepere,hamlet,26.1899308,59.2901387
233,Jõeranna,joeranna,hamlet,22.4789639,58.952006
233,Jõesse,joesse,hamlet,23.735312,58.8651243
233,Jõesuu,joesuu,hamlet,22.4324438,58.8936495
233,Jõesuu,joesuu,hamlet,25.1562132,59.474444
233,Jõetaguse,joetaguse,hamlet,27.395307,59.2822139
233,Jõetaguse,joetaguse,hamlet,26.1694192,59.3241843
233,Jõeääre,joeaare,hamlet,24.4492704,58.8234609
233,Jööri,joori,hamlet,22.7605238,58.4387349
233,Kaave,kaave,hamlet,26.2751896,58.7333281
233,Kaavere,kaavere,hamlet,25.9561443,58.4691891
233,Kaavere,kaavere,hamlet,26.1631019,58.7089458
233,Kaavere,kaavere,hamlet,26.4327575,58.9040347
233,Kaavi,kaavi,hamlet,22.1825938,57.9864424
233,Kaagvere,kaagvere,hamlet,26.6072734,58.0126012
233,Kaagna,kaagna,hamlet,26.8314745,58.0073801
233,Kaagu,kaagu,hamlet,27.2693887,57.7655709
233,Kaasikaia,kaasikaia,hamlet,27.2936723,59.4175284
233,Kaasikvälja,kaasikvalja,hamlet,27.3012998,59.4225906
233,Kaasiksaare,kaasiksaare,hamlet,26.7445142,59.0004635
233,Kaasiku,kaasiku,hamlet,26.9686003,58.7751325
233,Kaasiku,kaasiku,hamlet,22.8322424,58.8690009
233,Kaasiku,kaasiku,hamlet,23.9070732,58.933553
233,Kaasiku,kaasiku,hamlet,24.3347928,59.1929044
233,Kaali,kaali,hamlet,22.6690952,58.3711472
233,Kaansoo,kaansoo,hamlet,25.1919687,58.5824441
233,Kaaratautsa,kaaratautsa,hamlet,27.0241874,57.745678
233,Kaare,kaare,hamlet,23.8109014,58.8258651
233,Kaarli,kaarli,hamlet,26.4665212,59.3588351
233,Kaarlimõisa,kaarlimoisa,hamlet,27.0411901,58.3612856
233,Kaarlijärve,kaarlijarve,hamlet,26.1782803,58.280768
233,Kaarma,kaarma,hamlet,22.5620562,58.3474836
233,Kaarmise,kaarmise,hamlet,22.355015,58.3422436
233,Kaaru,kaaru,hamlet,27.2216332,58.1256438
233,Kaaruka,kaaruka,hamlet,25.7507563,59.0138233
233,Kaatermu,kaatermu,hamlet,27.5451483,59.1675254
233,Kaatsi,kaatsi,hamlet,26.7586994,58.2062691
233,Kabeli,kabeli,hamlet,23.9232157,58.7831026
233,Kabeli,kabeli,hamlet,26.5176115,59.4751001
233,Kabelimetsa,kabelimetsa,hamlet,27.3580438,59.3794743
233,Kaberla,kaberla,hamlet,25.2690806,59.4739691
233,Kabila,kabila,hamlet,24.4261565,59.2185077
233,Kabina,kabina,hamlet,26.8306054,58.3494344
233,Kablaküla,kablakula,hamlet,26.0654943,58.6089442
233,Kabli,kabli,hamlet,24.4402454,58.0014678
233,Kablima,kablima,hamlet,24.3612844,58.6248684
233,Kabrametsa,kabrametsa,hamlet,23.6509103,58.9163836
233,Kabriste,kabriste,hamlet,24.281033,58.3439686
233,Kabuna,kabuna,hamlet,22.5518741,58.7337238
233,Kavandi,kavandi,hamlet,22.8406347,58.5967958
233,Kavandu,kavandu,hamlet,26.6126989,58.1888801
233,Kavastu,kavastu,hamlet,26.1441925,59.4723884
233,Kavõldi,kavoldi,hamlet,26.9448594,57.6728498
233,Kagavere,kagavere,hamlet,25.8177372,59.0297351
233,Kaguvere,kaguvere,hamlet,24.3522117,58.8365383
233,Kadaka,kadaka,hamlet,23.6982778,58.4467128
233,Kadaka,kadaka,hamlet,23.6447547,58.9402457
233,Kadaka,kadaka,hamlet,24.7529068,59.1311046
233,Kadaka,kadaka,hamlet,24.968008,59.3955987
233,Kadapiku,kadapiku,hamlet,26.1405288,59.2178558
233,Kadapiku,kadapiku,hamlet,26.1356801,59.3495777
233,Kadarpiku,kadarpiku,hamlet,23.7148095,58.9552135
233,Kadaja,kadaja,hamlet,27.1763673,58.2249809
233,Kaderna,kaderna,hamlet,22.5168516,58.8088214
233,Kadiküla,kadikula,hamlet,26.4115998,58.9419415
233,Kadila,kadila,hamlet,26.3361879,59.2292164
233,Kadrina,kadrina,hamlet,27.0816049,58.7019286
233,Kadõni,kadoni,hamlet,26.8896817,57.6526826
233,Kadja,kadja,hamlet,25.2233945,59.0415648
233,Kadjaste,kadjaste,hamlet,25.1528082,58.6627376
233,Kasakova,kasakova,hamlet,27.4498239,57.7868608
233,Kasari,kasari,hamlet,24.0212207,58.7257628
233,Kasaritsa,kasaritsa,hamlet,27.0298537,57.782906
233,Kasevälja,kasevalja,hamlet,27.3283029,59.0870978
233,Kaseküla,kasekula,hamlet,23.5872525,58.628209
233,Kasepere,kasepere,hamlet,24.1658448,59.2156194
233,Kasepää,kasepaa,village,27.2343773,58.524358
233,Kasepää,kasepaa,hamlet,26.9638858,58.7880989
233,Kaiavere,kaiavere,hamlet,26.6912546,58.5899811
233,Kaiavere,kaiavere,hamlet,26.6486872,58.6099337
233,Kaigepere,kaigepere,hamlet,24.7701695,58.9220535
233,Kaigutsi,kaigutsi,hamlet,22.6854788,58.8391974
233,Kaidma,kaidma,hamlet,27.5116842,59.1936828
233,Kaisa,kaisa,hamlet,22.6745722,58.4845885
233,Kaika,kaika,hamlet,26.5266596,57.752279
233,Kailuka,kailuka,hamlet,22.6993727,58.2530444
233,Kaimi,kaimi,hamlet,26.385692,58.3396864
233,Kaimri,kaimri,hamlet,22.2058036,58.0720484
233,Kaisvere,kaisvere,hamlet,22.4691623,58.3659124
233,Kaitsemõisa,kaitsemoisa,hamlet,26.8153853,58.5778028
233,Kaiu,kaiu,village,25.0550874,59.0129062
233,Kaku,kaku,hamlet,26.894308,57.7904953
233,Kaku,kaku,hamlet,27.1957185,57.8301304
233,Kakuvälja,kakuvalja,hamlet,26.0584323,59.5266098
233,Kakumetsa,kakumetsa,hamlet,26.8632156,58.372449
233,Kakumäe,kakumae,hamlet,26.4434894,59.2705027
233,Kakuna,kakuna,hamlet,23.2617407,58.461789
233,Kakusuu,kakusuu,hamlet,27.4557522,57.8724163
233,Kalana,kalana,hamlet,26.0704999,58.7225297
233,Kalana,kalana,hamlet,22.0733074,58.9241094
233,Kalatsova,kalatsova,hamlet,27.4241679,57.740955
233,Kalbu,kalbu,hamlet,24.8784004,58.8942567
233,Kalbuse,kalbuse,hamlet,25.8568769,58.2816333
233,Kalvi,kalvi,hamlet,26.7864078,59.4806992
233,Kalvre,kalvre,hamlet,25.5607489,58.1979466
233,Kalgi,kalgi,hamlet,22.9154651,58.8565061
233,Kalda,kalda,hamlet,24.7849798,58.191958
233,Kalda,kalda,hamlet,24.8823378,59.1084623
233,Kaldemäe,kaldemae,hamlet,27.0681415,57.7222771
233,Kalevi,kalevi,hamlet,24.7566792,59.0183353
233,Kalesi,kalesi,hamlet,25.105426,59.3482863
233,Kaleste,kaleste,hamlet,22.1417255,58.9075196
233,Kaliküla,kalikula,hamlet,26.0820987,58.6366563
233,Kaliküla,kalikula,hamlet,26.4581924,59.5049609
233,Kalina,kalina,hamlet,27.3421766,59.2672717
233,Kalita,kalita,hamlet,24.9217125,58.0883037
233,Kalitsa,kalitsa,hamlet,25.9174661,58.9602753
233,Kallaste,kallaste,hamlet,26.5817027,57.6176934
233,Vodi,vodi,hamlet,27.0635583,57.7511496
233,Kallaste,kallaste,hamlet,22.1180849,58.4198058
233,Kallemäe,kallemae,hamlet,22.8803715,58.3700311
233,Kalli,kalli,hamlet,22.8801961,58.392002
233,Kalli,kalli,hamlet,24.023768,58.5358671
233,Kallivere,kallivere,hamlet,26.7118158,58.7244789
233,Kalliküla,kallikula,hamlet,26.4554419,57.6127373
233,Kallukse,kallukse,hamlet,26.0601384,59.3624245
233,Kalma,kalma,hamlet,23.0022176,58.5321124
233,Kalmaküla,kalmakula,hamlet,26.971739,58.8957826
233,Kalmaru,kalmaru,hamlet,25.064599,58.6631559
233,Kalme,kalme,hamlet,25.9877796,57.9795998
233,Kalme,kalme,hamlet,26.3796777,58.1964114
233,Kalme,kalme,hamlet,25.8825573,58.7059179
233,Kalme,kalme,hamlet,25.6994885,59.4861798
233,Kalmu,kalmu,hamlet,21.9847713,58.4645842
233,Kaloga,kaloga,hamlet,27.0477091,57.7473527
233,Kaluka,kaluka,hamlet,26.85363,57.6618672
233,Kalju,kalju,hamlet,22.8461325,58.4058281
233,Kalju,kalju,hamlet,24.0618007,58.9080612
233,Kamali,kamali,hamlet,25.199279,58.2140086
233,Kamariku,kamariku,hamlet,26.2598189,59.0175987
233,Kamarna,kamarna,hamlet,27.5564976,59.1197149
233,Kammeri,kammeri,hamlet,26.6434745,58.1770334
233,Kamnitsa,kamnitsa,hamlet,27.4378095,57.9270661
233,Kanavere,kanavere,hamlet,25.0690516,59.1693432
233,Kanamardi,kanamardi,hamlet,23.9497091,58.4527179
233,Kanapeeksi,kanapeeksi,hamlet,22.6444065,58.9936633
233,Kangavitsa,kangavitsa,hamlet,27.4046776,57.7750655
233,Kangru,kangru,hamlet,24.526188,58.5590869
233,Kangru,kangru,hamlet,24.5752354,58.8250135
233,Kangru,kangru,village,24.7811223,59.3493199
233,Kangrussaare,kangrussaare,hamlet,25.7332189,58.6167719
233,Kangrusselja,kangrusselja,hamlet,22.7962046,58.3652114
233,Kandiküla,kandikula,hamlet,26.6611549,58.3819614
233,Kandla,kandla,hamlet,22.2834231,58.370352
233,Kanissaare,kanissaare,hamlet,23.1896375,58.4934297
233,Kannastiku,kannastiku,hamlet,26.4511281,59.2274381
233,Kannu,kannu,hamlet,27.1270535,57.907135
233,Kannu,kannu,hamlet,27.0368715,58.3053845
233,Kannuküla,kannukula,hamlet,25.7893282,58.1303127
233,Kantküla,kantkula,hamlet,26.5877848,58.8254457
233,Kantküla,kantkula,hamlet,25.2448754,59.1234779
233,Kantküla,kantkula,hamlet,26.5283275,59.2929946
233,Kantsi,kantsi,hamlet,23.2405302,58.5901616
233,Kapera,kapera,hamlet,27.3222972,57.7639171
233,Kapra,kapra,hamlet,23.0234454,58.4802691
233,Kapsta,kapsta,hamlet,26.2746812,58.2997883
233,Kapu,kapu,hamlet,26.0416584,58.9809005
233,Karala,karala,hamlet,21.9112214,58.2660023
233,Karamsina,karamsina,hamlet,27.4590245,57.8117494
233,Karaski,karaski,hamlet,26.794896,57.7308128
233,Karba,karba,hamlet,26.9595617,57.6613893
233,Kargaja,kargaja,hamlet,27.1474644,58.4799254
233,Kardla,kardla,hamlet,26.568863,58.4383051
233,Kareda,kareda,hamlet,22.9188433,58.5085699
233,Kareda,kareda,hamlet,25.79425,58.9527921
233,Karivärava,karivarava,hamlet,26.269043,59.3538393
233,Karida,karida,hamlet,22.3299493,58.3067848
233,Karilatsi,karilatsi,hamlet,26.9102434,58.1427465
233,Karilepa,karilepa,hamlet,24.143902,59.252773
233,Karinu,karinu,hamlet,25.9613716,59.0395839
233,Karinõmme,karinomme,hamlet,23.9691324,58.6139507
233,Karisilla,karisilla,hamlet,27.5552223,57.9760443
233,Karisöödi,karisoodi,hamlet,26.5758477,57.5457008
233,Karitsa,karitsa,hamlet,25.0175133,58.9992999
233,Karijärve,karijarve,hamlet,26.4044818,58.3022003
233,Karkuse,karkuse,hamlet,25.9841399,59.201262
233,Karkuse,karkuse,hamlet,26.4041896,59.311269
233,Karla,karla,hamlet,25.1241318,59.1640149
233,Karla,karla,hamlet,24.9275089,59.3722638
233,Karste,karste,hamlet,26.6681971,58.009976
233,Karu,karu,hamlet,26.0483422,58.1147078
233,Karuba,karuba,hamlet,24.1316523,58.5715799
233,Karuse,karuse,hamlet,23.6950958,58.6174976
233,Karunga,karunga,hamlet,26.2413159,59.265701
233,Karuste,karuste,hamlet,22.0190664,57.9425009
233,Karujärve,karujarve,hamlet,22.2155218,58.4041955
233,Karja,karja,hamlet,22.6961169,58.5113315
233,Karjaküla,karjakula,hamlet,25.2672064,58.7538462
233,Karjaküla,karjakula,village,24.3906989,59.3395938
233,Kasvandu,kasvandu,hamlet,25.030513,59.0231926
233,Kassema,kassema,hamlet,26.7331655,58.6325906
233,Kassi,kassi,hamlet,26.4715485,57.906521
233,Kassi,kassi,hamlet,25.6632632,58.2233622
233,Kassivere,kassivere,hamlet,26.4261241,58.6353875
233,Kassilaane,kassilaane,hamlet,27.3655697,58.0599372
233,Kassinurme,kassinurme,hamlet,26.4581782,58.6753774
233,Kassiratta,kassiratta,hamlet,26.4550823,57.974208
233,Kastamara,kastamara,hamlet,27.4656575,57.7315403
233,Kasti,kasti,hamlet,22.6341338,58.260299
233,Kasti,kasti,hamlet,24.5304035,58.8693079
233,Kastli,kastli,hamlet,26.6560956,58.5009887
233,Kastmekoja,kastmekoja,hamlet,27.2165181,58.2373141
233,Kastna,kastna,hamlet,23.8910605,58.3364972
233,Kastna,kastna,hamlet,25.0410165,58.8464137
233,Kastolatsi,kastolatsi,hamlet,26.484955,58.0855679
233,Kastja,kastja,hamlet,24.108698,58.7862458
233,Kata,kata,hamlet,24.9576168,59.1930703
233,Katase,katase,hamlet,27.3655235,59.0056184
233,Katela,katela,hamlet,26.3994713,59.4549998
233,Katku,katku,hamlet,26.5115803,59.3744971
233,Katsina,katsina,hamlet,25.2895742,59.0889469
233,Kaubi,kaubi,hamlet,27.1912218,57.5952507
233,Kaubi,kaubi,hamlet,22.5284172,58.4383703
233,Kaugatoma,kaugatoma,hamlet,22.2086766,58.1255419
233,Kaugu,kaugu,hamlet,26.8014992,57.7212074
233,Kauda,kauda,hamlet,26.8488739,58.4969235
233,Kaude,kaude,hamlet,26.5965228,58.7569885
233,Kause,kause,hamlet,23.6390735,58.6082697
233,Kausi,kausi,hamlet,24.2492502,58.7168574
233,Kaukvere,kaukvere,hamlet,26.9142161,59.1764224
233,Kauksi,kauksi,hamlet,27.224692,58.9952731
233,Kaunispe,kaunispe,hamlet,22.0863935,58.0357866
233,Kaunissaare,kaunissaare,hamlet,25.35726,59.3069949
233,Kauru,kauru,hamlet,26.1011748,58.7711565
233,Kaurutootsi,kaurutootsi,hamlet,26.509442,57.9699305
233,Kauste,kauste,hamlet,22.6000241,59.0452759
233,Kautjala,kautjala,hamlet,24.9436766,59.3399518
233,Kahala,kahala,hamlet,25.5408307,58.6430475
233,Kahala,kahala,hamlet,25.8015408,58.9072765
233,Kahkva,kahkva,hamlet,27.4685339,57.9403934
233,Kahkva,kahkva,hamlet,27.4701017,58.0046424
233,Kahro,kahro,hamlet,26.7619079,57.8983682
233,Kahru,kahru,hamlet,27.0224338,57.7070256
233,Kahtla,kahtla,hamlet,22.999693,58.4056874
233,Kahula,kahula,hamlet,27.3295691,59.3375199
233,Kahutsi,kahutsi,hamlet,22.9913018,58.5228694
233,Kaeva,kaeva,hamlet,26.0840844,59.1530031
233,Kaevere,kaevere,hamlet,23.5796308,58.8517174
233,Kaevussaare,kaevussaare,hamlet,26.7748579,58.9722703
233,Kaelase,kaelase,hamlet,24.5239593,58.6962205
233,Kaera,kaera,hamlet,26.3272502,58.7778324
233,Kaerepere,kaerepere,hamlet,24.8548188,58.9612513
233,Kaerepere,kaerepere,village,24.8394605,58.9629314
233,Kajamaa,kajamaa,hamlet,24.6970252,59.2825554
233,Keava,keava,village,24.9018073,58.9450322
233,Kedre,kedre,hamlet,23.804382,58.9380584
233,Kesu,kesu,hamlet,24.278939,58.7203131
233,Kesu,kesu,hamlet,23.7058653,58.8759271
233,Kelba,kelba,hamlet,24.6351372,59.0806804
233,Kelvingi,kelvingi,hamlet,24.838239,59.5495639
233,Kellavere,kellavere,hamlet,26.5213599,59.0808322
233,Kellamäe,kellamae,hamlet,22.4330498,58.3187025
233,Kellamäe,kellamae,hamlet,26.2232001,58.9799019
233,Kellassaare,kellassaare,hamlet,26.9933025,59.0757499
233,Kelnase,kelnase,hamlet,25.0001493,59.6374655
233,Kelu,kelu,hamlet,23.8898642,58.7426786
233,Kenni,kenni,hamlet,24.899987,58.7644374
233,Keo,keo,hamlet,24.7283832,58.8901854
233,Keravere,keravere,hamlet,23.7430338,58.8085928
233,Kergatsi,kergatsi,hamlet,27.1158376,57.7090021
233,Kerguta,kerguta,hamlet,26.0167157,59.1241098
233,Kerema,kerema,hamlet,22.9465983,58.895797
233,Kerepäälse,kerepaalse,hamlet,27.3243076,57.7881052
233,Keri,keri,hamlet,25.8423509,58.8920946
233,Kersalu,kersalu,hamlet,24.1999653,59.3381796
233,Kersleti,kersleti,hamlet,23.1683544,59.0315932
233,Keskvere,keskvere,hamlet,22.5281402,58.4165279
233,Pöide-Keskvere,poide-keskvere,hamlet,23.2058822,58.4958429
233,Keskvere,keskvere,hamlet,23.8367354,58.8146263
233,Keskküla,keskkula,hamlet,24.0151998,58.7426837
233,Keskküla,keskkula,hamlet,24.4900076,58.7905402
233,Kesklahe,kesklahe,hamlet,27.1879254,58.5788156
233,Keskranna,keskranna,hamlet,22.2830137,58.2043973
233,Kesse,kesse,hamlet,23.4301901,58.63389
233,Kestla,kestla,hamlet,26.9186978,59.4180427
233,Ketneri,ketneri,hamlet,26.4312032,58.1635833
233,Kehala,kehala,hamlet,26.4744214,59.267514
233,Kehila,kehila,hamlet,22.0472088,58.4191456
233,Kehra,kehra,hamlet,25.3277173,59.3506991
233,Kehtna,kehtna,village,24.8732637,58.92468
233,Kehtna-Nurme,kehtna-nurme,hamlet,24.9135994,58.9160797
233,Keelva,keelva,hamlet,24.3268663,59.3578037
233,Keema,keema,hamlet,26.6628788,57.8336887
233,Keerba,keerba,hamlet,27.4599855,57.7415123
233,Keeri,keeri,hamlet,26.4894743,58.3202558
233,Kibeküla,kibekula,hamlet,25.7213016,58.3249112
233,Kibena,kibena,hamlet,26.2629434,58.0401019
233,Kibuna,kibuna,hamlet,24.2804052,59.2056804
233,Kibura,kibura,hamlet,24.155688,58.6335451
233,Kiva,kiva,hamlet,26.276801,59.5263869
233,Kiviküla,kivikula,hamlet,26.1542215,57.9452351
233,Kiviküla,kivikula,hamlet,23.5023385,58.8538228
233,Kiviküla,kivikula,hamlet,26.452395,59.495775
233,Kiviloo,kiviloo,hamlet,25.2484246,59.2966014
233,Kivimäe,kivimae,hamlet,26.6027114,58.668974
233,Kivinõmme,kivinomme,hamlet,27.5872876,59.1643687
233,Kivitammi,kivitammi,hamlet,24.2616478,59.0971685
233,Kivijärve,kivijarve,hamlet,26.5642238,58.7617136
233,Kidaste,kidaste,hamlet,22.5934718,58.996311
233,Kidise,kidise,hamlet,23.927687,58.491268
233,Kiduspe,kiduspe,hamlet,22.2571576,58.8923163
233,Kisuvere,kisuvere,hamlet,26.2960649,59.4108025
233,Kiivera,kiivera,hamlet,22.4654974,58.9004681
233,Kiigevere,kiigevere,hamlet,25.8143549,58.7464708
233,Kiideva,kiideva,hamlet,23.5477815,58.7793086
233,Kiidi,kiidi,hamlet,26.8984926,57.7490833
233,Kiisa,kiisa,hamlet,25.4452548,58.2943481
233,Kiisa,kiisa,hamlet,24.6249818,58.4052649
233,Kiisamaa,kiisamaa,hamlet,24.1882174,58.5377013
233,Kiilaspere,kiilaspere,hamlet,24.4542433,58.8042105
233,Kiini,kiini,hamlet,25.3689933,58.3294092
233,Kiiova,kiiova,hamlet,27.4887763,57.8266998
233,Kiirassaare,kiirassaare,hamlet,21.9982784,58.3418619
233,Kiisli,kiisli,hamlet,26.9302839,58.6885821
233,Kiislova,kiislova,hamlet,27.4252328,57.7095894
233,Kiissa,kiissa,hamlet,26.9096554,59.0518927
233,Kiiu-Aabla,kiiu-aabla,hamlet,25.515803,59.5879592
233,Kikaste,kikaste,hamlet,27.0066393,58.3874821
233,Kikepera,kikepera,hamlet,24.8641826,58.3006495
233,Kikivere,kikivere,hamlet,26.8307655,58.4877753
233,Kikka,kikka,hamlet,27.39882,57.984968
233,Kikkaoja,kikkaoja,hamlet,26.6809223,57.718995
233,Kiksova,kiksova,hamlet,27.4544236,57.8277535
233,Kiku,kiku,hamlet,26.0890036,59.3025453
233,Kilgi,kilgi,hamlet,23.8541823,58.4175863
233,Kilgi,kilgi,hamlet,24.4567238,58.7863025
233,Kildemaa,kildemaa,hamlet,24.8192727,58.4221975
233,Kilksama,kilksama,hamlet,24.5827011,58.4479731
233,Killinge,killinge,hamlet,26.1680989,57.9640354
233,Kilomani,kilomani,hamlet,27.015984,57.609405
233,Kiltsi,kiltsi,hamlet,23.5114123,58.9165977
233,Kiltsi,kiltsi,hamlet,26.1769216,59.0887427
233,Kimalasõ,kimalaso,hamlet,27.2205578,57.5896982
233,Kingli,kingli,hamlet,23.0724897,58.4641767
233,Kingu,kingu,hamlet,25.4127723,58.371597
233,Kinksi,kinksi,hamlet,23.7010595,58.6315765
233,Kipastu,kipastu,hamlet,26.1848227,58.2180396
233,Kipi,kipi,hamlet,22.0375919,58.2491312
233,Kiraste,kiraste,hamlet,23.9854626,58.4733947
233,Kiratsi,kiratsi,hamlet,22.5585294,58.327408
233,Kirbla,kirbla,hamlet,23.9523192,58.7265437
233,Kirbu,kirbu,hamlet,27.0925787,57.6925911
233,Kirbu,kirbu,hamlet,26.3411075,57.7764114
233,Kirdalu,kirdalu,hamlet,24.7323643,59.2503885
233,Kirepi,kirepi,hamlet,26.3274861,58.1680447
233,Kirivalla,kirivalla,hamlet,25.1056476,59.1289039
233,Kirivere,kirivere,hamlet,25.7191211,58.6488805
233,Kirikla,kirikla,hamlet,24.5469685,59.1398292
233,Kirikuvalla,kirikuvalla,hamlet,26.3481209,58.5713596
233,Kirikuküla,kirikukula,hamlet,26.5453422,57.9124362
233,Kirikuküla,kirikukula,hamlet,25.8639389,57.9980858
233,Kärla-Kirikuküla,karla-kirikukula,hamlet,22.2354785,58.3407046
233,Kaarma-Kirikuküla,kaarma-kirikukula,hamlet,22.5070531,58.348172
233,Kirikuküla,kirikukula,hamlet,23.7680997,58.7126511
233,Kirikumõisa,kirikumoisa,hamlet,25.0580216,58.6462714
233,Kirikumäe,kirikumae,hamlet,27.2520977,57.6880175
233,Kirila,kirila,hamlet,25.5565915,58.8582016
233,Kirimäe,kirimae,hamlet,23.7574105,58.9250403
233,Kirisaare,kirisaare,hamlet,25.6681244,58.98113
233,Kiritu,kiritu,hamlet,22.7587739,58.3043603
233,Kirmsi,kirmsi,hamlet,27.3989173,58.0396493
233,Kirna,kirna,hamlet,24.569905,58.7927684
233,Kirna,kirna,hamlet,25.4796982,58.8484304
233,Kirna,kirna,hamlet,23.8785822,58.8883076
233,Kirtsi,kirtsi,hamlet,26.9617301,58.6763725
233,Kiruvere,kiruvere,hamlet,25.3659558,59.1264858
233,Kiruma,kiruma,hamlet,22.372531,58.4740762
233,Kirumpää,kirumpaa,hamlet,27.0004737,57.8655624
233,Kiska,kiska,hamlet,23.7861661,58.5645495
233,Kitsa,kitsa,hamlet,22.4769456,58.7881684
233,Kitseküla,kitsekula,hamlet,26.9132589,58.2924963
233,Kitsemetsa,kitsemetsa,hamlet,26.3258904,58.9256211
233,Kitsõ,kitso,hamlet,27.5016226,57.7542201
233,Kiuma,kiuma,hamlet,26.955137,58.0347272
233,Kihlevere,kihlevere,hamlet,26.1326065,59.3805515
233,Kihlepa,kihlepa,hamlet,24.2453056,58.4020219
233,Kihme,kihme,hamlet,25.7009759,59.0725377
233,Kihmla,kihmla,hamlet,25.2526019,59.3644323
233,Kleemu,kleemu,hamlet,22.7019102,58.8081072
233,Kliima,kliima,hamlet,27.4941229,57.8683153
233,Klistina,klistina,hamlet,27.4449874,57.8017197
233,Kloodi,kloodi,hamlet,26.2788587,59.3800024
233,Kloostri,kloostri,hamlet,23.82932,58.7412267
233,Kobela,kobela,village,26.4742723,57.8406425
233,Kobilu,kobilu,hamlet,26.3193895,58.2962476
233,Kobra,kobra,hamlet,25.0165627,58.6854302
233,Kobratu,kobratu,hamlet,26.793598,58.4736558
233,Kobru,kobru,hamlet,24.1594759,59.1716548
233,Kobruvere,kobruvere,hamlet,25.4423599,58.4663467
233,Kogri,kogri,hamlet,22.8144138,58.8475163
233,Kogula,kogula,hamlet,22.2949009,58.2838411
233,Valjala-Kogula,valjala-kogula,hamlet,22.8754356,58.4205806
233,Kodavere,kodavere,hamlet,27.1415873,58.6963883
233,Kodasema,kodasema,hamlet,25.7751211,58.99573
233,Kodasoo,kodasoo,hamlet,25.2732274,59.4470368
233,Kodesmaa,kodesmaa,hamlet,24.4980697,58.6323962
233,Kodeste,kodeste,hamlet,22.6186161,59.0209926
233,Kodila,kodila,hamlet,24.6681435,59.0400276
233,Kodila-Metsküla,kodila-metskula,hamlet,24.7096987,59.0489718
233,Kodismaa,kodismaa,hamlet,26.5900177,58.8441576
233,Kodijärve,kodijarve,hamlet,26.5449921,58.1826483
233,Kose,kose,hamlet,25.1035159,58.6311795
233,Kose,kose,hamlet,26.2003245,58.7623693
233,Kose,kose,hamlet,27.4857106,59.3269618
233,Kose-Uuemõisa,kose-uuemoisa,village,25.1044333,59.2021788
233,Koseveski,koseveski,hamlet,26.8653905,58.733424
233,Kosova,kosova,hamlet,27.0323583,58.2255966
233,Kosu,kosu,hamlet,25.4820128,59.4091408
233,Koiva,koiva,hamlet,26.2380478,57.6761823
233,Koigera,koigera,hamlet,26.7496404,57.9367877
233,Koigi,koigi,hamlet,23.0009567,58.4915885
233,Koigi,koigi,hamlet,25.7500827,58.8367437
233,Koigi,koigi,hamlet,24.752132,59.0809823
233,Koigu,koigu,hamlet,26.5438894,57.941569
233,Koigu,koigu,hamlet,26.5552008,57.9708982
233,Koidma,koidma,hamlet,22.6198465,58.9688889
233,Koidu,koidu,hamlet,25.8296267,58.2401858
233,Koidu,koidu,hamlet,23.5449412,58.7943029
233,Koidu-Ellavere,koidu-ellavere,hamlet,26.0038486,58.9040987
233,Koiduvälja,koiduvalja,hamlet,22.6277151,58.4752716
233,Koiduküla,koidukula,hamlet,26.3028105,59.2249754
233,Koidula,koidula,hamlet,22.5067774,58.424999
233,Koikküla,koikkula,hamlet,26.2885451,57.6920122
233,Koikla,koikla,hamlet,22.7776902,58.4741028
233,Koikse,koikse,hamlet,24.6734915,58.9565245
233,Koila,koila,hamlet,26.3929557,58.9205384
233,Koila,koila,hamlet,25.1598323,59.4531758
233,Koimla,koimla,hamlet,22.1433111,58.2327918
233,Koimula,koimula,hamlet,26.639505,58.8198363
233,Koipsi,koipsi,hamlet,25.2686327,59.546155
233,Kokaviidika,kokaviidika,hamlet,25.6537889,58.4245919
233,Kokanurga,kokanurga,hamlet,26.9822141,58.7090633
233,Koke,koke,hamlet,26.8829715,58.3139487
233,Koki,koki,hamlet,22.0895401,58.2418365
233,Kokre,kokre,hamlet,23.8652763,58.8744018
233,Koksvere,koksvere,hamlet,25.6469293,58.6287451
233,Koksi,koksi,hamlet,22.8592827,58.444559
233,Kokuta,kokuta,hamlet,23.5942436,58.6563635
233,Kokõ,koko,hamlet,26.9822184,57.7370288
233,Kokõjüri,kokojuri,hamlet,26.9898126,57.7272616
233,Kolga,kolga,hamlet,26.909408,57.764498
233,Kolga,kolga,hamlet,26.5623927,58.2655458
233,Kolga,kolga,hamlet,22.7327753,58.8476062
233,Kolga-Aabla,kolga-aabla,hamlet,25.5348288,59.5672543
233,Kolgu,kolgu,hamlet,25.8644057,59.3089865
233,Koldamäe,koldamae,hamlet,27.3618905,59.1279673
233,Kolepi,kolepi,hamlet,27.0731157,57.7670176
233,Kolila,kolila,hamlet,23.5977861,58.8717309
233,Kolli,kolli,hamlet,26.2135738,58.0626305
233,Kollino,kollino,hamlet,26.5649711,57.8124753
233,Kolodavitsa,kolodavitsa,hamlet,27.5380842,57.8413252
233,Koloreino,koloreino,hamlet,27.1359842,57.7889867
233,Kolossova,kolossova,hamlet,27.7150342,57.8724568
233,Kolu,kolu,hamlet,23.5116626,58.8722615
233,Kolu,kolu,hamlet,25.058023,59.1935442
233,Koluvere,koluvere,hamlet,26.2562091,58.9193344
233,Koluta,koluta,hamlet,24.3449094,59.0425664
233,Koljaku,koljaku,hamlet,25.9823686,59.5602543
233,Koljala,koljala,hamlet,26.9347267,59.3844847
233,Komsi,komsi,hamlet,26.2594032,58.061478
233,Konnapere,konnapere,hamlet,24.388205,58.7212217
233,Konsu,konsu,hamlet,27.5651592,59.2382634
233,Konuvere,konuvere,hamlet,24.4062049,58.8108063
233,Koobassaare,koobassaare,hamlet,26.4091076,57.6874037
233,Koovi,koovi,hamlet,22.035473,58.2358411
233,Koogimäe,koogimae,hamlet,24.8959591,58.9302142
233,Koogiste,koogiste,hamlet,24.9893317,58.7967565
233,Koogu,koogu,hamlet,26.8154884,59.4260491
233,Koosalaane,koosalaane,hamlet,27.1171964,58.5117984
233,Kookla,kookla,hamlet,25.5345664,58.4547499
233,Kooli,kooli,hamlet,26.6251159,58.0789342
233,Koolimäe,koolimae,hamlet,26.0202253,59.6138777
233,Koolma,koolma,hamlet,27.1650614,57.9343067
233,Koolma,koolma,hamlet,26.9418259,59.2120438
233,Koolmajärve,koolmajarve,hamlet,27.1707927,57.9573094
233,Koopsi,koopsi,hamlet,26.2441838,58.2668732
233,Kooraste,kooraste,hamlet,26.6318831,57.9729949
233,Koorvere,koorvere,hamlet,26.9585334,58.1291902
233,Koordi,koordi,hamlet,25.721746,58.9617104
233,Koorküla,koorkula,hamlet,25.8380091,57.94331
233,Koorla,koorla,hamlet,27.3767475,57.6492322
233,Kopa,kopa,hamlet,22.4128208,58.9184056
233,Kopli,kopli,hamlet,22.7156886,58.512433
233,Kopli,kopli,hamlet,27.0407939,59.3921789
233,Kopli,kopli,hamlet,24.9521343,59.4067348
233,Koplitaguse,koplitaguse,hamlet,26.2805345,59.2405567
233,Koppelmaa,koppelmaa,hamlet,24.5500728,59.2687004
233,Korba,korba,hamlet,25.6171386,58.9753374
233,Korgõmõisa,korgomoisa,hamlet,27.4716976,57.8761217
233,Korgõssaarõ,korgossaaro,hamlet,27.2558846,57.5541699
233,Korela,korela,hamlet,27.7166546,57.8846911
233,Korijärve,korijarve,hamlet,26.3786037,57.8249859
233,Korkuna,korkuna,hamlet,26.3274087,57.6425075
233,Kornitsa,kornitsa,hamlet,27.3021895,57.757812
233,Korski,korski,hamlet,27.473671,57.8120372
233,Korju,korju,hamlet,23.8109133,58.5067081
233,Kossa,kossa,hamlet,27.3744439,57.6149036
233,Kosta,kosta,hamlet,26.1790731,59.5292811
233,Kostiranna,kostiranna,hamlet,25.1025121,59.487834
233,Kostkova,kostkova,hamlet,27.6567317,57.9486635
233,Kotinuka,kotinuka,hamlet,27.446241,59.3803164
233,Kotka,kotka,hamlet,27.023155,57.661727
233,Kotka,kotka,hamlet,25.7423589,59.5417125
233,Kotlandi,kotlandi,hamlet,22.0660546,58.2190679
233,Kotsma,kotsma,hamlet,22.017309,58.3245391
233,Kohatu,kohatu,hamlet,24.300431,58.9632131
233,Kohatu,kohatu,hamlet,24.5099622,59.1570238
233,Koheri,koheri,hamlet,23.5190332,58.8900776
233,Kohtla,kohtla,hamlet,27.228932,59.3535757
233,Kohtru,kohtru,hamlet,24.6528117,58.7520368
233,Koela,koela,hamlet,23.7590498,58.9770489
233,Koemetsa,koemetsa,hamlet,26.5306932,57.6583377
233,Koeravere,koeravere,hamlet,26.371379,59.242661
233,Koeri,koeri,hamlet,23.8960286,58.4587792
233,Kojastu,kojastu,hamlet,24.1913094,58.7353118
233,Kraavi,kraavi,hamlet,26.5510945,57.8477116
233,Krei,krei,hamlet,25.1210824,59.1934112
233,Kremessova,kremessova,hamlet,27.6402798,57.9859488
233,Kriguli,kriguli,hamlet,27.0813246,57.6223654
233,Kriiva,kriiva,hamlet,27.3416351,57.6055593
233,Kriilevälja,kriilevalja,hamlet,25.5860627,58.8799981
233,Kriimani,kriimani,hamlet,26.947933,58.287946
233,Krootuse,krootuse,hamlet,26.835997,58.073552
233,Krundiküla,krundikula,hamlet,24.4925947,58.0435198
233,Krüüdneri,kruudneri,hamlet,26.6821531,58.1373726
233,Kugalepa,kugalepa,hamlet,22.2145299,58.5043845
233,Kudani,kudani,hamlet,23.5131401,59.0533991
233,Kudina,kudina,hamlet,26.6996086,58.6680558
233,Kudruküla,kudrukula,hamlet,28.0907833,59.442638
233,Kudjape,kudjape,village,22.5228525,58.2572396
233,Kuiavere,kuiavere,hamlet,25.6058648,58.5287508
233,Kuiandi,kuiandi,hamlet,27.0169277,57.637482
233,Kuiaru,kuiaru,hamlet,24.7444418,58.4847578
233,Kuivajõe,kuivajoe,hamlet,25.107228,59.1804686
233,Kuigatsi,kuigatsi,hamlet,26.1928358,58.0126009
233,Kuigõ,kuigo,hamlet,27.4836984,57.7232315
233,Kuie,kuie,hamlet,26.0619907,59.1125386
233,Kuijõe,kuijoe,hamlet,23.99106,59.083552
233,Kuiste,kuiste,hamlet,22.9013771,58.4369041
233,Kuke,kuke,hamlet,22.5646826,58.3735714
233,Kuke,kuke,hamlet,23.5194258,58.665677
233,Kukevere,kukevere,hamlet,25.7306716,59.2042031
233,Kukepala,kukepala,hamlet,25.3195382,59.0767034
233,Kukka,kukka,hamlet,22.8651863,58.9833869
233,Kuklasõ,kuklaso,hamlet,26.837613,57.6733221
233,Kukruse,kukruse,hamlet,27.3663126,59.387391
233,Kuksema,kuksema,hamlet,25.8776108,59.0165916
233,Kuksina,kuksina,hamlet,27.3994186,57.7319006
233,Kuku,kuku,hamlet,24.8078629,59.0721186
233,Kukulinna,kukulinna,hamlet,26.7088103,58.5183394
233,Kuldre,kuldre,hamlet,26.4876733,57.8945387
233,Kulina,kulina,hamlet,26.5661001,59.2065313
233,Kullaaru,kullaaru,hamlet,26.3095159,59.3574398
233,Kullaga,kullaga,hamlet,26.6150352,58.2091121
233,Kullamaa,kullamaa,hamlet,24.0765282,58.8802869
233,Kullametsa,kullametsa,hamlet,24.1136231,58.8767859
233,Kullamäe,kullamae,hamlet,27.3797229,58.0033922
233,Kullenga,kullenga,hamlet,26.2759565,59.2098031
233,Kulli,kulli,hamlet,26.0113472,57.8947786
233,Kulli,kulli,hamlet,26.24175,58.2470911
233,Lümanda-Kulli,lumanda-kulli,hamlet,22.0093544,58.3170864
233,Kärla-Kulli,karla-kulli,hamlet,22.293358,58.3350646
233,Kulli,kulli,hamlet,23.80287,58.3694146
233,Kullimaa,kullimaa,hamlet,24.96685,58.5740103
233,Kullimaa,kullimaa,hamlet,25.1049098,58.7462392
233,Kulna,kulna,hamlet,24.3771351,59.3029166
233,Kuluse,kuluse,hamlet,23.8185563,58.8590527
233,Kulja,kulja,hamlet,26.9797535,59.3083608
233,Kumma,kumma,hamlet,24.8314584,58.9486369
233,Kungi,kungi,hamlet,25.9438063,58.0862826
233,Kungla,kungla,hamlet,22.9415655,58.3586086
233,Kaarma-Kungla,kaarma-kungla,hamlet,22.3978097,58.3647748
233,Kunda,kunda,hamlet,26.5555565,59.4886472
233,Kundruse,kundruse,hamlet,27.746772,57.8820732
233,Kundsa,kundsa,hamlet,27.3037506,57.6562142
233,Kunila,kunila,hamlet,23.7792926,58.6198006
233,Kuninga,kuninga,hamlet,25.3594602,58.2979823
233,Kuninga,kuninga,hamlet,24.4045219,58.627221
233,Kuningamäe,kuningamae,hamlet,25.9404465,58.6474588
233,Kuningvere,kuningvere,hamlet,27.0812425,58.6243404
233,Kuninguste,kuninguste,hamlet,22.9120823,58.5314447
233,Kunksilla,kunksilla,hamlet,27.2324813,57.9137253
233,Kunsu,kunsu,hamlet,24.4583564,58.849603
233,Kupu,kupu,hamlet,25.464843,59.4583732
233,Kuralase,kuralase,hamlet,21.969393,58.4676351
233,Kurgla,kurgla,hamlet,25.0874995,59.3856858
233,Kurgja,kurgja,hamlet,25.2507946,58.6668203
233,Kurgjärve,kurgjarve,hamlet,27.0185923,57.7202208
233,Kurevere,kurevere,hamlet,26.3219935,57.9407769
233,Kurevere,kurevere,hamlet,21.9846897,58.4094933
233,Kurevere,kurevere,hamlet,24.3831181,58.7411524
233,Kurevere,kurevere,hamlet,23.8363338,58.7886268
233,Kurevere,kurevere,hamlet,24.8333406,59.2512149
233,Kurese,kurese,hamlet,24.1376666,58.6426782
233,Lilleküla,lillekula,hamlet,26.4221424,58.3625086
233,Kurelaane,kurelaane,hamlet,26.3745497,58.2304725
233,Kuremaa,kuremaa,village,26.5382597,58.735321
233,Kuremetsa,kuremetsa,hamlet,22.1315607,58.3827473
233,Kuremäe,kuremae,hamlet,27.5385712,59.2006331
233,Kurena,kurena,hamlet,24.5453301,58.4982504
233,Kuri,kuri,hamlet,22.9326053,58.9533703
233,Emmaste-Kurisu,emmaste-kurisu,hamlet,22.5627705,58.7739082
233,Kurisu,kurisu,hamlet,22.5600114,58.9561994
233,Kurisoo,kurisoo,hamlet,25.7680981,59.1470846
233,Kurista,kurista,hamlet,26.9964777,58.261843
233,Kurista,kurista,hamlet,26.3275466,58.7494648
233,Kuriste,kuriste,hamlet,22.633002,58.7943033
233,Kurkse,kurkse,hamlet,24.0280404,59.2761089
233,Kurla,kurla,hamlet,25.6874301,58.6896094
233,Kurna,kurna,hamlet,24.8405073,59.3410732
233,Kurna,kurna,hamlet,26.7586436,59.4706261
233,Kurnuvere,kurnuvere,hamlet,25.6351018,58.538587
233,Kursi,kursi,hamlet,26.3489948,58.597179
233,Kursi,kursi,hamlet,26.0342225,59.1381524
233,Kurtna,kurtna,hamlet,26.3196839,59.0563706
233,Kurtna,kurtna,hamlet,24.7140509,59.2278842
233,Kurtna,kurtna,hamlet,27.5107836,59.2717911
233,Kuru,kuru,hamlet,27.2728188,59.0009711
233,Kuru,kuru,hamlet,25.8953988,59.2409727
233,Kurõ,kuro,hamlet,27.237966,57.5640379
233,Kusma,kusma,hamlet,26.953965,57.7862329
233,Kusnetsova,kusnetsova,hamlet,27.4855553,57.8158012
233,Kustja,kustja,hamlet,24.4917115,59.1123497
233,Kuuda,kuuda,hamlet,27.0110172,57.7419904
233,Kuudeküla,kuudekula,hamlet,25.7280079,58.4096342
233,Kuuse,kuuse,hamlet,22.1872564,58.3404402
233,Kuusemäe,kuusemae,hamlet,25.3118998,59.3696707
233,Kuusiku,kuusiku,hamlet,22.6683753,58.2965088
233,Pidula-Kuusiku,pidula-kuusiku,hamlet,22.1486252,58.4124129
233,Kuusiku,kuusiku,hamlet,26.8682395,58.5038374
233,Kuusiku,kuusiku,hamlet,22.538457,58.7930301
233,Kuusiku,kuusiku,village,24.7250888,58.9719628
233,Kuusiku-Nõmme,kuusiku-nomme,hamlet,24.6970552,58.9793236
233,Kuumi,kuumi,hamlet,22.1918356,58.3815376
233,Kuura,kuura,hamlet,26.6210547,59.5027821
233,Kuusalu,kuusalu,hamlet,25.4373435,59.4564295
233,Kuusna,kuusna,hamlet,25.9334048,59.0019679
233,Kuusnõmme,kuusnomme,hamlet,21.9779602,58.3191841
233,Kuutsi,kuutsi,hamlet,26.5575219,57.5929179
233,Kuhu,kuhu,hamlet,24.2224662,58.5569013
233,Kuhjavere,kuhjavere,hamlet,25.7202597,58.5168347
233,Kõvaküla,kovakula,hamlet,25.571439,58.0892529
233,Kõvera,kovera,hamlet,27.5216535,57.8969253
233,Kõveri,koveri,hamlet,24.7306099,58.1609538
233,Kõveriku,koveriku,hamlet,26.8250584,58.9773258
233,Kõdesi,kodesi,hamlet,27.1338254,58.6157674
233,Kõdu,kodu,hamlet,25.2272064,58.8186533
233,Kõduküla,kodukula,hamlet,26.29171,58.1438838
233,Kõduküla,kodukula,hamlet,26.5182082,58.557218
233,Kõivsaare,koivsaare,hamlet,27.3997211,57.8863963
233,Kõivu,koivu,hamlet,26.9204332,58.394857
233,Kõivuküla,koivukula,hamlet,26.8510611,58.2929586
233,Kõiguste,koiguste,hamlet,22.9792595,58.3865588
233,Kõima,koima,hamlet,24.2535607,58.3629411
233,Kõima,koima,hamlet,24.1991402,58.6133333
233,Kõinastu,koinastu,hamlet,23.0214096,58.6370778
233,Kõlbi,kolbi,hamlet,26.5004588,57.8816918
233,Kõldu,koldu,hamlet,26.1298272,59.455754
233,Kõliküla,kolikula,hamlet,27.5342362,57.8547217
233,Kõlunõmme,kolunomme,hamlet,22.881687,58.9713032
233,Kõljala,koljala,hamlet,22.6816265,58.3703593
233,Kõmmaste,kommaste,hamlet,24.0513064,59.2170424
233,Kõmmusselja,kommusselja,hamlet,22.6052556,58.7196334
233,Kõnnu,konnu,hamlet,27.3821625,58.1870761
233,Kõnnu,konnu,hamlet,27.2016925,58.2736785
233,Püha-Kõnnu,puha-konnu,hamlet,22.6806114,58.3283615
233,Kõnnu,konnu,hamlet,22.7978194,58.4467054
233,Kõnnu,konnu,hamlet,26.8078182,58.8319076
233,Kõnnujõe,konnujoe,hamlet,26.467226,58.5462924
233,Kõo,koo,hamlet,27.1940258,57.6789971
233,Kõola,koola,hamlet,26.3279638,58.8265183
233,Kõomäe,koomae,hamlet,27.0573847,57.6739916
233,Kõpsta,kopsta,hamlet,26.1637597,58.9558302
233,Kõpu,kopu,hamlet,24.1788801,58.3019689
233,Kõpu,kopu,hamlet,26.2395676,58.7578749
233,Kõpu,kopu,hamlet,22.223709,58.9104364
233,Kõrbja,korbja,hamlet,25.0346457,58.7804912
233,Kõrve,korve,hamlet,27.3445263,57.7744088
233,Kõrve,korve,hamlet,26.8950944,58.9514623
233,Kõrveküla,korvekula,hamlet,25.651161,59.2290847
233,Kõrveküla,korvekula,hamlet,25.992152,59.3692668
233,Kõrvemetsa,korvemetsa,hamlet,26.7666086,58.9026671
233,Kõrvenurga,korvenurga,hamlet,25.4051104,59.1093152
233,Kõrvetaguse,korvetaguse,hamlet,24.528824,58.968453
233,Kõrgemäe,korgemae,hamlet,26.2715477,59.3422
233,Kõrgessaare,korgessaare,hamlet,27.2668983,57.8928967
233,Kõrgessaare,korgessaare,village,22.4703813,58.9793969
233,Kõrgu,korgu,hamlet,24.7146467,59.0127251
233,Kõrenduse,korenduse,hamlet,26.7080143,58.617558
233,Kõriska,koriska,hamlet,22.9058068,58.4609554
233,Kõrkvere,korkvere,hamlet,23.2520073,58.483385
233,Kõrkküla,korkkula,hamlet,26.845417,58.2034349
233,Kõrkküla,korkkula,hamlet,22.2688527,58.2544443
233,Kõrkküla,korkkula,hamlet,25.9775888,58.7969312
233,Kõrkküla,korkkula,hamlet,26.9136773,59.4344568
233,Kõrma,korma,hamlet,26.6700476,59.3124037
233,Kõrsa,korsa,hamlet,24.6957136,58.4153421
233,Kõrtsialuse,kortsialuse,hamlet,26.8610449,59.4420154
233,Kõrtsuotsa,kortsuotsa,hamlet,24.5020464,58.896304
233,Kõruse,koruse,hamlet,21.9441944,58.4479965
233,Kõue,koue,hamlet,25.243404,59.0864378
233,Kõõru,kooru,hamlet,27.4296634,57.8201891
233,Kõõru,kooru,hamlet,22.1624857,58.4056804
233,Kõera,koera,hamlet,23.5536895,58.6957101
233,Kübassaare,kubassaare,hamlet,23.3077673,58.4471557
233,Küdema,kudema,hamlet,22.3150638,58.4736599
233,Kükita,kukita,hamlet,26.9399411,58.8100907
233,Kükitaja,kukitaja,hamlet,26.9217517,58.4207316
233,Külaaseme,kulaaseme,hamlet,26.4197168,58.2816513
233,Külaküla,kulakula,hamlet,22.4846858,58.7771362
233,Külama,kulama,hamlet,22.5316526,58.7412565
233,Külaoru,kulaoru,hamlet,27.2725271,57.7480538
233,Küllätüvä,kullatuva,hamlet,27.4686897,57.7923097
233,Külma,kulma,hamlet,27.0882128,57.7339974
233,Külma,kulma,hamlet,22.7456886,58.4966637
233,Kündja,kundja,hamlet,27.1890577,57.708059
233,Küti,kuti,hamlet,25.8568096,58.9599351
233,Küti,kuti,hamlet,26.5450235,59.2210689
233,Kütke,kutke,hamlet,24.4390049,59.3452553
233,Kühmamäe,kuhmamae,hamlet,27.2075049,57.8725262
233,Käbiküla,kabikula,hamlet,24.8566566,58.9127535
233,Käbiküla,kabikula,hamlet,24.4898381,59.0868492
233,Kädva,kadva,hamlet,25.1044006,58.9009496
233,Käsukonna,kasukonna,hamlet,25.7547816,58.7962649
233,Käku,kaku,hamlet,22.4908227,58.3720188
233,Kämara,kamara,hamlet,26.5183408,58.456692
233,Kängsepä,kangsepa,hamlet,26.8592331,57.6934991
233,Kändliku,kandliku,hamlet,25.126135,58.8197983
233,Kännuküla,kannukula,hamlet,26.2174577,59.1841577
233,Käo,kao,hamlet,26.3636755,58.2172319
233,Käo,kao,hamlet,23.0125917,58.4680984
233,Käpa,kapa,hamlet,27.146366,57.7244317
233,Käpla,kapla,hamlet,23.6047817,58.8492467
233,Kärasi,karasi,hamlet,26.9408629,58.9552268
233,Kärbla,karbla,hamlet,23.6970256,58.9809909
233,Kärbu,karbu,hamlet,24.2403706,58.4288693
233,Kärgula,kargula,hamlet,26.7021447,57.9267374
233,Kärde,karde,hamlet,26.2829667,58.8489379
233,Kärdu,kardu,hamlet,22.5897082,58.286808
233,Kärevere,karevere,hamlet,26.4629604,58.4440484
233,Kärevere,karevere,hamlet,25.5202307,58.7256351
233,Kärinä,karina,hamlet,27.1961227,57.6377407
233,Käriselja,kariselja,hamlet,24.5181279,58.8086285
233,Kärksi,karksi,hamlet,26.6234386,58.5915468
233,Kärmu,karmu,hamlet,26.1138626,59.4396121
233,Kärnamäe,karnamae,hamlet,27.0305433,57.9039357
233,Kärneri,karneri,hamlet,23.1217844,58.506334
233,Kärpla,karpla,hamlet,24.842963,58.8705688
233,Kärsa,karsa,hamlet,27.0825174,58.1850945
233,Kärsa,karsa,hamlet,26.292461,59.0460734
233,Käru,karu,hamlet,23.8744683,58.5458514
233,Käru,karu,hamlet,26.4471581,58.98753
233,Kähri,kahri,hamlet,27.01763,57.6799728
233,Kähri,kahri,hamlet,26.2990076,58.078969
233,Kähu,kahu,hamlet,25.7356031,57.9965573
233,Kääni,kaani,hamlet,26.5029148,58.1719249
233,Käänu,kaanu,hamlet,27.1056643,57.6274288
233,Kääpa,kaapa,hamlet,26.8477973,58.6999152
233,Kääraku,kaaraku,hamlet,27.060713,57.6877582
233,Käärdi,kaardi,village,26.3971354,58.2130512
233,Käärikmäe,kaarikmae,hamlet,26.3437114,57.7531861
233,Käesalu,kaesalu,hamlet,24.2845363,59.3653156
233,Käesla,kaesla,hamlet,22.2030266,58.2811524
233,Käätso,kaatso,hamlet,26.9643957,57.7981694
233,Köisi,koisi,hamlet,25.8543402,58.9094527
233,Köstrimäe,kostrimae,hamlet,27.4425074,58.1105694
233,Laabi,laabi,hamlet,24.572206,59.4074236
233,Laadi,laadi,hamlet,24.6001615,58.2733493
233,Laadla,laadla,hamlet,22.0386165,57.9769478
233,Laadjala,laadjala,hamlet,22.5388719,58.3084017
233,Laasi,laasi,hamlet,22.3291013,58.9014855
233,Laane,laane,hamlet,26.6594129,58.3175649
233,Laane,laane,hamlet,25.2699495,58.3475996
233,Laane,laane,hamlet,25.3708075,59.186469
233,Laane,laane,hamlet,24.103296,59.2461885
233,Laanekuru,laanekuru,hamlet,25.4476355,58.3169147
233,Laanemetsa,laanemetsa,hamlet,26.3084747,57.6544114
233,Laaneotsa,laaneotsa,hamlet,26.0068272,58.9728318
233,Laartsa,laartsa,hamlet,22.4794548,58.7992354
233,Laasme,laasme,hamlet,26.3030054,58.5934381
233,Laatre,laatre,village,26.2504437,57.8666869
233,Laatre,laatre,hamlet,25.2606266,58.0347568
233,Lavassaare,lavassaare,village,24.3690395,58.5131253
233,Lavi,lavi,hamlet,26.6365722,59.3006088
233,Laguja,laguja,hamlet,26.4656937,58.1592208
233,Lasila,lasila,hamlet,26.2076425,59.2581599
233,Lasinurme,lasinurme,hamlet,26.3226648,58.9452477
233,Laiaküla,laiakula,hamlet,24.9192429,59.4675189
233,Laisi,laisi,hamlet,27.1311644,57.5778016
233,Laimetsa,laimetsa,hamlet,25.692409,58.8038539
233,Laimjala,laimjala,hamlet,22.9975537,58.4269101
233,Laitse,laitse,hamlet,24.3964424,59.1969968
233,Laiuse,laiuse,village,26.4940428,58.7862948
233,Laiusevälja,laiusevalja,hamlet,26.5262498,58.8089003
233,Lakovitsa,lakovitsa,hamlet,26.6857853,57.893485
233,Lalli,lalli,hamlet,26.7735134,58.2371157
233,Lalli,lalli,hamlet,23.3480569,58.6264281
233,Lalli,lalli,hamlet,25.0192212,58.8732109
233,Lammasküla,lammaskula,hamlet,26.2801922,59.0025946
233,Lammiku,lammiku,hamlet,26.6090017,58.4692092
233,Langa,langa,hamlet,24.1757571,59.2990438
233,Lange,lange,hamlet,26.7645514,58.298613
233,Langerma,langerma,hamlet,24.4344248,58.6561015
233,Lanksaare,lanksaare,hamlet,24.8050213,58.0136056
233,Lannuste,lannuste,hamlet,23.6199704,58.8593235
233,Lante,lante,hamlet,26.1591455,59.3649888
233,Lao,lao,hamlet,24.1056157,58.2473477
233,Laoküla,laokula,hamlet,22.4652902,58.3500924
233,Laoküla,laokula,hamlet,24.1259376,59.3247843
233,Laossaarõ,laossaaro,hamlet,26.801776,57.7737035
233,Laossina,laossina,hamlet,27.5761936,58.0255123
233,Lapetukme,lapetukme,hamlet,26.1810972,58.1663907
233,Lapi,lapi,hamlet,26.9947388,57.9067501
233,Lasva,lasva,hamlet,27.1863078,57.861411
233,Lassi,lassi,hamlet,22.1978714,58.170859
233,Lassi,lassi,hamlet,22.5254396,58.7759063
233,Lau,lau,hamlet,24.9742303,58.9755746
233,Lauga,lauga,hamlet,27.0870932,57.9311681
233,Laugu,laugu,hamlet,22.6128287,58.5745499
233,Lauka,lauka,hamlet,22.5240262,58.9615661
233,Laukna,laukna,hamlet,24.1735164,58.9132674
233,Lauküla,laukula,hamlet,26.3508319,57.9138052
233,Lauli,lauli,hamlet,26.1019186,59.5512636
233,Laupa,laupa,hamlet,25.370237,58.7621409
233,Lauri,lauri,hamlet,26.8720828,57.7563396
233,Lauri,lauri,hamlet,26.851465,57.9889203
233,Lauri,lauri,hamlet,25.1645388,58.8385477
233,Laurimäe,laurimae,hamlet,26.6756702,57.6179296
233,Lautna,lautna,hamlet,23.9020347,58.7219927
233,Lahavere,lahavere,hamlet,26.131437,58.7449867
233,Lahe,lahe,hamlet,27.2050635,58.5762505
233,Lahe,lahe,hamlet,25.9967868,59.6104543
233,Laheva,laheva,hamlet,23.683549,58.9362033
233,Tirbi,tirbi,hamlet,22.6497694,58.234345
233,Laheküla,lahekula,hamlet,22.4528822,58.2669608
233,Allikalahe,allikalahe,hamlet,23.0696146,58.4489484
233,Laheküla,lahekula,hamlet,23.2314618,58.5407709
233,Laheküla,lahekula,hamlet,22.7953357,58.8295658
233,Lahepera,lahepera,hamlet,27.1513324,58.5855134
233,Lahetaguse,lahetaguse,hamlet,22.0810723,58.1874038
233,Laho,laho,hamlet,27.3036127,58.0053985
233,Laho,laho,hamlet,27.2222356,58.1616992
233,Lahu,lahu,hamlet,26.1856894,58.970638
233,Laekannu,laekannu,hamlet,26.7598563,58.9444031
233,Laekvere,laekvere,village,26.5634991,59.0702628
233,Laeste,laeste,hamlet,24.8233703,58.878668
233,Lebavere,lebavere,hamlet,25.8090956,58.6091975
233,Levala,levala,hamlet,23.0490315,58.5152922
233,Levala,levala,hamlet,26.7828594,58.6937894
233,Levala,levala,hamlet,26.284901,59.269403
233,Levi,levi,hamlet,24.8475419,58.4954867
233,Leibre,leibre,hamlet,24.3975892,58.707795
233,Leigri,leigri,hamlet,22.6001122,58.8883402
233,Leie,leie,hamlet,26.0262148,58.4283706
233,Leisi,leisi,hamlet,23.2126851,58.481682
233,Leiso,leiso,hamlet,26.7727597,57.9039298
233,Leisu,leisu,hamlet,22.5039134,58.7792453
233,Leikude,leikude,hamlet,26.0556654,59.3400003
233,Leila,leila,hamlet,24.073554,58.9308909
233,Leimani,leimani,hamlet,27.3149217,57.6250045
233,Leina,leina,hamlet,24.5309592,58.2277932
233,Leina,leina,hamlet,22.7725665,58.2837024
233,Leipste,leipste,hamlet,25.0096114,58.1251953
233,Leistu,leistu,hamlet,25.3448842,59.1621305
233,Lellapere,lellapere,hamlet,24.8150674,58.8959968
233,Lellapere-Nurme,lellapere-nurme,hamlet,24.8427778,58.8960306
233,Lelu,lelu,hamlet,22.5939873,58.81161
233,Lembevere,lembevere,hamlet,26.27881,58.2709856
233,Lemmaku,lemmaku,hamlet,27.1211946,59.0130295
233,Lemmakõnnu,lemmakonnu,hamlet,25.3771272,58.4436168
233,Lemmaru,lemmaru,hamlet,24.2785539,59.2268987
233,Lemmetsa,lemmetsa,hamlet,24.3913019,58.4277254
233,Lemmikküla,lemmikkula,hamlet,24.0419349,58.8294389
233,Lemmküla,lemmkula,hamlet,26.2166368,59.2359787
233,Lemsi,lemsi,hamlet,24.0050276,58.1302155
233,Lemuvere,lemuvere,hamlet,26.6014367,58.7392708
233,Leoski,leoski,hamlet,27.1479768,57.7081049
233,Lepa,lepa,hamlet,26.2290898,57.7188732
233,Lepaküla,lepakula,hamlet,24.5753085,58.2512704
233,Lepaste,lepaste,hamlet,24.1467808,59.0768819
233,Lepiksaare,lepiksaare,hamlet,26.8261367,58.9594179
233,Lepiku,lepiku,hamlet,26.7076621,58.2728004
233,Lepiku,lepiku,hamlet,23.2531179,58.627962
233,Lepiku,lepiku,hamlet,22.5413747,58.6965046
233,Lepiku,lepiku,hamlet,26.635403,59.1741612
233,Lepplaane,lepplaane,hamlet,24.6357431,58.4894287
233,Leppneeme,leppneeme,hamlet,24.8723108,59.5459515
233,Lepä,lepa,hamlet,27.4608521,57.7656387
233,Lestima,lestima,hamlet,24.4674645,59.0682943
233,Letipea,letipea,hamlet,26.618384,59.5444373
233,Lehemetsa,lehemetsa,hamlet,27.1030278,57.8340601
233,Lehetu,lehetu,hamlet,24.261674,59.0450715
233,Lehmja,lehmja,hamlet,24.8726244,59.3653144
233,Lehtma,lehtma,hamlet,22.6778451,59.0683515
233,Lehtmetsa,lehtmetsa,hamlet,23.3273067,58.6221247
233,Lehtmetsa,lehtmetsa,hamlet,24.5490646,58.6853694
233,Lehtmetsa,lehtmetsa,hamlet,25.3456995,59.3236965
233,Lehu,lehu,hamlet,24.6522759,58.6398733
233,Leevi,leevi,hamlet,27.2162963,57.9445985
233,Leevijõe,leevijoe,hamlet,26.9402462,58.149843
233,Leevre,leevre,hamlet,24.209152,58.9829726
233,Leedi,leedi,hamlet,26.5587073,58.8608393
233,Leediküla,leedikula,hamlet,23.7839408,58.9445347
233,Leedri,leedri,hamlet,22.010321,58.2778093
233,Leeli,leeli,hamlet,25.4964675,58.10518
233,Leemeti,leemeti,hamlet,25.3862118,58.3514363
233,Leerimetsa,leerimetsa,hamlet,22.8603329,58.9258724
233,Leeskopa,leeskopa,hamlet,23.2007396,58.5825219
233,Leetva,leetva,hamlet,25.1315017,58.5409614
233,Libatse,libatse,hamlet,24.4805452,58.6600251
233,Liva,liva,hamlet,26.0343073,58.0550754
233,Ligema,ligema,hamlet,22.6103533,58.7873359
233,Kihelkonna-Liiva,kihelkonna-liiva,hamlet,22.0428208,58.3131879
233,Kaali-Liiva,kaali-liiva,hamlet,22.6750044,58.3826405
233,Liiva,liiva,hamlet,24.2753824,58.4292487
233,Liiva,liiva,hamlet,23.0196732,58.5397554
233,Laugu-Liiva,laugu-liiva,hamlet,22.6007863,58.5578255
233,Liivaranna,liivaranna,hamlet,22.3720924,58.5656522
233,Liiva,liiva,hamlet,25.15553,59.1665851
233,Liiva-Putla,liiva-putla,hamlet,22.6453993,58.3861307
233,Liivakupalu,liivakupalu,hamlet,26.9683452,57.7634388
233,Liivaküla,liivakula,hamlet,23.7479847,58.8239603
233,Liivaküla,liivakula,hamlet,23.618295,58.8766868
233,Liivaküla,liivakula,hamlet,26.2137799,59.0741923
233,Liivakünka,liivakunka,hamlet,27.3028906,59.2403241
233,Liivamäe,liivamae,hamlet,24.9617673,59.4406988
233,Liivi,liivi,hamlet,23.9629089,58.853816
233,Liivoja,liivoja,hamlet,26.3792076,58.7707398
233,Liigalaskma,liigalaskma,hamlet,22.9961255,58.5727764
233,Liigvalla,liigvalla,hamlet,26.1310753,59.0078162
233,Liiguste,liiguste,hamlet,26.0876239,59.4566863
233,Liikatku,liikatku,hamlet,26.7161244,58.8008788
233,Liikva,liikva,hamlet,24.42218,59.4179256
233,Liiküla,liikula,hamlet,22.4229978,58.5698609
233,Liimala,liimala,hamlet,26.975948,59.4317085
233,Liinamäe,liinamae,hamlet,27.4133747,57.8559521
233,Liispõllu,liispollu,hamlet,27.2544693,58.2670077
233,Lilastvere,lilastvere,hamlet,26.7134559,58.8822881
233,Lilbi,lilbi,hamlet,22.5686262,58.2864478
233,Lilbi,lilbi,hamlet,22.5609789,58.9253581
233,Lilli,lilli,hamlet,25.5387001,57.9956769
233,Lilli,lilli,hamlet,25.351421,59.3712721
233,Lilli-Anne,lilli-anne,hamlet,26.8106049,57.9008397
233,Lillimõisa,lillimoisa,hamlet,27.0946901,57.6191435
233,Lilu,lilu,hamlet,26.7344613,58.5730194
233,Limu,limu,hamlet,24.9757846,59.3483017
233,Linaküla,linakula,hamlet,23.9720495,58.1353425
233,Linaleo,linaleo,hamlet,27.1155556,58.6360791
233,Lindi,lindi,hamlet,24.2657507,58.3231078
233,Lindmetsa,lindmetsa,hamlet,22.0844748,58.0536727
233,Lindsi,lindsi,hamlet,27.3913096,57.8001152
233,Linna,linna,hamlet,27.4688121,59.3628849
233,Linnaaluste,linnaaluste,hamlet,24.9337904,58.9410298
233,Linnaka,linnaka,hamlet,22.7265483,58.5141999
233,Linnakse,linnakse,hamlet,25.1963414,59.3539177
233,Linnamäe,linnamae,hamlet,26.7154389,57.8794992
233,Linnape,linnape,hamlet,25.813474,59.2162189
233,Linnuse,linnuse,hamlet,22.528013,58.4951817
233,Linnuse,linnuse,hamlet,23.1804148,58.5866246
233,Linnuse,linnuse,hamlet,23.7349903,58.5912952
233,Linnumäe,linnumae,hamlet,22.7607212,58.9894354
233,Linte,linte,hamlet,27.4505891,58.153619
233,Lipa,lipa,hamlet,24.7109591,58.9076755
233,Lipametsa,lipametsa,hamlet,24.6964471,58.9284277
233,Lipniku,lipniku,hamlet,27.3295147,59.117742
233,Lipstu,lipstu,hamlet,24.6522018,58.9848093
233,Listaku,listaku,hamlet,27.1535995,57.8831387
233,Litvina,litvina,hamlet,27.793465,57.8781942
233,Litsmetsa,litsmetsa,hamlet,26.6236884,57.7613107
233,Litu,litu,hamlet,23.6792082,58.8733852
233,Liusvere,liusvere,hamlet,26.0494001,58.9192981
233,Lihtensteini,lihtensteini,hamlet,27.2603599,57.9252746
233,Lihulõpe,lihulope,hamlet,26.2450212,59.4145157
233,Lobi,lobi,hamlet,25.9785217,59.6171835
233,Lobotka,lobotka,hamlet,27.6150239,57.9564207
233,Logina,logina,hamlet,26.8955977,58.2216005
233,Lodja,lodja,hamlet,24.8684875,58.1461948
233,Loime,loime,hamlet,25.89813,58.3744741
233,Loko,loko,hamlet,27.0511916,58.1955491
233,Loksa,loksa,hamlet,25.7343785,59.5716388
233,Loksu,loksu,hamlet,26.0393312,59.2688602
233,Lokuta,lokuta,hamlet,24.92937,58.7950439
233,Lokuta,lokuta,hamlet,25.3822146,58.8169886
233,Lokuta,lokuta,hamlet,24.5070339,58.8534945
233,Lokuta,lokuta,hamlet,26.049349,59.2549904
233,Lokuti,lokuti,hamlet,24.7494574,59.2828258
233,Lombi,lombi,hamlet,26.7498688,58.4428456
233,Lompka,lompka,hamlet,26.9330161,57.7820186
233,Loogamäe,loogamae,hamlet,26.986135,57.614974
233,Loodna,loodna,hamlet,24.2412685,58.8986206
233,Loosu,loosu,hamlet,26.9906988,57.8862435
233,Looküla,lookula,hamlet,25.3836284,59.3586155
233,Loomse,loomse,hamlet,24.5042809,58.5956483
233,Loona,loona,hamlet,22.0133407,58.333656
233,Loone,loone,hamlet,24.795281,59.1435656
233,Loopre,loopre,hamlet,25.7734482,58.6370292
233,Loopre,loopre,hamlet,25.9872882,58.713016
233,Lootvina,lootvina,hamlet,26.9473024,58.2131865
233,Lossiküla,lossikula,hamlet,26.2962132,57.9004459
233,Lossimäe,lossimae,hamlet,26.2190967,58.1506036
233,Lota,lota,hamlet,26.2178116,57.9492616
233,Lohkva,lohkva,hamlet,26.7943344,58.3720651
233,Lohkuse,lohkuse,hamlet,27.0415698,59.3518274
233,Lohu,lohu,hamlet,24.7762221,59.1385324
233,Loe,loe,hamlet,24.6215841,58.8960215
233,Loja,loja,hamlet,22.8316814,58.9323204
233,Lubja,lubja,hamlet,24.8510701,59.515648
233,Luguse,luguse,hamlet,22.721103,58.8108152
233,Luiga,luiga,hamlet,25.7538143,58.2857754
233,Luige,luige,hamlet,25.9830179,58.7606269
233,Luige,luige,village,24.7752218,59.3269611
233,Luigu,luigu,hamlet,23.9188208,58.9774608
233,Luidja,luidja,hamlet,22.385844,58.929469
233,Luiste,luiste,hamlet,24.2094839,58.8582636
233,Luke,luke,hamlet,26.5427694,58.2388267
233,Lungu,lungu,hamlet,25.1664907,58.8618964
233,Lusti,lusti,hamlet,26.4507335,57.7752923
233,Lusti,lusti,hamlet,26.4947881,57.8270937
233,Lustivere,lustivere,hamlet,26.0867585,58.6622598
233,Lutika,lutika,hamlet,27.021672,57.7134999
233,Lutsu,lutsu,hamlet,26.2798651,57.719535
233,Lutsu,lutsu,hamlet,27.1520253,58.0470161
233,Lutsu,lutsu,hamlet,25.1388617,59.1185345
233,Lutja,lutja,hamlet,27.3993619,57.7543065
233,Luua,luua,hamlet,26.6038725,58.6544793
233,Luusika,luusika,hamlet,26.633358,58.9807185
233,Luulupe,luulupe,hamlet,22.585167,58.4604515
233,Luuri,luuri,hamlet,24.9462985,58.6577608
233,Luuska,luuska,hamlet,27.4693456,57.8550484
233,Luhametsa,luhametsa,hamlet,26.7350468,57.7838535
233,Luhte,luhte,hamlet,27.1650314,57.6871725
233,Lõbe,lobe,hamlet,23.629192,58.8877541
233,Lõbembe,lobembe,hamlet,22.8463456,58.9795793
233,Lõiuse,loiuse,hamlet,24.8763974,59.1262945
233,Lõmala,lomala,hamlet,22.1429087,58.188994
233,Lõo,loo,hamlet,23.6938561,58.5984673
233,Lõpe,lope,hamlet,23.9878946,58.5673493
233,Lõpe,lope,hamlet,26.4691157,58.8171727
233,Lõpe,lope,hamlet,22.8241607,58.9616325
233,Lõpe,lope,hamlet,27.2673769,59.1175894
233,Lõpemetsa,lopemetsa,hamlet,24.6028651,58.9195879
233,Lõpi,lopi,hamlet,22.7415468,58.4749823
233,Lõu,lou,hamlet,22.180192,58.0829838
233,Lõuka,louka,hamlet,24.0341832,58.3421128
233,Lõupõllu,loupollu,hamlet,22.1224221,58.0455932
233,Lõõla,loola,hamlet,25.3873641,58.9420143
233,Lõetsa,loetsa,hamlet,23.3257662,58.6368792
233,Lüübnitsa,luubnitsa,hamlet,27.5920323,58.0609202
233,Lüüste,luuste,hamlet,25.1390728,58.632307
233,Lüütsepa,luutsepa,hamlet,26.7332009,57.61082
233,Mäe-Lüütsepä,mae-luutsepa,hamlet,27.1309468,57.640661
233,Lükati,lukati,hamlet,25.2731747,59.2776717
233,Lükkä,lukka,hamlet,26.8277465,57.7811446
233,Lülle,lulle,hamlet,22.048554,57.9644977
233,Lümanda,lumanda,hamlet,22.0251035,58.2860573
233,Lümandu,lumandu,hamlet,24.3790068,58.9963841
233,Lümandu,lumandu,hamlet,24.5955218,59.1678874
233,Lümati,lumati,hamlet,27.0561393,58.717407
233,Lümatu,lumatu,hamlet,26.6122535,57.8816837
233,Lümatu,lumatu,hamlet,26.9620698,59.2594309
233,Lütä,luta,hamlet,27.3800531,57.6349178
233,Läbara,labara,hamlet,22.0933669,57.9411711
233,Länga,langa,hamlet,22.1967574,58.201382
233,Läpi,lapi,hamlet,25.7381169,59.2478442
233,Läste,laste,hamlet,25.8099705,59.2686802
233,Läti,lati,hamlet,26.6546528,58.2809595
233,Läti,lati,hamlet,24.1933763,58.7706843
233,Lätiniidi,latiniidi,hamlet,22.0027366,58.4745042
233,Lätkalu,latkalu,hamlet,26.0332144,58.4494073
233,Lähevere,lahevere,hamlet,25.8946364,58.8271147
233,Lähkma,lahkma,hamlet,24.7976275,58.253504
233,Lähtse,lahtse,hamlet,26.5445693,59.1919989
233,Lähtse,lahtse,hamlet,24.8578965,59.2894059
233,Läägi,laagi,hamlet,22.0437741,58.3967485
233,Lääneotsa,laaneotsa,hamlet,25.0032606,59.619892
233,Lääniste,laaniste,hamlet,27.1380494,58.2707307
233,Lööne,loone,hamlet,22.7220385,58.4211151
233,Lööra,loora,hamlet,25.162235,59.1395409
233,Maade,maade,hamlet,23.8378089,58.3862815
233,Maasi,maasi,hamlet,23.0518592,58.5656733
233,Maalasti,maalasti,hamlet,25.6696191,58.5958299
233,Maantee,maantee,hamlet,22.0664303,57.9346236
233,Maardla,maardla,hamlet,26.7010028,58.7004742
233,Maardu,maardu,hamlet,25.0261644,59.431022
233,Maaslova,maaslova,hamlet,27.5327403,57.8115634
233,Magari,magari,hamlet,26.8293147,57.9711172
233,Madala,madala,hamlet,27.3094589,57.894698
233,Madi,madi,hamlet,27.4683192,57.8652025
233,Madise,madise,hamlet,26.445155,57.838417
233,Madise,madise,hamlet,26.7291136,58.2465465
233,Madila,madila,hamlet,24.3021495,59.0957624
233,Masa,masa,hamlet,22.6860409,58.3444461
233,Maidla,maidla,hamlet,24.132721,58.9490847
233,Maidla,maidla,hamlet,24.9153033,59.0576084
233,Maidla,maidla,hamlet,24.5865332,59.2195802
233,Maikse,maikse,hamlet,24.1581289,58.5657558
233,Maima,maima,hamlet,24.4074496,58.5913062
233,Malvaste,malvaste,hamlet,22.5967509,59.0204393
233,Malda,malda,hamlet,24.3024057,58.4373363
233,Maleva,maleva,hamlet,22.5111224,58.3117052
233,Mallavere,mallavere,hamlet,25.1391987,59.2573933
233,Mallika,mallika,hamlet,27.1296897,57.7323551
233,Maltsa,maltsa,hamlet,26.0098546,58.1456883
233,Mangu,mangu,hamlet,22.5798747,59.0326615
233,Manija,manija,hamlet,24.1213902,58.2133174
233,Mannare,mannare,hamlet,24.8726663,58.5561291
233,Manni,manni,hamlet,24.4098273,58.7352218
233,Maramaa,maramaa,hamlet,26.6736558,58.4423066
233,Marana,marana,hamlet,24.9399641,58.1605895
233,Marga,marga,hamlet,27.4443334,57.8588487
233,Marguse,marguse,hamlet,25.2004869,59.1457462
233,Mardihansu,mardihansu,hamlet,22.4079671,58.8894616
233,Marina,marina,hamlet,24.794147,58.0964237
233,Marinova,marinova,hamlet,27.5228198,57.7441898
233,Marinu,marinu,hamlet,26.4119323,59.4737819
233,Marna,marna,hamlet,25.4574064,58.3339189
233,Martna,martna,hamlet,23.8009576,58.8546605
233,Martsa,martsa,hamlet,27.4671804,59.4284467
233,Martsina,martsina,hamlet,27.4371817,57.7823015
233,Maru,maru,hamlet,25.2491829,58.1958406
233,Marjamäe,marjamae,hamlet,25.9848649,58.1280492
233,Masluva,masluva,hamlet,27.464488,57.8039144
233,Massiaru,massiaru,hamlet,24.5796825,57.993769
233,Massu,massu,hamlet,24.9620112,58.6290491
233,Massu,massu,hamlet,23.6191496,58.653743
233,Masti,masti,hamlet,24.730335,59.1729125
233,Matka,matka,hamlet,26.9960611,59.3949688
233,Matsalu,matsalu,hamlet,23.6912126,58.7366791
233,Matsi,matsi,hamlet,26.6999301,57.6660236
233,Rõuge-Matsi,rouge-matsi,hamlet,26.8456234,57.7309604
233,Matsi,matsi,hamlet,23.7516719,58.3631242
233,Matsiranna,matsiranna,hamlet,22.8427673,58.3423399
233,Mauri,mauri,hamlet,27.2730236,57.678231
233,Mahlamäe,mahlamae,hamlet,24.7889143,58.9925244
233,Mahtra,mahtra,hamlet,25.0096374,59.0990123
233,Mahtja,mahtja,hamlet,27.0345916,57.6764388
233,Mahu,mahu,hamlet,26.7138999,59.517531
233,Maeru,maeru,hamlet,24.2690274,59.2685789
233,Maetsma,maetsma,hamlet,26.9076384,59.0007477
233,Majaka,majaka,hamlet,24.4271699,57.9752822
233,Majala,majala,hamlet,26.6783149,57.8716123
233,Majala,majala,hamlet,26.3445803,58.2466055
233,Meiuste,meiuste,hamlet,22.5915987,58.5899786
233,Meleski,meleski,hamlet,26.0892977,58.4361804
233,Melliste,melliste,hamlet,26.9789697,58.3285674
233,Melso,melso,hamlet,27.4021108,57.8234998
233,Meoma,meoma,hamlet,27.031626,58.5376628
233,Meossaare,meossaare,hamlet,25.645985,58.6782459
233,Merekülä,merekula,hamlet,27.4320256,57.7337496
233,Meremäe,meremae,hamlet,27.4642197,57.7483184
233,Mereäärse,mereaarse,hamlet,23.6862416,58.4603385
233,Merise,merise,hamlet,22.1739288,58.5000965
233,Merja,merja,hamlet,25.9787212,58.8907207
233,Metsavere,metsavere,hamlet,24.6968006,58.660865
233,Metsavälja,metsavalja,hamlet,26.7327827,59.3949222
233,Metsakasti,metsakasti,hamlet,24.8936879,59.4933481
233,Metsakivi,metsakivi,hamlet,27.087691,58.5448818
233,Metsaküla,metsakula,hamlet,25.4884351,58.0678344
233,Metsaküla,metsakula,hamlet,24.5226838,58.2549251
233,Metsaküla,metsakula,hamlet,22.7770305,58.3450662
233,Lussu,lussu,hamlet,22.4266518,58.4579024
233,Kõruse-Metsaküla,koruse-metsakula,hamlet,21.921381,58.4722378
233,Metsaküla,metsakula,hamlet,24.7669814,58.6319516
233,Metsaküla,metsakula,hamlet,26.9332051,58.7746569
233,Metsaküla,metsakula,hamlet,23.5312669,58.8474422
233,Metsaküla,metsakula,hamlet,22.5957729,58.9464932
233,Metsalaane,metsalaane,hamlet,26.3992432,58.2472205
233,Metsalauka,metsalauka,hamlet,22.5770269,58.7237153
233,Metsalõuka,metsalouka,hamlet,22.1718684,58.1827114
233,Metsamägara,metsamagara,hamlet,27.4930911,59.3969652
233,Metsanuka,metsanuka,hamlet,26.5897802,58.4910762
233,Metsanurga,metsanurga,hamlet,26.8749999,58.3305523
233,Metsanurga,metsanurga,hamlet,27.0280227,58.6935394
233,Metsanurga,metsanurga,hamlet,24.5050976,59.176416
233,Metsanurga,metsanurga,hamlet,24.9150775,59.2766382
233,Metsanurga,metsanurga,hamlet,25.9949374,59.5190637
233,Metsanurme,metsanurme,hamlet,24.6620627,59.2611507
233,Metsapere,metsapere,hamlet,21.9448949,58.2651873
233,Metsapere,metsapere,hamlet,22.4993786,58.7977672
233,Metsapoole,metsapoole,hamlet,24.3924444,57.9008613
233,Metsara,metsara,hamlet,23.0957066,58.5224599
233,Metsaääre,metsaaare,hamlet,24.6667091,58.2748358
233,Metsaääre,metsaaare,hamlet,22.7777453,58.488753
233,Metsaääre,metsaaare,hamlet,24.5361673,58.8487994
233,Metsaääre,metsaaare,hamlet,24.870409,58.936129
233,Metsiku,metsiku,hamlet,26.1460432,59.4923402
233,Metskaevu,metskaevu,hamlet,26.1535567,59.1574698
233,Metsküla,metskula,hamlet,22.5280946,58.5706818
233,Metsküla,metskula,hamlet,23.6231614,58.7246641
233,Metsküla,metskula,hamlet,24.6310541,58.8687946
233,Metsküla,metskula,hamlet,24.5699746,58.8629472
233,Metsküla,metskula,hamlet,27.231972,59.1756003
233,Metsla,metsla,hamlet,25.7696182,58.2576866
233,Metsla,metsla,hamlet,25.9959303,59.0140529
233,Metslõugu,metslougu,hamlet,24.1032201,59.1576144
233,Metstaga,metstaga,hamlet,26.7431916,57.6517597
233,Metstaguse,metstaguse,hamlet,25.8396202,59.053414
233,Mehama,mehama,hamlet,23.0292833,58.5258528
233,Mehide,mehide,hamlet,27.0001461,59.2856958
233,Mehikoorma,mehikoorma,village,27.4709846,58.2358849
233,Meegaste,meegaste,hamlet,26.3275417,58.0526405
233,Meegomäe,meegomae,hamlet,27.0125848,57.8055767
233,Meedla,meedla,hamlet,22.5252814,58.3333806
233,Meeksi,meeksi,hamlet,27.4454032,58.2272653
233,Meelaku,meelaku,hamlet,27.1359107,57.7171644
233,Meelva,meelva,hamlet,27.3879649,58.1342941
233,Meelva,meelva,hamlet,23.6701946,58.7145994
233,Meeliku,meeliku,hamlet,26.9952454,57.7844102
233,Meelste,meelste,hamlet,22.5977402,59.0541673
233,Meerapalu,meerapalu,hamlet,27.369033,58.3881185
233,Meeri,meeri,hamlet,26.4744414,58.289999
233,Miiaste,miiaste,hamlet,27.1734818,58.1012281
233,Miiduranna,miiduranna,hamlet,24.8215321,59.4995278
233,Miikse,miikse,hamlet,27.393579,57.7105607
233,Miila,miila,hamlet,26.7026753,59.3247103
233,Miilimäe,miilimae,hamlet,27.0851879,57.7438759
233,Rogosi-Mikita,rogosi-mikita,hamlet,27.1280061,57.6297824
233,Mikita,mikita,hamlet,26.8751625,57.6589718
233,Mikitamäe,mikitamae,hamlet,27.547067,58.0027651
233,Miku,miku,hamlet,27.4104227,57.8281936
233,Missokülä,missokula,hamlet,27.2584348,57.6137671
233,Miti,miti,hamlet,26.3673237,58.0963757
233,Moka,moka,hamlet,22.7567826,58.8388767
233,Moka,moka,hamlet,24.5032227,58.8777838
233,Mokra,mokra,hamlet,27.3648357,57.6555259
233,Moku,moku,hamlet,27.0232073,58.6588886
233,Moldova,moldova,hamlet,27.0976723,59.4285563
233,Moosi,moosi,hamlet,22.730006,58.557817
233,Moora,moora,hamlet,26.5283048,59.0679968
233,Moori,moori,hamlet,25.7553494,58.4441415
233,Mooritsa,mooritsa,hamlet,26.5139864,58.7309866
233,Morna,morna,hamlet,25.5979272,58.1647676
233,Moe,moe,hamlet,26.0070677,59.2549381
233,Muda,muda,hamlet,22.6213332,58.7726008
233,Mudaste,mudaste,hamlet,22.5593198,59.022812
233,Muduri,muduri,hamlet,26.9862594,57.6866597
233,Mui,mui,hamlet,23.1122516,58.5148857
233,Mukri,mukri,hamlet,25.027794,58.7304852
233,Muksi,muksi,hamlet,25.7033992,58.1572838
233,Mulgi,mulgi,hamlet,25.3430049,58.2371274
233,Mullavere,mullavere,hamlet,26.5843426,58.6015708
233,Mullutu,mullutu,hamlet,22.3941543,58.2740559
233,Muna,muna,hamlet,26.9963913,57.7422127
233,Muraka,muraka,hamlet,24.8600787,58.5098887
233,Muraski,muraski,hamlet,27.2731359,57.5681322
233,Muraste,muraste,hamlet,24.4455233,59.4595605
233,Muratsi,muratsi,hamlet,22.5701024,58.2428184
233,Muraja,muraja,hamlet,23.234971,58.4682797
233,Murdõmäe,murdomae,hamlet,27.0187211,57.7169289
233,Muri,muri,hamlet,25.6036261,58.1982558
233,Muri,muri,hamlet,26.8273632,58.3925597
233,Murika,murika,hamlet,22.5323381,58.6060081
233,Muriste,muriste,hamlet,23.6390058,58.5294595
233,Murksi,murksi,hamlet,25.734825,59.4981557
233,Murru,murru,hamlet,24.7508584,58.5476101
233,Muru,muru,hamlet,26.5557945,59.3789243
233,Mustakurmu,mustakurmu,hamlet,27.0037504,58.1886066
233,Mustametsa,mustametsa,hamlet,26.8489947,58.5711826
233,Mustametsa,mustametsa,hamlet,25.5887348,59.4780545
233,Mustanina,mustanina,hamlet,27.7597603,59.3055297
233,Mustapali,mustapali,hamlet,25.7520806,58.3062146
233,Mustaru,mustaru,hamlet,25.0738846,58.6163511
233,Mustahamba,mustahamba,hamlet,27.0125867,57.6515371
233,Kahrila-Mustahamba,kahrila-mustahamba,hamlet,26.8925901,57.757502
233,Mustjõe,mustjoe,hamlet,25.5029544,59.2934581
233,Mustla,mustla,hamlet,25.1011681,58.1329145
233,Saue-Mustla,saue-mustla,hamlet,22.6146438,58.3580359
233,Mustla,mustla,hamlet,23.0413072,58.4334938
233,Mustla,mustla,hamlet,25.4316773,59.0524715
233,Mustla-Nõmme,mustla-nomme,hamlet,25.4180248,59.0813084
233,Mustmätta,mustmatta,hamlet,27.0616363,59.3948507
233,Mustoja,mustoja,hamlet,26.1512592,59.580838
233,Mustu,mustu,hamlet,24.3792218,59.100202
233,Mustumetsa,mustumetsa,hamlet,26.146812,57.9831697
233,Mustja,mustja,hamlet,26.8597578,57.9156143
233,Mutemetsa,mutemetsa,hamlet,26.7609233,57.6127742
233,Muti,muti,hamlet,24.8318291,58.5366092
233,Mutsu,mutsu,hamlet,27.2956363,57.7819775
233,Muuga,muuga,hamlet,26.6252168,59.1059241
233,Muuga,muuga,hamlet,24.9441369,59.4846327
233,Muusika,muusika,hamlet,24.4634187,59.2088537
233,Muuksi,muuksi,hamlet,25.5188287,59.5065694
233,Muhkamõtsa,muhkamotsa,hamlet,26.8848262,57.7324911
233,Muhkva,muhkva,hamlet,26.2734937,57.8583469
233,Mujaste,mujaste,hamlet,22.7753372,58.5815476
233,Mõdriku,modriku,hamlet,26.4722148,59.3049138
233,Mõisaaseme,moisaaseme,hamlet,24.7581824,59.0596936
233,Torgu-Mõisaküla,torgu-moisakula,hamlet,22.0843894,57.9981004
233,Mõisaküla,moisakula,hamlet,22.0265973,58.2964791
233,Mõisaküla,moisakula,hamlet,24.6175235,58.6224134
233,Mõisaküla,moisakula,hamlet,23.5468337,58.6782117
233,Mõisaküla,moisakula,hamlet,26.025192,58.7144178
233,Mõisaküla,moisakula,hamlet,23.7184219,59.0162958
233,Mõisaküla,moisakula,hamlet,24.8582877,59.3239203
233,Mõisamaa,moisamaa,hamlet,26.353461,58.7630122
233,Mõisamaa,moisamaa,hamlet,24.5471392,58.884946
233,Mõisamaa,moisamaa,hamlet,26.3127821,58.9748324
233,Mõisamaa,moisamaa,hamlet,27.2684508,59.3839156
233,Mõisamäe,moisamae,hamlet,27.1014565,57.7743098
233,Mõisanurme,moisanurme,hamlet,26.3483122,58.3433423
233,Mõksi,moksi,hamlet,27.0420344,57.7687288
233,Mõniste,moniste,hamlet,26.609501,57.6135614
233,Mõnnuste,monnuste,hamlet,22.2732754,58.316248
233,Mõntu,montu,hamlet,22.1217046,57.9559719
233,Mõnuvere,monuvere,hamlet,25.5839709,59.1807897
233,Mõnuste,monuste,hamlet,24.4383543,59.1402859
233,Mõra,mora,hamlet,26.8212489,58.3108861
233,Mõraste,moraste,hamlet,24.3038345,58.8877471
233,Mõrgi,morgi,hamlet,27.0864394,57.8945746
233,Mõrdu,mordu,hamlet,23.9199142,58.855178
233,Mõrtsi,mortsi,hamlet,26.0616698,58.7063238
233,Mõtsavaara,motsavaara,hamlet,27.3310499,58.0143513
233,Mõtsküla,motskula,hamlet,27.0031103,58.2179951
233,Mõtsu,motsu,hamlet,23.8497318,58.5144756
233,Mõhküla,mohkula,hamlet,25.9177084,58.6704551
233,Mõõlu,moolu,hamlet,26.9688521,57.7000231
233,Mõõnaste,moonaste,hamlet,25.5347056,58.2301406
233,Mõega,moega,hamlet,23.3153506,58.5893602
233,Mõedaka,moedaka,hamlet,26.553794,59.3312591
233,Mügra,mugra,hamlet,26.6991188,58.0235768
233,Müüriku,muuriku,hamlet,26.2800051,59.1299441
233,Müüsleri,muusleri,hamlet,25.8938884,58.9223302
233,Mündi,mundi,hamlet,25.5963669,58.8680687
233,Mägari,magari,hamlet,23.538052,58.8957107
233,Mägede,magede,hamlet,25.5810575,59.226774
233,Mägestiku,magestiku,hamlet,26.394918,58.0802074
233,Mägi-Kurdla,magi-kurdla,hamlet,23.0359965,58.4167871
233,Mägise,magise,hamlet,25.7347936,59.1426382
233,Mägiotsa,magiotsa,hamlet,27.3696748,58.1639784
233,Mägipe,magipe,hamlet,22.2105777,58.9217911
233,Mägiste,magiste,hamlet,26.2190886,58.0085419
233,Mädapea,madapea,hamlet,26.2539266,59.3170902
233,Mädara,madara,hamlet,25.1943637,58.6713129
233,Mäiste,maiste,hamlet,26.3532115,58.9442825
233,Mälgi,malgi,hamlet,26.3360329,58.2633912
233,Mäletjärve,maletjarve,hamlet,26.955256,58.2977055
233,Mälivere,malivere,hamlet,24.7866184,59.1147321
233,Mäliküla,malikula,hamlet,23.7206511,58.4373584
233,Mäliste,maliste,hamlet,24.5165633,58.7557127
233,Mällikvere,mallikvere,hamlet,25.9579811,58.6803279
233,Mällu,mallu,hamlet,24.6885059,59.011647
233,Mändjala,mandjala,hamlet,22.3335673,58.2231932
233,Männamaa,mannamaa,hamlet,22.618609,58.8430136
233,Männikvälja,mannikvalja,hamlet,26.6123218,59.2775349
233,Männiku,manniku,hamlet,22.876119,58.4361621
233,Männiku,manniku,hamlet,23.8797329,58.7885774
233,Männiku,manniku,hamlet,24.3537326,58.9721792
233,Männikuste,mannikuste,hamlet,24.0108781,58.4284587
233,Männisalu,mannisalu,hamlet,27.4017357,58.0190313
233,Mänspe,manspe,hamlet,22.4821465,58.8230149
233,Mäo,mao,hamlet,26.077244,59.3262486
233,Märdi,mardi,hamlet,26.4101953,57.9853095
233,Märdimiku,mardimiku,hamlet,27.0735168,57.6277336
233,Märja,marja,village,26.6492778,58.363226
233,Märjamaa,marjamaa,village,24.4304861,58.9041514
233,Märjandi,marjandi,hamlet,25.7707902,59.1860973
233,Mässa,massa,hamlet,22.1701307,58.0076324
233,Mätasselja,matasselja,hamlet,22.2128696,58.3220991
233,Mätja,matja,hamlet,22.7637005,58.5181565
233,Mäha,maha,hamlet,26.4126494,58.051863
233,Mähkli,mahkli,hamlet,26.4813427,57.7319903
233,Mähma,mahma,hamlet,25.7915012,58.3958512
233,Mäe-Palo,mae-palo,hamlet,27.1127389,57.6197154
233,Mäe-Suhka,mae-suhka,hamlet,27.115848,57.6829166
233,Mäe-Tilga,mae-tilga,hamlet,27.0710545,57.7436625
233,Mäebe,maebe,hamlet,22.1383325,57.9789748
233,Viidu-Mäebe,viidu-maebe,hamlet,22.0799164,58.307624
233,Määvli,maavli,hamlet,22.71149,58.9333727
233,Määsi,maasi,hamlet,27.3485622,57.6344411
233,Mäeküla,maekula,hamlet,26.3340628,57.9797272
233,Mäeküla,maekula,hamlet,25.7112999,58.1126243
233,Mäeküla,maekula,hamlet,26.733423,58.2321906
233,Mäeküla,maekula,hamlet,25.6173127,58.5006933
233,Mäeküla,maekula,hamlet,23.0356698,58.5597625
233,Mäeküla,maekula,hamlet,24.4041092,58.6041082
233,Mäeküla,maekula,hamlet,25.4797455,58.7860535
233,Mäeküla,maekula,hamlet,22.7751701,58.835735
233,Mäeküla,maekula,hamlet,23.4813427,58.8757394
233,Mäekülä,maekula,hamlet,26.8713492,57.8934627
233,Mäelooga,maelooga,hamlet,26.3999077,58.1523088
233,Mäeltküla,maeltkula,hamlet,25.6702833,58.34121
233,Mäeltse,maeltse,hamlet,22.7439016,58.8491982
233,Mäense,maense,hamlet,23.620097,58.6686725
233,Mäeotsa,maeotsa,hamlet,26.355175,58.3116476
233,Mäepea,maepea,hamlet,25.4014412,59.4792678
233,Määra,maara,hamlet,24.0931805,59.2100408
233,Määri,maari,hamlet,26.4133385,59.0835137
233,Mäeselja,maeselja,hamlet,26.3311696,58.3258117
233,Mäessaare,maessaare,hamlet,27.2709068,57.861718
233,Mäetaguse,maetaguse,hamlet,27.2769737,59.2331626
233,Mäetaguse,maetaguse,hamlet,26.36751,59.3129971
233,Möldre,moldre,hamlet,27.2731898,57.6609158
233,Möldre,moldre,hamlet,25.9158979,58.0320419
233,Möldri,moldri,hamlet,26.9150063,57.7376514
233,Möldri,moldri,hamlet,27.3408495,57.7473193
233,Möldri,moldri,hamlet,22.1547473,58.1666391
233,Möllatsi,mollatsi,hamlet,26.8161929,58.4256881
233,Naage,naage,hamlet,24.3505029,59.4113355
233,Naapka,naapka,hamlet,27.0704982,57.5880261
233,Naartse,naartse,hamlet,24.3064134,58.6236605
233,Nabala,nabala,hamlet,24.87367,59.2758594
233,Nava,nava,hamlet,22.6672924,58.498495
233,Nava,nava,hamlet,26.5850772,58.6289143
233,Navi,navi,hamlet,26.9578983,57.8748048
233,Navikõ,naviko,hamlet,27.3739611,57.8059595
233,Nadalama,nadalama,hamlet,24.8927353,58.9050047
233,Nadalama,nadalama,hamlet,26.3198709,59.0765322
233,Naissoo,naissoo,hamlet,24.1678183,58.6018019
233,Naistevalla,naistevalla,hamlet,25.33834,58.2826667
233,Naistevalla,naistevalla,hamlet,24.4079582,58.8714068
233,Napanurga,napanurga,hamlet,24.382428,59.0488086
233,Napi,napi,hamlet,27.3327835,57.6365953
233,Napi,napi,hamlet,22.5109526,58.9568942
233,Naravere,naravere,hamlet,24.3728475,58.6877989
233,Nasva,nasva,hamlet,22.7458461,58.8114243
233,Nasja,nasja,hamlet,26.3474234,58.3762342
233,Natturi,natturi,hamlet,26.026313,59.6242923
233,Nautrasi,nautrasi,hamlet,26.8658522,58.7023871
233,Naha,naha,hamlet,27.4452586,58.1774093
233,Nahkjala,nahkjala,hamlet,24.3047486,59.2630313
233,Naelavere,naelavere,hamlet,27.1121758,58.5861325
233,Neanurme,neanurme,hamlet,26.1197576,58.6302599
233,Nedrema,nedrema,hamlet,24.1041468,58.5471062
233,Nedsaja,nedsaja,hamlet,27.5772944,57.8922687
233,Neitla,neitla,hamlet,25.7441192,59.1029053
233,Nenu,nenu,hamlet,23.1227092,58.5274636
233,Nepste,nepste,hamlet,24.6460596,58.0727697
233,Nehatu,nehatu,hamlet,23.6577789,58.5720484
233,Nehatu,nehatu,hamlet,24.9210914,59.4411362
233,Neeme,neeme,hamlet,21.9429032,58.4860641
233,Neemi,neemi,hamlet,23.1078987,58.478908
233,Neemisküla,neemiskula,hamlet,26.1849479,58.2978292
233,Neeruti,neeruti,hamlet,26.5584798,58.1118106
233,Neeruti,neeruti,hamlet,26.1440668,59.3069961
233,Nigula,nigula,hamlet,26.7979089,58.5306051
233,Nigula,nigula,hamlet,23.7779715,58.9647517
233,Niibi,niibi,hamlet,23.6631269,59.0478411
233,Niidiküla,niidikula,hamlet,22.8391158,58.841474
233,Niidu,niidu,hamlet,24.6072071,58.5447784
233,Niinja,niinja,hamlet,23.8547034,58.8539551
233,Niitsiku,niitsiku,hamlet,27.4611545,57.9634314
233,Nilbõ,nilbo,hamlet,26.842735,57.7696254
233,Ninase,ninase,hamlet,22.2231146,58.527253
233,Ninasi,ninasi,hamlet,26.9844624,58.905398
233,Nihatu,nihatu,hamlet,22.7918278,58.5343735
233,Nihka,nihka,hamlet,23.7357751,58.9117538
233,Nogu,nogu,hamlet,26.9615828,57.7346207
233,Noodasküla,noodaskula,hamlet,27.149642,57.8138449
233,Noonu,noonu,hamlet,26.2064708,59.5081693
233,Nooritsmetsa,nooritsmetsa,hamlet,27.1875604,58.1286562
233,Noorma,noorma,hamlet,26.1852404,58.2580883
233,Nooska,nooska,hamlet,26.9503887,57.776038
233,Norra,norra,hamlet,26.0515761,58.8962628
233,Norrby,norrby,hamlet,23.3417575,59.0174985
233,Nohipalo,nohipalo,hamlet,27.3512727,57.955614
233,Nugeri,nugeri,hamlet,26.6545656,59.4505488
233,Nulga,nulga,hamlet,27.4130361,58.0887968
233,Nurga,nurga,hamlet,26.041789,58.7446095
233,Nurkse,nurkse,hamlet,26.5807317,59.2960979
233,Valjala-Nurme,valjala-nurme,hamlet,22.9068619,58.3562124
233,Nurme,nurme,hamlet,24.5041122,58.4483677
233,Nurme,nurme,hamlet,22.6169119,58.5383678
233,Nurme,nurme,hamlet,24.5944964,58.7330417
233,Nurme,nurme,hamlet,25.5869952,59.0295794
233,Nurme,nurme,hamlet,24.3254504,59.0675644
233,Nurmetu,nurmetu,hamlet,26.3207945,59.2453182
233,Nurmsi,nurmsi,hamlet,23.734837,58.5769829
233,Nurmsi,nurmsi,hamlet,25.7140793,58.8698296
233,Nursi,nursi,hamlet,26.8805137,57.7774128
233,Nurste,nurste,hamlet,22.4926048,58.7867035
233,Nurtu-Nõlva,nurtu-nolva,hamlet,24.5900021,58.766425
233,Nutu,nutu,hamlet,25.2049768,59.0710385
233,Nõva,nova,hamlet,26.9923587,58.6191603
233,Nõgiaru,nogiaru,hamlet,26.5458079,58.3098713
233,Nõlva,nolva,hamlet,24.721973,58.7827816
233,Nõmavere,nomavere,hamlet,25.8581142,58.6326623
233,Nõmba,nomba,hamlet,22.7732901,58.9098905
233,Nõmbra,nombra,hamlet,25.2594047,59.2281906
233,Liivanõmme,liivanomme,hamlet,22.53334,58.3544044
233,Nõmjala,nomjala,hamlet,22.957925,58.4383793
233,Nõmme,nomme,hamlet,23.7469447,58.4797633
233,Nõmme,nomme,hamlet,22.6445797,58.4983639
233,Nõmme,nomme,hamlet,26.9092896,58.7843346
233,Nõmme,nomme,hamlet,22.745289,58.8336799
233,Reigi-Nõmme,reigi-nomme,hamlet,22.3940656,58.8989753
233,Nõmme,nomme,hamlet,23.9376593,58.903691
233,Nõmme,nomme,hamlet,23.4523598,58.9258111
233,Kärdla-Nõmme,kardla-nomme,hamlet,22.7353516,58.9909131
233,Nõmme,nomme,hamlet,24.8659232,59.0372535
233,Nõmme,nomme,hamlet,26.2078052,59.0468076
233,Nõmmemaa,nommemaa,hamlet,23.7492528,59.1527822
233,Nõmmemetsa,nommemetsa,hamlet,24.6572239,58.915841
233,Nõmmeotsa,nommeotsa,hamlet,24.470901,58.8941635
233,Nõmmerga,nommerga,hamlet,22.6924503,58.87193
233,Nõmmeri,nommeri,hamlet,25.3772105,59.0865731
233,Nõmmise,nommise,hamlet,26.6295164,59.3425244
233,Nõmmküla,nommkula,hamlet,24.6771505,58.8903912
233,Nõmmküla,nommkula,hamlet,26.1521449,58.9717431
233,Nõmmküla,nommkula,hamlet,26.0320449,59.1964032
233,Nõmpa,nompa,hamlet,22.2708251,58.3911298
233,Nõnova,nonova,hamlet,27.1566238,57.8333179
233,Nõrava,norava,hamlet,25.0231725,59.1704706
233,Nõela,noela,hamlet,26.5832962,58.4741517
233,Nüri,nuri,hamlet,26.8505648,59.3353181
233,Näduvere,naduvere,hamlet,26.7118384,58.8448427
233,Näsuvere,nasuvere,hamlet,25.4947988,58.8074345
233,Näo,nao,hamlet,25.9794652,59.2238519
233,Närapää,narapaa,hamlet,26.8642047,57.9379237
233,Nässuma,nassuma,hamlet,22.8013524,58.2835062
233,Nätsi,natsi,hamlet,24.0726643,58.5233473
233,Nääri,naari,hamlet,24.6476346,58.821688
233,Oandu,oandu,hamlet,27.0063966,59.2661882
233,Oara,oara,hamlet,24.2946205,58.4674453
233,Oblu,oblu,hamlet,25.0821003,59.0489546
233,Obja,obja,hamlet,26.6402199,59.1947205
233,Ogandi,ogandi,hamlet,22.5609398,59.011063
233,Odalätsi,odalatsi,hamlet,22.1203119,58.3964533
233,Odivere,odivere,hamlet,26.8160464,58.7186448
233,Odiste,odiste,hamlet,25.9885938,58.508808
233,Odulemma,odulemma,hamlet,24.3594836,59.1305144
233,Osula,osula,hamlet,26.8285802,57.8814978
233,Oidrema,oidrema,hamlet,23.9296091,58.5957813
233,Oina,oina,hamlet,23.3241568,58.571476
233,Oissaare,oissaare,hamlet,25.0446736,58.2513552
233,Oitme,oitme,hamlet,22.7287912,58.57182
233,Oiu,oiu,hamlet,25.976978,58.411313
233,Ole,ole,hamlet,22.4992123,58.767107
233,Oleski,oleski,hamlet,27.0818462,57.9219605
233,Olehkova,olehkova,hamlet,27.4528341,57.7236418
233,Ollepa,ollepa,hamlet,25.5502715,58.6637992
233,Olju,olju,hamlet,26.2900139,58.9380893
233,Omedu,omedu,hamlet,27.0109429,58.7696673
233,Ongassaare,ongassaare,hamlet,27.4528453,59.1845606
233,Ontika,ontika,hamlet,27.2880453,59.434847
233,Ookatku,ookatku,hamlet,26.6255365,58.8412307
233,Oola,oola,hamlet,24.8833584,59.0394516
233,Oomiste,oomiste,hamlet,26.5419456,58.200717
233,Oonga,oonga,hamlet,23.7245972,58.8250831
233,Oorgu,oorgu,hamlet,25.876303,58.5059658
233,Oore,oore,hamlet,24.7652893,58.4662587
233,Orajõe,orajoe,hamlet,24.4183251,57.9538213
233,Orajõe,orajoe,hamlet,27.0648113,58.0724978
233,Orgemäe,orgemae,hamlet,27.0998275,58.616542
233,Orgita,orgita,hamlet,24.4500353,58.9217932
233,Orgmetsa,orgmetsa,hamlet,25.7909361,59.115722
233,Orguse,orguse,hamlet,24.9611652,59.0397943
233,Orguse,orguse,hamlet,26.3767993,59.0615393
233,Oriküla,orikula,hamlet,25.189331,58.6460422
233,Orinõmme,orinomme,hamlet,23.0197619,58.5795036
233,Oro,oro,hamlet,27.3903666,57.8549996
233,Ortuma,ortuma,hamlet,27.2442076,57.7814297
233,Ortumäe,ortumae,hamlet,26.9909234,57.6689246
233,Oru,oru,hamlet,23.7180848,59.0049008
233,Oru,oru,hamlet,24.984602,59.1883151
233,Oru,oru,hamlet,26.8067732,59.4498674
233,Orutaguse,orutaguse,hamlet,26.2091752,59.3328694
233,Orjaku,orjaku,hamlet,22.781129,58.7875656
233,Osmussaare,osmussaare,hamlet,23.3953226,59.2886326
233,Ostrova,ostrova,hamlet,27.4291675,57.774267
233,Otepää,otepaa,hamlet,26.5224553,58.0673937
233,Oti,oti,hamlet,25.5884852,58.1379651
233,Oti,oti,hamlet,26.6976557,58.9137966
233,Otiku,otiku,hamlet,25.5768271,58.9918799
233,Otiküla,otikula,hamlet,25.9500843,58.4411465
233,Otslava,otslava,hamlet,26.6891875,58.609711
233,Otste,otste,hamlet,22.5243417,58.9679887
233,Ohakvere,ohakvere,hamlet,27.4457963,59.2249464
233,Ohekatku,ohekatku,hamlet,24.9413893,58.9043588
233,Ohepalu,ohepalu,hamlet,25.9617584,59.3488648
233,Ohessaare,ohessaare,hamlet,22.0320372,57.9960453
233,Ohtla,ohtla,hamlet,23.9062025,58.8717741
233,Ohtu,ohtu,hamlet,24.3700247,59.2707384
233,Ohtja,ohtja,hamlet,22.3456798,58.4363602
233,Ohukotsu,ohukotsu,hamlet,24.5693778,59.009907
233,Ohulepa,ohulepa,hamlet,24.571331,59.0671135
233,Oe,oe,hamlet,26.5134369,57.8043232
233,Oese,oese,hamlet,24.5073862,58.6453725
233,Oese,oese,hamlet,24.2662279,58.7558541
233,Oela,oela,hamlet,24.6894681,59.0538257
233,Oessaare,oessaare,hamlet,22.876982,58.3378984
233,Oeti,oeti,hamlet,25.6913382,59.0547601
233,Oju,oju,hamlet,22.0058113,58.3862312
233,Ojaküla,ojakula,hamlet,22.1951509,58.9013578
233,Ojaküla,ojakula,hamlet,25.5751885,59.0094553
233,Ojaküla,ojakula,hamlet,26.4880294,59.48627
233,Ojamaa,ojamaa,hamlet,27.1120768,59.2870579
233,Ojapere,ojapere,hamlet,24.2330129,58.7290113
233,Ojasoo,ojasoo,hamlet,25.204025,59.1280368
233,Ojaäärse,ojaaarse,hamlet,24.61759,58.7412349
233,Paaburissa,paaburissa,hamlet,26.9784428,57.707914
233,Paadenurme,paadenurme,hamlet,26.8417819,59.0134627
233,Paadrema,paadrema,hamlet,23.8306766,58.5354922
233,Paaduotsa,paaduotsa,hamlet,24.5395772,58.8959705
233,Paasi,paasi,hamlet,26.1533189,59.5252695
233,Paasiku,paasiku,hamlet,25.3040583,59.3550469
233,Paaksima,paaksima,hamlet,25.6000602,58.6141582
233,Paali,paali,hamlet,26.7069493,58.2067522
233,Paasvere,paasvere,hamlet,26.6407618,59.0738149
233,Paasküla,paaskula,hamlet,26.4557862,59.4780786
233,Paaste,paaste,hamlet,22.7810951,58.6107772
233,Paate,paate,hamlet,27.3279132,59.4078746
233,Paatna,paatna,hamlet,26.2939382,59.3666537
233,Paatsa,paatsa,hamlet,22.3376632,58.5025046
233,Pagasi,pagasi,hamlet,23.861837,58.7329102
233,Paganamaa,paganamaa,hamlet,26.835286,57.5952
233,Pagari,pagari,hamlet,27.3827675,59.2569335
233,Pada,pada,hamlet,26.7109101,59.4264156
233,Pada-Aruküla,pada-arukula,hamlet,26.7496543,59.4303034
233,Padakõrve,padakorve,hamlet,27.0617172,58.5832275
233,Padaküla,padakula,hamlet,26.1734344,59.0358824
233,Padari,padari,hamlet,26.9734409,58.1665022
233,Padu,padu,hamlet,26.4843383,59.0695234
233,Paduvere,paduvere,hamlet,26.3362262,58.803105
233,Paisumaa,paisumaa,hamlet,24.6832314,58.8093728
233,Paikuse,paikuse,village,24.6207662,58.3751933
233,Paiküla,paikula,hamlet,22.2415311,58.362995
233,Paimala,paimala,hamlet,22.5897094,58.2817093
233,Paimvere,paimvere,hamlet,23.9718986,58.5777439
233,Painküla,painkula,hamlet,26.4117055,58.7116654
233,Pakaste,pakaste,hamlet,26.391988,58.6966914
233,Paklova,paklova,hamlet,27.379052,57.772496
233,Pala,pala,hamlet,27.0190247,58.6729117
233,Pala,pala,hamlet,25.4184935,58.8552884
233,Pala,pala,hamlet,25.2949465,59.0675036
233,Palade,palade,hamlet,22.8476434,58.9664134
233,Palase,palase,hamlet,24.4486254,58.7388635
233,Palasi,palasi,hamlet,24.9878565,58.8918846
233,Palasi,palasi,hamlet,26.7504256,59.2318759
233,Palamulla,palamulla,hamlet,24.6405688,59.0140626
233,Palamuste,palamuste,hamlet,26.2629049,58.0867252
233,Palandõ,palando,hamlet,27.4542817,57.7555352
233,Palanumäe,palanumae,hamlet,27.0308536,57.7369319
233,Palatu,palatu,hamlet,23.9554041,58.5197069
233,Palvere,palvere,hamlet,25.2497591,59.2048725
233,Palivere,palivere,village,23.8910672,58.9664417
233,Pallasmaa,pallasmaa,hamlet,23.1747968,58.6710243
233,Palli,palli,hamlet,26.978692,57.6439141
233,Palli,palli,hamlet,22.3187084,58.9452425
233,Pallika,pallika,hamlet,24.4369977,58.675515
233,Pallika,pallika,hamlet,24.4119301,58.6883187
233,Palo,palo,hamlet,27.4969759,57.7280324
233,Paloveere,paloveere,hamlet,27.168684,57.7262554
233,Paloveere,paloveere,hamlet,27.48539,57.7398849
233,Palometsa,palometsa,hamlet,27.1114841,57.8092023
233,Paluküla,palukula,hamlet,26.9421112,58.264035
233,Paluküla,palukula,hamlet,22.8034937,58.9764787
233,Palumäe,palumae,hamlet,26.5669681,58.1768048
233,Palupera,palupera,hamlet,26.3341551,58.1170915
233,Palupere,palupere,hamlet,26.5651814,58.8057341
233,Palutaja,palutaja,hamlet,26.7698862,58.0838677
233,Palujüri,palujuri,hamlet,27.03419,57.65044
233,Paljasmaa,paljasmaa,hamlet,24.1957012,58.7500625
233,Pamma,pamma,hamlet,22.6038063,58.5056672
233,Pammana,pammana,hamlet,22.5547684,58.6260917
233,Panga,panga,hamlet,22.3106982,58.5602642
233,Panga,panga,hamlet,23.5758856,58.8303864
233,Pangodi,pangodi,hamlet,26.5883116,58.193989
233,Paope,paope,hamlet,22.4370539,58.9438529
233,Papiaru,papiaru,hamlet,26.847167,58.5234853
233,Papiaru,papiaru,hamlet,26.3710481,59.3733863
233,Papisilla,papisilla,hamlet,24.5361414,58.0932783
233,Papsaare,papsaare,hamlet,24.4196595,58.3997538
233,Parapalu,parapalu,hamlet,27.3828202,58.311009
233,Parasmaa,parasmaa,hamlet,24.2468826,58.6435368
233,Parasmetsa,parasmetsa,hamlet,22.6478332,58.5632565
233,Parasmäe,parasmae,hamlet,25.1266311,59.417387
233,Pargitaguse,pargitaguse,hamlet,27.4423448,59.3449882
233,Pari,pari,hamlet,27.1558951,57.6730273
233,Parivere,parivere,hamlet,23.8365428,58.6683246
233,Parika,parika,hamlet,25.8367573,58.4786301
233,Parila,parila,hamlet,22.4203783,58.2725895
233,Parila,parila,hamlet,23.620195,58.8681128
233,Parila,parila,hamlet,25.2430949,59.3427068
233,Parisselja,parisselja,hamlet,24.5330312,58.5364199
233,Parksi,parksi,hamlet,25.7610411,59.5008993
233,Parmu,parmu,hamlet,27.3245323,57.5572402
233,Parmupalu,parmupalu,hamlet,26.6399184,57.6176598
233,Partsaare,partsaare,hamlet,25.3099834,59.3960269
233,Partsi,partsi,hamlet,22.8654738,58.9517418
233,Paslepa,paslepa,hamlet,23.4793008,59.0224773
233,Passi,passi,hamlet,27.0996493,58.6534511
233,Pastaku,pastaku,hamlet,26.374099,58.1558082
233,Patika,patika,hamlet,25.7624366,59.2576612
233,Patküla,patkula,hamlet,25.9046658,57.9736084
233,Pattina,pattina,hamlet,27.7939584,57.8590865
233,Patjala,patjala,hamlet,26.4766672,58.7025378
233,Pauastvere,pauastvere,hamlet,26.0148011,58.6730586
233,Pausakunnu,pausakunnu,hamlet,27.0691725,57.6598359
233,Pauliku,pauliku,hamlet,27.3874143,59.3484277
233,Paunaste,paunaste,hamlet,25.2552121,59.0761016
233,Paunküla,paunkula,hamlet,25.319284,59.1454054
233,Pahavalla,pahavalla,hamlet,23.0291435,58.4441104
233,Pahapilli,pahapilli,hamlet,22.404434,58.5666019
233,Pahkla,pahkla,hamlet,24.8761417,59.1873804
233,Pahtpää,pahtpaa,hamlet,27.3711939,58.0223663
233,Pae,pae,hamlet,24.8936158,58.994442
233,Pae,pae,hamlet,24.0180457,59.2025514
233,Paeboja,paeboja,hamlet,26.7687138,57.7321005
233,Paevere,paevere,hamlet,22.3076276,58.2920639
233,Paeküla,paekula,hamlet,24.3572031,58.8595096
233,Paelama,paelama,hamlet,25.3132686,58.4584833
233,Paenase,paenase,hamlet,23.1634082,58.6278875
233,Paenasti,paenasti,hamlet,25.7988634,58.5887693
233,Paju,paju,hamlet,26.1011018,57.8165651
233,Paju,paju,hamlet,26.2556203,58.2289952
233,Paju-Kurdla,paju-kurdla,hamlet,22.9909279,58.4429145
233,Pajualuse,pajualuse,hamlet,27.3843354,59.3203145
233,Pajukurmu,pajukurmu,hamlet,27.084106,58.4044719
233,Pajumaa,pajumaa,hamlet,23.7032277,58.5824867
233,Pajumõisa,pajumoisa,hamlet,22.0750829,58.3738849
233,Pajupea,pajupea,hamlet,24.9852771,59.3666912
233,Pajaka,pajaka,hamlet,24.4207917,59.0770879
233,Peantse,peantse,hamlet,23.9676944,58.5511454
233,Peatskivi,peatskivi,hamlet,27.1103986,58.6130727
233,Pedase,pedase,hamlet,23.9261789,59.2682611
233,Pedaspea,pedaspea,hamlet,25.5591015,59.5459399
233,Pedassaare,pedassaare,hamlet,26.8508991,58.650319
233,Pedaste,pedaste,hamlet,26.2428163,58.0973096
233,Pedajamäe,pedajamae,hamlet,26.447561,58.0747455
233,Pedejä,pedeja,hamlet,27.2481673,57.6675261
233,Pelsi,pelsi,hamlet,27.418005,57.7232287
233,Penijõe,penijoe,hamlet,23.8176483,58.7154411
233,Peningi,peningi,hamlet,25.1567387,59.3325117
233,Penu,penu,hamlet,24.4706324,58.0137765
233,Peraküla,perakula,hamlet,27.1013201,57.9454875
233,Perametsa,perametsa,hamlet,27.2607441,57.7040532
233,Perametsa,perametsa,hamlet,26.9533006,58.7406818
233,Perdaku,perdaku,hamlet,27.795277,57.894804
233,Pereküla,perekula,hamlet,24.3205054,58.603339
233,Perila,perila,hamlet,25.1866761,59.289587
233,Perjatsi,perjatsi,hamlet,27.8153413,59.3845518
233,Petaaluse,petaaluse,hamlet,23.71685,58.6670302
233,Petrakuudi,petrakuudi,hamlet,26.7954064,57.753185
233,Pehka,pehka,hamlet,26.3537892,59.4917528
233,Peebu,peebu,hamlet,26.585499,57.5739616
233,Peederga,peederga,hamlet,22.5601147,58.5404527
233,Peedo,peedo,hamlet,27.0874409,57.7273115
233,Peedu,peedu,hamlet,25.6389132,59.1929287
233,Peeri,peeri,hamlet,27.3069428,59.379687
233,Peerni,peerni,hamlet,24.1299394,58.2536195
233,Peetri,peetri,village,25.8393409,58.9426519
233,Peetri,peetri,village,24.8071173,59.3975177
233,Peetrimõisa,peetrimoisa,hamlet,26.8131739,57.9326946
233,Peetrimõisa,peetrimoisa,hamlet,25.6254446,58.3834836
233,Pibari,pibari,hamlet,25.5156654,58.6889161
233,Pivarootsi,pivarootsi,hamlet,23.5996736,58.5517978
233,Pidula,pidula,hamlet,22.1532262,58.4231818
233,Pisisaare,pisisaare,hamlet,25.963356,58.723774
233,Piibe,piibe,hamlet,26.1890842,58.9372938
233,Piibumäe,piibumae,hamlet,27.0334567,58.7498693
233,Piigandi,piigandi,hamlet,26.7836731,58.001093
233,Piigandi,piigandi,hamlet,26.1854086,58.1914934
233,Piisi,piisi,hamlet,26.7621533,57.775738
233,Piisu,piisu,hamlet,24.1185325,58.602676
233,Piisupi,piisupi,hamlet,26.1682292,59.2156782
233,Piila,piila,hamlet,22.5569574,58.4191919
233,Piilse,piilse,hamlet,26.9961775,59.2387855
233,Piilsi,piilsi,hamlet,26.9305143,58.9193067
233,Piilu,piilu,hamlet,26.0260413,59.2286865
233,Piipsemäe,piipsemae,hamlet,27.0983536,57.6726138
233,Piira,piira,hamlet,26.390058,59.3272695
233,Piiri,piiri,hamlet,26.0616128,57.8825959
233,Piiri,piiri,hamlet,27.5132959,58.3823148
233,Piirivarbe,piirivarbe,hamlet,27.0592451,58.6777138
233,Piirsalu,piirsalu,hamlet,24.0382232,59.0459199
233,Piirumi,piirumi,hamlet,24.4860395,58.1678127
233,Piissoo,piissoo,hamlet,24.8542062,59.2538557
233,Piiumetsa,piiumetsa,hamlet,25.3073993,58.8920238
233,Pikavere,pikavere,hamlet,24.1772406,58.5781935
233,Pikavere,pikavere,hamlet,25.1346167,59.2898173
233,Pikakannu,pikakannu,hamlet,27.2357949,57.8750738
233,Pikaküla,pikakula,hamlet,25.5796761,58.962211
233,Pikareinu,pikareinu,hamlet,26.6669076,58.1067128
233,Pikaristi,pikaristi,hamlet,26.6327918,59.4068886
233,Pikasilla,pikasilla,hamlet,27.0781492,57.9435808
233,Pikati,pikati,hamlet,27.0102264,59.0283374
233,Pikajärve,pikajarve,hamlet,26.5928911,58.0690318
233,Pikva,pikva,hamlet,25.374662,59.2810006
233,Pikevere,pikevere,hamlet,26.0721786,59.0531005
233,Pikknurme,pikknurme,hamlet,26.21272,58.5980826
233,Pikkjärve,pikkjarve,hamlet,26.5492192,58.6478736
233,Pildiküla,pildikula,hamlet,24.8785781,59.3583586
233,Pilka,pilka,hamlet,26.8932033,58.4117477
233,Pilkuse,pilkuse,hamlet,26.5505184,58.0385599
233,Pillapalu,pillapalu,hamlet,25.5956091,59.3509203
233,Pillardi,pillardi,hamlet,26.957823,57.611006
233,Pille,pille,hamlet,27.1118119,57.9330966
233,Pilpa,pilpa,hamlet,25.6524427,57.9829918
233,Pilpaküla,pilpakula,hamlet,26.8786353,58.5397332
233,Pilpaküla,pilpakula,hamlet,22.7436898,58.9869077
233,Pilu,pilu,hamlet,25.8227741,58.7057623
233,Pindi,pindi,hamlet,27.1894777,57.8949803
233,Pindi,pindi,hamlet,27.3062237,58.0291139
233,Pirgu,pirgu,hamlet,24.8221709,59.1149611
233,Pirmastu,pirmastu,hamlet,25.6842729,58.3045558
233,Pitsalu,pitsalu,hamlet,24.4123981,58.5618233
233,Piusa,piusa,hamlet,27.4928628,57.8381304
233,Piha,piha,hamlet,23.7757325,58.4343853
233,Pihali,pihali,hamlet,24.6027501,59.1320618
233,Pihva,pihva,hamlet,26.5927386,58.3544303
233,Pihke,pihke,hamlet,24.7343284,58.0726485
233,Pihla,pihla,hamlet,22.5173324,58.9813839
233,Pihlaspea,pihlaspea,hamlet,26.0646235,59.6035724
233,Pihleni,pihleni,hamlet,26.516354,57.8975463
233,Pihtla,pihtla,hamlet,22.6976394,58.3022588
233,Plessi,plessi,hamlet,27.3737816,57.7341775
233,Pliia,pliia,hamlet,27.4867105,57.7773533
233,Plika,plika,hamlet,26.1924057,58.0543732
233,Poaka,poaka,hamlet,25.4950839,58.8467463
233,Poama,poama,hamlet,22.3455678,58.9334762
233,Poanse,poanse,hamlet,23.6627178,58.6803465
233,Poka,poka,hamlet,26.9614144,58.3150841
233,Poka,poka,hamlet,22.4898639,58.5829952
233,Poksa,poksa,hamlet,27.4746534,57.7371398
233,Poksi,poksi,hamlet,27.0335952,58.3977117
233,Polovina,polovina,hamlet,27.5021994,57.8110714
233,Poole,poole,hamlet,26.3523275,58.2727498
233,Pootsi,pootsi,hamlet,24.1264998,58.2684245
233,Pootsiku,pootsiku,hamlet,27.3973298,59.0579624
233,Popovitsa,popovitsa,hamlet,27.6426849,57.9965363
233,Pori,pori,hamlet,25.8589716,58.0756691
233,Poriküla,porikula,hamlet,26.3120736,58.3823334
233,Porkuni,porkuni,hamlet,26.2048658,59.187715
233,Pornuse,pornuse,hamlet,25.4411443,58.1452878
233,Porsa,porsa,hamlet,25.8848844,58.240534
233,Posti,posti,hamlet,27.0306077,57.6173971
233,Pohla,pohla,hamlet,24.3845205,59.1618432
233,Praaga,praaga,hamlet,27.2412934,58.4367868
233,Praakli,praakli,hamlet,22.5700055,58.2622668
233,Praaklima,praaklima,hamlet,26.6243803,58.6154902
233,Praakmani,praakmani,hamlet,27.3359481,57.832884
233,Pragi,pragi,hamlet,27.0380052,57.9936099
233,Prange,prange,hamlet,26.199452,58.0396325
233,Prandi,prandi,hamlet,25.7198723,58.8442307
233,Prassi,prassi,hamlet,22.6448797,58.719579
233,Pressi,pressi,hamlet,27.1354394,57.6962324
233,Preedi,preedi,hamlet,26.1378942,58.9341843
233,Preeksa,preeksa,hamlet,27.1552175,57.6510406
233,Priipalu,priipalu,hamlet,26.1789185,57.9855274
233,Prillimäe,prillimae,village,24.7962085,59.1784655
233,Pringi,pringi,hamlet,26.2857745,57.9970321
233,Pringi,pringi,hamlet,24.8005831,59.5313478
233,Pritsi,pritsi,hamlet,26.7222541,57.8435107
233,Pruntova,pruntova,hamlet,27.3623017,57.6287165
233,Pruuna,pruuna,hamlet,25.8516238,59.2413912
233,Prählamäe,prahlamae,hamlet,22.7525967,58.9770446
233,Prähnu,prahnu,hamlet,22.490273,58.7705546
233,Pugõstu,pugostu,hamlet,26.8835833,57.7982237
233,Pudivere,pudivere,hamlet,26.1683657,58.6710003
233,Pudivere,pudivere,hamlet,26.3545122,59.0883377
233,Pudisoo,pudisoo,hamlet,25.5552406,59.5206441
233,Puduküla,pudukula,hamlet,25.9068026,58.7180929
233,Pusi,pusi,hamlet,27.1652307,58.646136
233,Puiatu,puiatu,hamlet,25.7894579,58.7168319
233,Puiatu,puiatu,hamlet,25.8927549,58.7354469
233,Puiatu,puiatu,hamlet,23.6107353,58.822188
233,Puiatu,puiatu,hamlet,25.5623028,59.0341138
233,Puiga,puiga,hamlet,27.0300796,57.7957058
233,Puide,puide,hamlet,25.9630219,57.9385423
233,Puise,puise,hamlet,23.4606495,58.7837783
233,Puista,puista,hamlet,27.3792876,57.7466001
233,Puka,puka,hamlet,23.0363575,58.4980542
233,Puka,puka,hamlet,26.6028551,59.191856
233,Pukamäe,pukamae,hamlet,24.7687817,59.1527667
233,Pulgoja,pulgoja,hamlet,24.5000006,58.0977493
233,Puliste,puliste,hamlet,22.9500183,58.9218632
233,Pullevere,pullevere,hamlet,25.7019013,59.1258958
233,Pulleritsu,pulleritsu,hamlet,25.715897,58.2611613
233,Pulli,pulli,hamlet,26.9596213,57.6816983
233,Pulli,pulli,hamlet,26.7403023,57.8972415
233,Pulli,pulli,hamlet,26.6662277,58.209719
233,Pulli,pulli,hamlet,24.6656281,58.4188138
233,Pulli,pulli,hamlet,22.9769836,58.5993071
233,Punaküla,punakula,hamlet,25.3180571,58.3351532
233,Punakülä,punakula,hamlet,26.7464056,57.9244238
233,Pundi,pundi,hamlet,27.0328434,57.6428833
233,Punikvere,punikvere,hamlet,27.105871,58.693717
233,Punsa,punsa,hamlet,26.6340159,57.6463897
233,Pupastvere,pupastvere,hamlet,26.6267479,58.4984734
233,Pupli,pupli,hamlet,27.2567706,57.5954042
233,Purga,purga,hamlet,24.4109286,59.0219173
233,Purdi,purdi,hamlet,25.6097865,58.9918979
233,Purila,purila,hamlet,24.8484663,59.0798188
233,Purka,purka,hamlet,27.0853833,57.7059877
233,Purku,purku,hamlet,24.7796816,58.8820563
233,Purtsa,purtsa,hamlet,22.5623342,58.500443
233,Purtsi,purtsi,hamlet,26.0865434,58.0799
233,Puru,puru,hamlet,27.4155695,59.3099065
233,Puski,puski,hamlet,22.4230351,58.9143445
233,Pusku,pusku,hamlet,23.4628523,58.8975188
233,Puspuri,puspuri,hamlet,27.1145999,57.6647665
233,Putkaste,putkaste,hamlet,22.799693,58.8370472
233,Putkaste,putkaste,hamlet,23.8140588,58.8438668
233,Putu,putu,hamlet,26.7492936,58.6942069
233,Puugi,puugi,hamlet,26.6215408,58.1016588
233,Puugnitsa,puugnitsa,hamlet,27.4874746,57.9850994
233,Puusepa,puusepa,hamlet,27.0753941,57.8568293
233,Puusepa,puusepa,hamlet,25.3368427,59.1419376
233,Puuri,puuri,hamlet,27.0274952,58.0511868
233,Puutli,puutli,hamlet,27.2661833,57.7895142
233,Puhatu,puhatu,hamlet,27.5885875,59.192995
233,Puhmu,puhmu,hamlet,26.0662209,59.002715
233,Puhtaleiva,puhtaleiva,hamlet,26.6642884,58.5124636
233,Põgari-Sassi,pogari-sassi,hamlet,23.4616143,58.8191619
233,Põdra,podra,hamlet,26.8202217,57.6685008
233,Põdra,podra,hamlet,27.0714651,58.4901224
233,Põikva,poikva,hamlet,25.3389675,58.7049001
233,Põikma,poikma,hamlet,24.6509417,59.1477918
233,Põima,poima,hamlet,26.0095091,59.3290281
233,Põitse,poitse,hamlet,23.1880295,58.6489764
233,Põldeotsa,poldeotsa,hamlet,24.2897081,58.3938444
233,Põldmaa,poldmaa,hamlet,27.207473,58.4961709
233,Põlendmaa,polendmaa,hamlet,24.7988627,58.3732262
233,Põlli,polli,hamlet,24.5077629,59.0352089
233,Põllküla,pollkula,hamlet,24.1713741,59.3179333
233,Põllu,pollu,hamlet,24.9770673,58.8452162
233,Põlluküla,pollukula,hamlet,22.9242772,58.4122411
233,Põlma,polma,hamlet,24.7839374,58.9021473
233,Põlula,polula,hamlet,26.6027923,59.3157749
233,Põnni,ponni,hamlet,27.2213491,57.6435712
233,Põrgu,porgu,hamlet,27.0328856,58.467499
233,Põripõllu,poripollu,hamlet,23.1023716,58.5477977
233,Põrsaku,porsaku,hamlet,24.9072534,58.9643615
233,Põrstõ,porsto,hamlet,27.3386372,57.654221
233,Põru,poru,hamlet,26.1520109,58.039994
233,Põhara,pohara,hamlet,24.2310098,58.4551861
233,Põhja,pohja,hamlet,25.4259135,59.484443
233,Püünsi,puunsi,hamlet,24.8010831,59.548605
233,Pürksi,purksi,hamlet,23.5218125,59.0071913
233,Püssä,pussa,hamlet,27.0014436,57.7533387
233,Püha,puha,hamlet,22.7261806,58.3087699
233,Püha,puha,hamlet,24.5222499,59.3582842
233,Pühajõe,puhajoe,hamlet,27.5336833,59.4099696
233,Pühalepa,puhalepa,hamlet,22.9597193,58.8779248
233,Pühaste,puhaste,hamlet,26.1223999,58.1043353
233,Pühatu,puhatu,hamlet,24.5303497,58.9361393
233,Pühi,puhi,hamlet,26.6481092,58.2305511
233,Päidla,paidla,hamlet,26.4778241,58.1266163
233,Päiksi,paiksi,hamlet,27.0999303,58.6033841
233,Päinurme,painurme,hamlet,25.932779,58.8075337
233,Päka,paka,hamlet,27.4683183,57.9507427
233,Päkste,pakste,hamlet,26.8784196,58.2929372
233,Pällastvere,pallastvere,hamlet,25.6772339,58.7534909
233,Pälli,palli,hamlet,23.7866034,58.9558803
233,Pällu,pallu,hamlet,26.9095814,58.7210331
233,Pällu,pallu,hamlet,24.4750018,59.2426695
233,Pältre,paltre,hamlet,27.2906758,57.6480951
233,Pärase,parase,hamlet,23.2990699,58.6214986
233,Päraküla,parakula,hamlet,24.0924483,58.3260215
233,Päri,pari,hamlet,24.051516,58.8415008
233,Pärivere,parivere,hamlet,24.5958666,58.5099382
233,Pärinurme,parinurme,hamlet,24.5714663,59.2025587
233,Pärlijõe,parlijoe,hamlet,26.8840486,57.6767294
233,Pärna,parna,hamlet,22.5236659,58.6986388
233,Pärna,parna,hamlet,26.7017629,59.4953526
233,Pärnamäe,parnamae,hamlet,24.8593883,59.5031638
233,Pärni,parni,hamlet,22.4057988,58.320955
233,Pärnselja,parnselja,hamlet,22.5890311,58.8282298
233,Pärnu-Jaagupi,parnu-jaagupi,village,24.5035928,58.6099697
233,Pärsama,parsama,hamlet,22.7514295,58.5034976
233,Pärsi,parsi,hamlet,25.5496087,58.1506435
233,Pässä,passa,hamlet,27.1650137,57.8596647
233,Pähkla,pahkla,hamlet,22.4705535,58.3073531
233,Pääväkese,paavakese,hamlet,27.4860817,57.9372683
233,Päädeva,paadeva,hamlet,24.4442734,58.9435249
233,Päelda,paelda,hamlet,23.2018558,58.6229459
233,Päärdu,paardu,hamlet,24.4105406,58.7706504
233,Pääsna,paasna,hamlet,27.2817877,58.0106516
233,Pöitse,poitse,hamlet,22.4914854,58.5279576
233,Pöögle,poogle,hamlet,25.4692072,58.1240792
233,Pööra,poora,hamlet,26.2714617,58.6486711
233,Pööravere,pooravere,hamlet,24.6195305,58.6752695
233,Pööritsa,pooritsa,hamlet,26.296035,58.241303
233,Raavitsa,raavitsa,hamlet,26.1327068,57.790118
233,Raagi,raagi,hamlet,27.0506303,57.6450894
233,Raadama,raadama,hamlet,27.4213785,58.1346756
233,Raadi,raadi,hamlet,27.3049935,57.7698069
233,Raadivere,raadivere,hamlet,26.5562465,58.6745303
233,Raadna,raadna,hamlet,27.0786221,58.9855397
233,Raaduvere,raaduvere,hamlet,26.4585804,58.7995181
233,Raamatu,raamatu,hamlet,25.0734104,58.0796731
233,Raanitsa,raanitsa,hamlet,26.7020232,58.1881612
233,Raatvere,raatvere,hamlet,27.0587189,58.7396916
233,Rabavere,rabavere,hamlet,24.0007097,58.5839542
233,Rabaküla,rabakula,hamlet,24.6686669,58.2615621
233,Rabasaare,rabasaare,hamlet,25.8048459,59.2818606
233,Rava,rava,hamlet,25.2852809,59.0988896
233,Rava,rava,hamlet,25.8454849,59.1264529
233,Raveliku,raveliku,hamlet,25.2473009,59.1741109
233,Ravila,ravila,village,25.2217974,59.1838188
233,Rasivere,rasivere,hamlet,26.6805904,59.1606144
233,Rasivere,rasivere,hamlet,25.3711209,59.2169704
233,Raigastvere,raigastvere,hamlet,26.651954,58.5835465
233,Raigaste,raigaste,hamlet,26.2446031,58.1255594
233,Raigla,raigla,hamlet,27.5087666,58.1082003
233,Raigu,raigu,hamlet,26.1160334,59.0697913
233,Raikküla,raikkula,hamlet,24.747804,58.9353363
233,Raiste,raiste,hamlet,26.9595551,57.9091555
233,Raka,raka,hamlet,24.6825377,59.0657263
233,Raka,raka,hamlet,25.820802,59.1818781
233,Rame,rame,hamlet,23.5931335,58.5758428
233,Ramma,ramma,hamlet,26.0269137,59.0338945
233,Rammu,rammu,hamlet,25.2182168,59.571495
233,Rammuka,rammuka,hamlet,23.9204682,58.3804954
233,Rampe,rampe,hamlet,26.2263196,57.8685253
233,Rangu,rangu,hamlet,24.4046864,58.9254836
233,Suur-Randvere,suur-randvere,hamlet,22.4061277,58.3049334
233,Randvere,randvere,hamlet,22.9974131,58.3802294
233,Randvere,randvere,hamlet,24.9066505,59.5049058
233,Randivälja,randivalja,hamlet,24.7986905,58.4618492
233,Randküla,randkula,hamlet,22.8596824,58.6081737
233,Rannajõe,rannajoe,hamlet,23.7881399,58.8192367
233,Rannaküla,rannakula,hamlet,26.1055429,58.1763719
233,Rannaküla,rannakula,hamlet,22.8184445,58.2707999
233,Laevaranna,laevaranna,hamlet,22.938962,58.3808688
233,Rannaküla,rannakula,hamlet,23.7037836,58.4239679
233,Vaigu-Rannaküla,vaigu-rannakula,hamlet,22.0272346,58.4824792
233,Kirderanna,kirderanna,hamlet,22.873977,58.6158947
233,Rannaküla,rannakula,hamlet,23.1445042,58.6504077
233,Rooglaiu,rooglaiu,hamlet,23.5175898,58.6893772
233,Rannaküla,rannakula,hamlet,22.5647405,58.6927026
233,Rannametsa,rannametsa,hamlet,24.4963594,58.1271912
233,Rannapungerja,rannapungerja,hamlet,27.170237,58.985903
233,Ranniku,ranniku,hamlet,23.9333591,58.338099
233,Rannu,rannu,hamlet,26.8427259,59.4385726
233,Ransi,ransi,hamlet,26.0547007,57.9236398
233,Raotu,raotu,hamlet,27.3743939,57.7584218
233,Rasva,rasva,hamlet,26.9854678,57.7479331
233,Rassi,rassi,hamlet,25.3553473,58.6388907
233,Rassiku,rassiku,hamlet,26.7440161,58.8507103
233,Rassiotsa,rassiotsa,hamlet,24.5061502,58.9049137
233,Rastla,rastla,hamlet,26.2923647,59.0997675
233,Ratva,ratva,hamlet,27.2289967,59.2605024
233,Ratla,ratla,hamlet,22.8285039,58.4841017
233,Raugu,raugu,hamlet,22.809604,58.6060835
233,Raudvere,raudvere,hamlet,26.4811157,59.343223
233,Raudla,raudla,hamlet,25.7148512,59.2271697
233,Raudlepa,raudlepa,hamlet,26.5069299,59.3596129
233,Raudoja,raudoja,hamlet,25.4366566,59.3824021
233,Raudsepa,raudsepa,hamlet,26.6979659,57.6412013
233,Raudsepa,raudsepa,hamlet,27.0072965,57.7987827
233,Raudsepa,raudsepa,hamlet,26.4548134,57.9963403
233,Raudsepä,raudsepa,hamlet,26.8679538,57.747293
233,Raukla,raukla,hamlet,25.523816,58.7775961
233,Rauksi,rauksi,hamlet,23.8732865,58.4962469
233,Rausvere,rausvere,hamlet,27.4949854,59.3040307
233,Rauskapalu,rauskapalu,hamlet,26.6602388,57.8929072
233,Rahivere,rahivere,hamlet,26.7224519,58.6752663
233,Rahkama,rahkama,hamlet,24.7205088,58.74112
233,Rahkla,rahkla,hamlet,26.5273293,59.1127491
233,Rahkla,rahkla,hamlet,26.5848971,59.3620056
233,Rahniku,rahniku,hamlet,22.7993677,58.2984542
233,Rahnoja,rahnoja,hamlet,24.9834121,58.552301
233,Rahtla,rahtla,hamlet,22.1675011,58.4599746
233,Rahu,rahu,hamlet,22.8078083,58.4235306
233,Rahumäe,rahumae,hamlet,27.4158532,58.0651833
233,Rahuste,rahuste,hamlet,22.1239707,58.073764
233,Rae,rae,hamlet,25.2737221,58.7022126
233,Rae,rae,hamlet,24.8592671,59.3868125
233,Raegma,raegma,hamlet,23.2940103,58.5723218
233,Raeküla,raekula,hamlet,26.3359888,59.1688707
233,Raela,raela,hamlet,24.7661536,58.9521492
233,Raespa,raespa,hamlet,23.8125086,58.3490676
233,Raja,raja,hamlet,25.462337,58.157979
233,Rajaküla,rajakula,hamlet,26.5879829,59.110888
233,Rajaküla,rajakula,hamlet,27.3283357,59.2352767
233,Reastvere,reastvere,hamlet,26.5128672,58.8938002
233,Rebase,rebase,hamlet,25.6959274,58.3124252
233,Rebasemõisa,rebasemoisa,hamlet,26.4423508,57.7292145
233,Rebasmäe,rebasmae,hamlet,27.4260701,57.9481298
233,Rebaste,rebaste,hamlet,26.6177625,57.9493412
233,Rebaste,rebaste,hamlet,26.1695983,58.0742254
233,Rebaste,rebaste,hamlet,25.8724488,58.4328914
233,Rebu,rebu,hamlet,27.0434328,59.2848014
233,Rebäse,rebase,hamlet,26.992289,57.7178702
233,Rebäsemõisa,rebasemoisa,hamlet,26.9283133,57.6778007
233,Reigi,reigi,hamlet,22.5263702,59.0016389
233,Reikama,reikama,hamlet,22.8902522,58.9384993
233,Reina,reina,hamlet,23.0877634,58.5316547
233,Reinevere,reinevere,hamlet,25.9461773,59.170226
233,Reinu,reinu,hamlet,24.7423358,58.0334017
233,Reinu,reinu,hamlet,26.7753348,58.5636247
233,Reinumurru,reinumurru,hamlet,24.9737315,58.6088776
233,Reiu,reiu,hamlet,24.5988445,58.3165691
233,Reo,reo,hamlet,22.6421687,58.3256201
233,Reolasoo,reolasoo,hamlet,26.7451905,58.2566991
233,Reonda,reonda,hamlet,24.9402963,58.7402571
233,Reopalu,reopalu,hamlet,25.5082918,58.8744093
233,Resto,resto,hamlet,27.0324616,57.7507304
233,Restu,restu,hamlet,26.3690097,57.9538491
233,Reti,reti,hamlet,25.8733189,58.1256525
233,Rehatse,rehatse,hamlet,25.4403643,59.4144946
233,Rehemetsa,rehemetsa,hamlet,27.1906281,58.4834198
233,Rehemäe,rehemae,hamlet,24.107618,59.0064887
233,Reheselja,reheselja,hamlet,22.5237272,58.7067812
233,Reeküla,reekula,hamlet,22.6835417,58.3922185
233,Ridase,ridase,hamlet,23.667719,58.6240427
233,Ridaküla,ridakula,hamlet,26.4354044,58.3510619
233,Ridaküla,ridakula,hamlet,25.9309126,58.3805518
233,Ridaküla,ridakula,hamlet,24.8360103,59.0162099
233,Ridaküla,ridakula,hamlet,25.9985149,59.3064927
233,Ridala,ridala,hamlet,23.0438973,58.4503598
233,Ridalepa,ridalepa,hamlet,24.3556341,58.45814
233,Risu-Suurküla,risu-suurkula,hamlet,24.5372526,59.0162943
233,Riiassaare,riiassaare,hamlet,25.6677337,58.4864834
233,Riiviku,riiviku,hamlet,26.6115411,58.1681798
233,Riidaku,riidaku,hamlet,24.5585564,58.9430172
233,Riidaküla,riidakula,hamlet,22.5800118,58.7125569
233,Riidamäe,riidamae,hamlet,25.2270918,59.1215289
233,Riidma,riidma,hamlet,27.1883539,58.5895388
233,Riitsilla,riitsilla,hamlet,26.7822094,57.726706
233,Riihora,riihora,hamlet,27.5293746,57.92485
233,Rikassaare,rikassaare,hamlet,25.5386614,58.8058615
233,Riksu,riksu,hamlet,22.0713718,58.1987755
233,Rimmi,rimmi,hamlet,26.6216215,57.7888698
233,Rimmu,rimmu,hamlet,25.4049276,58.2708485
233,Ringiste,ringiste,hamlet,26.3115592,57.7313066
233,Ringuta,ringuta,hamlet,24.483571,58.9332299
233,Rinsi,rinsi,hamlet,23.1806606,58.6201332
233,Ristemäe,ristemae,hamlet,26.8470121,57.6660831
233,Risti,risti,hamlet,22.6468214,59.0124603
233,Ristivälja,ristivalja,hamlet,22.7631653,58.8581289
233,Ristiküla,ristikula,hamlet,24.7750683,58.1805692
233,Ristiküla,ristikula,hamlet,26.5749894,59.1850001
233,Ristipalo,ristipalo,hamlet,27.4895523,58.0879809
233,Risttee,risttee,hamlet,26.4128082,57.9554519
233,Ritsiko,ritsiko,hamlet,27.2902367,57.5982501
233,Rihkama,rihkama,hamlet,25.4537933,58.3526123
233,Rokina,rokina,hamlet,27.4158644,57.7909954
233,Ronivere,ronivere,hamlet,26.6734853,58.737108
233,Ronisoo,ronisoo,hamlet,27.0933528,58.6403588
233,Roobaka,roobaka,hamlet,22.7834267,58.5571189
233,Roobe,roobe,hamlet,25.9484013,57.9747894
233,Roobi,roobi,hamlet,26.8598851,57.6728096
233,Roobuka,roobuka,hamlet,24.6764416,59.2249334
233,Roovere,roovere,hamlet,25.3297501,58.8790231
233,Roodi,roodi,hamlet,24.413966,58.631028
233,Roodu,roodu,hamlet,27.1827252,59.3641457
233,Roosiku,roosiku,hamlet,26.7072781,57.7420297
233,Roosisaare,roosisaare,hamlet,26.9584125,57.8426506
233,Rookse,rookse,hamlet,27.0149789,58.2436579
233,Rooküla,rookula,hamlet,25.3035793,59.261316
233,Roosilla,roosilla,hamlet,25.8919131,58.15493
233,Roosna,roosna,hamlet,25.9320402,59.1348198
233,Roostoja,roostoja,hamlet,27.1243024,59.0642735
233,Rootsi,rootsi,hamlet,22.5056726,58.9975834
233,Rootsi,rootsi,hamlet,24.7460473,59.1478747
233,Rootsiküla,rootsikula,hamlet,23.9822329,58.111311
233,Rootsiküla,rootsikula,hamlet,22.0194101,58.3529386
233,Rootsiküla,rootsikula,hamlet,27.1809404,58.6225398
233,Rohe,rohe,hamlet,26.3820457,58.8162836
233,Rohense,rohense,hamlet,23.6186579,58.9277858
233,Rohu,rohu,hamlet,26.4716274,59.0987745
233,Rohusi,rohusi,hamlet,25.312098,59.5220265
233,Rohuneeme,rohuneeme,hamlet,24.8018833,59.5609416
233,Roela,roela,village,26.5926025,59.1667378
233,Rusa,rusa,hamlet,27.0482644,57.624231
233,Rusima,rusima,hamlet,27.2569361,57.8704681
233,Ruila,ruila,hamlet,24.4377761,59.1881329
233,Rukkiküla,rukkikula,hamlet,24.5480384,58.7138306
233,Rumba,rumba,hamlet,24.1503202,58.7363242
233,Rummi,rummi,hamlet,26.7142293,57.9049789
233,Rummu,rummu,hamlet,23.7062114,58.919073
233,Rummu,rummu,hamlet,25.317446,59.4456963
233,Rumpo,rumpo,hamlet,23.2666076,58.9739425
233,Rupsi,rupsi,hamlet,27.130672,58.5706265
233,Ruskavere,ruskavere,hamlet,26.8687916,58.7505366
233,Russalu,russalu,hamlet,24.3594181,59.0208462
233,Rutikvere,rutikvere,hamlet,25.9525509,58.7882731
233,Rutja,rutja,hamlet,26.377742,59.5427378
233,Ruu,ruu,hamlet,25.2124439,59.4521486
233,Ruudiküla,ruudikula,hamlet,25.760141,58.3445274
233,Ruusa,ruusa,hamlet,27.2873973,58.0455283
233,Ruuksu,ruuksu,hamlet,26.8564771,57.713169
233,Ruuna,ruuna,hamlet,26.2272136,58.0431595
233,Ruutsi,ruutsi,hamlet,27.4059029,57.7422027
233,Ruhve,ruhve,hamlet,23.0266453,58.374625
233,Ruhingu,ruhingu,hamlet,26.6386478,57.9154707
233,Rõka,roka,hamlet,27.2954677,58.2485813
233,Rõmeda,romeda,hamlet,26.0488744,59.4490637
233,Rõsna,rosna,hamlet,27.5938267,58.0009551
233,Rõssa,rossa,hamlet,27.4759345,57.9152763
233,Rõstla,rostla,hamlet,25.8152053,58.6323605
233,Rõude,roude,hamlet,23.9146826,58.7716172
233,Rõusa,rousa,hamlet,25.1131627,58.6685338
233,Rõuma,rouma,hamlet,24.0559774,58.9873322
233,Rõue,roue,hamlet,24.9159734,58.8913875
233,Rõhu,rohu,hamlet,26.0901019,58.91139
233,Rõõsa,roosa,hamlet,25.296331,59.1369851
233,Rünga,runga,hamlet,26.5166887,59.1624299
233,Rütavere,rutavere,hamlet,24.6991988,58.4452077
233,Räbi,rabi,hamlet,26.4529887,58.1112361
233,Rägavere,ragavere,hamlet,25.795618,59.2396552
233,Rägavere,ragavere,hamlet,26.4957092,59.322897
233,Rädi,radi,hamlet,23.7744006,58.3776606
233,Räimaste,raimaste,hamlet,22.7509668,58.329755
233,Räitsvere,raitsvere,hamlet,26.2288745,59.0089595
233,Rälby,ralby,hamlet,23.2834287,59.0148433
233,Räni,rani,village,26.6627418,58.3501268
233,Räpo,rapo,hamlet,27.1050336,57.7935403
233,Räsna,rasna,hamlet,25.8107263,58.6817125
233,Räsna,rasna,hamlet,25.8802356,59.2048932
233,Rässa,rassa,hamlet,23.3434937,58.5431487
233,Rätla,ratla,hamlet,25.2055718,59.3180699
233,Rätsepa,ratsepa,hamlet,24.9409485,58.4874827
233,Rätsepa,ratsepa,hamlet,25.0316543,58.634169
233,Rääbise,raabise,hamlet,26.6594592,58.7755428
233,Räägi,raagi,hamlet,22.732215,58.4610129
233,Räägu,raagu,hamlet,25.1739546,58.1469636
233,Räägu,raagu,hamlet,24.559727,58.4730061
233,Rääsa,raasa,hamlet,27.0870943,59.2726361
233,Rääsolaane,raasolaane,hamlet,27.5239928,58.0102295
233,Rääptsova,raaptsova,hamlet,27.7124826,57.8595914
233,Rääski,raaski,hamlet,24.3959921,58.7298705
233,Röa,roa,hamlet,25.5048673,58.8991472
233,Röösa,roosa,hamlet,22.9365493,58.4121776
233,Saxby,saxby,hamlet,23.1444213,59.0220078
233,Saabolda,saabolda,hamlet,27.7699909,57.8819599
233,Saagri,saagri,hamlet,27.3120115,57.6467309
233,Saagri,saagri,hamlet,27.1059388,57.7144323
233,Saagrimäe,saagrimae,hamlet,27.3085857,57.6150376
233,Saadjärve,saadjarve,hamlet,26.6811888,58.5409822
233,Saanika,saanika,hamlet,23.6416806,58.8786978
233,Saara,saara,hamlet,26.5965802,59.1450011
233,Saarde,saarde,hamlet,27.3513841,57.6970037
233,Saarde,saarde,hamlet,24.9640986,58.1389157
233,Saardu,saardu,hamlet,23.6059039,58.7937451
233,Saare,saare,hamlet,23.8378848,58.370041
233,Saare,saare,hamlet,27.5279889,58.3737954
233,Saare,saare,hamlet,26.2578038,58.3823276
233,Saareküla,saarekula,hamlet,27.3377282,58.1156978
233,Saareküla,saarekula,hamlet,23.1070415,58.4316151
233,Saaremaa,saaremaa,hamlet,27.1398754,57.8010964
233,Saaremetsa,saaremetsa,hamlet,23.1284421,58.4476249
233,Saarepõllu,saarepollu,hamlet,24.9520395,58.7680781
233,Saari,saari,hamlet,24.3948881,58.4828305
233,Saarlasõ,saarlaso,hamlet,26.889601,57.691184
233,Saarnakõrve,saarnakorve,hamlet,25.3890767,59.0471122
233,Saarjärve,saarjarve,hamlet,26.7631722,58.6630305
233,Saastna,saastna,hamlet,23.5636014,58.7251473
233,Saate,saate,hamlet,25.422512,58.0427397
233,Saburi,saburi,hamlet,27.1238676,58.5521505
233,Sava,sava,hamlet,26.9693025,58.3900363
233,Savalduma,savalduma,hamlet,26.0562391,59.1673673
233,Savastvere,savastvere,hamlet,27.0618667,58.6124607
233,Saviaugu,saviaugu,hamlet,25.6945424,58.6245268
233,Savikoja,savikoja,hamlet,26.8711421,58.3950959
233,Savilöövi,saviloovi,hamlet,26.6756874,57.755811
233,Savimetsa,savimetsa,hamlet,27.1857548,58.5634849
233,Savimäe,savimae,hamlet,27.3149505,57.5987103
233,Savimäe,savimae,hamlet,27.3195992,58.2053752
233,Savioru,savioru,hamlet,26.9592069,57.6553419
233,Savioja,savioja,hamlet,27.1739698,57.6331398
233,Savioja,savioja,hamlet,27.3444948,57.7596776
233,Savka,savka,hamlet,27.175278,58.5482573
233,Sagariste,sagariste,hamlet,22.7414642,58.379384
233,Sagevere,sagevere,hamlet,25.5815046,58.6418849
233,Sadala,sadala,hamlet,24.9131779,59.117232
233,Saduküla,sadukula,hamlet,26.290412,58.6745263
233,Saia,saia,hamlet,22.455327,58.3326024
233,Saiakopli,saiakopli,hamlet,26.0680032,59.2166104
233,Misso-Saika,misso-saika,hamlet,27.3096119,57.6599749
233,Saika,saika,hamlet,27.1170237,57.7311698
233,Saikla,saikla,hamlet,23.0107922,58.5334193
233,Saka,saka,hamlet,27.2231574,59.428181
233,Saki,saki,hamlet,26.8270853,57.6576434
233,Sakla,sakla,hamlet,22.8582866,58.3618681
233,Sakla,sakla,hamlet,22.8362389,58.9543459
233,Saksa,saksa,hamlet,24.8791624,58.9456845
233,Saksaküla,saksakula,hamlet,25.3765194,58.2564699
233,Saksi,saksi,hamlet,26.1018315,59.2511251
233,Sakudi,sakudi,hamlet,27.2797111,57.5496325
233,Sakurgi,sakurgi,hamlet,26.529345,57.6172046
233,Sakussaare,sakussaare,hamlet,25.9906552,59.4772565
233,Salavere,salavere,hamlet,22.6535029,58.3620376
233,Salajõe,salajoe,hamlet,23.6566667,59.0195648
233,Salaküla,salakula,hamlet,26.9353267,59.3454789
233,Salatse,salatse,hamlet,26.1603966,59.4811338
233,Salda,salda,hamlet,26.0783334,59.2790922
233,Salavere,salavere,hamlet,24.2006456,58.5644972
233,Salinõmme,salinomme,hamlet,22.9368934,58.8375203
233,Salla,salla,hamlet,26.3744679,58.9572432
233,Salmistu,salmistu,hamlet,25.3802798,59.4875864
233,Salu,salu,hamlet,22.9004613,58.5131819
233,Salu,salu,hamlet,26.7174643,58.5296276
233,Salu,salu,hamlet,24.5772071,58.6682777
233,Salu,salu,hamlet,25.0709847,59.2657125
233,Salumetsa,salumetsa,hamlet,25.276984,59.3447655
233,Salumäe,salumae,hamlet,25.2137502,59.3698856
233,Saluora,saluora,hamlet,26.9956157,57.6579916
233,Salutaguse,salutaguse,hamlet,25.9388484,58.9919039
233,Salutaguse,salutaguse,hamlet,26.5676876,59.0498815
233,Salutaguse,salutaguse,hamlet,24.8157775,59.1640494
233,Samarina,samarina,hamlet,27.8054358,57.8878304
233,Sambu,sambu,hamlet,25.216696,59.3858628
233,Samliku,samliku,hamlet,25.2707598,58.6924146
233,Samma,samma,hamlet,26.6897325,59.4032583
233,Sangla,sangla,hamlet,26.1969609,58.3230844
233,Sandi,sandi,hamlet,27.2296835,57.6665993
233,Sandisuu,sandisuu,hamlet,26.9324493,57.738618
233,Sandla,sandla,hamlet,22.8203569,58.3025593
233,Santovi,santovi,hamlet,26.0493794,58.959972
233,Sapi,sapi,hamlet,27.3058365,57.6676689
233,Sarakuste,sarakuste,hamlet,26.9524205,58.3635057
233,Sarapuu,sarapuu,hamlet,26.3954446,57.9073449
233,Sarve,sarve,hamlet,23.0681854,58.8373806
233,Sarvemäe,sarvemae,hamlet,27.255451,57.9926042
233,Sargvere,sargvere,hamlet,25.7144286,58.8891355
233,Sarise,sarise,hamlet,27.0705137,57.6187593
233,Saru,saru,hamlet,26.5316576,57.605328
233,Sarja,sarja,hamlet,25.2355698,58.1593514
233,Sassi,sassi,hamlet,26.465343,58.1723849
233,Sassukvere,sassukvere,hamlet,27.1065704,58.7119317
233,Satsu,satsu,hamlet,26.8515727,59.3748726
233,Sauaru,sauaru,hamlet,22.6878706,58.3151098
233,Sauvere,sauvere,hamlet,22.328913,58.3834401
233,Sauga,sauga,village,24.497616,58.4260576
233,Saukse,saukse,hamlet,26.2354948,59.3319707
233,Saula,saula,hamlet,25.0330774,59.2041407
233,Saulepa,saulepa,hamlet,24.2803463,58.3612925
233,Saulepi,saulepi,hamlet,23.7863644,58.3506334
233,Saunaküla,saunakula,hamlet,24.8082629,58.9624395
233,Saunametsa,saunametsa,hamlet,24.8740445,58.2631022
233,Saunja,saunja,hamlet,23.6800752,58.9753561
233,Saunja,saunja,hamlet,25.3119896,59.4242231
233,Sauste,sauste,hamlet,26.1754721,59.4402804
233,Sausti,sausti,hamlet,24.7845998,59.3143145
233,Saustinõmme,saustinomme,hamlet,24.7456225,59.3070718
233,Saue-Putla,saue-putla,hamlet,22.6183191,58.377163
233,Saueaugu,saueaugu,hamlet,25.3493879,58.9808843
233,Saha,saha,hamlet,25.0000023,59.4196683
233,Sahargu,sahargu,hamlet,27.0439228,59.0421488
233,Sae,sae,hamlet,25.2920794,59.1632645
233,Sae,sae,hamlet,26.6362653,59.2683066
233,Sviby,sviby,hamlet,23.3022463,58.984073
233,Seidla,seidla,hamlet,25.7017931,59.0985057
233,Seinapalu,seinapalu,hamlet,25.6290537,58.8575061
233,Seira,seira,hamlet,24.0071924,58.712248
233,Selgase,selgase,hamlet,22.1889773,58.4324057
233,Selgise,selgise,hamlet,26.9823769,58.5696908
233,Seli,seli,hamlet,24.8208648,59.097621
233,Seli,seli,hamlet,25.0018337,59.3364119
233,Seli-Nurme,seli-nurme,hamlet,24.731657,59.0606203
233,Selise,selise,hamlet,27.5246354,57.9638949
233,Seliküla,selikula,hamlet,25.8301188,59.0795512
233,Seliste,seliste,hamlet,24.0754506,58.2849552
233,Selja,selja,hamlet,23.7590477,58.4020962
233,Selja,selja,hamlet,22.6876936,58.4676336
233,Selja,selja,hamlet,24.8181683,58.5182035
233,Emmaste-Selja,emmaste-selja,hamlet,22.5138625,58.7661696
233,Selja,selja,hamlet,22.7403657,58.8266069
233,Seljaküla,seljakula,hamlet,23.9145189,59.065054
233,Seljametsa,seljametsa,hamlet,24.6594011,58.3624752
233,Sepa,sepa,hamlet,22.4848985,58.3406521
233,Sepa,sepa,hamlet,26.5301025,58.5797927
233,Sepaküla,sepakula,hamlet,24.3963457,58.5852027
233,Sepaküla,sepakula,hamlet,23.4924489,58.885823
233,Separa,separa,hamlet,27.0314982,58.9679117
233,Sepaste,sepaste,hamlet,22.5168347,58.7210056
233,Sepise,sepise,hamlet,22.0122719,58.4519501
233,Servaääre,servaaare,hamlet,27.257569,59.3553233
233,Serga,serga,hamlet,27.4806311,57.7543041
233,Seretsüvä,seretsuva,hamlet,27.4806691,57.8049192
233,Seruküla,serukula,hamlet,25.2548707,58.3190074
233,Sesniki,sesniki,hamlet,27.728322,57.8975065
233,Siberi,siberi,hamlet,26.5534291,59.4737525
233,Sigala,sigala,hamlet,22.5327281,59.0105535
233,Siiksaare,siiksaare,hamlet,22.895122,58.3173331
233,Siimika,siimika,hamlet,24.1669693,59.1401
233,Siimusti,siimusti,village,26.3408462,58.7282153
233,Sika,sika,hamlet,26.975203,57.7247797
233,Sika,sika,hamlet,27.0632913,57.7927207
233,Sikakurmu,sikakurmu,hamlet,27.3149987,58.2319728
233,Sikalaanõ,sikalaano,hamlet,26.7962255,57.7489941
233,Sikana,sikana,hamlet,24.8976566,58.5752083
233,Sikassaare,sikassaare,hamlet,22.5053581,58.2742277
233,Sikeldi,sikeldi,hamlet,24.7313216,59.0296488
233,Siksälä,siksala,hamlet,27.2589469,57.5841985
233,Silla,silla,hamlet,24.6200451,58.3464018
233,Silla,silla,hamlet,22.260651,58.4445509
233,Silla,silla,hamlet,24.076279,58.8567957
233,Sillaotsa,sillaotsa,hamlet,25.5857693,58.9055015
233,Sillapää,sillapaa,hamlet,27.4545971,58.0887366
233,Silmsi,silmsi,hamlet,25.867184,58.8743115
233,Silmsi,silmsi,hamlet,25.3159936,59.1136687
233,Simiste,simiste,hamlet,23.3108055,58.5501336
233,Simmuli,simmuli,hamlet,26.8656736,57.7641199
233,Simula,simula,hamlet,27.0487928,57.7416585
233,Simunamäe,simunamae,hamlet,26.5865991,59.5132214
233,Sinalepa,sinalepa,hamlet,23.5878961,58.8159617
233,Singa,singa,hamlet,26.5620576,57.634518
233,Siniküla,sinikula,hamlet,26.3431943,58.5077641
233,Sinima,sinima,hamlet,22.5223295,58.7579072
233,Sipa,sipa,hamlet,24.3017304,58.915009
233,Sipe,sipe,hamlet,26.8214737,58.2435617
233,Sipelga,sipelga,hamlet,27.1962649,58.5268133
233,Sirvaku,sirvaku,hamlet,26.7906222,58.2156148
233,Sirvaste,sirvaste,hamlet,26.7130757,58.044369
233,Sirgova,sirgova,hamlet,27.4671864,57.7155314
233,Sirgu,sirgu,hamlet,26.9154346,58.3715049
233,Sirguvere,sirguvere,hamlet,26.7727278,58.7442534
233,Sirgumetsa,sirgumetsa,hamlet,26.997981,58.4139043
233,Sirevere,sirevere,hamlet,26.4686566,59.0555148
233,Sirtsi,sirtsi,hamlet,26.9084805,59.2746027
233,Soinaste,soinaste,hamlet,26.7021323,58.3339292
233,Soitsjärve,soitsjarve,hamlet,26.6904819,58.5457035
233,Sompa,sompa,hamlet,27.3345689,59.3589163
233,Sonni,sonni,hamlet,25.1637739,58.9077496
233,Soo-otsa,soo-otsa,hamlet,23.9475772,58.7722891
233,Sooaluse,sooaluse,hamlet,26.4771713,59.406369
233,Sooaluste,sooaluste,hamlet,24.8122169,58.9080354
233,Sooblase,sooblase,hamlet,26.3647739,57.6101604
233,Sooviku,sooviku,hamlet,25.9130686,58.2493633
233,Soodevahe,soodevahe,hamlet,22.0992208,57.9774414
233,Soodevahe,soodevahe,hamlet,24.8958453,59.4121588
233,Soodi,soodi,hamlet,27.0514644,57.7533602
233,Soodla,soodla,hamlet,25.3644684,59.3863055
233,Sookalda,sookalda,hamlet,23.8116693,58.5283606
233,Sookatse,sookatse,hamlet,23.8923519,58.6208082
233,Sookaera,sookaera,hamlet,24.7955605,59.2693566
233,Sookaera-Metsanurga,sookaera-metsanurga,hamlet,24.7625441,59.2674007
233,Sooküla,sookula,hamlet,27.1816138,57.8164528
233,Sooküla,sookula,hamlet,24.5688518,58.1250529
233,Soolu,soolu,hamlet,23.7362934,59.0434374
233,Soolätte,soolatte,hamlet,26.8433317,57.63085
233,Soome,soome,hamlet,26.5552425,57.7826609
233,Soomevere,soomevere,hamlet,26.5673692,58.7362552
233,Soometsa,soometsa,hamlet,24.5762723,58.1963527
233,Soomra,soomra,hamlet,24.12742,58.3826567
233,Sooniste,sooniste,hamlet,24.23241,58.9534184
233,Soonlepa,soonlepa,hamlet,23.0111212,58.8492801
233,Soontaga,soontaga,hamlet,26.0816007,58.0028254
233,Soonuka,soonuka,hamlet,26.6271749,59.1576658
233,Soonurme,soonurme,hamlet,26.9540955,59.3165388
233,Soorinna,soorinna,hamlet,25.4870485,59.4950361
233,Sooru,sooru,hamlet,26.1083255,57.8577824
233,Soosalu,soosalu,hamlet,24.6147588,58.5999027
233,Soosalu,soosalu,hamlet,24.196068,59.0141753
233,Soosalu,soosalu,hamlet,25.621782,59.1737022
233,Soosilla,soosilla,hamlet,26.5875444,58.3222998
233,Sootaga,sootaga,hamlet,26.705002,58.4955407
233,Sootaguse,sootaguse,hamlet,26.2905987,58.9513011
233,Sootaguse,sootaguse,hamlet,26.5010129,59.0337856
233,Sopimetsa,sopimetsa,hamlet,26.0055932,58.7765284
233,Sormuli,sormuli,hamlet,27.0194753,57.6264103
233,Sortsi,sortsi,hamlet,26.4504973,58.5924032
233,Sohlu,sohlu,hamlet,24.7910095,58.6727673
233,Soe,soe,hamlet,27.558525,57.9249338
233,Soeva,soeva,hamlet,24.1473903,58.4868599
233,Soekõrdsi,soekordsi,hamlet,26.9263892,57.7572041
233,Soeküla,soekula,hamlet,26.8131725,58.5149791
233,Soela,soela,hamlet,22.5798831,58.6182491
233,Soemõisa,soemoisa,hamlet,26.9320856,57.6708429
233,Soena,soena,hamlet,27.3876903,57.8421551
233,Soesaare,soesaare,hamlet,27.1070577,58.0562507
233,Sugalepa,sugalepa,hamlet,25.5974164,59.1564306
233,Sudaste,sudaste,hamlet,26.9553211,58.3374806
233,Sudemäe,sudemae,hamlet,27.0644218,58.6265466
233,Sudiste,sudiste,hamlet,25.6560599,58.1029535
233,Sudiste,sudiste,hamlet,26.6080207,58.6098757
233,Suigu,suigu,hamlet,26.7981089,59.1447276
233,Sulaoja,sulaoja,hamlet,26.7270365,58.1076169
233,Sulbi,sulbi,hamlet,27.4333985,57.7220983
233,Sulbi,sulbi,hamlet,26.7466995,57.9116244
233,Sulu,sulu,hamlet,26.567048,58.2082076
233,Sulu,sulu,hamlet,24.4997387,58.8238945
233,Sulupere,sulupere,hamlet,24.7721452,59.0039358
233,Sulustvere,sulustvere,hamlet,26.0959318,58.689185
233,Sundimetsa,sundimetsa,hamlet,23.0469199,58.523381
233,Supa,supa,hamlet,26.130297,57.8387421
233,Surva,surva,hamlet,25.8300465,58.4058547
233,Sutlema,sutlema,hamlet,24.6483465,59.17487
233,Sutte,sutte,hamlet,27.2568938,57.8138208
233,Sutu,sutu,hamlet,22.731564,58.2831896
233,Suuga,suuga,hamlet,25.6366271,58.2033818
233,Suur-Nõmmküla,suur-nommkula,hamlet,23.6193057,59.0738336
233,Suur-Pahila,suur-pahila,hamlet,22.8472271,58.5613946
233,Suur-Rahula,suur-rahula,hamlet,22.9950065,58.5412393
233,Suure-Ahli,suure-ahli,hamlet,23.5309564,58.8616318
233,Suure-Veerksu,suure-veerksu,hamlet,27.467333,58.038715
233,Suure-Kambja,suure-kambja,hamlet,26.71299,58.221325
233,Suure-Lähtru,suure-lahtru,hamlet,23.8440665,58.884539
233,Suure-Rakke,suure-rakke,hamlet,26.1817656,58.3522511
233,Suure-Rakke,suure-rakke,hamlet,26.2626753,58.9867233
233,Suure-Rootsi,suure-rootsi,hamlet,22.7269444,58.2281706
233,Suurekivi,suurekivi,hamlet,25.2273408,58.9780289
233,Suuremetsa,suuremetsa,hamlet,27.3475881,57.8606524
233,Suuremõisa,suuremoisa,hamlet,23.1915194,58.9903093
233,Suurepsi,suurepsi,hamlet,22.186445,58.9241198
233,Suureranna,suureranna,hamlet,22.2956409,58.8990262
233,Suuresadama,suuresadama,hamlet,22.9081555,58.9753851
233,Suuresta,suuresta,hamlet,24.9706588,59.300674
233,Suurküla,suurkula,hamlet,27.0003275,57.9397972
233,Suurküla,suurkula,hamlet,24.5222294,58.8992096
233,Suurküla,suurkula,hamlet,24.1706356,59.2645022
233,Suurmetsa,suurmetsa,hamlet,27.2729559,58.1275387
233,Suurna,suurna,hamlet,22.2190683,58.1796649
233,Suurpalu,suurpalu,hamlet,25.7448785,58.8985944
233,Suursoo,suursoo,hamlet,25.0756036,59.2951849
233,Suurupi,suurupi,hamlet,24.3903568,59.4683068
233,Suurõsuu,suurosuu,hamlet,27.2477193,57.575297
233,Sõgula,sogula,hamlet,24.8936617,59.2699834
233,Sõitme,soitme,hamlet,25.4578519,59.4826113
233,Sõmera,somera,hamlet,22.210147,58.3038711
233,Sõmerpalu,somerpalu,hamlet,26.8233052,57.8672624
233,Sõmeru,someru,hamlet,24.4109699,58.8481475
233,Sõmeru,someru,hamlet,25.6020394,59.0187528
233,Sõmeru,someru,hamlet,25.2475608,59.1604554
233,Sõmeru,someru,hamlet,24.8941402,59.2477569
233,Sõmeru,someru,village,26.4311034,59.360401
233,Sõrandu,sorandu,hamlet,25.8492098,58.8557467
233,Sõrve,sorve,hamlet,24.4609325,59.4253269
233,Sõreste,soreste,hamlet,26.9176112,57.983726
233,Sõru,soru,hamlet,22.5084731,58.701197
233,Sõrumäe,sorumae,hamlet,27.3503794,59.1595022
233,Sõtke,sotke,hamlet,24.3934148,58.8931648
233,Sõtke,sotke,hamlet,27.7491911,59.3806093
233,Sõõrike,soorike,hamlet,24.347047,58.6475274
233,Sõõru,sooru,hamlet,26.9118176,58.6451338
233,Süvalepa,suvalepa,hamlet,26.658216,58.6876044
233,Süvahavva,suvahavva,hamlet,27.2243594,57.9881518
233,Sülgoja,sulgoja,hamlet,27.4861089,58.0692349
233,Sülluste,sulluste,hamlet,22.5169482,58.8967156
233,Säkna,sakna,hamlet,27.2768549,58.1506863
233,Sälliksaare,salliksaare,hamlet,26.8720534,58.9721222
233,Sälliku,salliku,hamlet,27.2848364,59.0485546
233,Sämi,sami,hamlet,26.5961235,59.3800593
233,Sämi-Tagaküla,sami-tagakula,hamlet,26.6312537,59.3841763
233,Sänna,sanna,hamlet,26.7839037,57.7446381
233,Särgla,sargla,hamlet,26.9180867,58.5856514
233,Säre,sare,hamlet,26.6126694,57.8257634
233,Sätsuvere,satsuvere,hamlet,26.6245397,58.7933119
233,Sääsekõrva,saasekorva,hamlet,26.9481159,58.3811529
233,Sääla,saala,hamlet,24.3341993,58.7169718
233,Sääre,saare,hamlet,24.0028808,58.1525646
233,Sääre,saare,hamlet,22.9158829,58.9641245
233,Sääritsa,saaritsa,hamlet,27.0739614,58.7495073
233,Sääsküla,saaskula,hamlet,26.9569825,58.4104557
233,Sääsküla,saaskula,hamlet,25.233812,59.1068625
233,Sääsküla,saaskula,hamlet,25.7035659,59.1629777
233,Säässaare,saassaare,hamlet,27.1609007,58.1566237
233,Säästla,saastla,hamlet,25.090414,58.6429817
233,Söderby,soderby,hamlet,23.3503847,59.0040531
233,Söödi,soodi,hamlet,27.0507001,57.601737
233,Taabri,taabri,hamlet,26.9560995,58.4672549
233,Taadikvere,taadikvere,hamlet,25.7238744,58.7166899
233,Taali,taali,hamlet,24.7706328,58.4482816
233,Taaliku,taaliku,hamlet,22.946541,58.5933242
233,Taaravainu,taaravainu,hamlet,26.3333031,59.3357656
233,Taari,taari,hamlet,25.6674226,58.4083062
233,Tabara,tabara,hamlet,24.2267368,59.1134106
233,Taberlaane,taberlaane,hamlet,26.5171162,57.8469299
233,Tabina,tabina,hamlet,27.3086067,57.8143786
233,Tabria,tabria,hamlet,24.6726305,58.5658628
233,Taga-Roostoja,taga-roostoja,hamlet,27.1640251,59.0943841
233,Tagavere,tagavere,hamlet,22.8791483,58.5126352
233,Tagavere,tagavere,hamlet,23.793678,58.9798577
233,Tagadi,tagadi,hamlet,24.7508849,59.2285368
233,Tagajõe,tagajoe,hamlet,27.0663853,59.0635508
233,Tagakolga,tagakolga,hamlet,26.7688956,57.5860492
233,Tagaküla,tagakula,hamlet,26.9209384,57.9043068
233,Tagametsa,tagametsa,hamlet,24.5163885,59.2119844
233,Tagamõisa,tagamoisa,hamlet,25.8062241,58.1643501
233,Tagamõisa,tagamoisa,hamlet,22.0104743,58.4650644
233,Taganurga,taganurga,hamlet,25.9622765,58.5530998
233,Tagaranna,tagaranna,hamlet,22.2145374,58.5416089
233,Tagassaare,tagassaare,hamlet,25.1769668,58.6200637
233,Taguküla,tagukula,hamlet,22.8534085,58.795864
233,Tagula,tagula,hamlet,26.3750727,57.8587082
233,Tagumaa,tagumaa,hamlet,27.0589389,58.6637435
233,Tade,tade,hamlet,25.0896091,59.1993301
233,Taikse,taikse,hamlet,25.4729619,58.771757
233,Talvikese,talvikese,hamlet,26.8067173,58.191352
233,Talila,talila,hamlet,23.1836572,58.5053811
233,Talka,talka,hamlet,27.4257191,57.8309095
233,Tallikeste,tallikeste,hamlet,27.3604716,57.7487168
233,Tallima,tallima,hamlet,26.9861072,57.7702413
233,Tamba,tamba,hamlet,23.7113449,58.4911892
233,Tamme,tamme,hamlet,27.3641669,57.8319208
233,Tamme,tamme,hamlet,26.1422273,58.2628244
233,Tamme,tamme,hamlet,24.229936,58.5936005
233,Tammevaldma,tammevaldma,hamlet,27.0077588,58.3311037
233,Tammese,tammese,hamlet,22.0126552,58.4274755
233,Tammeküla,tammekula,hamlet,25.7119908,58.7849897
233,Tammela,tammela,hamlet,22.8053455,58.8956924
233,Tammemäe,tammemae,hamlet,24.6723228,59.3182584
233,Tammessaare,tammessaare,hamlet,26.994126,59.0011699
233,Tammetaguse,tammetaguse,hamlet,27.3343063,59.1388465
233,Tammiku,tammiku,hamlet,26.3328734,58.6324522
233,Tammiku,tammiku,hamlet,23.8636762,58.7978179
233,Tammiku,tammiku,hamlet,23.6946845,58.9314826
233,Tammiku,tammiku,hamlet,25.8951136,58.9455731
233,Tammiku,tammiku,hamlet,26.6662698,59.1886338
233,Tammiku,tammiku,hamlet,24.9355156,59.2068211
233,Tammiku,tammiku,village,27.382389,59.3347592
233,Tammispää,tammispaa,hamlet,26.9973518,58.9244539
233,Tammiste,tammiste,hamlet,26.3290115,58.1932105
233,Tammiste,tammiste,hamlet,24.5965479,58.3821896
233,Tammistu,tammistu,hamlet,26.9258537,58.4425979
233,Tammistu,tammistu,hamlet,22.3676945,58.9001392
233,Tammistu,tammistu,hamlet,25.4971036,59.622902
233,Tammneeme,tammneeme,hamlet,24.887845,59.5320584
233,Tammsaare,tammsaare,hamlet,27.1950936,57.8460236
233,Tammuna,tammuna,hamlet,22.0038451,57.9556176
233,Tamsa,tamsa,hamlet,26.4903046,58.214221
233,Tamse,tamse,hamlet,23.1603442,58.6495355
233,Tamsi,tamsi,hamlet,25.7877364,58.8441976
233,Tamsi,tamsi,hamlet,25.0958992,59.0733345
233,Tanska,tanska,hamlet,23.4920504,58.8686065
233,Tapiku,tapiku,hamlet,26.1318196,58.790731
233,Tapupere,tapupere,hamlet,24.6902686,59.0226341
233,Tarakvere,tarakvere,hamlet,26.8377429,58.7919591
233,Tarakuse,tarakuse,hamlet,27.4242636,59.2579169
233,Tarbja,tarbja,hamlet,25.5958935,58.9311753
233,Tarva,tarva,hamlet,24.5033309,58.5638222
233,Tarva,tarva,hamlet,24.0337262,58.6227548
233,Tarvastu,tarvastu,hamlet,25.9223279,58.2359016
233,Tareste,tareste,hamlet,22.7580465,58.5260606
233,Tareste,tareste,hamlet,22.6949756,59.0112471
233,Taritu,taritu,hamlet,22.1043722,58.2067584
233,Taterma,taterma,hamlet,22.6191845,58.7998575
233,Tatra,tatra,hamlet,26.6812837,58.2476746
233,Taudsa,taudsa,hamlet,26.9556751,57.7454014
233,Taheva,taheva,hamlet,26.3398175,57.6310409
233,Tahkuna,tahkuna,hamlet,22.5990492,59.0685266
233,Tahkuranna,tahkuranna,hamlet,24.490805,58.2379937
233,Tahu,tahu,hamlet,23.5514615,58.9872351
233,Tahula,tahula,hamlet,22.5732957,58.3003731
233,Tealama,tealama,hamlet,26.730145,58.8342383
233,Tedre,tedre,hamlet,27.3848193,57.8252092
233,Teilma,teilma,hamlet,26.403679,58.3649728
233,Teilma,teilma,hamlet,26.6159992,58.764251
233,Telise,telise,hamlet,23.4453868,59.0559116
233,Tellaste,tellaste,hamlet,27.3592231,57.7820809
233,Tempa,tempa,hamlet,22.9157874,58.9207412
233,Tepelvälja,tepelvalja,hamlet,26.0736598,59.5580745
233,Tepia,tepia,hamlet,27.469537,57.755574
233,Terepi,terepi,hamlet,27.2597594,58.1869771
233,Terikeste,terikeste,hamlet,27.0969884,58.3019424
233,Tessova,tessova,hamlet,27.5204458,57.807375
233,Teterüvä,teteruva,hamlet,27.4412327,57.7294147
233,Tehumardi,tehumardi,hamlet,22.2443287,58.1890592
233,Teedla,teedla,hamlet,26.2717321,58.1909329
233,Teenuse,teenuse,hamlet,24.2175566,58.8236052
233,Tialasõ,tialaso,hamlet,26.9795553,57.6653126
233,Tiastõ,tiasto,hamlet,27.3300698,57.6513466
233,Tigase,tigase,hamlet,27.0016525,58.3520776
233,Tiduvere,tiduvere,hamlet,24.3015783,58.7887949
233,Tiigi,tiigi,hamlet,26.1908893,59.5395411
233,Tiido,tiido,hamlet,26.7642107,58.057349
233,Tiidu,tiidu,hamlet,26.9282423,57.7260701
233,Tiidu,tiidu,hamlet,26.2968277,57.9236925
233,Tiilige,tiilige,hamlet,27.3110802,57.6354689
233,Tiilima,tiilima,hamlet,23.9040562,58.5220053
233,Tiirimetsa,tiirimetsa,hamlet,22.1761817,58.169156
233,Tiirhanna,tiirhanna,hamlet,27.4969832,57.7800177
233,Tiitsa,tiitsa,hamlet,26.5282551,57.5748381
233,Tiitsuotsa,tiitsuotsa,hamlet,22.5857342,58.4901548
233,Tika,tika,hamlet,27.2676908,57.6461409
233,Tiklasõ,tiklaso,hamlet,27.5142166,57.7262823
233,Tila,tila,hamlet,26.7750933,58.4161037
233,Tilga,tilga,hamlet,26.2642616,58.1668453
233,Tilga,tilga,hamlet,22.626512,58.7084669
233,Tilgu,tilgu,hamlet,26.8992631,57.765647
233,Tilla,tilla,hamlet,25.2940016,58.2501998
233,Tindi,tindi,hamlet,26.9424108,57.7306078
233,Tinnikuru,tinnikuru,hamlet,25.800593,58.2194666
233,Tinu,tinu,hamlet,26.1820534,57.8384556
233,Tirbiku,tirbiku,hamlet,26.2004905,59.3568723
233,Tiri,tiri,hamlet,27.23524,57.8343301
233,Tiskre,tiskre,hamlet,24.5819254,59.4220357
233,Tiharu,tiharu,hamlet,22.233986,58.8868046
233,Tiheda,tiheda,hamlet,26.939209,58.8004676
233,Tobia,tobia,hamlet,26.3100752,59.3414528
233,Tobraselja,tobraselja,hamlet,25.6110911,58.4210851
233,Tobrova,tobrova,hamlet,27.4558859,57.777442
233,Toila,toila,village,27.5116834,59.4208737
233,Tokolopi,tokolopi,hamlet,26.0354443,59.3107087
233,Toku,toku,hamlet,26.4267956,57.8811285
233,Tolla,tolla,hamlet,25.0853501,59.0026842
233,Tolli,tolli,hamlet,24.3132175,58.8363508
233,Tonja,tonja,hamlet,27.6008136,57.9832072
233,Toovere,toovere,hamlet,26.5965166,58.7167949
233,Toodsi,toodsi,hamlet,27.3885781,57.6140739
233,Toodsi,toodsi,hamlet,26.980613,57.7311943
233,Toosi,toosi,hamlet,25.4892123,58.1763524
233,Toolamaa,toolamaa,hamlet,27.3804559,58.1036289
233,Toolamaa,toolamaa,hamlet,26.7478743,58.5348233
233,Toolse,toolse,hamlet,26.4554037,59.5293792
233,Toomalõuka,toomalouka,hamlet,22.1072532,58.1811787
233,Toomasmäe,toomasmae,hamlet,27.5305063,58.0320101
233,Toomika,toomika,hamlet,26.7381741,59.4185847
233,Toomla,toomla,hamlet,26.4159141,59.4376872
233,Toomja,toomja,hamlet,25.0860329,59.023536
233,Tooni,tooni,hamlet,27.5199208,58.3795193
233,Tooste,tooste,hamlet,27.4753308,58.1355496
233,Tootsi,tootsi,hamlet,27.1248635,57.7775514
233,Tori,tori,hamlet,25.4705435,58.8028983
233,Torila,torila,hamlet,27.1176925,58.6671855
233,Tormi,tormi,hamlet,26.5888323,58.5684152
233,Toruküla,torukula,hamlet,27.1520534,58.5942302
233,Tohvri,tohvri,hamlet,22.4970671,58.7142436
233,Tohera,tohera,hamlet,24.951704,58.5123217
233,Tohkri,tohkri,hamlet,27.1628401,57.7901405
233,Tohku,tohku,hamlet,21.9655312,58.4763873
233,Treiali,treiali,hamlet,27.3921921,57.7716584
233,Treimani,treimani,hamlet,24.3942678,57.9236064
233,Treski,treski,hamlet,27.5876623,57.9311865
233,Triginä,trigina,hamlet,27.526984,57.792689
233,Triigi,triigi,hamlet,22.7044286,58.5848625
233,Triigi,triigi,hamlet,25.2495291,59.0958513
233,Trolla,trolla,hamlet,27.0788364,57.7197995
233,Truuta,truuta,hamlet,26.5559254,57.9905923
233,Tsergondõ,tsergondo,hamlet,27.4679615,57.7758972
233,Tserebi,tserebi,hamlet,27.3671665,57.6639889
233,Tsiamäe,tsiamae,hamlet,27.0413981,57.7326238
233,Tsiiruli,tsiiruli,hamlet,27.052617,57.586475
233,Tsiistre,tsiistre,hamlet,27.1921378,57.658788
233,Tsilgutaja,tsilgutaja,hamlet,27.0632156,57.6161219
233,Tsirgu,tsirgu,hamlet,27.412076,57.7580602
233,Tsirguliina,tsirguliina,village,26.1947152,57.8639847
233,Tsirgumäe,tsirgumae,hamlet,26.3394041,57.60807
233,Tsirgupalu,tsirgupalu,hamlet,26.8324751,57.7964487
233,Tsirksi,tsirksi,hamlet,27.3395593,58.0246416
233,Tsitre,tsitre,hamlet,25.5073877,59.5166126
233,Tsolli,tsolli,hamlet,27.1615496,57.7126923
233,Tsolli,tsolli,hamlet,27.2372287,57.7592794
233,Tsumba,tsumba,hamlet,27.4748394,57.8236461
233,Tsutsu,tsutsu,hamlet,27.0087116,57.7580296
233,Tubala,tubala,hamlet,22.7666691,58.9526331
233,Tuderna,tuderna,hamlet,27.4140365,57.8436612
233,Tudre,tudre,hamlet,25.9247227,58.9753591
233,Tusari,tusari,hamlet,23.6513039,59.1906674
233,Tuimõisa,tuimoisa,hamlet,26.6022044,58.9040926
233,Tuiu,tuiu,hamlet,22.3718772,58.5006476
233,Tuka,tuka,hamlet,23.7235785,58.8089674
233,Tumala,tumala,hamlet,23.0378495,58.5392908
233,Tummelka,tummelka,hamlet,27.1229495,57.6746502
233,Tundu,tundu,hamlet,26.6395279,57.5883929
233,Tuplova,tuplova,hamlet,27.5004817,57.8266302
233,Turva,turva,hamlet,25.469012,58.2855155
233,Turvalepa,turvalepa,hamlet,23.8306108,58.9396094
233,Tursa,tursa,hamlet,26.5032355,57.5884078
233,Turja,turja,hamlet,22.9279341,58.3350292
233,Tusti,tusti,hamlet,25.7727581,58.4089021
233,Tusti,tusti,hamlet,23.3572082,58.5910561
233,Tuti,tuti,hamlet,24.7697655,58.9893362
233,Tutku,tutku,hamlet,22.7054167,58.4943024
233,Tuudi,tuudi,hamlet,23.7416454,58.6616385
233,Tuuka,tuuka,hamlet,27.1223911,57.6552852
233,Tuula,tuula,hamlet,24.4492686,59.2650353
233,Tuulavere,tuulavere,hamlet,26.7214007,58.7542838
233,Tuulevälja,tuulevalja,hamlet,24.957604,59.3882826
233,Tuulemäe,tuulemae,hamlet,26.8044734,58.0665778
233,Tuuliku,tuuliku,hamlet,24.7099502,57.9694536
233,Tuulna,tuulna,hamlet,24.2790649,59.3448411
233,Tuulova,tuulova,hamlet,27.5086574,57.7411997
233,Tuuraste,tuuraste,hamlet,24.2489917,58.3817365
233,Tuuru,tuuru,hamlet,23.5460079,58.8091597
233,Tuhala,tuhala,hamlet,24.9803603,59.2259497
233,Tuhu,tuhu,hamlet,23.8481603,58.5980526
233,Tõdu,todu,hamlet,26.8840694,58.1246992
233,Tõivere,toivere,hamlet,26.071954,58.8131289
233,Tõikvere,toikvere,hamlet,26.6615981,58.8009673
233,Tõitse,toitse,hamlet,23.8989094,58.6078248
233,Tõlli,tolli,hamlet,22.3789727,58.2928701
233,Tõlli,tolli,hamlet,24.0316893,58.313918
233,Tõlliste,tolliste,hamlet,26.1491579,57.8679713
233,Tõlluste,tolluste,hamlet,22.8138987,58.3189759
233,Tõmmiku,tommiku,hamlet,24.369269,59.3412955
233,Tõnija,tonija,hamlet,22.9120446,58.4115656
233,Tõnkova,tonkova,hamlet,27.1416842,57.6609794
233,Tõnuküla,tonukula,hamlet,25.7995418,58.3782491
233,Tõnumaa,tonumaa,hamlet,24.2687067,58.7366623
233,Tõravere,toravere,village,26.4662662,58.2655161
233,Tõrvase,torvase,hamlet,26.4794563,57.5850593
233,Tõrvajõe,torvajoe,hamlet,28.1126317,59.4178153
233,Tõrvandi,torvandi,village,26.7029855,58.3185634
233,Tõrve,torve,hamlet,26.388437,58.6103481
233,Tõrdu,tordu,hamlet,24.485315,58.5937373
233,Tõre,tore,hamlet,22.8189202,58.5172314
233,Tõrenurme,torenurme,hamlet,26.1624424,58.6412392
233,Tõrise,torise,hamlet,22.4821071,58.4572842
233,Tõrma,torma,hamlet,24.679233,59.0009672
233,Tõrma,torma,hamlet,26.3361988,59.318458
233,Tõrreküla,torrekula,hamlet,25.4368942,58.3439657
233,Tõrremäe,torremae,hamlet,26.3329041,59.3652351
233,Tõru,toru,hamlet,22.4510485,58.4327658
233,Tõruvere,toruvere,hamlet,27.0936218,58.6284104
233,Tõstamaa,tostamaa,village,23.9917758,58.3368711
233,Tõusi,tousi,hamlet,23.8517217,58.5076215
233,Tõutsi,toutsi,hamlet,26.4768234,57.9590772
233,Tõhela,tohela,hamlet,24.0002287,58.4484853
233,Tõõrakõrve,toorakorve,hamlet,25.8547492,59.2770033
233,Tõõraste,tooraste,hamlet,26.7732266,58.2807329
233,Tüükri,tuukri,hamlet,26.7470354,59.4487025
233,Tüütsi,tuutsi,hamlet,26.8709815,57.6870565
233,Tüütsmäe,tuutsmae,hamlet,27.1774628,57.8078736
233,Türi-Alliku,turi-alliku,hamlet,25.4492244,58.824753
233,Türisalu,turisalu,hamlet,24.3149162,59.4026151
233,Türje,turje,hamlet,25.9325969,59.0676326
233,Türju,turju,hamlet,22.0099711,57.9767325
233,Tühjasma,tuhjasma,hamlet,24.6045687,58.6402726
233,Täkumetsa,takumetsa,hamlet,27.3363418,59.3817184
233,Tännapere,tannapere,hamlet,25.7549514,58.9937918
233,Tännassilma,tannassilma,hamlet,26.9995322,58.0327665
233,Tännassilma,tannassilma,hamlet,26.2854287,58.3299794
233,Tännassilma,tannassilma,hamlet,25.474848,58.7402273
233,Täpsi,tapsi,hamlet,23.8740375,58.5203225
233,Tärivere,tarivere,hamlet,27.3159361,59.1204259
233,Tärkma,tarkma,hamlet,22.6039333,58.6978601
233,Täsvere,tasvere,hamlet,26.6244603,58.3051484
233,Tähemaa,tahemaa,hamlet,27.0725769,58.4495993
233,Tähkvere,tahkvere,hamlet,26.6486897,58.875764
233,Tähtvere,tahtvere,hamlet,26.6850302,58.4036995
233,Tääglova,taaglova,hamlet,27.4188618,57.8049533
233,Täätsi,taatsi,hamlet,22.830122,58.5018185
233,Tömbi,tombi,hamlet,25.6715581,58.2687139
233,Ubasalu,ubasalu,hamlet,23.9841431,58.8844284
233,Udeva,udeva,hamlet,26.0180315,58.9319684
233,Uderna,uderna,hamlet,26.4004327,58.1849698
233,Udriku,udriku,hamlet,26.056293,59.2991499
233,Udsali,udsali,hamlet,27.0064082,57.731719
233,Udsali,udsali,hamlet,26.6654599,57.8176916
233,Uduvere,uduvere,hamlet,22.5794351,58.3397022
233,Usinitsa,usinitsa,hamlet,27.513188,57.9926278
233,Uia,uia,hamlet,25.2413322,58.3398782
233,Uibujärve,uibujarve,hamlet,27.1982129,58.0352747
233,Uikala,uikala,hamlet,27.4163337,59.419037
233,Uku,uku,hamlet,26.0116693,59.392817
233,Väike-Ula,vaike-ula,hamlet,22.1193251,58.0577757
233,Ula,ula,hamlet,23.1626218,58.5051945
233,Ulaskova,ulaskova,hamlet,27.4340556,57.758439
233,Ulvi,ulvi,hamlet,26.8086948,58.9052845
233,Ulvi,ulvi,hamlet,26.6369256,59.325163
233,Ulila,ulila,village,26.4291682,58.3642231
233,Ulitina,ulitina,hamlet,27.7373481,57.8507537
233,Ullaste,ullaste,hamlet,23.5894874,58.7001143
233,Ulje,ulje,hamlet,22.2731335,58.2864184
233,Ulja,ulja,hamlet,22.6293634,58.7604059
233,Uljaste,uljaste,hamlet,26.753978,59.3800484
233,Umbsaare,umbsaare,hamlet,27.0947655,57.8216597
233,Umbsoo,umbsoo,hamlet,25.1554072,58.1003467
233,Ummaru,ummaru,hamlet,24.6377957,58.9405441
233,Unakvere,unakvere,hamlet,25.7528416,58.5613212
233,Unametsa,unametsa,hamlet,25.9497734,58.1908483
233,Unguma,unguma,hamlet,23.1276198,58.4654355
233,Undama,undama,hamlet,22.8433976,58.8971565
233,Undva,undva,hamlet,21.9805126,58.4988089
233,Undi,undi,hamlet,26.9057036,58.4921864
233,Undimäe,undimae,hamlet,22.8193298,58.410492
233,Undla,undla,hamlet,26.095102,59.3447157
233,Uneste,uneste,hamlet,23.6641322,58.8861617
233,Univere,univere,hamlet,25.527522,58.0968778
233,Uniküla,unikula,hamlet,26.1052926,57.935113
233,Uniküla,unikula,hamlet,27.0191472,59.3120365
233,Unimäe,unimae,hamlet,22.4632515,58.2862026
233,Unipiha,unipiha,hamlet,26.6127648,58.2549933
233,Upa,upa,hamlet,22.5448909,58.2840788
233,Ura,ura,hamlet,24.1992024,58.5988464
233,Uralaane,uralaane,hamlet,25.9899273,58.0632657
233,Urvaste,urvaste,hamlet,26.5829128,57.9145071
233,Urvaste,urvaste,hamlet,25.0979251,59.2615838
233,Urge,urge,hamlet,24.6468475,58.4318457
233,Urge,urge,hamlet,24.7835875,59.1800375
233,Urevere,urevere,hamlet,24.2757652,58.8426007
233,Urissaare,urissaare,hamlet,24.6087984,58.0260829
233,Urita,urita,hamlet,24.0480427,58.5866647
233,Urmi,urmi,hamlet,26.364239,58.1290878
233,Urumarja,urumarja,hamlet,24.7319247,58.4261135
233,Ussimäe,ussimae,hamlet,26.3890108,59.3491411
233,Utessuu,utessuu,hamlet,26.9750804,57.7565429
233,Utu,utu,hamlet,22.7090892,58.7996588
233,Utukolga,utukolga,hamlet,26.1924009,58.2387601
233,Uugla,uugla,hamlet,23.7644185,58.9948407
233,Uulu,uulu,hamlet,24.5773664,58.2789315
233,Uusvada,uusvada,hamlet,27.4871818,57.7669967
233,Uusküla,uuskula,hamlet,23.9228732,58.8926076
233,Uusküla,uuskula,hamlet,27.3255155,59.0027414
233,Uusküla,uuskula,hamlet,24.8092459,59.0107933
233,Uuta,uuta,hamlet,26.4421915,58.2220439
233,Uue-Saaluse,uue-saaluse,hamlet,27.1062338,57.7452723
233,Uuearu,uuearu,hamlet,25.3519487,59.2434733
233,Uueveski,uueveski,hamlet,25.1908454,59.1370158
233,Uuevälja,uuevalja,hamlet,25.9536484,58.7461931
233,Uuemaa,uuemaa,hamlet,24.6312388,57.9726189
233,Uuemõisa,uuemoisa,hamlet,23.1010862,58.5020715
233,Uuemõisa,uuemoisa,hamlet,23.5744688,58.9364294
233,Uuemõisa,uuemoisa,hamlet,26.1482437,59.1032283
233,Uhe,uhe,hamlet,27.3283831,59.2096599
233,Uhmardu,uhmardu,hamlet,26.7828905,58.6256677
233,Uhti,uhti,hamlet,26.7261682,58.2819662
233,Uhtjärve,uhtjarve,hamlet,26.5496039,57.8898904
233,Fällarna,fallarna,hamlet,23.1950393,59.0096002
233,Förby,forby,hamlet,23.1479375,58.9963499
233,Haabneeme,haabneeme,village,24.8207456,59.5178184
233,Haabsaare,haabsaare,hamlet,26.509719,57.7630032
233,Haabsilla,haabsilla,hamlet,26.7618059,57.7135019
233,Haava-Tsäpsi,haava-tsapsi,hamlet,27.2215792,57.6947116
233,Haava,haava,hamlet,26.6826931,57.8584435
233,Haava,haava,hamlet,26.7811791,58.4603145
233,Haavakannu,haavakannu,hamlet,25.286241,59.4664615
233,Haavakivi,haavakivi,hamlet,26.9884856,58.6842637
233,Haavametsa,haavametsa,hamlet,27.3534864,58.2711735
233,Haavapää,haavapaa,hamlet,27.2753278,57.9880598
233,Haavistu,haavistu,hamlet,27.1012411,57.7034303
233,Haage,haage,hamlet,26.6205012,58.3579284
233,Haakla,haakla,hamlet,24.9118669,58.8232267
233,Haamaste,haamaste,hamlet,26.7775668,57.9181626
233,Haamse,haamse,hamlet,22.4528834,58.3743143
233,Haapse,haapse,hamlet,25.3035515,59.4971083
233,Haapsi,haapsi,hamlet,23.7223852,58.3972413
233,Haapsipea,haapsipea,hamlet,27.1402767,58.6430345
233,Haapsu,haapsu,hamlet,22.9347487,58.612493
233,Habaja,habaja,village,25.1706505,59.1038009
233,Hagaste,hagaste,hamlet,22.9641044,58.9188175
233,Hageri,hageri,hamlet,24.6752376,59.1657848
233,Hagudi,hagudi,hamlet,24.8416369,59.0565941
233,Hagudi,hagudi,village,24.8146469,59.0655072
233,Haidaku,haidaku,hamlet,26.6840935,57.8458309
233,Haili,haili,hamlet,26.1785475,59.5695235
233,Haimre,haimre,hamlet,24.4641762,58.8750127
233,Haki,haki,hamlet,26.9634342,57.670409
233,Hakjala,hakjala,hamlet,22.4374933,58.4049587
233,Haldi,haldi,hamlet,22.4674765,58.8081843
233,Haldreka,haldreka,hamlet,22.4664201,58.7928118
233,Halinga,halinga,hamlet,24.5250317,58.5893532
233,Halla,halla,hamlet,27.1785578,57.7492194
233,Halliku,halliku,hamlet,26.9188747,58.7050771
233,Hallimäe,hallimae,hamlet,27.0219807,57.6998131
233,Haljava,haljava,hamlet,25.1843925,59.398781
233,Handimiku,handimiku,hamlet,26.8986838,57.7354936
233,Hanila,hanila,hamlet,23.6095174,58.6137248
233,Hanija,hanija,hamlet,27.0499246,57.6524201
233,Hannuste,hannuste,hamlet,27.0166436,57.7712247
233,Hansi,hansi,hamlet,26.9104918,57.774844
233,Hapsu,hapsu,hamlet,27.0012238,57.7476469
233,Hara,hara,hamlet,25.6466113,59.5661067
233,Hargi,hargi,hamlet,26.6510499,57.8774708
233,Hargla,hargla,hamlet,26.4066254,57.615562
233,Harkujärve,harkujarve,hamlet,24.6006717,59.4152977
233,Harmi,harmi,hamlet,25.2030428,59.1125375
233,Harju,harju,hamlet,22.6185219,58.7420694
233,Pühalepa-Harju,puhalepa-harju,hamlet,22.8982315,58.9537338
233,Harjuküla,harjukula,hamlet,26.7942435,57.6104048
233,Hatu,hatu,hamlet,23.9444993,59.194458
233,Hauka,hauka,hamlet,26.6186029,58.0487388
233,Hausma,hausma,hamlet,22.7849993,58.9943249
233,Haeska,haeska,hamlet,22.6503745,58.421239
233,Haeska,haeska,hamlet,23.6690706,58.8014544
233,Heigi,heigi,hamlet,22.5709426,58.972415
233,Heinasoo,heinasoo,hamlet,27.2879561,57.7074729
233,Heiste,heiste,hamlet,22.5108347,58.928117
233,Heistesoo,heistesoo,hamlet,22.2787996,58.9280283
233,Helbi,helbi,hamlet,27.523966,57.800329
233,Helda,helda,hamlet,24.9325856,59.0295537
233,Helenurme,helenurme,hamlet,24.3166624,58.6430331
233,Hellamaa,hellamaa,hamlet,22.920086,58.9332253
233,Hellekunnu,hellekunnu,hamlet,27.2783699,57.8307186
233,Helmküla,helmkula,hamlet,23.7506205,58.450244
233,Heltermaa,heltermaa,hamlet,23.0362514,58.8653347
233,Hendrikumõisa,hendrikumoisa,hamlet,25.6016828,58.2851459
233,Hertu,hertu,hamlet,24.8732319,58.9702413
233,Herjava,herjava,hamlet,23.633891,58.9535804
233,Heedu,heedu,hamlet,26.8129324,57.7300235
233,Heeska,heeska,hamlet,26.7217426,57.8946488
233,Hiie,hiie,hamlet,24.9178588,58.8678463
233,Hiievälja,hiievalja,hamlet,22.7506751,58.5596935
233,Hiiemetsa,hiiemetsa,hamlet,27.9474522,59.3748011
233,Hiiessaare,hiiessaare,hamlet,22.8376432,58.9929368
233,Hiietse,hiietse,hamlet,24.4188666,59.0450917
233,Hilana,hilana,hamlet,27.3962302,57.8308147
233,Hilleste,hilleste,hamlet,22.9777051,58.8791948
233,Hilläkeste,hillakeste,hamlet,27.4464237,57.7530592
233,Himma,himma,hamlet,27.0674342,57.9823356
233,Himmiste,himmiste,hamlet,27.1974487,57.96194
233,Himmiste,himmiste,hamlet,21.9669676,58.2718652
233,Hingu,hingu,hamlet,24.3553604,59.1735518
233,Hindaste,hindaste,hamlet,23.8435669,59.1313841
233,Hindsa,hindsa,hamlet,27.3622218,57.6442139
233,Sõrve-Hindu,sorve-hindu,hamlet,22.2105864,58.0550038
233,Hindu,hindu,hamlet,22.8215997,58.6153915
233,Hindu,hindu,hamlet,22.4964363,58.7031315
233,Hinniala,hinniala,hamlet,27.3610675,57.7688885
233,Hino,hino,hamlet,26.7179232,57.9841899
233,Hinsa,hinsa,hamlet,27.2078261,57.7610294
233,Hintsiko,hintsiko,hamlet,26.7192005,57.5918777
233,Hinu,hinu,hamlet,26.8730154,57.7237476
233,Hirvli,hirvli,hamlet,25.5470459,59.4378229
233,Hirla,hirla,hamlet,26.3557544,59.0310261
233,Hirmuse,hirmuse,hamlet,26.9878469,59.329836
233,Hirmuküla,hirmukula,hamlet,25.6377063,58.133477
233,Hirmuste,hirmuste,hamlet,22.2255507,58.2403628
233,Hirmuste,hirmuste,hamlet,22.1286738,58.9319092
233,Hobulaiu,hobulaiu,hamlet,23.383802,58.9460301
233,Holdi,holdi,hamlet,27.127928,57.710339
233,Holdi,holdi,hamlet,27.506233,57.7465818
233,Holdre,holdre,hamlet,25.7415091,57.9442664
233,Holsta,holsta,hamlet,27.1644605,57.7648731
233,Horma,horma,hamlet,26.6786316,57.8837894
233,Horoski,horoski,hamlet,27.1210109,57.7228109
233,Horosuu,horosuu,hamlet,27.3260544,57.6622478
233,Horsa,horsa,hamlet,26.9086175,57.7838805
233,Hosby,hosby,hamlet,23.3627343,58.9823594
233,Hosby,hosby,hamlet,23.5095132,59.033166
233,Hotõmäe,hotomae,hamlet,27.0039147,57.7030542
233,Husari,husari,hamlet,27.1679128,57.8418323
233,Hulaku,hulaku,hamlet,27.1127226,57.6344982
233,Hullo,hullo,hamlet,23.2402125,58.9941304
233,Hulja,hulja,village,26.2178754,59.3521903
233,Humala,humala,hamlet,24.4062815,59.3612134
233,Hundinurga,hundinurga,hamlet,27.8795104,59.3661224
233,Laitsna-Hurda,laitsna-hurda,hamlet,27.041695,57.6193328
233,Hurda,hurda,hamlet,26.8379726,57.7144926
233,Hutita,hutita,hamlet,26.7432957,57.8830437
233,Huuksi,huuksi,hamlet,25.8051629,58.8451455
233,Hõbeda,hobeda,hamlet,24.2255905,58.6024973
233,Hõbeda,hobeda,hamlet,26.0802669,59.3865154
233,Hõbemäe,hobemae,hamlet,25.4346824,58.1789475
233,Hõbesalu,hobesalu,hamlet,23.6713814,58.5321418
233,Hõreda,horeda,hamlet,24.9145143,59.021604
233,Hübja,hubja,hamlet,22.4805379,58.406457
233,Hürova,hurova,hamlet,26.597268,57.6275537
233,Hürsi,hursi,hamlet,27.2292707,57.6579181
233,Hüti,huti,hamlet,26.6122311,57.599401
233,Hüti,huti,hamlet,22.4938363,58.9092925
233,Hälvati,halvati,hamlet,23.8708381,58.707385
233,Hämkoti,hamkoti,hamlet,27.1116322,57.6938145
233,Hämmelepa,hammelepa,hamlet,22.7786241,58.2929778
233,Hänga,hanga,hamlet,22.0839001,57.9605471
233,Härgla,hargla,hamlet,24.8894214,59.0959759
233,Härma,harma,hamlet,22.4693347,58.7984089
233,Härma,harma,hamlet,25.1660924,59.274862
233,Härmä,harma,hamlet,27.3866108,57.7961371
233,Härjadi,harjadi,hamlet,26.1769889,59.3597244
233,Härjanurme,harjanurme,hamlet,26.4046945,58.321583
233,Härjanurme,harjanurme,hamlet,26.3143344,58.6939459
233,Härämäe,haramae,hamlet,26.9987809,57.695896
233,Häärmäni,haarmani,hamlet,27.287436,57.6647105
233,Häätaru,haataru,hamlet,26.8856402,58.1024451
233,Höbringi,hobringi,hamlet,23.5688687,59.1386764
233,Õvanurme,ovanurme,hamlet,26.6128393,58.5755523
233,Õvi,ovi,hamlet,26.5562888,58.4660993
233,Õlatu,olatu,hamlet,26.1992702,57.9805941
233,Õle,ole,hamlet,25.8264422,58.9856316
233,Õngu,ongu,hamlet,22.4586067,58.8566139
233,Õrsava,orsava,hamlet,27.6398456,57.9354182
233,Õru,oru,village,26.1790244,57.926671
233,Õruste,oruste,hamlet,26.1902669,57.9113746
233,Õssu,ossu,hamlet,26.660599,58.3671193
233,Õuna,ouna,hamlet,26.3535731,58.745365
233,Õha,oha,hamlet,22.5276398,58.404115
233,Õeste,oeste,hamlet,22.7255916,58.5469765
233,Eavere,eavere,hamlet,24.5717156,58.558964
233,Eametsa,eametsa,hamlet,24.4624798,58.4305046
233,Eametsa,eametsa,hamlet,24.660224,58.6157521
233,Eassalu,eassalu,hamlet,24.1936268,58.3929117
233,Easte,easte,hamlet,22.2151836,58.1097783
233,Ebavere,ebavere,hamlet,26.2406632,59.1142781
233,Edivere,edivere,hamlet,27.5173389,59.2385299
233,Edise,edise,hamlet,27.3767403,59.3698628
233,Edru,edru,hamlet,26.2521188,58.9518164
233,Ädu,adu,hamlet,26.2574258,58.0129051
233,Esivere,esivere,hamlet,23.5313568,58.6312897
233,Esiküla,esikula,hamlet,22.839095,58.8068895
233,Eivere,eivere,hamlet,25.5565393,58.9525884
233,Äigrumäe,aigrumae,hamlet,24.8994715,59.4849223
233,Eikla,eikla,hamlet,22.5205871,58.4200709
233,Äila,aila,hamlet,23.703369,58.5639434
233,Einbi,einbi,hamlet,23.4452682,59.0002817
233,Eipri,eipri,hamlet,26.3387371,59.1427236
233,Eistvere,eistvere,hamlet,25.7478903,58.6955475
233,Eiste,eiste,hamlet,22.7097206,58.3853497
233,Äksi,aksi,hamlet,25.1707536,59.1151058
233,Elbi,elbi,hamlet,24.8044491,58.5504306
233,Elbiku,elbiku,hamlet,23.5330322,59.1587144
233,Elbu,elbu,hamlet,24.5232035,58.5180213
233,Ellakvere,ellakvere,hamlet,26.4297631,58.7335889
233,Ellamaa,ellamaa,hamlet,24.9359362,58.6947564
233,Ellamaa,ellamaa,hamlet,24.1785542,59.0494098
233,Ämbra,ambra,hamlet,25.8443606,58.9474073
233,Emmu,emmu,hamlet,24.0875678,58.6289013
233,Emmuvere,emmuvere,hamlet,23.559293,58.8470081
233,Ämmuste,ammuste,hamlet,25.8151894,58.1822314
233,Emumäe,emumae,hamlet,26.3599817,58.9277286
233,Änari,anari,hamlet,25.3449713,58.8428575
233,Enge,enge,hamlet,24.5516722,58.6481703
233,Änglema,anglema,hamlet,23.871294,59.2248577
233,Endla,endla,hamlet,22.4209167,58.3660559
233,Endla,endla,hamlet,26.2268502,58.8175983
233,Enivere,enivere,hamlet,23.7849882,58.8416371
233,Änkküla,ankkula,hamlet,26.5465679,58.6987146
233,Änniksaare,anniksaare,hamlet,26.9471139,59.0156176
233,Ännikse,annikse,hamlet,23.8107305,58.4816753
233,Enno,enno,hamlet,26.5074582,58.2085244
233,Ennu,ennu,hamlet,22.6824204,58.2272722
233,Äntu,antu,hamlet,26.2709258,59.0824086
233,Eoste,eoste,hamlet,27.1013099,58.1105761
233,Erala,erala,hamlet,26.6856738,58.4710694
233,Erastvere,erastvere,hamlet,26.7743209,57.9748659
233,Ervita,ervita,hamlet,26.0693935,58.9355141
233,Ervu,ervu,hamlet,26.2229093,58.2216341
233,Ereda,ereda,hamlet,27.2513288,59.3142256
233,Ereste,ereste,hamlet,25.4812019,58.2179847
233,Ärina,arina,hamlet,26.2343966,59.145678
233,Ermakova,ermakova,hamlet,27.5137204,57.8088239
233,Ermistu,ermistu,hamlet,24.0153615,58.3765858
233,Erra,erra,village,26.9858337,59.372105
233,Erra-Liiva,erra-liiva,hamlet,27.0081166,59.3618268
233,Ertsma,ertsma,hamlet,24.4597355,58.6120376
233,Eru,eru,hamlet,25.8786451,59.5696635
233,Erja,erja,hamlet,23.6669284,58.9026913
233,Esku,esku,hamlet,25.8890292,58.6409556
233,Esna,esna,hamlet,25.7793571,58.9707813
233,Esna,esna,hamlet,25.793022,58.9840453
233,Espre,espre,hamlet,23.6050153,58.9163157
233,Österby,osterby,hamlet,23.5165495,58.9863367
233,Äteniidi,ateniidi,hamlet,27.0886182,58.7233692
233,Etsaste,etsaste,hamlet,26.4896371,58.1875945
233,Ätte,atte,hamlet,26.8840582,58.4831035
233,Ehavere,ehavere,hamlet,26.6367267,58.6418989
233,Äherdi,aherdi,hamlet,24.7320228,59.0750518
233,Ähijärve,ahijarve,hamlet,26.5077288,57.7150774
233,Ehmja,ehmja,hamlet,23.7825598,58.870721
233,Eense,eense,hamlet,24.3872187,58.6139507
233,Eerikvere,eerikvere,hamlet,26.6212827,58.6823748
233,Eeriksaare,eeriksaare,hamlet,21.9007476,58.3271568
233,Ööriku,ooriku,hamlet,22.9288315,58.568766
233,Eerma,eerma,hamlet,24.5433481,58.6273259
233,Eesküla,eeskula,hamlet,26.2995529,59.3063362
233,Eesnurga,eesnurga,hamlet,25.9387692,58.5224402
233,Öötla,ootla,hamlet,25.7424616,58.9448159
233,Juba,juba,hamlet,26.9522858,57.8246815
233,Jugu,jugu,hamlet,26.9800814,57.6812732
233,Üdruma,udruma,hamlet,24.0525656,58.8118457
233,Üüvere,uuvere,hamlet,22.978083,58.409803
233,Üüdibe,uudibe,hamlet,22.2286688,58.1531102
233,Ülejõe,ulejoe,hamlet,25.8787507,58.7989419
233,Ülejõe,ulejoe,hamlet,25.4721884,58.8879473
233,Ülejõe,ulejoe,hamlet,24.5434297,58.9959176
233,Ülejõe,ulejoe,hamlet,24.8454186,59.0003046
233,Ülejõe,ulejoe,hamlet,25.3518016,59.3453421
233,Ülemõisa,ulemoisa,hamlet,25.5230509,58.1799169
233,Ülendi,ulendi,hamlet,22.2198927,58.895431
233,Ülensi,ulensi,hamlet,25.8425112,58.2518885
233,Ünnaste,unnaste,hamlet,24.9129333,58.5952953
233,Juraski,juraski,hamlet,27.2448235,57.7397128
233,Jursi,jursi,hamlet,22.8416009,58.3890835
233,Üru,uru,hamlet,22.1742047,58.3619017
233,Ürjaste,urjaste,hamlet,24.3282871,59.1086507
233,Juusa,juusa,hamlet,27.3757991,57.8213826
233,Juula,juula,hamlet,26.7123974,58.5552015
233,Juula,juula,hamlet,24.8040771,58.9779166
233,Ühtri,uhtri,hamlet,22.6410414,58.8188094
233,Jaagupi,jaagupi,hamlet,24.4707671,58.0489417
233,Jaakna,jaakna,hamlet,23.9893015,58.9816364
233,Jaama,jaama,hamlet,26.7544181,58.767774
233,Jaani,jaani,hamlet,22.9096296,58.6080493
233,Jaaniveski,jaaniveski,hamlet,24.5477221,58.8686569
233,Jaanika,jaanika,hamlet,24.3108791,59.1578692
233,Jaanikese,jaanikese,hamlet,26.0545372,57.8077648
233,Jaanikeste,jaanikeste,hamlet,27.3507334,58.0803754
233,Jaanimõisa,jaanimoisa,hamlet,27.2427779,58.1452893
233,Jaanimäe,jaanimae,hamlet,27.0275445,57.7545627
233,Jaanimäe,jaanimae,hamlet,27.5184943,57.8225661
233,Jaanipeebu,jaanipeebu,hamlet,26.9249429,57.7212966
233,Jabara,jabara,hamlet,27.0556851,59.4256273
233,Jägala,jagala,hamlet,25.229403,59.4185117
233,Jägala-Joa,jagala-joa,hamlet,25.1752615,59.4557574
233,Jädivere,jadivere,hamlet,24.4407294,58.692943
233,Jakobimõisa,jakobimoisa,hamlet,25.8905257,58.2142766
233,Jalase,jalase,hamlet,24.6099784,58.9618578
233,Jalalõpe,jalalope,hamlet,25.8963362,59.05755
233,Jalametsa,jalametsa,hamlet,25.7863902,58.7842769
233,Jalgsema,jalgsema,hamlet,25.9018455,59.0949088
233,Jaluse,jaluse,hamlet,24.9574157,59.1195854
233,Jalukse,jalukse,hamlet,23.7758909,59.0259255
233,Jämaja,jamaja,hamlet,22.0503406,58.0063653
233,Jändja,jandja,hamlet,25.3083667,58.7386577
233,Jänistvere,janistvere,hamlet,24.1373473,58.5555423
233,Jantra,jantra,hamlet,27.3197684,57.8727858
233,Järavere,jaravere,hamlet,25.773396,58.7490238
233,Järvajõe,jarvajoe,hamlet,26.1519012,59.1989808
233,Järvaküla,jarvakula,hamlet,26.3023522,58.316705
233,Järve,jarve,hamlet,22.2648271,58.1975355
233,Järve,jarve,hamlet,24.1547111,58.6231323
233,Järve,jarve,hamlet,27.3049234,59.4093898
233,Järveküla,jarvekula,hamlet,25.9860779,58.1840028
233,Järveküla,jarvekula,hamlet,26.1537168,58.310539
233,Järveküla,jarvekula,hamlet,22.8263989,58.5730794
233,Järvekülä,jarvekula,hamlet,27.008526,57.6845609
233,Järvepalu,jarvepalu,hamlet,26.817873,57.7552082
233,Järvepera,jarvepera,hamlet,26.5879202,58.7016034
233,Järvepää,jarvepaa,hamlet,27.4937023,57.9536217
233,Järvere,jarvere,hamlet,26.8656236,57.8504281
233,Järise,jarise,hamlet,22.4512683,58.5040091
233,Järise,jarise,hamlet,23.6876832,58.6586686
233,Järiste,jariste,hamlet,26.5699543,58.2947674
233,Järlepa,jarlepa,hamlet,24.9271247,59.1335858
233,Järsi,jarsi,hamlet,26.0012263,59.0667313
233,Järsi,jarsi,hamlet,25.0483712,59.3671553
233,Jausa,jausa,hamlet,22.6965018,58.7797961
233,Jauni,jauni,hamlet,22.2079718,58.4422415
233,Jäärja,jaarja,hamlet,24.9922283,58.0484899
233,Jäätma,jaatma,hamlet,26.4294804,58.925436
233,Ķirbēni,kirbeni,hamlet,25.2357271,58.0064487
233,Airītes,airites,isolated_dwelling,26.9788725,57.6063032
233,Aizupītes,aizupites,isolated_dwelling,27.0180891,57.5921869
233,Akmeņi,akmeni,isolated_dwelling,24.434396,57.8709635
233,Alejas,alejas,isolated_dwelling,26.8637835,57.5915116
233,Cīrulīši,cirulisi,isolated_dwelling,27.0547812,57.5815936
233,Dzenīši,dzenisi,isolated_dwelling,26.9903727,57.6080987
233,Auziņas,auzinas,isolated_dwelling,27.0346251,57.5860894
233,Avotiņi,avotini,isolated_dwelling,26.6898984,57.5634586
233,Baldiņi,baldini,isolated_dwelling,26.1000159,57.7564255
233,Baloži,balozi,isolated_dwelling,26.8584386,57.5869592
233,Baltiņi,baltini,isolated_dwelling,26.9689968,57.603471
233,Banderi,banderi,isolated_dwelling,26.8460608,57.5833922
233,Bērzkalni,berzkalni,isolated_dwelling,26.1222807,57.7540148
233,Bērzukalns,berzukalns,isolated_dwelling,27.0360063,57.5918882
233,Caunes,caunes,isolated_dwelling,26.4050219,57.5700247
233,Celmāji,celmaji,isolated_dwelling,26.9636802,57.6010972
233,Ciemeži,ciemezi,isolated_dwelling,26.7586952,57.5667549
233,Cukuri,cukuri,isolated_dwelling,26.9828308,57.6074052
233,Cunci,cunci,isolated_dwelling,26.184136,57.6810243
233,Druvas,druvas,isolated_dwelling,27.0183708,57.5996222
233,Dubļukalns,dublukalns,isolated_dwelling,27.0509193,57.5790842
233,Dunduri,dunduri,isolated_dwelling,26.109024,57.7564016
233,Dzintari,dzintari,isolated_dwelling,25.6373956,57.9200626
233,Dzirnavas,dzirnavas,isolated_dwelling,25.7819326,57.8988736
233,Gaujmālnieki,gaujmalnieki,isolated_dwelling,26.3270315,57.5767338
233,Jaunalēni,jaunaleni,isolated_dwelling,25.5338879,57.9688055
233,Jaunkalni,jaunkalni,isolated_dwelling,25.5466019,57.9659878
233,Jaunotes,jaunotes,isolated_dwelling,25.3529895,58.0380618
233,Jaunpiļi,jaunpili,isolated_dwelling,26.0685835,57.7620102
233,Jaunrāmnieki,jaunramnieki,isolated_dwelling,26.3494755,57.5748625
233,Jauntilikas,jauntilikas,isolated_dwelling,26.2302869,57.6502647
233,Jaunvilklaužņi,jaunvilklauzni,isolated_dwelling,24.7198347,57.9497181
233,Jaunzemji,jaunzemji,isolated_dwelling,25.4889944,57.9698153
233,Kalna Brindas,kalna brindas,isolated_dwelling,25.2111985,58.0614259
233,Kalnalūsēni,kalnaluseni,isolated_dwelling,25.2001688,58.0554758
233,Kalnsolteri,kalnsolteri,isolated_dwelling,25.304903,58.0041228
233,Kanasti,kanasti,isolated_dwelling,26.9556765,57.6027318
233,Klajumi,klajumi,isolated_dwelling,26.1996266,57.6760374
233,Krastkalni,krastkalni,isolated_dwelling,26.2351794,57.6396113
233,Krāces,kraces,isolated_dwelling,26.6071771,57.5110768
233,Laksti,laksti,isolated_dwelling,25.2887226,57.9913162
233,Lejas Koprieni,lejas koprieni,isolated_dwelling,25.7224889,57.9105644
233,Lejas,lejas,isolated_dwelling,27.015121,57.5947474
233,Lejaskalci,lejaskalci,isolated_dwelling,26.1536189,57.7269914
233,Lejaskrogs,lejaskrogs,isolated_dwelling,26.3714803,57.5721868
233,Līles,liles,isolated_dwelling,26.1411162,57.7340204
233,Masaku,masaku,isolated_dwelling,25.2955797,58.0252114
233,Mazstoķi,mazstoki,isolated_dwelling,26.0944371,57.7590696
233,Medņi,medni,isolated_dwelling,27.0154427,57.6013128
233,Murati,murati,isolated_dwelling,27.0833503,57.5720135
233,Pauļi,pauli,isolated_dwelling,26.6997229,57.5676345
233,Perķi,perki,isolated_dwelling,26.5926935,57.5149463
233,Peļļi,pelli,isolated_dwelling,26.833262,57.5793554
233,Planči,planci,isolated_dwelling,26.0376514,57.7647038
233,Porkas,porkas,isolated_dwelling,24.4010073,57.8714865
233,Priedulēni,prieduleni,isolated_dwelling,26.6718422,57.5537049
233,Pēdraudzes,pedraudzes,isolated_dwelling,26.2195975,57.6571828
233,Rijas,rijas,isolated_dwelling,25.201241,58.0697484
233,Robežnieki,robeznieki,isolated_dwelling,26.6907097,57.5626684
233,Robežnieki,robeznieki,isolated_dwelling,25.3566807,58.033558
233,Rozītes,rozites,isolated_dwelling,26.3316234,57.5750407
233,Rugāji,rugaji,isolated_dwelling,25.2500417,58.0006851
233,Rulles,rulles,isolated_dwelling,27.0175334,57.5955796
233,Rāmnieki,ramnieki,isolated_dwelling,26.3563191,57.5746452
233,Rāmnieki,ramnieki,isolated_dwelling,26.2310413,57.6568197
233,Silbērzi,silberzi,isolated_dwelling,24.5323542,57.9348145
233,Skujas,skujas,isolated_dwelling,26.7176227,57.5562504
233,Slokas,slokas,isolated_dwelling,26.9755249,57.6100042
233,Strautiņi,strautini,isolated_dwelling,27.0071944,57.5964774
233,Sudmalas,sudmalas,isolated_dwelling,25.3489707,58.0397394
233,Sulas,sulas,isolated_dwelling,26.0357045,57.8088449
233,Teteri,teteri,isolated_dwelling,26.1148201,57.7528997
233,Upmaļi,upmali,isolated_dwelling,24.3936545,57.8712311
233,Uzpiļi,uzpili,isolated_dwelling,26.0333058,57.8010542
233,Rūšas,rusas,isolated_dwelling,26.1826977,57.7246218
233,Vecdārznieki,vecdarznieki,isolated_dwelling,25.3579,58.0331576
233,Vecpuriņi,vecpurini,isolated_dwelling,26.2253875,57.6480708
233,Vecramatas,vecramatas,isolated_dwelling,25.0766529,58.0599843
233,Vizlas,vizlas,isolated_dwelling,26.8595888,57.5879667
233,Vārnas,varnas,isolated_dwelling,26.0568293,57.8360272
233,Vīganti,viganti,isolated_dwelling,24.4213356,57.8669834
233,Vītoliņi,vitolini,isolated_dwelling,27.021629,57.596722
233,Zaļumnieki,zalumnieki,isolated_dwelling,24.4094128,57.8649834
233,Zeltkalni,zeltkalni,isolated_dwelling,25.6440765,57.9173711
233,Ziemeļi,ziemeli,isolated_dwelling,25.2327757,58.0095285
233,Zīdari,zidari,isolated_dwelling,26.079745,57.7640378
233,Āboli,aboli,isolated_dwelling,26.0487096,57.823403
233,Kalnķimburi,kalnkimburi,isolated_dwelling,26.0349971,57.8062832
233,Ūdensmaisi,udensmaisi,isolated_dwelling,26.2011638,57.6708393
233,Tipu,tipu,hamlet,25.083081,58.3594796
233,Kukruse,kukruse,suburb,27.3488653,59.3972328
233,Saarevälja,saarevalja,locality,27.167153,59.1369079
233,Marjassaare,marjassaare,locality,27.1403528,59.1393236
233,Mustassaare,mustassaare,locality,27.1614175,59.169748
233,Mäurassaare,maurassaare,locality,27.1164972,59.1233691
233,Varessaare,varessaare,locality,27.1287304,59.1711096
233,Hermani,hermani,neighbourhood,22.3349017,58.2195529
233,Jussi,jussi,locality,22.3519344,58.2219037
233,Niidu,niidu,locality,22.358169,58.2238824
233,Riina,riina,locality,22.3548141,58.2223024
233,Sassi,sassi,locality,22.3529556,58.2222943
233,Sopi,sopi,isolated_dwelling,24.8584044,58.5555004
233,Ojakalda,ojakalda,locality,26.6000475,58.3355191
233,Kullerkupu,kullerkupu,locality,26.625112,58.3316472
233,Salu,salu,locality,27.455362,58.1108341
233,Kukepalu,kukepalu,locality,25.8756385,59.3175518
233,Savi,savi,locality,24.393242,58.3975514
233,Tabo,tabo,locality,27.4486938,58.1092116
233,Zaharova,zaharova,locality,27.4461057,58.1107875
233,Kalmatu,kalmatu,locality,27.4386971,58.1114774
233,Nurmeotsa,nurmeotsa,locality,27.4366598,58.1066111
233,Pottisepa,pottisepa,locality,27.4401579,58.0997234
233,Jannioru,jannioru,locality,27.4458975,58.0846044
233,Tamme,tamme,locality,27.4399048,58.0856972
233,Kalda,kalda,isolated_dwelling,24.3699605,58.416666
233,Kubja,kubja,isolated_dwelling,24.3670174,58.4168406
233,Kurmi,kurmi,isolated_dwelling,24.3703504,58.4176256
233,Oja,oja,isolated_dwelling,24.3685456,58.4182105
233,Reinojaani,reinojaani,isolated_dwelling,24.3649361,58.4187379
233,Lepiku,lepiku,isolated_dwelling,24.2553725,59.3825414
233,Trummi,trummi,isolated_dwelling,24.2566498,59.3805647
233,Mäe,mae,isolated_dwelling,26.8192897,58.0690544
233,Oru,oru,isolated_dwelling,26.8212316,58.0696139
233,Pärnasaare,parnasaare,isolated_dwelling,26.8190179,58.0704687
233,Rõiva,roiva,isolated_dwelling,26.8177249,58.0689559
233,Saare,saare,isolated_dwelling,26.8211299,58.0712871
233,Õuna,ouna,isolated_dwelling,26.8167399,58.0700338
233,Kuusiki,kuusiki,isolated_dwelling,26.8130412,58.0725592
233,Metsa,metsa,isolated_dwelling,26.8147075,58.0728412
233,Liivaku,liivaku,isolated_dwelling,26.8055737,58.0696128
233,Vahi,vahi,isolated_dwelling,26.8072388,58.0690467
233,Mardisaare,mardisaare,isolated_dwelling,25.5838803,58.9107704
233,Pedaka,pedaka,isolated_dwelling,25.5877315,58.9119465
233,Saare,saare,isolated_dwelling,27.6070549,57.9478687
233,Jõeotsa,joeotsa,isolated_dwelling,24.878947,58.0411317
233,Kalda,kalda,isolated_dwelling,24.8619939,58.0340031
233,Kaljuste,kaljuste,isolated_dwelling,24.8739261,58.0426469
233,Kallaku,kallaku,isolated_dwelling,24.8713237,58.0419034
233,Kannikese,kannikese,isolated_dwelling,24.8709238,58.036406
233,Kita,kita,isolated_dwelling,24.8517921,58.0382685
233,Loojangu,loojangu,isolated_dwelling,24.8664852,58.0429211
233,Metsasalu,metsasalu,isolated_dwelling,24.8538204,58.0403156
233,Oru,oru,isolated_dwelling,24.8775492,58.0345999
233,Pärnaõue,parnaoue,isolated_dwelling,24.8533543,58.0350494
233,Rauliste,rauliste,isolated_dwelling,24.8574302,58.0403867
233,Rooni,rooni,isolated_dwelling,24.8802925,58.0406751
233,Roosimäe,roosimae,isolated_dwelling,24.8762762,58.042029
233,Telliste,telliste,isolated_dwelling,24.8605103,58.0311611
233,Truksi,truksi,isolated_dwelling,24.8610547,58.044495
233,Väike-Hiie,vaike-hiie,isolated_dwelling,24.8499275,58.041658
233,Väike-Männa,vaike-manna,isolated_dwelling,24.8590679,58.0424334
233,Mareti,mareti,isolated_dwelling,26.3479534,59.4637039
233,Pae,pae,isolated_dwelling,26.3436592,59.4674737
233,Kuusemetsa,kuusemetsa,isolated_dwelling,27.4337885,58.1935733
233,Pedala,pedala,isolated_dwelling,27.4336101,58.1926233
233,Pähna,pahna,isolated_dwelling,27.4358734,58.189665
233,Vaarika,vaarika,isolated_dwelling,27.4428869,58.1916602
233,Sireli,sireli,isolated_dwelling,27.0699302,58.2256131
233,Ambre,ambre,isolated_dwelling,26.6049987,58.3429669
233,Kivi,kivi,isolated_dwelling,26.6111693,58.3397531
233,Kubja,kubja,isolated_dwelling,26.6096648,58.3504858
233,Kungla,kungla,isolated_dwelling,26.6147823,58.3467823
233,Matra,matra,isolated_dwelling,26.6064874,58.3449022
233,Müüri,muuri,isolated_dwelling,26.6082363,58.3459394
233,Naabri,naabri,isolated_dwelling,26.605566,58.3442441
233,Pärna,parna,isolated_dwelling,26.604939,58.341723
233,Telliste,telliste,isolated_dwelling,26.6147972,58.3488604
233,Ilbu,ilbu,isolated_dwelling,26.4774613,58.3212604
233,Jõksi,joksi,isolated_dwelling,26.512886,58.3544352
233,Kaasiku,kaasiku,isolated_dwelling,26.4999671,58.3244436
233,Kalda,kalda,isolated_dwelling,26.4940157,58.3193724
233,Kaseoja,kaseoja,isolated_dwelling,26.498841,58.3242576
233,Kati,kati,isolated_dwelling,26.4987891,58.3291548
233,Keeri,keeri,isolated_dwelling,26.4990475,58.3213061
233,Kirsi,kirsi,isolated_dwelling,26.5387452,58.3549676
233,Kooli,kooli,isolated_dwelling,26.4836866,58.3193649
233,Kruusamäe,kruusamae,isolated_dwelling,26.4850518,58.3160597
233,Kungla,kungla,isolated_dwelling,26.5015839,58.3496189
233,Kõrsti-Alliku,korsti-alliku,isolated_dwelling,26.4910532,58.3187917
233,Kõrvi,korvi,isolated_dwelling,26.4770581,58.3229027
233,Lillemäe,lillemae,isolated_dwelling,26.488195,58.317937
233,Luha,luha,isolated_dwelling,26.4950497,58.3254867
233,Lõuna-Verevi,louna-verevi,isolated_dwelling,26.5722895,58.3571581
233,Metsavahe,metsavahe,isolated_dwelling,26.4802587,58.329706
233,Männi,manni,isolated_dwelling,26.5030201,58.3265863
233,Paju,paju,isolated_dwelling,26.5560716,58.3535215
233,Pärna,parna,isolated_dwelling,26.5013314,58.3201138
233,Pärsikivi,parsikivi,isolated_dwelling,26.5057597,58.3220653
233,Sabre,sabre,isolated_dwelling,26.4987426,58.3249935
233,Sastova,sastova,isolated_dwelling,26.503778,58.3220008
233,Suve,suve,isolated_dwelling,26.4980542,58.3267803
233,Teeääre,teeaare,isolated_dwelling,26.5820589,58.3559917
233,Tooma,tooma,isolated_dwelling,26.500705,58.3301315
233,Tsorna,tsorna,isolated_dwelling,26.4844173,58.3301258
233,Vana-Laari,vana-laari,isolated_dwelling,26.4841882,58.3217923
233,Vana-Pööri,vana-poori,isolated_dwelling,26.4713322,58.3299984
233,Veskioja,veskioja,isolated_dwelling,26.5008817,58.3224191
233,Võngri-Sarau,vongri-sarau,isolated_dwelling,26.5278949,58.3496665
233,Ärma,arma,isolated_dwelling,26.4761925,58.3300057
233,Ala-Kerge,ala-kerge,isolated_dwelling,26.5304677,58.3628266
233,Kandle,kandle,isolated_dwelling,26.4699146,58.2984587
233,Keresoja,keresoja,isolated_dwelling,26.4684904,58.3033869
233,Kuusiku,kuusiku,isolated_dwelling,26.460816,58.3138571
233,Kuusiku,kuusiku,isolated_dwelling,26.5437353,58.3697139
233,Leegi,leegi,isolated_dwelling,26.4718834,58.2929701
233,Liivamäe,liivamae,isolated_dwelling,26.4748311,58.3027845
233,Lillemäe,lillemae,isolated_dwelling,26.4706982,58.303603
233,Loigu,loigu,isolated_dwelling,26.4736249,58.2984707
233,Paama,paama,isolated_dwelling,26.5889136,58.372637
233,Pühapalu,puhapalu,isolated_dwelling,26.4700452,58.3165683
233,Rida,rida,isolated_dwelling,26.4753189,58.2981771
233,Saariku,saariku,isolated_dwelling,26.5383025,58.3681722
233,Tootsi,tootsi,isolated_dwelling,26.4876803,58.3094942
233,Vana-Saratovi,vana-saratovi,isolated_dwelling,26.4534757,58.3100534
233,Väike-Tamme,vaike-tamme,isolated_dwelling,26.5345488,58.3612792
233,Jaani,jaani,isolated_dwelling,26.4700877,58.2874751
233,Järve,jarve,isolated_dwelling,26.4656189,58.2897038
233,Kadaja,kadaja,isolated_dwelling,26.4739766,58.2886967
233,Karli,karli,isolated_dwelling,26.4701037,58.2830802
233,Kaseoja,kaseoja,isolated_dwelling,26.458284,58.288341
233,Kingu,kingu,isolated_dwelling,26.4677174,58.28681
233,Kirsi,kirsi,isolated_dwelling,26.4814532,58.292272
233,Kommi,kommi,isolated_dwelling,26.4701277,58.2837833
233,Kuuse,kuuse,isolated_dwelling,26.4650587,58.2884728
233,Lohu,lohu,isolated_dwelling,26.4760321,58.2889229
233,Luku,luku,isolated_dwelling,26.4573391,58.2926343
233,Lõhmuse,lohmuse,isolated_dwelling,26.4626791,58.2900038
233,Nurma,nurma,isolated_dwelling,26.4614071,58.2917125
233,Nõmme,nomme,isolated_dwelling,26.4679189,58.2781277
233,Osjalombi,osjalombi,isolated_dwelling,26.4677494,58.2802426
233,Piiri,piiri,isolated_dwelling,26.4772778,58.2883365
233,Priidu,priidu,isolated_dwelling,26.4786312,58.2880091
233,Saare,saare,isolated_dwelling,26.4584201,58.2921082
233,Sandre,sandre,isolated_dwelling,26.470384,58.2850083
233,Sillari,sillari,isolated_dwelling,26.470344,58.2806721
233,Suure-Allika,suure-allika,isolated_dwelling,26.4584602,58.2878696
233,Tavitsa,tavitsa,isolated_dwelling,26.4600457,58.2914937
233,Tiigi,tiigi,isolated_dwelling,26.4610147,58.2907445
233,Toominga,toominga,isolated_dwelling,26.4627382,58.2914341
233,Vinki,vinki,isolated_dwelling,26.4799222,58.2878365
233,Ääre,aare,isolated_dwelling,26.4676213,58.2863217
233,Elmari,elmari,isolated_dwelling,26.4930927,58.2927557
233,Everdi,everdi,isolated_dwelling,26.4948556,58.2858373
233,Juku,juku,isolated_dwelling,26.5074487,58.2808554
233,Keskküla,keskkula,isolated_dwelling,26.4871847,58.2946735
233,Kopli,kopli,isolated_dwelling,26.4883169,58.3010084
233,Kriisa,kriisa,isolated_dwelling,26.4601283,58.2957531
233,Külaotsa,kulaotsa,isolated_dwelling,26.5032433,58.2974802
233,Laaska-Marguse,laaska-marguse,isolated_dwelling,26.4909988,58.2788021
233,Lagedi,lagedi,isolated_dwelling,26.4977558,58.2860472
233,Leoski,leoski,isolated_dwelling,26.4881023,58.2992214
233,Lootuse,lootuse,isolated_dwelling,26.5061199,58.2909724
233,Niine,niine,isolated_dwelling,26.5055804,58.2883992
233,Pähkli,pahkli,isolated_dwelling,26.4963335,58.2973878
233,Pärna,parna,isolated_dwelling,26.5055419,58.2803193
233,Remli,remli,isolated_dwelling,26.508802,58.2957858
233,Suurekivi,suurekivi,isolated_dwelling,26.4956012,58.2924425
233,Tammelombi,tammelombi,isolated_dwelling,26.4836191,58.2815771
233,Tähe,tahe,isolated_dwelling,26.5108197,58.2829493
233,Tõnise,tonise,isolated_dwelling,26.4843838,58.2877024
233,Tõru,toru,isolated_dwelling,26.4581838,58.2947411
233,Ussipukte,ussipukte,isolated_dwelling,26.5001827,58.3010017
233,Uue-Piiri,uue-piiri,isolated_dwelling,26.4959081,58.3002201
233,Vahtramäe,vahtramae,isolated_dwelling,26.5027362,58.2821271
233,Vaino,vaino,isolated_dwelling,26.4904887,58.2862175
233,Vana-Tammelaane,vana-tammelaane,isolated_dwelling,26.4814973,58.2867394
233,Variku,variku,isolated_dwelling,26.4586177,58.2957492
233,Vastse-Laaska,vastse-laaska,isolated_dwelling,26.4980594,58.2828203
233,Vastsetare,vastsetare,isolated_dwelling,26.509937,58.2833037
233,Väike-Remli,vaike-remli,isolated_dwelling,26.5037053,58.2979038
233,Karu,karu,isolated_dwelling,26.5182798,58.2826638
233,Kasetamma,kasetamma,isolated_dwelling,26.499203,58.273304
233,Kruusamäe,kruusamae,isolated_dwelling,26.5008005,58.2733885
233,Noore=Laaska,noore laaska,isolated_dwelling,26.4892451,58.269037
233,Paju,paju,isolated_dwelling,26.4873709,58.2700923
233,Pärna,parna,isolated_dwelling,26.4798247,58.2624238
233,Reinu,reinu,isolated_dwelling,26.5162521,58.2786198
233,Saare,saare,isolated_dwelling,26.5118936,58.2778011
233,Tammesaare,tammesaare,isolated_dwelling,26.5040086,58.2765341
233,Tammiki,tammiki,isolated_dwelling,26.4931368,58.273908
233,Teeääre,teeaare,isolated_dwelling,26.5191143,58.279856
233,Vahenurme,vahenurme,isolated_dwelling,26.5247303,58.2826553
233,Vahetalu,vahetalu,isolated_dwelling,26.4946014,58.2739281
233,Vainu,vainu,isolated_dwelling,26.4840421,58.2635062
233,Vana-Nuia,vana-nuia,isolated_dwelling,26.47785,58.2610146
233,Katrini,katrini,isolated_dwelling,26.520673,58.2796668
233,Maanuse,maanuse,isolated_dwelling,26.5252556,58.2846309
233,Vahenmetsa,vahenmetsa,isolated_dwelling,26.4528004,58.2729505
233,Anu,anu,isolated_dwelling,26.5469945,58.2895137
233,Frodo,frodo,isolated_dwelling,26.5434657,58.2910189
233,Haaviku,haaviku,isolated_dwelling,26.5324248,58.2907782
233,Kitsemäe,kitsemae,isolated_dwelling,26.5425485,58.2917733
233,Maali,maali,isolated_dwelling,26.5210695,58.2892736
233,Metsküla,metskula,isolated_dwelling,26.517265,58.2958835
233,Oti-Lauri,oti-lauri,isolated_dwelling,26.527454,58.2922875
233,Paluoja,paluoja,isolated_dwelling,26.5392612,58.2981477
233,Rännä,ranna,isolated_dwelling,26.528058,58.2893834
233,Tammeotsa,tammeotsa,isolated_dwelling,26.5431591,58.2929375
233,Ukuari,ukuari,isolated_dwelling,26.5179702,58.2902469
233,Vahtraõue,vahtraoue,isolated_dwelling,26.5407685,58.2964329
233,Ela,ela,isolated_dwelling,26.5312849,58.3191698
233,Kingu,kingu,isolated_dwelling,26.5147707,58.3197205
233,Kolmnurga,kolmnurga,isolated_dwelling,26.5413193,58.3152134
233,Kurvi,kurvi,isolated_dwelling,26.5301888,58.31978
233,Liivasepa,liivasepa,isolated_dwelling,26.5164918,58.3201015
233,Metsavälu,metsavalu,isolated_dwelling,26.5178528,58.318768
233,Miilimäe,miilimae,isolated_dwelling,26.5169217,58.311625
233,Mägiste,magiste,isolated_dwelling,26.5197858,58.3203095
233,Pedastiku,pedastiku,isolated_dwelling,26.5159641,58.3197127
233,Roa,roa,isolated_dwelling,26.5311296,58.3182962
233,Uibolaane,uibolaane,isolated_dwelling,26.5216902,58.3206237
233,Vana-Roa,vana-roa,isolated_dwelling,26.5313478,58.3203409
233,Altvälja,altvalja,isolated_dwelling,26.5823519,58.31759
233,Kasavere,kasavere,isolated_dwelling,26.5601452,58.313801
233,Kleisi,kleisi,isolated_dwelling,26.5871065,58.3193591
233,Lõopesa,loopesa,isolated_dwelling,26.5864293,58.3187494
233,Metsasopi,metsasopi,isolated_dwelling,26.5319446,58.3272065
233,Napa,napa,isolated_dwelling,26.5593585,58.3252563
233,Pürja,purja,isolated_dwelling,26.5856264,58.3195423
233,Saare,saare,isolated_dwelling,26.5774274,58.3223866
233,Saare,saare,isolated_dwelling,26.5864487,58.3231946
233,Sõstra,sostra,isolated_dwelling,26.581455,58.3171869
233,Tinni,tinni,isolated_dwelling,26.5638813,58.3257437
233,Tähe,tahe,isolated_dwelling,26.5519531,58.3196853
233,Vana-Laaska,vana-laaska,isolated_dwelling,26.5588826,58.3280335
233,Aarnamäe,aarnamae,isolated_dwelling,26.5920481,58.3075833
233,Lehe,lehe,isolated_dwelling,26.5845951,58.304701
233,Oru,oru,isolated_dwelling,26.5935345,58.3077864
233,Saasilla,saasilla,isolated_dwelling,26.5962766,58.3089148
233,Tammeoru,tammeoru,isolated_dwelling,26.5838149,58.3059871
233,Endla,endla,isolated_dwelling,26.6017595,58.3216147
233,Tiksu,tiksu,isolated_dwelling,26.4554373,58.2630091
233,Kandi,kandi,isolated_dwelling,26.4649878,58.2721091
233,Kanniko,kanniko,isolated_dwelling,26.4546712,58.266027
233,Kingu,kingu,isolated_dwelling,26.6007198,58.3216127
233,Krooni,krooni,isolated_dwelling,26.4580422,58.2606658
233,Nõlvaku,nolvaku,isolated_dwelling,26.4594045,58.2576241
233,Ollise,ollise,isolated_dwelling,26.4706777,58.2711884
233,Rähni,rahni,isolated_dwelling,26.5972564,58.3214172
233,Sirgekase,sirgekase,isolated_dwelling,26.4652027,58.2741648
233,Sirgekase,sirgekase,isolated_dwelling,26.4660014,58.2753932
233,Sooääre,sooaare,isolated_dwelling,26.5972948,58.3222184
233,Tasa,tasa,isolated_dwelling,26.4784868,58.2703387
233,Tepripalu,tepripalu,isolated_dwelling,26.4650846,58.2571534
233,Timuski,timuski,isolated_dwelling,26.4602138,58.2573646
233,Öpiku,opiku,isolated_dwelling,26.4645929,58.2746752
233,Orava,orava,isolated_dwelling,26.483392,58.2735587
233,Soone,soone,isolated_dwelling,26.4855777,58.2747627
233,Männiku,manniku,isolated_dwelling,26.4619772,58.2554447
233,Voika,voika,isolated_dwelling,26.4737797,58.2565963
233,Tabuli,tabuli,isolated_dwelling,26.4402313,58.2939889
233,Aava,aava,isolated_dwelling,26.5890313,58.2935088
233,Eha,eha,isolated_dwelling,26.5969713,58.2978157
233,Järiste,jariste,isolated_dwelling,26.5704412,58.2895012
233,Kabeli,kabeli,isolated_dwelling,26.564255,58.2797534
233,Karujärve,karujarve,isolated_dwelling,26.5685302,58.2772938
233,Karusoo,karusoo,isolated_dwelling,26.5709935,58.2824774
233,Kiisa,kiisa,isolated_dwelling,26.5723943,58.2902188
233,Kooli,kooli,isolated_dwelling,26.5971492,58.2807644
233,Kruusamäe,kruusamae,isolated_dwelling,26.5619926,58.2955341
233,Kuusiku,kuusiku,isolated_dwelling,26.5623309,58.2934372
233,Kõrgemäe,korgemae,isolated_dwelling,26.5803742,58.2961276
233,Kõrtsi,kortsi,isolated_dwelling,26.561932,58.283814
233,Laari,laari,isolated_dwelling,26.57301,58.2843003
233,Lõhmuse,lohmuse,isolated_dwelling,26.5800571,58.2780417
233,Matsjaago,matsjaago,isolated_dwelling,26.5984087,58.2822253
233,Märdi,mardi,isolated_dwelling,26.5692157,58.2920031
233,Paako,paako,isolated_dwelling,26.56743,58.2740628
233,Piiri,piiri,isolated_dwelling,26.5667716,58.3029753
233,Päeva,paeva,isolated_dwelling,26.5700593,58.2877014
233,Pärdi,pardi,isolated_dwelling,26.565435,58.2784952
233,Rajala,rajala,isolated_dwelling,26.5772406,58.2955506
233,Raudteemaja,raudteemaja,isolated_dwelling,26.5861686,58.2941604
233,Rästa,rasta,isolated_dwelling,26.5707955,58.2987442
233,Sereski-Järve,sereski-jarve,isolated_dwelling,26.5863376,58.2791375
233,Sereski-Laari,sereski-laari,isolated_dwelling,26.6008655,58.2799463
233,Tigase,tigase,isolated_dwelling,26.5670582,58.3007851
233,Tiigi-Sereski,tiigi-sereski,isolated_dwelling,26.5813731,58.2782674
233,Villa,villa,isolated_dwelling,26.578707,58.2851916
233,Ülesõidu,ulesoidu,isolated_dwelling,26.5682849,58.2870878
233,Ületee,uletee,isolated_dwelling,26.5748344,58.2900814
233,Antsu,antsu,isolated_dwelling,26.6160989,58.2831248
233,Ipa,ipa,isolated_dwelling,26.5982871,58.2868715
233,Kingu,kingu,isolated_dwelling,26.6091058,58.2776113
233,Konsa,konsa,isolated_dwelling,26.6262198,58.2913925
233,Korbi,korbi,isolated_dwelling,26.597692,58.2852843
233,Kriivo,kriivo,isolated_dwelling,26.5972575,58.2914918
233,Kuivaleski,kuivaleski,isolated_dwelling,26.6052731,58.2829564
233,Kuusiku,kuusiku,isolated_dwelling,26.5960049,58.2755834
233,Linda,linda,isolated_dwelling,26.6395816,58.3024988
233,Sootla,sootla,isolated_dwelling,26.639528,58.3018662
233,Tiigi,tiigi,isolated_dwelling,26.5872967,58.2744232
233,Tooma,tooma,isolated_dwelling,26.5979556,58.2843018
233,Uhti,uhti,isolated_dwelling,26.6341141,58.2975822
233,Väike-Pärna,vaike-parna,isolated_dwelling,26.6137046,58.281114
233,Arraka,arraka,isolated_dwelling,26.6135439,58.3006156
233,Haldjamätta,haldjamatta,isolated_dwelling,26.6452177,58.3169082
233,Jänesmäe,janesmae,isolated_dwelling,26.653791,58.3088375
233,Metsavahe,metsavahe,isolated_dwelling,26.6222353,58.2762724
233,Mätta,matta,isolated_dwelling,26.6525166,58.3148058
233,Näki,naki,isolated_dwelling,26.6551034,58.3225925
233,Oksilauri,oksilauri,isolated_dwelling,26.6162943,58.3072629
233,Otsa,otsa,isolated_dwelling,26.6144364,58.297226
233,Piiri,piiri,isolated_dwelling,26.6137666,58.3025994
233,Savi,savi,isolated_dwelling,26.6588971,58.313951
233,Söödi,soodi,isolated_dwelling,26.6337022,58.3151814
233,Taaveti,taaveti,isolated_dwelling,26.6382033,58.3035265
233,Tamme,tamme,isolated_dwelling,26.6133595,58.2995408
233,Urvakase,urvakase,isolated_dwelling,26.6138049,58.3119078
233,Vastse-Rebase,vastse-rebase,isolated_dwelling,26.6232235,58.2739287
233,Väikehaldja,vaikehaldja,isolated_dwelling,26.6422893,58.3186257
233,Järve,jarve,isolated_dwelling,26.6826075,58.2985024
233,Saareke,saareke,isolated_dwelling,26.7053665,58.2966451
233,Suitsumetsa,suitsumetsa,isolated_dwelling,26.6844981,58.301987
233,Tilseni,tilseni,isolated_dwelling,26.6868093,58.2968935
233,Suitsu,suitsu,isolated_dwelling,26.6881043,58.3059903
233,Vahtra,vahtra,isolated_dwelling,26.6856588,58.3049381
233,Kulli,kulli,isolated_dwelling,26.7118424,58.3022474
233,Tähe,tahe,isolated_dwelling,26.7037093,58.305808
233,Tähelille,tahelille,isolated_dwelling,26.7039178,58.3042376
233,Uhti,uhti,isolated_dwelling,26.7154791,58.3007796
233,Laukmäe,laukmae,isolated_dwelling,26.6692389,58.3122866
233,Nuia,nuia,isolated_dwelling,26.6963667,58.2844123
233,Pursi,pursi,isolated_dwelling,26.7096392,58.2813612
233,Vana-Soosaare,vana-soosaare,isolated_dwelling,26.693746,58.283392
233,Markuse,markuse,isolated_dwelling,26.7057613,58.2835461
233,Alliku,alliku,isolated_dwelling,26.7253285,58.2890018
233,Jõoääre,jooaare,isolated_dwelling,26.72745,58.2895342
233,Kase,kase,isolated_dwelling,26.7076556,58.2829814
233,Kaubi,kaubi,isolated_dwelling,26.7122119,58.2835962
233,Kooli,kooli,isolated_dwelling,26.7168626,58.2968644
233,Kulli,kulli,isolated_dwelling,26.7227547,58.2799084
233,Marta,marta,isolated_dwelling,26.7299016,58.2829686
233,Nurme,nurme,isolated_dwelling,26.7295417,58.2813719
233,Pärnavälja,parnavalja,isolated_dwelling,26.6980811,58.2912767
233,Sulaoja,sulaoja,isolated_dwelling,26.7269332,58.28527
233,Tamme,tamme,isolated_dwelling,26.698648,58.2898981
233,Allika,allika,isolated_dwelling,26.737842,58.2836269
233,Kuiva,kuiva,isolated_dwelling,26.7302826,58.2893379
233,Antsu,antsu,isolated_dwelling,26.7243506,58.2729316
233,Jalaka,jalaka,isolated_dwelling,26.7340715,58.2756021
233,Jüritalu,juritalu,isolated_dwelling,26.7044068,58.2721581
233,Kubja,kubja,isolated_dwelling,26.7246944,58.2718388
233,Kure,kure,isolated_dwelling,26.7010878,58.2728381
233,Kuusiku,kuusiku,isolated_dwelling,26.7196935,58.2727351
233,Lipingu,lipingu,isolated_dwelling,26.7346018,58.2751019
233,Makardi,makardi,isolated_dwelling,26.6889384,58.2710462
233,Metsa,metsa,isolated_dwelling,26.7164493,58.2734151
233,Paju,paju,isolated_dwelling,26.7336646,58.2784372
233,Pargi,pargi,isolated_dwelling,26.7352718,58.2707892
233,Pedaja,pedaja,isolated_dwelling,26.7268841,58.2758702
233,Pihlapuu,pihlapuu,isolated_dwelling,26.724672,58.2712137
233,Pikknurme,pikknurme,isolated_dwelling,26.7297327,58.2696569
233,Pärnamäe,parnamae,isolated_dwelling,26.7299869,58.2706358
233,Põdra tee,podra tee,isolated_dwelling,26.725633,58.2793416
233,Rauno,rauno,isolated_dwelling,26.704992,58.2732983
233,Reinivere,reinivere,isolated_dwelling,26.7264729,58.277409
233,Reino,reino,isolated_dwelling,26.7265589,58.2768607
233,Repsu,repsu,isolated_dwelling,26.7223622,58.2722398
233,Roosimäe,roosimae,isolated_dwelling,26.7325436,58.2786697
233,Saare,saare,isolated_dwelling,26.7347108,58.2807957
233,Söödi,soodi,isolated_dwelling,26.7087535,58.274757
233,Tamme,tamme,isolated_dwelling,26.7343836,58.2715287
233,Uibo,uibo,isolated_dwelling,26.7287684,58.2708324
233,Vaino,vaino,isolated_dwelling,26.7321895,58.280112
233,Virumõisa,virumoisa,isolated_dwelling,26.736646,58.2720699
233,Ainoja,ainoja,isolated_dwelling,26.7237549,58.2674761
233,Hõimre,hoimre,isolated_dwelling,26.7348165,58.2686026
233,Jaanuse,jaanuse,isolated_dwelling,26.7064367,58.2666124
233,Kase,kase,isolated_dwelling,26.6975108,58.2647384
233,Männiku,manniku,isolated_dwelling,26.7051855,58.2699896
233,Paali,paali,isolated_dwelling,26.6927503,58.2624552
233,Raudsepa,raudsepa,isolated_dwelling,26.7089149,58.2654527
233,Salu,salu,isolated_dwelling,26.7105852,58.2657697
233,Tohvre,tohvre,isolated_dwelling,26.6895957,58.2650431
233,Vana-Paali,vana-paali,isolated_dwelling,26.6873059,58.2617378
233,Vanajärve,vanajarve,isolated_dwelling,26.7391222,58.2693299
233,Varbola,varbola,isolated_dwelling,26.7284117,58.2695806
233,Visa,visa,isolated_dwelling,26.6789279,58.2653015
233,Lauri,lauri,isolated_dwelling,26.7097706,58.2773959
233,Orru,orru,isolated_dwelling,26.7001933,58.2618178
233,Vahemetsa,vahemetsa,isolated_dwelling,26.6817456,58.2769266
233,Anni,anni,isolated_dwelling,26.6832705,58.2592503
233,Tatramäe,tatramae,isolated_dwelling,26.6872358,58.2574906
233,Haabsaare,haabsaare,isolated_dwelling,26.6968844,58.3338233
233,Härma,harma,isolated_dwelling,26.7004266,58.3324786
233,Ilumäe,ilumae,isolated_dwelling,26.6975648,58.318476
233,Jõesaare,joesaare,isolated_dwelling,26.6709723,58.3305114
233,Kallastre,kallastre,isolated_dwelling,26.6941885,58.3173258
233,Karusmarja,karusmarja,isolated_dwelling,26.6720721,58.3192838
233,Keskküla,keskkula,isolated_dwelling,26.6950247,58.33243
233,Kure,kure,isolated_dwelling,26.6852694,58.332285
233,Kuuse,kuuse,isolated_dwelling,26.6727353,58.3304714
233,Lohu,lohu,isolated_dwelling,26.6687416,58.3332777
233,Luige,luige,isolated_dwelling,26.6715327,58.317348
233,Masso,masso,isolated_dwelling,26.6878046,58.3123716
233,Metsavahi,metsavahi,isolated_dwelling,26.6870321,58.3333427
233,Paju,paju,isolated_dwelling,26.6782539,58.3317706
233,Parsti,parsti,isolated_dwelling,26.6791113,58.3376075
233,Pärna,parna,isolated_dwelling,26.6726828,58.3340146
233,Rehetaguse,rehetaguse,isolated_dwelling,26.7019061,58.33148
233,Tedremäe,tedremae,isolated_dwelling,26.6754216,58.3221853
233,Vainu,vainu,isolated_dwelling,26.6742299,58.3343209
233,Vapra,vapra,isolated_dwelling,26.689686,58.3241296
233,Vatseli,vatseli,isolated_dwelling,26.6914462,58.3222034
233,Õnnela,onnela,isolated_dwelling,26.6639355,58.3186304
233,Karroma,karroma,isolated_dwelling,26.6379595,58.2682471
233,Kilgi,kilgi,isolated_dwelling,26.6519875,58.2839736
233,Kirsti,kirsti,isolated_dwelling,26.614521,58.276927
233,Latika,latika,isolated_dwelling,26.6555526,58.2796394
233,Lõsta,losta,isolated_dwelling,26.6587955,58.2798624
233,Matu,matu,isolated_dwelling,26.6078535,58.269376
233,Moosese,moosese,isolated_dwelling,26.6478333,58.2743212
233,Nahkru,nahkru,isolated_dwelling,26.6528209,58.2761197
233,Piiri,piiri,isolated_dwelling,26.6518207,58.2751191
233,Tamme,tamme,isolated_dwelling,26.6522322,58.2825588
233,Vahtra,vahtra,isolated_dwelling,26.6189286,58.2693123
233,Vana-Rebase,vana-rebase,isolated_dwelling,26.6258662,58.2683979
233,Karroma,karroma,isolated_dwelling,26.5948143,58.2688599
233,Kuuse,kuuse,isolated_dwelling,26.6147576,58.3151549
233,Saasilla,saasilla,isolated_dwelling,26.611737,58.3156724
233,Orava,orava,isolated_dwelling,26.6327416,58.3240343
233,Vaino,vaino,isolated_dwelling,26.627652,58.3232436
233,Kristjani,kristjani,isolated_dwelling,26.6445967,58.3253885
233,Paju,paju,isolated_dwelling,26.640666,58.3246509
233,Väljari,valjari,isolated_dwelling,26.6367947,58.3233594
233,Kaera,kaera,isolated_dwelling,26.6576221,58.3323939
233,Saaremäe,saaremae,isolated_dwelling,26.6681332,58.3354963
233,Tamme,tamme,isolated_dwelling,26.6552041,58.3307429
233,Vastse-Kuusiku,vastse-kuusiku,isolated_dwelling,26.6632232,58.3342383
233,Kase,kase,isolated_dwelling,26.6556387,58.3362275
233,Kärdi,kardi,isolated_dwelling,26.6504569,58.3357519
233,Metsavere,metsavere,isolated_dwelling,26.6497923,58.3331566
233,Sandra,sandra,isolated_dwelling,26.6455856,58.3317973
233,Eespere,eespere,isolated_dwelling,26.6520682,58.3393943
233,Kunnuse,kunnuse,isolated_dwelling,26.6504399,58.3401224
233,Talviku,talviku,isolated_dwelling,26.6698751,58.3371087
233,Merimetsa,merimetsa,isolated_dwelling,26.687169,58.3414284
233,Mäe,mae,isolated_dwelling,26.6917156,58.3407312
233,Mäeotsa,maeotsa,isolated_dwelling,26.6724221,58.3390951
233,Piiri,piiri,isolated_dwelling,26.6770417,58.3415319
233,Nigula,nigula,isolated_dwelling,26.6704896,58.3402744
233,Kullerkupu,kullerkupu,isolated_dwelling,26.624496,58.3315875
233,Lilleoru,lilleoru,isolated_dwelling,26.6292305,58.3326315
233,Lainela,lainela,isolated_dwelling,26.6311609,58.3346794
233,Lepasaare,lepasaare,isolated_dwelling,26.6366856,58.3327696
233,Lillemetsa,lillemetsa,isolated_dwelling,26.6329143,58.3346614
233,Lohu,lohu,isolated_dwelling,26.6376599,58.3357654
233,Loigu,loigu,isolated_dwelling,26.6405679,58.338045
233,Johannese,johannese,isolated_dwelling,26.7116943,58.3385825
233,Männi,manni,isolated_dwelling,26.6989392,58.3426439
233,Lehe,lehe,isolated_dwelling,26.6878936,58.3433212
233,Varika,varika,isolated_dwelling,26.6890248,58.3434567
233,Varika,varika,isolated_dwelling,26.6979481,58.3436186
233,Väike-Tedre,vaike-tedre,isolated_dwelling,26.678619,58.3485826
233,Pöidla,poidla,isolated_dwelling,26.6688236,58.3466276
233,Kallaku,kallaku,isolated_dwelling,26.6412037,58.3459474
233,Varikmäe,varikmae,isolated_dwelling,26.6552369,58.3461074
233,Kuusiku,kuusiku,isolated_dwelling,26.641672,58.3433673
233,Lina-Laane,lina-laane,isolated_dwelling,26.6459424,58.3468687
233,Oja,oja,isolated_dwelling,26.6439784,58.3467972
233,Pargi,pargi,isolated_dwelling,26.6653951,58.3439293
233,Puhhi,puhhi,isolated_dwelling,26.6578167,58.3425519
233,Võsu,vosu,isolated_dwelling,26.6585419,58.3435734
233,Laose,laose,isolated_dwelling,26.6459143,58.3512456
233,Oja,oja,isolated_dwelling,26.6394966,58.356766
233,Piiri,piiri,isolated_dwelling,26.6486049,58.3587811
233,Saarte,saarte,isolated_dwelling,26.645889,58.3540298
233,Tammiku,tammiku,isolated_dwelling,26.6395668,58.3581787
233,Tuuli,tuuli,isolated_dwelling,26.6293036,58.35465
233,Piiri,piiri,isolated_dwelling,26.6262193,58.3674272
233,Sootähe,sootahe,isolated_dwelling,26.619599,58.3676555
233,Kooli-Küti,kooli-kuti,isolated_dwelling,26.5776238,58.3758973
233,Kudre,kudre,isolated_dwelling,26.5765501,58.3749989
233,Mäe-Rannu,mae-rannu,isolated_dwelling,26.5640595,58.3792997
233,Pärna,parna,isolated_dwelling,26.5496119,58.3822434
233,Rehemaa,rehemaa,isolated_dwelling,26.5832101,58.3877306
233,Rooma-Lina,rooma-lina,isolated_dwelling,26.5695213,58.3748951
233,Võidu,voidu,isolated_dwelling,26.5449418,58.3804603
233,Kopli,kopli,isolated_dwelling,26.6446159,58.3790619
233,Allika,allika,isolated_dwelling,26.6291988,58.3907653
233,Piirisaare,piirisaare,isolated_dwelling,26.6360028,58.3873335
233,Näki,naki,isolated_dwelling,26.6650343,58.3857879
233,Väike-Männiku,vaike-manniku,isolated_dwelling,26.6710569,58.3838342
233,Mündeli,mundeli,isolated_dwelling,26.6727636,58.3718375
233,Allase,allase,isolated_dwelling,27.7952102,57.8753528
233,Lohu,lohu,isolated_dwelling,27.7961768,57.8747323
233,Läbioja,labioja,isolated_dwelling,27.800605,57.8665128
233,Piiri,piiri,isolated_dwelling,27.8036761,57.873019
233,Saare,saare,isolated_dwelling,27.8049696,57.8717754
233,Saaretalu,saaretalu,isolated_dwelling,27.8080876,57.8707967
233,Sille,sille,isolated_dwelling,27.8076414,57.8735334
233,Süaoru,suaoru,isolated_dwelling,27.8066454,57.874274
233,Vahe,vahe,isolated_dwelling,27.7983934,57.8747352
233,Suvaoru,suvaoru,isolated_dwelling,27.805469,57.8693673
233,Kasesalu,kasesalu,isolated_dwelling,27.7282349,57.8996323
233,Liviku,liviku,isolated_dwelling,27.7297922,57.9015623
233,Luiga,luiga,isolated_dwelling,27.7229201,57.8972418
233,Lumbi,lumbi,isolated_dwelling,27.7340262,57.9010302
233,Mäe,mae,isolated_dwelling,27.7324283,57.9031727
233,Põllumetsa,pollumetsa,isolated_dwelling,27.7322598,57.8972576
233,Rebase,rebase,isolated_dwelling,27.7323405,57.8978696
233,Saarte,saarte,isolated_dwelling,27.7200674,57.899276
233,Söödi,soodi,isolated_dwelling,27.731552,57.8985323
233,Väike-Metsaääre,vaike-metsaaare,isolated_dwelling,27.721862,57.8979916
233,Ees-Siimani,ees-siimani,isolated_dwelling,27.8013052,57.8952182
233,Nurme,nurme,isolated_dwelling,27.7982682,57.8962403
233,Ruusa,ruusa,isolated_dwelling,27.8114347,57.888885
233,Saare,saare,isolated_dwelling,27.8053825,57.8969888
233,Sootalu,sootalu,isolated_dwelling,27.7971397,57.8963418
233,Viinaku,viinaku,isolated_dwelling,27.7946773,57.8971883
233,Läte,late,isolated_dwelling,27.794428,57.895565
233,Piiritalu,piiritalu,isolated_dwelling,27.7929102,57.894454
233,Kõrgessaare,korgessaare,isolated_dwelling,27.7801555,57.8963393
233,Mäepliini,maepliini,isolated_dwelling,27.7873684,57.8941755
233,Kaljusaare,kaljusaare,isolated_dwelling,27.7971287,57.8870044
233,Kase,kase,isolated_dwelling,27.7857241,57.8899581
233,Oja,oja,isolated_dwelling,27.7908896,57.8864915
233,Variku,variku,isolated_dwelling,27.788461,57.8864929
233,Anvade,anvade,isolated_dwelling,27.7928248,57.8833987
233,Muru,muru,isolated_dwelling,27.7894933,57.8819379
233,Kallaste,kallaste,isolated_dwelling,27.7793856,57.8824075
233,Kõrvermäe,korvermae,isolated_dwelling,27.7928235,57.878943
233,Laane,laane,isolated_dwelling,27.8022527,57.8809954
233,Trulli,trulli,isolated_dwelling,27.7917627,57.8782573
233,Väike-Alaane,vaike-alaane,isolated_dwelling,27.7949656,57.8784569
233,Skorpioni,skorpioni,isolated_dwelling,27.7658637,57.8880193
233,Tõrvametsa,torvametsa,isolated_dwelling,27.7551502,57.8809946
233,Kivistika,kivistika,isolated_dwelling,27.7438751,57.8831564
233,Saariku,saariku,isolated_dwelling,27.7587473,57.8793392
233,Papli,papli,isolated_dwelling,27.7784748,57.8741955
233,Tammemaäe,tammemaae,isolated_dwelling,27.7815194,57.8742525
233,Aasa,aasa,isolated_dwelling,27.7705977,57.8772463
233,Toomemaäe,toomemaae,isolated_dwelling,27.770778,57.8762145
233,Kesknurme,kesknurme,isolated_dwelling,27.7656838,57.877916
233,Külaserva,kulaserva,isolated_dwelling,27.7677845,57.8796788
233,Rähni,rahni,isolated_dwelling,27.7650898,57.8785062
233,Savitare,savitare,isolated_dwelling,27.7682501,57.8782151
233,Tamme,tamme,isolated_dwelling,27.7629695,57.8779607
233,Väike-Kirpnurme,vaike-kirpnurme,isolated_dwelling,27.7665275,57.8784659
233,Kaasiku,kaasiku,isolated_dwelling,27.7514393,57.8689055
233,Kingu,kingu,isolated_dwelling,27.7453143,57.8684198
233,Peebuse,peebuse,isolated_dwelling,27.7518277,57.8744926
233,Pärna,parna,isolated_dwelling,27.7462441,57.8728986
233,Voogu,voogu,isolated_dwelling,27.7509412,57.8706504
233,Renaldo,renaldo,isolated_dwelling,27.7238378,57.8884192
233,Kõivu,koivu,isolated_dwelling,27.7148053,57.8588052
233,Kõlametsa,kolametsa,isolated_dwelling,27.7421702,57.8415045
233,Metsasalu,metsasalu,isolated_dwelling,27.711267,57.8424388
233,Müürüäe,muuruae,isolated_dwelling,27.7168024,57.8579256
233,Papingu,papingu,isolated_dwelling,27.7108972,57.8549979
233,Till'o veski,till'o veski,isolated_dwelling,27.711806,57.8469379
233,Vareme,vareme,isolated_dwelling,27.7165906,57.8571479
233,Ojaveere,ojaveere,isolated_dwelling,27.712548,57.8783162
233,Savi,savi,isolated_dwelling,27.7142619,57.8770255
233,Leo,leo,isolated_dwelling,27.707804,57.921228
233,Lohu,lohu,isolated_dwelling,27.7150529,57.9156248
233,Mäe,mae,isolated_dwelling,27.7115364,57.9160444
233,Nikolai,nikolai,isolated_dwelling,27.7101736,57.9157644
233,Piiriveere,piiriveere,isolated_dwelling,27.7148187,57.9164574
233,Sepa,sepa,isolated_dwelling,27.7088753,57.9133812
233,Väike-Liivaku,vaike-liivaku,isolated_dwelling,27.7063625,57.92017
233,Väike-Palandu,vaike-palandu,isolated_dwelling,27.7005115,57.9188454
233,Kingu,kingu,isolated_dwelling,27.6743332,57.9229676
233,Mäe,mae,isolated_dwelling,27.6651042,57.9312856
233,Silla,silla,isolated_dwelling,27.6643842,57.9323158
233,Kraavi,kraavi,isolated_dwelling,27.6610415,57.9334598
233,Kõivu,koivu,isolated_dwelling,27.6604569,57.9350089
233,Mägede,magede,isolated_dwelling,27.6666118,57.9373043
233,Võsu,vosu,isolated_dwelling,27.6604892,57.9355665
233,Laanelinnu,laanelinnu,isolated_dwelling,27.6659508,57.9403932
233,Luige,luige,isolated_dwelling,27.657677,57.9438586
233,Varahoidla,varahoidla,isolated_dwelling,27.6581265,57.9419613
233,Härma,harma,isolated_dwelling,27.6530819,57.9410472
233,Jäägri,jaagri,isolated_dwelling,27.6453554,57.9398329
233,Liiva,liiva,isolated_dwelling,27.6427648,57.9393223
233,Leenarti,leenarti,isolated_dwelling,27.6300611,57.9398506
233,Nikolai,nikolai,isolated_dwelling,27.6291175,57.9402724
233,Tiigi Harri,tiigi harri,isolated_dwelling,27.6419844,57.9405715
233,Lombi,lombi,isolated_dwelling,27.6433473,57.9419645
233,Soojamäe,soojamae,isolated_dwelling,27.6448074,57.9411197
233,Variku,variku,isolated_dwelling,27.6428252,57.9417753
233,Kuke,kuke,isolated_dwelling,27.6561898,57.9459124
233,Liivaku,liivaku,isolated_dwelling,27.6551352,57.9469466
233,Uibo,uibo,isolated_dwelling,27.6546412,57.9462256
233,Järve,jarve,isolated_dwelling,27.655393,57.9518108
233,Rebase,rebase,isolated_dwelling,27.6577092,57.950379
233,Võsu,vosu,isolated_dwelling,27.6604096,57.9505387
233,Kivi,kivi,isolated_dwelling,27.6554129,57.9650942
233,Kuuse,kuuse,isolated_dwelling,27.6616668,57.9649971
233,Liivaku,liivaku,isolated_dwelling,27.6665919,57.9621793
233,Järve,jarve,isolated_dwelling,27.6678029,57.9673323
233,Kõivu,koivu,isolated_dwelling,27.6758616,57.9645839
233,Uibometsa,uibometsa,isolated_dwelling,27.6760885,57.965054
233,Dolgaja Luža,dolgaja luza,isolated_dwelling,27.6516102,57.9780569
233,Paluääre,paluaare,isolated_dwelling,27.6572374,57.9774234
233,Adra,adra,isolated_dwelling,27.6370116,57.9871366
233,Järve,jarve,isolated_dwelling,27.6699467,57.9888098
233,Järveäärse,jarveaarse,isolated_dwelling,27.6471955,57.9829606
233,Kure,kure,isolated_dwelling,27.6752504,57.993137
233,Liiviku,liiviku,isolated_dwelling,27.665904,57.9936212
233,Muhkli,muhkli,isolated_dwelling,27.662566,57.9953281
233,Mäeviiri,maeviiri,isolated_dwelling,27.6374645,57.9844727
233,Orkini,orkini,isolated_dwelling,27.645778,57.9852185
233,Otsa,otsa,isolated_dwelling,27.669709,57.9957544
233,Sagorja,sagorja,isolated_dwelling,27.6442084,57.9849296
233,Hõbemäe,hobemae,isolated_dwelling,27.6512069,57.9848128
233,Järve,jarve,isolated_dwelling,27.6650837,58.008339
233,Kadastiku,kadastiku,isolated_dwelling,27.6827523,57.9922186
233,Kooli,kooli,isolated_dwelling,27.6815017,57.9935854
233,Kuuse,kuuse,isolated_dwelling,27.6465739,57.9926004
233,Kuuse,kuuse,isolated_dwelling,27.6847747,57.9927419
233,Lepa,lepa,isolated_dwelling,27.6817631,57.9970124
233,Paju,paju,isolated_dwelling,27.6644059,58.0080825
233,Palo,palo,isolated_dwelling,27.6834622,57.9936548
233,Palu,palu,isolated_dwelling,27.6755228,57.9967065
233,Pihalaka,pihalaka,isolated_dwelling,27.6618834,58.0083133
233,Tamme,tamme,isolated_dwelling,27.6477327,57.9970081
233,Tamme,tamme,isolated_dwelling,27.6624061,58.0058693
233,Toominga,toominga,isolated_dwelling,27.6630938,58.0086263
233,Tumala,tumala,isolated_dwelling,27.6803651,57.9910437
233,Unga,unga,isolated_dwelling,27.6718927,57.9960894
233,Vabama,vabama,isolated_dwelling,27.6636241,58.0075716
233,Variku,variku,isolated_dwelling,27.6706165,57.9987263
233,Viilumbi,viilumbi,isolated_dwelling,27.6639604,58.0089136
233,Aldo,aldo,isolated_dwelling,27.633192,57.991232
233,Haukamägi,haukamagi,isolated_dwelling,27.635037,57.9893739
233,Hõbetalu,hobetalu,isolated_dwelling,27.6345306,57.9884493
233,Järvere,jarvere,isolated_dwelling,27.6425847,57.9994673
233,Mäelohu,maelohu,isolated_dwelling,27.6417054,57.9979505
233,Niidu,niidu,isolated_dwelling,27.6384179,57.9994401
233,Pekareva,pekareva,isolated_dwelling,27.6386898,58.0000224
233,Uibo,uibo,isolated_dwelling,27.6349319,57.9907309
233,Ülenurme,ulenurme,isolated_dwelling,27.6360016,57.9921886
233,Kalda,kalda,isolated_dwelling,25.3328812,59.4895116
233,Kuuse,kuuse,isolated_dwelling,25.3329431,59.4884637
233,Lilleoru,lilleoru,isolated_dwelling,25.3328769,59.4864227
233,Raja,raja,isolated_dwelling,26.4802789,58.2139963
233,Reisa,reisa,isolated_dwelling,26.4795827,58.2124365
233,Robi,robi,isolated_dwelling,26.484171,58.2128213
233,Tannu,tannu,isolated_dwelling,26.4826259,58.2128478
233,Tapatsi,tapatsi,isolated_dwelling,26.4890784,58.2125192
233,Tenno,tenno,isolated_dwelling,26.4861866,58.2127122
233,Vahilaari,vahilaari,isolated_dwelling,26.4889828,58.2131025
233,Laari,laari,isolated_dwelling,26.4615372,58.1981296
233,Lauri vesiveski,lauri vesiveski,isolated_dwelling,26.4645561,58.1980444
233,Saarekannu,saarekannu,isolated_dwelling,26.4685696,58.2032079
233,Evardi,evardi,isolated_dwelling,26.4848228,58.2418242
233,Haldja,haldja,isolated_dwelling,26.5027592,58.2432025
233,Haliika,haliika,isolated_dwelling,26.4773324,58.2492108
233,Jaagupi,jaagupi,isolated_dwelling,26.5010566,58.2497057
233,Kadastiku,kadastiku,isolated_dwelling,26.4878133,58.2466129
233,Kase,kase,isolated_dwelling,26.4924864,58.2243791
233,Kiikka,kiikka,isolated_dwelling,26.4733657,58.2318189
233,Kile,kile,isolated_dwelling,26.4827994,58.2228068
233,Kingu,kingu,isolated_dwelling,26.4975899,58.2382814
233,Kirbu,kirbu,isolated_dwelling,26.5282244,58.2512611
233,Käritse,karitse,isolated_dwelling,26.5270323,58.2288962
233,Küti,kuti,isolated_dwelling,26.4865006,58.2383625
233,Laanetaga,laanetaga,isolated_dwelling,26.4850899,58.232528
233,Lalli,lalli,isolated_dwelling,26.4794356,58.2403765
233,Lota,lota,isolated_dwelling,26.4961568,58.2398815
233,Madise,madise,isolated_dwelling,26.5121108,58.2319791
233,Meose,meose,isolated_dwelling,26.4632397,58.2342313
233,Mets-Tiirike,mets-tiirike,isolated_dwelling,26.4652924,58.2276809
233,Miku,miku,isolated_dwelling,26.4728566,58.2218668
233,Mõrsjamäe,morsjamae,isolated_dwelling,26.5354341,58.2229118
233,Müüri,muuri,isolated_dwelling,26.5106018,58.2486762
233,Müürsepa,muursepa,isolated_dwelling,26.4903364,58.241163
233,Nõlvaku,nolvaku,isolated_dwelling,26.4591496,58.230976
233,Peetsu,peetsu,isolated_dwelling,26.479276,58.2461528
233,Peksu,peksu,isolated_dwelling,26.5021758,58.2369091
233,Piirilaane,piirilaane,isolated_dwelling,26.4702848,58.2325485
233,Püve,puve,isolated_dwelling,26.4647273,58.2124464
233,Retto,retto,isolated_dwelling,26.5185228,58.233493
233,Räisaotsa,raisaotsa,isolated_dwelling,26.4639391,58.2106181
233,Räisaotsa,raisaotsa,isolated_dwelling,26.4975749,58.2473471
233,Sandre,sandre,isolated_dwelling,26.4748966,58.2300104
233,Sepa,sepa,isolated_dwelling,26.4581906,58.208967
233,Sepa,sepa,isolated_dwelling,26.5139381,58.2519624
233,Tiigi,tiigi,isolated_dwelling,26.4995726,58.2360821
233,Täkko,takko,isolated_dwelling,26.4935343,58.2240089
233,Vana-Krila,vana-krila,isolated_dwelling,26.4622567,58.2294846
233,Vana-Lombi,vana-lombi,isolated_dwelling,26.5307179,58.22043
233,Vanajärve,vanajarve,isolated_dwelling,26.5352038,58.2283479
233,Vatti,vatti,isolated_dwelling,26.4716778,58.2431506
233,Väikse-Kirila,vaikse-kirila,isolated_dwelling,26.4652823,58.2292672
233,Üleoja,uleoja,isolated_dwelling,26.499513,58.248773
233,Jaanikese,jaanikese,isolated_dwelling,26.5372133,58.2343621
233,Simmi-Antsukese,simmi-antsukese,isolated_dwelling,26.5360807,58.2347085
233,Joosepi,joosepi,isolated_dwelling,26.5645841,58.2362502
233,Kingo,kingo,isolated_dwelling,26.5682266,58.2367243
233,Kitse,kitse,isolated_dwelling,26.572276,58.2369923
233,Kraavi,kraavi,isolated_dwelling,26.5656821,58.2359356
233,Lest,lest,isolated_dwelling,26.5664385,58.2366177
233,Lombi,lombi,isolated_dwelling,26.5675318,58.2359903
233,Malmi,malmi,isolated_dwelling,26.563457,58.2355162
233,Haljasmäe,haljasmae,isolated_dwelling,26.5837698,58.2433399
233,Kivitamme,kivitamme,isolated_dwelling,26.5758809,58.2409221
233,Kolde,kolde,isolated_dwelling,26.5715099,58.2411179
233,Kopli,kopli,isolated_dwelling,26.5774112,58.2407738
233,Lepiku,lepiku,isolated_dwelling,26.5814942,58.2414815
233,Liudsepa,liudsepa,isolated_dwelling,26.5814331,58.2361697
233,Pargiääre,pargiaare,isolated_dwelling,26.5714797,58.2433354
233,Pihla,pihla,isolated_dwelling,26.5730682,58.2417892
233,Tuuleveski,tuuleveski,isolated_dwelling,26.5717518,58.2417328
233,Viinalassi,viinalassi,isolated_dwelling,26.5743639,58.2349729
233,Kurgsoo,kurgsoo,isolated_dwelling,26.5594455,58.2402917
233,Parga,parga,isolated_dwelling,26.5662746,58.2434657
233,Piiroja,piiroja,isolated_dwelling,26.5628127,58.2430543
233,Tooma,tooma,isolated_dwelling,26.5666498,58.2402447
233,Libjasaare,libjasaare,isolated_dwelling,26.5807433,58.247708
233,Liismäe,liismae,isolated_dwelling,26.5940565,58.2463143
233,Pihlaka tee,pihlaka tee,isolated_dwelling,26.5749723,58.2456139
233,Raendiku,raendiku,isolated_dwelling,26.5851628,58.2489661
233,Riivese,riivese,isolated_dwelling,26.5891332,58.2479221
233,Järveotsa,jarveotsa,isolated_dwelling,26.5513263,58.2576152
233,Klingi,klingi,isolated_dwelling,26.5596381,58.2590114
233,Tagari,tagari,isolated_dwelling,26.557484,58.2560605
233,Uue-Piirimäe,uue-piirimae,isolated_dwelling,26.5685861,58.2538302
233,Vana-Kalda,vana-kalda,isolated_dwelling,26.558859,58.2580465
233,Agali,agali,isolated_dwelling,26.5536835,58.2635918
233,Kolga,kolga,isolated_dwelling,26.5501776,58.262126
233,Silla,silla,isolated_dwelling,26.5613094,58.2619962
233,Kupi,kupi,isolated_dwelling,26.5715537,58.2674978
233,Käru,karu,isolated_dwelling,26.5735145,58.2669323
233,Maksina,maksina,isolated_dwelling,26.5675581,58.2681386
233,Metsasalu,metsasalu,isolated_dwelling,26.5609848,58.2675016
233,Oleski,oleski,isolated_dwelling,26.5685821,58.267775
233,Paju,paju,isolated_dwelling,26.5629814,58.2676282
233,Puksmani,puksmani,isolated_dwelling,26.5783607,58.2607655
233,Saarekannu,saarekannu,isolated_dwelling,26.574349,58.2675355
233,Võsu,vosu,isolated_dwelling,26.570555,58.2685232
233,Ukuaru,ukuaru,isolated_dwelling,26.5775591,58.2641164
233,Alliku,alliku,isolated_dwelling,26.5834557,58.2620986
233,Järveotsa,jarveotsa,isolated_dwelling,26.5861805,58.2619638
233,Kingu,kingu,isolated_dwelling,26.5923685,58.2548686
233,Kõrgemäe,korgemae,isolated_dwelling,26.589139,58.2615736
233,Küti,kuti,isolated_dwelling,26.5869751,58.2573493
233,Lohu,lohu,isolated_dwelling,26.5888781,58.2627383
233,Luhasoo,luhasoo,isolated_dwelling,26.5945613,58.2545322
233,Lätte,latte,isolated_dwelling,26.5902518,58.2562061
233,Paju,paju,isolated_dwelling,26.5838491,58.2599014
233,Eha,eha,isolated_dwelling,26.5927459,58.2606298
233,Nurmenuku,nurmenuku,isolated_dwelling,26.5921037,58.2614225
233,Kungla,kungla,isolated_dwelling,26.6118222,58.2536907
233,Maarjakase,maarjakase,isolated_dwelling,26.599531,58.2571572
233,Muru,muru,isolated_dwelling,26.6094131,58.2540423
233,Männimäe,mannimae,isolated_dwelling,26.6135392,58.2522956
233,Vahu,vahu,isolated_dwelling,26.5994264,58.2588677
233,Vana-Kase,vana-kase,isolated_dwelling,26.6035288,58.2577967
233,Vana-Pikkeri,vana-pikkeri,isolated_dwelling,26.6088125,58.2593569
233,Kolde,kolde,isolated_dwelling,26.6092711,58.2500723
233,Liivamäe,liivamae,isolated_dwelling,26.6248863,58.2509816
233,Piiri,piiri,isolated_dwelling,26.6058144,58.2502107
233,Tammiku,tammiku,isolated_dwelling,26.6065334,58.2493424
233,Tondimäe,tondimae,isolated_dwelling,26.6151517,58.248485
233,Aiamaa,aiamaa,isolated_dwelling,26.6028897,58.2656386
233,Kivila,kivila,isolated_dwelling,26.6146271,58.2643387
233,Kruusakingu,kruusakingu,isolated_dwelling,26.6057837,58.2659896
233,Metsalõuka,metsalouka,isolated_dwelling,26.6150524,58.2655991
233,Mäeotsa,maeotsa,isolated_dwelling,26.6106541,58.2657983
233,Männiku,manniku,isolated_dwelling,26.6116203,58.262541
233,Soosaare,soosaare,isolated_dwelling,26.6064707,58.2641981
233,Väljaotsa,valjaotsa,isolated_dwelling,26.605292,58.2666176
233,Kilgi,kilgi,isolated_dwelling,26.5308495,58.2395906
233,Kooli,kooli,isolated_dwelling,26.5337846,58.2406534
233,Kalda,kalda,isolated_dwelling,26.6347785,58.2538855
233,Kilgi,kilgi,isolated_dwelling,26.6403259,58.2569551
233,Kongsi,kongsi,isolated_dwelling,26.6559684,58.2573146
233,Liudsepa,liudsepa,isolated_dwelling,26.6426103,58.2504452
233,Põka,poka,isolated_dwelling,26.6579607,58.2542171
233,Raja,raja,isolated_dwelling,26.6387555,58.248909
233,Saarekannu,saarekannu,isolated_dwelling,26.661114,58.2546776
233,Tipu,tipu,isolated_dwelling,26.6398407,58.2621519
233,Toomeoru,toomeoru,isolated_dwelling,26.6329269,58.2492303
233,Aarike,aarike,isolated_dwelling,26.6594725,58.2506937
233,Aarike,aarike,isolated_dwelling,26.6566936,58.2509437
233,Ennu,ennu,isolated_dwelling,26.6649681,58.256308
233,Jõekääru,joekaaru,isolated_dwelling,26.6604423,58.2526046
233,Kalda,kalda,isolated_dwelling,26.6686138,58.2561835
233,Karinu,karinu,isolated_dwelling,26.6666255,58.2558236
233,Küliku,kuliku,isolated_dwelling,26.6792888,58.2563351
233,Lohu,lohu,isolated_dwelling,26.6708524,58.2564288
233,Mäe,mae,isolated_dwelling,26.6751942,58.2564406
233,Oru,oru,isolated_dwelling,26.6789416,58.2531294
233,Pihlaka,pihlaka,isolated_dwelling,26.6698338,58.2562774
233,Puusepa,puusepa,isolated_dwelling,26.6775985,58.2525423
233,Tammemäe,tammemae,isolated_dwelling,26.6799491,58.2554066
233,Tatra vesiveski,tatra vesiveski,isolated_dwelling,26.6797778,58.2544183
233,Alla-Ivani,alla-ivani,isolated_dwelling,26.6931006,58.2511427
233,Ivani,ivani,isolated_dwelling,26.6963905,58.2518061
233,Kaasiku,kaasiku,isolated_dwelling,26.6767316,58.2488634
233,Tamba,tamba,isolated_dwelling,26.6798024,58.2484416
233,Toomemäe,toomemae,isolated_dwelling,26.6773727,58.2484586
233,Ülesoo,ulesoo,isolated_dwelling,26.6876952,58.2490072
233,Hansu,hansu,isolated_dwelling,26.696687,58.2427143
233,Kalde,kalde,isolated_dwelling,26.6900381,58.2412911
233,Kungla,kungla,isolated_dwelling,26.6834503,58.2346004
233,Kurissaare,kurissaare,isolated_dwelling,26.6883749,58.245124
233,Lohu,lohu,isolated_dwelling,26.6868608,58.2355717
233,Metsaveer,metsaveer,isolated_dwelling,26.6793045,58.2346598
233,Mäe,mae,isolated_dwelling,26.6811636,58.2445619
233,Mõra,mora,isolated_dwelling,26.6818443,58.2345957
233,Raja,raja,isolated_dwelling,26.6820376,58.2409768
233,Rehe,rehe,isolated_dwelling,26.6856067,58.235814
233,Sõstra,sostra,isolated_dwelling,26.6831165,58.235358
233,Toome,toome,isolated_dwelling,26.6897244,58.2325615
233,Jaagupi,jaagupi,isolated_dwelling,26.672126,58.2462947
233,Kahro,kahro,isolated_dwelling,26.6656178,58.2392488
233,Luiga,luiga,isolated_dwelling,26.6698675,58.244251
233,Piiri,piiri,isolated_dwelling,26.6687515,58.2358393
233,Teearu,teearu,isolated_dwelling,26.6769073,58.2465349
233,Vanakase,vanakase,isolated_dwelling,26.6675708,58.2429583
233,Keskküla,keskkula,isolated_dwelling,26.6610116,58.236481
233,Kurgmäe,kurgmae,isolated_dwelling,26.6499926,58.2434324
233,Lombi,lombi,isolated_dwelling,26.6541794,58.2443111
233,Panksepa,panksepa,isolated_dwelling,26.6565581,58.238802
233,Kuusiku,kuusiku,isolated_dwelling,26.6230066,58.237983
233,Saaremäe,saaremae,isolated_dwelling,26.6268997,58.2384673
233,Alakantsi,alakantsi,isolated_dwelling,26.6063127,58.2331679
233,Gleeseri,gleeseri,isolated_dwelling,26.6206347,58.2294232
233,Kiisa,kiisa,isolated_dwelling,26.6296149,58.2294987
233,Koldimäe,koldimae,isolated_dwelling,26.6127003,58.2294602
233,Kähri,kahri,isolated_dwelling,26.6338089,58.2286984
233,Laanetaga,laanetaga,isolated_dwelling,26.6274902,58.243835
233,Lehise,lehise,isolated_dwelling,26.6409677,58.2290061
233,Metsa-Kiisa,metsa-kiisa,isolated_dwelling,26.6275715,58.2288658
233,Mäekantsi,maekantsi,isolated_dwelling,26.6099698,58.229772
233,Männila,mannila,isolated_dwelling,26.6217766,58.2420195
233,Oti,oti,isolated_dwelling,26.6444274,58.2295666
233,Otti,otti,isolated_dwelling,26.6395308,58.2302528
233,Pargi,pargi,isolated_dwelling,26.6311107,58.2284251
233,Raendiku,raendiku,isolated_dwelling,26.6285831,58.2446545
233,Roosi,roosi,isolated_dwelling,26.6409198,58.230584
233,Tootsi,tootsi,isolated_dwelling,26.6000772,58.232058
233,Hiiese,hiiese,isolated_dwelling,26.4574035,58.2387226
233,Jaagupi-Ilja,jaagupi-ilja,isolated_dwelling,26.4940574,58.2512003
233,Kase,kase,isolated_dwelling,26.4838528,58.2588371
233,Lauri vesiveski,lauri vesiveski,isolated_dwelling,26.5100269,58.2706688
233,Lombi,lombi,isolated_dwelling,26.5060554,58.2633832
233,Mäeotsa,maeotsa,isolated_dwelling,26.4843075,58.2592897
233,Paju,paju,isolated_dwelling,26.5142659,58.2643274
233,Pargi,pargi,isolated_dwelling,26.5017397,58.2627521
233,Piilu,piilu,isolated_dwelling,26.4730942,58.2497634
233,Pikamäe,pikamae,isolated_dwelling,26.4870903,58.2533134
233,Pärnmäe,parnmae,isolated_dwelling,26.5077957,58.2649671
233,Saare,saare,isolated_dwelling,26.4946327,58.2554064
233,Sillaotsa,sillaotsa,isolated_dwelling,26.5030079,58.2705172
233,Soosaare,soosaare,isolated_dwelling,26.5056588,58.272255
233,Suurekingu,suurekingu,isolated_dwelling,26.4928522,58.2595491
233,Tamme,tamme,isolated_dwelling,26.4995289,58.2683707
233,Vaino,vaino,isolated_dwelling,26.510346,58.2645619
233,Vana-Konno,vana-konno,isolated_dwelling,26.4971738,58.2623978
233,Voika Vesiveski,voika vesiveski,isolated_dwelling,26.487484,58.2545279
233,Jõekääru,joekaaru,isolated_dwelling,26.5169333,58.266555
233,Kadri,kadri,isolated_dwelling,26.5142019,58.2587282
233,Kährimäe,kahrimae,isolated_dwelling,26.5171602,58.2623099
233,Morgu,morgu,isolated_dwelling,26.5183843,58.261636
233,Oru,oru,isolated_dwelling,26.5149436,58.2595495
233,Uue-Mäeotsa,uue-maeotsa,isolated_dwelling,26.5164591,58.2602719
233,Kalda,kalda,isolated_dwelling,26.7156168,58.2372768
233,Kuiva,kuiva,isolated_dwelling,26.7148518,58.2378697
233,Kuusiku,kuusiku,isolated_dwelling,26.7320868,58.238057
233,Laanetaga,laanetaga,isolated_dwelling,26.7322977,58.2420039
233,Madise,madise,isolated_dwelling,26.7308471,58.2438988
233,Maria,maria,isolated_dwelling,26.7315733,58.2444136
233,Metsa,metsa,isolated_dwelling,26.753632,58.2502702
233,Männiku,manniku,isolated_dwelling,26.7145165,58.2359336
233,Männimäe,mannimae,isolated_dwelling,26.7510942,58.2439634
233,Partsi,partsi,isolated_dwelling,26.748793,58.2392273
233,Parve,parve,isolated_dwelling,26.7073616,58.2437861
233,Rahumäe,rahumae,isolated_dwelling,26.7105043,58.2355739
233,Reinu,reinu,isolated_dwelling,26.7271574,58.2475349
233,Sepmani,sepmani,isolated_dwelling,26.7173618,58.2413548
233,Tasa,tasa,isolated_dwelling,26.741761,58.2463776
233,Tatra,tatra,isolated_dwelling,26.7505137,58.246053
233,Toome,toome,isolated_dwelling,26.7053096,58.2501437
233,Uue-Koppa,uue-koppa,isolated_dwelling,26.7383349,58.2342413
233,Vana-Tatra,vana-tatra,isolated_dwelling,26.7481949,58.2407923
233,Võidu,voidu,isolated_dwelling,26.7467867,58.2476926
233,Etsi,etsi,isolated_dwelling,26.7472992,58.2506518
233,Jõekääru,joekaaru,isolated_dwelling,26.747833,58.2313498
233,Jõekääru,joekaaru,isolated_dwelling,26.7432758,58.252851
233,Kiire,kiire,isolated_dwelling,26.7484836,58.2299847
233,Koppa,koppa,isolated_dwelling,26.7431274,58.2308321
233,Lätte,latte,isolated_dwelling,26.7420554,58.2543625
233,Lättemäe,lattemae,isolated_dwelling,26.7433443,58.2529621
233,Nõlva,nolva,isolated_dwelling,26.7109407,58.2522412
233,Torni,torni,isolated_dwelling,26.7477834,58.2332317
233,Allika,allika,isolated_dwelling,26.7271818,58.2220705
233,Aukamäe,aukamae,isolated_dwelling,26.7248068,58.2212439
233,Hennu,hennu,isolated_dwelling,26.7336046,58.2279337
233,Hurda,hurda,isolated_dwelling,26.7277961,58.2224839
233,Kansi,kansi,isolated_dwelling,26.7225001,58.2227263
233,Kengu,kengu,isolated_dwelling,26.7378632,58.2192056
233,Laigi,laigi,isolated_dwelling,26.7271614,58.2205358
233,Mäe,mae,isolated_dwelling,26.7510524,58.2206008
233,Mäe-Vahe,mae-vahe,isolated_dwelling,26.7393387,58.2175749
233,Nõlvaku,nolvaku,isolated_dwelling,26.7290246,58.2227498
233,Otsa,otsa,isolated_dwelling,26.7573347,58.2180827
233,Parve,parve,isolated_dwelling,26.7289017,58.2206041
233,Pedaja,pedaja,isolated_dwelling,26.7619415,58.2145362
233,Raja,raja,isolated_dwelling,26.7313197,58.2183154
233,Robi,robi,isolated_dwelling,26.7593715,58.2172463
233,Simka,simka,isolated_dwelling,26.754355,58.2204749
233,Talli,talli,isolated_dwelling,26.7497006,58.2196617
233,Trossi,trossi,isolated_dwelling,26.7498284,58.2207492
233,Vahe,vahe,isolated_dwelling,26.7530776,58.2136373
233,Vanna-Mosina,vanna-mosina,isolated_dwelling,26.732756,58.2286302
233,Veski,veski,isolated_dwelling,26.7260967,58.2204927
233,Voitka,voitka,isolated_dwelling,26.7586942,58.2156914
233,Jõekääru,joekaaru,isolated_dwelling,26.7405524,58.2287425
233,Kasesalu,kasesalu,isolated_dwelling,26.7423465,58.2296214
233,Kingula,kingula,isolated_dwelling,26.750394,58.2218429
233,Kuiva,kuiva,isolated_dwelling,26.717606,58.2367139
233,Leola,leola,isolated_dwelling,26.7117352,58.2240109
233,Mägiste,magiste,isolated_dwelling,26.7187753,58.233518
233,Niinemaa,niinemaa,isolated_dwelling,26.7043829,58.2267131
233,Nuti,nuti,isolated_dwelling,26.7448988,58.2282739
233,Piiri,piiri,isolated_dwelling,26.7193118,58.2361186
233,Pärna,parna,isolated_dwelling,26.713017,58.2288739
233,Tamme,tamme,isolated_dwelling,26.7216572,58.2244881
233,Vastse-Mosina,vastse-mosina,isolated_dwelling,26.727818,58.2351289
233,Ärma,arma,isolated_dwelling,26.7178481,58.2256012
233,Untmetsa,untmetsa,isolated_dwelling,26.7240698,58.2310525
233,Ala-Kaare,ala-kaare,isolated_dwelling,26.7200446,58.2562659
233,Jõekääru,joekaaru,isolated_dwelling,26.7219348,58.2531639
233,Kase,kase,isolated_dwelling,26.7250121,58.2566764
233,Popsi,popsi,isolated_dwelling,26.7245505,58.2583503
233,Tammeoru,tammeoru,isolated_dwelling,26.7238691,58.2576478
233,Alliku,alliku,isolated_dwelling,26.7378737,58.260218
233,Juhani,juhani,isolated_dwelling,26.7492524,58.2585588
233,Kungla,kungla,isolated_dwelling,26.7454059,58.258501
233,Laine,laine,isolated_dwelling,26.7487194,58.2589375
233,Oja,oja,isolated_dwelling,26.7463505,58.2607607
233,Raendiku,raendiku,isolated_dwelling,26.7430473,58.2578771
233,Räni,rani,isolated_dwelling,26.731468,58.2582131
233,Sireli,sireli,isolated_dwelling,26.746957,58.259844
233,Taara,taara,isolated_dwelling,26.7477012,58.2592109
233,Hõbesoo,hobesoo,isolated_dwelling,26.7136693,58.2632656
233,Volmi,volmi,isolated_dwelling,26.5074985,58.2157418
233,Ennu,ennu,isolated_dwelling,26.5151235,58.2122375
233,Haage,haage,isolated_dwelling,26.5312185,58.2093739
233,Hansu,hansu,isolated_dwelling,26.5565265,58.2117297
233,Hindriko,hindriko,isolated_dwelling,26.5037324,58.2102512
233,Kalmre,kalmre,isolated_dwelling,26.5122166,58.2185494
233,Kangro,kangro,isolated_dwelling,26.521891,58.2173985
233,Kase,kase,isolated_dwelling,26.554677,58.2106575
233,Köörna,koorna,isolated_dwelling,26.5668045,58.2125081
233,Metskasi,metskasi,isolated_dwelling,26.5204403,58.2182345
233,Mäeotsa,maeotsa,isolated_dwelling,26.5115788,58.2094209
233,Niidu,niidu,isolated_dwelling,26.505351,58.2117466
233,Orava,orava,isolated_dwelling,26.5356748,58.2169391
233,Piiri,piiri,isolated_dwelling,26.5159047,58.2085378
233,Tamme,tamme,isolated_dwelling,26.525065,58.2088233
233,Tirba,tirba,isolated_dwelling,26.5462214,58.2131514
233,Uus-Järve,uus-jarve,isolated_dwelling,26.551429,58.2141427
233,Laane,laane,isolated_dwelling,26.5677033,58.2185312
233,Salu,salu,isolated_dwelling,26.5656088,58.2197988
233,Vunni,vunni,isolated_dwelling,26.5539925,58.2167937
233,Metsaraja,metsaraja,isolated_dwelling,26.5635262,58.2271346
233,Õiguse,oiguse,isolated_dwelling,26.5539332,58.2284232
233,Ala-Rõika,ala-roika,isolated_dwelling,26.6235505,58.2194174
233,Hallivariku,hallivariku,isolated_dwelling,26.5988429,58.2106921
233,Hiietamme,hiietamme,isolated_dwelling,26.6144122,58.2109774
233,Jaanimäe,jaanimae,isolated_dwelling,26.5896138,58.2077493
233,Julge,julge,isolated_dwelling,26.5821506,58.2127213
233,Karli,karli,isolated_dwelling,26.5791036,58.2111184
233,Kiivitjärve,kiivitjarve,isolated_dwelling,26.590033,58.2068231
233,Kivila,kivila,isolated_dwelling,26.5802298,58.2226469
233,Kokko,kokko,isolated_dwelling,26.5814087,58.2133867
233,Kraavi,kraavi,isolated_dwelling,26.5787423,58.2077352
233,Krusako,krusako,isolated_dwelling,26.5830492,58.2169396
233,Kõiviku,koiviku,isolated_dwelling,26.6079624,58.2112922
233,Laasi,laasi,isolated_dwelling,26.624635,58.2198604
233,Lepiko,lepiko,isolated_dwelling,26.5954214,58.2103019
233,Lombi,lombi,isolated_dwelling,26.6249442,58.2184891
233,Metsaveere,metsaveere,isolated_dwelling,26.5909611,58.2171701
233,Mägede,magede,isolated_dwelling,26.638362,58.2173446
233,Männiku,manniku,isolated_dwelling,26.62888,58.2223117
233,Männimäe,mannimae,isolated_dwelling,26.6081424,58.2206862
233,Männiste,manniste,isolated_dwelling,26.6309771,58.2240122
233,Pihlaka,pihlaka,isolated_dwelling,26.6014686,58.2105147
233,Polli,polli,isolated_dwelling,26.6007219,58.2100601
233,Pruli,pruli,isolated_dwelling,26.6152613,58.2136244
233,Reinu,reinu,isolated_dwelling,26.6026037,58.2208388
233,Saare,saare,isolated_dwelling,26.5997877,58.2066966
233,Savikõrtsi,savikortsi,isolated_dwelling,26.6059417,58.2143129
233,Savinurme,savinurme,isolated_dwelling,26.58457,58.2126121
233,Vahemetsa,vahemetsa,isolated_dwelling,26.6152668,58.2242306
233,Vereve,vereve,isolated_dwelling,26.596013,58.2133578
233,Värvamäe,varvamae,isolated_dwelling,26.6328073,58.2229086
233,Eespere,eespere,isolated_dwelling,26.6080483,58.406948
233,Kannika,kannika,isolated_dwelling,26.6063593,58.3897829
233,Kitseraja,kitseraja,isolated_dwelling,26.6086418,58.4110949
233,Kõrgemäe,korgemae,isolated_dwelling,26.6389183,58.4250483
233,Rähni,rahni,isolated_dwelling,26.6197902,58.4100841
233,Savikola,savikola,isolated_dwelling,26.5527555,58.4006625
233,Silla,silla,isolated_dwelling,26.6144956,58.400851
233,Tofri,tofri,isolated_dwelling,26.6195242,58.4077624
233,Vahtralehe,vahtralehe,isolated_dwelling,26.6132995,58.4020883
233,Vanaaseme,vanaaseme,isolated_dwelling,26.6198375,58.4237984
233,Vanaveski,vanaveski,isolated_dwelling,26.6519712,58.425268
233,Aaviku,aaviku,isolated_dwelling,26.5566578,58.4008316
233,Kanela,kanela,isolated_dwelling,26.5790475,58.421671
233,Kapa,kapa,isolated_dwelling,26.5709807,58.4258
233,Mudaniku,mudaniku,isolated_dwelling,26.5736158,58.4199378
233,Heki,heki,isolated_dwelling,26.6544624,58.4079199
233,Jõekääru,joekaaru,isolated_dwelling,26.6287041,58.4114795
233,Karuaseme,karuaseme,isolated_dwelling,26.6308562,58.4136236
233,Koidu,koidu,isolated_dwelling,26.6701904,58.4074582
233,Käo,kao,isolated_dwelling,26.6576464,58.4071195
233,Muide,muide,isolated_dwelling,26.6657099,58.4124081
233,Olmere,olmere,isolated_dwelling,26.5080313,58.4191079
233,Sahakari,sahakari,isolated_dwelling,26.6276009,58.4091231
233,Sepa,sepa,isolated_dwelling,26.6639103,58.4084426
233,Silla,silla,isolated_dwelling,26.5130676,58.420955
233,Tamme-Sahakari,tamme-sahakari,isolated_dwelling,26.6270001,58.4094682
233,Tiksoja,tiksoja,isolated_dwelling,26.6566621,58.4115495
233,Uuetalu,uuetalu,isolated_dwelling,26.6689218,58.4066141
233,Väike-Taraski,vaike-taraski,isolated_dwelling,26.5183252,58.4163855
233,Aruaia,aruaia,isolated_dwelling,26.317042,58.5169862
233,Jaagupi,jaagupi,isolated_dwelling,26.3402948,58.4931615
233,Jõekääru,joekaaru,isolated_dwelling,26.3146951,58.4999035
233,Kama,kama,isolated_dwelling,26.3507077,58.4825863
233,Laari,laari,isolated_dwelling,26.3155994,58.5162982
233,Mukdeni,mukdeni,isolated_dwelling,26.3505854,58.4873907
233,Purreto,purreto,isolated_dwelling,26.332928,58.4830288
233,Raba,raba,isolated_dwelling,26.3067444,58.5149262
233,Tiigi,tiigi,isolated_dwelling,26.3184751,58.5073977
233,Laane,laane,isolated_dwelling,26.325714,58.4994057
233,Õimetsa,oimetsa,isolated_dwelling,26.3343198,58.4929245
233,Aru,aru,isolated_dwelling,26.3574386,58.4763124
233,Jõekääru,joekaaru,isolated_dwelling,26.3649712,58.4779154
233,Lepa,lepa,isolated_dwelling,26.3729864,58.4708551
233,Männiku,manniku,isolated_dwelling,26.3645091,58.4747463
233,Parveotsa,parveotsa,isolated_dwelling,26.3599545,58.4791543
233,Saaremäe,saaremae,isolated_dwelling,26.3638592,58.4714543
233,Savikola,savikola,isolated_dwelling,26.3696458,58.4747514
233,Tiigi,tiigi,isolated_dwelling,26.3637806,58.4804535
233,Ado,ado,isolated_dwelling,26.3662045,58.4831277
233,Epu,epu,isolated_dwelling,26.3625932,58.4953989
233,Hallika,hallika,isolated_dwelling,26.3834174,58.4910766
233,Kaarli,kaarli,isolated_dwelling,26.3876856,58.4947997
233,Kiigemurru,kiigemurru,isolated_dwelling,26.3777377,58.5017505
233,Lubja,lubja,isolated_dwelling,26.3791422,58.4981967
233,Mäe,mae,isolated_dwelling,26.3804509,58.493069
233,Mällo,mallo,isolated_dwelling,26.3746206,58.482801
233,Märdi,mardi,isolated_dwelling,26.3677304,58.4854715
233,Rehe,rehe,isolated_dwelling,26.3733624,58.4886555
233,Reino,reino,isolated_dwelling,26.3591466,58.4973784
233,Riidu,riidu,isolated_dwelling,26.3531117,58.4984799
233,Sae,sae,isolated_dwelling,26.381549,58.4966879
233,Suure-Ale,suure-ale,isolated_dwelling,26.3521998,58.4990636
233,Suve,suve,isolated_dwelling,26.3682952,58.4897364
233,Truusamäe,truusamae,isolated_dwelling,26.3647697,58.4879391
233,Vana-Mato,vana-mato,isolated_dwelling,26.3576691,58.4932552
233,Veski,veski,isolated_dwelling,26.3797335,58.489974
233,Madise,madise,isolated_dwelling,26.3367689,58.5001805
233,Võimasaare,voimasaare,isolated_dwelling,26.3370346,58.4989435
233,Ööbiku,oobiku,isolated_dwelling,26.3882486,58.5003714
233,Arkadi,arkadi,isolated_dwelling,26.3268221,58.5125308
233,Eve,eve,isolated_dwelling,26.3496927,58.5134226
233,Oja,oja,isolated_dwelling,26.3342537,58.5124741
233,Sandri,sandri,isolated_dwelling,26.3268516,58.5111206
233,Vabiko,vabiko,isolated_dwelling,26.3232689,58.5107659
233,Vahtramäe,vahtramae,isolated_dwelling,26.3507968,58.5106319
233,Kunila,kunila,isolated_dwelling,26.3542012,58.4630746
233,Kuusiku,kuusiku,isolated_dwelling,26.375217,58.4659514
233,Lubjaahju,lubjaahju,isolated_dwelling,26.3570545,58.4642327
233,Priidu,priidu,isolated_dwelling,26.3646512,58.46524
233,Sepa,sepa,isolated_dwelling,26.3777703,58.4658751
233,Sopi,sopi,isolated_dwelling,26.3666623,58.4651079
233,Uus-Valmaotsa,uus-valmaotsa,isolated_dwelling,26.3496562,58.4589031
233,Jõekääru,joekaaru,isolated_dwelling,26.3789559,58.4632983
233,Murra,murra,isolated_dwelling,26.391276,58.5007663
233,Saasi,saasi,isolated_dwelling,26.3996395,58.4932871
233,Suuremetsa,suuremetsa,isolated_dwelling,26.3963416,58.4992636
233,Valma,valma,isolated_dwelling,26.3967343,58.495211
233,Kiviare,kiviare,isolated_dwelling,26.4025416,58.4954928
233,Kusti,kusti,isolated_dwelling,26.4013215,58.4946576
233,Matsi,matsi,isolated_dwelling,26.4146228,58.497442
233,Metsaveere,metsaveere,isolated_dwelling,26.4269148,58.4988013
233,Mähiko,mahiko,isolated_dwelling,26.4254023,58.496278
233,Venikmäe,venikmae,isolated_dwelling,26.4089205,58.5015778
233,Alttoa,alttoa,isolated_dwelling,26.4509128,58.4969237
233,Suubipeedu,suubipeedu,isolated_dwelling,26.4500333,58.4929378
233,Vahenurme,vahenurme,isolated_dwelling,26.4537737,58.4960641
233,Olli,olli,isolated_dwelling,26.4048944,58.4879523
233,Hiire,hiire,isolated_dwelling,26.4411094,58.4334098
233,Kaljaste,kaljaste,isolated_dwelling,26.496008,58.4381511
233,Kango,kango,isolated_dwelling,26.4621368,58.4337493
233,Kodu,kodu,isolated_dwelling,26.4603555,58.4346669
233,Kruusaagu,kruusaagu,isolated_dwelling,26.490707,58.4380224
233,Kruusivälja,kruusivalja,isolated_dwelling,26.4743903,58.435493
233,Laane,laane,isolated_dwelling,26.4654872,58.4397796
233,Lohu,lohu,isolated_dwelling,26.4686691,58.4369581
233,Lombi,lombi,isolated_dwelling,26.4890542,58.4367806
233,Matsi,matsi,isolated_dwelling,26.4489071,58.4410974
233,Metsanuka,metsanuka,isolated_dwelling,26.493257,58.4337694
233,Metsise,metsise,isolated_dwelling,26.4362556,58.4338045
233,Nisumaa,nisumaa,isolated_dwelling,26.4657657,58.4430158
233,Raja,raja,isolated_dwelling,26.4711902,58.4392352
233,Saare,saare,isolated_dwelling,26.4914267,58.4426545
233,Seedri,seedri,isolated_dwelling,26.4752505,58.4370013
233,Sildevahu,sildevahu,isolated_dwelling,26.4782532,58.4390978
233,Sillaotsa,sillaotsa,isolated_dwelling,26.4870617,58.435885
233,Väike-Lohu,vaike-lohu,isolated_dwelling,26.4825171,58.4374946
233,Ärni,arni,isolated_dwelling,26.4735954,58.4330039
233,Linno,linno,isolated_dwelling,26.4335024,58.4477433
233,Savikoja,savikoja,isolated_dwelling,26.4192791,58.4539241
233,Soosuu,soosuu,isolated_dwelling,26.4238489,58.4492357
233,Tagaaia,tagaaia,isolated_dwelling,26.4291492,58.4481645
233,Tamme,tamme,isolated_dwelling,26.4335922,58.446863
233,Tegija,tegija,isolated_dwelling,26.4349488,58.4475659
233,Kase,kase,isolated_dwelling,26.4409608,58.4553608
233,Keravere,keravere,isolated_dwelling,26.4516366,58.4539094
233,Kändra,kandra,isolated_dwelling,26.448037,58.4586568
233,Maasikmäe,maasikmae,isolated_dwelling,26.4504156,58.4593069
233,Metsa,metsa,isolated_dwelling,26.4370388,58.4578536
233,Vanatoa,vanatoa,isolated_dwelling,26.4419562,58.4533746
233,Viulaane,viulaane,isolated_dwelling,26.4602933,58.4588703
233,Kooli,kooli,isolated_dwelling,26.4653319,58.4506337
233,Loode,loode,isolated_dwelling,26.4602966,58.4553202
233,Mäe-Ojari,mae-ojari,isolated_dwelling,26.4711089,58.4550662
233,Pärna,parna,isolated_dwelling,26.4738704,58.4607024
233,Randviiru,randviiru,isolated_dwelling,26.4730482,58.4519628
233,Reinholdi,reinholdi,isolated_dwelling,26.4695539,58.4508529
233,Laane,laane,isolated_dwelling,26.4791802,58.450333
233,Tamme,tamme,isolated_dwelling,26.4720274,58.4467792
233,Aia,aia,isolated_dwelling,26.5006658,58.4423647
233,Koidukingu,koidukingu,isolated_dwelling,26.4730925,58.4437707
233,Koigo,koigo,isolated_dwelling,26.4894975,58.4524846
233,Koolioja,koolioja,isolated_dwelling,26.5072144,58.4411444
233,Mesila,mesila,isolated_dwelling,26.4992899,58.4419769
233,Vanno,vanno,isolated_dwelling,26.4814062,58.4455163
233,Aavistiku,aavistiku,isolated_dwelling,26.512853,58.4482666
233,Juhani,juhani,isolated_dwelling,26.5176085,58.4508169
233,Kuuse,kuuse,isolated_dwelling,26.517448,58.4497215
233,Küti,kuti,isolated_dwelling,26.5067243,58.4568235
233,Toome,toome,isolated_dwelling,26.508371,58.444054
233,Arandi,arandi,isolated_dwelling,26.4071823,58.4773015
233,Aruvälja,aruvalja,isolated_dwelling,26.4003673,58.4554414
233,Karuaseme,karuaseme,isolated_dwelling,26.4037712,58.4713134
233,Kullerkupu,kullerkupu,isolated_dwelling,26.4018647,58.4564895
233,Laanepõllu,laanepollu,isolated_dwelling,26.3795351,58.4604323
233,Loigu,loigu,isolated_dwelling,26.3960442,58.4582098
233,Mesimaa,mesimaa,isolated_dwelling,26.3906433,58.4641635
233,Pikaaia,pikaaia,isolated_dwelling,26.3957654,58.4561012
233,Pärna,parna,isolated_dwelling,26.4104185,58.476602
233,Tohvri,tohvri,isolated_dwelling,26.4010238,58.4668626
233,Valgehoone,valgehoone,isolated_dwelling,26.4166959,58.4766972
233,Väljaotsa,valjaotsa,isolated_dwelling,26.3961125,58.4536567
233,Karolaane,karolaane,isolated_dwelling,26.3939105,58.4747326
233,Pärnmäe,parnmae,isolated_dwelling,26.3876747,58.471919
233,Suubi,suubi,isolated_dwelling,26.3844383,58.4704295
233,Tamme,tamme,isolated_dwelling,26.3861053,58.4676246
233,Vaike-Möldri,vaike-moldri,isolated_dwelling,26.3840863,58.4767341
233,Kuusiku,kuusiku,isolated_dwelling,26.394921,58.4808644
233,Linamurru,linamurru,isolated_dwelling,26.3961151,58.4800085
233,Peedo,peedo,isolated_dwelling,26.3769676,58.4807311
233,Vana-Annuse,vana-annuse,isolated_dwelling,26.3829117,58.4828188
233,Kingu,kingu,isolated_dwelling,26.3928155,58.4860333
233,Kuusiku,kuusiku,isolated_dwelling,26.4152812,58.4904247
233,Endira,endira,isolated_dwelling,26.4966008,58.4783823
233,Erida,erida,isolated_dwelling,26.4946911,58.4766273
233,Kruusa,kruusa,isolated_dwelling,26.5070668,58.4786693
233,Uuetoa,uuetoa,isolated_dwelling,26.5032654,58.4738001
233,Raiesmiku,raiesmiku,isolated_dwelling,26.4508784,58.4696686
233,Kuresoo,kuresoo,isolated_dwelling,26.4326213,58.4754411
233,Metsanurga,metsanurga,isolated_dwelling,26.4288523,58.4746081
233,Murrumetsa,murrumetsa,isolated_dwelling,26.4345736,58.472741
233,Lillemetsa,lillemetsa,isolated_dwelling,26.4221095,58.4834447
233,Vana-Veneküla,vana-venekula,isolated_dwelling,26.4115124,58.4811725
233,Kristi,kristi,isolated_dwelling,26.5217099,58.4726051
233,Tellissare,tellissare,isolated_dwelling,26.5177891,58.4662799
233,Aru,aru,isolated_dwelling,26.597181,58.4907173
233,Ilo,ilo,isolated_dwelling,26.5084454,58.4888566
233,Jõekääru,joekaaru,isolated_dwelling,26.5331375,58.4565398
233,Karussaare,karussaare,isolated_dwelling,26.566904,58.5005957
233,Kogre,kogre,isolated_dwelling,26.5562746,58.5040279
233,Kämara-Hansu,kamara-hansu,isolated_dwelling,26.5401732,58.4578132
233,Laanearu,laanearu,isolated_dwelling,26.5241121,58.4828792
233,Linnusaare,linnusaare,isolated_dwelling,26.5595013,58.503403
233,Metsaoja,metsaoja,isolated_dwelling,26.5300488,58.4649751
233,Miko,miko,isolated_dwelling,26.6037701,58.4889083
233,Nonni,nonni,isolated_dwelling,26.5909164,58.4926087
233,Oja,oja,isolated_dwelling,26.6199902,58.4799108
233,Orro,orro,isolated_dwelling,26.5578001,58.5019672
233,Pihla,pihla,isolated_dwelling,26.5284173,58.4554457
233,Salu,salu,isolated_dwelling,26.6154351,58.4824043
233,Sepamurro,sepamurro,isolated_dwelling,26.5268006,58.4759227
233,Taki,taki,isolated_dwelling,26.5732178,58.4957038
233,Tervita,tervita,isolated_dwelling,26.5383387,58.4569468
233,Uue-Sopi,uue-sopi,isolated_dwelling,26.5275521,58.4851515
233,Variku,variku,isolated_dwelling,26.5334507,58.4889826
233,Väljaotsa,valjaotsa,isolated_dwelling,26.5402817,58.4603597
233,Aaviku,aaviku,isolated_dwelling,26.5435545,58.472971
233,Ardasõ,ardaso,isolated_dwelling,26.5465843,58.4638018
233,Endi,endi,isolated_dwelling,26.562607,58.465119
233,Kivistiku,kivistiku,isolated_dwelling,26.5578663,58.4666418
233,Kooli,kooli,isolated_dwelling,26.5599074,58.4657679
233,Kruusaaugu,kruusaaugu,isolated_dwelling,26.5672785,58.4662222
233,Prandi,prandi,isolated_dwelling,26.5591742,58.4637767
233,Punapea,punapea,isolated_dwelling,26.565146,58.4658652
233,Rätsepa,ratsepa,isolated_dwelling,26.572019,58.4669885
233,Saare,saare,isolated_dwelling,26.5616652,58.4600956
233,Sopi,sopi,isolated_dwelling,26.5612851,58.4642605
233,Vana-Kolliotsa,vana-kolliotsa,isolated_dwelling,26.5525285,58.4683
233,Haaviku,haaviku,isolated_dwelling,26.5570585,58.4868511
233,Jõekääru,joekaaru,isolated_dwelling,26.5455775,58.4925597
233,Kerdi-Kase,kerdi-kase,isolated_dwelling,26.6087468,58.4830271
233,Lehtmetsa,lehtmetsa,isolated_dwelling,26.5533278,58.4881856
233,Müüri,muuri,isolated_dwelling,26.5469404,58.4903381
233,Nõmme,nomme,isolated_dwelling,26.5911398,58.4865944
233,Vahi,vahi,isolated_dwelling,26.5989333,58.4846157
233,Alttoa,alttoa,isolated_dwelling,26.5814471,58.4710334
233,Antoni,antoni,isolated_dwelling,26.5820098,58.4748089
233,Evi,evi,isolated_dwelling,26.5785943,58.4697374
233,Karli,karli,isolated_dwelling,26.5791542,58.4744996
233,Keskkuüla,keskkuula,isolated_dwelling,26.5831989,58.4736874
233,Kingsepa,kingsepa,isolated_dwelling,26.5984511,58.4785202
233,Leppiku-Madise,leppiku-madise,isolated_dwelling,26.6055755,58.4775752
233,Lombi,lombi,isolated_dwelling,26.5809183,58.4764014
233,Ojasepa,ojasepa,isolated_dwelling,26.5873772,58.4697521
233,Pihlaka,pihlaka,isolated_dwelling,26.5794841,58.4763928
233,Rundo,rundo,isolated_dwelling,26.5912218,58.4742028
233,Taavi,taavi,isolated_dwelling,26.589581,58.4687126
233,Uuetoa,uuetoa,isolated_dwelling,26.5823945,58.4728828
233,Aia,aia,isolated_dwelling,26.652098,58.4768682
233,Atsi,atsi,isolated_dwelling,26.6396074,58.4710204
233,Hüdse-Tamme,hudse-tamme,isolated_dwelling,26.5568103,58.4324001
233,Kaasiku,kaasiku,isolated_dwelling,26.5585341,58.4387714
233,Kaupo,kaupo,isolated_dwelling,26.5564298,58.4276358
233,Kingu,kingu,isolated_dwelling,26.5913704,58.4677269
233,Kullapera,kullapera,isolated_dwelling,26.6390522,58.4759206
233,Lammiko,lammiko,isolated_dwelling,26.5983987,58.4649111
233,Lombi,lombi,isolated_dwelling,26.6190922,58.4683285
233,Looritsa,looritsa,isolated_dwelling,26.6303922,58.4810627
233,Luu,luu,isolated_dwelling,26.6417864,58.4706466
233,Mäeotsa,maeotsa,isolated_dwelling,26.6312761,58.481134
233,Mägimetsa,magimetsa,isolated_dwelling,26.6206196,58.4736584
233,Nina,nina,isolated_dwelling,26.6217634,58.4649512
233,Pae,pae,isolated_dwelling,26.6529928,58.474251
233,Piiriääre,piiriaare,isolated_dwelling,26.5642439,58.4399841
233,Pärna,parna,isolated_dwelling,26.6032111,58.4724084
233,Põdra,podra,isolated_dwelling,26.6230102,58.4683109
233,Saaremetsa,saaremetsa,isolated_dwelling,26.5370435,58.454162
233,Seljama,seljama,isolated_dwelling,26.6322352,58.4809423
233,Suda,suda,isolated_dwelling,26.5645766,58.4441788
233,Tagasalu,tagasalu,isolated_dwelling,26.6534276,58.4665808
233,Tilba,tilba,isolated_dwelling,26.6367796,58.4719277
233,Tondimäe,tondimae,isolated_dwelling,26.5279633,58.431456
233,Tõnumurru,tonumurru,isolated_dwelling,26.5633057,58.486796
233,Tülba,tulba,isolated_dwelling,26.6456162,58.4661863
233,Uue-Tamme,uue-tamme,isolated_dwelling,26.5745104,58.4878878
233,Vahtra,vahtra,isolated_dwelling,26.6398983,58.478428
233,Vallimäe,vallimae,isolated_dwelling,26.6393205,58.4683945
233,Viinasaare,viinasaare,isolated_dwelling,26.6492865,58.476585
233,Siisikese,siisikese,isolated_dwelling,26.5676556,58.4394224
233,Adu,adu,isolated_dwelling,26.5698973,58.4520725
233,Männiku,manniku,isolated_dwelling,26.5588926,58.4454407
233,Näki,naki,isolated_dwelling,26.5657887,58.4510226
233,Piirivahe,piirivahe,isolated_dwelling,26.5674539,58.4519041
233,Andi,andi,isolated_dwelling,26.5970137,58.4505738
233,Kardla,kardla,isolated_dwelling,26.5943135,58.4515875
233,Kinguotsa,kinguotsa,isolated_dwelling,26.5803867,58.454968
233,Kristjani,kristjani,isolated_dwelling,26.5892412,58.4518351
233,Metsanurga,metsanurga,isolated_dwelling,26.5984003,58.4497811
233,Vengri,vengri,isolated_dwelling,26.5848831,58.4504991
233,Härra,harra,isolated_dwelling,26.5748815,58.4412606
233,Kaleva,kaleva,isolated_dwelling,26.5808567,58.4406256
233,Laanesepa,laanesepa,isolated_dwelling,26.5773649,58.4387844
233,Lageda,lageda,isolated_dwelling,26.5881089,58.4443119
233,Liivatoa,liivatoa,isolated_dwelling,26.583233,58.4405309
233,Rattasepa,rattasepa,isolated_dwelling,26.5771878,58.450706
233,Ala-Kivistiku,ala-kivistiku,isolated_dwelling,26.6384089,58.4393114
233,Kaarikse,kaarikse,isolated_dwelling,26.6152653,58.4334814
233,Liivamäe,liivamae,isolated_dwelling,26.6240833,58.4357196
233,Tõnise,tonise,isolated_dwelling,26.6312044,58.4341214
233,Uuetoa,uuetoa,isolated_dwelling,26.6057721,58.4352415
233,Üla-Kivistiku,ula-kivistiku,isolated_dwelling,26.6385642,58.4390555
233,Kivisäki,kivisaki,isolated_dwelling,26.6520009,58.4269253
233,Künnapuu,kunnapuu,isolated_dwelling,26.6499317,58.4275899
233,Milda,milda,isolated_dwelling,26.6472031,58.4289114
233,Rosina,rosina,isolated_dwelling,26.6509324,58.4282705
233,Uue-Marguse,uue-marguse,isolated_dwelling,26.6376023,58.4314332
233,Voore,voore,isolated_dwelling,26.6463921,58.4303094
233,Lehtmetsa,lehtmetsa,isolated_dwelling,26.6221023,58.4057021
233,Allika,allika,isolated_dwelling,27.6222249,57.9891434
233,Saariko,saariko,isolated_dwelling,27.6225601,57.9898752
233,Pihlaka,pihlaka,isolated_dwelling,27.6221161,57.9883134
233,Järve,jarve,isolated_dwelling,27.621067,57.9828518
233,Kalevi,kalevi,isolated_dwelling,27.6272204,57.9762469
233,Kure,kure,isolated_dwelling,27.6210592,57.9803822
233,Maasiku,maasiku,isolated_dwelling,27.6275641,57.973603
233,Mäe Aare,mae aare,isolated_dwelling,27.6286467,57.9771302
233,Sillaste,sillaste,isolated_dwelling,27.6204165,57.9787864
233,Vako,vako,isolated_dwelling,27.6196212,57.9833814
233,Kallasmäe,kallasmae,isolated_dwelling,27.5829447,57.9860426
233,Kallasmäe,kallasmae,isolated_dwelling,27.6033655,57.9933885
233,Laane,laane,isolated_dwelling,27.6072763,57.9848443
233,Lahe,lahe,isolated_dwelling,27.6075029,57.9934997
233,Lepiku,lepiku,isolated_dwelling,27.6082855,57.9865142
233,Lilleniidu,lilleniidu,isolated_dwelling,27.6081528,57.984029
233,Maasika,maasika,isolated_dwelling,27.6061606,57.9930545
233,Malle,malle,isolated_dwelling,27.6081379,57.9844843
233,Oleski,oleski,isolated_dwelling,27.6017768,57.9808756
233,Oraste,oraste,isolated_dwelling,27.6581384,57.9677502
233,Pedaja,pedaja,isolated_dwelling,27.5825312,57.9858382
233,Põllu,pollu,isolated_dwelling,27.6088676,57.9861295
233,Ratasepa,ratasepa,isolated_dwelling,27.6616528,57.9676738
233,Saare,saare,isolated_dwelling,27.6080354,57.9849178
233,Sepapoiste,sepapoiste,isolated_dwelling,27.605357,57.9939277
233,Sillaotsa,sillaotsa,isolated_dwelling,27.5924586,57.9816089
233,Tamme,tamme,isolated_dwelling,27.6079106,57.9858848
233,Võsu,vosu,isolated_dwelling,27.6003606,57.9808316
233,Allikvee,allikvee,isolated_dwelling,27.6033053,57.9973781
233,Hundinurga,hundinurga,isolated_dwelling,27.6101421,57.9996998
233,Johannese,johannese,isolated_dwelling,27.6071746,57.9975045
233,Jüri,juri,isolated_dwelling,27.6054267,57.9972818
233,Kala,kala,isolated_dwelling,27.6143583,57.9988737
233,Laane,laane,isolated_dwelling,27.6073804,57.9982033
233,Mäe,mae,isolated_dwelling,27.6095087,57.9965672
233,Oja,oja,isolated_dwelling,27.6095657,57.9975402
233,Sadama,sadama,isolated_dwelling,27.615351,57.9973716
233,Soovere,soovere,isolated_dwelling,27.614768,57.9993409
233,Tamme,tamme,isolated_dwelling,27.6091482,57.9992217
233,Tiigi,tiigi,isolated_dwelling,27.6109936,57.9992019
233,Varese,varese,isolated_dwelling,27.5987617,57.9967843
233,Volii,volii,isolated_dwelling,27.5999754,57.9970702
233,Ülo,ulo,isolated_dwelling,27.6025513,58.0021196
233,Kase,kase,isolated_dwelling,27.5957576,57.9868642
233,Rästatare,rastatare,isolated_dwelling,26.2057979,58.1748114
233,Vändriku,vandriku,isolated_dwelling,26.2010969,58.1736458
233,Rüütli,ruutli,isolated_dwelling,26.2020143,58.1775458
233,Simmi,simmi,isolated_dwelling,26.2020378,58.1769497
233,Kingsepa,kingsepa,isolated_dwelling,26.2023694,58.1819293
233,Luitsepa,luitsepa,isolated_dwelling,26.1886079,58.1797393
233,Mäeotsa,maeotsa,isolated_dwelling,26.1896682,58.1814807
233,Patu,patu,isolated_dwelling,26.1925365,58.182846
233,Soome,soome,isolated_dwelling,26.1943106,58.1860492
233,Aasa,aasa,isolated_dwelling,26.1885746,58.1882581
233,Alani,alani,isolated_dwelling,26.216245,58.1842278
233,Kaasiku,kaasiku,isolated_dwelling,26.1884192,58.1858762
233,Kadaku,kadaku,isolated_dwelling,26.1935927,58.1876085
233,Kungla,kungla,isolated_dwelling,26.2172263,58.1877661
233,Külaotsa,kulaotsa,isolated_dwelling,26.1940479,58.1885098
233,Linnutare,linnutare,isolated_dwelling,26.2161116,58.1804615
233,Lombi,lombi,isolated_dwelling,26.2146514,58.1857508
233,Männiku,manniku,isolated_dwelling,26.2069926,58.1936943
233,Puiestee,puiestee,isolated_dwelling,26.2176188,58.1883123
233,Rabasso,rabasso,isolated_dwelling,26.2152402,58.1905882
233,Rehe,rehe,isolated_dwelling,26.1944697,58.1896451
233,Sapi,sapi,isolated_dwelling,26.2126732,58.1867647
233,Suuretamme,suuretamme,isolated_dwelling,26.197989,58.1918102
233,Tamme,tamme,isolated_dwelling,26.215248,58.1899924
233,Vahtra,vahtra,isolated_dwelling,26.2159231,58.1869261
233,Valguta,valguta,hamlet,26.2067509,58.1848151
233,Älani,alani,isolated_dwelling,26.2132619,58.1825641
233,Halli,halli,isolated_dwelling,24.4931044,58.5918431
233,Tamme,tamme,isolated_dwelling,24.5061701,58.5963392
233,Tänavaotsa,tanavaotsa,isolated_dwelling,24.5083705,58.5935894
233,Jalaka,jalaka,isolated_dwelling,24.4196239,58.6270725
233,Paju,paju,isolated_dwelling,24.4197945,58.6275342
233,Roodimõisa,roodimoisa,isolated_dwelling,24.4201825,58.6287873
233,Tamme,tamme,isolated_dwelling,24.4197333,58.6266649
233,Metsaveere,metsaveere,isolated_dwelling,26.4805609,58.0394897
233,Kondi,kondi,locality,25.5794519,58.3016242
233,Metsamihkli,metsamihkli,isolated_dwelling,22.8551853,58.5469099
233,Närska,narska,isolated_dwelling,25.6122358,58.3139489
233,Illipalu,illipalu,neighbourhood,26.4336825,58.1940438
233,Soo,soo,isolated_dwelling,26.7622714,58.4446011
233,Koidu,koidu,hamlet,24.5901992,59.3439881
233,Kiviküla,kivikula,locality,25.6889713,58.2532845
233,Piirsalu raketibaas,piirsalu raketibaas,locality,24.0730625,59.0666894
233,Nõukogude sõjaväeobjekt,noukogude sojavaeobjekt,locality,24.6062615,59.3014397
233,Mardi talu,mardi talu,isolated_dwelling,25.3172802,59.3457766
233,Toompea,toompea,neighbourhood,24.7396787,59.4368015
233,All-linn,all-linn,neighbourhood,24.7467407,59.4383722
233,Riisselja,riisselja,locality,24.8233079,58.211795
233,Бабино,babino,hamlet,27.5292981,57.7850878
233,Уланово,ulanovo,hamlet,27.518461,57.779289
233,Ульянцево,ul'iantsevo,hamlet,27.5500188,57.802624
233,Pügala mägi,pugala magi,locality,25.7626259,59.5888255
233,Jaani mägi,jaani magi,locality,25.7558402,59.5899857
233,Kruusaaugu mägi,kruusaaugu magi,locality,25.74324,59.592465
233,Kalleparda mägi,kalleparda magi,locality,25.7410922,59.5923696
233,Tuulemurru,tuulemurru,neighbourhood,24.6622786,59.3069172
233,Валдино,valdino,locality,27.809967,57.854759
233,Серпово,serpovo,isolated_dwelling,27.819754,57.881519
233,Балуево,baluevo,locality,27.4874001,57.7095506
233,Воронкино,voronkino,hamlet,27.454176,57.707737
233,Кирово,kirovo,hamlet,27.476677,57.705341
233,Лаптево-1,laptevo-1,hamlet,27.5318758,57.7200738
233,Лаптево-Совхозное,laptevo-sovkhoznoe,isolated_dwelling,27.4100152,57.6887291
233,Настахино,nastakhino,hamlet,27.4796153,57.7130421
233,Русский Бор,russkii bor,hamlet,27.4260823,57.6876188
233,Боброво,bobrovo,hamlet,27.39599,57.602661
233,Ламище,lamishche,isolated_dwelling,27.3573159,57.5936611
233,Котелево,kotelevo,isolated_dwelling,27.5217811,57.7525229
233,Võnsi männik,vonsi mannik,locality,25.4394188,59.4656885
233,Munalaid,munalaid,locality,24.1169938,58.2300032
233,Pöia,poia,locality,23.5281793,59.1531417
233,Kangru,kangru,locality,25.9938487,58.1729006
233,Korba,korba,locality,24.9231993,59.3245903
233,Raja keskus,raja keskus,neighbourhood,24.5315681,59.4135764
233,Ahtme,ahtme,suburb,27.4220282,59.3289416
233,Krimmi Holm,krimmi holm,locality,23.5146878,58.9580881
233,L,l,locality,24.7387332,59.3794648
233,LI,li,locality,24.7387293,59.3789657
233,LII,lii,locality,24.7387566,59.3784407
233,LIII,liii,locality,24.7387644,59.3777506
233,N,n,locality,24.7386434,59.380471
233,NI,ni,locality,24.7386785,59.379958
233,Padaorg (ürgorg),padaorg,locality,26.7115113,59.4418629
233,Padaoru endised motokrossirajad,padaoru endised motokrossirajad,locality,26.7144559,59.4416397
233,Hollywood Hill,hollywood hill,locality,25.8068465,59.3616357
233,Pajuvärava,pajuvarava,isolated_dwelling,23.0430412,58.5232314
233,Sandri,sandri,isolated_dwelling,23.0424506,58.5221955
233,Mäe-Kõoküla,mae-kookula,hamlet,27.3337034,57.8027887
233,Rootsi-Aruküla,rootsi-arukula,hamlet,24.0371086,58.6893137
233,Jõeääre,joeaare,hamlet,24.0891403,58.7373784
233,Keemu,keemu,hamlet,23.6731795,58.7393338
233,Laulepa,laulepa,hamlet,23.6771168,58.6983667
233,Liustemäe,liustemae,hamlet,23.6408163,58.7215335
233,Mõisimaa,moisimaa,hamlet,24.0640078,58.7191574
233,Nurme,nurme,hamlet,23.7674062,58.6646533
233,Peanse,peanse,hamlet,23.7358544,58.6698554
233,Rannu,rannu,hamlet,23.9410544,58.7356615
233,Rootsi,rootsi,hamlet,24.0274738,58.689261
233,Seli,seli,hamlet,23.8609311,58.7432763
233,Soovälja,soovalja,hamlet,23.8546782,58.636922
233,Uluste,uluste,hamlet,24.0738366,58.7281972
233,Vanamõisa,vanamoisa,hamlet,24.030104,58.7091768
233,Võigaste,voigaste,hamlet,23.6397769,58.7118919
233,Aruküla,arukula,village,25.0736119,59.3650145
233,Ruhnu,ruhnu,hamlet,23.2415817,57.8047117
233,Kolga Vesiveski,kolga vesiveski,isolated_dwelling,23.8447211,58.3850141
233,Kolga,kolga,isolated_dwelling,23.8411065,58.3839956
233,Koopa,koopa,isolated_dwelling,23.8475433,58.3832189
233,Gaia,gaia,isolated_dwelling,26.538267,57.9911486
233,Kruusiaugu,kruusiaugu,isolated_dwelling,24.6592815,59.2897589
233,Lauri,lauri,isolated_dwelling,24.9188792,58.7515437
233,Kopli,kopli,isolated_dwelling,24.9131521,58.7765799
233,Sõeru,soeru,isolated_dwelling,24.9138229,58.7770815
233,Küüni,kuuni,isolated_dwelling,24.929231,58.7940094
233,Otsa,otsa,isolated_dwelling,24.9300137,58.793588
233,Posti,posti,isolated_dwelling,24.93153,58.7946206
233,Kaasiku,kaasiku,isolated_dwelling,24.9355188,58.7021018
233,Aaso,aaso,isolated_dwelling,24.9353373,58.7013334
233,Aru,aru,isolated_dwelling,25.0188433,58.7259287
233,Kiviaru,kiviaru,isolated_dwelling,25.0208567,58.7051473
233,Toomekase,toomekase,isolated_dwelling,24.9207853,58.7510216
233,Väljametsa,valjametsa,isolated_dwelling,24.9199312,58.7509746
233,Parri,parri,isolated_dwelling,24.9195582,58.7509613
233,Hiie,hiie,isolated_dwelling,24.9190912,58.7509599
233,Reimetsa,reimetsa,isolated_dwelling,24.9187324,58.7509697
233,Härma,harma,isolated_dwelling,24.9181697,58.7509611
233,Erjasoo,erjasoo,locality,24.9322052,58.738117
233,Saunaaseme,saunaaseme,isolated_dwelling,24.9281555,58.7154636
233,Taarikõnnu,taarikonnu,isolated_dwelling,24.8983319,58.7251846
233,Sikkemäe,sikkemae,isolated_dwelling,25.4762437,59.0990106
233,Kose-Risti,kose-risti,locality,25.177786,59.1669596
233,Talismani,talismani,isolated_dwelling,26.3608175,58.3414099
233,Toompere,toompere,isolated_dwelling,26.3603866,58.3408133
233,Aida,aida,isolated_dwelling,26.3581481,58.34165
233,Kooli,kooli,isolated_dwelling,26.3588368,58.3417676
233,Võidu,voidu,isolated_dwelling,26.3595091,58.3423044
233,Mäe,mae,isolated_dwelling,26.3605034,58.3422338
233,Teekalda,teekalda,isolated_dwelling,26.3596762,58.3417633
233,Käpa,kapa,isolated_dwelling,26.2710346,58.4074283
233,Kooguaru,kooguaru,isolated_dwelling,26.3098873,58.4109926
233,Väikeselli,vaikeselli,isolated_dwelling,26.2893498,58.43364
233,Sääre,saare,hamlet,22.05579,57.9115944
233,Neeruti mäed,neeruti maed,locality,26.1121865,59.3074109
233,Saare,saare,isolated_dwelling,23.9173903,58.5426642
233,Aasaniidu,aasaniidu,isolated_dwelling,25.294496,58.5493958
233,Lehtsaare,lehtsaare,isolated_dwelling,25.3260184,58.527814
233,Kesa,kesa,isolated_dwelling,25.3038985,58.5476212
233,Karu,karu,isolated_dwelling,25.3414831,58.5203865
233,Kalna,kalna,isolated_dwelling,26.1424136,57.7327993
233,Žuldas,zuldas,isolated_dwelling,26.1426639,57.7332905
233,Baldiņi,baldini,isolated_dwelling,26.1002157,57.7561907
233,Väikeheinamaa / Lillangin,vaikeheinamaa lillangin,hamlet,24.5057504,59.5556262
233,Tagaküla / Bakbyn,tagakula bakbyn,hamlet,24.5105383,59.5979796
233,Lõunaküla / Storbyn,lounakula storbyn,hamlet,24.5373503,59.5427742
233,Poolakese,poolakese,isolated_dwelling,26.7710533,58.2088311
233,Saava,saava,isolated_dwelling,26.7723743,58.2088703
233,Jaska,jaska,isolated_dwelling,26.7695828,58.2114773
233,Jaska-Madise,jaska-madise,isolated_dwelling,26.7718447,58.2108472
233,Tooma,tooma,isolated_dwelling,26.4440145,58.197948
233,Viidumäe looduskaitseala keskus,viidumae looduskaitseala keskus,locality,22.0996872,58.29816
233,Viidumägi,viidumagi,locality,22.0772373,58.3085678
233,Pärna,parna,isolated_dwelling,24.6009767,58.7719894
233,Noormaa-Veski,noormaa-veski,isolated_dwelling,24.5974196,58.7705812
233,Noormaa,noormaa,isolated_dwelling,24.5932021,58.7691154
233,Tihkani,tihkani,isolated_dwelling,24.5953241,58.7678132
233,Ojakalda,ojakalda,isolated_dwelling,24.5958947,58.7641952
233,Kalevi,kalevi,isolated_dwelling,24.6078444,58.766616
233,Intsu talu,intsu talu,isolated_dwelling,26.8401582,58.15996
233,Vahtra,vahtra,isolated_dwelling,24.5938568,58.7485182
233,Rätsepapoe,ratsepapoe,isolated_dwelling,24.5931683,58.7485605
233,Hundi,hundi,isolated_dwelling,25.3415924,59.1032501
233,Pikapere,pikapere,isolated_dwelling,25.3392672,59.1037023
233,Lõokese,lookese,isolated_dwelling,25.3230368,59.1084945
233,Männivälja,mannivalja,isolated_dwelling,25.3242011,59.1081595
233,Pilleri,pilleri,isolated_dwelling,25.3263917,59.1071757
233,Lätte,latte,isolated_dwelling,26.7484772,58.6877036
233,Ratta,ratta,isolated_dwelling,26.7477466,58.68859
233,Oru,oru,isolated_dwelling,26.7453379,58.6812268
233,Ründva,rundva,isolated_dwelling,26.7480934,58.6793814
233,Udumäe,udumae,isolated_dwelling,26.746397,58.6800814
233,Tagamõisa,tagamoisa,isolated_dwelling,26.7476317,58.6773517
233,Tamme,tamme,isolated_dwelling,26.7561246,58.6749272
233,Metsakuru,metsakuru,isolated_dwelling,26.7384473,58.6898052
233,Rebase,rebase,isolated_dwelling,26.7518635,58.6954459
233,Linnustiku,linnustiku,isolated_dwelling,26.7543683,58.6937743
233,Sopi,sopi,isolated_dwelling,26.7570984,58.6889953
233,Männiku,manniku,isolated_dwelling,26.3848717,57.9434122
233,Käki,kaki,isolated_dwelling,26.8706136,58.3315046
233,Künka,kunka,isolated_dwelling,26.8838658,58.3336034
233,Oru,oru,isolated_dwelling,26.8796022,58.3339636
233,Kuuse,kuuse,isolated_dwelling,26.8843198,58.331031
233,Uuetalo,uuetalo,isolated_dwelling,26.8851435,58.3314469
233,Mäe,mae,isolated_dwelling,26.8795612,58.3351966
233,Kingu,kingu,isolated_dwelling,26.8823121,58.3344587
233,Raja,raja,isolated_dwelling,26.9763157,58.474698
233,Kiili,kiili,village,24.8392215,59.3069695
233,Kurekiiva,kurekiiva,isolated_dwelling,25.2723273,58.4672274
233,Pilliroo,pilliroo,isolated_dwelling,25.2759631,58.4708549
233,Põdraaugu,podraaugu,isolated_dwelling,25.2793344,58.4750321
233,Paegļi,paegli,isolated_dwelling,26.0384987,57.8121237
233,Tankisild,tankisild,locality,25.761189,59.3790669
233,Mežrozītes,mezrozites,isolated_dwelling,26.3322799,57.5753064
233,Mure,mure,isolated_dwelling,26.7757394,58.3832617
233,Radlovi,radlovi,isolated_dwelling,26.7812359,58.3845617
233,Robežnieki,robeznieki,isolated_dwelling,25.2336918,58.0092996
233,Muitas punkts,muitas punkts,isolated_dwelling,25.2388187,58.008856
233,Smilškalni,smilskalni,isolated_dwelling,25.4740335,57.9781881
233,Kadastiku,kadastiku,isolated_dwelling,25.3176847,58.3545933
233,Milistvere,milistvere,isolated_dwelling,25.3234825,58.3524714
233,Kasesalu,kasesalu,isolated_dwelling,25.316912,58.3573458
233,Allikoja,allikoja,isolated_dwelling,25.3247317,58.3566592
233,Tässa,tassa,isolated_dwelling,25.3240245,58.346787
233,Savikoja,savikoja,isolated_dwelling,26.8449378,58.4217624
233,Savilöövi,saviloovi,isolated_dwelling,26.8495883,58.4234514
233,Väikemäe,vaikemae,isolated_dwelling,26.8532335,58.4232448
233,Liivamäe,liivamae,isolated_dwelling,26.854455,58.4225652
233,Alliku,alliku,isolated_dwelling,26.8526101,58.4245074
233,Tammiku,tammiku,isolated_dwelling,26.8545822,58.4250303
233,Oru,oru,isolated_dwelling,26.6934213,57.57578
233,Mäe,mae,isolated_dwelling,26.6912423,57.5746986
233,Veski-Uandi,veski-uandi,isolated_dwelling,26.501185,58.0987647
233,Väike-Uandi,vaike-uandi,isolated_dwelling,26.5012351,58.1001942
233,Liiva,liiva,isolated_dwelling,26.5219224,58.1019056
233,Krepi,krepi,isolated_dwelling,26.5162986,58.0946544
233,Käpa,kapa,isolated_dwelling,26.5103523,58.0941376
233,Metsasalu,metsasalu,isolated_dwelling,26.4444411,58.0424022
233,Ala-Tammiku,ala-tammiku,isolated_dwelling,26.4539199,58.0430301
233,Kitse,kitse,isolated_dwelling,26.5875628,58.1498976
233,Tedre,tedre,isolated_dwelling,27.2951252,58.2874787
233,Kurvitsa,kurvitsa,isolated_dwelling,27.2964296,58.2864526
233,Puusepa,puusepa,isolated_dwelling,27.2887122,58.2857112
233,Koorti,koorti,isolated_dwelling,27.2905535,58.2881801
233,Soobli,soobli,isolated_dwelling,27.2875899,58.2893448
233,Rammo,rammo,isolated_dwelling,27.2867829,58.2892823
233,Tsirna,tsirna,isolated_dwelling,27.2947789,58.3713726
233,Tarmo,tarmo,isolated_dwelling,27.2869403,58.3255732
233,Kooli,kooli,isolated_dwelling,27.2857427,58.3257157
233,Trosta,trosta,isolated_dwelling,27.2831853,58.3235525
233,Raudsepa,raudsepa,isolated_dwelling,27.2802489,58.3275667
233,Seppa,seppa,isolated_dwelling,27.2795218,58.3283524
233,Sooveere,sooveere,isolated_dwelling,27.2816335,58.3314699
233,Männikäbi,mannikabi,isolated_dwelling,27.2904821,58.3298305
233,Tani,tani,isolated_dwelling,27.3006224,58.3297121
233,Kase,kase,isolated_dwelling,27.2727616,58.3298413
233,Kure,kure,isolated_dwelling,27.2685558,58.3312225
233,Vanapalu,vanapalu,isolated_dwelling,27.2611982,58.333398
233,Apnasaare,apnasaare,isolated_dwelling,27.2678676,58.350018
233,Leegosaare,leegosaare,isolated_dwelling,27.2799438,58.3643714
233,Saksa,saksa,isolated_dwelling,27.3871335,58.349964
233,Laaksi,laaksi,isolated_dwelling,27.3846414,58.3288901
233,Soekurmu,soekurmu,isolated_dwelling,27.3861823,58.3137034
233,Kaasiksaare-Jürsi,kaasiksaare-jursi,isolated_dwelling,24.9890003,58.6900932
233,Käänu,kaanu,isolated_dwelling,24.9862547,58.688408
233,Altmaa,altmaa,locality,24.9883329,58.687381
233,Mäeotsa-Risti,maeotsa-risti,isolated_dwelling,24.9892132,58.6866099
233,Veskioja,veskioja,isolated_dwelling,26.6133065,58.4518664
233,Tammepuu,tammepuu,isolated_dwelling,26.7894603,58.3932524
233,Teearu,teearu,isolated_dwelling,26.7922275,58.392872
233,Vahtra,vahtra,isolated_dwelling,26.5114722,58.0349488
233,Kangro,kangro,isolated_dwelling,26.8460979,58.1666937
233,Palu,palu,isolated_dwelling,26.846308,58.1630693
233,Oinamurru,oinamurru,locality,24.9877396,58.7722686
233,Dārznieki,darznieki,isolated_dwelling,25.3563339,58.0329606
233,Õuna,ouna,isolated_dwelling,26.6449768,58.5038864
233,Kastli,kastli,isolated_dwelling,26.6430458,58.5056095
233,Raudsepa,raudsepa,isolated_dwelling,26.6466203,58.5067089
233,Jürisoo,jurisoo,isolated_dwelling,26.6519711,58.5036078
233,Tagasoo,tagasoo,isolated_dwelling,26.6537828,58.5015783
233,Ülesoo,ulesoo,isolated_dwelling,26.6543379,58.5011218
233,Liblika,liblika,isolated_dwelling,26.6549842,58.5009761
233,Loore,loore,isolated_dwelling,26.6558054,58.5006408
233,Männi,manni,isolated_dwelling,26.6565695,58.500425
233,Taavi,taavi,isolated_dwelling,26.6549999,58.4999997
233,Kriska,kriska,isolated_dwelling,26.657403,58.4997059
233,Õiemäe,oiemae,isolated_dwelling,26.6583128,58.5024781
233,Roosipuu,roosipuu,isolated_dwelling,26.6584495,58.5046742
233,Merila,merila,isolated_dwelling,26.6605471,58.5041678
233,Palumäe,palumae,isolated_dwelling,26.6631582,58.5043953
233,Timsa,timsa,isolated_dwelling,26.6354312,58.5115767
233,Jõeristi,joeristi,isolated_dwelling,26.4591669,58.095854
233,Tooma,tooma,isolated_dwelling,26.4629689,58.0961666
233,Kalamaja,kalamaja,isolated_dwelling,26.674121,58.4226693
233,Pallo,pallo,isolated_dwelling,26.7472485,58.131604
233,Turbatnja,turbatnja,isolated_dwelling,27.5570228,58.0879122
233,Lukova,lukova,locality,27.563114,58.0862623
233,Teeveere,teeveere,isolated_dwelling,27.2353008,58.50693
233,Laksbergi,laksbergi,isolated_dwelling,26.8066474,58.1347987
233,Nugise,nugise,locality,26.8110769,58.1365246
233,Kooli,kooli,isolated_dwelling,26.7635479,58.2075994
233,Pähna,pahna,isolated_dwelling,26.7619765,58.2070624
233,Nurmekunda,nurmekunda,isolated_dwelling,26.7590571,58.2006243
233,Mäetare,maetare,isolated_dwelling,26.7156965,58.1415259
233,Uue-Tõmmoja,uue-tommoja,isolated_dwelling,26.8408472,58.0662534
233,Pärnametsa,parnametsa,isolated_dwelling,26.8398172,58.0660633
233,Haavistiku,haavistiku,isolated_dwelling,26.8457725,58.0660395
233,Meelise,meelise,isolated_dwelling,26.8490692,58.0647603
233,Uue-Lutsu,uue-lutsu,isolated_dwelling,26.718376,58.1407799
233,Metsaveere,metsaveere,isolated_dwelling,26.7044082,58.1417327
233,Tondi,tondi,isolated_dwelling,26.7095998,58.1474571
233,Kasakmäe,kasakmae,isolated_dwelling,26.701707,58.1467403
233,Söödi,soodi,isolated_dwelling,26.7019938,58.1455936
233,Mihkli,mihkli,isolated_dwelling,26.7073362,58.1378991
233,Lillemäe,lillemae,isolated_dwelling,26.7023419,58.1444475
233,Pärnapuu,parnapuu,isolated_dwelling,26.7016499,58.1450515
233,Männiku,manniku,isolated_dwelling,26.7003124,58.1461486
233,Teeääre,teeaare,isolated_dwelling,26.7007902,58.1456605
233,Sipelga,sipelga,isolated_dwelling,26.7012962,58.1452714
233,Metsavahe,metsavahe,isolated_dwelling,26.6977257,58.1443564
233,Mäe,mae,isolated_dwelling,26.6973911,58.1448813
233,Kanni,kanni,isolated_dwelling,26.6973701,58.1453529
233,Lombi,lombi,isolated_dwelling,26.6975437,58.1428103
233,Metsatuka,metsatuka,isolated_dwelling,26.6972732,58.1438531
233,Pillerkaare,pillerkaare,isolated_dwelling,26.6893675,58.1439007
233,Pärle,parle,isolated_dwelling,26.6863335,58.1491178
233,Londoni,londoni,isolated_dwelling,26.7760088,58.1498784
233,Russako,russako,locality,26.7768888,58.1501162
233,Villemi,villemi,isolated_dwelling,26.7708951,58.1466091
233,Kullaaugu,kullaaugu,isolated_dwelling,26.7786717,58.1468052
233,Ala-Villemi,ala-villemi,isolated_dwelling,26.7732804,58.1471534
233,Kuke,kuke,isolated_dwelling,26.7891002,58.1527004
233,Nuusapalu,nuusapalu,locality,26.8000997,58.1485473
233,Sõõru,sooru,isolated_dwelling,26.8255281,58.1497613
233,Mäe-Põdra,mae-podra,isolated_dwelling,26.8313544,58.1471379
233,Lättesaare,lattesaare,isolated_dwelling,26.7379664,58.0924925
233,Kolleri,kolleri,isolated_dwelling,26.7365505,58.0783904
233,Tamme,tamme,isolated_dwelling,26.7359185,58.07465
233,Kasetuka,kasetuka,isolated_dwelling,26.7402598,58.0751442
233,Männa,manna,isolated_dwelling,26.7428535,58.0747754
233,Kannistu,kannistu,isolated_dwelling,26.7362547,58.0722358
233,Aasa,aasa,isolated_dwelling,26.7389027,58.0725308
233,Uus-Kannistu,uus-kannistu,isolated_dwelling,26.7392093,58.0717921
233,Salu,salu,isolated_dwelling,26.7412115,58.0712409
233,Aia,aia,isolated_dwelling,26.7389273,58.0689657
233,Oja,oja,isolated_dwelling,26.7399031,58.0688266
233,Männi,manni,isolated_dwelling,26.7359757,58.067642
233,Kase,kase,isolated_dwelling,26.7378941,58.0675669
233,Johanna,johanna,locality,26.6863239,58.3992819
233,Kingu,kingu,isolated_dwelling,26.6855083,58.3995852
233,Jõemiku,joemiku,isolated_dwelling,26.685318,58.4000207
233,Muru,muru,isolated_dwelling,26.685854,58.4005701
233,Vana-Palsa,vana-palsa,isolated_dwelling,26.6841535,58.4005301
233,Timma,timma,isolated_dwelling,26.683921,58.4008668
233,Allika,allika,isolated_dwelling,26.6834823,58.4015555
233,Keskvälja,keskvalja,isolated_dwelling,26.6832915,58.4019129
233,Koidula,koidula,isolated_dwelling,26.6833957,58.4023724
233,Viira,viira,isolated_dwelling,26.6831604,58.4026125
233,Rästatalu,rastatalu,isolated_dwelling,26.6414816,58.431452
233,Toominga,toominga,isolated_dwelling,26.6289166,58.4383093
233,Sarapuu,sarapuu,isolated_dwelling,26.6292859,58.4375506
233,Raali,raali,isolated_dwelling,26.6297946,58.4420481
233,Aasaraali,aasaraali,isolated_dwelling,26.6264597,58.4432487
233,Vaheri,vaheri,isolated_dwelling,26.6139008,58.5078502
233,Krantsu,krantsu,isolated_dwelling,26.765289,58.4793437
233,Soo,soo,isolated_dwelling,26.7692987,58.4743747
233,Kaarsemäe,kaarsemae,isolated_dwelling,26.2139914,58.2011602
233,Mäeotsa,maeotsa,isolated_dwelling,26.2135448,58.2006855
233,Tanni,tanni,isolated_dwelling,26.2192421,58.2018551
233,Otsa,otsa,isolated_dwelling,26.2209572,58.1996726
233,Viira-Metsa,viira-metsa,isolated_dwelling,27.1310893,58.4862376
233,Viinajõe,viinajoe,isolated_dwelling,27.1464161,58.486756
233,Toonoja,toonoja,locality,25.1171638,58.5033178
233,Ruiču muitnīca,ruicu muitnica,isolated_dwelling,25.0100993,58.0147327
233,Uue-Rammuli,uue-rammuli,isolated_dwelling,26.7306871,58.1383527
233,Maasika,maasika,locality,26.7287174,58.1439829
233,Kasesalu,kasesalu,isolated_dwelling,26.7277569,58.1457552
233,Kasemäe,kasemae,isolated_dwelling,26.7286322,58.1467466
233,Golfi,golfi,isolated_dwelling,26.7318111,58.1463577
233,Mäe-Rammuli,mae-rammuli,locality,26.7410749,58.1462583
233,Pärna,parna,isolated_dwelling,26.7477434,58.1491313
233,Ansu,ansu,isolated_dwelling,26.7525567,58.1487467
233,Käärti,kaarti,isolated_dwelling,26.7551594,58.1473217
233,Mäe-Risti,mae-risti,isolated_dwelling,26.7389407,58.1255097
233,Tarnalombi,tarnalombi,isolated_dwelling,26.7311038,58.1260971
233,Nõlvaku,nolvaku,isolated_dwelling,26.7663892,58.1316786
233,Lohu,lohu,isolated_dwelling,26.7882216,58.0848924
233,Tsirgusaare,tsirgusaare,isolated_dwelling,26.7913612,58.085782
233,Rehtesaare,rehtesaare,isolated_dwelling,26.9990365,58.4407895
233,Päikese,paikese,isolated_dwelling,26.651707,58.3425878
233,Kannikese,kannikese,isolated_dwelling,26.6645305,58.3442234
233,Tulbi,tulbi,isolated_dwelling,26.6658381,58.3443046
233,Lääne-Nigula,laane-nigula,isolated_dwelling,26.6727104,58.342053
233,Künni,kunni,isolated_dwelling,26.6714624,58.3438053
233,Treiali,treiali,isolated_dwelling,26.6709937,58.3442628
233,Jago,jago,locality,26.637899,58.3465088
233,Leilovi laut,leilovi laut,locality,26.651189,58.3499338
233,Pärna,parna,isolated_dwelling,24.8163841,58.7959916
233,Sepa,sepa,isolated_dwelling,25.7781335,58.6785018
233,Uue-Sepa,uue-sepa,isolated_dwelling,25.7817381,58.6805497
233,Ansuri,ansuri,isolated_dwelling,25.7767121,58.6793271
233,Lõhi,lohi,isolated_dwelling,25.7779179,58.6800084
233,Jürimärdi,jurimardi,locality,25.8109797,58.6782011
233,Tooma,tooma,isolated_dwelling,25.803432,58.6770547
233,Sagari,sagari,isolated_dwelling,25.8041161,58.6795256
233,Räsna,rasna,isolated_dwelling,25.7973446,58.6863916
233,Reinu,reinu,isolated_dwelling,25.802562,58.6874642
233,Pajumurru,pajumurru,locality,25.8280252,58.6873598
233,Tannu,tannu,isolated_dwelling,25.8401865,58.6772527
233,Siimu,siimu,locality,25.8171464,58.6765294
233,Lääne,laane,isolated_dwelling,25.8106102,58.674124
233,Uus-Junkro,uus-junkro,isolated_dwelling,25.8227805,58.6573197
233,Veskimäe,veskimae,isolated_dwelling,27.0138213,58.376011
233,Tuuleveski,tuuleveski,isolated_dwelling,27.015649,58.376147
233,Otsa,otsa,isolated_dwelling,24.9748712,58.9916865
233,Lau,lau,isolated_dwelling,24.9755901,58.9901282
233,Mäe,mae,isolated_dwelling,24.9759853,58.9894083
233,Eha,eha,isolated_dwelling,26.7568048,58.4109621
233,Ilvese,ilvese,isolated_dwelling,26.2030036,58.2074772
233,Ervopalu mets,ervopalu mets,locality,26.2037004,58.2006469
233,Kõivu,koivu,isolated_dwelling,26.1986869,58.2069058
233,Kiinitare,kiinitare,isolated_dwelling,26.1988201,58.2082737
233,Viilu,viilu,isolated_dwelling,26.1855682,58.2067062
233,Alalombi,alalombi,isolated_dwelling,26.2106786,58.1982799
233,Väike-Tarvi,vaike-tarvi,isolated_dwelling,26.1936635,58.2147298
233,Metsavahi,metsavahi,isolated_dwelling,24.5927208,58.7757769
233,Kople,kople,isolated_dwelling,24.6521916,58.7485631
233,Uustalu,uustalu,locality,24.6482381,58.7508931
233,Uuskalda,uuskalda,isolated_dwelling,24.6454112,58.7510852
233,Järve,jarve,isolated_dwelling,24.4457089,59.0561451
233,Uustalu,uustalu,isolated_dwelling,24.4439262,59.0518388
233,Männikõnnu,mannikonnu,isolated_dwelling,24.7171978,58.7817414
233,Vana-Männiku,vana-manniku,isolated_dwelling,24.7162981,58.7817967
233,Alema,alema,locality,25.5027919,58.682855
233,Põllu,pollu,locality,25.5044311,58.6803067
233,Kihva,kihva,isolated_dwelling,25.8962094,58.6282698
233,Altvälja,altvalja,isolated_dwelling,25.8969123,58.6273703
233,Käspre,kaspre,isolated_dwelling,25.89794,58.6268502
233,Salumetsa,salumetsa,isolated_dwelling,25.8987604,58.6262088
233,Jürimäe,jurimae,isolated_dwelling,25.8993669,58.6258364
233,Allikmäe,allikmae,isolated_dwelling,25.8999858,58.6242654
233,Mäe,mae,isolated_dwelling,25.9010481,58.6236127
233,Sonni,sonni,isolated_dwelling,25.904096,58.622704
233,Suuremõisa,suuremoisa,hamlet,23.2293419,58.5727941
233,Nautse,nautse,hamlet,23.1597195,58.5870842
233,Manniõie,mannioie,isolated_dwelling,27.4416688,57.7144958
233,Tuliku,tuliku,isolated_dwelling,27.4438688,57.7155007
233,Peetri,peetri,isolated_dwelling,27.4217308,57.7205247
233,Tsitroni,tsitroni,isolated_dwelling,27.4276997,57.7152306
233,Kõo,koo,isolated_dwelling,27.42938,57.7150912
233,Hagala,hagala,isolated_dwelling,27.429073,57.7163154
233,Mäe-Tsitroni,mae-tsitroni,isolated_dwelling,27.4269011,57.7180563
233,Toome,toome,isolated_dwelling,27.4265825,57.718737
233,Pihlaka,pihlaka,isolated_dwelling,27.4270225,57.7196364
233,Piirisaare,piirisaare,isolated_dwelling,27.4286308,57.7205521
233,Kivioru,kivioru,isolated_dwelling,27.4284184,57.7213705
233,Uibo,uibo,isolated_dwelling,27.417893,57.7165653
233,Kaera,kaera,isolated_dwelling,27.415876,57.7141814
233,Puiestee,puiestee,isolated_dwelling,27.4164764,57.7108655
233,Kriilemetsa,kriilemetsa,isolated_dwelling,24.9134801,59.2999578
233,Kirjasilla,kirjasilla,locality,24.9131429,59.3004671
233,Paja,paja,isolated_dwelling,22.5527032,58.7117277
233,Penderna,penderna,isolated_dwelling,22.5503657,58.7114336
233,Mäe,mae,isolated_dwelling,24.3552902,58.8064139
233,Matsi,matsi,isolated_dwelling,24.358176,58.8037292
233,Tooma,tooma,isolated_dwelling,24.3626529,58.8044334
233,Sepa,sepa,locality,24.3675211,58.8036579
233,Männiku-Ado,manniku-ado,isolated_dwelling,24.3720935,58.8076906
233,Kukeselja,kukeselja,isolated_dwelling,24.4389364,58.7835693
233,Kännu põhumaja,kannu pohumaja,locality,26.8600452,58.3069694
233,Saksa ratsakool,saksa ratsakool,locality,26.9201428,58.3695281
233,Треугольник Лутепяя,treugol'nik lutepiaia,locality,27.6790771,57.9237908
233,Sooharu,sooharu,locality,25.084974,58.8746227
233,Madisemägi,madisemagi,locality,26.1725554,58.5415489
233,Haabersti,haabersti,suburb,24.6290422,59.4313282
233,Kesklinn,kesklinn,suburb,24.7573528,59.4367167
233,Kristiine,kristiine,suburb,24.7116327,59.4170295
233,Lasnamäe,lasnamae,suburb,24.8525024,59.4354639
233,Mustamäe,mustamae,suburb,24.6721077,59.405193
233,Nõmme,nomme,suburb,24.684124,59.378524
233,Pirita,pirita,suburb,24.8543906,59.4718884
233,Põhja-Tallinn,pohja-tallinn,suburb,24.7051043,59.450442
233,Lauri,lauri,isolated_dwelling,24.6097624,58.8166146
233,Otsaküla,otsakula,isolated_dwelling,24.6084195,58.8157144
233,Rebaski,rebaski,hamlet,23.1731098,58.6484233
233,Taressaare,taressaare,isolated_dwelling,26.1180729,58.4446948
233,Mehusaare,mehusaare,isolated_dwelling,26.0821961,58.4681627
233,Roka,roka,locality,26.148471,58.4731056
233,Nava,nava,locality,26.1587168,58.8785935
233,Lambas,lambas,isolated_dwelling,26.0790388,57.7664877
233,Upmaņi,upmani,isolated_dwelling,26.0796658,57.7663482
233,Дубки,dubki,hamlet,27.641521,58.0084329
233,Kangru,kangru,isolated_dwelling,26.5734961,57.9525776
233,Prillapatsi,prillapatsi,isolated_dwelling,26.2372531,59.061916
233,Järvemäe,jarvemae,locality,26.239823,59.0561671
233,Nõmme,nomme,isolated_dwelling,26.2101905,58.1967474
233,Randla,randla,isolated_dwelling,26.2092222,58.1951256
233,Kõrgeselja,korgeselja,isolated_dwelling,26.2065882,58.1960238
233,Saaremäe,saaremae,locality,26.1937639,58.1969837
233,Endla,endla,isolated_dwelling,26.2954583,57.6946765
233,Pargi,pargi,isolated_dwelling,24.745622,58.8739496
233,Kivi,kivi,locality,24.6878124,58.7406106
233,Raja,raja,locality,24.6779704,58.7340079
233,Vahtramäe,vahtramae,isolated_dwelling,24.6199643,58.8003001
233,Nurtu kool,nurtu kool,locality,24.5946611,58.7423025
233,Allika-Ülejõe,allika-ulejoe,isolated_dwelling,24.7283895,58.8062262
233,Matsi-Uuetoa,matsi-uuetoa,isolated_dwelling,24.7287553,58.81302
233,Matsi-Vanatoa,matsi-vanatoa,isolated_dwelling,24.7291261,58.8086815
233,Allika-Rehe,allika-rehe,isolated_dwelling,24.7267455,58.8070443
233,Pähkneeme rannik,pahkneeme rannik,locality,25.6771281,59.6581276
233,Naha,naha,isolated_dwelling,26.5933218,57.52135
233,Ojaperve,ojaperve,isolated_dwelling,26.9370806,58.1235414
233,Metsakuru,metsakuru,isolated_dwelling,26.8078481,58.09293
233,Lätte,latte,isolated_dwelling,26.8070021,58.0903342
233,Järvekalda,jarvekalda,isolated_dwelling,26.8516353,58.0954514
233,Tire,tire,locality,25.2297491,59.157347
233,Rigaderi,rigaderi,isolated_dwelling,24.4361453,58.3986859
233,Paadi,paadi,isolated_dwelling,24.4365915,58.3961896
233,Saare,saare,isolated_dwelling,24.4290497,58.3946556
233,Liisu,liisu,isolated_dwelling,24.423451,58.401434
233,Tamme,tamme,isolated_dwelling,24.5965821,58.3228473
233,Tammeoksa,tammeoksa,isolated_dwelling,24.5977725,58.3209943
233,Meelise,meelise,isolated_dwelling,24.6005515,58.3204788
233,Priidu,priidu,isolated_dwelling,24.6012853,58.3206871
233,Kapteni,kapteni,isolated_dwelling,24.6010347,58.3198949
233,Sepa,sepa,isolated_dwelling,24.6003624,58.3191552
233,Pudro,pudro,isolated_dwelling,24.6048899,58.3189873
233,Peerna,peerna,isolated_dwelling,24.6064173,58.3210091
233,Ületee,uletee,isolated_dwelling,24.6047946,58.3158411
233,Janni,janni,isolated_dwelling,24.6091233,58.3177899
233,Reinu,reinu,isolated_dwelling,24.6114232,58.3169965
233,Kerdi,kerdi,isolated_dwelling,24.6092949,58.3153287
233,Tedre,tedre,isolated_dwelling,24.6079625,58.3147552
233,Jõeääre,joeaare,isolated_dwelling,24.6079532,58.3139921
233,Jaago,jaago,isolated_dwelling,24.6080334,58.3127287
233,Pändijuhani,pandijuhani,isolated_dwelling,24.6102993,58.3116408
233,Toivo,toivo,isolated_dwelling,24.610745,58.3110379
233,Pärnakivi,parnakivi,isolated_dwelling,24.4366987,58.3922811
233,Rasmuse,rasmuse,isolated_dwelling,24.4329174,58.3908354
233,Kännu,kannu,isolated_dwelling,24.4352238,58.3911293
233,Puugi,puugi,isolated_dwelling,24.4352312,58.3906788
233,Puugiserva,puugiserva,isolated_dwelling,24.4356646,58.3903207
233,Ivo,ivo,isolated_dwelling,24.4342015,58.3901594
233,Tammejõe,tammejoe,isolated_dwelling,24.434655,58.3897247
233,Jõeveere,joeveere,isolated_dwelling,24.4352755,58.3894995
233,Kiisapoja,kiisapoja,isolated_dwelling,24.4358484,58.3894557
233,Tihase,tihase,isolated_dwelling,24.4292688,58.3914571
233,Malle,malle,isolated_dwelling,24.4280571,58.39164
233,Luige,luige,isolated_dwelling,24.4286484,58.391325
233,Kajaka,kajaka,isolated_dwelling,24.4298698,58.3910024
233,Järvi,jarvi,isolated_dwelling,24.4258213,58.3917213
233,Raudsiku,raudsiku,isolated_dwelling,24.4252229,58.3920019
233,Männi,manni,isolated_dwelling,24.4237051,58.3927467
233,Stella,stella,isolated_dwelling,24.4240752,58.393634
233,Elise,elise,isolated_dwelling,24.4226118,58.3941199
233,Paju-Jaarupi,paju-jaarupi,isolated_dwelling,24.4108306,58.41075
233,Tiidu,tiidu,isolated_dwelling,24.415798,58.4137337
233,Kleni,kleni,isolated_dwelling,24.4152577,58.4142259
233,Hansu,hansu,isolated_dwelling,24.4056044,58.4150766
233,Humala,humala,isolated_dwelling,24.406447,58.403419
233,Maidle,maidle,isolated_dwelling,24.4053916,58.4034435
233,Maidle-Tilga,maidle-tilga,isolated_dwelling,24.40622,58.4046675
233,Varblase,varblase,isolated_dwelling,24.4066514,58.4051163
233,Liia,liia,isolated_dwelling,24.3991163,58.4007057
233,Mäe,mae,isolated_dwelling,24.4153716,58.4036589
233,Luhasaare,luhasaare,isolated_dwelling,24.4006702,58.4080247
233,Uuetoa,uuetoa,isolated_dwelling,24.4024075,58.40905
233,Õismaa,oismaa,isolated_dwelling,24.3928151,58.4105603
233,Tammepõllu,tammepollu,isolated_dwelling,24.3935903,58.4097677
233,Kuldlõvi,kuldlovi,isolated_dwelling,24.3917827,58.4096264
233,Tammetuka,tammetuka,isolated_dwelling,24.3954514,58.405385
233,Atsi,atsi,isolated_dwelling,24.4371947,58.4208247
233,Noksi,noksi,isolated_dwelling,24.438156,58.4210506
233,Mere,mere,isolated_dwelling,24.4395878,58.4194469
233,Silva,silva,isolated_dwelling,24.440879,58.4267436
233,Viko,viko,isolated_dwelling,24.4399762,58.4285213
233,Miko,miko,isolated_dwelling,24.4403015,58.4280601
233,Koolmeistri,koolmeistri,isolated_dwelling,24.4378709,58.4293225
233,Rallimaa,rallimaa,isolated_dwelling,24.4396844,58.4132841
233,Rehe,rehe,isolated_dwelling,24.4594869,58.4416679
233,Toominga,toominga,isolated_dwelling,24.4609046,58.4387011
233,Raimondi,raimondi,isolated_dwelling,24.463406,58.4432064
233,Tanni,tanni,isolated_dwelling,24.4697249,58.4457455
233,Linda,linda,isolated_dwelling,24.472627,58.4443974
233,Udika,udika,isolated_dwelling,24.4737382,58.4451361
233,Selliste,selliste,isolated_dwelling,24.4829939,58.4449898
233,Niitjõe,niitjoe,isolated_dwelling,24.4714197,58.4421329
233,Siimu-Uuetoa,siimu-uuetoa,isolated_dwelling,24.4635777,58.4303522
233,Alliku,alliku,isolated_dwelling,24.4890679,58.4353735
233,Lauri,lauri,isolated_dwelling,24.507158,58.4402627
233,Kosse,kosse,isolated_dwelling,24.5032818,58.4449695
233,Risti,risti,isolated_dwelling,24.4989897,58.4382117
233,Karu,karu,isolated_dwelling,24.4989589,58.4378376
233,Vana-Kirjuta,vana-kirjuta,isolated_dwelling,24.5016825,58.4388826
233,Eedu-Enno,eedu-enno,isolated_dwelling,24.5135094,58.4438208
233,Vana-Abrami,vana-abrami,isolated_dwelling,24.5231077,58.4473979
233,Uue-Abrami,uue-abrami,isolated_dwelling,24.5234626,58.4484536
233,Matu,matu,isolated_dwelling,24.5341071,58.4394319
233,Vana-Lepiku,vana-lepiku,isolated_dwelling,24.5353835,58.4394921
233,Aavo,aavo,isolated_dwelling,24.5395977,58.4398782
233,Metsavälja,metsavalja,isolated_dwelling,24.5410466,58.4404138
233,Metsa-Põnga,metsa-ponga,isolated_dwelling,24.5318767,58.4376117
233,Allikivi,allikivi,isolated_dwelling,24.5171211,58.4314424
233,Paiso,paiso,isolated_dwelling,24.520126,58.4328758
233,Vana-Ruusaaugu,vana-ruusaaugu,isolated_dwelling,24.5230211,58.4330685
233,Viira,viira,isolated_dwelling,24.5248988,58.4337245
233,Seljamaa,seljamaa,isolated_dwelling,24.5436198,58.4393373
233,Uue-Kasemetsa,uue-kasemetsa,isolated_dwelling,24.5471599,58.4382881
233,Liiva,liiva,isolated_dwelling,24.5475237,58.4411995
233,Arrukase,arrukase,isolated_dwelling,24.5582983,58.4379388
233,Ata,ata,isolated_dwelling,24.5514761,58.442519
233,Topi,topi,isolated_dwelling,24.5327148,58.4477468
233,Teekääru,teekaaru,isolated_dwelling,24.5450474,58.4469407
233,Pärnade,parnade,isolated_dwelling,24.5322459,58.4412339
233,Abrami-Madise,abrami-madise,isolated_dwelling,24.5167831,58.4462492
233,Reinu,reinu,isolated_dwelling,24.5137799,58.4480625
233,Mihkelsi,mihkelsi,isolated_dwelling,24.5070222,58.4488112
233,Laose,laose,isolated_dwelling,24.5221493,58.4545068
233,Nurmika,nurmika,isolated_dwelling,24.5209662,58.4535094
233,Mulgi,mulgi,isolated_dwelling,24.5183623,58.4514118
233,Vana-Kooli,vana-kooli,isolated_dwelling,24.515859,58.4507346
233,Lausa,lausa,isolated_dwelling,24.5115169,58.4470395
233,Moka-Tõnise,moka-tonise,isolated_dwelling,24.408657,58.4294979
233,Ojasoo,ojasoo,isolated_dwelling,24.3983344,58.4308972
233,Kuusiku,kuusiku,isolated_dwelling,24.4077537,58.4311383
233,Moka,moka,isolated_dwelling,24.4073945,58.4332181
233,Metsatiigi,metsatiigi,isolated_dwelling,24.3865201,58.4232734
233,Edi,edi,isolated_dwelling,24.3705816,58.4205626
233,Vahtra,vahtra,isolated_dwelling,24.3713706,58.4215081
233,Tooma,tooma,isolated_dwelling,24.3736389,58.4235143
233,Oksana,oksana,isolated_dwelling,24.3685772,58.4195586
233,Terje,terje,isolated_dwelling,24.3664428,58.4215343
233,Pära,para,isolated_dwelling,24.3836805,58.4374081
233,Jüri,juri,isolated_dwelling,24.3832912,58.4343622
233,Anni,anni,isolated_dwelling,24.3835352,58.4325648
233,Paisu,paisu,isolated_dwelling,24.38235,58.4334817
233,Allikivi,allikivi,isolated_dwelling,24.3780124,58.4549045
233,Vana-Saarde,vana-saarde,isolated_dwelling,24.394712,58.4491828
233,Sarde,sarde,isolated_dwelling,24.3870314,58.4418524
233,Uue-Saarde,uue-saarde,isolated_dwelling,24.3814518,58.4487477
233,Paluka,paluka,isolated_dwelling,24.3774734,58.4253516
233,Ülejõe,ulejoe,isolated_dwelling,24.3306721,58.4223171
233,Kraavi,kraavi,isolated_dwelling,24.3076739,58.4100274
233,Nurmetalu,nurmetalu,isolated_dwelling,24.3063102,58.4086966
233,Aasa,aasa,isolated_dwelling,24.3044422,58.409636
233,Oja,oja,isolated_dwelling,24.3055583,58.4106414
233,Põnga,ponga,isolated_dwelling,24.3054778,58.4061862
233,Möldri,moldri,isolated_dwelling,24.3035138,58.4050497
233,Rebase,rebase,isolated_dwelling,24.3196043,58.4112154
233,Ura,ura,isolated_dwelling,24.3019713,58.4025188
233,Pihelga,pihelga,isolated_dwelling,24.3040099,58.4022072
233,Kasetuka,kasetuka,isolated_dwelling,24.3285217,58.4070891
233,Metsavahe,metsavahe,isolated_dwelling,24.3304187,58.4073673
233,Selja,selja,isolated_dwelling,24.3318273,58.4074303
233,Kiltri,kiltri,isolated_dwelling,24.3326201,58.4076268
233,Rikka-Riinu,rikka-riinu,isolated_dwelling,24.3225468,58.4060105
233,Männi,manni,isolated_dwelling,24.3241699,58.4062457
233,Männituka,mannituka,isolated_dwelling,24.3249978,58.4067517
233,Kadaka,kadaka,isolated_dwelling,24.2984135,58.4029326
233,Aiaotsa,aiaotsa,isolated_dwelling,24.2959129,58.4026011
233,Luige-Kaasiku,luige-kaasiku,isolated_dwelling,24.2975352,58.4010437
233,Põldeotsa,poldeotsa,isolated_dwelling,24.2937899,58.3998824
233,Otsapõlde,otsapolde,isolated_dwelling,24.2934051,58.4011093
233,Laste,laste,isolated_dwelling,24.2906092,58.3989965
233,Kustase,kustase,isolated_dwelling,24.2883549,58.3973276
233,Risti,risti,isolated_dwelling,24.2822102,58.3949272
233,Madalmäe,madalmae,isolated_dwelling,24.6855725,58.3159098
233,Suurekase,suurekase,isolated_dwelling,24.6909614,58.314752
233,Altmardi,altmardi,isolated_dwelling,24.6990824,58.3114795
233,Lauri,lauri,isolated_dwelling,24.6914693,58.3119999
233,Tuka,tuka,isolated_dwelling,24.6723445,58.2975448
233,Maasikametsa,maasikametsa,isolated_dwelling,24.6840017,58.3067702
233,Paisu,paisu,isolated_dwelling,24.6836903,58.30754
233,Tormi,tormi,isolated_dwelling,24.688815,58.3066661
233,Reaslepa,reaslepa,isolated_dwelling,24.6862113,58.3096554
233,Seljaku,seljaku,isolated_dwelling,24.7021085,58.3134721
233,Tiuksu,tiuksu,isolated_dwelling,24.7025896,58.3104084
233,Tammesauna,tammesauna,isolated_dwelling,24.6952261,58.3097261
233,Tammeoja,tammeoja,isolated_dwelling,24.6954176,58.3091324
233,Kasetuka,kasetuka,isolated_dwelling,24.6888144,58.321719
233,Murru,murru,isolated_dwelling,24.6917104,58.3163299
233,Loometsa,loometsa,isolated_dwelling,24.6978256,58.3184467
233,Puurimäe,puurimae,isolated_dwelling,24.6964968,58.317256
233,Raku,raku,isolated_dwelling,24.6926859,58.3186587
233,Piiri,piiri,isolated_dwelling,24.6874741,58.3112973
233,Luhala,luhala,isolated_dwelling,24.6824674,58.3111987
233,Peetri,peetri,isolated_dwelling,24.6849974,58.3112896
233,Aia,aia,isolated_dwelling,24.6846031,58.3106113
233,Tolli,tolli,isolated_dwelling,24.6807042,58.3036488
233,Meerimaa,meerimaa,isolated_dwelling,24.6759722,58.3032743
233,Sülla,sulla,isolated_dwelling,24.6650056,58.2953149
233,Jaama,jaama,isolated_dwelling,24.6709065,58.2954448
233,Sarapuu,sarapuu,isolated_dwelling,24.6691941,58.292783
233,Vaskjõe,vaskjoe,isolated_dwelling,24.6613216,58.2912399
233,Rannamäe,rannamae,isolated_dwelling,24.6632399,58.2932199
233,Pressi,pressi,isolated_dwelling,24.5774852,58.4425807
233,Vana-Kilksama,vana-kilksama,isolated_dwelling,24.5845057,58.4427069
233,Paenõmme,paenomme,isolated_dwelling,24.561153,58.4451931
233,Kasemetsa,kasemetsa,isolated_dwelling,24.5574026,58.4498694
233,Baueri,baueri,isolated_dwelling,24.5592381,58.4513604
233,Tominga,tominga,isolated_dwelling,24.5547866,58.4503452
233,Kala,kala,isolated_dwelling,24.307479,58.4211812
233,Peetrimäe,peetrimae,isolated_dwelling,24.297152,58.423311
233,Aksli,aksli,isolated_dwelling,24.2937179,58.4245616
233,Liivamäe,liivamae,isolated_dwelling,24.3247034,58.4240995
233,Siimu,siimu,isolated_dwelling,24.3225838,58.4268963
233,Kivestu,kivestu,isolated_dwelling,24.3111097,58.4301875
233,Uulimaa,uulimaa,isolated_dwelling,24.3070608,58.4290423
233,Orava,orava,isolated_dwelling,24.3039313,58.4307514
233,Uuetalu,uuetalu,isolated_dwelling,24.3162102,58.4290955
233,Vanapärna,vanaparna,isolated_dwelling,24.318659,58.4299852
233,Kose,kose,isolated_dwelling,24.3169558,58.4276422
233,Puhkama,puhkama,isolated_dwelling,24.3147167,58.4326316
233,Lõo,loo,isolated_dwelling,24.3163796,58.4338654
233,Salu,salu,isolated_dwelling,24.2749496,58.3925102
233,Jõntsi,jontsi,isolated_dwelling,24.2713876,58.392797
233,Teeristi,teeristi,isolated_dwelling,24.2761178,58.3915667
233,Sarapuu,sarapuu,isolated_dwelling,24.2746696,58.3898127
233,Rätsepa,ratsepa,isolated_dwelling,24.2659054,58.3936617
233,Jõksi-Jaani,joksi-jaani,isolated_dwelling,24.2634198,58.3911566
233,Kulno-Tamme,kulno-tamme,isolated_dwelling,24.2648789,58.3909767
233,Reevi,reevi,isolated_dwelling,24.2682439,58.3800579
233,Arude,arude,isolated_dwelling,24.2702498,58.3803665
233,Porri,porri,isolated_dwelling,24.249311,58.3834089
233,Metsaäärse,metsaaarse,isolated_dwelling,24.2506894,58.3806848
233,Sopaaugu,sopaaugu,isolated_dwelling,24.2552418,58.3783585
233,Põlluotsa,polluotsa,isolated_dwelling,24.2642371,58.3686686
233,Urki,urki,isolated_dwelling,24.268365,58.3679747
233,Suuresilla,suuresilla,isolated_dwelling,24.2693725,58.3699314
233,Ööbikuoru,oobikuoru,isolated_dwelling,24.2680219,58.3703163
233,Lilia,lilia,isolated_dwelling,24.2683273,58.3708583
233,Siimutoa,siimutoa,isolated_dwelling,24.2687677,58.3714311
233,Mätta,matta,isolated_dwelling,24.2636152,58.3731404
233,Siimu,siimu,isolated_dwelling,24.2668949,58.3739181
233,Ületee,uletee,isolated_dwelling,24.2703779,58.3729715
233,Mäe,mae,isolated_dwelling,24.2747149,58.3665911
233,Vaarika,vaarika,isolated_dwelling,24.2667283,58.36903
233,Värandi-Sepa,varandi-sepa,isolated_dwelling,24.2623307,58.3657447
233,Värandi,varandi,isolated_dwelling,24.2601611,58.3668367
233,Allika,allika,isolated_dwelling,24.2625135,58.3616682
233,Tõnado,tonado,isolated_dwelling,24.2616793,58.36359
233,Kandi,kandi,isolated_dwelling,24.2574275,58.3526716
233,Jõulu,joulu,isolated_dwelling,24.2701291,58.3596286
233,Lageda,lageda,isolated_dwelling,24.2735835,58.3582113
233,Põlma,polma,isolated_dwelling,24.2747607,58.362848
233,Tamme,tamme,isolated_dwelling,24.271258,58.3634424
233,Assi,assi,isolated_dwelling,24.2696469,58.3634589
233,Veski,veski,isolated_dwelling,24.2647734,58.3657158
233,Risti,risti,isolated_dwelling,24.26472,58.3650272
233,Kople,kople,isolated_dwelling,24.278664,58.3634192
233,Jõe,joe,isolated_dwelling,24.2801532,58.3697737
233,Laine,laine,isolated_dwelling,24.2852042,58.360433
233,Rehe,rehe,isolated_dwelling,24.2832188,58.3589131
233,Aida,aida,isolated_dwelling,24.281794,58.3576202
233,Ranne,ranne,isolated_dwelling,24.2832169,58.3569462
233,Sassi,sassi,isolated_dwelling,24.2828054,58.3529124
233,Allikivi,allikivi,isolated_dwelling,24.2787942,58.3520985
233,Malkeni,malkeni,isolated_dwelling,24.6063962,58.4401379
233,Koidula,koidula,isolated_dwelling,24.6101309,58.4391573
233,Orasselja,orasselja,isolated_dwelling,24.6191422,58.435792
233,Kasela,kasela,isolated_dwelling,24.6139688,58.4306053
233,Rummo,rummo,isolated_dwelling,24.6278233,58.4373384
233,Väljaotsa,valjaotsa,isolated_dwelling,24.6304633,58.4388315
233,Salumaa,salumaa,isolated_dwelling,24.6356293,58.4404913
233,Ojala-Marguse,ojala-marguse,isolated_dwelling,24.6421313,58.4433078
233,Umba,umba,isolated_dwelling,24.6450831,58.4443824
233,Piiri,piiri,isolated_dwelling,24.6328842,58.445778
233,Jussi,jussi,isolated_dwelling,24.2413027,58.3706905
233,Ojakääru,ojakaaru,isolated_dwelling,24.2535744,58.3746158
233,Põlde,polde,isolated_dwelling,24.2512979,58.376141
233,Kivi,kivi,isolated_dwelling,24.2515609,58.3748515
233,Kesamaa,kesamaa,isolated_dwelling,24.2554072,58.3713084
233,Mihkli,mihkli,isolated_dwelling,24.2495209,58.3728217
233,Oti,oti,isolated_dwelling,24.2493339,58.3721779
233,Ralli,ralli,isolated_dwelling,24.2472841,58.3685216
233,Laberi,laberi,isolated_dwelling,24.242808,58.3683146
233,Aarni,aarni,isolated_dwelling,24.2445266,58.3740973
233,Matsi,matsi,isolated_dwelling,24.2480781,58.375081
233,Jurna,jurna,isolated_dwelling,24.249233,58.3746622
233,Uuetoa,uuetoa,isolated_dwelling,24.2492392,58.3756866
233,Latika,latika,isolated_dwelling,24.2305816,58.3779871
233,Peetrimihkli,peetrimihkli,isolated_dwelling,24.2432331,58.3803745
233,Lageda,lageda,isolated_dwelling,24.2396413,58.3765795
233,Kaera,kaera,isolated_dwelling,24.2414433,58.3760958
233,Salme,salme,isolated_dwelling,24.3862998,58.3987086
233,Savi,savi,isolated_dwelling,24.3923265,58.3974455
233,Kurgo,kurgo,isolated_dwelling,24.3913072,58.3974566
233,Väeallika,vaeallika,isolated_dwelling,24.390656,58.3981094
233,Tammetalu,tammetalu,isolated_dwelling,24.3979568,58.3953972
233,Leetsi,leetsi,isolated_dwelling,24.3987007,58.3933462
233,Roosi,roosi,isolated_dwelling,24.3992693,58.3930088
233,Männi,manni,isolated_dwelling,24.3999774,58.3921766
233,Kulli,kulli,isolated_dwelling,24.4007939,58.3975139
233,Kambi,kambi,isolated_dwelling,24.4382102,58.4173804
233,Tillardi,tillardi,isolated_dwelling,24.4288282,58.4035676
233,Kaasiku,kaasiku,isolated_dwelling,24.4300192,58.4045175
233,Regina,regina,isolated_dwelling,24.4318818,58.4063911
233,Kera,kera,isolated_dwelling,24.4236742,58.4069558
233,Liivranna,liivranna,isolated_dwelling,24.4154047,58.4078385
233,Lintsi,lintsi,isolated_dwelling,24.4136522,58.4073973
233,Milberi,milberi,isolated_dwelling,24.4379661,58.4006316
233,Lõo,loo,isolated_dwelling,24.6447555,58.3667923
233,Niidu,niidu,isolated_dwelling,24.6491234,58.3724677
233,Juhaselja,juhaselja,isolated_dwelling,24.6548303,58.3709305
233,Vana-Juhaselja,vana-juhaselja,isolated_dwelling,24.6548804,58.372142
233,Juhapõllu,juhapollu,isolated_dwelling,24.6588214,58.3721646
233,Alttoa,alttoa,isolated_dwelling,24.6712482,58.358603
233,Randivälja,randivalja,isolated_dwelling,24.6637221,58.3634604
233,Nurme,nurme,isolated_dwelling,24.6618753,58.36166
233,Honda,honda,isolated_dwelling,24.654762,58.3588703
233,Uue-Tondi,uue-tondi,isolated_dwelling,24.6574839,58.3575395
233,Päikesekiire,paikesekiire,isolated_dwelling,24.6565857,58.3572335
233,Tondi,tondi,isolated_dwelling,24.6549179,58.3569788
233,Raba-Tondi,raba-tondi,isolated_dwelling,24.6541346,58.3572717
233,Kõrgemäe,korgemae,isolated_dwelling,24.6532524,58.3558817
233,Siilu,siilu,isolated_dwelling,24.657884,58.3530461
233,Kamara,kamara,isolated_dwelling,24.6588989,58.35236
233,Suve,suve,isolated_dwelling,24.6472312,58.3527786
233,Soobiku,soobiku,isolated_dwelling,24.6477539,58.3537258
233,Hõbemäe,hobemae,isolated_dwelling,24.6662286,58.3544583
233,Agardi,agardi,isolated_dwelling,24.6693255,58.351073
233,Õie,oie,isolated_dwelling,24.666096,58.3479788
233,Sauemaa,sauemaa,isolated_dwelling,24.6642267,58.3479262
233,Tungase,tungase,isolated_dwelling,24.663432,58.3480232
233,Toomemetsa,toomemetsa,isolated_dwelling,24.6623704,58.3468336
233,Sepa,sepa,isolated_dwelling,24.6820781,58.3475346
233,Oravapesa,oravapesa,isolated_dwelling,24.6905632,58.3449499
233,Kurema,kurema,isolated_dwelling,24.706611,58.3481335
233,Peedi,peedi,isolated_dwelling,24.715645,58.3480473
233,Uibomäe,uibomae,isolated_dwelling,24.717228,58.3471795
233,Koplinurga,koplinurga,isolated_dwelling,24.7223542,58.3463286
233,Põdraoja,podraoja,isolated_dwelling,24.7256981,58.3465053
233,Eliise,eliise,isolated_dwelling,24.7304903,58.3459396
233,Härjaoru,harjaoru,isolated_dwelling,24.7341849,58.3459248
233,Sanemaa,sanemaa,isolated_dwelling,24.6855473,58.3502425
233,Põlluääre,polluaare,isolated_dwelling,24.6152638,58.3248902
233,Servaku,servaku,isolated_dwelling,24.6165683,58.3231161
233,Saeveski,saeveski,isolated_dwelling,24.6206387,58.3221127
233,Kaika,kaika,isolated_dwelling,24.6207231,58.3199274
233,Pulga,pulga,isolated_dwelling,24.6225629,58.319722
233,Tõntsu,tontsu,isolated_dwelling,24.6163155,58.3178478
233,Tõllapulga,tollapulga,isolated_dwelling,24.6200945,58.3238688
233,Kurejõe,kurejoe,isolated_dwelling,24.6160441,58.329453
233,Maeku,maeku,isolated_dwelling,24.5280042,58.452585
233,Ülejõe,ulejoe,isolated_dwelling,24.5419562,58.4665586
233,Anni,anni,isolated_dwelling,24.539576,58.4594053
233,Anni-Aini,anni-aini,isolated_dwelling,24.5412801,58.460145
233,Oja-Uheki,oja-uheki,isolated_dwelling,24.5538039,58.4663375
233,Jaagu,jaagu,isolated_dwelling,24.5246654,58.4567682
233,Frantsu,frantsu,isolated_dwelling,24.5323763,58.4584843
233,Mardi,mardi,isolated_dwelling,24.5334623,58.460163
233,Vana-Mardi,vana-mardi,isolated_dwelling,24.5305559,58.4632977
233,Soo-otsa,soo-otsa,isolated_dwelling,24.6865649,58.3826149
233,Vanatamme,vanatamme,isolated_dwelling,24.6764679,58.3745539
233,Metste,metste,isolated_dwelling,24.6789697,58.3762275
233,Pulli-Jaani,pulli-jaani,isolated_dwelling,24.6756341,58.4195626
233,Murro,murro,isolated_dwelling,24.6745063,58.4194613
233,Pulli-Jüri,pulli-juri,isolated_dwelling,24.6733684,58.4187518
233,Kangru,kangru,isolated_dwelling,24.6714531,58.4190174
233,Silla,silla,isolated_dwelling,24.6695211,58.4186889
233,Uuenäripa,uuenaripa,isolated_dwelling,24.6817136,58.4244678
233,Kuke,kuke,isolated_dwelling,24.6898979,58.4176757
233,Kivaste,kivaste,isolated_dwelling,24.6761623,58.4268254
233,Juhkama,juhkama,isolated_dwelling,24.6533382,58.412662
233,Allika,allika,isolated_dwelling,24.6511776,58.4128709
233,Reinupi,reinupi,isolated_dwelling,24.6497726,58.4125912
233,Mäelttoa,maelttoa,isolated_dwelling,24.6487826,58.4128085
233,Järva,jarva,isolated_dwelling,24.647735,58.4133357
233,Milleri,milleri,isolated_dwelling,24.6465155,58.4146316
233,Risti,risti,isolated_dwelling,24.6456936,58.4148403
233,Vaheku,vaheku,isolated_dwelling,24.6453947,58.4145142
233,Sepiku,sepiku,isolated_dwelling,24.6451083,58.4142794
233,Mirgi,mirgi,isolated_dwelling,24.6474558,58.4160861
233,Nurga,nurga,isolated_dwelling,24.6457868,58.4176063
233,Elmar-Voldemari,elmar-voldemari,isolated_dwelling,24.6436969,58.4180241
233,Oru,oru,isolated_dwelling,24.6502309,58.4186869
233,Piiriste,piiriste,isolated_dwelling,24.6526551,58.4187936
233,Vainu-Ludvigi,vainu-ludvigi,isolated_dwelling,24.6474071,58.418694
233,Kase,kase,isolated_dwelling,24.6472826,58.4181559
233,Käänu,kaanu,isolated_dwelling,24.6457633,58.4183646
233,Kubja,kubja,isolated_dwelling,24.6431481,58.4191016
233,Nurme-Endreksoni,nurme-endreksoni,isolated_dwelling,24.6458131,58.4200114
233,Rebaseuru,rebaseuru,isolated_dwelling,24.6455391,58.418844
233,Vainu-Evaldi,vainu-evaldi,isolated_dwelling,24.6456948,58.419144
233,Ojaperve,ojaperve,isolated_dwelling,24.6509016,58.4213766
233,Seegeli,seegeli,isolated_dwelling,24.6485278,58.4249869
233,Vahapuu,vahapuu,isolated_dwelling,24.6497046,58.4248663
233,Anti,anti,isolated_dwelling,24.6498903,58.4278999
233,Saare,saare,isolated_dwelling,24.6458679,58.4290996
233,Kaevu,kaevu,isolated_dwelling,24.6468057,58.4293223
233,Joa,joa,isolated_dwelling,24.654698,58.4306747
233,Marguse,marguse,isolated_dwelling,24.6530728,58.4300944
233,Suuroja,suuroja,isolated_dwelling,24.6632793,58.433361
233,Kasema,kasema,isolated_dwelling,24.6577845,58.4369837
233,Püve,puve,isolated_dwelling,24.641454,58.413591
233,Kraavi,kraavi,isolated_dwelling,24.6399438,58.4130209
233,Eha,eha,isolated_dwelling,24.6381423,58.4119929
233,Kõrgeoja-Jüri,korgeoja-juri,isolated_dwelling,24.6442751,58.4115713
233,Viira,viira,isolated_dwelling,24.6434325,58.4074133
233,Anu,anu,isolated_dwelling,24.6425009,58.4091917
233,Tolmatsi,tolmatsi,isolated_dwelling,24.6397469,58.4052055
233,Poetoa,poetoa,isolated_dwelling,24.6374494,58.4059953
233,Vana-Pundu,vana-pundu,isolated_dwelling,24.6331966,58.4048926
233,Vahtra,vahtra,isolated_dwelling,24.6365901,58.4037704
233,Sepa,sepa,isolated_dwelling,24.6354319,58.4041521
233,Rääsa,raasa,isolated_dwelling,24.6358898,58.4015397
233,Kiisa-Nurme,kiisa-nurme,isolated_dwelling,24.6311812,58.4012376
233,Tammiku,tammiku,isolated_dwelling,24.6259641,58.399949
233,Uuetoa,uuetoa,isolated_dwelling,24.6285921,58.3933868
233,Undi,undi,isolated_dwelling,24.6303399,58.3932944
233,Mäekalda,maekalda,isolated_dwelling,24.6318547,58.3939346
233,Kooli,kooli,isolated_dwelling,24.6221405,58.3938735
233,Uustoa,uustoa,isolated_dwelling,24.6169848,58.3948459
233,Kuke,kuke,isolated_dwelling,24.6145558,58.3922271
233,Sassi,sassi,isolated_dwelling,24.6104235,58.3903078
233,Tarmo,tarmo,isolated_dwelling,24.5147165,58.2578526
233,Tuka,tuka,isolated_dwelling,24.5475717,58.2681063
233,Sella,sella,isolated_dwelling,24.5267845,58.2547801
233,Nurme,nurme,isolated_dwelling,24.5328582,58.2571193
233,Põlluotsa,polluotsa,isolated_dwelling,24.5317496,58.2565925
233,Arrase,arrase,isolated_dwelling,24.5215172,58.2524614
233,Metsavahe,metsavahe,isolated_dwelling,24.5208278,58.2551651
233,Murro,murro,isolated_dwelling,24.5160015,58.2537191
233,Pilli,pilli,isolated_dwelling,24.5175295,58.2540156
233,Sipelga,sipelga,isolated_dwelling,24.5175487,58.2495064
233,Vinna-Õue,vinna-oue,isolated_dwelling,24.5164963,58.249864
233,Lemmiku,lemmiku,isolated_dwelling,24.5159301,58.2488931
233,Kangru,kangru,isolated_dwelling,24.5141935,58.2484709
233,Põlluotsa,polluotsa,isolated_dwelling,24.5012892,58.2482645
233,Pajo,pajo,isolated_dwelling,24.5103239,58.2492907
233,Uuple,uuple,isolated_dwelling,24.502514,58.2507545
233,Epra,epra,isolated_dwelling,24.5034262,58.2502256
233,Tammiku,tammiku,isolated_dwelling,24.4993952,58.249973
233,Rüütli,ruutli,isolated_dwelling,24.4960837,58.2500233
233,Sutipõllu,sutipollu,isolated_dwelling,24.4953823,58.2502049
233,Tümpsu,tumpsu,isolated_dwelling,24.5251991,58.2506895
233,Soobiku,soobiku,isolated_dwelling,24.5235458,58.2497824
233,Sommeri,sommeri,isolated_dwelling,24.5222571,58.2490012
233,Madissoo,madissoo,isolated_dwelling,24.5215702,58.2486676
233,Priidumanni,priidumanni,isolated_dwelling,24.5203198,58.2484799
233,Künka,kunka,isolated_dwelling,24.5224684,58.2476342
233,Merlimaa,merlimaa,isolated_dwelling,24.5232037,58.2481046
233,Sondra,sondra,isolated_dwelling,24.5249429,58.2476527
233,Vana-Sepa,vana-sepa,isolated_dwelling,24.524146,58.2488741
233,Naarismaa,naarismaa,isolated_dwelling,24.5215003,58.2466369
233,Hansu,hansu,isolated_dwelling,24.5185773,58.2472866
233,Teeääre,teeaare,isolated_dwelling,24.5182727,58.2480903
233,Viiri,viiri,isolated_dwelling,24.5188274,58.2483591
233,Keerdi-Jaago,keerdi-jaago,isolated_dwelling,24.4933803,58.2562158
233,Kempi,kempi,isolated_dwelling,24.4915384,58.2558014
233,Ennu,ennu,isolated_dwelling,24.4901463,58.2538941
233,Hansu,hansu,isolated_dwelling,24.4899295,58.2532809
233,Sirje,sirje,isolated_dwelling,24.4903143,58.2523767
233,Sireli,sireli,isolated_dwelling,24.4898108,58.2520818
233,Tõnise,tonise,isolated_dwelling,24.4901849,58.2551022
233,Kembi-Jaani,kembi-jaani,isolated_dwelling,24.4919249,58.2553076
233,Maide,maide,isolated_dwelling,24.5198705,58.2452784
233,Söeselja,soeselja,isolated_dwelling,24.5171397,58.2438877
233,Soosauna,soosauna,isolated_dwelling,24.5179818,58.2432542
233,Luuri,luuri,isolated_dwelling,24.517278,58.2448843
233,Sepa,sepa,isolated_dwelling,24.5140644,58.2424878
233,Madise,madise,isolated_dwelling,24.5109231,58.2442415
233,Juhani-Madise,juhani-madise,isolated_dwelling,24.5123493,58.2448963
233,Allika,allika,isolated_dwelling,24.4896577,58.2507563
233,Kurve,kurve,isolated_dwelling,24.5097638,58.2396742
233,Nõmme,nomme,isolated_dwelling,24.5128258,58.2388925
233,Aleksi,aleksi,isolated_dwelling,24.5133619,58.2395794
233,Kiviniidu,kiviniidu,isolated_dwelling,24.4942345,58.2479688
233,Põllu,pollu,isolated_dwelling,24.5015075,58.2455692
233,Nurme,nurme,isolated_dwelling,24.5001116,58.2457316
233,Karjamaa,karjamaa,isolated_dwelling,24.4993873,58.2425117
233,Uue-Laane,uue-laane,isolated_dwelling,24.4993446,58.238963
233,Rätsepa,ratsepa,isolated_dwelling,24.4963815,58.2420771
233,Sorge,sorge,isolated_dwelling,24.4882786,58.2442948
233,Suti,suti,isolated_dwelling,24.48972,58.2444119
233,Oti,oti,isolated_dwelling,24.4912368,58.2454293
233,Suurna,suurna,isolated_dwelling,24.4726626,58.2470451
233,Koidu,koidu,isolated_dwelling,24.4881176,58.2424185
233,Männituka,mannituka,isolated_dwelling,24.4878647,58.239526
233,Mõisa,moisa,isolated_dwelling,24.4796625,58.2451328
233,Nirgi,nirgi,isolated_dwelling,24.5122256,58.2353963
233,Raudsika,raudsika,isolated_dwelling,24.5098368,58.2371595
233,Mengeli,mengeli,isolated_dwelling,24.5089852,58.2359824
233,Kase,kase,isolated_dwelling,24.5081457,58.2351597
233,Käpa,kapa,isolated_dwelling,24.5063585,58.2334984
233,Kuuse,kuuse,isolated_dwelling,24.5054213,58.2323365
233,Kurve,kurve,isolated_dwelling,24.4982815,58.2322652
233,Kurvekese,kurvekese,isolated_dwelling,24.4963762,58.2321635
233,Ruusa,ruusa,isolated_dwelling,24.5020176,58.2291652
233,Vannastu,vannastu,isolated_dwelling,24.5039014,58.2304456
233,Kõrgemaa,korgemaa,isolated_dwelling,24.610329,58.3083509
233,Kalda,kalda,isolated_dwelling,24.6144203,58.3092302
233,Ööbiku,oobiku,isolated_dwelling,24.6127252,58.3089822
233,Koolimaja,koolimaja,isolated_dwelling,24.6122531,58.3084486
233,Tuuliku,tuuliku,isolated_dwelling,24.6135262,58.3105002
233,Raudsepa,raudsepa,isolated_dwelling,24.5961662,58.3065636
233,Tuule,tuule,isolated_dwelling,24.5940304,58.3051624
233,Rannaluite,rannaluite,isolated_dwelling,24.5897698,58.306985
233,Männi,manni,isolated_dwelling,24.5894555,58.3056459
233,Mätta,matta,isolated_dwelling,24.6083018,58.3020442
233,Laasi,laasi,isolated_dwelling,24.6106182,58.3024951
233,Vana-Nurme,vana-nurme,isolated_dwelling,24.6115994,58.302183
233,Tindi,tindi,isolated_dwelling,24.6115307,58.2993938
233,Vana-Veski,vana-veski,isolated_dwelling,24.615043,58.3030675
233,Reiu-Veski,reiu-veski,isolated_dwelling,24.6152459,58.30457
233,Suuroru,suuroru,isolated_dwelling,24.6147712,58.3056264
233,Oja,oja,isolated_dwelling,24.6070867,58.2972926
233,Ale,ale,isolated_dwelling,24.6073952,58.2950201
233,Sildmäe,sildmae,isolated_dwelling,24.6038668,58.2931623
233,Kivisaare,kivisaare,isolated_dwelling,24.6017746,58.2923278
233,Raadiku,raadiku,isolated_dwelling,24.5999502,58.2917322
233,Pärna,parna,isolated_dwelling,24.6108426,58.2933467
233,Jõesuu,joesuu,isolated_dwelling,24.6108425,58.2944558
233,Sillaotsa,sillaotsa,isolated_dwelling,24.6137889,58.2935781
233,Sillatalu,sillatalu,isolated_dwelling,24.6166729,58.29234
233,Teeääre,teeaare,isolated_dwelling,24.6095984,58.2905535
233,Liisu,liisu,isolated_dwelling,24.6085772,58.2899153
233,Tamme,tamme,isolated_dwelling,24.6100093,58.2894309
233,Anni,anni,isolated_dwelling,24.6039675,58.288574
233,Väike-Anni,vaike-anni,isolated_dwelling,24.6052522,58.2882151
233,Alari,alari,isolated_dwelling,24.6175588,58.2907696
233,Veski,veski,isolated_dwelling,24.6181467,58.2888534
233,Gera,gera,isolated_dwelling,24.6218169,58.2883962
233,Peetri,peetri,isolated_dwelling,24.620986,58.2881086
233,Paisuotsa,paisuotsa,isolated_dwelling,24.6220582,58.2907037
233,Nõmme,nomme,isolated_dwelling,24.5918075,58.3015232
233,Kõrkja,korkja,isolated_dwelling,24.6136224,58.2980605
233,Mardi,mardi,isolated_dwelling,24.6147932,58.2954785
233,Raudmäe,raudmae,isolated_dwelling,24.6155368,58.2948437
233,Uus-Sorja,uus-sorja,isolated_dwelling,24.5998747,58.2971095
233,Merimäe,merimae,isolated_dwelling,24.5973318,58.2972434
233,Orase,orase,isolated_dwelling,24.5941519,58.2966744
233,Tisleri,tisleri,isolated_dwelling,24.5908139,58.2976844
233,Kamara,kamara,isolated_dwelling,24.5912688,58.2984603
233,Raja,raja,isolated_dwelling,24.5915643,58.2979675
233,Piirita,piirita,isolated_dwelling,24.590369,58.2990827
233,Allimäe,allimae,isolated_dwelling,24.5876995,58.2981189
233,Vahesaare,vahesaare,isolated_dwelling,24.5880456,58.2912557
233,Vahe,vahe,isolated_dwelling,24.5857883,58.2916628
233,Kulli,kulli,isolated_dwelling,24.5848435,58.2913735
233,Härjapea,harjapea,isolated_dwelling,24.5976243,58.2900055
233,Marguse,marguse,isolated_dwelling,24.5943795,58.2881213
233,Hanna,hanna,isolated_dwelling,24.5927668,58.288717
233,Mulgiranna,mulgiranna,isolated_dwelling,24.591758,58.2881573
233,Noorte,noorte,isolated_dwelling,24.5910316,58.2884955
233,Kusti,kusti,isolated_dwelling,24.5903633,58.2877711
233,Riina,riina,isolated_dwelling,24.5938656,58.2869076
233,Riigiranna,riigiranna,isolated_dwelling,24.5933019,58.2865001
233,Tamme,tamme,isolated_dwelling,24.5944673,58.2863063
233,Tammiku,tammiku,isolated_dwelling,24.5900933,58.2806057
233,Jõekalda,joekalda,isolated_dwelling,24.592301,58.2821024
233,Tammepuu,tammepuu,isolated_dwelling,24.5854829,58.286665
233,Kanarbiku,kanarbiku,isolated_dwelling,24.587212,58.2869583
233,Kirsisalu,kirsisalu,isolated_dwelling,24.5824402,58.2823984
233,Hellemaa,hellemaa,isolated_dwelling,24.5842962,58.2824006
233,Hellemaa,hellemaa,isolated_dwelling,24.5852779,58.2829151
233,Hellemaa,hellemaa,isolated_dwelling,24.581626,58.2847901
233,Raadiku,raadiku,isolated_dwelling,24.5812034,58.2840174
233,Matsi,matsi,isolated_dwelling,24.5809202,58.2835335
233,Kraagi,kraagi,isolated_dwelling,24.5793675,58.2834218
233,Nõmmiku,nommiku,isolated_dwelling,24.5775316,58.283592
233,Regu,regu,isolated_dwelling,24.5759406,58.2734285
233,Roosi,roosi,isolated_dwelling,24.5751697,58.2732163
233,Kalda,kalda,isolated_dwelling,24.5841167,58.2749895
233,Künka,kunka,isolated_dwelling,24.5831516,58.274662
233,Kivi,kivi,isolated_dwelling,24.5828963,58.2750091
233,Nõmmküla,nommkula,isolated_dwelling,24.6024358,58.2731229
233,Niineoja,niineoja,isolated_dwelling,24.6136612,58.2799548
233,Ilvese,ilvese,isolated_dwelling,24.6201649,58.2840433
233,Urvalinnu,urvalinnu,isolated_dwelling,24.6233703,58.286256
233,Oravapesa,oravapesa,isolated_dwelling,24.6246471,58.2857237
233,Jõekalda,joekalda,isolated_dwelling,24.6256334,58.2857052
233,Kose,kose,isolated_dwelling,24.626813,58.2836299
233,Lepa,lepa,isolated_dwelling,24.6316576,58.2821833
233,Jõeperve,joeperve,isolated_dwelling,24.636406,58.2784156
233,Rootsi,rootsi,isolated_dwelling,24.6278023,58.2765033
233,Kustase,kustase,isolated_dwelling,24.6403239,58.2698322
233,Toominga,toominga,isolated_dwelling,24.6091141,58.271935
233,Kuuse,kuuse,isolated_dwelling,24.6092789,58.2704554
233,Piiri,piiri,isolated_dwelling,24.6069377,58.269623
233,Raiesmaa,raiesmaa,isolated_dwelling,24.6019454,58.2655039
233,Uuetoa,uuetoa,isolated_dwelling,24.6073051,58.2670672
233,Mägra,magra,isolated_dwelling,24.6073919,58.2662213
233,Palmi,palmi,isolated_dwelling,24.6232102,58.2703979
233,Munta,munta,isolated_dwelling,24.6116745,58.2638992
233,Vahelapi,vahelapi,isolated_dwelling,24.6010213,58.2618989
233,Ivani,ivani,isolated_dwelling,24.5939588,58.2667474
233,Ranna,ranna,isolated_dwelling,24.5709911,58.2854601
233,Silkini,silkini,isolated_dwelling,24.5713687,58.2858282
233,Lõunatuule,lounatuule,isolated_dwelling,24.5690546,58.2845417
233,Lillemaa,lillemaa,isolated_dwelling,24.5712319,58.271751
233,Tiigi,tiigi,isolated_dwelling,24.5698967,58.2701764
233,Ööbikuoru,oobikuoru,isolated_dwelling,24.5739124,58.2694051
233,Lillelohu,lillelohu,isolated_dwelling,24.5772798,58.2702215
233,Ületee,uletee,isolated_dwelling,24.5791417,58.2699583
233,Kesa,kesa,isolated_dwelling,24.5778243,58.2677397
233,Tammetuka,tammetuka,isolated_dwelling,24.5820539,58.2665208
233,Valjuotsa,valjuotsa,isolated_dwelling,24.5784174,58.2672297
233,Künni,kunni,isolated_dwelling,24.5786277,58.2668353
233,Söödi,soodi,isolated_dwelling,24.5786937,58.2664509
233,Ädala,adala,isolated_dwelling,24.5787245,58.2660827
233,Orase,orase,isolated_dwelling,24.5775269,58.2660619
233,Maarja,maarja,isolated_dwelling,24.5746561,58.2670281
233,Rannamäe,rannamae,isolated_dwelling,24.5725206,58.2662945
233,Jassi,jassi,isolated_dwelling,24.5731612,58.2651747
233,Peetrikeste,peetrikeste,isolated_dwelling,24.5715195,58.2651221
233,Kalju,kalju,isolated_dwelling,24.5608596,58.2775411
233,Laine,laine,isolated_dwelling,24.5603004,58.2770572
233,Peetri,peetri,isolated_dwelling,24.5576048,58.2760564
233,Pilliroo,pilliroo,isolated_dwelling,24.5569041,58.2755546
233,Haava,haava,isolated_dwelling,24.557684,58.2747355
233,Lepiku,lepiku,isolated_dwelling,24.556089,58.2742687
233,Merimetsa,merimetsa,isolated_dwelling,24.5541363,58.2731622
233,Saariku,saariku,isolated_dwelling,24.5514153,58.2721356
233,Kõrgekalda,korgekalda,isolated_dwelling,24.5500246,58.2708161
233,Metsaääre,metsaaare,isolated_dwelling,24.5679572,58.2614925
233,Õie,oie,isolated_dwelling,24.5726355,58.2628333
233,Hallikassi,hallikassi,isolated_dwelling,24.5774338,58.2629586
233,Vanarahu,vanarahu,isolated_dwelling,24.5793858,58.2631934
233,Kiviselja,kiviselja,isolated_dwelling,24.5779599,58.2607339
233,Hommiku,hommiku,isolated_dwelling,24.5769563,58.2613306
233,Kasemetsa,kasemetsa,isolated_dwelling,24.5765959,58.260823
233,Kuusemetsa,kuusemetsa,isolated_dwelling,24.5764007,58.2603768
233,Haaviku,haaviku,isolated_dwelling,24.5763601,58.2598036
233,Pihlakase,pihlakase,isolated_dwelling,24.5765579,58.2593944
233,Teeristi,teeristi,isolated_dwelling,24.5770973,58.2588968
233,Pikasaare,pikasaare,isolated_dwelling,24.5802199,58.260152
233,Pihlakase,pihlakase,isolated_dwelling,24.5806325,58.259202
233,Sommeri,sommeri,isolated_dwelling,24.5754943,58.2619842
233,Oja,oja,isolated_dwelling,24.5682337,58.2574769
233,Vaksi,vaksi,isolated_dwelling,24.5670191,58.2551703
233,Põlma,polma,isolated_dwelling,24.5908719,58.2621787
233,Pilliroo,pilliroo,isolated_dwelling,24.6085184,58.2552556
233,Tammesaare,tammesaare,isolated_dwelling,24.6087675,58.2531916
233,Nõmme,nomme,isolated_dwelling,24.6035519,58.2573764
233,Aino,aino,isolated_dwelling,24.6011954,58.2537334
233,Jaagu-Uno,jaagu-uno,isolated_dwelling,24.59596,58.2551962
233,Jaagu-Kunno,jaagu-kunno,isolated_dwelling,24.5922489,58.2562674
233,Kaldakääru,kaldakaaru,isolated_dwelling,24.5868142,58.2534374
233,Jõekääru,joekaaru,isolated_dwelling,24.5874006,58.2530392
233,Laane,laane,isolated_dwelling,24.5948515,58.2530908
233,Liivasaare,liivasaare,isolated_dwelling,24.5931745,58.2530457
233,Hundi,hundi,isolated_dwelling,24.5919775,58.2530392
233,Tahma,tahma,isolated_dwelling,24.5857955,58.2629406
233,Mii,mii,isolated_dwelling,24.580773,58.2536104
233,Nurme,nurme,isolated_dwelling,24.5753357,58.2526257
233,Sarapuu,sarapuu,isolated_dwelling,24.5802716,58.2521127
233,Kesküla,keskula,isolated_dwelling,24.5689972,58.2529186
233,Teearu,teearu,isolated_dwelling,24.5627913,58.2524585
233,Lepatuka,lepatuka,isolated_dwelling,24.5571623,58.2481493
233,Pihlaka,pihlaka,isolated_dwelling,24.5547923,58.2474378
233,Pihlapuu,pihlapuu,isolated_dwelling,24.5535408,58.2433134
233,Kuuse,kuuse,isolated_dwelling,24.5500476,58.2439952
233,Väljaku,valjaku,isolated_dwelling,24.546692,58.2428964
233,Paju-Nurga,paju-nurga,isolated_dwelling,24.6048882,58.2594041
233,Tasandu,tasandu,isolated_dwelling,24.6417586,58.2679967
233,Vuntlandi,vuntlandi,isolated_dwelling,24.6404032,58.2677387
233,Orava,orava,isolated_dwelling,24.6390145,58.2640328
233,Rebase,rebase,isolated_dwelling,24.640517,58.2635651
233,Põldmaa,poldmaa,isolated_dwelling,24.6457377,58.2633793
233,Põldmaa,poldmaa,isolated_dwelling,24.6482868,58.2631505
233,Ala,ala,isolated_dwelling,24.6525525,58.2618205
233,Kotka,kotka,isolated_dwelling,24.6578113,58.2608405
233,Suureallika,suureallika,isolated_dwelling,24.6720409,58.2683849
233,Aru,aru,isolated_dwelling,24.6610118,58.2589729
233,Otsa,otsa,isolated_dwelling,24.6603611,58.2585511
233,Põllunurga,pollunurga,isolated_dwelling,24.6651682,58.2596369
233,Jõekääru,joekaaru,isolated_dwelling,24.6527643,58.2669267
233,Abaja,abaja,isolated_dwelling,24.6632892,58.2643205
233,Jõeranna,joeranna,isolated_dwelling,24.6596031,58.2653498
233,Vana-Täkkoja,vana-takkoja,isolated_dwelling,24.6590604,58.2640591
233,Nurme,nurme,isolated_dwelling,24.6638086,58.2659403
233,Haukasaare,haukasaare,isolated_dwelling,24.6811771,58.2608086
233,Kruve,kruve,isolated_dwelling,24.680237,58.2696325
233,Kajaka,kajaka,isolated_dwelling,24.6784375,58.2702514
233,Rätsepa,ratsepa,isolated_dwelling,24.6928926,58.2622421
233,Väike-Ilvese,vaike-ilvese,isolated_dwelling,24.6884171,58.260739
233,Mäeste,maeste,isolated_dwelling,24.6903717,58.2626401
233,Piiri,piiri,isolated_dwelling,26.8138757,58.378625
233,Pendra,pendra,isolated_dwelling,26.8182382,58.3803405
233,Leetsi,leetsi,isolated_dwelling,26.8326424,58.3815704
233,Laane,laane,isolated_dwelling,26.8468059,58.3805803
233,Põdramaa,podramaa,isolated_dwelling,26.8402385,58.3772475
233,Karimäe,karimae,isolated_dwelling,26.8281612,58.3740316
233,Oja,oja,isolated_dwelling,26.8296126,58.3801468
233,Teeääre,teeaare,isolated_dwelling,26.8160434,58.3735461
233,Hiie,hiie,isolated_dwelling,26.8212639,58.3746716
233,Pärna,parna,isolated_dwelling,26.823464,58.3756203
233,Veereni,veereni,isolated_dwelling,26.8223601,58.3764041
233,Saekaatri,saekaatri,isolated_dwelling,26.8232417,58.3771035
233,Kungla,kungla,isolated_dwelling,26.8273594,58.3728816
233,Lageda,lageda,isolated_dwelling,26.7872412,58.3228605
233,Anikva,anikva,isolated_dwelling,26.789817,58.3235207
233,Anikiva,anikiva,isolated_dwelling,26.7943951,58.3213543
233,Oja,oja,isolated_dwelling,26.8219427,58.3233324
233,Purika,purika,isolated_dwelling,24.5161985,59.2063455
233,Kuuksaare,kuuksaare,isolated_dwelling,27.1523433,58.2948305
233,Vana-Kuuksaare,vana-kuuksaare,isolated_dwelling,27.151617,58.2939911
233,Sulbi,sulbi,isolated_dwelling,27.2394341,58.3214461
233,Kivisaare,kivisaare,isolated_dwelling,27.236671,58.3204491
233,Uus-Männiku,uus-manniku,isolated_dwelling,24.6851648,58.4117019
233,Männiku,manniku,isolated_dwelling,24.6842645,58.4112409
233,Tammanni,tammanni,isolated_dwelling,24.6836222,58.4105654
233,Pärna,parna,isolated_dwelling,24.6809223,58.4101821
233,Ussisilma,ussisilma,isolated_dwelling,24.6941453,58.4068249
233,Metsatuka,metsatuka,isolated_dwelling,24.7257501,58.4161623
233,Tammiku,tammiku,isolated_dwelling,24.6983189,58.4134608
233,Matsimõisa,matsimoisa,isolated_dwelling,24.7031177,58.413188
233,Tuule,tuule,isolated_dwelling,24.7019,58.4148792
233,Nurme,nurme,isolated_dwelling,24.7018419,58.4143725
233,Lembitu,lembitu,isolated_dwelling,24.6800044,58.4139398
233,Luige,luige,isolated_dwelling,24.2812199,58.349057
233,Kiige,kiige,isolated_dwelling,24.2807845,58.3484167
233,Oksa,oksa,isolated_dwelling,24.2809776,58.3478821
233,Kilgisaare,kilgisaare,isolated_dwelling,24.2875354,58.345358
233,Lepasalu,lepasalu,isolated_dwelling,24.2874108,58.3462174
233,Koobi,koobi,isolated_dwelling,24.273727,58.3447584
233,Vana-Neeva,vana-neeva,isolated_dwelling,24.2786966,58.3441973
233,Nurga,nurga,isolated_dwelling,24.2769748,58.3436387
233,Nisu,nisu,isolated_dwelling,24.2743838,58.3420753
233,Polli,polli,isolated_dwelling,24.2722764,58.3411934
233,Kipita,kipita,isolated_dwelling,24.2720719,58.3398893
233,Kaeramaa,kaeramaa,isolated_dwelling,24.2702851,58.33838
233,Kooli,kooli,isolated_dwelling,24.2887677,58.3439615
233,Kira,kira,isolated_dwelling,24.2863198,58.3444817
233,Astri,astri,isolated_dwelling,24.2872908,58.3440677
233,Uue-Jaani,uue-jaani,isolated_dwelling,24.286172,58.3431893
233,Pendi,pendi,isolated_dwelling,24.2864141,58.3425383
233,Põllu,pollu,isolated_dwelling,24.2887074,58.3428522
233,Villemi,villemi,isolated_dwelling,24.2885535,58.3423381
233,Luigeneeme,luigeneeme,isolated_dwelling,24.2882032,58.3419808
233,Tänavotsa,tanavotsa,isolated_dwelling,24.2878995,58.3414817
233,Kamariku,kamariku,isolated_dwelling,24.282721,58.3426484
233,Mäetoa,maetoa,isolated_dwelling,24.2851946,58.3413694
233,Miilima,miilima,isolated_dwelling,24.2629566,58.3413918
233,Männiku,manniku,isolated_dwelling,24.2625571,58.342281
233,Kantsi,kantsi,isolated_dwelling,24.2875399,58.3402443
233,Madisjaani,madisjaani,isolated_dwelling,24.2875088,58.3395678
233,Adooti,adooti,isolated_dwelling,24.2874216,58.3389534
233,Tisleri,tisleri,isolated_dwelling,24.2872223,58.3383683
233,Vanamardi,vanamardi,isolated_dwelling,24.2856906,58.3379728
233,Mereääre,mereaare,isolated_dwelling,24.2844587,58.3373048
233,Neeva,neeva,isolated_dwelling,24.2843343,58.3358873
233,Ülejõe,ulejoe,isolated_dwelling,24.2826802,58.335083
233,Palmisalu,palmisalu,isolated_dwelling,24.2822436,58.3355284
233,Metsaaluse,metsaaluse,isolated_dwelling,24.2748954,58.336891
233,Sitsi,sitsi,isolated_dwelling,24.2615036,58.3345873
233,Väljala,valjala,isolated_dwelling,24.2709017,58.3257869
233,Siilivälja,siilivalja,isolated_dwelling,24.2638662,58.328946
233,Savioja,savioja,isolated_dwelling,24.2644143,58.3332304
233,Saeveski,saeveski,isolated_dwelling,24.2586435,58.3342095
233,Uusi,uusi,isolated_dwelling,24.2715156,58.3288261
233,Esta,esta,isolated_dwelling,24.2722373,58.328433
233,Lepiku,lepiku,isolated_dwelling,24.2737076,58.3281178
233,Humala,humala,isolated_dwelling,24.2512762,58.3384674
233,Kõrtsi,kortsi,isolated_dwelling,24.2605719,58.3368319
233,Käbi,kabi,isolated_dwelling,24.2570525,58.3334537
233,Loona,loona,isolated_dwelling,24.2583688,58.3331883
233,Pommeri,pommeri,isolated_dwelling,24.2564325,58.3345003
233,Sireli,sireli,isolated_dwelling,24.2574438,58.3339494
233,Maantee,maantee,isolated_dwelling,24.2566939,58.3323002
233,Sarapuu,sarapuu,isolated_dwelling,24.2543766,58.3317512
233,Lille,lille,isolated_dwelling,24.2549586,58.3311497
233,Kalda,kalda,isolated_dwelling,24.2577138,58.331219
233,Nurme,nurme,isolated_dwelling,24.2574352,58.3298515
233,Rebase,rebase,isolated_dwelling,24.2530528,58.3300857
233,Aasa,aasa,isolated_dwelling,24.2493057,58.3315272
233,Oja,oja,isolated_dwelling,24.2482483,58.3312367
233,Tänavaotsa,tanavaotsa,isolated_dwelling,24.2565268,58.3281751
233,Tominga,tominga,isolated_dwelling,24.2512697,58.327929
233,Kuljuse,kuljuse,isolated_dwelling,24.2472911,58.3279089
233,Jõe,joe,isolated_dwelling,24.2454283,58.3277157
233,Kullerkupu,kullerkupu,isolated_dwelling,24.2429645,58.3246305
233,Pilli,pilli,isolated_dwelling,24.2504361,58.327577
233,Tamme,tamme,isolated_dwelling,24.2516514,58.3271909
233,Mäe,mae,isolated_dwelling,24.2567256,58.3192601
233,Madise,madise,isolated_dwelling,24.254674,58.3264107
233,Kaselehe,kaselehe,isolated_dwelling,24.2550889,58.3255206
233,Ingli,ingli,isolated_dwelling,24.254438,58.3245628
233,Karu,karu,isolated_dwelling,24.2543379,58.3239543
233,Kaunismäe,kaunismae,isolated_dwelling,24.2558614,58.3239656
233,Kadaka,kadaka,isolated_dwelling,24.2539016,58.3230304
233,Kuivati,kuivati,isolated_dwelling,24.2579714,58.3231919
233,Tibitse,tibitse,isolated_dwelling,24.2570175,58.3224219
233,Veisi,veisi,isolated_dwelling,24.2570706,58.3218907
233,Pehturi,pehturi,isolated_dwelling,24.2566938,58.3210646
233,Jaanikse,jaanikse,isolated_dwelling,24.2567266,58.3206543
233,Laaso,laaso,isolated_dwelling,24.2643061,58.3181829
233,Matsitoa,matsitoa,isolated_dwelling,24.2654953,58.316874
233,Käspre,kaspre,isolated_dwelling,24.281256,58.3336484
233,Saare,saare,isolated_dwelling,24.2816481,58.3323015
233,Tiido-Tiiu,tiido-tiiu,isolated_dwelling,24.2775537,58.3267552
233,Toi,toi,isolated_dwelling,24.2779029,58.3282988
233,Anni,anni,isolated_dwelling,24.2784739,58.3276695
233,Jäägri,jaagri,isolated_dwelling,24.2794083,58.3290371
233,Kodupaiga,kodupaiga,isolated_dwelling,24.2669565,58.3173874
233,Siilu,siilu,isolated_dwelling,24.2861079,58.3270917
233,Tiigimaa,tiigimaa,isolated_dwelling,24.2854017,58.3271601
233,Konna,konna,isolated_dwelling,24.2848379,58.3272569
233,Aadumadise,aadumadise,isolated_dwelling,24.2831928,58.3274063
233,Urmase,urmase,isolated_dwelling,24.2815828,58.32756
233,Künnapu,kunnapu,isolated_dwelling,24.2826693,58.3255322
233,Sarnakõrtsi,sarnakortsi,isolated_dwelling,24.2889144,58.3306966
233,Mesika,mesika,isolated_dwelling,24.2890417,58.3291437
233,Antsutoa,antsutoa,isolated_dwelling,24.289873,58.3287102
233,Lossi,lossi,isolated_dwelling,24.2894638,58.328274
233,Tiiva,tiiva,isolated_dwelling,24.2888982,58.3281341
233,Tõnise,tonise,isolated_dwelling,24.2890955,58.3267771
233,Ranna,ranna,isolated_dwelling,24.2891107,58.3262221
233,Mere,mere,isolated_dwelling,24.2887415,58.3256829
233,Liiva,liiva,isolated_dwelling,24.2885948,58.3253058
233,Puru,puru,isolated_dwelling,24.2885088,58.3247322
233,Laeva,laeva,isolated_dwelling,24.286592,58.3259538
233,Tänava,tanava,isolated_dwelling,24.2859041,58.325181
233,Tärkama,tarkama,isolated_dwelling,24.2878564,58.3244294
233,Hiiumaa,hiiumaa,isolated_dwelling,24.2846043,58.3232927
233,Asula,asula,isolated_dwelling,24.2840834,58.3229023
233,Kaabu,kaabu,isolated_dwelling,24.2863161,58.3241461
233,Poe,poe,isolated_dwelling,24.2860546,58.3237505
233,Reinu,reinu,isolated_dwelling,24.2772623,58.3235824
233,Marguse,marguse,isolated_dwelling,24.2776394,58.3225591
233,Lauri,lauri,isolated_dwelling,24.2791276,58.3221298
233,Oruranna,oruranna,isolated_dwelling,24.2856758,58.3219047
233,Künka,kunka,isolated_dwelling,24.285299,58.3214551
233,Siimu,siimu,isolated_dwelling,24.2849597,58.3210398
233,Kase,kase,isolated_dwelling,24.2844584,58.3207341
233,Kiviaasa,kiviaasa,isolated_dwelling,24.2839759,58.3205068
233,Risti,risti,isolated_dwelling,24.2837019,58.3201013
233,Kiviranna,kiviranna,isolated_dwelling,24.2833688,58.3194996
233,Tohvi,tohvi,isolated_dwelling,24.283266,58.3191448
233,Kantsi,kantsi,isolated_dwelling,24.2830543,58.3186167
233,Pala,pala,isolated_dwelling,24.281724,58.3187836
233,Käära,kaara,isolated_dwelling,24.2805821,58.319304
233,Kuninganna,kuninganna,isolated_dwelling,24.2797232,58.3186299
233,Keisri,keisri,isolated_dwelling,24.2801998,58.3180029
233,Mätta,matta,isolated_dwelling,24.2833285,58.3179013
233,Kapteni,kapteni,isolated_dwelling,24.2830426,58.3173574
233,Toomase,toomase,isolated_dwelling,24.2790942,58.3162832
233,Rehesauna,rehesauna,isolated_dwelling,24.2814793,58.316007
233,Sepamaa,sepamaa,isolated_dwelling,24.2809644,58.3155657
233,Altmardi,altmardi,isolated_dwelling,24.278769,58.3150077
233,Vimma,vimma,isolated_dwelling,24.2768501,58.3145521
233,Sooviku,sooviku,isolated_dwelling,24.2795279,58.3134986
233,Talli-Jaani,talli-jaani,isolated_dwelling,24.2798603,58.313827
233,Marduna,marduna,isolated_dwelling,24.2746105,58.3143774
233,Jaanikivi,jaanikivi,isolated_dwelling,24.2737092,58.3138778
233,Antsu,antsu,isolated_dwelling,24.2691944,58.3158707
233,Tuulemaa,tuulemaa,isolated_dwelling,24.2755546,58.3118494
233,Luuri,luuri,isolated_dwelling,24.2612095,58.31539
233,Kosso,kosso,isolated_dwelling,24.2603996,58.3107745
233,Kiviluha,kiviluha,isolated_dwelling,24.2693181,58.3113217
233,Kruusimäe,kruusimae,isolated_dwelling,24.2690916,58.3103252
233,Illussaare,illussaare,isolated_dwelling,24.2724326,58.3090064
233,Sauli,sauli,isolated_dwelling,24.2789079,58.3111425
233,Korsna,korsna,isolated_dwelling,24.2793568,58.312442
233,Kivimäe,kivimae,isolated_dwelling,24.2737427,58.3117851
233,Tanni,tanni,isolated_dwelling,24.2718806,58.3076907
233,Tiido,tiido,isolated_dwelling,24.2744347,58.3073932
233,Reidla,reidla,isolated_dwelling,24.6904947,58.422307
233,Nasa,nasa,isolated_dwelling,24.6921634,58.4217329
233,Posti,posti,isolated_dwelling,24.6913979,58.4247593
233,Siku,siku,isolated_dwelling,24.694157,58.4254263
233,Uus-Aluste,uus-aluste,isolated_dwelling,24.6796055,58.4206368
233,Juntsi-Jaak,juntsi-jaak,isolated_dwelling,24.7008655,58.4236244
233,Svinksi,svinksi,isolated_dwelling,24.7078525,58.4278529
233,Indriko,indriko,isolated_dwelling,24.7119407,58.4258737
233,Kallaku,kallaku,isolated_dwelling,24.7094415,58.4257058
233,Mäeotsa,maeotsa,isolated_dwelling,24.7103366,58.4195717
233,Paikuse,paikuse,isolated_dwelling,24.7128943,58.4188428
233,Toomepuu,toomepuu,isolated_dwelling,24.7171556,58.4192617
233,Lodja,lodja,isolated_dwelling,24.714876,58.4234186
233,Vesiveski,vesiveski,isolated_dwelling,24.7167175,58.423576
233,Parve,parve,isolated_dwelling,24.7202308,58.423985
233,Jõehaldja,joehaldja,isolated_dwelling,24.721224,58.4241464
233,Jõeranna,joeranna,isolated_dwelling,24.722436,58.4243602
233,Vesivärava,vesivarava,isolated_dwelling,24.7175646,58.4236787
233,Viigimäe,viigimae,isolated_dwelling,24.7235351,58.4254566
233,Vapramäe,vapramae,isolated_dwelling,24.7243699,58.4260701
233,Kummeli,kummeli,isolated_dwelling,24.7171799,58.4210051
233,Abja,abja,isolated_dwelling,24.6902621,58.4362006
233,Kalda,kalda,isolated_dwelling,24.6936806,58.4368558
233,Suura,suura,isolated_dwelling,24.6963508,58.4375738
233,Kaarli,kaarli,isolated_dwelling,24.7017354,58.4391622
233,Aaviku,aaviku,isolated_dwelling,24.7113778,58.4401598
233,Uus-Ollandi,uus-ollandi,isolated_dwelling,24.7197032,58.4255597
233,Ollandi,ollandi,isolated_dwelling,24.7201306,58.4260695
233,Siimu-Mihkli,siimu-mihkli,isolated_dwelling,24.7210269,58.4303041
233,Nepi,nepi,isolated_dwelling,24.7238312,58.4320758
233,Hane,hane,isolated_dwelling,24.722392,58.4324637
233,Luige,luige,isolated_dwelling,24.722878,58.4329973
233,Pardi,pardi,isolated_dwelling,24.7241049,58.4325155
233,Elbi,elbi,isolated_dwelling,24.7284391,58.4370835
233,Kardo,kardo,isolated_dwelling,24.7213851,58.4402464
233,Pealtveski,pealtveski,isolated_dwelling,24.737012,58.4254515
233,Pärnoja,parnoja,isolated_dwelling,24.7309176,58.426756
233,Kurina-Vesiveski,kurina-vesiveski,isolated_dwelling,24.7310705,58.4233596
233,Altveski,altveski,isolated_dwelling,24.7327704,58.4233172
233,Saara,saara,isolated_dwelling,24.7297785,58.4210168
233,Kahekassi,kahekassi,isolated_dwelling,24.7254215,58.4200531
233,Oja,oja,isolated_dwelling,24.7264583,58.4192611
233,Reinoja,reinoja,isolated_dwelling,24.727012,58.4279696
233,Lilletai,lilletai,isolated_dwelling,24.7377231,58.4200762
233,Käo,kao,isolated_dwelling,24.7429485,58.4216407
233,Pistriku,pistriku,isolated_dwelling,24.7465423,58.4228703
233,Tamme,tamme,isolated_dwelling,24.7567018,58.4250878
233,Liiva,liiva,isolated_dwelling,24.7528503,58.4279527
233,Garaaži,garaazi,isolated_dwelling,24.7601708,58.4294924
233,Kargsoo,kargsoo,isolated_dwelling,24.741331,58.4299131
233,Kallaste,kallaste,isolated_dwelling,24.7326176,58.4328869
233,Allika,allika,isolated_dwelling,24.7296723,58.433291
233,Raba,raba,isolated_dwelling,24.7529956,58.4299945
233,Toomiste,toomiste,isolated_dwelling,24.7545977,58.4300668
233,Teearu,teearu,isolated_dwelling,24.7428618,58.4378397
233,Võnno,vonno,isolated_dwelling,24.7435868,58.4360469
233,Müüri,muuri,isolated_dwelling,24.7608671,58.4356762
233,Luige,luige,isolated_dwelling,24.7464961,58.439699
233,Laanemaa,laanemaa,isolated_dwelling,24.7686788,58.4316196
233,Kiigearu,kiigearu,isolated_dwelling,24.7659992,58.4337205
233,Niidumetsa,niidumetsa,isolated_dwelling,24.7621409,58.4403079
233,Savimäe,savimae,isolated_dwelling,24.7328084,58.4361111
233,Jõekalda,joekalda,isolated_dwelling,24.733575,58.4366528
233,Võnnukivi,vonnukivi,isolated_dwelling,24.7353458,58.4375838
233,Bärlini,barlini,isolated_dwelling,24.7382512,58.4385468
233,Veskioja,veskioja,isolated_dwelling,24.7766684,58.4336442
233,Nõmme,nomme,isolated_dwelling,24.7789712,58.4352894
233,Priidu,priidu,isolated_dwelling,24.565263,58.4534443
233,Väike-Tamme,vaike-tamme,isolated_dwelling,24.572002,58.4567157
233,Soometsa,soometsa,isolated_dwelling,24.5750592,58.4562053
233,Aiamaa,aiamaa,isolated_dwelling,24.5791708,58.4565685
233,Õuemaa,ouemaa,isolated_dwelling,24.5846281,58.4531041
233,Ardi,ardi,isolated_dwelling,24.6230512,58.4537815
233,Valve,valve,isolated_dwelling,24.6163601,58.4532554
233,Sillaotsa,sillaotsa,isolated_dwelling,24.6173108,58.4523958
233,Helduri,helduri,isolated_dwelling,24.6100938,58.4567918
233,Uue-Pinnu,uue-pinnu,isolated_dwelling,24.6094245,58.4572096
233,Vana-Pinnu,vana-pinnu,isolated_dwelling,24.6089833,58.4575677
233,Oolupi,oolupi,isolated_dwelling,24.628349,58.4548403
233,Papli,papli,isolated_dwelling,24.6343654,58.4561415
233,Suikoneni,suikoneni,isolated_dwelling,24.6109638,58.4521345
233,Maasikselja,maasikselja,isolated_dwelling,24.6754429,58.4487651
233,Uus-Maasikselja,uus-maasikselja,isolated_dwelling,24.6740297,58.4493391
233,Oitma,oitma,isolated_dwelling,24.6672206,58.4454712
233,Salumaa,salumaa,isolated_dwelling,24.6696416,58.4518635
233,Miili,miili,isolated_dwelling,24.6727685,58.4535717
233,Saia,saia,isolated_dwelling,24.6704367,58.4360906
233,Uue-Nasa,uue-nasa,isolated_dwelling,24.6887227,58.4555443
233,Kingu,kingu,isolated_dwelling,24.7358737,58.442062
233,Tamme,tamme,isolated_dwelling,24.7440701,58.4482849
233,Oja,oja,isolated_dwelling,24.7420269,58.4471086
233,Tuulemäe,tuulemae,isolated_dwelling,24.7495292,58.443503
233,Koidu-Pihlaka,koidu-pihlaka,isolated_dwelling,24.7675698,58.4470583
233,Pihelga,pihelga,isolated_dwelling,24.7767214,58.4492919
233,Tisleri,tisleri,isolated_dwelling,24.7727102,58.4477499
233,Saueaugu,saueaugu,isolated_dwelling,24.7741457,58.4470321
233,Nurmekivi,nurmekivi,isolated_dwelling,24.7751866,58.4440223
233,Panga,panga,isolated_dwelling,24.7720963,58.4460789
233,Kopluse,kopluse,isolated_dwelling,24.7690421,58.4477762
233,Linnu,linnu,isolated_dwelling,24.7611964,58.4469751
233,Liivaste,liivaste,isolated_dwelling,24.7603555,58.4467062
233,Aidaotsa,aidaotsa,isolated_dwelling,24.7645667,58.4481084
233,Enno,enno,isolated_dwelling,24.7644369,58.4492684
233,Sooviku,sooviku,isolated_dwelling,24.7816096,58.453172
233,Mändla,mandla,isolated_dwelling,24.7838638,58.4524155
233,Lehtoja,lehtoja,isolated_dwelling,24.7844462,58.4502849
233,Heindla,heindla,isolated_dwelling,24.7840391,58.4509928
233,Öökulli,ookulli,isolated_dwelling,24.7786191,58.4540136
233,Tuka,tuka,isolated_dwelling,24.7744007,58.4570701
233,Henriku,henriku,isolated_dwelling,24.7762061,58.4554539
233,Koonu,koonu,isolated_dwelling,24.7774248,58.4586607
233,Lodja,lodja,isolated_dwelling,24.7767537,58.4613967
233,Sohlu,sohlu,isolated_dwelling,24.755423,58.4480519
233,Semple,semple,isolated_dwelling,24.7567874,58.4523048
233,Altvälja,altvalja,isolated_dwelling,24.7613608,58.4536805
233,Teeniidu,teeniidu,isolated_dwelling,24.7587902,58.4525884
233,Hansla,hansla,isolated_dwelling,24.7844705,58.4455677
233,Sookana,sookana,isolated_dwelling,24.7984703,58.4355623
233,Võllmetsa,vollmetsa,isolated_dwelling,24.7927305,58.433057
233,Kuuse,kuuse,isolated_dwelling,24.7856287,58.4372641
233,Mihkli,mihkli,isolated_dwelling,24.7862671,58.4363098
233,Koka,koka,isolated_dwelling,24.8003574,58.4407947
233,Pärnsalu,parnsalu,isolated_dwelling,24.7837564,58.4398791
233,Saulepi,saulepi,isolated_dwelling,24.7747118,58.4424872
233,Mahtra,mahtra,isolated_dwelling,24.7931878,58.4450328
233,Metste,metste,isolated_dwelling,24.8009825,58.4330415
233,Sõeru,soeru,isolated_dwelling,24.8106085,58.4372819
233,Niidu,niidu,isolated_dwelling,24.8053047,58.431385
233,Niidaste,niidaste,isolated_dwelling,24.8081006,58.4314196
233,Jutu,jutu,isolated_dwelling,24.7609197,58.4597041
233,Rooma,rooma,isolated_dwelling,24.7603216,58.4564468
233,Suti,suti,isolated_dwelling,24.7637056,58.4591384
233,Aaviku,aaviku,isolated_dwelling,24.7629588,58.4624795
233,Lõusa,lousa,isolated_dwelling,24.7627095,58.4615637
233,Aru,aru,isolated_dwelling,24.7608035,58.4613345
233,Sepa,sepa,isolated_dwelling,24.7537681,58.4622397
233,Täitoja,taitoja,isolated_dwelling,24.7643697,58.4652677
233,Vainu,vainu,isolated_dwelling,24.7705012,58.4659008
233,Arva,arva,isolated_dwelling,24.7656564,58.4626381
233,Raudsepa,raudsepa,isolated_dwelling,24.7682716,58.4641982
233,Mäeltmardi,maeltmardi,isolated_dwelling,24.7706253,58.464501
233,Kurepesa,kurepesa,isolated_dwelling,24.7715344,58.4649602
233,Kiisa,kiisa,isolated_dwelling,24.7730001,58.4645375
233,Tölba,tolba,isolated_dwelling,24.7737807,58.4638435
233,Taadi,taadi,isolated_dwelling,24.7745119,58.4634417
233,Volmersoni,volmersoni,isolated_dwelling,24.7739801,58.4709326
233,Kellame,kellame,isolated_dwelling,24.7729859,58.4725933
233,Nikola,nikola,isolated_dwelling,24.7644593,58.4670028
233,Metsanurga,metsanurga,isolated_dwelling,24.7758739,58.4757051
233,Kärestiku,karestiku,isolated_dwelling,24.7817097,58.4723749
233,Siilaku,siilaku,isolated_dwelling,24.7824733,58.4733807
233,Kose,kose,isolated_dwelling,24.7838133,58.4745634
233,Reinu,reinu,isolated_dwelling,24.7851782,58.4753277
233,Ooreveski,ooreveski,isolated_dwelling,24.7813096,58.4697904
233,Rätsiku,ratsiku,isolated_dwelling,24.7870225,58.4619979
233,Silveri,silveri,isolated_dwelling,24.786465,58.4629124
233,Ülejõe,ulejoe,isolated_dwelling,24.7798337,58.4617836
233,Jõekalda,joekalda,isolated_dwelling,24.7820425,58.4631996
233,Tamme,tamme,isolated_dwelling,24.7881211,58.4651427
233,Metsa,metsa,isolated_dwelling,24.7940525,58.4731917
233,Kuuse,kuuse,isolated_dwelling,24.8000147,58.4653107
233,Vana-Kivissaare,vana-kivissaare,isolated_dwelling,24.7985275,58.4634661
233,Sepa,sepa,isolated_dwelling,24.7984948,58.4607775
233,Laasi,laasi,isolated_dwelling,24.7946537,58.4609105
233,Kopli,kopli,isolated_dwelling,24.7922353,58.4645698
233,Kulla,kulla,isolated_dwelling,24.7898374,58.4663911
233,Metskonna,metskonna,isolated_dwelling,24.7840736,58.4663424
233,Marko,marko,isolated_dwelling,24.7847896,58.4663066
233,Nõmme,nomme,isolated_dwelling,24.7843849,58.4678013
233,Antsu,antsu,isolated_dwelling,24.7872118,58.4694001
233,Jaani,jaani,isolated_dwelling,24.7855929,58.4693252
233,Altpoe,altpoe,isolated_dwelling,24.7883326,58.46856
233,Pireti,pireti,isolated_dwelling,24.7861906,58.471064
233,Virula,virula,isolated_dwelling,24.7856528,58.4703978
233,Savimäe,savimae,isolated_dwelling,24.7865042,58.4700078
233,Jõe,joe,isolated_dwelling,24.786355,58.4717635
233,Mäeoja,maeoja,isolated_dwelling,24.8154694,58.4564761
233,Rehe,rehe,isolated_dwelling,24.8087212,58.4767712
233,Kajuoja,kajuoja,isolated_dwelling,24.7021381,58.4676157
233,Kertu,kertu,isolated_dwelling,24.6986198,58.4638239
233,Jüri,juri,isolated_dwelling,24.7014774,58.4652047
233,Pärnametsa,parnametsa,isolated_dwelling,24.6952762,58.4613772
233,Rukkima,rukkima,isolated_dwelling,24.6872374,58.4626043
233,Altpere,altpere,isolated_dwelling,24.6784163,58.4608287
233,Sepa,sepa,isolated_dwelling,24.6818451,58.463636
233,Ruusiaugu,ruusiaugu,isolated_dwelling,24.7067211,58.4699451
233,Kraavi,kraavi,isolated_dwelling,24.7107896,58.4730997
233,Metsakivi,metsakivi,isolated_dwelling,24.7141587,58.4730757
233,Kasesalu,kasesalu,isolated_dwelling,24.7120549,58.4723932
233,Mulgi-Ida,mulgi-ida,isolated_dwelling,24.7181822,58.4742595
233,Tammiste,tammiste,isolated_dwelling,24.7150622,58.4765964
233,Suureoja,suureoja,isolated_dwelling,24.7201656,58.4754403
233,Rehe,rehe,isolated_dwelling,24.7364168,58.4823433
233,Rea,rea,isolated_dwelling,24.7272692,58.4778507
233,Lepiku,lepiku,isolated_dwelling,24.7239788,58.4803674
233,Lageda,lageda,isolated_dwelling,24.7322221,58.4733448
233,Vitsiku,vitsiku,isolated_dwelling,24.8191783,58.4478518
233,Rantso,rantso,isolated_dwelling,24.8235267,58.4477227
233,Kureniidu,kureniidu,isolated_dwelling,24.8188624,58.4443747
233,Kullaaru,kullaaru,isolated_dwelling,24.8291477,58.4498678
233,Kalmuniidu,kalmuniidu,isolated_dwelling,24.8411214,58.4520592
233,Juurika,juurika,isolated_dwelling,24.8443909,58.4528032
233,Jahimaja,jahimaja,isolated_dwelling,24.8428213,58.4553158
233,Metsaveeru,metsaveeru,isolated_dwelling,24.8451801,58.4456183
233,Abrami,abrami,isolated_dwelling,24.8498994,58.4298697
233,Kase,kase,isolated_dwelling,24.8497019,58.4491679
233,Tilga,tilga,isolated_dwelling,24.8527096,58.4457294
233,Soldati,soldati,isolated_dwelling,24.8530154,58.4430872
233,Kitsapaiga,kitsapaiga,isolated_dwelling,24.8797277,58.4423807
233,Suurekivi,suurekivi,isolated_dwelling,24.8643957,58.435909
233,Evaldi,evaldi,isolated_dwelling,24.8725831,58.4373181
233,Jõhvemaa,johvemaa,isolated_dwelling,24.8778091,58.43697
233,Jõhve,johve,isolated_dwelling,24.875747,58.4353047
233,Kooli,kooli,isolated_dwelling,24.8612323,58.448321
233,Uuetoa,uuetoa,isolated_dwelling,24.8577997,58.4490247
233,Röövliaugu,roovliaugu,isolated_dwelling,24.6907512,58.4695014
233,Otti,otti,isolated_dwelling,24.6543164,58.4610499
233,Sarapuu,sarapuu,isolated_dwelling,24.6520904,58.4609755
233,Allika,allika,isolated_dwelling,24.6685043,58.4638157
233,Jahimaja,jahimaja,isolated_dwelling,24.652801,58.4616382
233,Sirgoja,sirgoja,isolated_dwelling,24.7864008,58.4814676
233,Ossi,ossi,isolated_dwelling,24.7858874,58.4809147
233,Kaseoja,kaseoja,isolated_dwelling,24.7861355,58.477303
233,Jõe,joe,isolated_dwelling,24.7882892,58.4760881
233,Mäe,mae,isolated_dwelling,24.7889065,58.4761823
233,Lüüsi,luusi,isolated_dwelling,24.7919538,58.4764838
233,Tammai,tammai,isolated_dwelling,24.8009438,58.483281
233,Oidu,oidu,isolated_dwelling,24.7987913,58.4819983
233,Raudsepa,raudsepa,isolated_dwelling,24.8251179,58.4883133
233,Hirve,hirve,isolated_dwelling,24.7571555,58.49019
233,Hansumäe,hansumae,isolated_dwelling,24.7556095,58.4914614
233,Väljaotsa,valjaotsa,isolated_dwelling,24.7487152,58.4876711
233,Vana-Sarapuu,vana-sarapuu,isolated_dwelling,24.7526488,58.4903515
233,Sarapuu,sarapuu,isolated_dwelling,24.7534154,58.4907121
233,Tiidermaa,tiidermaa,isolated_dwelling,24.7405079,58.4864843
233,Laka,laka,isolated_dwelling,24.7429818,58.484636
233,Villema,villema,isolated_dwelling,24.7567037,58.4970199
233,Kadaka,kadaka,isolated_dwelling,24.7644098,58.4977168
233,Kalbuse,kalbuse,isolated_dwelling,24.7606568,58.4980143
233,Jüri,juri,isolated_dwelling,24.769144,58.4962702
233,Mäeotsa,maeotsa,isolated_dwelling,24.7721756,58.497833
233,Eriku,eriku,isolated_dwelling,24.7816638,58.5015053
233,Suurkivi,suurkivi,isolated_dwelling,24.7775118,58.4890612
233,Kõrgemaa,korgemaa,isolated_dwelling,24.7845148,58.502
233,Tänava,tanava,isolated_dwelling,24.7922652,58.506943
233,Puusti-Sepa,puusti-sepa,isolated_dwelling,24.7914275,58.5030964
233,Puusti,puusti,isolated_dwelling,24.7884073,58.5017419
233,Kõrgemäe,korgemae,isolated_dwelling,24.7864984,58.5023662
233,Mäe,mae,isolated_dwelling,24.7947658,58.5053057
233,Kingu,kingu,isolated_dwelling,24.7952177,58.505707
233,Haldja,haldja,isolated_dwelling,24.7991659,58.5026111
233,Nuudi,nuudi,isolated_dwelling,24.8021903,58.508416
233,Tuisu,tuisu,isolated_dwelling,24.8040869,58.508704
233,Nuudituka,nuudituka,isolated_dwelling,24.7983147,58.5071964
233,Jõgise,jogise,isolated_dwelling,24.796416,58.5077023
233,Keskpaiga,keskpaiga,isolated_dwelling,24.7955612,58.5082836
233,Jaani,jaani,isolated_dwelling,24.7963009,58.5096503
233,Kivi,kivi,isolated_dwelling,24.7969448,58.5099627
233,Metsatera,metsatera,isolated_dwelling,24.3949587,58.4146777
233,Karu,karu,isolated_dwelling,24.3705776,58.4153089
233,Kotka,kotka,isolated_dwelling,24.3848933,58.403997
233,Kubjajõe,kubjajoe,isolated_dwelling,24.3611374,58.4167419
233,Jõekalda,joekalda,isolated_dwelling,24.3597549,58.4172861
233,Raaviku,raaviku,isolated_dwelling,24.3661289,58.4238571
233,Lõosilma,loosilma,isolated_dwelling,24.3617954,58.4248144
233,Sooviku,sooviku,isolated_dwelling,24.360693,58.4247709
233,Kadaka,kadaka,isolated_dwelling,24.3592196,58.4242653
233,Kaasiku,kaasiku,isolated_dwelling,24.3579822,58.4248571
233,Rooma,rooma,isolated_dwelling,24.3520728,58.4250487
233,Kõrgemäe,korgemae,isolated_dwelling,24.3506854,58.4249474
233,Metsaääre,metsaaare,isolated_dwelling,24.347368,58.4243939
233,Jaani,jaani,isolated_dwelling,24.3452115,58.4244137
233,Võidu,voidu,isolated_dwelling,24.8134056,58.5116924
233,Kruusaaugu,kruusaaugu,isolated_dwelling,24.8080358,58.5101014
233,Väljaotsa,valjaotsa,isolated_dwelling,24.8090018,58.5107487
233,Kabina,kabina,isolated_dwelling,24.8164245,58.5210728
233,Nurga,nurga,isolated_dwelling,24.8181702,58.5211782
233,Songa,songa,isolated_dwelling,24.8382417,58.4942005
233,Ülle,ulle,isolated_dwelling,24.8375007,58.494386
233,Suur-Songa,suur-songa,isolated_dwelling,24.8370213,58.4935107
233,Künnapoja,kunnapoja,isolated_dwelling,24.8281288,58.4913281
233,Kambati,kambati,isolated_dwelling,24.8349418,58.5053256
233,Andreksoni,andreksoni,isolated_dwelling,24.8371025,58.504732
233,Väike-Songa,vaike-songa,isolated_dwelling,24.8314282,58.4991333
233,Kõrgoja,korgoja,isolated_dwelling,24.832353,58.4990845
233,Vana-Kõrgoja,vana-korgoja,isolated_dwelling,24.8339701,58.5000327
233,Uueõue,uueoue,isolated_dwelling,24.8358515,58.5013832
233,Jõekääru,joekaaru,isolated_dwelling,24.8399331,58.5072909
233,Kalda,kalda,isolated_dwelling,24.8415129,58.507463
233,Kilgi,kilgi,isolated_dwelling,24.8430995,58.5076403
233,Jõeranna,joeranna,isolated_dwelling,24.8440185,58.5071212
233,Klemmeri,klemmeri,isolated_dwelling,24.8445825,58.5066801
233,Oja,oja,isolated_dwelling,24.8457677,58.5082801
233,Andrese,andrese,isolated_dwelling,24.8465222,58.5085302
233,Peedi,peedi,isolated_dwelling,24.8473846,58.5090458
233,Mäelta,maelta,isolated_dwelling,24.8484392,58.5092765
233,Ojakalda,ojakalda,isolated_dwelling,24.8498522,58.5093091
233,Oltsi,oltsi,isolated_dwelling,24.8526458,58.5088027
233,Taiga,taiga,isolated_dwelling,24.8538986,58.5078312
233,Karjama,karjama,isolated_dwelling,24.8413398,58.4912907
233,Karuoja,karuoja,isolated_dwelling,24.8419378,58.4901649
233,Kopli,kopli,isolated_dwelling,24.8387947,58.490213
233,Nuudi,nuudi,isolated_dwelling,24.8364806,58.4875046
233,Jaanitoa,jaanitoa,isolated_dwelling,24.8427676,58.4923141
233,Luige,luige,isolated_dwelling,24.8451272,58.4934179
233,Pikalepa,pikalepa,isolated_dwelling,24.8572254,58.4784432
233,Laanemetsa,laanemetsa,isolated_dwelling,24.8622593,58.4756421
233,Laaneoja,laaneoja,isolated_dwelling,24.8539791,58.4750216
233,Põldoja,poldoja,isolated_dwelling,24.851618,58.4739393
233,Laaneääre,laaneaare,isolated_dwelling,24.8578899,58.4741985
233,Liisumetsa,liisumetsa,isolated_dwelling,24.8463853,58.4951986
233,Küla,kula,isolated_dwelling,24.8456522,58.4971732
233,Juhani,juhani,isolated_dwelling,24.8478876,58.4968462
233,Uueda,uueda,isolated_dwelling,24.8439522,58.5006033
233,Tominga,tominga,isolated_dwelling,24.8400476,58.500568
233,Nõmme,nomme,isolated_dwelling,24.8574571,58.4991492
233,Merila,merila,isolated_dwelling,24.8527803,58.4989246
233,Aasa,aasa,isolated_dwelling,24.8577437,58.5007527
233,Kooli,kooli,isolated_dwelling,24.8548791,58.5029321
233,Tanikoha,tanikoha,isolated_dwelling,24.8609439,58.4992061
233,Veski,veski,isolated_dwelling,24.8485603,58.5064512
233,Altma,altma,isolated_dwelling,24.8442361,58.5043862
233,Levikivi,levikivi,isolated_dwelling,24.8461142,58.5042285
233,Saksale,saksale,isolated_dwelling,24.8656122,58.4967413
233,Putkeniidu,putkeniidu,isolated_dwelling,24.8784318,58.4854788
233,Vaksali,vaksali,isolated_dwelling,24.8673051,58.4983909
233,Ridala,ridala,isolated_dwelling,24.8712358,58.4983578
233,Pihlaka,pihlaka,isolated_dwelling,24.8692871,58.4985949
233,Vanksi,vanksi,isolated_dwelling,24.8811841,58.4953119
233,Pärna,parna,isolated_dwelling,24.8881555,58.4948611
233,Jõeääre,joeaare,isolated_dwelling,24.8886785,58.4947635
233,Puistaaru,puistaaru,isolated_dwelling,24.8970315,58.4857701
233,Sepa,sepa,isolated_dwelling,24.8914395,58.4930243
233,Sillaotsa,sillaotsa,isolated_dwelling,24.9013719,58.4929278
233,Veltsi,veltsi,isolated_dwelling,24.9011008,58.4922862
233,Rebase,rebase,isolated_dwelling,24.7738343,58.3670327
233,Raudemetsa,raudemetsa,isolated_dwelling,24.769894,58.3705591
233,Lepiku,lepiku,isolated_dwelling,24.7850487,58.3633279
233,Valdeni,valdeni,isolated_dwelling,24.793133,58.3600558
233,Pärmanni,parmanni,isolated_dwelling,24.8148006,58.3575443
233,Tuuleveske,tuuleveske,isolated_dwelling,24.8224465,58.3732913
233,Velda,velda,isolated_dwelling,24.8188341,58.3795936
233,Muja,muja,isolated_dwelling,24.8223909,58.3835062
233,Madise,madise,isolated_dwelling,24.8220419,58.3826896
233,Aeru,aeru,isolated_dwelling,24.8218346,58.382268
233,Mihkel-Metsa,mihkel-metsa,isolated_dwelling,24.8212732,58.3816449
233,Riisika,riisika,isolated_dwelling,24.8203173,58.3811915
233,Nelemaa,nelemaa,isolated_dwelling,24.8184864,58.3833869
233,Uus-Aringa,uus-aringa,isolated_dwelling,24.8158211,58.3837263
233,Pärna,parna,isolated_dwelling,24.8064023,58.379899
233,Kuuse,kuuse,isolated_dwelling,24.8040412,58.3733171
233,Pähkli,pahkli,isolated_dwelling,24.792963,58.3746791
233,Loigu,loigu,isolated_dwelling,24.8148664,58.3739646
233,Sookaela,sookaela,isolated_dwelling,24.8429691,58.410763
233,Pajuste,pajuste,isolated_dwelling,24.8430099,58.4129518
233,Lasna,lasna,isolated_dwelling,24.8358884,58.40988
233,Kangru,kangru,isolated_dwelling,24.8369233,58.4153584
233,Jõe,joe,isolated_dwelling,24.8347913,58.4150471
233,Kivimurru,kivimurru,isolated_dwelling,24.8307926,58.4052842
233,Soovälja,soovalja,isolated_dwelling,24.8720294,58.4135013
233,Tominga,tominga,isolated_dwelling,24.8637187,58.4162893
233,Paali,paali,isolated_dwelling,24.8572038,58.4142314
233,Väeka,vaeka,isolated_dwelling,24.8756303,58.4101644
233,Kivistiku,kivistiku,isolated_dwelling,24.8680683,58.4156923
233,Küti,kuti,isolated_dwelling,24.851088,58.4669765
233,Laine,laine,isolated_dwelling,24.8606678,58.4633544
233,Soo,soo,isolated_dwelling,24.8646954,58.4638123
233,Väljaotsa,valjaotsa,isolated_dwelling,24.8640451,58.4614215
233,Väike-Tõnumurru,vaike-tonumurru,isolated_dwelling,24.8626699,58.4495635
233,Tõnumurru,tonumurru,isolated_dwelling,24.8613331,58.4503105
233,Risttee,risttee,isolated_dwelling,24.8620942,58.4586251
233,Aviko,aviko,isolated_dwelling,24.8809871,58.4630521
233,Pärna,parna,isolated_dwelling,24.8549421,58.4482333
233,Karini,karini,isolated_dwelling,24.8873,58.4568433
233,Väike-Aru,vaike-aru,isolated_dwelling,24.8870977,58.4681735
233,Tammemetsa,tammemetsa,isolated_dwelling,24.8987805,58.4679971
233,Jäätmaa,jaatmaa,isolated_dwelling,24.9040309,58.4746025
233,Põnka,ponka,isolated_dwelling,24.9233242,58.4794096
233,Kivipõllu,kivipollu,isolated_dwelling,24.9383088,58.489916
233,Koidu,koidu,isolated_dwelling,24.9372811,58.4898636
233,Koobi,koobi,isolated_dwelling,24.9176164,58.4674962
233,Käsna,kasna,isolated_dwelling,24.9187329,58.4692359
233,Jantsoni,jantsoni,isolated_dwelling,24.9020486,58.4682218
233,Taela,taela,isolated_dwelling,24.9156631,58.4743575
233,Seedri,seedri,isolated_dwelling,24.9043297,58.4837393
233,Jõe,joe,isolated_dwelling,24.9029366,58.4838608
233,Räni,rani,isolated_dwelling,24.9057946,58.4837007
233,Liinsoni,liinsoni,isolated_dwelling,24.9095802,58.4838957
233,Suureoja,suureoja,isolated_dwelling,24.9156811,58.4855725
233,Puista,puista,isolated_dwelling,24.9142451,58.4839644
233,Miku,miku,isolated_dwelling,24.9171545,58.4842116
233,Rätsepa,ratsepa,isolated_dwelling,24.9207736,58.4858572
233,Künka,kunka,isolated_dwelling,24.9303583,58.4922569
233,Saare,saare,isolated_dwelling,24.9288636,58.4889248
233,Küti,kuti,isolated_dwelling,24.923461,58.4882335
233,Tammetoa,tammetoa,isolated_dwelling,24.9230332,58.4893087
233,Andrese,andrese,isolated_dwelling,24.9237788,58.490174
233,Ristoja,ristoja,isolated_dwelling,24.8491241,58.5206462
233,Jürsi,jursi,isolated_dwelling,24.8469638,58.5122231
233,Laaneoja,laaneoja,isolated_dwelling,24.8553866,58.5165638
233,Kivastu,kivastu,isolated_dwelling,24.8518728,58.5129338
233,Osula,osula,isolated_dwelling,24.8512678,58.5155831
233,Tasase,tasase,isolated_dwelling,24.8639818,58.5013395
233,Tilga,tilga,isolated_dwelling,24.8640834,58.5036106
233,Kaasiku,kaasiku,isolated_dwelling,24.8618037,58.5071963
233,Pärnaoja,parnaoja,isolated_dwelling,24.8733868,58.5128572
233,Neeruti,neeruti,isolated_dwelling,24.8818405,58.500387
233,Oru,oru,isolated_dwelling,24.8750273,58.5003757
233,Altpere,altpere,isolated_dwelling,24.8871718,58.4987889
233,Sauna,sauna,isolated_dwelling,24.8953406,58.4970547
233,Uuetoa,uuetoa,isolated_dwelling,24.892992,58.4952732
233,Rõõmuselja,roomuselja,isolated_dwelling,24.9064285,58.5028594
233,Tanevi,tanevi,isolated_dwelling,24.4806599,58.224632
233,Kurro,kurro,isolated_dwelling,24.4876383,58.2307317
233,Abaja,abaja,isolated_dwelling,24.4813058,58.2321684
233,Takri,takri,isolated_dwelling,24.4812019,58.2315697
233,Kuru,kuru,isolated_dwelling,24.4886839,58.2287439
233,Jaani,jaani,isolated_dwelling,24.4926535,58.2258903
233,Metsaääre,metsaaare,isolated_dwelling,24.4907117,58.2264497
233,Katsi,katsi,isolated_dwelling,24.4883635,58.2256765
233,Kalle,kalle,isolated_dwelling,24.4904257,58.2254505
233,Tähe,tahe,isolated_dwelling,24.4824641,58.2215532
233,Agasilla,agasilla,isolated_dwelling,24.4979679,58.2268775
233,Järve,jarve,isolated_dwelling,24.4981631,58.2261583
233,Roo,roo,isolated_dwelling,24.4950838,58.2250119
233,Ületee,uletee,isolated_dwelling,24.4942776,58.2240284
233,Lülle-Juhani,lulle-juhani,isolated_dwelling,24.4921878,58.2211836
233,Ermiste,ermiste,isolated_dwelling,24.4909646,58.2212199
233,Jõe,joe,isolated_dwelling,24.4906118,58.2205111
233,Linnu,linnu,isolated_dwelling,24.4921034,58.2202526
233,Uue-Alliku,uue-alliku,isolated_dwelling,24.4811146,58.2226801
233,Kiviranna,kiviranna,isolated_dwelling,24.4794444,58.2265523
233,Luigeranna,luigeranna,isolated_dwelling,24.4774054,58.2266151
233,Vetsi,vetsi,isolated_dwelling,24.4781212,58.2272833
233,Võtsiranna,votsiranna,isolated_dwelling,24.4790745,58.2279432
233,Tahkutuka,tahkutuka,isolated_dwelling,24.4798184,58.2299629
233,Lihtsa,lihtsa,isolated_dwelling,24.5382482,58.2434291
233,Metsaru,metsaru,isolated_dwelling,24.5436365,58.2438523
233,Manni,manni,isolated_dwelling,24.5388184,58.2321318
233,Kaarli,kaarli,isolated_dwelling,24.538941,58.2327089
233,Kõsu,kosu,isolated_dwelling,24.5353895,58.233552
233,Sipelga,sipelga,isolated_dwelling,24.5344929,58.2310487
233,Võtsi,votsi,isolated_dwelling,24.5312308,58.2306216
233,Värava,varava,isolated_dwelling,24.5295364,58.2314034
233,Pärli,parli,isolated_dwelling,24.536036,58.2391153
233,Kingu,kingu,isolated_dwelling,24.5346225,58.2379354
233,Kalju,kalju,isolated_dwelling,24.5338753,58.2365718
233,Kusti,kusti,isolated_dwelling,24.5314613,58.2343887
233,Vahtra,vahtra,isolated_dwelling,24.5261848,58.2272163
233,Pohla,pohla,isolated_dwelling,24.5298574,58.2328851
233,Tarva,tarva,isolated_dwelling,24.5288463,58.2323739
233,Lepiku,lepiku,isolated_dwelling,24.5228243,58.2232318
233,Põllu,pollu,isolated_dwelling,24.5246339,58.2241778
233,Eha,eha,isolated_dwelling,24.518016,58.2198442
233,Metsaääre,metsaaare,isolated_dwelling,24.5118474,58.2197243
233,Pihlasalu,pihlasalu,isolated_dwelling,24.5136741,58.2199784
233,Kaasiku,kaasiku,isolated_dwelling,24.5091047,58.2165807
233,Vesta,vesta,isolated_dwelling,24.5079121,58.2150561
233,Keskküla,keskkula,isolated_dwelling,24.5130226,58.2160086
233,Keskpõllu,keskpollu,isolated_dwelling,24.5170735,58.2157715
233,Rehe,rehe,isolated_dwelling,24.5165395,58.217568
233,Sarapuu,sarapuu,isolated_dwelling,24.4793613,58.193559
233,Tamme,tamme,isolated_dwelling,24.5721465,58.4641584
233,Lambalaugo,lambalaugo,isolated_dwelling,24.5510139,58.47241
233,Väljaotsa,valjaotsa,isolated_dwelling,24.5443561,58.4802394
233,Silla,silla,isolated_dwelling,24.5329148,58.4866319
233,Veski,veski,isolated_dwelling,24.5315855,58.4823066
233,Räägu,raagu,isolated_dwelling,24.5350066,58.4765696
233,Rääguaida,raaguaida,isolated_dwelling,24.5351568,58.4758329
233,Nõmmiku,nommiku,isolated_dwelling,24.5342627,58.4746885
233,Räägumõisa,raagumoisa,isolated_dwelling,24.5359793,58.4743108
233,Kaldaääre,kaldaaare,isolated_dwelling,24.5369449,58.4733645
233,Räägu-Kõrtsi,raagu-kortsi,isolated_dwelling,24.5298385,58.4809464
233,Alliku,alliku,isolated_dwelling,24.5339149,58.4857836
233,Tohtri,tohtri,isolated_dwelling,24.534079,58.4813308
233,Põlde,polde,isolated_dwelling,24.5316862,58.4884906
233,Mäe,mae,isolated_dwelling,24.5340514,58.4884194
233,Niidu,niidu,isolated_dwelling,24.5357327,58.4922103
233,Aua,aua,isolated_dwelling,24.534948,58.4916886
233,Käära,kaara,isolated_dwelling,24.5324989,58.4912411
233,Soo,soo,isolated_dwelling,24.525475,58.4949846
233,Permani,permani,isolated_dwelling,24.5696134,58.4689805
233,Põleniku,poleniku,isolated_dwelling,24.5629771,58.4715734
233,Lillaru,lillaru,isolated_dwelling,24.5655577,58.4727979
233,Olmi,olmi,isolated_dwelling,24.5710025,58.4884811
233,Kotlipa,kotlipa,isolated_dwelling,24.5705591,58.4703736
233,Savikalda,savikalda,isolated_dwelling,24.5679639,58.4700963
233,Savi,savi,isolated_dwelling,24.5688915,58.4703929
233,Sookanna,sookanna,isolated_dwelling,24.5778408,58.4781011
233,Rootuse,rootuse,isolated_dwelling,24.5778338,58.4701845
233,Vana-Sillaotsa,vana-sillaotsa,isolated_dwelling,24.5900816,58.4737079
233,Talva,talva,isolated_dwelling,24.5963519,58.473556
233,Eha,eha,isolated_dwelling,24.5998373,58.4741606
233,Pendreoja,pendreoja,isolated_dwelling,24.6026711,58.4748508
233,Uus-Tiksa,uus-tiksa,isolated_dwelling,24.6118448,58.4757644
233,Kuuda,kuuda,isolated_dwelling,24.6159809,58.47473
233,Murru,murru,isolated_dwelling,24.6372733,58.4178433
233,Pärna,parna,isolated_dwelling,24.6315584,58.4188996
233,Piirivälja,piirivalja,isolated_dwelling,24.6331356,58.4092775
233,Männiku,manniku,isolated_dwelling,24.6300828,58.4083666
233,Oja,oja,isolated_dwelling,24.6124711,58.410586
233,Leppoja,leppoja,isolated_dwelling,24.6101066,58.4100565
233,Kuusmaa,kuusmaa,isolated_dwelling,24.6155561,58.4089274
233,Aasa-Kaasiku,aasa-kaasiku,isolated_dwelling,24.6162648,58.4080448
233,Rabakalda,rabakalda,isolated_dwelling,24.6167412,58.4073387
233,Nurmenuku,nurmenuku,isolated_dwelling,24.6261272,58.4026562
233,Ees-Tammiku,ees-tammiku,isolated_dwelling,24.6099126,58.3953181
233,Artna,artna,isolated_dwelling,24.6072723,58.3940975
233,Naela,naela,isolated_dwelling,24.6329024,58.4069471
233,Kooli,kooli,isolated_dwelling,24.6384551,58.4880595
233,Metsamäe,metsamae,isolated_dwelling,24.6359976,58.4863984
233,Laane,laane,isolated_dwelling,24.6327391,58.4879519
233,Põlde,polde,isolated_dwelling,24.6450252,58.4884939
233,Jussi,jussi,isolated_dwelling,24.6426794,58.4887217
233,Saare,saare,isolated_dwelling,24.6353394,58.4816619
233,Niidu,niidu,isolated_dwelling,24.6405268,58.4861618
233,Kati,kati,isolated_dwelling,24.6357047,58.488134
233,Linda,linda,isolated_dwelling,24.6367147,58.4885141
233,Oskari,oskari,isolated_dwelling,24.6363096,58.4883312
233,Lipuvälja,lipuvalja,isolated_dwelling,24.6377575,58.489123
233,Aru,aru,isolated_dwelling,24.6331979,58.4903308
233,Männituka,mannituka,isolated_dwelling,24.6328053,58.4925451
233,Õunapuu,ounapuu,isolated_dwelling,24.6318897,58.4954362
233,Jüri,juri,isolated_dwelling,24.6414948,58.4937076
233,Soo-otsa,soo-otsa,isolated_dwelling,24.6177639,58.4841094
233,Pihlaka,pihlaka,isolated_dwelling,24.6444582,58.4787419
233,Peedi,peedi,isolated_dwelling,24.6491871,58.4815869
233,Reinarti,reinarti,isolated_dwelling,24.6198219,58.4965493
233,Saviste,saviste,isolated_dwelling,24.6258904,58.4963591
233,Raja,raja,isolated_dwelling,24.6247158,58.4950137
233,Lipuvälja,lipuvalja,isolated_dwelling,24.631522,58.5006296
233,Salu,salu,isolated_dwelling,24.6640944,58.4890896
233,Väike-Lohu,vaike-lohu,isolated_dwelling,24.6681918,58.487645
233,Küti,kuti,isolated_dwelling,24.6069782,58.4968064
233,Haava,haava,isolated_dwelling,24.651006,58.4982442
233,Olevi,olevi,isolated_dwelling,24.6666325,58.493875
233,Pauguse,pauguse,isolated_dwelling,24.6584669,58.5017968
233,Orava,orava,isolated_dwelling,24.6134462,58.4900454
233,Metsavahe,metsavahe,isolated_dwelling,24.619042,58.4885967
233,Õisu,oisu,isolated_dwelling,24.5468071,58.4971593
233,Ralli,ralli,isolated_dwelling,24.563882,58.4960534
233,Laanejõe,laanejoe,isolated_dwelling,24.5385468,58.4970216
233,Raja,raja,isolated_dwelling,24.569956,58.4926445
233,Nurga,nurga,isolated_dwelling,24.5544471,58.4885132
233,Lohu,lohu,isolated_dwelling,24.555318,58.4919632
233,Mõtuse,motuse,isolated_dwelling,24.5750743,58.5014128
233,Tolle,tolle,isolated_dwelling,24.5673144,58.5010431
233,Kase,kase,isolated_dwelling,24.5977443,58.5054515
233,Männi-Mäe,manni-mae,isolated_dwelling,24.6025162,58.5059103
233,Sookana,sookana,isolated_dwelling,24.5924027,58.5036205
233,Sepa,sepa,isolated_dwelling,24.5815257,58.5014342
233,Selja,selja,isolated_dwelling,24.5909194,58.5082841
233,Vita,vita,isolated_dwelling,24.5538285,58.5041012
233,Reieli,reieli,isolated_dwelling,24.5548473,58.50458
233,Jaagu,jaagu,isolated_dwelling,24.5534624,58.508528
233,Rätsiku,ratsiku,isolated_dwelling,24.5832245,58.5034383
233,Tamme,tamme,isolated_dwelling,24.5780451,58.510616
233,Sookolli,sookolli,isolated_dwelling,24.5245337,58.4980488
233,Lillemaa,lillemaa,isolated_dwelling,24.5204013,58.502912
233,Raja,raja,isolated_dwelling,24.5221065,58.5013381
233,Tamme,tamme,isolated_dwelling,24.5107392,58.5094396
233,Härma,harma,isolated_dwelling,24.5157646,58.5060408
233,Mäeotsa,maeotsa,isolated_dwelling,24.5170784,58.5066524
233,Kase,kase,isolated_dwelling,24.5165564,58.5075956
233,Männi,manni,isolated_dwelling,24.5341687,58.5201881
233,Uuetoa,uuetoa,isolated_dwelling,24.5196453,58.5166824
233,Saare,saare,isolated_dwelling,24.5188585,58.5160212
233,Hansu,hansu,isolated_dwelling,24.51688,58.5165994
233,Kalme,kalme,isolated_dwelling,24.5236262,58.5216449
233,Illu-Toa,illu-toa,isolated_dwelling,24.513276,58.5204051
233,Roltsi,roltsi,isolated_dwelling,24.5140027,58.5194293
233,Ojakese,ojakese,isolated_dwelling,24.5157261,58.5198117
233,Allsaare,allsaare,isolated_dwelling,24.5170859,58.5201056
233,Miku,miku,isolated_dwelling,24.5101094,58.5166635
233,Lepiku,lepiku,isolated_dwelling,24.5217405,58.5137319
233,Johannese,johannese,isolated_dwelling,24.5139985,58.5237522
233,Illu-Hansu,illu-hansu,isolated_dwelling,24.5078385,58.5255862
233,Illu,illu,isolated_dwelling,24.5062579,58.5252047
233,Saariku,saariku,isolated_dwelling,26.5722976,58.4146507
233,Metsatare,metsatare,isolated_dwelling,26.5770735,58.4139219
233,Kuusiku,kuusiku,isolated_dwelling,24.5096189,58.5122095
233,Sepa,sepa,isolated_dwelling,24.508722,58.5136369
233,Sirtsu,sirtsu,isolated_dwelling,24.5504122,58.5237659
233,Sinika,sinika,isolated_dwelling,24.5510349,58.5239691
233,Künka,kunka,isolated_dwelling,24.5466539,58.5234657
233,Osolsi,osolsi,isolated_dwelling,24.5333347,58.5307962
233,Vaariku,vaariku,isolated_dwelling,24.5363169,58.5294225
233,Vaariku,vaariku,isolated_dwelling,24.5389005,58.5288807
233,Aru,aru,isolated_dwelling,24.5450753,58.5262399
233,Kaasiku,kaasiku,isolated_dwelling,24.5363002,58.5376933
233,Saariku,saariku,isolated_dwelling,24.5325856,58.5336417
233,Kuusiku-Leho,kuusiku-leho,isolated_dwelling,24.5417183,58.5335087
233,Männiku,manniku,isolated_dwelling,24.5448145,58.5333653
233,Angoja,angoja,isolated_dwelling,24.5502075,58.5303731
233,Uuetoa,uuetoa,isolated_dwelling,24.5835008,58.514119
233,Lepplaane,lepplaane,isolated_dwelling,24.5726292,58.5142152
233,Kotkapesa,kotkapesa,isolated_dwelling,24.5732651,58.5285981
233,Hiie,hiie,isolated_dwelling,24.5968699,58.529562
233,Teearu,teearu,isolated_dwelling,24.599935,58.525637
233,Matsi,matsi,isolated_dwelling,24.6068487,58.5259439
233,Tõnise,tonise,isolated_dwelling,24.6091073,58.5248277
233,Ääreotsa,aareotsa,isolated_dwelling,24.6113297,58.5261276
233,Peetriõue,peetrioue,isolated_dwelling,24.6027904,58.522027
233,Põdra,podra,isolated_dwelling,24.5930291,58.5118894
233,Arutee,arutee,isolated_dwelling,24.5934831,58.5134353
233,Lõo,loo,isolated_dwelling,24.6098527,58.512583
233,Tiidu,tiidu,isolated_dwelling,24.6117607,58.5135985
233,Tölbi-Sandre,tolbi-sandre,isolated_dwelling,24.6178809,58.505287
233,Ees-Soo,ees-soo,isolated_dwelling,24.6318552,58.5088223
233,Oru,oru,isolated_dwelling,24.6535715,58.515574
233,Palkoja,palkoja,isolated_dwelling,24.6232557,58.5168538
233,Kingu,kingu,isolated_dwelling,24.6502459,58.5108235
233,Soo,soo,isolated_dwelling,24.6398033,58.5086349
233,Soo,soo,isolated_dwelling,24.6251918,58.5060896
233,Pärna,parna,isolated_dwelling,24.6184429,58.5023423
233,Uussaare,uussaare,isolated_dwelling,24.6512931,58.5087021
233,Lillemetsa,lillemetsa,isolated_dwelling,24.6896584,58.5109993
233,Võsu,vosu,isolated_dwelling,24.6725482,58.516944
233,Palvela,palvela,isolated_dwelling,24.6496528,58.5180792
233,Käära,kaara,isolated_dwelling,24.6566918,58.5102151
233,Tammiku,tammiku,isolated_dwelling,24.5399869,58.5388306
233,Pärna,parna,isolated_dwelling,24.5375387,58.5420351
233,Marja,marja,isolated_dwelling,24.5329391,58.5423232
233,Põikoja,poikoja,isolated_dwelling,24.5333279,58.5463915
233,Ivo,ivo,isolated_dwelling,24.5319697,58.5515935
233,Mardi,mardi,isolated_dwelling,24.5483788,58.5372686
233,Kooli,kooli,isolated_dwelling,24.5572629,58.529394
233,Aasa,aasa,isolated_dwelling,24.562327,58.5323729
233,Oti,oti,isolated_dwelling,24.5582178,58.5343455
233,Madise-Õue,madise-oue,isolated_dwelling,24.5564463,58.5307535
233,Ado-Antsu,ado-antsu,isolated_dwelling,24.5586702,58.5380011
233,Eavere-Tõnise,eavere-tonise,isolated_dwelling,24.5579899,58.541254
233,Lembitu,lembitu,isolated_dwelling,24.5581891,58.5403607
233,Eestõnise,eestonise,isolated_dwelling,24.5580591,58.539283
233,Seljamaa,seljamaa,isolated_dwelling,24.5605713,58.5583645
233,Matsima,matsima,isolated_dwelling,24.5636347,58.563313
233,Sepa-Sauna,sepa-sauna,isolated_dwelling,24.5691526,58.5540344
233,Metsavahi,metsavahi,isolated_dwelling,24.5719239,58.554516
233,Rehetare,rehetare,isolated_dwelling,24.5724573,58.5525938
233,Otimaa,otimaa,isolated_dwelling,24.5735784,58.5490751
233,Toa,toa,isolated_dwelling,24.5582088,58.5491196
233,Pihhuse,pihhuse,isolated_dwelling,24.5745047,58.5362011
233,Nurme,nurme,isolated_dwelling,24.5781877,58.5361869
233,Niidu,niidu,isolated_dwelling,24.5792408,58.5377541
233,Rae,rae,isolated_dwelling,24.5784461,58.5397038
233,Kännu,kannu,isolated_dwelling,24.5805785,58.5436584
233,Laane,laane,isolated_dwelling,24.5793383,58.5411832
233,Sõsteri,sosteri,isolated_dwelling,24.5760345,58.5582415
233,Posti,posti,isolated_dwelling,24.5743445,58.559465
233,Palu,palu,isolated_dwelling,24.5738299,58.5614856
233,Jaagu,jaagu,isolated_dwelling,24.5755191,58.5621694
233,Indreku,indreku,isolated_dwelling,24.5782099,58.5627238
233,Augmani,augmani,isolated_dwelling,24.5672984,58.5668402
233,Aadu-Oti,aadu-oti,isolated_dwelling,24.584287,58.5634907
233,Antsu,antsu,isolated_dwelling,24.5819072,58.5631277
233,Alt,alt,isolated_dwelling,24.5822451,58.5625541
233,Arne,arne,isolated_dwelling,24.6085354,58.5322766
233,Reinu,reinu,isolated_dwelling,24.6196993,58.5263849
233,Silvia,silvia,isolated_dwelling,24.6169057,58.5256981
233,Jänese,janese,isolated_dwelling,24.6140739,58.5332892
233,Kubja,kubja,isolated_dwelling,24.6215527,58.5293672
233,Akupera,akupera,isolated_dwelling,24.6235946,58.5634418
233,Niinemurru,niinemurru,isolated_dwelling,24.6287201,58.5531848
233,Kuusemetsa,kuusemetsa,isolated_dwelling,24.6284274,58.5534584
233,Peedi,peedi,isolated_dwelling,24.6139046,58.5426991
233,Saki,saki,isolated_dwelling,24.6147286,58.538285
233,Kännu,kannu,isolated_dwelling,24.6273613,58.5234754
233,Kubja-Jõe,kubja-joe,isolated_dwelling,24.6253821,58.5287357
233,Aarde,aarde,isolated_dwelling,24.6318288,58.531168
233,Erika,erika,isolated_dwelling,24.641395,58.5321056
233,Kadaka,kadaka,isolated_dwelling,24.6384207,58.5335258
233,Triinu,triinu,isolated_dwelling,24.4165701,58.4035382
233,Liivaku,liivaku,isolated_dwelling,24.4175292,58.403592
233,Joone,joone,isolated_dwelling,24.4163874,58.4022815
233,Kastani,kastani,isolated_dwelling,24.4159768,58.4019321
233,Leemeti,leemeti,isolated_dwelling,24.4171802,58.4021899
233,Tilga,tilga,isolated_dwelling,24.4169931,58.4017639
233,Loorentsi,loorentsi,isolated_dwelling,24.6335147,58.5214297
233,Saue,saue,isolated_dwelling,24.6467538,58.521456
233,Kase,kase,isolated_dwelling,24.6483129,58.5231988
233,Põllusaare,pollusaare,isolated_dwelling,24.6519704,58.5229891
233,Õnne,onne,isolated_dwelling,24.6747427,58.5191848
233,Raki,raki,isolated_dwelling,24.6731876,58.5187385
233,Lohu,lohu,isolated_dwelling,24.6660797,58.5175302
233,Jaani,jaani,isolated_dwelling,24.6639035,58.5158961
233,Saare,saare,isolated_dwelling,24.6623023,58.5153413
233,Hirvemurru,hirvemurru,isolated_dwelling,24.6608126,58.5145584
233,Reiali,reiali,isolated_dwelling,24.6613824,58.5149486
233,Kuivati,kuivati,isolated_dwelling,24.6597463,58.5162924
233,Karu,karu,isolated_dwelling,24.6712249,58.528239
233,Tõnise,tonise,isolated_dwelling,24.6778706,58.5168586
233,Kukema,kukema,isolated_dwelling,24.679074,58.5170964
233,Vähi,vahi,isolated_dwelling,24.6854893,58.5197078
233,Luhassaare,luhassaare,isolated_dwelling,24.683806,58.516413
233,Pedaniku,pedaniku,isolated_dwelling,24.6890015,58.5082797
233,Heleni,heleni,isolated_dwelling,24.6990655,58.5075485
233,Mätta,matta,isolated_dwelling,24.7167318,58.5012721
233,Kadaka,kadaka,isolated_dwelling,24.6870651,58.4992627
233,Parkmetsa,parkmetsa,isolated_dwelling,24.6935956,58.5015447
233,Kristina,kristina,isolated_dwelling,24.6960793,58.5014886
233,Kausilaane,kausilaane,isolated_dwelling,24.6864188,58.5037214
233,Mangaru,mangaru,isolated_dwelling,24.7067388,58.5106151
233,Põllu,pollu,isolated_dwelling,24.6759132,58.4969213
233,Lellepi,lellepi,isolated_dwelling,24.664574,58.5386628
233,Lellepi,lellepi,isolated_dwelling,24.670847,58.539544
233,Siimu,siimu,isolated_dwelling,24.653442,58.5336725
233,Aasa-Aare,aasa-aare,isolated_dwelling,24.6310126,58.52959
233,Jõe,joe,isolated_dwelling,24.6334194,58.5298957
233,Aasa,aasa,isolated_dwelling,24.6320941,58.5292038
233,Kogeri,kogeri,isolated_dwelling,24.6613986,58.5337942
233,Sepala,sepala,isolated_dwelling,24.647222,58.5336291
233,Tuka,tuka,isolated_dwelling,24.2374137,58.3873618
233,Mäetaguse,maetaguse,isolated_dwelling,24.2407102,58.3865629
233,Juhani,juhani,isolated_dwelling,24.2448667,58.3860065
233,Palu,palu,isolated_dwelling,24.2563052,58.3952363
233,Palu,palu,isolated_dwelling,24.2493804,58.4111926
233,Tilsu-Aadu,tilsu-aadu,isolated_dwelling,24.2498829,58.4093744
233,Männiku,manniku,isolated_dwelling,24.2475152,58.4095139
233,Vahtra-Oja,vahtra-oja,isolated_dwelling,24.2461472,58.4075094
233,Eigo-Vahtra,eigo-vahtra,isolated_dwelling,24.2457612,58.4049859
233,Taara,taara,isolated_dwelling,24.2543472,58.3987395
233,Küüra,kuura,isolated_dwelling,24.2534293,58.3926283
233,Mauri,mauri,isolated_dwelling,24.2488113,58.3999091
233,Alliku,alliku,isolated_dwelling,24.2511368,58.3994575
233,Oti-Jüri,oti-juri,isolated_dwelling,24.2436328,58.3899741
233,Meieri,meieri,isolated_dwelling,24.247323,58.3956607
233,Liiva,liiva,isolated_dwelling,24.2476808,58.3950492
233,Lehtsaare,lehtsaare,isolated_dwelling,24.2500284,58.3946838
233,Tormi,tormi,isolated_dwelling,24.2501522,58.3974616
233,Sepa-Mardi,sepa-mardi,isolated_dwelling,24.2442811,58.4001747
233,Haide,haide,isolated_dwelling,24.2444585,58.3988925
233,Poe,poe,isolated_dwelling,24.2442411,58.3959716
233,Tiido-Alt,tiido-alt,isolated_dwelling,24.2373394,58.3923827
233,Luite,luite,isolated_dwelling,24.2421782,58.3947898
233,Eedeni,eedeni,isolated_dwelling,24.2425799,58.3941535
233,Taavi,taavi,isolated_dwelling,24.2424219,58.3955064
233,Uustuka,uustuka,isolated_dwelling,24.2416824,58.3956744
233,Jaagu,jaagu,isolated_dwelling,24.2408012,58.3957616
233,Kure,kure,isolated_dwelling,24.7092521,58.4972686
233,Raiesmiku,raiesmiku,isolated_dwelling,24.6900626,58.5315886
233,Villema,villema,isolated_dwelling,24.6937172,58.5316312
233,Põlde,polde,isolated_dwelling,24.6904565,58.5266481
233,Rehe,rehe,isolated_dwelling,24.6930641,58.5247793
233,Jõekalda,joekalda,isolated_dwelling,24.6961584,58.5237166
233,Kandi,kandi,isolated_dwelling,24.7096848,58.5197331
233,Lossmanni,lossmanni,isolated_dwelling,24.6975569,58.5247489
233,Jõeoja,joeoja,isolated_dwelling,24.6978626,58.5250598
233,Jõekivi,joekivi,isolated_dwelling,24.6985385,58.5250066
233,Aiamaa,aiamaa,isolated_dwelling,24.7010062,58.5255528
233,Ülesilla,ulesilla,isolated_dwelling,24.7014201,58.5253804
233,Aru,aru,isolated_dwelling,24.7301923,58.515829
233,Sillaotsa,sillaotsa,isolated_dwelling,24.7231716,58.5175958
233,Rehe,rehe,isolated_dwelling,24.6942559,58.526351
233,Põua,poua,isolated_dwelling,24.7019652,58.5224326
233,Nurme,nurme,isolated_dwelling,24.7042498,58.5248359
233,Timmermanni,timmermanni,isolated_dwelling,24.7312281,58.5116962
233,Nurme,nurme,isolated_dwelling,24.7492211,58.504247
233,Alevi,alevi,isolated_dwelling,24.7485462,58.5053089
233,Uus-Soone,uus-soone,isolated_dwelling,24.7480502,58.5062222
233,Kiviniidu,kiviniidu,isolated_dwelling,24.6925966,58.3004551
233,Selja,selja,isolated_dwelling,24.6909677,58.2940912
233,Hundi,hundi,isolated_dwelling,24.6878255,58.2875919
233,Kullerkupu,kullerkupu,isolated_dwelling,24.6885444,58.2731658
233,Suur-Lausimetsa,suur-lausimetsa,isolated_dwelling,24.6882735,58.2753956
233,Liivaku,liivaku,isolated_dwelling,24.6955536,58.2681558
233,Räämaselja,raamaselja,isolated_dwelling,24.6883314,58.278868
233,Liblika,liblika,isolated_dwelling,24.7076057,58.532723
233,Puhkama,puhkama,isolated_dwelling,24.7277736,58.5352428
233,Allika,allika,isolated_dwelling,24.7251429,58.5299017
233,Enniku,enniku,isolated_dwelling,24.7198992,58.531615
233,Pähkli,pahkli,isolated_dwelling,24.7221643,58.5318109
233,Passima,passima,isolated_dwelling,24.7794643,58.540785
233,Tõnumaa,tonumaa,isolated_dwelling,24.7432866,58.5383686
233,Lehmniidu,lehmniidu,isolated_dwelling,24.7418245,58.5466079
233,Kõreoja,koreoja,isolated_dwelling,24.7482776,58.5364567
233,Martinsoni,martinsoni,isolated_dwelling,24.7165551,58.5334617
233,Kangru,kangru,isolated_dwelling,24.7151067,58.5321143
233,Reinfeldi,reinfeldi,isolated_dwelling,24.7110877,58.5324691
233,Jaani,jaani,isolated_dwelling,24.7108926,58.5319704
233,Kaseoja,kaseoja,isolated_dwelling,24.7098722,58.5313804
233,Rätsiku,ratsiku,isolated_dwelling,24.6940469,58.5364762
233,Laagrearu,laagrearu,isolated_dwelling,24.6972338,58.5362602
233,Undi,undi,isolated_dwelling,24.7233206,58.534698
233,Läti,lati,isolated_dwelling,24.7172558,58.5233807
233,Raidla,raidla,isolated_dwelling,24.7186554,58.523181
233,Lülle,lulle,isolated_dwelling,24.7207056,58.5230079
233,Mahlemaa,mahlemaa,isolated_dwelling,24.7331472,58.5217009
233,Lohu,lohu,isolated_dwelling,24.7428723,58.5196256
233,Uulimaa,uulimaa,isolated_dwelling,24.7184427,58.5382265
233,Aru,aru,isolated_dwelling,24.7294117,58.5373398
233,Lepakose,lepakose,isolated_dwelling,24.7261411,58.5358716
233,Kopli,kopli,isolated_dwelling,24.7380992,58.5366961
233,Kase,kase,isolated_dwelling,24.7405189,58.5411358
233,Uru,uru,isolated_dwelling,24.7384548,58.5394834
233,Tehvri,tehvri,isolated_dwelling,24.7359143,58.5388887
233,Pihlaka,pihlaka,isolated_dwelling,24.7341491,58.5384109
233,Pärnjõe,parnjoe,isolated_dwelling,24.7332524,58.5377772
233,Ristoli,ristoli,isolated_dwelling,24.7619067,58.5378272
233,Raini,raini,isolated_dwelling,24.7650146,58.5381766
233,Langi,langi,isolated_dwelling,24.760773,58.5401137
233,Lehtniidu,lehtniidu,isolated_dwelling,24.7446811,58.5511711
233,Kaasiku,kaasiku,isolated_dwelling,24.7441707,58.5489666
233,Murru,murru,isolated_dwelling,24.7729334,58.5438173
233,Murro,murro,isolated_dwelling,24.776644,58.5440833
233,Kure,kure,isolated_dwelling,24.7780201,58.5501765
233,Voore,voore,isolated_dwelling,24.7690077,58.550159
233,Saueaugu,saueaugu,isolated_dwelling,24.7647366,58.5445585
233,Oidu,oidu,isolated_dwelling,24.7629518,58.5440621
233,Kooli,kooli,isolated_dwelling,24.7646496,58.5424778
233,Sepa,sepa,isolated_dwelling,24.7800732,58.5441788
233,Uuetoa,uuetoa,isolated_dwelling,24.8016066,58.558065
233,Kuuse,kuuse,isolated_dwelling,24.7972312,58.5559638
233,Väikeküla,vaikekula,locality,24.0014538,59.340558
233,Suurküla,suurkula,locality,23.969633,59.3317712
233,Lepiku küla,lepiku kula,locality,23.9280204,59.3215704
233,Rannaküla,rannakula,locality,23.9139338,59.3142142
233,Suurküla,suurkula,locality,23.933921,59.3149033
233,Kännu,kannu,isolated_dwelling,24.7364696,58.5453955
233,Valtre,valtre,isolated_dwelling,24.7301612,58.5474319
233,Saareniidu,saareniidu,isolated_dwelling,24.7524823,58.5572456
233,Laastu-Maidu,laastu-maidu,isolated_dwelling,24.7529422,58.5618229
233,Marjassaare-Jüri,marjassaare-juri,isolated_dwelling,24.725337,58.5579142
233,Marjassaare,marjassaare,isolated_dwelling,24.7230112,58.5543146
233,Marjassaare-Mihkli,marjassaare-mihkli,isolated_dwelling,24.7211893,58.5590373
233,Teldre,teldre,isolated_dwelling,24.6965862,58.5464293
233,Suurikujõe,suurikujoe,isolated_dwelling,24.6872932,58.5444757
233,Uussaare,uussaare,isolated_dwelling,24.6857396,58.5426129
233,Linnu,linnu,isolated_dwelling,24.6710641,58.5549224
233,Ristivälja-Kõrisoo,ristivalja-korisoo,isolated_dwelling,24.6799597,58.5520642
233,Rähni,rahni,isolated_dwelling,24.6787393,58.5545068
233,Aru,aru,isolated_dwelling,24.6650144,58.5758404
233,Tanni-Mihkli,tanni-mihkli,isolated_dwelling,24.6697842,58.5814546
233,Tõnsu,tonsu,isolated_dwelling,24.6728713,58.5825333
233,Jõerandi,joerandi,isolated_dwelling,24.6659682,58.5860838
233,Uida,uida,isolated_dwelling,24.659229,58.5827405
233,Tominga,tominga,isolated_dwelling,24.6512183,58.5870089
233,Sepa,sepa,isolated_dwelling,24.6588159,58.5925765
233,Peedi,peedi,isolated_dwelling,24.6566427,58.5839261
233,Aadulauda,aadulauda,isolated_dwelling,24.6592943,58.5808817
233,Hansu,hansu,isolated_dwelling,24.6639227,58.5908402
233,Pärna,parna,isolated_dwelling,24.6629235,58.5907437
233,Uueturu,uueturu,neighbourhood,26.7320175,58.3769488
233,Riiamäe,riiamae,neighbourhood,26.721913,58.3743909
233,Toometaguse,toometaguse,neighbourhood,26.7116515,58.3783888
233,Vanalinn,vanalinn,neighbourhood,26.7206125,58.381714
233,Kuuse,kuuse,isolated_dwelling,25.6115479,58.9210226
233,Matsivälja,matsivalja,isolated_dwelling,25.611678,58.9226861
233,Tungla,tungla,isolated_dwelling,25.6107575,58.9238135
233,Kaera,kaera,isolated_dwelling,25.6095827,58.9273541
233,Aaviku,aaviku,isolated_dwelling,25.6089444,58.926411
233,Murja,murja,isolated_dwelling,25.6068863,58.9295394
233,Neljaristi,neljaristi,isolated_dwelling,25.6140466,58.9200733
233,Laavi,laavi,isolated_dwelling,26.5935775,58.2071434
233,Rentniku,rentniku,isolated_dwelling,24.2325023,58.4025974
233,Sarri-Jaani,sarri-jaani,isolated_dwelling,24.2329816,58.3989546
233,Saari,saari,isolated_dwelling,24.2304629,58.3967967
233,Lõhemäe,lohemae,isolated_dwelling,24.2320414,58.3970741
233,Aima,aima,isolated_dwelling,24.2360397,58.4041502
233,Kalda,kalda,isolated_dwelling,24.2391904,58.4051302
233,Koida,koida,isolated_dwelling,24.2419983,58.4036064
233,Udru,udru,isolated_dwelling,24.242121,58.4027311
233,Maida,maida,isolated_dwelling,24.2425683,58.4019659
233,Kultuuriaugu,kultuuriaugu,isolated_dwelling,24.242783,58.401267
233,Ansu,ansu,isolated_dwelling,24.2415909,58.4005139
233,Sepa,sepa,isolated_dwelling,24.2434154,58.3997306
233,Toominga,toominga,isolated_dwelling,24.242654,58.396335
233,Jaanuse,jaanuse,isolated_dwelling,25.6206914,58.9204001
233,Suure-Tamme,suure-tamme,isolated_dwelling,25.6189784,58.9213606
233,Sinimäed,sinimaed,locality,27.855616,59.3749381
233,Jõekalda,joekalda,isolated_dwelling,24.6901071,58.2593663
233,Meibaumi,meibaumi,isolated_dwelling,24.6905082,58.2589942
233,Lepasaare,lepasaare,isolated_dwelling,24.7028489,58.2599419
233,Kollikse,kollikse,isolated_dwelling,24.6998753,58.2564617
233,Mihkli,mihkli,isolated_dwelling,24.6951492,58.2597766
233,Talviku,talviku,isolated_dwelling,24.692866,58.2581338
233,Tammepõllu,tammepollu,isolated_dwelling,24.6993018,58.2577101
233,Kasesalu,kasesalu,isolated_dwelling,24.6956511,58.2502549
233,Virkuse,virkuse,isolated_dwelling,24.6922881,58.2570234
233,Männasaare,mannasaare,isolated_dwelling,24.7059565,58.2548684
233,Ilvese,ilvese,isolated_dwelling,24.6929556,58.2536425
233,Kastani,kastani,isolated_dwelling,24.7017921,58.2513481
233,Madise,madise,isolated_dwelling,24.7112709,58.250345
233,Raidi,raidi,isolated_dwelling,24.6343441,58.2602559
233,Kotkapesa,kotkapesa,isolated_dwelling,24.5941577,58.2408532
233,Mäe,mae,isolated_dwelling,24.6935544,58.247615
233,Allika,allika,isolated_dwelling,24.6975404,58.2447798
233,Tilgaoja,tilgaoja,isolated_dwelling,24.7039682,58.2414611
233,Põlluaasa,polluaasa,isolated_dwelling,24.6992203,58.243042
233,Jõe,joe,isolated_dwelling,24.6825601,58.2287481
233,Kabrandi,kabrandi,isolated_dwelling,24.6941394,58.2402712
233,Kakumäe,kakumae,isolated_dwelling,24.689527,58.2381302
233,Argomäe,argomae,isolated_dwelling,24.6900129,58.2361127
233,Levi,levi,isolated_dwelling,24.6902454,58.2368526
233,Tõllasepa,tollasepa,isolated_dwelling,24.6912324,58.2369655
233,Kasenurga,kasenurga,isolated_dwelling,24.6973287,58.2363184
233,Vesila,vesila,isolated_dwelling,24.6984747,58.2361818
233,Kolla,kolla,isolated_dwelling,24.6973374,58.2369066
233,Uue-Teeotsa,uue-teeotsa,isolated_dwelling,24.6983853,58.2357356
233,Käära,kaara,isolated_dwelling,24.7036668,58.2376817
233,Kääre,kaare,isolated_dwelling,24.691374,58.2339961
233,Jõe,joe,isolated_dwelling,24.7145643,58.2462296
233,Õitse,oitse,isolated_dwelling,24.7276106,58.2446661
233,Kasemetsa,kasemetsa,isolated_dwelling,24.7213381,58.2455292
233,Kivioja,kivioja,isolated_dwelling,24.7291634,58.2478493
233,Kentuki,kentuki,isolated_dwelling,24.7337265,58.2469107
233,Kasemetsa,kasemetsa,isolated_dwelling,24.7381088,58.2465648
233,Õnnemaa,onnemaa,isolated_dwelling,24.730058,58.2433023
233,Maasikjõe,maasikjoe,isolated_dwelling,24.7485599,58.2408642
233,Tammeõue,tammeoue,isolated_dwelling,24.7380335,58.2438842
233,Kikijõe,kikijoe,isolated_dwelling,24.7513227,58.2486676
233,Kolmenurga,kolmenurga,isolated_dwelling,24.7568752,58.2485869
233,Metsa-Kabrani,metsa-kabrani,isolated_dwelling,24.7230655,58.2470006
233,Pärnoja,parnoja,isolated_dwelling,24.747543,58.2508746
233,Karpa,karpa,isolated_dwelling,24.7464619,58.2513276
233,Jaani,jaani,isolated_dwelling,24.7452273,58.2517174
233,Saare,saare,isolated_dwelling,24.6947956,58.2353774
233,Metsaserva,metsaserva,isolated_dwelling,24.6978059,58.2275884
233,Saviaugu,saviaugu,isolated_dwelling,24.6868713,58.2322066
233,Väljamäe,valjamae,isolated_dwelling,24.6957577,58.2329645
233,Keskküla,keskkula,isolated_dwelling,24.69464,58.2314388
233,Strokini,strokini,isolated_dwelling,24.6938864,58.2319687
233,Kuusetuka,kuusetuka,isolated_dwelling,24.7000633,58.2278587
233,Tuka,tuka,isolated_dwelling,24.6950462,58.2301963
233,Vabritse,vabritse,isolated_dwelling,24.6953872,58.2255884
233,Heldema,heldema,isolated_dwelling,24.6908188,58.2230682
233,Kandimäe,kandimae,isolated_dwelling,24.6895595,58.2263282
233,Tammepõllu,tammepollu,isolated_dwelling,24.6936271,58.2340697
233,Varjupaiga,varjupaiga,isolated_dwelling,24.6989155,58.232073
233,Hõbekuuse,hobekuuse,isolated_dwelling,24.699545,58.2316098
233,Linnulaulu,linnulaulu,isolated_dwelling,24.7003103,58.2307172
233,Kirsimetsa,kirsimetsa,isolated_dwelling,24.7027062,58.2284224
233,Aru,aru,isolated_dwelling,24.6881955,58.22168
233,Järveotsa,jarveotsa,isolated_dwelling,24.7156675,58.2325955
233,Ehaste,ehaste,isolated_dwelling,24.7227313,58.2299446
233,Õismaa,oismaa,isolated_dwelling,24.7192521,58.2311326
233,Uue-Kännustiku,uue-kannustiku,isolated_dwelling,24.7332507,58.2241776
233,Holmi,holmi,isolated_dwelling,24.7381374,58.2205615
233,Võidu,voidu,isolated_dwelling,24.7417584,58.2352098
233,Kaseõue,kaseoue,isolated_dwelling,24.7394496,58.2337786
233,Riogrande,riogrande,isolated_dwelling,24.7328666,58.2311321
233,Luha,luha,isolated_dwelling,24.7269527,58.2315152
233,Monia,monia,isolated_dwelling,24.7359596,58.2276999
233,Orasmäe,orasmae,isolated_dwelling,24.7350441,58.227939
233,Järsi,jarsi,isolated_dwelling,24.731504,58.2286914
233,Peedi-Jaani,peedi-jaani,isolated_dwelling,24.7111985,58.2269189
233,Kuldna,kuldna,isolated_dwelling,24.7135077,58.2253262
233,Pelsi,pelsi,isolated_dwelling,24.7124127,58.2261197
233,Kohvi,kohvi,isolated_dwelling,24.7056543,58.2304262
233,Niidumäe,niidumae,isolated_dwelling,24.7443351,58.2294857
233,Rabi,rabi,isolated_dwelling,24.6534571,58.3593796
233,Nurmeotsa,nurmeotsa,isolated_dwelling,24.7459272,58.2250692
233,Vana-Surjupera,vana-surjupera,isolated_dwelling,24.7430673,58.2218843
233,Lalli,lalli,isolated_dwelling,24.7397313,58.2269504
233,Metsaveere,metsaveere,isolated_dwelling,24.7557231,58.2173447
233,Järvekalda,jarvekalda,isolated_dwelling,24.7535996,58.2188407
233,Kiveste,kiveste,isolated_dwelling,24.7486735,58.2193237
233,Lilleoru,lilleoru,isolated_dwelling,24.7327319,58.2171558
233,Trumbi,trumbi,isolated_dwelling,24.7190402,58.2173571
233,Peedu,peedu,isolated_dwelling,24.7165059,58.2181478
233,Uuepeedu,uuepeedu,isolated_dwelling,24.7276426,58.2133659
233,Jõekalda,joekalda,isolated_dwelling,24.7117392,58.2189276
233,Juhkama,juhkama,isolated_dwelling,24.7136983,58.2174569
233,Vana-Kirsimetsa,vana-kirsimetsa,isolated_dwelling,24.7064725,58.2255148
233,Käära,kaara,isolated_dwelling,24.7164479,58.2122735
233,Kuke,kuke,isolated_dwelling,24.7185864,58.2094646
233,Õnnepeedu,onnepeedu,isolated_dwelling,24.724193,58.209277
233,Olevi,olevi,isolated_dwelling,24.722858,58.2032159
233,Ulli-Jaani,ulli-jaani,isolated_dwelling,24.7322286,58.200713
233,Kiviniidu,kiviniidu,isolated_dwelling,24.6769688,58.2212037
233,Ura,ura,isolated_dwelling,24.6834138,58.2204218
233,Polli,polli,isolated_dwelling,24.6807409,58.2155743
233,Varsakabja,varsakabja,isolated_dwelling,24.6837992,58.2184284
233,Liigumäe,liigumae,isolated_dwelling,26.6980396,58.5107535
233,Kaasiku,kaasiku,isolated_dwelling,26.7056531,58.5042459
233,Hundimäe,hundimae,isolated_dwelling,26.7141193,58.50057
233,Kelgumäe,kelgumae,isolated_dwelling,26.6986005,58.503162
233,Suurmetsa,suurmetsa,isolated_dwelling,26.5772174,58.4159082
233,Künnapuu,kunnapuu,isolated_dwelling,26.5761016,58.4156348
233,Viira,viira,isolated_dwelling,24.7261707,58.2056077
233,Vahemetsa,vahemetsa,isolated_dwelling,24.7676637,58.203754
233,Hobusaare,hobusaare,isolated_dwelling,24.7478273,58.2048673
233,Lutsu,lutsu,isolated_dwelling,24.7443747,58.2024841
233,Matsita,matsita,isolated_dwelling,24.7329061,58.2039505
233,Kääru,kaaru,isolated_dwelling,24.7361502,58.2048063
233,Väljametsa,valjametsa,isolated_dwelling,24.7318207,58.1949568
233,Saaresoo,saaresoo,isolated_dwelling,24.7466822,58.1920456
233,Ristiküla,ristikula,isolated_dwelling,24.7517916,58.1840558
233,Pärnaõie,parnaoie,isolated_dwelling,24.7459115,58.1940616
233,Kulli,kulli,isolated_dwelling,24.7444732,58.1935858
233,Aasa,aasa,isolated_dwelling,25.6926744,58.8806116
233,Liblikamäe,liblikamae,isolated_dwelling,25.7044301,58.8799969
233,Santeri,santeri,isolated_dwelling,25.7090265,58.8805251
233,Härma,harma,isolated_dwelling,25.7072549,58.9034958
233,Sandre,sandre,isolated_dwelling,25.708486,58.9006036
233,Ojala,ojala,isolated_dwelling,25.7096441,58.8977987
233,Lõugu,lougu,isolated_dwelling,25.7090004,58.8985691
233,Soone,soone,isolated_dwelling,25.7015854,58.8817736
233,Iva,iva,isolated_dwelling,25.6983833,58.8827929
233,Puki,puki,isolated_dwelling,25.6992144,58.8837818
233,Tiiu,tiiu,isolated_dwelling,25.7059312,58.8840991
233,Oja,oja,isolated_dwelling,25.7028977,58.8744939
233,Veski,veski,isolated_dwelling,25.7116384,58.8831563
233,Lõo,loo,isolated_dwelling,25.7156369,58.9091085
233,Veski,veski,isolated_dwelling,25.71667,58.9094395
233,Päärumäe,paarumae,isolated_dwelling,25.7231842,58.9088646
233,Kase,kase,isolated_dwelling,25.7272062,58.8943903
233,Nõlvaku,nolvaku,isolated_dwelling,25.7231068,58.8934812
233,Mamre,mamre,isolated_dwelling,25.7140531,58.893902
233,Keldrimäe,keldrimae,isolated_dwelling,25.7173101,58.8852924
233,Nurga,nurga,isolated_dwelling,25.7296089,58.9084517
233,Järve,jarve,isolated_dwelling,25.7558507,58.9096187
233,Nirgi,nirgi,isolated_dwelling,25.7523059,58.9038975
233,Muti,muti,isolated_dwelling,25.7497332,58.9040787
233,Kooli,kooli,isolated_dwelling,25.7492391,58.9053762
233,Ivaski,ivaski,isolated_dwelling,25.745212,58.906083
233,Sepa,sepa,isolated_dwelling,25.7452191,58.9047633
233,Harjo,harjo,isolated_dwelling,25.7430116,58.904866
233,Värava,varava,isolated_dwelling,25.7417765,58.9043417
233,Katku,katku,isolated_dwelling,25.7642095,58.8959415
233,Tarkna,tarkna,isolated_dwelling,25.7537158,58.8960956
233,Tõrukese,torukese,isolated_dwelling,25.7495727,58.8906352
233,Hele,hele,isolated_dwelling,25.732424,58.8966213
233,Ankru,ankru,isolated_dwelling,25.7344662,58.8966257
233,Helginõmme,helginomme,isolated_dwelling,25.743649,58.8858246
233,Nurgaääre,nurgaaare,isolated_dwelling,25.7459248,58.8799226
233,Kalda,kalda,isolated_dwelling,25.741412,58.8802321
233,Pihlaka,pihlaka,isolated_dwelling,25.743432,58.8825227
233,Virmaste,virmaste,isolated_dwelling,25.7391933,58.8841472
233,Mäeotsa,maeotsa,isolated_dwelling,25.7351836,58.8917041
233,Raja,raja,isolated_dwelling,25.735345,58.8911936
233,Tuleviku,tuleviku,isolated_dwelling,25.7425213,58.878073
233,Sõstra,sostra,isolated_dwelling,25.7218556,58.8783168
233,Allika,allika,isolated_dwelling,25.7400223,58.891376
233,Vahemetsa,vahemetsa,isolated_dwelling,25.7348789,58.8835399
233,Kutsari,kutsari,isolated_dwelling,25.7388178,58.8918593
233,Torni,torni,isolated_dwelling,25.7389155,58.8913275
233,Kiige,kiige,isolated_dwelling,25.7385337,58.8934598
233,Kiviaugu,kiviaugu,isolated_dwelling,25.7402003,58.8939576
233,Kirsiaia,kirsiaia,isolated_dwelling,25.7411975,58.8972104
233,Vainu,vainu,isolated_dwelling,25.7424522,58.8968224
233,Palu,palu,isolated_dwelling,25.7474642,58.8966247
233,Söödi,soodi,isolated_dwelling,25.7480332,58.893829
233,Laigu,laigu,isolated_dwelling,25.749831,58.8976627
233,Ellanurme,ellanurme,isolated_dwelling,25.7483459,58.8980957
233,Mõistla,moistla,isolated_dwelling,25.7514973,58.8987922
233,Mulla,mulla,isolated_dwelling,25.7407459,58.898281
233,Koila,koila,isolated_dwelling,25.7414785,58.8987435
233,Nurme,nurme,isolated_dwelling,25.7421072,58.9004107
233,Nurmeotsa,nurmeotsa,isolated_dwelling,25.7428097,58.9002993
233,Mesiniku,mesiniku,isolated_dwelling,25.7421677,58.9025523
233,Saiamäe,saiamae,isolated_dwelling,25.7419716,58.9028972
233,Uustalu,uustalu,isolated_dwelling,25.7417941,58.9032735
233,Miku,miku,isolated_dwelling,25.7439376,58.9031263
233,Kopli,kopli,isolated_dwelling,25.7441525,58.9023593
233,Siimo,siimo,isolated_dwelling,25.7464034,58.9048026
233,Lepiku,lepiku,isolated_dwelling,25.7294654,58.8838921
233,Teeotsa,teeotsa,isolated_dwelling,25.7275074,58.8827472
233,Aru,aru,isolated_dwelling,25.7423922,58.8759456
233,Pajuvälja,pajuvalja,isolated_dwelling,25.7163769,58.8573313
233,Klemeti,klemeti,isolated_dwelling,25.7166774,58.8585469
233,Jalaka,jalaka,isolated_dwelling,25.7157761,58.8589833
233,Tarna,tarna,isolated_dwelling,25.7140861,58.8597699
233,Kastani,kastani,isolated_dwelling,24.7557461,58.1926038
233,Pärna,parna,isolated_dwelling,24.7511372,58.1999709
233,Uue-Peedi,uue-peedi,isolated_dwelling,24.7541301,58.1984592
233,Vana-Kurmi,vana-kurmi,isolated_dwelling,24.7682834,58.1909788
233,Kaldamardi,kaldamardi,isolated_dwelling,24.7717408,58.194467
233,Ühislauda,uhislauda,isolated_dwelling,24.7667488,58.1949732
233,Kaldamänni,kaldamanni,isolated_dwelling,24.7758695,58.1938968
233,Sipsu,sipsu,isolated_dwelling,24.7603243,58.1929792
233,Variku,variku,isolated_dwelling,24.7806723,58.1953755
233,Kiviselja,kiviselja,isolated_dwelling,24.7629577,58.1911165
233,Sillamaa,sillamaa,isolated_dwelling,24.7648741,58.1903665
233,Võluväe,voluvae,isolated_dwelling,24.7797835,58.1929119
233,Uue-Kalda,uue-kalda,isolated_dwelling,24.783406,58.1925935
233,Kurmikalda,kurmikalda,isolated_dwelling,24.7710934,58.1918851
233,Kurmijõe,kurmijoe,isolated_dwelling,24.7740135,58.1914508
233,Jõepealse,joepealse,isolated_dwelling,24.7765869,58.1901473
233,Jaani,jaani,isolated_dwelling,24.778766,58.1891558
233,Kõrtsi,kortsi,isolated_dwelling,25.7124829,58.8609907
233,Käänu,kaanu,isolated_dwelling,25.7111948,58.8608744
233,Siimu,siimu,isolated_dwelling,25.7085919,58.8617689
233,Jaagu-Matsi,jaagu-matsi,isolated_dwelling,25.7089339,58.8612655
233,Terase,terase,isolated_dwelling,25.7103142,58.8612288
233,Vene-Jaani,vene-jaani,isolated_dwelling,25.7113311,58.862931
233,Kitse,kitse,isolated_dwelling,25.7109663,58.8637493
233,Braueri,braueri,isolated_dwelling,25.7122167,58.8649108
233,Kuuse,kuuse,isolated_dwelling,25.7117035,58.8654158
233,Sakseltõnu,sakseltonu,isolated_dwelling,25.7103846,58.8660458
233,Otsa,otsa,isolated_dwelling,25.7113182,58.8664791
233,Urviku,urviku,isolated_dwelling,25.7130133,58.867778
233,Metsa,metsa,isolated_dwelling,25.7128814,58.8680412
233,Pakre,pakre,isolated_dwelling,25.7149556,58.8682114
233,Kelluka,kelluka,isolated_dwelling,25.7133355,58.8688715
233,Kivimurru,kivimurru,isolated_dwelling,25.7144889,58.8689159
233,Hindreko-Jaani,hindreko-jaani,isolated_dwelling,25.7101679,58.8697269
233,Linnumaa,linnumaa,isolated_dwelling,25.7104206,58.8691726
233,Mihkli,mihkli,isolated_dwelling,25.7076539,58.8688359
233,Parmoinno,parmoinno,isolated_dwelling,25.7064099,58.8688506
233,Otsa-Hindreku,otsa-hindreku,isolated_dwelling,25.7042253,58.8699026
233,Mäe,mae,isolated_dwelling,25.7029475,58.8718396
233,Tänavotsa,tanavotsa,isolated_dwelling,25.6967724,58.8766546
233,Nõo,noo,isolated_dwelling,25.69799,58.8755754
233,Kohina,kohina,isolated_dwelling,25.6911015,58.8770619
233,Vahtra,vahtra,isolated_dwelling,25.6950329,58.874927
233,Kopli,kopli,isolated_dwelling,25.6960858,58.8752929
233,Muru,muru,isolated_dwelling,25.697321,58.8749014
233,Lehestiku,lehestiku,isolated_dwelling,25.6971529,58.875314
233,Piiri,piiri,isolated_dwelling,25.6946228,58.8723559
233,Kuusikuääre,kuusikuaare,isolated_dwelling,25.6897404,58.8711672
233,Risti,risti,isolated_dwelling,25.6786824,58.8613254
233,Paemurru,paemurru,isolated_dwelling,25.6801644,58.8625698
233,Mäe,mae,isolated_dwelling,25.6645877,58.8518132
233,Pritsu,pritsu,isolated_dwelling,25.6910919,58.8655566
233,Raja,raja,isolated_dwelling,25.6974679,58.8699965
233,Mustakuuse,mustakuuse,isolated_dwelling,25.6976378,58.8691402
233,Krassi,krassi,isolated_dwelling,25.7005901,58.8727733
233,Juhani,juhani,isolated_dwelling,25.7012528,58.8719851
233,Haru,haru,isolated_dwelling,25.6986901,58.8728558
233,Laine,laine,isolated_dwelling,25.7023504,58.8732795
233,Sombre,sombre,isolated_dwelling,25.6990167,58.873614
233,Näki,naki,isolated_dwelling,25.7019536,58.8602104
233,Kõrre,korre,isolated_dwelling,25.6913846,58.8788649
233,Mulgi,mulgi,isolated_dwelling,25.6817216,58.8861621
233,Eri,eri,isolated_dwelling,25.6810996,58.8858701
233,Uuesauna,uuesauna,isolated_dwelling,25.6740289,58.8860685
233,Pärna,parna,isolated_dwelling,25.6748108,58.88996
233,Vahtra,vahtra,isolated_dwelling,25.6840934,58.8877537
233,Loodla,loodla,isolated_dwelling,25.6639492,58.8970349
233,Korgi,korgi,isolated_dwelling,26.613447,58.2987276
233,Saare,saare,isolated_dwelling,25.655404,58.8917644
233,Sipelga,sipelga,isolated_dwelling,25.6779548,58.8825712
233,Lutsu,lutsu,isolated_dwelling,25.6743973,58.8844239
233,Põdra,podra,isolated_dwelling,25.6740029,58.8837982
233,Rätsepa,ratsepa,isolated_dwelling,25.6717817,58.8829678
233,Ööbiku,oobiku,isolated_dwelling,25.669494,58.8815852
233,Pinsi,pinsi,isolated_dwelling,25.6689429,58.881006
233,Dave,dave,isolated_dwelling,25.6704373,58.8812183
233,Võssa,vossa,isolated_dwelling,25.6687041,58.8799741
233,Tõnsu,tonsu,isolated_dwelling,25.6584829,58.8795604
233,Uue-Kulli,uue-kulli,isolated_dwelling,25.663582,58.879823
233,Kurvi,kurvi,isolated_dwelling,25.6587035,58.8786751
233,Adoffi,adoffi,isolated_dwelling,25.654818,58.8742718
233,Möldre,moldre,isolated_dwelling,25.6557058,58.8752238
233,Väikeotsa,vaikeotsa,isolated_dwelling,25.6579508,58.8777133
233,Kaasiku,kaasiku,isolated_dwelling,25.6564757,58.8773634
233,Päburi,paburi,isolated_dwelling,25.6561045,58.8769759
233,Jõekääru,joekaaru,isolated_dwelling,25.6556049,58.8765593
233,Adoni,adoni,isolated_dwelling,25.6567453,58.8762371
233,Kõrtsi,kortsi,isolated_dwelling,25.6561096,58.8755851
233,Kaarli,kaarli,isolated_dwelling,25.6565102,58.8758877
233,Sivisoni,sivisoni,isolated_dwelling,25.6431221,58.8577738
233,Allika,allika,isolated_dwelling,25.6470137,58.8706648
233,Tamme,tamme,isolated_dwelling,25.6476156,58.8700275
233,Väikse-Kalda,vaikse-kalda,isolated_dwelling,24.7874023,58.1911023
233,Vana-Kalda,vana-kalda,isolated_dwelling,24.7882259,58.1911512
233,Mardijaagu,mardijaagu,isolated_dwelling,24.7908676,58.1899133
233,Nipeti,nipeti,isolated_dwelling,24.7860555,58.1880745
233,Linnu,linnu,isolated_dwelling,24.7869459,58.1875494
233,Aikumaa,aikumaa,isolated_dwelling,24.7997867,58.1762883
233,Saadumetsa,saadumetsa,isolated_dwelling,24.7810707,58.1791821
233,Tiiu,tiiu,isolated_dwelling,24.7854122,58.1869387
233,Siibergi,siibergi,isolated_dwelling,24.7882219,58.1857148
233,Ööbiku,oobiku,isolated_dwelling,24.7913892,58.1857907
233,Saare,saare,isolated_dwelling,24.797682,58.1863206
233,Metste,metste,isolated_dwelling,24.8010492,58.1857555
233,Jõeveere,joeveere,isolated_dwelling,24.803423,58.1844875
233,Vana-Kulu,vana-kulu,isolated_dwelling,24.7965417,58.1822109
233,Orumäe,orumae,isolated_dwelling,24.8073747,58.1829222
233,Krissi,krissi,isolated_dwelling,24.8036435,58.1802256
233,Veskimäe,veskimae,isolated_dwelling,24.8059535,58.1803718
233,Võilille,voilille,isolated_dwelling,24.8042408,58.178051
233,Peetriõue,peetrioue,isolated_dwelling,24.8111167,58.1775487
233,Kase-Metsa,kase-metsa,isolated_dwelling,24.8113647,58.1733353
233,Kullajõe,kullajoe,isolated_dwelling,24.8154281,58.1750343
233,Lilleoru,lilleoru,isolated_dwelling,24.7944405,58.1667292
233,Uus-Kello,uus-kello,isolated_dwelling,24.8138349,58.1720012
233,Vahtra,vahtra,isolated_dwelling,24.8200466,58.1718481
233,Jõekääru,joekaaru,isolated_dwelling,24.8173833,58.1711136
233,Riitskulli,riitskulli,isolated_dwelling,24.8228873,58.1698071
233,Lepiku,lepiku,isolated_dwelling,24.81329,58.1683487
233,Oru,oru,isolated_dwelling,24.8171274,58.169031
233,Kello,kello,isolated_dwelling,24.8172652,58.1595597
233,Kanarbiku,kanarbiku,isolated_dwelling,24.8160439,58.1618715
233,Sillaotsa,sillaotsa,isolated_dwelling,24.816462,58.1628777
233,Vahtra,vahtra,isolated_dwelling,26.4439292,58.2001824
