country_id,name,name_norm,place,lon,lat
348,Som,som,village,18.1413711,46.8067676
348,Somogyapáti,somogyapati,village,17.7507887,46.0924362
348,Patosfa,patosfa,village,17.6662853,46.1280182
348,Tab,tab,town,18.0375186,46.7351014
348,Sormás,sormas,village,16.9157999,46.4605637
348,Hetvehely,hetvehely,village,18.0441532,46.1321454
348,Palkonya,palkonya,village,18.3907786,45.8953345
348,Villánykövesd,villanykovesd,village,18.4252542,45.8805828
348,Villány,villany,town,18.4555208,45.8697644
348,Pécs,pecs,city,18.2280317,46.0765092
348,Cserdi,cserdi,village,17.9906814,46.0812218
348,Kishajmás,kishajmas,village,18.0822844,46.2006313
348,Egerág,egerag,village,18.3048844,45.981479
348,Szőkéd,szoked,village,18.2889563,45.9629397
348,Áta,ata,village,18.297316,45.9368992
348,Kisherend,kisherend,village,18.3318995,45.9633179
348,Komló,komlo,town,18.2613778,46.1911673
348,Kárász,karasz,village,18.3176405,46.2663739
348,Tófű,tofu,village,18.3589692,46.3095702
348,Egyházaskozár,egyhazaskozar,village,18.3207789,46.3298413
348,Bikal,bikal,village,18.2865931,46.3343993
348,Olasz,olasz,village,18.411796,46.0151645
348,Belvárdgyula,belvardgyula,village,18.4327446,45.9729466
348,Lothárd,lothard,village,18.3531342,46.0009802
348,Birján,birjan,village,18.3756757,45.9974794
348,Hásságy,hassagy,village,18.3886336,46.0346387
348,Magyarsarlós,magyarsarlos,village,18.3516064,46.0414845
348,Keszü,keszu,village,18.1918084,46.0169618
348,Kökény,kokeny,village,18.2042947,46.0010381
348,Harkány,harkany,town,18.2359978,45.8477907
348,Lad,lad,village,17.6459384,46.1396668
348,Letenye,letenye,town,16.7230843,46.433204
348,Abaliget,abaliget,village,18.116744,46.140978
348,Orfű,orfu,village,18.1551995,46.1380554
348,Kozármisleny,kozarmisleny,town,18.2857045,46.0478232
348,Ellend,ellend,village,18.3758229,46.0591112
348,Romonya,romonya,village,18.3396465,46.0885145
348,Bogád,bogad,village,18.32219,46.0839252
348,Szederkény,szederkeny,village,18.4535831,45.9994626
348,Bóly,boly,town,18.5161494,45.9692795
348,Vásárosdombó,vasarosdombo,village,18.132263,46.305546
348,Hetes,hetes,village,17.6950824,46.4218819
348,Kocsola,kocsola,village,18.1771382,46.5279604
348,Ságvár,sagvar,village,18.1020278,46.8373455
348,Szekszárd,szekszard,city,18.701663,46.3484884
348,Balatonudvari,balatonudvari,village,17.8048202,46.9054215
348,Sopron,sopron,town,16.5983457,47.6803063
348,Kópháza,kophaza,village,16.6431637,47.6384056
348,Sárvár,sarvar,town,16.9342165,47.2517426
348,Tapolca,tapolca,town,17.4389619,46.8820972
348,Kán,kan,hamlet,18.0096019,46.1625635
348,Gorica,gorica,hamlet,18.0059863,46.1482988
348,Okorvölgy,okorvolgy,village,18.0589221,46.1520633
348,Szabadságmajor,szabadsagmajor,hamlet,18.0400881,46.1598862
348,Szentkatalin,szentkatalin,village,18.0501183,46.1745849
348,Karácodfa,karacodfa,hamlet,18.0502772,46.1814586
348,Husztót,husztot,village,18.0926954,46.1719933
348,Terecseny,terecseny,hamlet,17.859726,46.2043029
348,Csertő,cserto,village,17.8027802,46.0903378
348,Szulimán,szuliman,village,17.8105268,46.1242634
348,Szentmártonpuszta,szentmartonpuszta,hamlet,17.9038274,46.1702842
348,Kaposvár,kaposvar,city,17.7886886,46.3564692
348,Studená,studena,village,19.95953,48.1594718
348,Radvaň nad Dunajom,radvan nad dunajom,village,18.3733406,47.7472584
348,Kováčovce,kovacovce,village,19.4579442,48.0949749
348,Neporadza,neporadza,village,20.3920373,48.3632121
348,Kravany nad Dunajom,kravany nad dunajom,village,18.4828188,47.762012
348,Klížska Nemá,klizska nema,village,17.8199414,47.7514804
348,Pastovce,pastovce,village,18.7533941,47.9695859
348,Muľa,mula,village,19.5260012,48.1931483
348,Vrbovka,vrbovka,village,19.4071489,48.089635
348,Trenč,trenc,village,19.5791411,48.2245267
348,Ipeľské Predmostie,ipelske predmostie,village,19.0577109,48.0636504
348,Siklós,siklos,town,18.2983821,45.8521446
348,Balatonakali,balatonakali,village,17.7526787,46.8836584
348,Jászberény,jaszbereny,town,19.9117887,47.5030505
348,Eger,eger,city,20.3743665,47.8989887
348,Tokaj,tokaj,town,21.4113895,48.1235534
348,Debrecen,debrecen,city,21.6259782,47.531399
348,Sümeg,sumeg,town,17.2811657,46.9784329
348,Erdőfű,erdofu,hamlet,18.7627827,45.9071997
348,Örvényes,orvenyes,village,17.8164988,46.914828
348,Balatonfőkajár,balatonfokajar,village,18.2122159,47.0202933
348,Mecsekpölöske,mecsekpoloske,village,18.2111234,46.2228598
348,Hobol,hobol,village,17.7774257,46.0243248
348,Teklafalu,teklafalu,village,17.7282742,45.94974
348,Hencse,hencse,village,17.6234321,46.2003376
348,Mágocs,magocs,town,18.2285903,46.349833
348,Jákó,jako,village,17.5526299,46.3363265
348,Hegyháthodász,hegyhathodasz,village,16.657595,46.9340458
348,Komárom,komarom,town,18.1218256,47.7417349
348,Sap,sap,village,17.6157716,47.8221556
348,Szeged,szeged,city,20.1486016,46.2546312
348,Tihany,tihany,village,17.8882318,46.9132712
348,Fövenyes,fovenyes,hamlet,17.7920258,46.897453
348,Algyő,algyo,village,20.2083596,46.3353787
348,Makó,mako,town,20.4751022,46.2150438
348,Kiszombor,kiszombor,village,20.4270576,46.1889728
348,Deszk,deszk,village,20.2388863,46.2179342
348,Újszentiván,ujszentivan,village,20.1807357,46.1869538
348,Tiszasziget,tiszasziget,village,20.1622722,46.1749221
348,Hódmezővásárhely,hodmezovasarhely,town,20.3196068,46.4171344
348,Domaszék,domaszek,village,20.0034538,46.2451425
348,Mórahalom,morahalom,town,19.8894811,46.2163238
348,Székkutas,szekkutas,village,20.5384334,46.5069679
348,Orosháza,oroshaza,town,20.6720146,46.5582801
348,Nagykőrös,nagykoros,town,19.7863141,47.0374257
348,Kunágota,kunagota,village,21.0489809,46.4233892
348,Barcs,barcs,town,17.4634121,45.9605126
348,Rajka,rajka,village,17.1960871,47.997068
348,Hegyeshalom,hegyeshalom,village,17.1558011,47.9144882
348,Bezenye,bezenye,village,17.2162083,47.9621234
348,Újpetre,ujpetre,village,18.3635782,45.9366673
348,Kecskemét,kecskemet,city,19.6917206,46.9073883
348,Kapásfalu,kapasfalu,hamlet,19.9598105,46.867493
348,Cserkeszőlő,cserkeszolo,village,20.195096,46.8675023
348,Békéscsaba,bekescsaba,city,21.0985425,46.6798003
348,Gyula,gyula,town,21.2747575,46.6438656
348,Szalkszentmárton,szalkszentmarton,village,19.0132851,46.9755241
348,Tass,tass,village,19.0321758,47.0200511
348,Sármellék,sarmellek,village,17.1682755,46.7080843
348,Zala,zala,village,18.0014999,46.7392974
348,Pécsely,pecsely,village,17.7864493,46.9551435
348,Pomáz,pomaz,town,19.0236304,47.6468212
348,Miskolc,miskolc,city,20.7900429,48.1030643
348,Győr,gyor,city,17.6342832,47.6835029
348,Nyíregyháza,nyiregyhaza,city,21.7167982,47.9557802
348,Szentendre,szentendre,town,19.0760467,47.6677606
348,Budakalász,budakalasz,town,19.0468565,47.6192785
348,Pilisszentkereszt,pilisszentkereszt,village,18.9024298,47.6931455
348,Pilisszentlászló,pilisszentlaszlo,village,18.9892166,47.7231462
348,Öcsöd,ocsod,village,20.3897025,46.9012341
348,Békésszentandrás,bekesszentandras,village,20.4851283,46.8717052
348,Szarvas,szarvas,town,20.5521466,46.8621434
348,Kondoros,kondoros,town,20.7950557,46.7599676
348,Székesfehérvár,szekesfehervar,city,18.410811,47.1910169
348,Solt,solt,town,19.0046438,46.8022565
348,Dunapataj,dunapataj,village,18.9990105,46.6442755
348,Dunaszentgyörgy,dunaszentgyorgy,village,18.8118978,46.530011
348,Pörböly,porboly,village,18.8123654,46.2051149
348,Bátaszék,bataszek,town,18.7231457,46.1932111
348,Kiskunlacháza,kiskunlachaza,town,19.00569,47.1903391
348,Dömsöd,domsod,village,19.0070461,47.094771
348,Dormánd,dormand,village,20.4183893,47.7215281
348,Besenyőtelek,besenyotelek,village,20.4278946,47.698367
348,Füzesabony,fuzesabony,town,20.4142673,47.7485389
348,Mezőtárkány,mezotarkany,village,20.4760816,47.7218712
348,Tiszafüred,tiszafured,town,20.7502258,47.6130877
348,Tiszaszőlős,tiszaszolos,village,20.7197416,47.5562623
348,Egyek,egyek,village,20.8881462,47.6314647
348,Kunszentmárton,kunszentmarton,town,20.2908813,46.8399054
348,Tiszaföldvár,tiszafoldvar,town,20.2541166,46.9803541
348,Martfű,martfu,town,20.2813933,47.0186153
348,Cegléd,cegled,town,19.7977516,47.1716447
348,Szajol,szajol,village,20.3006435,47.1757484
348,Törökszentmiklós,torokszentmiklos,town,20.409153,47.1793568
348,Fegyvernek,fegyvernek,town,20.5259428,47.2526516
348,Kenderes,kenderes,town,20.6720305,47.2477469
348,Karcag,karcag,town,20.9240941,47.314646
348,Berekfürdő,berekfurdo,village,20.837934,47.3863531
348,Kunmadaras,kunmadaras,village,20.7952971,47.4284725
348,Budapest,budapest,city,19.0402383,47.4978789
348,Zalaapáti,zalaapati,village,17.1057152,46.7391546
348,Pacsa,pacsa,town,17.0097774,46.72254
348,Zalaszentmihály,zalaszentmihaly,village,16.949373,46.7296101
348,Pölöske,poloske,village,16.924252,46.7550715
348,Keszthely,keszthely,town,17.2462801,46.7675081
348,Hévíz,heviz,town,17.1834489,46.7906038
348,Verőce,veroce,village,19.0339651,47.8230548
348,Kismaros,kismaros,village,19.0129068,47.8266438
348,Dömös,domos,village,18.9110928,47.7636231
348,Pilismarót,pilismarot,village,18.8747292,47.7848591
348,Pilisvörösvár,pilisvorosvar,town,18.9115754,47.6210817
348,Ráckeve,rackeve,town,18.9436266,47.1609765
348,Dobogókő,dobogoko,hamlet,18.8961602,47.7193911
348,Lórév,lorev,village,18.8966037,47.1157416
348,Budajenő,budajeno,village,18.803881,47.5554742
348,Telki,telki,village,18.8206574,47.551193
348,Tököl,tokol,town,18.9632427,47.3226787
348,Csömör,csomor,village,19.2242144,47.5489158
348,Gödöllő,godollo,town,19.3476981,47.601529
348,Budaörs,budaors,town,18.9541818,47.4600185
348,Patak,patak,village,19.1448732,48.0192328
348,Dejtár,dejtar,village,19.1712049,48.037781
348,Ipolyvece,ipolyvece,village,19.1025464,48.0619605
348,Drégelypalánk,dregelypalank,village,19.0440957,48.0520987
348,Érsekvadkert,ersekvadkert,village,19.1989343,47.9960713
348,Nagyoroszi,nagyoroszi,village,19.0913026,48.0038821
348,Rétság,retsag,town,19.1375901,47.9303241
348,Budakeszi,budakeszi,town,18.929382,47.5099444
348,Vértesszőlős,vertesszolos,village,18.3813459,47.6206061
348,Peťov,petov,hamlet,19.4814548,48.1075697
348,Čeláre,celare,village,19.4916844,48.1413038
348,Koláre,kolare,village,19.2449403,48.0699404
348,Diósd,diosd,town,18.9448604,47.406256
348,Érd,erd,town,18.9213833,47.3772495
348,Sukoró,sukoro,village,18.601614,47.2411794
348,Pákozd,pakozd,village,18.5437107,47.2170707
348,Velence,velence,town,18.6605263,47.2353177
348,Kápolnásnyék,kapolnasnyek,village,18.6722759,47.237503
348,Gárdony,gardony,town,18.6261978,47.2028062
348,Nagykovácsi,nagykovacsi,village,18.882064,47.5762363
348,Selešťany,selestany,hamlet,19.3367168,48.0905073
348,Előszállás,eloszallas,village,18.8219252,46.8316103
348,Alsószentiván,alsoszentivan,village,18.7321463,46.7957787
348,Cece,cece,village,18.6291111,46.77047
348,Simontornya,simontornya,town,18.5435129,46.756962
348,Tolnanémedi,tolnanemedi,village,18.4739246,46.7141878
348,Pincehely,pincehely,village,18.4398335,46.6820239
348,Paks,paks,town,18.8589364,46.6229468
348,Bikács,bikacs,village,18.6636898,46.6759851
348,Nagydorog,nagydorog,village,18.6578841,46.6230617
348,Bölcske,bolcske,village,18.9695194,46.7402601
348,Madocsa,madocsa,village,18.9566974,46.6880707
348,Gyönk,gyonk,town,18.4783275,46.5553541
348,Varsád,varsad,village,18.5196685,46.5247475
348,Bakov,bakov,hamlet,19.9802115,48.169216
348,Tárnok,tarnok,village,18.8660065,47.3668787
348,Vác,vac,town,19.1278294,47.7782873
348,Kisszékely,kisszekely,village,18.5389986,46.679423
348,Páty,paty,village,18.8271695,47.5154504
348,Biatorbágy,biatorbagy,town,18.8232855,47.4739442
348,Sóskút,soskut,village,18.8305621,47.4047185
348,Pusztazámor,pusztazamor,village,18.7855309,47.4024957
348,Fót,fot,town,19.1980105,47.6125871
348,Dunakeszi,dunakeszi,town,19.1294055,47.6316697
348,Újtelep,ujtelep,hamlet,18.8717038,47.3695138
348,Tárnokliget,tarnokliget,hamlet,18.8610445,47.3638612
348,Falu,falu,hamlet,18.8457819,47.374602
348,Zalaegerszeg,zalaegerszeg,city,16.8456316,46.8415803
348,Szőlőhegy,szolohegy,hamlet,18.765362,46.5280798
348,Százhalombatta,szazhalombatta,town,18.9120948,47.3171992
348,Ercsi,ercsi,town,18.8983773,47.2519697
348,Martonvásár,martonvasar,town,18.7886273,47.3141209
348,Ráckeresztúr,rackeresztur,village,18.8340424,47.2739444
348,Tordas,tordas,village,18.7527252,47.344615
348,Gyúró,gyuro,village,18.7395557,47.3708463
348,Ártánd,artand,village,21.7572321,47.1252992
348,Bedő,bedo,village,21.7503111,47.1639541
348,Nagykereki,nagykereki,village,21.7879759,47.1886494
348,Kismarja,kismarja,village,21.8221047,47.248129
348,Pocsaj,pocsaj,village,21.8048015,47.2821487
348,Hosszúpályi,hosszupalyi,village,21.7335185,47.39177
348,Nagyszékely,nagyszekely,village,18.5279944,46.6473903
348,Szakadát,szakadat,village,18.4732899,46.5388597
348,Diósberény,diosbereny,village,18.4449594,46.5337591
348,Miszla,miszla,village,18.4834395,46.6314672
348,Udvari,udvari,village,18.51083,46.5945292
348,Horpács,horpacs,village,19.1312435,47.996728
348,Borsosberény,borsosbereny,village,19.1174909,47.9763628
348,Bánk,bank,village,19.1735916,47.9258885
348,Szendehely,szendehely,village,19.1049747,47.8553893
348,Katalinpuszta,katalinpuszta,hamlet,19.0975508,47.845038
348,Sárszentlőrinc,sarszentlorinc,village,18.6066341,46.6260581
348,Úzd,uzd,hamlet,18.5941803,46.60373
348,Borjád,borjad,hamlet,18.5908074,46.5589967
348,Kölesd,kolesd,village,18.5871321,46.5084069
348,Kistormás,kistormas,village,18.5658035,46.5000174
348,Németkér,nemetker,village,18.764396,46.7174731
348,Kerepes,kerepes,town,19.2869071,47.5616135
348,Dabas,dabas,town,19.3203063,47.1886122
348,Újhartyán,ujhartyan,town,19.3841049,47.2200186
348,Újlengyel,ujlengyel,village,19.444332,47.2322939
348,Gerjen,gerjen,village,18.9032424,46.493611
348,Fadd,fadd,village,18.8252567,46.4663938
348,Tolna,tolna,town,18.7887741,46.4226584
348,Fácánkert,facankert,village,18.7361471,46.4480102
348,Sióagárd,sioagard,village,18.6535953,46.3907879
348,Szentgálszőlőhegy,szentgalszolohegy,hamlet,18.6268805,46.3756792
348,Piliscsaba,piliscsaba,town,18.8261229,47.6329416
348,Dorog,dorog,town,18.731435,47.7223782
348,Tokodaltáró,tokodaltaro,village,18.6926702,47.7321967
348,Tokod,tokod,village,18.6592985,47.722785
348,Tát,tat,town,18.6543708,47.7398038
348,Esztergom,esztergom,town,18.7403377,47.7856939
348,Felsőnána,felsonana,village,18.528759,46.4672701
348,Nyergesújfalu,nyergesujfalu,town,18.5543675,47.7607076
348,Lábatlan,labatlan,town,18.5015732,47.7450853
348,Tata,tata,town,18.3282083,47.6516214
348,Hőgyész,hogyesz,village,18.4187415,46.4957481
348,Kalaznó,kalazno,village,18.4745194,46.5015402
348,Ács,acs,town,18.0156133,47.7104229
348,Gönyű,gonyu,village,17.8279231,47.7331432
348,Süttő,sutto,village,18.44347,47.7573845
348,Neszmély,neszmely,village,18.3593132,47.7360337
348,Dunaszentmiklós,dunaszentmiklos,village,18.3812859,47.7043878
348,Szomód,szomod,village,18.3423516,47.6824922
348,Tardos,tardos,village,18.4449341,47.6633891
348,Baj,baj,village,18.3644373,47.6489476
348,Vértestolna,vertestolna,village,18.4583302,47.6243321
348,Tarján,tarjan,village,18.5063222,47.6088065
348,Héreg,hereg,village,18.5116592,47.6464326
348,Bajna,bajna,village,18.5986208,47.6553343
348,Epöl,epol,village,18.6382299,47.646026
348,Gyermely,gyermely,village,18.6439003,47.5910684
348,Szomor,szomor,village,18.6641826,47.5919199
348,Tinnye,tinnye,village,18.7778879,47.6208911
348,Perbál,perbal,village,18.759802,47.5912451
348,Tök,tok,village,18.7310553,47.564671
348,Zsámbék,zsambek,town,18.7174344,47.5483115
348,Mány,many,village,18.6563538,47.529936
348,Csabdi,csabdi,village,18.6127023,47.5188429
348,Bicske,bicske,town,18.6358046,47.4907066
348,Herceghalom,herceghalom,village,18.7448861,47.496236
348,Veresegyház,veresegyhaz,town,19.2868815,47.655235
348,Erdőkertes,erdokertes,village,19.308359,47.6702447
348,Őrbottyán,orbottyan,town,19.263848,47.6827581
348,Csomád,csomad,village,19.2368611,47.6547632
348,Vácrátót,vacratot,village,19.2363045,47.7094372
348,Göd,god,town,19.1341568,47.6834336
348,Sződ,szod,village,19.1819507,47.7191669
348,Sződliget,szodliget,village,19.1473194,47.7299732
348,Csörög,csorog,village,19.1904009,47.7344093
348,Vácduka,vacduka,village,19.2145913,47.7445953
348,Váchartyán,vachartyan,village,19.2537343,47.7270056
348,Kisnémedi,kisnemedi,village,19.2901265,47.7377432
348,Püspökszilágy,puspokszilagy,village,19.3154773,47.7402533
348,Váckisújfalu,vackisujfalu,village,19.3490951,47.7046212
348,Iklad,iklad,village,19.4433911,47.6593942
348,Vácegres,vacegres,village,19.3656575,47.6751335
348,Szada,szada,village,19.3116981,47.6363332
348,Domony,domony,village,19.4384419,47.6535146
348,Aszód,aszod,town,19.4747432,47.6532732
348,Hatvan,hatvan,town,19.6743874,47.6683971
348,Bonyhád,bonyhad,town,18.532191,46.2984212
348,Kistápé,kistape,hamlet,18.6961831,46.6788477
348,Báta,bata,village,18.7749192,46.1286819
348,Kisoroszi,kisoroszi,village,19.0071715,47.8077589
348,Mogersdorf,mogersdorf,village,16.233476,46.9481799
348,Rád,rad,village,19.2194322,47.7920791
348,Penc,penc,village,19.2513708,47.8024259
348,Keszeg,keszeg,village,19.237812,47.8364445
348,Kosd,kosd,village,19.1758423,47.8068226
348,Galgagyörk,galgagyork,village,19.3752627,47.7406871
348,Püspökhatvan,puspokhatvan,village,19.3660724,47.77594
348,Acsa,acsa,village,19.386298,47.7925337
348,Nógrádsáp,nogradsap,village,19.3554001,47.8393251
348,Csővár,csovar,village,19.3238481,47.8137655
348,Galgaguta,galgaguta,village,19.3891248,47.8459936
348,Bercel,bercel,village,19.4035193,47.8698475
348,Nógrádkövesd,nogradkovesd,village,19.3737379,47.874415
348,Becske,becske,village,19.3763424,47.9100509
348,Szirmabesenyő,szirmabesenyo,village,20.7959687,48.1540642
348,Szob,szob,town,18.8711331,47.8182921
348,Zebegény,zebegeny,village,18.9101541,47.8000375
348,Nagymaros,nagymaros,town,18.9587262,47.7891142
348,Visegrád,visegrad,town,18.9703373,47.7845811
348,Dunabogdány,dunabogdany,village,19.0352037,47.7937922
348,Szokolya,szokolya,village,19.0061078,47.867997
348,Berkenye,berkenye,village,19.072611,47.8878852
348,Nógrád,nograd,village,19.0478895,47.9094266
348,Balassagyarmat,balassagyarmat,town,19.2926037,48.0768832
348,Ipolyszög,ipolyszog,village,19.2318454,48.0546144
348,Szügy,szugy,village,19.3239375,48.035482
348,Nógrádmarcal,nogradmarcal,village,19.3847669,48.0272503
348,Patvarc,patvarc,village,19.3483753,48.0654361
348,Őrhalom,orhalom,village,19.4102605,48.0777568
348,Hugyag,hugyag,village,19.4337413,48.0872454
348,Szécsény,szecseny,town,19.5206814,48.0802507
348,Kishartyán,kishartyan,village,19.7041459,48.0840764
348,Salgótarján,salgotarjan,city,19.8005642,48.0960676
348,Somoskőújfalu,somoskoujfalu,village,19.8241727,48.1617834
348,Gyöngyös,gyongyos,town,19.9291176,47.7799838
348,Kápolna,kapolna,village,20.2469695,47.7604628
348,Feldebrő,feldebro,village,20.2329418,47.8130478
348,Aldebrő,aldebro,village,20.2283743,47.7891553
348,Tófalu,tofalu,village,20.2381843,47.7764019
348,Vécs,vecs,village,20.1673321,47.807866
348,Domoszló,domoszlo,village,20.1163279,47.8262949
348,Verpelét,verpelet,town,20.2279112,47.8490107
348,Markaz,markaz,village,20.0547595,47.8266709
348,Abasár,abasar,village,20.0062509,47.7955667
348,Ipolytarnóc,ipolytarnoc,village,19.6270027,48.2375562
348,Emőd,emod,town,20.8165452,47.9339466
348,Nyékládháza,nyekladhaza,town,20.8416225,47.9939469
348,Mályi,malyi,village,20.8276126,48.01451
348,Felsőzsolca,felsozsolca,town,20.8605401,48.1041003
348,Zamárdi,zamardi,town,17.9459459,46.880099
348,Szántód,szantod,village,17.9045327,46.8693827
348,Kőröshegy,koroshegy,village,17.9005457,46.8312694
348,Balatonendréd,balatonendred,village,17.9765942,46.8362401
348,Balatonföldvár,balatonfoldvar,town,17.8792403,46.8491197
348,Balatonszemes,balatonszemes,village,17.7789908,46.806042
348,Balatonőszöd,balatonoszod,village,17.8002219,46.8069464
348,Balatonlelle,balatonlelle,town,17.6965209,46.7867617
348,Balatonboglár,balatonboglar,town,17.6553331,46.7785372
348,Látrány,latrany,village,17.7445759,46.7484949
348,Visz,visz,village,17.7830711,46.7260307
348,Ordacsehi,ordacsehi,village,17.6241198,46.7432686
348,Fonyód,fonyod,town,17.54946,46.7467521
348,Balatonfenyves,balatonfenyves,village,17.4945314,46.7176727
348,Balatonmáriafürdő,balatonmariafurdo,village,17.371815,46.7050049
348,Balatonberény,balatonbereny,village,17.3193203,46.710836
348,Balatonszentgyörgy,balatonszentgyorgy,village,17.2999871,46.6921957
348,Balatonújlak,balatonujlak,village,17.383049,46.6759752
348,Balatonkeresztúr,balatonkeresztur,village,17.3703877,46.6976597
348,Kéthely,kethely,village,17.3933315,46.6469444
348,Marcali,marcali,town,17.4123002,46.5833484
348,Tapsony,tapsony,village,17.3354013,46.4535213
348,Somogyszob,somogyszob,village,17.2968274,46.2929761
348,Ötvöskónyi,otvoskonyi,village,17.3607705,46.2851255
348,Nagyatád,nagyatad,town,17.3570964,46.229143
348,Gyenesdiás,gyenesdias,village,17.2860041,46.7725171
348,Vonyarcvashegy,vonyarcvashegy,village,17.3095703,46.7641925
348,Balatongyörök,balatongyorok,village,17.3504857,46.7616172
348,Balatonederics,balatonederics,village,17.3813106,46.8091396
348,Szigliget,szigliget,village,17.4331745,46.8014362
348,Badacsonytomaj,badacsonytomaj,town,17.514693,46.8057988
348,Ábrahámhegy,abrahamhegy,village,17.5714996,46.8147826
348,Balatonrendes,balatonrendes,village,17.5857978,46.8273773
348,Révfülöp,revfulop,village,17.6303514,46.828315
348,Balatonszepezd,balatonszepezd,village,17.6637569,46.8518266
348,Csopak,csopak,village,17.9231412,46.9796854
348,Alsóörs,alsoors,village,17.9770715,46.9882663
348,Balatonalmádi,balatonalmadi,town,18.0155756,47.030277
348,Balatonfűzfő,balatonfuzfo,town,18.0409677,47.0620043
348,Balatonkenese,balatonkenese,town,18.1079681,47.0349778
348,Balatonvilágos,balatonvilagos,village,18.159314,46.9641731
348,Sajószentpéter,sajoszentpeter,town,20.7087764,48.2183544
348,Kazincbarcika,kazincbarcika,town,20.6223251,48.2544414
348,Heves,heves,town,20.2897722,47.5957526
348,Tenk,tenk,village,20.340609,47.6547494
348,Erdőtelek,erdotelek,village,20.3124173,47.6871416
348,Nagytálya,nagytalya,village,20.4076205,47.8170805
348,Andornaktálya,andornaktalya,village,20.4125987,47.8436439
348,Lillafüred,lillafured,hamlet,20.6230123,48.1029323
348,Edelény,edeleny,town,20.7334367,48.2936623
348,Kereki,kereki,village,17.9118845,46.7959566
348,Pusztaszemes,pusztaszemes,village,17.9255497,46.7659969
348,Igal,igal,town,17.9386708,46.5345467
348,Ráksi,raksi,village,17.9219292,46.5129019
348,Andocs,andocs,village,17.9243409,46.6488345
348,Bonnyapuszta,bonnyapuszta,hamlet,17.9355141,46.599118
348,Magyaratád,magyaratad,village,17.9005757,46.4673715
348,Somogyaszaló,somogyaszalo,village,17.8069419,46.458844
348,Patince,patince,village,18.2920985,47.7398142
348,Pistály,pistaly,hamlet,18.9544829,47.4376543
348,Szabadházihegy,szabadhazihegy,hamlet,18.946519,47.4367625
348,Törökbálint,torokbalint,town,18.9130312,47.4349579
348,Verseg,verseg,village,19.5487063,47.722441
348,Kartal,kartal,village,19.5311002,47.66792
348,Egyházasdengeleg,egyhazasdengeleg,village,19.5589914,47.7976098
348,Héhalom,hehalom,village,19.5857856,47.77951
348,Csokonyavisonta,csokonyavisonta,village,17.4444757,46.0817403
348,Rinyaújlak,rinyaujlak,village,17.4186892,46.0859363
348,Görgeteg,gorgeteg,village,17.4364106,46.1465788
348,Lábod,labod,village,17.4540815,46.2077491
348,Somogyaracs,somogyaracs,village,17.3916737,46.0566704
348,Babócsa,babocsa,village,17.346259,46.0371105
348,Komlósd,komlosd,village,17.386257,46.0172375
348,Péterhida,peterhida,village,17.3596328,46.0094359
348,Darány,darany,village,17.5889964,45.9814198
348,Szulok,szulok,village,17.5507953,46.0505352
348,Drávagárdony,dravagardony,village,17.6046798,45.9440433
348,Kastélyosdombó,kastelyosdombo,village,17.6175463,45.9538876
348,Zádor,zador,village,17.6594233,45.9605668
348,Potony,potony,village,17.6457216,45.931548
348,Lakócsa,lakocsa,village,17.6917464,45.8979337
348,Tótújfalu,totujfalu,village,17.6420505,45.9029063
348,Szentborbás,szentborbas,village,17.6596185,45.8754578
348,Drávafok,dravafok,village,17.7637018,45.8849806
348,Istvándi,istvandi,village,17.6220371,46.0199889
348,Kadarkút,kadarkut,town,17.6178719,46.2285551
348,Bárdudvarnok,bardudvarnok,village,17.6850898,46.3268032
348,Kaposújlak,kaposujlak,village,17.7259097,46.3667854
348,Jászdózsa,jaszdozsa,village,20.0157116,47.566305
348,Pilisborosjenő,pilisborosjeno,village,18.9920278,47.6072769
348,Üröm,urom,village,19.0134262,47.5987004
348,Isaszeg,isaszeg,town,19.4017001,47.5303335
348,Valkó,valko,village,19.5100231,47.5641727
348,Szomolya,szomolya,village,20.4938733,47.8923451
348,Tard,tard,village,20.6041356,47.8730202
348,Cserépfalu,cserepfalu,village,20.5360221,47.9429765
348,Bükkzsérc,bukkzserc,village,20.5064046,47.9549235
348,Cserépváralja,cserepvaralja,village,20.561543,47.9338813
348,Noszvaj,noszvaj,village,20.4753593,47.9369531
348,Tibolddaróc,tibolddaroc,village,20.6375539,47.9207679
348,Háromfa,haromfa,village,17.3295434,46.1046252
348,Mernye,mernye,village,17.8199639,46.5087018
348,Somogytúr,somogytur,village,17.7654246,46.7071627
348,Somogybabod,somogybabod,village,17.7767926,46.6753928
348,Osztopán,osztopan,village,17.6689016,46.5184141
348,Pamuk,pamuk,village,17.6375258,46.5538585
348,Somogyvár,somogyvar,village,17.6509523,46.5812387
348,Öreglak,oreglak,village,17.6286333,46.6055398
348,Lengyeltóti,lengyeltoti,town,17.6411039,46.6671072
348,Szőlősgyörök,szolosgyorok,village,17.6755993,46.7080197
348,Karád,karad,village,17.8385506,46.6934534
348,Somogymeggyes,somogymeggyes,village,17.9151742,46.7191252
348,Bernecebaráti,bernecebarati,village,18.9139865,48.038167
348,Tésa,tesa,village,18.8416839,48.0330424
348,Vámosmikola,vamosmikola,village,18.7841116,47.9774677
348,Ipolytölgyes,ipolytolgyes,village,18.7743978,47.9229018
348,Letkés,letkes,village,18.776906,47.8853112
348,Pilisszántó,pilisszanto,village,18.886298,47.6692875
348,Zalkod,zalkod,village,21.4571919,48.1857492
348,Bodrogkeresztúr,bodrogkeresztur,village,21.3606584,48.15876
348,Timár,timar,village,21.4610692,48.1543182
348,Kenézlő,kenezlo,village,21.5311271,48.2001359
348,Kemence,kemence,village,18.891553,48.0171336
348,Tarcal,tarcal,village,21.3455658,48.1298284
348,Szegi,szegi,village,21.3815604,48.1988064
348,Szegilong,szegilong,village,21.4001637,48.2190716
348,Bodrogkisfalud,bodrogkisfalud,village,21.3574534,48.1728331
348,Olaszliszka,olaszliszka,village,21.4284256,48.2466727
348,Vámosújfalu,vamosujfalu,village,21.4493035,48.2572635
348,Tolcsva,tolcsva,village,21.4490584,48.2827761
348,Hernádkak,hernadkak,village,20.9641826,48.0913219
348,Hernádnémeti,hernadnemeti,village,20.9770518,48.0711901
348,Bőcs,bocs,village,20.9716444,48.0385461
348,Berzék,berzek,village,20.9573107,48.0244838
348,Sajóhídvég,sajohidveg,village,20.9502975,48.0030609
348,Köröm,korom,village,20.9530696,47.9829255
348,Girincs,girincs,village,20.9845825,47.9698386
348,Kiscsécs,kiscsecs,village,21.0106791,47.9657717
348,Kesznyéten,kesznyeten,village,21.0420321,47.9692308
348,Sajóörös,sajooros,village,21.0221987,47.9511834
348,Sajószöged,sajoszoged,village,20.9923296,47.9447446
348,Tiszalúc,tiszaluc,village,21.0630541,48.0345861
348,Taktaharkány,taktaharkany,village,21.1324053,48.088049
348,Vászoly,vaszoly,village,17.7591997,46.9392057
348,Dörgicse,dorgicse,village,17.7236469,46.9156578
348,Szabadegyháza,szabadegyhaza,village,18.6924831,47.0767634
348,Gyöngyöshalász,gyongyoshalasz,village,19.9217283,47.7417728
348,Filkeháza,filkehaza,village,21.4890018,48.4953611
348,Pálháza,palhaza,town,21.5110813,48.4715824
348,Telkibánya,telkibanya,village,21.3544735,48.485603
348,Gönc,gonc,town,21.2726277,48.4724881
348,Göncruszka,goncruszka,village,21.2414877,48.4492346
348,Vilmány,vilmany,village,21.2329753,48.4166243
348,Fony,fony,village,21.2841684,48.3910404
348,Korlát,korlat,village,21.245644,48.3785841
348,Alsócéce,alsocece,hamlet,21.1894307,48.3498663
348,Hernádcéce,hernadcece,village,21.1974889,48.3589235
348,Boldogkőváralja,boldogkovaralja,village,21.2378103,48.3382138
348,Mogyoróska,mogyoroska,village,21.327408,48.3764617
348,Regéc,regec,village,21.3451985,48.3930678
348,Hejce,hejce,village,21.2806882,48.4240516
348,Seregélyes,seregelyes,village,18.578555,47.111617
348,Zichyújfalu,zichyujfalu,village,18.6712913,47.1258547
348,Sárosd,sarosd,village,18.6498216,47.0416106
348,Perkáta,perkata,village,18.7901236,47.0479725
348,Kulcs,kulcs,village,18.9163165,47.0529379
348,Rácalmás,racalmas,town,18.9393279,47.0259018
348,Adony,adony,town,18.8631074,47.1208993
348,Pusztaszabolcs,pusztaszabolcs,town,18.7576092,47.1385777
348,Besnyő,besnyo,village,18.7936451,47.1914649
348,Beloiannisz,beloiannisz,village,18.8255164,47.1821153
348,Iváncsa,ivancsa,village,18.8311498,47.1473327
348,Baracska,baracska,village,18.7575803,47.2857906
348,Szentmártonkáta,szentmartonkata,village,19.6916458,47.4440884
348,Kunhegyes,kunhegyes,town,20.6318292,47.3699089
348,Tiszaigar,tiszaigar,village,20.80037,47.5353221
348,Nagyiván,nagyivan,village,20.9271417,47.4848432
348,Lovasberény,lovasbereny,village,18.5526726,47.3099528
348,Pátka,patka,village,18.4870991,47.2770976
348,Csákvár,csakvar,town,18.464064,47.3918045
348,Pázmánd,pazmand,village,18.6566197,47.2836305
348,Vereb,vereb,village,18.6176784,47.3199528
348,Nadap,nadap,village,18.6174895,47.2579935
348,Vál,val,village,18.677646,47.3665339
348,Kajászó,kajaszo,village,18.7217551,47.3264844
348,Vértesacsa,vertesacsa,village,18.5794555,47.3741415
348,Alcsútdoboz,alcsutdoboz,village,18.603219,47.4254396
348,Felcsút,felcsut,village,18.5862386,47.4545349
348,Tabajd,tabajd,village,18.6264073,47.4064587
348,Etyek,etyek,village,18.7504665,47.4448813
348,Gánt,gant,village,18.3877802,47.3908585
348,Mór,mor,town,18.2090388,47.3720267
348,Zámoly,zamoly,village,18.4139732,47.3183087
348,Csókakő,csokako,village,18.2757791,47.3563896
348,Csákberény,csakbereny,village,18.3285962,47.3488619
348,Vértesboglár,vertesboglar,village,18.5247841,47.4289479
348,Bodmér,bodmer,village,18.5370275,47.4506102
348,Szár,szar,village,18.5185002,47.4787964
348,Polgárdi,polgardi,town,18.3067942,47.0563978
348,Pápa,papa,town,17.4705293,47.3261087
348,Körmend,kormend,town,16.6048737,47.0087059
348,Ják,jak,village,16.5807225,47.141049
348,Egyházasrádóc,egyhazasradoc,village,16.6129035,47.0867322
348,Felsőszölnök,felsoszolnok,village,16.1653928,46.8780527
348,Hajdúszoboszló,hajduszoboszlo,town,21.3902995,47.4431291
348,Kaba,kaba,town,21.2742641,47.3576246
348,Püspökladány,puspokladany,town,21.1122524,47.3196043
348,Mezőtúr,mezotur,town,20.6299513,47.0004724
348,Mezőberény,mezobereny,town,21.0290937,46.8240312
348,Szabadbattyán,szabadbattyan,village,18.3677694,47.1177414
348,Kőszárhegy,koszarhegy,village,18.3421918,47.092036
348,Tác,tac,village,18.4058071,47.0829509
348,Kisvárda,kisvarda,town,22.0784247,48.2257593
348,Ózd,ozd,town,20.2810727,48.2191757
348,Diósjenő,diosjeno,village,19.0437008,47.9395202
348,Tét,tet,town,17.5166682,47.5159522
348,Győrszemere,gyorszemere,village,17.562254,47.5528273
348,Zimány,zimany,village,17.9071462,46.4252137
348,Orci,orci,village,17.8723723,46.4061836
348,Rinyaújnép,rinyaujnep,village,17.3546111,46.0798962
348,Bakháza,bakhaza,village,17.3593728,46.1082398
348,Rinyaszentkirály,rinyaszentkiraly,village,17.3889437,46.1529179
348,Tarany,tarany,village,17.3018901,46.1832459
348,Bolhó,bolho,village,17.2978502,46.0384181
348,Heresznye,heresznye,village,17.2760401,46.0555387
348,Vízvár,vizvar,village,17.2317143,46.0907256
348,Bélavár,belavar,village,17.2149293,46.1216915
348,Somogyudvarhely,somogyudvarhely,village,17.1909701,46.1773427
348,Berzence,berzence,village,17.148481,46.2059813
348,Csurgó,csurgo,town,17.0950874,46.2642514
348,Dunavecse,dunavecse,town,18.9716536,46.9163658
348,Dúzs,duzs,village,18.3802721,46.4921925
348,Döbrököz,dobrokoz,village,18.239254,46.424126
348,Dombóvár,dombovar,town,18.1332865,46.3778989
348,Attala,attala,village,18.0660777,46.3765721
348,Csoma,csoma,village,18.0509268,46.3726866
348,Szabadi,szabadi,village,18.0311807,46.367823
348,Nagyberki,nagyberki,village,18.0074126,46.3574714
348,Mosdós,mosdos,village,17.9868705,46.3535065
348,Baté,bate,village,17.9627787,46.3589904
348,Taszár,taszar,village,17.9051541,46.3736269
348,Kaposfő,kaposfo,village,17.6698386,46.3618336
348,Kiskorpád,kiskorpad,village,17.6106437,46.364027
348,Nagybajom,nagybajom,town,17.511875,46.3936575
348,Böhönye,bohonye,village,17.3907201,46.4077758
348,Vése,vese,village,17.2911965,46.4118616
348,Nemesdéd,nemesded,village,17.2438609,46.4297304
348,Nemesvid,nemesvid,village,17.2485326,46.4857207
348,Somogysimonyi,somogysimonyi,village,17.2087919,46.4876201
348,Zalakomár,zalakomar,village,17.1756684,46.5463542
348,Zalakaros,zalakaros,town,17.1221529,46.5607855
348,Garabonc,garabonc,village,17.119683,46.5862361
348,Nagyrada,nagyrada,village,17.1183394,46.6195296
348,Zalaszabar,zalaszabar,village,17.1122538,46.6410525
348,Orosztony,orosztony,village,17.0618029,46.6269989
348,Kerecseny,kerecseny,village,17.0454058,46.6254231
348,Kilimán,kiliman,village,16.9949519,46.6377465
348,Alsórajk,alsorajk,village,16.9968401,46.6537147
348,Felsőrajk,felsorajk,village,16.9863145,46.6809597
348,Pötréte,potrete,village,16.9509894,46.6782671
348,Hahót,hahot,village,16.9227991,46.6488833
348,Szigetcsép,szigetcsep,village,18.9672674,47.2671482
348,Szigetújfalu,szigetujfalu,village,18.9235417,47.2332083
348,Kunszentmiklós,kunszentmiklos,town,19.1234855,47.0257098
348,Apostag,apostag,village,18.9673417,46.8832449
348,Dunaföldvár,dunafoldvar,town,18.9222921,46.810432
348,Nagyvenyim,nagyvenyim,village,18.8592732,46.9561887
348,Mezőszilas,mezoszilas,village,18.4749938,46.8158361
348,Mezőfalva,mezofalva,village,18.7790405,46.9324818
348,Újgalambos,ujgalambos,hamlet,18.8776601,46.9956249
348,Halásztelek,halasztelek,town,18.9811444,47.363105
348,Szigethalom,szigethalom,town,19.0001884,47.3245067
348,Dunavarsány,dunavarsany,town,19.0661045,47.2789632
348,Délegyháza,delegyhaza,village,19.066912,47.247818
348,Szigetbecse,szigetbecse,village,18.9491726,47.1305562
348,Makád,makad,village,18.9263252,47.0884358
348,Szigetszentmiklós,szigetszentmiklos,town,19.0452409,47.3487056
348,Dunaharaszti,dunaharaszti,town,19.0912203,47.3541549
348,Taksony,taksony,village,19.0623899,47.3299781
348,Gyál,gyal,town,19.2173066,47.3845453
348,Újireg,ujireg,village,18.1733545,46.6573791
348,Iregszemcse,iregszemcse,village,18.183599,46.6930094
348,Nagykónyi,nagykonyi,village,18.2032011,46.5903723
348,Koppányszántó,koppanyszanto,village,18.1117673,46.5929144
348,Értény,erteny,village,18.1339549,46.6105728
348,Törökkoppány,torokkoppany,village,18.0506298,46.6013936
348,Szorosad,szorosad,village,18.0233496,46.6014871
348,Somogydöröcske,somogydorocske,village,18.0063187,46.5871942
348,Somogyacsa,somogyacsa,village,17.9539462,46.5920287
348,Tamási,tamasi,town,18.2850331,46.6293978
348,Kéty,kety,village,18.5177398,46.4403964
348,Zomba,zomba,village,18.5659247,46.4108094
348,Kisdorog,kisdorog,village,18.4943188,46.3907426
348,Harc,harc,village,18.6177254,46.4029948
348,Bonyhádvarasd,bonyhadvarasd,village,18.4799664,46.3703376
348,Murga,murga,village,18.4879246,46.4607536
348,Szatta,szatta,village,16.4804421,46.7988919
348,Becsvölgye,becsvolgye,village,16.6812859,46.7592756
348,Szilvágy,szilvagy,village,16.6275931,46.7336298
348,Pórszombat,porszombat,village,16.5760102,46.7289288
348,Cup,cup,hamlet,16.5496633,46.7239205
348,Csesztreg,csesztreg,village,16.5164682,46.7184024
348,Kerkafalva,kerkafalva,village,16.4850401,46.7731901
348,Nagyrákos,nagyrakos,village,16.4584826,46.8286942
348,Pankasz,pankasz,village,16.4996403,46.8381922
348,Felsőjánosfa,felsojanosfa,village,16.5532584,46.8429359
348,Zalalövő,zalalovo,town,16.5852286,46.8461983
348,Zalacséb,zalacseb,village,16.6622873,46.8610108
348,Zalaszentgyörgy,zalaszentgyorgy,village,16.7041584,46.8725154
348,Kávás,kavas,village,16.7086719,46.8619846
348,Boncodfölde,boncodfolde,village,16.7384437,46.8686498
348,Teskánd,teskand,village,16.7781438,46.8527111
348,Gellénháza,gellenhaza,village,16.7836819,46.7601687
348,Sárhida,sarhida,village,16.8425323,46.757687
348,Bak,bak,village,16.8455824,46.7306266
348,Aba,aba,town,18.5216608,47.0292178
348,Sárbogárd,sarbogard,town,18.6196247,46.8874371
348,Sárkeresztúr,sarkeresztur,village,18.5481491,47.0061553
348,Káloz,kaloz,village,18.4823562,46.9552227
348,Sárszentágota,sarszentagota,village,18.5665592,46.9705991
348,Felsőkörtvélyes,felsokortvelyes,hamlet,18.5951116,46.9403125
348,Németfalu,nemetfalu,village,16.6857974,46.8158688
348,Salomvár,salomvar,village,16.6601672,46.850435
348,Nagylengyel,nagylengyel,village,16.7633768,46.778581
348,Rám,ram,hamlet,16.7652057,46.7950037
348,Babosdöbréte,babosdobrete,village,16.7795904,46.8140259
348,Dobronhegy,dobronhegy,village,16.7472857,46.8162537
348,Milejszeg,milejszeg,village,16.7419837,46.788773
348,Gombosszeg,gombosszeg,village,16.7192517,46.7556797
348,Csonkahegyhát,csonkahegyhat,village,16.7199807,46.801035
348,Kustánszeg,kustanszeg,village,16.6798925,46.785332
348,Őriszentpéter,oriszentpeter,town,16.4182244,46.8415658
348,Szalafő,szalafo,village,16.3635907,46.865519
348,Nagykapornak,nagykapornak,village,16.9927294,46.8181906
348,Ligetfalva,ligetfalva,village,17.060471,46.8232872
348,Zalacsány,zalacsany,village,17.097903,46.8065059
348,Ikrény,ikreny,village,17.5292492,47.654032
348,Szilsárkány,szilsarkany,village,17.2553253,47.5379828
348,Szil,szil,village,17.2319589,47.5013162
348,Rábasebes,rabasebes,village,17.2409711,47.440063
348,Vág,vag,village,17.2138266,47.4452298
348,Szany,szany,village,17.3048321,47.4617917
348,Csorna,csorna,town,17.2497955,47.6134153
348,Kóny,kony,village,17.3601631,47.6316029
348,Enese,enese,village,17.4218856,47.643899
348,Dág,dag,village,18.7201144,47.662206
348,Abda,abda,village,17.5409829,47.6976818
348,Börcs,borcs,village,17.5007155,47.6850359
348,Öttevény,otteveny,village,17.4885276,47.7250055
348,Vámosszabadi,vamosszabadi,village,17.6486876,47.7529429
348,Győrújfalu,gyorujfalu,village,17.6081756,47.7211947
348,Győrzámoly,gyorzamoly,village,17.5788417,47.7404316
348,Győrladamér,gyorladamer,village,17.5634287,47.7535231
348,Dunaszeg,dunaszeg,village,17.5400735,47.7696461
348,Ásványráró,asvanyraro,village,17.4996843,47.8299324
348,Hédervár,hedervar,village,17.4579729,47.8317006
348,Lipót,lipot,village,17.4616155,47.8613435
348,Darnózseli,darnozseli,village,17.4269011,47.8504906
348,Halászi,halaszi,village,17.3293251,47.8909561
348,Mosonmagyaróvár,mosonmagyarovar,town,17.2722342,47.8731793
348,Máriakálnok,mariakalnok,village,17.3243281,47.861884
348,Mórichida,morichida,village,17.4203324,47.5150931
348,Árpás,arpas,village,17.3936753,47.5133573
348,Egyed,egyed,village,17.3378908,47.5217162
348,Rábacsanak,rabacsanak,village,17.2894666,47.5254922
348,Rábaszentandrás,rabaszentandras,village,17.3281155,47.4596934
348,Kemenesszentpéter,kemenesszentpeter,village,17.2293189,47.4272734
348,Pápoc,papoc,village,17.128897,47.4131032
348,Dunasziget,dunasziget,village,17.3554366,47.9416346
348,Cikolasziget,cikolasziget,hamlet,17.3744568,47.9343312
348,Doborgazsziget,doborgazsziget,hamlet,17.3468629,47.9503714
348,Koroncó,koronco,village,17.5298156,47.5973773
348,Rábapatona,rabapatona,village,17.4809501,47.6318338
348,Bágyogszovát,bagyogszovat,village,17.3675387,47.5834947
348,Dör,dor,village,17.2987399,47.5979397
348,Barbacs,barbacs,village,17.2963302,47.6457253
348,Bősárkány,bosarkany,village,17.2493747,47.6904548
348,Jánossomorja,janossomorja,town,17.1364228,47.7859228
348,Levél,level,village,17.1999042,47.8930868
348,Városlőd,varoslod,village,17.6540976,47.1460699
348,Takácsi,takacsi,village,17.4698442,47.4004007
348,Gyarmat,gyarmat,village,17.4887773,47.4634405
348,Csikvánd,csikvand,village,17.4516855,47.4655032
348,Nagyszentpál,nagyszentpal,hamlet,17.5745373,47.5859015
348,Tényő,tenyo,village,17.6456212,47.5406578
348,Écs,ecs,village,17.7153122,47.5611951
348,Pannonhalma,pannonhalma,town,17.7541679,47.5502015
348,Nyúl,nyul,village,17.6889689,47.5899177
348,Nagyszentjános,nagyszentjanos,village,17.8711581,47.70919
348,Bábolna,babolna,town,17.9786783,47.6422592
348,Bana,bana,village,17.9196468,47.6505062
348,Boronka,boronka,hamlet,17.4495375,46.5864457
348,Csömend,csomend,village,17.4907887,46.570261
348,Nikla,nikla,village,17.5172735,46.5783111
348,Hódoshát,hodoshat,hamlet,17.5448369,46.5732377
348,Pusztakovácsi,pusztakovacsi,village,17.5739763,46.5303827
348,Somogyfajsz,somogyfajsz,village,17.5687406,46.5023272
348,Kürtöspuszta,kurtospuszta,hamlet,17.609962,46.5079109
348,Bodrog,bodrog,village,17.653198,46.4868462
348,Csombárd,csombard,village,17.6720808,46.4520865
348,Juta,juta,village,17.7342201,46.4060761
348,Tengelic,tengelic,village,18.7108467,46.5319473
348,Kanacspuszta,kanacspuszta,hamlet,18.8386534,46.7138098
348,Szedres,szedres,village,18.6848887,46.4744051
348,Dunakiliti,dunakiliti,village,17.2882323,47.9662482
348,Tejfalusziget,tejfalusziget,hamlet,17.3169893,47.9613216
348,Pálfa,palfa,village,18.6157181,46.7158855
348,Felsőrácegres,felsoracegres,hamlet,18.5966061,46.6844843
348,Szárazd,szarazd,village,18.4261435,46.569984
348,Aparhant,aparhant,village,18.4486863,46.3295939
348,Izmény,izmeny,village,18.414514,46.3133774
348,Szárász,szarasz,village,18.3725516,46.3488336
348,Hegyhátmaróc,hegyhatmaroc,village,18.3363916,46.3113681
348,Alsómocsolád,alsomocsolad,village,18.2450064,46.3130764
348,Ág,ag,village,18.204151,46.2959997
348,Ódombó,odombo,hamlet,18.144842,46.2999729
348,Tarrós,tarros,village,18.1420141,46.2813132
348,Gerényes,gerenyes,village,18.1849249,46.3054281
348,Sásd,sasd,town,18.1065598,46.2559563
348,Felsőegerszeg,felsoegerszeg,village,18.1337698,46.2538189
348,Varga,varga,village,18.1449653,46.2471825
348,Szatina,szatina,hamlet,18.0750187,46.2127765
348,Kisbajcs,kisbajcs,village,17.6812283,47.7452989
348,Szőgye,szogye,hamlet,17.7069168,47.7492542
348,Nagybajcs,nagybajcs,village,17.6868931,47.7644567
348,Mosonszentmiklós,mosonszentmiklos,village,17.4271186,47.7286866
348,Kimle,kimle,village,17.3709629,47.8268335
348,Farád,farad,village,17.2019351,47.606276
348,Rábatamási,rabatamasi,village,17.1696987,47.5885576
348,Jobaháza,jobahaza,village,17.1864967,47.5817526
348,Lébény,lebeny,town,17.3906258,47.7354942
348,Babót,babot,village,17.0756257,47.5759862
348,Veszkény,veszkeny,village,17.0857366,47.5998622
348,Agyagosszergény,agyagosszergeny,village,16.9409272,47.6092415
348,Szárföld,szarfold,village,17.1228148,47.5943178
348,Tékes,tekes,village,18.1743963,46.2868655
348,Kisvaszar,kisvaszar,village,18.2120605,46.2754661
348,Liget,liget,village,18.1913237,46.2361206
348,Bodolyabér,bodolyaber,village,18.1185967,46.1978846
348,Magyarszék,magyarszek,village,18.19639,46.1956595
348,Kapuvár,kapuvar,town,17.0274744,47.5936871
348,Kisbattyán,kisbattyan,hamlet,18.2684945,46.2285063
348,Szászvár,szaszvar,village,18.3783088,46.2744086
348,Máza,maza,village,18.3981379,46.2730422
348,Magyaregregy,magyaregregy,village,18.3082723,46.2510091
348,Nagycenk,nagycenk,village,16.6977433,47.6034133
348,Pereszteg,pereszteg,village,16.7351629,47.5932129
348,Fertőendréd,fertoendred,village,16.9082099,47.6051613
348,Petőháza,petohaza,village,16.8933475,47.597363
348,Fertőszentmiklós,fertoszentmiklos,town,16.8771779,47.5890357
348,Fertőd,fertod,town,16.8645834,47.6216348
348,Sarród,sarrod,village,16.860754,47.634367
348,Röjtökmuzsaj,rojtokmuzsaj,village,16.8356785,47.5564047
348,Nagylózs,nagylozs,village,16.7703934,47.5669714
348,Pinnye,pinnye,village,16.7686191,47.5871074
348,Sopronkövesd,sopronkovesd,village,16.7448252,47.5447471
348,Fertőrákos,fertorakos,village,16.6527782,47.7161504
348,Hidegség,hidegseg,village,16.7413826,47.6251989
348,Hegykő,hegyko,village,16.7940665,47.6216968
348,Markotabödöge,markotabodoge,village,17.31044,47.6817436
348,Rábcakapi,rabcakapi,village,17.2757237,47.7086192
348,Fehértó,feherto,village,17.3452873,47.6761959
348,Győrsövényház,gyorsovenyhaz,village,17.3737831,47.690064
348,Bezi,bezi,village,17.3919405,47.6743515
348,Feketeerdő,feketeerdo,village,17.2787127,47.9356591
348,Mosonszolnok,mosonszolnok,village,17.1741402,47.8527584
348,Újrónafő,ujronafo,village,17.2019677,47.8107082
348,Tárnokréti,tarnokreti,village,17.3073304,47.7217755
348,Bőny,bony,village,17.8674499,47.6506785
348,Töltéstava,toltestava,village,17.7342499,47.6269367
348,Pér,per,village,17.7979394,47.6123429
348,Mindszentpuszta,mindszentpuszta,hamlet,17.8335946,47.5845554
348,Mezőörs,mezoors,village,17.8794975,47.5687088
348,Rétalap,retalap,village,17.9101614,47.6061069
348,Csém,csem,village,18.0888713,47.6821792
348,Mocsa,mocsa,village,18.181483,47.6692513
348,Almásfüzitő,almasfuzito,village,18.2619857,47.7272163
348,Tatabánya,tatabanya,city,18.3979855,47.583845
348,Sopronnémeti,sopronnemeti,village,17.2073443,47.5364115
348,Magyarkeresztúr,magyarkeresztur,village,17.165459,47.5214172
348,Zsebeháza,zsebehaza,village,17.1913798,47.5113728
348,Bogyoszló,bogyoszlo,village,17.1862998,47.5591812
348,Potyond,potyond,village,17.1824427,47.5492377
348,Pásztori,pasztori,village,17.2725503,47.5572596
348,Rábapordány,rabapordany,village,17.3228724,47.5569204
348,Mérges,merges,village,17.4425748,47.6023653
348,Rábacsécsény,rabacsecseny,village,17.4238342,47.5879517
348,Rábaszentmihály,rabaszentmihaly,village,17.4332382,47.5787949
348,Bodonhely,bodonhely,village,17.4073298,47.5649133
348,Kisbabot,kisbabot,village,17.4172862,47.5558778
348,Rábaszentmiklós,rabaszentmiklos,village,17.4171145,47.5379181
348,Gyömöre,gyomore,village,17.5647405,47.5007383
348,Felpéc,felpec,village,17.5985879,47.523086
348,Kajárpéc,kajarpec,village,17.6272578,47.4951901
348,Szerecseny,szerecseny,village,17.5547417,47.4619347
348,Sokorópátka,sokoropatka,village,17.7006111,47.484475
348,Ravazd,ravazd,village,17.7518616,47.5111583
348,Pázmándfalu,pazmandfalu,village,17.7839964,47.5696422
348,Győrság,gyorsag,village,17.7521523,47.5802453
348,Nyalka,nyalka,village,17.8081139,47.5438069
348,Táp,tap,village,17.8320345,47.5168295
348,Tápszentmiklós,tapszentmiklos,village,17.8510293,47.4945365
348,Tarjánpuszta,tarjanpuszta,village,17.7861413,47.505322
348,Győrasszonyfa,gyorasszonyfa,village,17.8058287,47.4969133
348,Veszprémvarsány,veszpremvarsany,village,17.8294955,47.4273146
348,Bakonypéterd,bakonypeterd,village,17.7975324,47.4654288
348,Románd,romand,village,17.7918464,47.4472601
348,Lázi,lazi,village,17.8384606,47.4652414
348,Sikátor,sikator,village,17.8517675,47.4385016
348,Bakonygyirót,bakonygyirot,village,17.8046807,47.4179307
348,Bakonyszentlászló,bakonyszentlaszlo,village,17.8043374,47.3907437
348,Fenyőfő,fenyofo,village,17.7661891,47.3500815
348,Győrújbarát,gyorujbarat,village,17.6365733,47.6133844
348,Sobor,sobor,village,17.3690041,47.4757436
348,Páli,pali,village,17.1661904,47.4748121
348,Kisfalud,kisfalud,village,17.0883689,47.5294255
348,Mihályi,mihalyi,village,17.0950326,47.5157574
348,Vadosfa,vadosfa,village,17.1285065,47.4990597
348,Beled,beled,town,17.0898826,47.4661125
348,Vica,vica,hamlet,17.1034282,47.4793273
348,Edve,edve,village,17.134343,47.455319
348,Vásárosfalu,vasarosfalu,village,17.1188877,47.4548442
348,Rábakecöl,rabakecol,village,17.1161297,47.4342632
348,Cirák,cirak,village,17.0299729,47.4781801
348,Gyóró,gyoro,village,17.0213631,47.490743
348,Dénesfa,denesfa,village,17.0313462,47.4568279
348,Himod,himod,village,17.0040166,47.5188797
348,Vitnyéd,vitnyed,village,16.9799695,47.5871074
348,Hövej,hovej,village,17.0204242,47.5494574
348,Répcelak,repcelak,town,17.0154287,47.4195089
348,Répceszemere,repceszemere,village,16.9753846,47.4278029
348,Iván,ivan,village,16.9060265,47.4433037
348,Csáfordjánosfa,csafordjanosfa,village,16.9516953,47.4164207
348,Csér,cser,village,16.9330194,47.4174522
348,Csapod,csapod,village,16.9273006,47.5187663
348,Pusztacsalád,pusztacsalad,village,16.9031151,47.486997
348,Ebergőc,ebergoc,village,16.8115634,47.5636922
348,Lövő,lovo,village,16.7827241,47.5034563
348,Nemeskér,nemesker,village,16.8029043,47.4837829
348,Újkér,ujker,village,16.8145095,47.463142
348,Völcsej,volcsej,village,16.7629544,47.4979685
348,Sopronhorpács,sopronhorpacs,village,16.7387483,47.4838028
348,Und,und,village,16.6940316,47.488157
348,Egyházasfalu,egyhazasfalu,village,16.7654427,47.4650681
348,Zsira,zsira,village,16.6807707,47.4560444
348,Szakony,szakony,village,16.7166154,47.4271214
348,Répcevis,repcevis,village,16.6740124,47.4405129
348,Gyalóka,gyaloka,village,16.6961362,47.4432365
348,Ágfalva,agfalva,village,16.5137872,47.6905324
348,Fertőboz,fertoboz,village,16.7004603,47.6354424
348,Fertőhomok,fertohomok,village,16.7671432,47.6197601
348,Fertőszéplak,fertoszeplak,village,16.8342748,47.6169832
348,Osli,osli,village,17.0749299,47.6401697
348,Acsalag,acsalag,village,17.1988877,47.6752768
348,Maglóca,magloca,village,17.2753212,47.66332
348,Kunsziget,kunsziget,village,17.5152083,47.7393981
348,Mecsér,mecser,village,17.4767397,47.7957795
348,Károlyháza,karolyhaza,village,17.344787,47.8036155
348,Cakóháza,cakohaza,village,17.2862035,47.6962138
348,Dunaremete,dunaremete,village,17.437091,47.8766438
348,Kisbodak,kisbodak,village,17.4199533,47.8965132
348,Harka,harka,village,16.602306,47.6342337
348,Vének,venek,village,17.7594607,47.7394914
348,Várbalog,varbalog,village,17.0705589,47.8339827
348,Dunaalmás,dunaalmas,village,18.3351245,47.7334366
348,Várkesző,varkeszo,village,17.3153411,47.429224
348,Egyházaskesző,egyhazaskeszo,village,17.3291795,47.416714
348,Marcaltő,marcalto,village,17.3664994,47.4346329
348,Nemesgörzsöny,nemesgorzsony,village,17.3625205,47.3939594
348,Malomsok,malomsok,village,17.3960463,47.4525466
348,Kislőd,kislod,village,17.6217273,47.1446686
348,Ajka,ajka,town,17.5587276,47.1056579
348,Devecser,devecser,town,17.4364185,47.104052
348,Cserszegtomaj,cserszegtomaj,village,17.2264662,46.8061946
348,Balatonszőlős,balatonszolos,village,17.8292145,46.9673651
348,Balatonakarattya,balatonakarattya,village,18.1439403,47.0239663
348,Várpalota,varpalota,town,18.1399782,47.2006176
348,Pétfürdő,petfurdo,village,18.1209474,47.1599702
348,Öskü,osku,village,18.0730921,47.1601175
348,Csór,csor,village,18.2569467,47.204993
348,Olaszfalu,olaszfalu,village,17.9078919,47.2436541
348,Zirc,zirc,town,17.8718188,47.2613795
348,Berhida,berhida,town,18.1339369,47.1109931
348,Herend,herend,town,17.7523356,47.1328461
348,Rédics,redics,village,16.4846742,46.6149423
348,Lenti,lenti,town,16.5425891,46.6240149
348,Nagykanizsa,nagykanizsa,town,16.9923923,46.4548261
348,Zalaszentgrót,zalaszentgrot,town,17.0790205,46.9438023
348,Peresznye,peresznye,village,16.6477989,47.4245879
348,Kőszeg,koszeg,town,16.5406843,47.3894949
348,Bük,buk,town,16.753305,47.3833959
348,Celldömölk,celldomolk,town,17.1521883,47.2579643
348,Vasvár,vasvar,town,16.7998821,47.0490649
348,Szentgotthárd,szentgotthard,town,16.2748541,46.9528507
348,Buzsák,buzsak,village,17.5774653,46.6487053
348,Táska,taska,village,17.5214936,46.6159122
348,Bátonyterenye,batonyterenye,town,19.8272105,47.9955532
348,Pásztó,paszto,town,19.6997727,47.9210634
348,Kisbér,kisber,town,18.0300173,47.4992603
348,Oroszlány,oroszlany,town,18.3152076,47.487135
348,Bodajk,bodajk,town,18.233096,47.3227042
348,Lepsény,lepseny,village,18.2443639,46.9946682
348,Mezőszentgyörgy,mezoszentgyorgy,village,18.2738432,46.994048
348,Enying,enying,town,18.2449727,46.9269341
348,Záhony,zahony,town,22.1787677,48.4029055
348,Rohod,rohod,village,22.1353208,48.0274402
348,Baktalórántháza,baktaloranthaza,town,22.0793592,47.9994207
348,Kemecse,kemecse,town,21.7986929,48.0678349
348,Demecser,demecser,town,21.9252073,48.1136996
348,Tiszakarád,tiszakarad,village,21.7200178,48.2028406
348,Nagyhalász,nagyhalasz,town,21.7593891,48.1322422
348,Ibrány,ibrany,town,21.7102156,48.122594
348,Kékcse,kekcse,village,22.009493,48.251734
348,Tiszakanyár,tiszakanyar,village,21.9619428,48.2479618
348,Dombrád,dombrad,town,21.9244483,48.2256872
348,Rakamaz,rakamaz,town,21.4775144,48.12218
348,Tiszalök,tiszalok,town,21.3749662,48.0171761
348,Szorgalmatos,szorgalmatos,village,21.3685792,47.9885971
348,Tiszavasvári,tiszavasvari,town,21.3680532,47.956619
348,Nagykálló,nagykallo,town,21.8434965,47.874296
348,Hajdúhadház,hajduhadhaz,town,21.6692161,47.6822047
348,Újfehértó,ujfeherto,town,21.6829931,47.8008977
348,Nyírmihálydi,nyirmihalydi,village,21.9660572,47.7325301
348,Nyírlugos,nyirlugos,town,22.0417654,47.6920499
348,Kisléta,kisleta,village,22.0034849,47.8340953
348,Nyírbogát,nyirbogat,town,22.0620214,47.8014742
348,Nyírbátor,nyirbator,town,22.1322309,47.839511
348,Nyírgyulaj,nyirgyulaj,village,22.0896587,47.882828
348,Máriapócs,mariapocs,town,22.0231993,47.8785097
348,Mátészalka,mateszalka,town,22.3208477,47.9539113
348,Csenger,csenger,town,22.6794652,47.8363678
348,Nagyecsed,nagyecsed,town,22.3843037,47.862171
348,Szakoly,szakoly,village,21.901328,47.7616355
348,Balkány,balkany,town,21.8601316,47.770088
348,Fehérgyarmat,fehergyarmat,town,22.5167524,47.9850963
348,Mándok,mandok,town,22.1893584,48.3217182
348,Eperjeske,eperjeske,village,22.2120073,48.3452238
348,Nyírtelek,nyirtelek,town,21.6314008,48.0102668
348,Vásárosnamény,vasarosnameny,town,22.312647,48.1267635
348,Ócsa,ocsa,town,19.2313617,47.3011895
348,Vecsés,vecses,town,19.2643066,47.4068966
348,Üllő,ullo,town,19.3453263,47.3850605
348,Monor,monor,town,19.4468404,47.3527433
348,Pilis,pilis,town,19.5467411,47.2860696
348,Albertirsa,albertirsa,town,19.6127835,47.2457295
348,Gyömrő,gyomro,town,19.394503,47.4223375
348,Maglód,maglod,town,19.3593136,47.4449622
348,Pécel,pecel,town,19.3446801,47.4911201
348,Kistarcsa,kistarcsa,town,19.2636378,47.5447322
348,Nagykáta,nagykata,town,19.7503736,47.4138187
348,Tura,tura,town,19.5949442,47.60935
348,Örkény,orkeny,town,19.4309024,47.1297585
348,Hernád,hernad,village,19.4070801,47.1650755
348,Jászjákóhalma,jaszjakohalma,village,19.9891136,47.5219388
348,Jászapáti,jaszapati,town,20.1404245,47.5137235
348,Adács,adacs,village,19.9751962,47.691546
348,Jászárokszállás,jaszarokszallas,town,19.9786517,47.6445417
348,Jászfényszaru,jaszfenyszaru,town,19.7168149,47.5692314
348,Abádszalók,abadszalok,town,20.5997748,47.4760139
348,Túrkeve,turkeve,town,20.7475819,47.1008853
348,Újszász,ujszasz,town,20.0702678,47.2844426
348,Kerecsend,kerecsend,village,20.3461026,47.7940489
348,Ostoros,ostoros,village,20.4288434,47.8669963
348,Szilvásvárad,szilvasvarad,village,20.3871297,48.1033386
348,Bélapátfalva,belapatfalva,town,20.3448732,48.0517179
348,Kisköre,kiskore,town,20.4925043,47.4994568
348,Lőrinci,lorinci,town,19.6773099,47.7400504
348,Bükkszenterzsébet,bukkszenterzsebet,village,20.1554581,48.0507263
348,Pétervására,petervasara,town,20.0983738,48.0192068
348,Polgár,polgar,town,21.1141032,47.8707939
348,Hajdúböszörmény,hajduboszormeny,town,21.5078944,47.6716617
348,Hajdúsámson,hajdusamson,town,21.7537139,47.5989514
348,Vámospércs,vamospercs,town,21.8987164,47.5267293
348,Nyíradony,nyiradony,town,21.9053502,47.6913589
348,Hajdúnánás,hajdunanas,town,21.4279002,47.8452241
348,Hajdúdorog,hajdudorog,town,21.5006846,47.8157169
348,Tiszacsege,tiszacsege,town,20.9935969,47.6975481
348,Derecske,derecske,town,21.5709171,47.3539466
348,Berettyóújfalu,berettyoujfalu,town,21.5355206,47.2247273
348,Komádi,komadi,town,21.4882954,47.0015182
348,Nádudvar,nadudvar,town,21.1593087,47.4285575
348,Monostorpályi,monostorpalyi,village,21.7734281,47.3974068
348,Létavértes,letavertes,town,21.8764089,47.3853112
348,Balmazújváros,balmazujvaros,town,21.3437378,47.6116279
348,Csongrád,csongrad,town,20.1537305,46.7097618
348,Sándorfalva,sandorfalva,town,20.1042174,46.3657365
348,Mindszent,mindszent,town,20.186003,46.524022
348,Kistelek,kistelek,town,19.9812009,46.4704606
348,Ópusztaszer,opusztaszer,village,20.0641986,46.4971782
348,Szentes,szentes,town,20.2566408,46.6524049
348,Tiszaújváros,tiszaujvaros,town,21.0467056,47.9280341
348,Szerencs,szerencs,town,21.2010881,48.1633851
348,Alsózsolca,alsozsolca,town,20.8819968,48.0703015
348,Szikszó,szikszo,town,20.9275021,48.2015243
348,Encs,encs,town,21.1222112,48.3305743
348,Sárospatak,sarospatak,town,21.5655524,48.3216823
348,Sátoraljaújhely,satoraljaujhely,town,21.6561497,48.3960978
348,Szendrő,szendro,town,20.7324798,48.4030034
348,Putnok,putnok,town,20.4342869,48.2942607
348,Borsodnádasd,borsodnadasd,town,20.246177,48.1230335
348,Mezőkövesd,mezokovesd,town,20.5660889,47.8097525
348,Mezőcsát,mezocsat,town,20.903168,47.8175357
348,Abaújszántó,abaujszanto,town,21.1855002,48.278706
348,Cigánd,cigand,town,21.8904926,48.2572311
348,Szuhogy,szuhogy,village,20.6737614,48.3838503
348,Rudabánya,rudabanya,town,20.6224508,48.373781
348,Gyomaendrőd,gyomaendrod,town,20.8260916,46.9358032
348,Csorvás,csorvas,town,20.8336244,46.6304122
348,Tótkomlós,totkomlos,town,20.7366044,46.4115096
348,Mezőhegyes,mezohegyes,town,20.8194076,46.3139611
348,Mezőkovácsháza,mezokovacshaza,town,20.9236006,46.4073383
348,Sarkad,sarkad,town,21.3836478,46.7422871
348,Körösladány,korosladany,town,21.0774039,46.9618183
348,Vésztő,veszto,town,21.2598799,46.9241978
348,Battonya,battonya,town,21.0218929,46.2858683
348,Békés,bekes,town,21.1325877,46.7717431
348,Dévaványa,devavanya,town,20.9620971,47.0313464
348,Elek,elek,town,21.2526107,46.5294265
348,Kétegyháza,ketegyhaza,village,21.1856277,46.5455442
348,Füzesgyarmat,fuzesgyarmat,town,21.2118478,47.1076826
348,Szentlőrinc,szentlorinc,town,17.988914,46.0415605
348,Sellye,sellye,town,17.8514053,45.8735444
348,Pécsvárad,pecsvarad,town,18.4206938,46.1608411
348,Hetényegyháza,hetenyegyhaza,village,19.5834956,46.9274969
348,Kerekegyháza,kerekegyhaza,town,19.4825067,46.9358768
348,Szabadszállás,szabadszallas,town,19.2225016,46.8752316
348,Izsák,izsak,town,19.3595369,46.800917
348,Akasztó,akaszto,village,19.2063536,46.6909821
348,Kiskőrös,kiskoros,town,19.2843551,46.6205706
348,Soltvadkert,soltvadkert,town,19.3942728,46.5820205
348,Császártöltés,csaszartoltes,village,19.1784944,46.4229794
348,Hajós,hajos,town,19.1172178,46.3982959
348,Baja,baja,town,18.9517255,46.1785471
348,Felsőszentiván,felsoszentivan,village,19.1881586,46.1947597
348,Tataháza,tatahaza,village,19.3012323,46.1753439
348,Bácsalmás,bacsalmas,town,19.3319128,46.1274127
348,Jánoshalma,janoshalma,town,19.3235909,46.2972264
348,Kiskunhalas,kiskunhalas,town,19.4812571,46.4304454
348,Kiskunmajsa,kiskunmajsa,town,19.7393121,46.4906228
348,Kiskunfélegyháza,kiskunfelegyhaza,town,19.8501648,46.7114381
348,Lajosmizse,lajosmizse,town,19.5582644,47.0264714
348,Lakitelek,lakitelek,village,20.0003712,46.8736335
348,Tiszakécske,tiszakecske,town,20.1045358,46.9315289
348,Tompa,tompa,town,19.5374011,46.2049292
348,Kajdacs,kajdacs,village,18.6185731,46.5640794
348,Szőlőhegy,szolohegy,hamlet,18.6111062,46.4542949
348,Medina,medina,village,18.6433566,46.4738585
348,Dunaegyháza,dunaegyhaza,village,18.9564556,46.8399215
348,Nyárlőrinc,nyarlorinc,village,19.8740931,46.8605244
348,Tiszakürt,tiszakurt,village,20.1235659,46.8849074
348,Tiszaug,tiszaug,village,20.0579352,46.8516867
348,Tiszainoka,tiszainoka,village,20.1522487,46.9060986
348,Cibakháza,cibakhaza,village,20.2062362,46.9590236
348,Sükösd,sukosd,village,18.9958175,46.2864294
348,Fajsz,fajsz,village,18.9219733,46.4161452
348,Homokmégy,homokmegy,village,19.0737359,46.4879879
348,Miske,miske,village,19.0320713,46.4423649
348,Drágszél,dragszel,village,19.0386763,46.4671644
348,Halom,halom,hamlet,19.0539018,46.512868
348,Újtelek,ujtelek,village,19.058292,46.5890819
348,Alsómégy,alsomegy,hamlet,19.1201863,46.4878416
348,Kiskecskemégy,kiskecskemegy,hamlet,19.0531697,46.5027845
348,Szakmár,szakmar,village,19.075931,46.5553977
348,Kistény,kisteny,hamlet,19.0690307,46.5752766
348,Öregtény,oregteny,hamlet,19.0485117,46.5739489
348,Gombolyag,gombolyag,hamlet,19.0290175,46.5827616
348,Alsóerek,alsoerek,hamlet,19.0883049,46.5850032
348,Felsőerek,felsoerek,hamlet,19.0841888,46.606456
348,Ordas,ordas,village,18.9493231,46.6361256
348,Géderlak,gederlak,village,18.9140472,46.6085156
348,Uszód,uszod,village,18.9053538,46.5697854
348,Foktő,fokto,village,18.9192935,46.5290133
348,Dunaszentbenedek,dunaszentbenedek,village,18.894405,46.5938701
348,Soltszentimre,soltszentimre,village,19.2869057,46.7710797
348,Kullér,kuller,hamlet,19.3096677,46.7405376
348,Kaskantyú,kaskantyu,village,19.3869842,46.6714618
348,Csengőd,csengod,village,19.2675736,46.7160913
348,Tabdi,tabdi,village,19.3077169,46.6846564
348,Fülöpszállás,fulopszallas,village,19.2395832,46.8200875
348,Páhi,pahi,village,19.386505,46.7131018
348,Mikebuda,mikebuda,village,19.6152108,47.1568933
348,Őcsény,ocseny,village,18.7589115,46.3118597
348,Decs,decs,village,18.7600689,46.2843291
348,Sárpilis,sarpilis,village,18.7371932,46.2470572
348,Várdomb,vardomb,village,18.6848572,46.2485727
348,Csávoly,csavoly,village,19.1441018,46.194385
348,Mélykút,melykut,town,19.3792097,46.2151957
348,Kisszállás,kisszallas,village,19.4912631,46.2806553
348,Kehidakustány,kehidakustany,village,17.0943015,46.8429994
348,Zalaköszvényes,zalakoszvenyes,hamlet,17.1409775,46.7902659
348,Felsőpáhok,felsopahok,village,17.1559057,46.7844916
348,Mátraháza,matrahaza,hamlet,19.9791112,47.8688912
348,Mátraszentlászló,matraszentlaszlo,hamlet,19.8794818,47.9249194
348,Fallóskút,falloskut,village,19.8461892,47.9073176
348,Mátraszentistván,matraszentistvan,hamlet,19.8700952,47.9272503
348,Röszke,roszke,village,20.0354983,46.1872427
348,Fertőújlak,fertoujlak,hamlet,16.8453323,47.6929492
348,Kelebia,kelebia,village,19.6071741,46.1971101
348,Kemenesmagasi,kemenesmagasi,village,17.2111415,47.3317908
348,Vönöck,vonock,village,17.1605701,47.3132864
348,Kemenesszentmárton,kemenesszentmarton,village,17.1634,47.2935545
348,Tokorcs,tokorcs,village,17.0997957,47.2697913
348,Nagysimonyi,nagysimonyi,village,17.065648,47.2631656
348,Sitke,sitke,village,17.0242831,47.242815
348,Pirtó,pirto,village,19.4319578,46.5147399
348,Lókút,lokut,village,17.8689921,47.2057972
348,Hárskút,harskut,village,17.8084345,47.1848578
348,Eplény,epleny,village,17.9163865,47.2078019
348,Márkó,marko,village,17.8144133,47.1211315
348,Balatonfüred,balatonfured,town,17.888892,46.9567254
348,Pénzesgyőr,penzesgyor,village,17.7871161,47.23044
348,Somhegy,somhegy,hamlet,17.760401,47.2520548
348,Bakonybél,bakonybel,village,17.7280196,47.2551092
348,Nagygyimót,nagygyimot,village,17.5498464,47.3392131
348,Béb,beb,village,17.6006698,47.3440341
348,Bakonykoppány,bakonykoppany,village,17.6866492,47.3304801
348,Csabrendek,csabrendek,village,17.2895632,47.0131804
348,Nyirád,nyirad,village,17.4545943,47.0056272
348,Halimba,halimba,village,17.5356155,47.0332649
348,Petea,petea,village,22.7868212,47.8516184
348,Mike,mike,village,17.5295309,46.2425273
348,Szigetszentmárton,szigetszentmarton,village,18.9576052,47.2286092
348,Tóalmás,toalmas,village,19.6637179,47.5095624
348,Érsekhalma,ersekhalma,village,19.1236841,46.3480077
348,Nemesnádudvar,nemesnadudvar,village,19.0521601,46.3392074
348,Karakószörcsök,karakoszorcsok,village,17.2864719,47.132108
348,Kerta,kerta,village,17.2744856,47.1622477
348,Iszkáz,iszkaz,village,17.2979732,47.164097
348,Tüskevár,tuskevar,village,17.3129078,47.1184427
348,Apácatorna,apacatorna,village,17.2953983,47.1119007
348,Veszprémgalsa,veszpremgalsa,village,17.2668978,47.0928796
348,Szentimrefalva,szentimrefalva,village,17.2820087,47.072983
348,Kisberzseny,kisberzseny,village,17.26598,47.1057473
348,Dáka,daka,village,17.4278945,47.2865155
348,Vid,vid,village,17.3371544,47.2130555
348,Nagyalásony,nagyalasony,village,17.3581286,47.2297851
348,Somlószőlős,somloszolos,village,17.3555881,47.1748363
348,Kup,kup,village,17.4645595,47.2483716
348,Pápakovácsi,papakovacsi,village,17.4847176,47.2642833
348,Nóráp,norap,village,17.4571696,47.2737541
348,Bakonypölöske,bakonypoloske,village,17.4880394,47.2106927
348,Noszlop,noszlop,village,17.4582183,47.1792992
348,Nemeshany,nemeshany,village,17.364085,47.0695043
348,Káptalanfa,kaptalanfa,village,17.3441292,47.0658851
348,Gyepükaján,gyepukajan,village,17.3265641,47.0442283
348,Sümegprága,sumegpraga,village,17.2774176,46.9411152
348,Bazsi,bazsi,village,17.2475113,46.9315485
348,Zalaszántó,zalaszanto,village,17.2258253,46.8877805
348,Vámpuszta,vampuszta,hamlet,18.5021896,46.756347
348,Apátvarasd,apatvarasd,village,18.4802094,46.1863154
348,Pusztakisfalu,pusztakisfalu,hamlet,18.4685289,46.1739344
348,Lovászhetény,lovaszheteny,village,18.4753136,46.1576056
348,Erdősmecske,erdosmecske,village,18.51359,46.172716
348,Feked,feked,village,18.5599129,46.1609522
348,Szebény,szebeny,village,18.5869673,46.1310592
348,Szűr,szur,village,18.5807089,46.0992073
348,Himesháza,himeshaza,village,18.5698349,46.0859355
348,Véménd,vemend,village,18.6172563,46.1569155
348,Palotabozsok,palotabozsok,village,18.6409628,46.1288343
348,Görcsönydoboka,gorcsonydoboka,village,18.6273869,46.0708022
348,Somberek,somberek,village,18.6605462,46.0809593
348,Székelyszabar,szekelyszabar,village,18.6055839,46.0436607
348,Erdősmárok,erdosmarok,village,18.546034,46.056067
348,Kisgeresd,kisgeresd,hamlet,18.5287821,46.1275851
348,Geresdlak,geresdlak,village,18.527004,46.1083102
348,Maráza,maraza,village,18.51359,46.0750642
348,Fazekasboda,fazekasboda,village,18.4846651,46.1229748
348,Nagypall,nagypall,village,18.4572422,46.1447737
348,Várgesztes,vargesztes,village,18.3971059,47.4723494
348,Csetény,cseteny,village,17.9962766,47.3171578
348,Szőc,szoc,village,17.5132855,47.0221696
348,Öcs,ocs,village,17.6121464,47.0010835
348,Pula,pula,village,17.6479532,46.9974181
348,Nagyvázsony,nagyvazsony,village,17.6984864,46.9835252
348,Tótvázsony,totvazsony,village,17.7874287,47.0083012
348,Dánszentmiklós,danszentmiklos,village,19.5561129,47.2077306
348,Pusztavacs,pusztavacs,village,19.498132,47.173855
348,Tatárszentgyörgy,tatarszentgyorgy,village,19.3694988,47.0823354
348,Káva,kava,village,19.5879305,47.3556823
348,Pánd,pand,village,19.6327453,47.3507322
348,Tápióbicske,tapiobicske,village,19.6867465,47.3622153
348,Farmos,farmos,village,19.8489595,47.3616376
348,Vámosgyörk,vamosgyork,village,19.9279066,47.68085
348,Nagymányok,nagymanyok,town,18.459239,46.2824922
348,Pusztahencse,pusztahencse,village,18.7140762,46.5943047
348,Györköny,gyorkony,village,18.6945738,46.6345169
348,Felsőtengelic,felsotengelic,hamlet,18.7315956,46.5575156
348,Keszőhidegkút,keszohidegkut,village,18.4227536,46.6122769
348,Belecska,belecska,village,18.415949,46.6418258
348,Nagybörzsöny,nagyborzsony,village,18.8243865,47.9360037
348,Gyarmatpuszta,gyarmatpuszta,hamlet,18.6067148,47.5857785
348,Horvátzsidány,horvatzsidany,village,16.6251867,47.4108761
348,Csősz,csosz,village,18.4179018,47.0361512
348,Soponya,soponya,village,18.4558342,47.0111124
348,Sáregres,saregres,village,18.5970019,46.781346
348,Bogyiszló,bogyiszlo,village,18.8166969,46.3832444
348,Fehérvárcsurgó,fehervarcsurgo,village,18.2658414,47.2905701
348,Iszkaszentgyörgy,iszkaszentgyorgy,village,18.2950197,47.2381981
348,Kincsesbánya,kincsesbanya,village,18.2739108,47.2644597
348,Söréd,sored,village,18.2807421,47.3226866
348,Pusztamarót,pusztamarot,hamlet,18.5201011,47.6880597
348,Újmajor,ujmajor,hamlet,18.7898066,47.534941
348,Nagytarcsa,nagytarcsa,village,19.2835163,47.5267788
348,Hantos,hantos,village,18.6991205,46.9948664
348,Aszófő,aszofo,village,17.8333945,46.9288872
348,Pusztavám,pusztavam,village,18.227975,47.4293464
348,Bakonysárkány,bakonysarkany,village,18.1014985,47.4479595
348,Döbrönte,dobronte,village,17.5478349,47.2278992
348,Csesznek,csesznek,village,17.8827939,47.3543147
348,Bakonyszentkirály,bakonyszentkiraly,village,17.8826006,47.3639276
348,Kőhányáspuszta,kohanyaspuszta,hamlet,18.3910463,47.4428865
348,Vérteskozma,verteskozma,hamlet,18.4351953,47.4547919
348,Bag,bag,village,19.4792099,47.6337331
348,Nézsa,nezsa,village,19.2976212,47.8448824
348,Alsópetény,alsopeteny,village,19.2448933,47.874758
348,Romhány,romhany,village,19.2590383,47.9215061
348,Legénd,legend,village,19.3110409,47.8779897
348,Szátok,szatok,village,19.2337109,47.9566873
348,Németbánya,nemetbanya,village,17.6465684,47.2147128
348,Bakonyjákó,bakonyjako,village,17.5982426,47.2261603
348,Tevel,tevel,village,18.4555663,46.41248
348,Tornyópuszta,tornyopuszta,hamlet,18.4988478,47.5702579
348,Szárliget,szarliget,village,18.4935586,47.5184474
348,Újbarok,ujbarok,village,18.557874,47.4785356
348,Vértessomló,vertessomlo,village,18.365137,47.5111685
348,Kutas,kutas,village,17.4530309,46.3320657
348,Beleg,beleg,village,17.4115746,46.3167982
348,Szentgyörgypuszta,szentgyorgypuszta,hamlet,18.982653,47.0359652
348,Szólád,szolad,village,17.8395303,46.786529
348,Teleki,teleki,village,17.8245838,46.7725133
348,Nagycsepely,nagycsepely,village,17.834596,46.74979
348,Kötcse,kotcse,village,17.8601652,46.7518662
348,Kalocsa,kalocsa,town,18.9825043,46.5230265
348,Bátya,batya,village,18.954523,46.4874153
348,Kaposmérő,kaposmero,village,17.7055288,46.3612591
348,Inke,inke,village,17.1994768,46.3947291
348,Iharosberény,iharosbereny,village,17.1114138,46.3635026
348,Pogányszentpéter,poganyszentpeter,village,17.0630142,46.3841252
348,Daránypuszta,daranypuszta,hamlet,18.1452036,46.7675188
348,Siófok,siofok,town,18.0541598,46.9071694
348,Kishertelend,kishertelend,hamlet,18.1889459,46.2107044
348,Sántos,santos,village,17.8834666,46.3438961
348,Boldogasszonyfa,boldogasszonyfa,village,17.8381187,46.1794268
348,Bőszénfa,boszenfa,village,17.8503608,46.2298552
348,Bocska,bocska,village,16.9161512,46.5561508
348,Bagod,bagod,village,16.7437582,46.8768639
348,Hagyárosbörönd,hagyarosborond,village,16.7045547,46.9104388
348,Hegyhátsál,hegyhatsal,village,16.6423118,46.960057
348,Katafa,katafa,village,16.6294379,46.9756782
348,Veszprém,veszprem,city,17.9080406,47.0933824
348,Ipolydamásd,ipolydamasd,village,18.8293316,47.8416246
348,Kóspallag,kospallag,village,18.9360409,47.874093
348,Márianosztra,marianosztra,village,18.8719747,47.8648044
348,Perőcsény,perocseny,village,18.8609112,47.9955256
348,Pócsa,pocsa,village,18.4704151,45.9094142
348,Borjád,borjad,village,18.4683599,45.9353208
348,Töttös,tottos,village,18.5413901,45.9146302
348,Nagynyárád,nagynyarad,village,18.5784274,45.9449366
348,Dunaszekcső,dunaszekcso,village,18.7597386,46.0849215
348,Dunafalva,dunafalva,village,18.7725538,46.0838489
348,Четфалва,chetfalva,village,22.792406,48.12315
348,Nagykozár,nagykozar,village,18.3197191,46.0655832
348,Szálka,szalka,village,18.6372014,46.2773672
348,Sárkeresztes,sarkeresztes,village,18.3525837,47.2525814
348,Magyaralmás,magyaralmas,village,18.3241789,47.2956951
348,Bosta,bosta,village,18.2109851,45.9496463
348,Szalánta,szalanta,village,18.2373967,45.9473169
348,Túrony,turony,village,18.23178,45.9038324
348,Felsőcsöde,felsocsode,hamlet,16.5319947,46.8162114
348,Zók,zok,village,18.0982581,46.0118334
348,Bicsérd,bicserd,village,18.0815466,46.0225603
348,Ótompahát,otompahat,hamlet,20.4395313,46.5733019
348,Kaposszerdahely,kaposszerdahely,village,17.7557476,46.3225756
348,Szenna,szenna,village,17.7319121,46.3083953
348,Patca,patca,village,17.7237804,46.2846322
348,Szilvásszentmárton,szilvasszentmarton,village,17.7238332,46.2683416
348,Zselickisfalud,zselickisfalud,village,17.7355814,46.2740706
348,Károlymajor,karolymajor,hamlet,20.7634693,46.6340151
348,Rudolfmajor,rudolfmajor,hamlet,20.7755166,46.6448145
348,Nagymágocs,nagymagocs,village,20.4811682,46.5834517
348,Püspökszentlászló,puspokszentlaszlo,hamlet,18.3619703,46.1888428
348,Kisújbánya,kisujbanya,hamlet,18.3696827,46.2112306
348,Szentbalázs,szentbalazs,village,17.8959647,46.319168
348,Kiscsákó,kiscsako,hamlet,20.7529455,46.7023276
348,Geisztcsákó,geisztcsako,hamlet,20.7898732,46.7183905
348,Oszkó,oszko,village,16.8745229,47.0464985
348,Hegyhátszentpéter,hegyhatszentpeter,village,16.8136744,46.9815146
348,Győrvár,gyorvar,village,16.8410909,46.9871009
348,Pácsony,pacsony,village,16.850835,47.0156586
348,Petőmihályfa,petomihalyfa,village,16.7864369,46.9807549
348,Olaszfa,olaszfa,village,16.884111,47.0135482
348,Andrásfa,andrasfa,village,16.7936089,46.9636752
348,Bükkösd,bukkosd,village,17.9960113,46.1097599
348,Helesfa,helesfa,village,17.9772084,46.0883058
348,Pécsbagota,pecsbagota,village,18.0730292,45.9908748
348,Szabadszentkirály,szabadszentkiraly,village,18.0421248,46.0063396
348,Gerde,gerde,village,18.025516,45.9916086
348,Királyegyháza,kiralyegyhaza,village,17.9686491,45.9968786
348,Tarcsapuszta,tarcsapuszta,hamlet,18.0231995,46.032058
348,Gersekarát,gersekarat,village,16.7434698,46.979902
348,Cserkút,cserkut,village,18.1371037,46.0786701
348,Boda,boda,village,18.0478346,46.0808583
348,Csonkamindszent,csonkamindszent,village,17.9664763,46.0519932
348,Kacsóta,kacsota,village,17.9570625,46.0376714
348,Szentdénes,szentdenes,village,17.9283102,46.0074851
348,Katádfa,katadfa,village,17.8695783,45.9982121
348,Bánfa,banfa,village,17.8810405,45.9959778
348,Rózsafa,rozsafa,village,17.889336,46.0225795
348,Nyugotszenterzsébet,nyugotszenterzsebet,village,17.9109362,46.076124
348,Kispeterd,kispeterd,hamlet,17.877427,46.0610347
348,Botykapeterd,botykapeterd,village,17.8670876,46.048877
348,Nagypeterd,nagypeterd,village,17.8951313,46.0457685
348,Nagyváty,nagyvaty,village,17.9315911,46.059924
348,Dencsháza,dencshaza,village,17.8346119,45.9947523
348,Szentegát,szentegat,village,17.8237416,45.9776566
348,Gyód,gyod,village,18.1781782,46.0016925
348,Hosszúhetény,hosszuheteny,village,18.3527689,46.1613038
348,Kővágószőlős,kovagoszolos,village,18.1250669,46.082967
348,Golgota,golgota,hamlet,18.111255,46.0827469
348,Bakonya,bakonya,village,18.0804728,46.0852894
348,Kővágótöttös,kovagotottos,village,18.1003124,46.0842649
348,Barátúr,baratur,hamlet,18.1737297,46.1898898
348,Magyarhertelend,magyarhertelend,village,18.1515426,46.1892361
348,Kisasszond,kisasszond,village,17.6414251,46.3310083
348,Gige,gige,village,17.6085523,46.3007246
348,Pálmajor,palmajor,village,17.5672477,46.3850771
348,Pécsudvard,pecsudvard,village,18.2739519,46.0139386
348,Szemely,szemely,village,18.3269644,46.008814
348,Vörs,vors,village,17.2703932,46.6654371
348,Főnyed,fonyed,village,17.2582876,46.6310725
348,Szegerdő,szegerdo,village,17.2780628,46.6346854
348,Tikos,tikos,village,17.2880417,46.6355756
348,Hollád,hollad,village,17.3084075,46.6398175
348,Sávoly,savoly,village,17.2690765,46.5920972
348,Somogysámson,somogysamson,village,17.299011,46.5874314
348,Szőkedencs,szokedencs,village,17.2493026,46.5546719
348,Csákány,csakany,village,17.2714904,46.5406441
348,Somogyzsitfa,somogyzsitfa,village,17.2974276,46.5530506
348,Gadány,gadany,village,17.3917884,46.5170537
348,Kelevíz,keleviz,village,17.4215832,46.5204012
348,Mesztegnyő,mesztegnyo,village,17.4239393,46.5044952
348,Hosszúvíz,hosszuviz,village,17.4433987,46.5170799
348,Libickozma,libickozma,village,17.5333804,46.522576
348,Újvárfalva,ujvarfalva,village,17.5738533,46.4340375
348,Somogysárd,somogysard,village,17.5967699,46.4120262
348,Varászló,varaszlo,village,17.217243,46.4348111
348,Somogyszentpál,somogyszentpal,village,17.4739383,46.6416151
348,Gyugy,gyugy,village,17.6821009,46.6923084
348,Bálványos,balvanyos,village,17.9520691,46.7816621
348,Lulla,lulla,village,18.0237865,46.7892822
348,Torvaj,torvaj,village,18.0438851,46.7640947
348,Sérsekszőlős,sersekszolos,village,18.0165938,46.7629282
348,Kapoly,kapoly,village,17.9707293,46.7309234
348,Kánya,kanya,village,18.0679218,46.6999371
348,Tengőd,tengod,village,18.0970397,46.6994188
348,Bábonymegyer,babonymegyer,village,18.1195573,46.7516739
348,Nyim,nyim,village,18.1083086,46.8024715
348,Nagyberény,nagybereny,village,18.1639971,46.7982528
348,Ádánd,adand,village,18.1541377,46.8570109
348,Siójut,siojut,village,18.1387818,46.8794113
348,Balatonszabadi,balatonszabadi,village,18.133571,46.8913312
348,Somogyegres,somogyegres,village,18.0266709,46.6757708
348,Zics,zics,village,17.9787438,46.6774426
348,Bedegkér,bedegker,village,18.0611488,46.6522235
348,Nágocs,nagocs,village,17.9539656,46.6645895
348,Miklósi,miklosi,village,17.9963259,46.6472841
348,Kára,kara,village,18.0106522,46.617343
348,Gadács,gadacs,village,18.0061193,46.5376304
348,Somogyszil,somogyszil,village,17.9941954,46.5203533
348,Bonnya,bonnya,village,17.9011782,46.5945518
348,Kisbárapáti,kisbarapati,village,17.8660958,46.6029797
348,Fiad,fiad,village,17.8381159,46.6340126
348,Felsőmocsolád,felsomocsolad,village,17.8249896,46.5763073
348,Ecseny,ecseny,village,17.8523616,46.5510888
348,Polány,polany,village,17.7727257,46.5583215
348,Gamás,gamas,village,17.7625713,46.6202379
348,Somogygeszti,somogygeszti,village,17.7829932,46.5189631
348,Alsóbogát,alsobogat,village,17.7500439,46.5101968
348,Edde,edde,village,17.7160089,46.5248859
348,Somogyjád,somogyjad,village,17.7158814,46.4914921
348,Várda,varda,village,17.7404394,46.4616382
348,Magyaregres,magyaregres,village,17.7696329,46.4601765
348,Hács,hacs,village,17.6874328,46.645979
348,Kisberény,kisbereny,village,17.6586754,46.6377404
348,Zselickislak,zselickislak,village,17.7978214,46.3111058
348,Simonfa,simonfa,village,17.8229682,46.2839544
348,Kaposgyarmat,kaposgyarmat,village,17.8832113,46.2799324
348,Hedrehely,hedrehely,village,17.6521631,46.1961534
348,Visnye,visnye,village,17.6767126,46.191276
348,Kőkút,kokut,village,17.5745571,46.19288
348,Rinyabesenyő,rinyabesenyo,village,17.520009,46.1663844
348,Homokszentgyörgy,homokszentgyorgy,village,17.5689682,46.115998
348,Szenta,szenta,village,17.1749628,46.251405
348,Bolhás,bolhas,village,17.2718825,46.263335
348,Kaszó,kaszo,village,17.2239763,46.3200205
348,Somogycsicsó,somogycsicso,village,17.1326184,46.3099596
348,Csurgónagymarton,csurgonagymarton,village,17.0830691,46.2942905
348,Iharos,iharos,village,17.0924702,46.3386361
348,Porrogszentkirály,porrogszentkiraly,village,17.0406746,46.2727845
348,Porrog,porrog,village,17.0346835,46.2867589
348,Porrogszentpál,porrogszentpal,village,17.0152291,46.2874405
348,Somogybükkösd,somogybukkosd,village,16.9883252,46.2990704
348,Őrtilos,ortilos,village,16.9260287,46.2812853
348,Zákány,zakany,village,16.9523287,46.2513562
348,Zákányfalu,zakanyfalu,village,16.9477983,46.2756526
348,Gyékényes,gyekenyes,village,17.0103728,46.2334928
348,Segesd,segesd,village,17.3472113,46.3531705
348,Nemeskisfalud,nemeskisfalud,village,17.3662521,46.4386052
348,Szenyér,szenyer,village,17.3701773,46.4626204
348,Nagyszakácsi,nagyszakacsi,village,17.3215734,46.4875266
348,Mezőcsokonya,mezocsokonya,village,17.6476233,46.431662
348,Somodor,somodor,village,17.8417842,46.4763232
348,Szentgáloskér,szentgalosker,village,17.8816735,46.5012942
348,Kazsok,kazsok,village,17.961507,46.4780147
348,Büssü,bussu,village,17.9613335,46.455304
348,Patalom,patalom,village,17.920658,46.4488811
348,Gölle,golle,village,18.0122086,46.4388067
348,Kisgyalán,kisgyalan,village,17.9767529,46.4235602
348,Fonó,fono,village,17.9537028,46.3999946
348,Kaposhomok,kaposhomok,village,17.9209234,46.3620469
348,Kaposkeresztúr,kaposkeresztur,village,17.965207,46.3320582
348,Kercseliget,kercseliget,village,18.0648927,46.3260871
348,Rinyakovácsi,rinyakovacsi,village,17.5969754,46.2827175
348,Kisbajom,kisbajom,village,17.4865942,46.3053405
348,Nagykorpád,nagykorpad,village,17.455627,46.2607467
348,Vásárosbéc,vasarosbec,village,17.7253954,46.1805653
348,Magyarlukafa,magyarlukafa,village,17.7569454,46.1676547
348,Somogyhárságy,somogyharsagy,village,17.7732826,46.1603111
348,Somogyhatvan,somogyhatvan,village,17.7130792,46.1096118
348,Merenye,merenye,village,17.6984759,46.069745
348,Patapoklosi,patapoklosi,village,17.748131,46.0733963
348,Tótszentgyörgy,totszentgyorgy,village,17.7179219,46.0523291
348,Nagydobsza,nagydobsza,village,17.6655249,46.0339849
348,Kisdobsza,kisdobsza,village,17.6545153,46.0318995
348,Pettend,pettend,village,17.699929,46.0006131
348,Gyöngyösmellék,gyongyosmellek,village,17.7020976,45.986841
348,Nemeske,nemeske,village,17.7154699,46.0205435
348,Kistamási,kistamasi,village,17.7215823,46.0109431
348,Molvány,molvany,village,17.7454999,46.0284507
348,Szörény,szoreny,village,17.6826909,45.9682407
348,Szentmihályfapuszta,szentmihalyfapuszta,hamlet,17.7216438,45.9748869
348,Felsőszentmárton,felsoszentmarton,village,17.705455,45.8522747
348,Drávakeresztúr,dravakeresztur,village,17.7587614,45.8394076
348,Markóc,markoc,village,17.7626725,45.8631293
348,Bogdása,bogdasa,village,17.789537,45.8739175
348,Drávaiványi,dravaivanyi,village,17.8181336,45.8467602
348,Drávasztára,dravasztara,village,17.822729,45.8256215
348,Sósvertike,sosvertike,village,17.8617134,45.8354028
348,Zaláta,zalata,village,17.8902198,45.8099931
348,Kemse,kemse,village,17.9125037,45.8232487
348,Piskó,pisko,village,17.9352237,45.8105487
348,Vejti,vejti,village,17.9643836,45.8096296
348,Lúzsok,luzsok,village,17.9435257,45.8378236
348,Csányoszró,csanyoszro,village,17.9074456,45.8812165
348,Nagycsány,nagycsany,village,17.9438198,45.8709133
348,Kákics,kakics,village,17.85747,45.9030885
348,Marócsa,marocsa,village,17.8148195,45.9147171
348,Endrőc,endroc,village,17.7691216,45.9265532
348,Bürüs,burus,village,17.7595024,45.9643044
348,Várad,varad,village,17.745775,45.9744314
348,Hirics,hirics,village,17.9936101,45.8261379
348,Vajszló,vajszlo,village,17.9837538,45.8593027
348,Besence,besence,village,17.9663467,45.8952547
348,Gilvánfa,gilvanfa,village,17.9609283,45.9188176
348,Magyarmecske,magyarmecske,village,17.9642178,45.9448963
348,Gyöngyfa,gyongyfa,village,17.9525783,45.9608321
348,Sumony,sumony,village,17.9166172,45.969621
348,Magyartelek,magyartelek,village,17.9833459,45.9448389
348,Kisasszonyfa,kisasszonyfa,village,18.0075005,45.9466483
348,Ózdfalu,ozdfalu,village,18.0220031,45.9289596
348,Páprád,paprad,village,18.0106212,45.8926744
348,Sámod,samod,village,18.0371517,45.8547019
348,Baranyahídvég,baranyahidveg,village,18.0238015,45.8461771
348,Kisszentmárton,kisszentmarton,village,18.0236928,45.823917
348,Adorjás,adorjas,village,18.0640569,45.8498912
348,Cún,cun,village,18.0672657,45.8123831
348,Szaporca,szaporca,village,18.1070163,45.8136605
348,Tésenfa,tesenfa,village,18.118094,45.8129332
348,Drávapiski,dravapiski,village,18.100571,45.840022
348,Kórós,koros,village,18.0818766,45.866839
348,Bogádmindszent,bogadmindszent,village,18.045186,45.906331
348,Téseny,teseny,village,18.0489783,45.949149
348,Velény,veleny,village,18.0493992,45.9803419
348,Baksa,baksa,village,18.0950419,45.9595045
348,Tengeri,tengeri,village,18.0883589,45.9263807
348,Kisdér,kisder,village,18.1280499,45.9398378
348,Hegyszentmárton,hegyszentmarton,village,18.0903047,45.9037209
348,Siklósbodony,siklosbodony,village,18.1226079,45.9115546
348,Babarcszőlős,babarcszolos,village,18.136406,45.8994841
348,Ócsárd,ocsard,village,18.1515018,45.9347141
348,Görcsöny,gorcsony,village,18.1354282,45.9696057
348,Aranyosgadány,aranyosgadany,village,18.1191619,46.0079124
348,Pogány,pogany,village,18.2604675,45.9841107
348,Peterd,peterd,village,18.3624214,45.9718163
348,Pécsdevecser,pecsdevecser,village,18.3833633,45.9592606
348,Kiskassa,kiskassa,village,18.3974521,45.9532211
348,Somogyviszló,somogyviszlo,village,17.7649628,46.1126719
348,Basal,basal,village,17.782339,46.074212
348,Mozsgó,mozsgo,village,17.8445599,46.1140961
348,Szentlászló,szentlaszlo,village,17.8363524,46.1573091
348,Ibafa,ibafa,village,17.9171799,46.1549405
348,Almáskeresztúr,almaskeresztur,village,17.8945326,46.11961
348,Dinnyeberki,dinnyeberki,village,17.9563616,46.0972322
348,Horváthertelend,horvathertelend,village,17.9275201,46.1768736
348,Csebény,csebeny,village,17.9250373,46.1888329
348,Szágy,szagy,village,17.946605,46.2217922
348,Tormás,tormas,village,17.9905351,46.2291434
348,Baranyaszentgyörgy,baranyaszentgyorgy,village,18.0154249,46.2440725
348,Gödre,godre,village,17.9726634,46.2863628
348,Baranyajenő,baranyajeno,village,18.043388,46.2708276
348,Mindszentgodisa,mindszentgodisa,village,18.0730903,46.2294986
348,Palé,pale,village,18.0747004,46.2620244
348,Oroszló,oroszlo,village,18.1214854,46.221317
348,Szilvás,szilvas,village,18.2003763,45.9616925
348,Szőke,szoke,village,18.1869356,45.9605667
348,Szava,szava,village,18.1765136,45.9022235
348,Garé,gare,village,18.1941468,45.9187459
348,Bisse,bisse,village,18.2592284,45.9077627
348,Csarnóta,csarnota,village,18.2190614,45.8943203
348,Rádfalva,radfalva,village,18.1242617,45.8606476
348,Kistótfalu,kistotfalu,village,18.3114217,45.9085402
348,Márfa,marfa,village,18.1856176,45.8588777
348,Diósviszló,diosviszlo,village,18.1641287,45.876377
348,Drávacsehi,dravacsehi,village,18.1665548,45.8110413
348,Drávacsepely,dravacsepely,village,18.1366185,45.8284594
348,Matty,matty,village,18.2633066,45.7933982
348,Alsószentmárton,alsoszentmarton,village,18.3047873,45.7909148
348,Drávapalkonya,dravapalkonya,village,18.1797176,45.8034687
348,Ipacsfa,ipacsfa,village,18.2046086,45.8343137
348,Kásád,kasad,village,18.4006054,45.7784476
348,Siklósnagyfalu,siklosnagyfalu,village,18.3634537,45.8200882
348,Old,old,village,18.3517467,45.7888785
348,Egyházasharaszti,egyhazasharaszti,village,18.334322,45.8093006
348,Kisharsány,kisharsany,village,18.3640137,45.8597798
348,Vokány,vokany,village,18.3362045,45.9114812
348,Kistapolca,kistapolca,village,18.3840849,45.8221493
348,Nagytótfalu,nagytotfalu,village,18.3435812,45.8630954
348,Illocska,illocska,village,18.5222663,45.800773
348,Lapáncsa,lapancsa,village,18.4965071,45.8191523
348,Nagyharsány,nagyharsany,village,18.3998265,45.847418
348,Beremend,beremend,village,18.4345572,45.7847076
348,Ivánbattyán,ivanbattyan,village,18.4179693,45.9075657
348,Márok,marok,village,18.5045036,45.8780921
348,Kislippó,kislippo,village,18.5349027,45.8293359
348,Magyarbóly,magyarboly,village,18.4917543,45.8403877
348,Lippó,lippo,village,18.570911,45.864582
348,Sárok,sarok,village,18.6126762,45.8412548
348,Ivándárda,ivandarda,village,18.5904281,45.8329128
348,Kisjakabfalva,kisjakabfalva,village,18.4356286,45.8953121
348,Sátorhely,satorhely,village,18.6317763,45.9414674
348,Udvar,udvar,village,18.6598919,45.9020097
348,Majs,majs,village,18.600301,45.9087344
348,Bezedek,bezedek,village,18.5871557,45.866881
348,Babarc,babarc,village,18.5547242,46.003813
348,Szajk,szajk,village,18.5329256,45.9918187
348,Versend,versend,village,18.5135547,45.9945321
348,Monyoród,monyorod,village,18.4771477,46.0102822
348,Kátoly,katoly,village,18.4509943,46.0611349
348,Berkesd,berkesd,village,18.4085333,46.076158
348,Pereked,pereked,village,18.3731699,46.0930143
348,Szellő,szello,village,18.4603315,46.0733867
348,Máriakéménd,mariakemend,village,18.4623136,46.0289891
348,Lánycsók,lanycsok,village,18.6236136,46.0048239
348,Kisnyárád,kisnyarad,village,18.5647986,46.0364912
348,Liptód,liptod,village,18.5156614,46.0461895
348,Zengővárkony,zengovarkony,village,18.4318126,46.1706183
348,Óbánya,obanya,village,18.4114208,46.2204621
348,Mecseknádasd,mecseknadasd,village,18.4645171,46.2244052
348,Hidas,hidas,village,18.4977476,46.2595334
348,Martonfa,martonfa,village,18.373069,46.1163265
348,Szilágy,szilagy,village,18.4060811,46.1020415
348,Erzsébet,erzsebet,village,18.4586279,46.1006605
348,Kékesd,kekesd,village,18.4727094,46.1009798
348,Nagyhajmás,nagyhajmas,village,18.2892032,46.3743383
348,Kisbudmér,kisbudmer,village,18.4468969,45.9131456
348,Szalatnak,szalatnak,village,18.2815955,46.2897662
348,Mekényes,mekenyes,village,18.3336257,46.3894165
348,Bár,bar,village,18.7172495,46.051814
348,Ófalu,ofalu,village,18.5301832,46.220819
348,Nagybudmér,nagybudmer,village,18.4448661,45.9365154
348,Homorúd,homorud,village,18.787983,45.9848292
348,Okorág,okorag,village,17.875308,45.9257191
348,Vékény,vekeny,village,18.3419913,46.2696292
348,Köblény,kobleny,village,18.3024691,46.2952915
348,Meződ,mezod,village,18.1021495,46.28852
348,Vázsnok,vazsnok,village,18.1249212,46.2655214
348,Jágónak,jagonak,village,18.0915359,46.3153517
348,Kaposszekcső,kaposszekcso,village,18.1299521,46.3296936
348,Csikóstőttős,csikostottos,village,18.1557109,46.3404713
348,Kapospula,kapospula,village,18.0973454,46.3757221
348,Nak,nak,village,18.0525048,46.4734401
348,Lápafő,lapafo,village,18.0595775,46.5140712
348,Várong,varong,village,18.0454278,46.5268329
348,Szakcs,szakcs,village,18.1109438,46.53851
348,Dalmand,dalmand,village,18.1924783,46.4932711
348,Nagyszokoly,nagyszokoly,village,18.2092466,46.7226053
348,Magyarkeszi,magyarkeszi,village,18.2253731,46.7487039
348,Fürged,furged,village,18.3096567,46.7213979
348,Felsőnyék,felsonyek,village,18.2914759,46.7892418
348,Ozora,ozora,village,18.3996749,46.7527198
348,Gyulaj,gyulaj,village,18.2946434,46.5053571
348,Lengyel,lengyel,village,18.3686395,46.3750193
348,Mucsfa,mucsfa,village,18.4190576,46.3551245
348,Kisvejke,kisvejke,village,18.4140286,46.3810979
348,Nagyvejke,nagyvejke,village,18.4444788,46.3773416
348,Györe,gyore,village,18.3987751,46.2960635
348,Váralja,varalja,village,18.4285404,46.2677639
348,Kismányok,kismanyok,village,18.4748271,46.2735789
348,Cikó,ciko,village,18.5591237,46.25368
348,Mőcsény,mocseny,village,18.590206,46.2592031
348,Bátaapáti,bataapati,village,18.5989117,46.2219082
348,Mórágy,moragy,village,18.6429525,46.2158276
348,Grábóc,graboc,village,18.6069363,46.2890651
348,Alsónána,alsonana,village,18.6624125,46.2510122
348,Kakasd,kakasd,village,18.5927004,46.3462709
348,Alsónyék,alsonyek,village,18.7374137,46.20256
348,Szakály,szakaly,village,18.3839101,46.5244309
348,Mucsi,mucsi,village,18.3950016,46.4272278
348,Csöde,csode,village,16.5422812,46.836269
348,Alsócsöde,alsocsode,hamlet,16.5425283,46.8348572
348,Zalabaksa,zalabaksa,village,16.5538729,46.7066562
348,Magyarföld,magyarfold,village,16.4164479,46.7764479
348,Ramocsa,ramocsa,village,16.4482604,46.7749828
348,Felsőszenterzsébet,felsoszenterzsebet,village,16.4551361,46.7525821
348,Alsószenterzsébet,alsoszenterzsebet,village,16.4772901,46.7452636
348,Kerkakutas,kerkakutas,village,16.5055619,46.7594059
348,Kozmadombja,kozmadombja,village,16.5507466,46.7667572
348,Kálócfa,kalocfa,village,16.5609609,46.7563725
348,Szentgyörgyvölgy,szentgyorgyvolgy,village,16.4107756,46.7245868
348,Nemesnép,nemesnep,village,16.4575784,46.7010822
348,Lendvajakabfa,lendvajakabfa,village,16.4427893,46.676014
348,Baglad,baglad,village,16.4844556,46.6805547
348,Resznek,resznek,village,16.4742638,46.6619067
348,Bödeháza,bodehaza,village,16.4025582,46.6411743
348,Belsősárd,belsosard,village,16.4716014,46.6426084
348,Zalaszombatfa,zalaszombatfa,village,16.443962,46.6376608
348,Szijártóháza,szijartohaza,village,16.4373697,46.632943
348,Gáborjánháza,gaborjanhaza,village,16.4197761,46.6307929
348,Külsősárd,kulsosard,village,16.4863243,46.6274737
348,Kerkabarabás,kerkabarabas,village,16.5576343,46.6790302
348,Lendvadedes,lendvadedes,village,16.5086688,46.580415
348,Gosztola,gosztola,village,16.5280137,46.5866705
348,Lovászi,lovaszi,village,16.556419,46.5555129
348,Kerkateskánd,kerkateskand,village,16.5709632,46.5738264
348,Szécsisziget,szecsisziget,village,16.5931918,46.5728453
348,Tormafölde,tormafolde,village,16.5920112,46.5390872
348,Tornyiszentmiklós,tornyiszentmiklos,village,16.5572885,46.5160282
348,Dobri,dobri,village,16.5817125,46.51643
348,Kerkaszentkirály,kerkaszentkiraly,village,16.5794937,46.5006811
348,Csörnyeföld,csornyefold,village,16.6333646,46.498843
348,Iklódbördőce,iklodbordoce,village,16.6117017,46.6051753
348,Csömödér,csomoder,village,16.6392065,46.6113857
348,Páka,paka,village,16.6494169,46.5933335
348,Hernyék,hernyek,village,16.6419973,46.64974
348,Kissziget,kissziget,village,16.6656744,46.6225862
348,Ortaháza,ortahaza,village,16.6819817,46.6228967
348,Zebecke,zebecke,village,16.6862748,46.6426989
348,Csertalakos,csertalakos,village,16.6985594,46.6415402
348,Pördefölde,pordefolde,village,16.7077133,46.5871235
348,Kányavár,kanyavar,village,16.6805803,46.5728354
348,Maróc,maroc,village,16.6651667,46.5483938
348,Lispeszentadorján,lispeszentadorjan,village,16.695676,46.5420763
348,Lasztonya,lasztonya,village,16.7163002,46.556126
348,Bázakerettye,bazakerettye,village,16.7285316,46.5242749
348,Kiscsehi,kiscsehi,village,16.6736089,46.5211833
348,Szentmargitfalva,szentmargitfalva,village,16.6607875,46.4963079
348,Muraszemenye,muraszemenye,village,16.624633,46.4762416
348,Murarátka,muraratka,village,16.6745343,46.4569875
348,Zajk,zajk,village,16.7199758,46.4839345
348,Kistolmács,kistolmacs,village,16.7527575,46.4853181
348,Borsfa,borsfa,village,16.7841867,46.5013238
348,Valkonya,valkonya,village,16.8099646,46.5010028
348,Bánokszentgyörgy,banokszentgyorgy,village,16.7834159,46.5458074
348,Várfölde,varfolde,village,16.7613878,46.5553645
348,Nova,nova,village,16.6779487,46.6851951
348,Pusztaapáti,pusztaapati,village,16.6098558,46.7632985
348,Keménfa,kemenfa,village,16.638935,46.8400271
348,Zalaháshágy,zalahashagy,village,16.62606,46.8917801
348,Vaspör,vaspor,village,16.6433605,46.9166294
348,Zalaboldogfa,zalaboldogfa,village,16.770074,46.8987566
348,Kiskutas,kiskutas,village,16.7964416,46.9126119
348,Nagykutas,nagykutas,village,16.8043771,46.9277987
348,Lakhegy,lakhegy,village,16.8322618,46.952183
348,Kispáli,kispali,village,16.8282565,46.9090438
348,Nagypáli,nagypali,village,16.841174,46.9086932
348,Egervár,egervar,village,16.8521806,46.9336026
348,Gősfa,gosfa,village,16.8572738,46.9581469
348,Vasboldogasszony,vasboldogasszony,village,16.8702722,46.9439916
348,Zalaszentiván,zalaszentivan,village,16.8972474,46.8917607
348,Alibánfa,alibanfa,village,16.9209856,46.8846461
348,Pethőhenye,pethohenye,village,16.9187578,46.8769093
348,Nemesapáti,nemesapati,village,16.9488553,46.8727555
348,Alsónemesapáti,alsonemesapati,village,16.9304904,46.8533865
348,Kemendollár,kemendollar,village,16.941497,46.9065464
348,Pókaszepetk,pokaszepetk,village,16.9661627,46.9260948
348,Zalaistvánd,zalaistvand,village,16.9788635,46.9184319
348,Gyűrűs,gyurus,village,16.9922315,46.8843857
348,Vöckönd,vockond,village,16.95375,46.8895777
348,Orbányosfa,orbanyosfa,village,16.9836203,46.8498542
348,Kisbucsa,kisbucsa,village,16.941639,46.8170022
348,Bezeréd,bezered,village,17.0129556,46.8692369
348,Padár,padar,village,17.0163699,46.8520274
348,Almásháza,almashaza,village,17.0473307,46.8425257
348,Kallósd,kallosd,village,17.0623211,46.8716373
348,Dötk,dotk,village,17.0069526,46.942907
348,Pakod,pakod,village,16.9941457,46.9569741
348,Zalabér,zalaber,village,17.0285071,46.973973
348,Batyk,batyk,village,17.035743,46.9898926
348,Zalavég,zalaveg,village,17.0267393,47.0060755
348,Türje,turje,village,17.1045885,46.9841918
348,Szalapa,szalapa,village,17.1456846,46.9915358
348,Kisvásárhely,kisvasarhely,village,17.1986777,46.9949617
348,Mihályfa,mihalyfa,village,17.1895548,46.9789747
348,Óhíd,ohid,village,17.1675337,46.9610291
348,Kisgörbő,kisgorbo,village,17.156689,46.9372956
348,Sümegcsehi,sumegcsehi,village,17.2161702,46.9416891
348,Döbröce,dobroce,village,17.1893792,46.9372642
348,Nagygörbő,nagygorbo,village,17.1793434,46.9311134
348,Zalaszentlászló,zalaszentlaszlo,village,17.1121849,46.8757689
348,Sénye,senye,village,17.1348644,46.8954241
348,Vindornyaszőlős,vindornyaszolos,village,17.1541882,46.8985169
348,Vindornyalak,vindornyalak,village,17.1940729,46.8861291
348,Zalaköveskút,zalakoveskut,village,17.1431685,46.8480925
348,Vindornyafok,vindornyafok,village,17.1772387,46.8565767
348,Karmacs,karmacs,village,17.1740485,46.8365288
348,Nemesbük,nemesbuk,village,17.1443628,46.8216573
348,Rezi,rezi,village,17.2195985,46.8417988
348,Várvölgy,varvolgy,village,17.2975984,46.8669115
348,Vállus,vallus,village,17.302366,46.8432453
348,Nemespátró,nemespatro,village,17.0023277,46.3237677
348,Liszó,liszo,village,17.0067,46.3662748
348,Surd,surd,village,16.9688834,46.3180641
348,Belezna,belezna,village,16.9411312,46.3284551
348,Fityeház,fityehaz,village,16.9056885,46.3748314
348,Murakeresztúr,murakeresztur,village,16.8772183,46.3624983
348,Semjénháza,semjenhaza,village,16.8482049,46.3984052
348,Molnári,molnari,village,16.8312872,46.3851073
348,Szepetnek,szepetnek,village,16.8994777,46.4335412
348,Eszteregnye,eszteregnye,village,16.884254,46.4701761
348,Rigyác,rigyac,village,16.8634624,46.4648733
348,Petrivente,petrivente,village,16.8402915,46.4402323
348,Tótszentmárton,totszentmarton,village,16.803918,46.420661
348,Tótszerdahely,totszerdahely,village,16.7968822,46.4009156
348,Oltárc,oltarc,village,16.8283169,46.5282491
348,Bucsuta,bucsuta,village,16.8340991,46.5644881
348,Szentliszló,szentliszlo,village,16.8226614,46.5796727
348,Pusztamagyaród,pusztamagyarod,village,16.8223523,46.6024715
348,Szentpéterfölde,szentpeterfolde,village,16.7574659,46.6154969
348,Pusztaederics,pusztaederics,village,16.8003301,46.6391619
348,Pusztaszentlászló,pusztaszentlaszlo,village,16.8419287,46.6368657
348,Gutorfölde,gutorfolde,village,16.7364699,46.6412956
348,Tófej,tofej,village,16.7986483,46.6694763
348,Szentkozmadombja,szentkozmadombja,village,16.7615147,46.6798879
348,Zalatárnok,zalatarnok,village,16.75854,46.7010734
348,Baktüttös,baktuttos,village,16.8188972,46.7012816
348,Barlahida,barlahida,village,16.7015858,46.7164759
348,Petrikeresztúr,petrikeresztur,village,16.7243071,46.7361462
348,Iborfia,iborfia,village,16.7496292,46.7382909
348,Ormándlak,ormandlak,village,16.7552873,46.7595647
348,Lickóvadamos,lickovadamos,village,16.7704504,46.7446382
348,Söjtör,sojtor,village,16.8536814,46.6700808
348,Börzönce,borzonce,village,16.8877338,46.5791166
348,Pálfiszeg,palfiszeg,village,16.728822,46.7800198
348,Böde,bode,village,16.7172553,46.8360466
348,Hottó,hotto,village,16.7535323,46.8467834
348,Bocfölde,bocfolde,village,16.8440253,46.7788955
348,Csatár,csatar,village,16.8677985,46.7779861
348,Nemeshetés,nemeshetes,village,16.9122175,46.8008194
348,Búcsúszentlászló,bucsuszentlaszlo,village,16.9319687,46.787964
348,Nemessándorháza,nemessandorhaza,village,16.9497352,46.7843271
348,Misefa,misefa,village,16.9841603,46.8051223
348,Nemesrádó,nemesrado,village,16.994215,46.7781247
348,Zalaigrice,zalaigrice,village,17.0094819,46.7468833
348,Tilaj,tilaj,village,17.0474907,46.8054735
348,Gétye,getye,village,17.0696445,46.7628859
348,Bókaháza,bokahaza,village,17.1060313,46.7735923
348,Szentgyörgyvár,szentgyorgyvar,village,17.1308771,46.7569233
348,Alsópáhok,alsopahok,village,17.1738982,46.7613162
348,Zalaszentmárton,zalaszentmarton,village,17.0630738,46.7037072
348,Esztergályhorváti,esztergalyhorvati,village,17.1083989,46.7005839
348,Zalavár,zalavar,village,17.1565488,46.6699863
348,Egeraracsa,egeraracsa,village,17.0772631,46.6732574
348,Dióskál,dioskal,village,17.0554974,46.6747504
348,Balatonmagyaród,balatonmagyarod,village,17.1790969,46.5914387
348,Pölöskefő,poloskefo,village,16.9468304,46.6026674
348,Gelse,gelse,village,16.989453,46.6021784
348,Kacorlak,kacorlak,village,16.9541006,46.5738437
348,Magyarszerdahely,magyarszerdahely,village,16.9358229,46.5549262
348,Magyarszentmiklós,magyarszentmiklos,village,16.9356306,46.5378197
348,Fűzvölgy,fuzvolgy,village,16.9398787,46.522368
348,Hosszúvölgy,hosszuvolgy,village,16.9303859,46.5124342
348,Homokkomárom,homokkomarom,village,16.9156559,46.5055146
348,Újudvar,ujudvar,village,16.985031,46.5363905
348,Nagybakónak,nagybakonak,village,17.0444927,46.5516271
348,Zalaújlak,zalaujlak,village,17.0777104,46.5606449
348,Csapi,csapi,village,17.0864805,46.5321399
348,Kisrécse,kisrecse,village,17.0614261,46.5002074
348,Nagyrécse,nagyrecse,village,17.0516176,46.4887323
348,Galambok,galambok,village,17.1257806,46.5222609
348,Sand,sand,village,17.1232742,46.4207338
348,Miháld,mihald,village,17.1270994,46.4489148
348,Pat,pat,village,17.1825285,46.4426643
348,Gelsesziget,gelsesziget,village,16.988318,46.5660955
348,Újiráz,ujiraz,village,21.3534102,46.9850442
348,Csökmő,csokmo,village,21.2948743,47.0333646
348,Darvas,darvas,village,21.3416739,47.1023304
348,Vekerd,vekerd,village,21.4047991,47.0952954
348,Magyarhomorog,magyarhomorog,village,21.542895,47.021454
348,Körösszakál,korosszakal,village,21.5924655,47.0194363
348,Körösszegapáti,korosszegapati,village,21.6346814,47.0412776
348,Berekböszörmény,berekboszormeny,village,21.6835918,47.0650084
348,Told,told,village,21.641383,47.1198102
348,Mezősas,mezosas,village,21.5692439,47.1108028
348,Mezőpeterd,mezopeterd,village,21.6166459,47.1670753
348,Váncsod,vancsod,village,21.6393609,47.1953833
348,Bojt,bojt,village,21.7347335,47.1936138
348,Esztár,esztar,village,21.7755201,47.2851157
348,Hencida,hencida,village,21.6955412,47.2507833
348,Gáborján,gaborjan,village,21.6576975,47.2398594
348,Szentpéterszeg,szentpeterszeg,village,21.6204039,47.2365783
348,Konyár,konyar,village,21.6738284,47.3209702
348,Tépe,tepe,village,21.572157,47.3194564
348,Bakonszeg,bakonszeg,village,21.4454608,47.1895312
348,Zsáka,zsaka,village,21.4359876,47.1343067
348,Furta,furta,village,21.4576769,47.1294946
348,Nagyrábé,nagyrabe,village,21.3192277,47.2045882
348,Bihartorda,bihartorda,village,21.3529605,47.214106
348,Bihardancsháza,bihardancshaza,village,21.3161073,47.2288704
348,Biharnagybajom,biharnagybajom,village,21.2285194,47.2123973
348,Sárrétudvari,sarretudvari,village,21.1895381,47.2392356
348,Szerep,szerep,village,21.1410165,47.2274297
348,Báránd,barand,village,21.2259672,47.292012
348,Tetétlen,tetetlen,village,21.3040955,47.3136847
348,Sáp,sap,village,21.3545212,47.2526992
348,Földes,foldes,village,21.3642071,47.2881601
348,Hortobágy,hortobagy,village,21.1525371,47.5826139
348,Nagyhegyes,nagyhegyes,village,21.3465888,47.5385142
348,Ebes,ebes,village,21.4914725,47.4712353
348,Hajdúszovát,hajduszovat,village,21.4750896,47.3904072
348,Hajdúbagos,hajdubagos,village,21.6659245,47.3897647
348,Sáránd,sarand,village,21.6248243,47.4124718
348,Mikepércs,mikepercs,village,21.6314977,47.4409524
348,Újszentmargita,ujszentmargita,village,21.1027648,47.7271764
348,Folyás,folyas,village,21.1342116,47.8086069
348,Görbeháza,gorbehaza,village,21.2379579,47.8188298
348,Újtikos,ujtikos,village,21.1711197,47.9165761
348,Tiszagyulaháza,tiszagyulahaza,village,21.1429541,47.9429894
348,Álmosd,almosd,village,21.9838127,47.4154029
348,Kokad,kokad,village,21.9324711,47.4072862
348,Bagamér,bagamer,village,21.9919136,47.4454935
348,Újléta,ujleta,village,21.8767447,47.4624566
348,Nyírábrány,nyirabrany,village,22.0207822,47.5494817
348,Nyírmártonfalva,nyirmartonfalva,village,21.8983853,47.5848877
348,Nyíracsád,nyiracsad,village,21.9722891,47.6021228
348,Fülöp,fulop,village,22.0562573,47.5990893
348,Bocskaikert,bocskaikert,village,21.660948,47.645522
348,Bakóca,bakoca,village,17.9997737,46.2072106
348,Kisbeszterce,kisbeszterce,village,18.0344321,46.205785
348,Gyümölcsény,gyumolcseny,hamlet,18.0550916,46.2434085
348,Újsolt,ujsolt,village,19.1208431,46.8731741
348,Dunatetétlen,dunatetetlen,village,19.0941734,46.7567184
348,Harta,harta,village,19.0277119,46.6947199
348,Öregcsertő,oregcserto,village,19.1068902,46.5145911
348,Imrehegy,imrehegy,village,19.3037037,46.4845298
348,Rém,rem,village,19.1448334,46.2446558
348,Borota,borota,village,19.2231688,46.2656791
348,Kéleshalom,keleshalom,village,19.2793956,46.3663246
348,Érsekcsanád,ersekcsanad,village,18.9822596,46.2519797
348,Dusnok,dusnok,village,18.958962,46.3900215
348,Szeremle,szeremle,village,18.8795714,46.1454982
348,Bátmonostor,batmonostor,village,18.9279168,46.1047946
348,Vaskút,vaskut,village,18.9854333,46.111566
348,Nagybaracska,nagybaracska,village,18.9054826,46.0429521
348,Csátalja,csatalja,village,18.944609,46.0365272
348,Gara,gara,village,19.0386915,46.034232
348,Dávod,davod,village,18.920524,45.9971295
348,Hercegszántó,hercegszanto,village,18.93584,45.950602
348,Bácsszentgyörgy,bacsszentgyorgy,village,19.0397557,45.9747534
348,Madaras,madaras,village,19.2598668,46.0571305
348,Katymár,katymar,village,19.2098709,46.0345287
348,Bácsborsód,bacsborsod,village,19.1583982,46.0974022
348,Bácsbokod,bacsbokod,village,19.1558176,46.1240247
348,Mátételke,matetelke,village,19.274404,46.1650499
348,Kunbaja,kunbaja,village,19.4240758,46.0882993
348,Csikéria,csikeria,village,19.4715565,46.1261963
348,Bácsszőlős,bacsszolos,village,19.4212497,46.1352313
348,Zsana,zsana,village,19.6626525,46.3799036
348,Harkakötöny,harkakotony,village,19.6074996,46.4634331
348,Csólyospálos,csolyospalos,village,19.8387567,46.4186126
348,Kömpöc,kompoc,village,19.8669319,46.4638792
348,Pálmonostora,palmonostora,village,19.9443532,46.6264137
348,Petőfiszállás,petofiszallas,village,19.8614568,46.6204574
348,Jászszentlászló,jaszszentlaszlo,village,19.7603182,46.5679444
348,Szank,szank,village,19.6689973,46.5544858
348,Móricgát,moricgat,village,19.6698133,46.6331654
348,Gátér,gater,village,19.957731,46.6835342
348,Bugac,bugac,village,19.6821439,46.6888994
348,Bugacpusztaháza,bugacpusztahaza,village,19.6358078,46.7010781
348,Fülöpjakab,fulopjakab,village,19.7225313,46.7419911
348,Kunszállás,kunszallas,village,19.7524013,46.7605889
348,Jakabszállás,jakabszallas,village,19.6007791,46.7614921
348,Helvécia,helvecia,village,19.6212831,46.8373932
348,Ballószög,balloszog,village,19.5695767,46.8605519
348,Fülöpháza,fulophaza,village,19.444849,46.8922933
348,Ágasegyháza,agasegyhaza,village,19.4468392,46.840237
348,Orgovány,orgovany,village,19.476022,46.7514033
348,Tiszaalpár,tiszaalpar,village,19.9893055,46.8219617
348,Szentkirály,szentkiraly,village,19.9180724,46.9187757
348,Kunadacs,kunadacs,village,19.2945534,46.9561969
348,Kunbaracs,kunbaracs,village,19.4005178,46.9893175
348,Kunpeszér,kunpeszer,village,19.2809969,47.0630741
348,Ladánybene,ladanybene,village,19.4557131,47.0350187
348,Felsőlajos,felsolajos,village,19.4959069,47.0660508
348,Bócsa,bocsa,village,19.4819774,46.6138652
348,Tázlár,tazlar,village,19.5139074,46.5490532
348,Nagytőke,nagytoke,village,20.2855944,46.7573133
348,Fábiánsebestyén,fabiansebestyen,village,20.4480245,46.6783165
348,Eperjes,eperjes,village,20.5609031,46.7100842
348,Derekegyház,derekegyhaz,village,20.3559703,46.5821452
348,Szegvár,szegvar,village,20.221903,46.5851274
348,Csanytelek,csanytelek,village,20.1135377,46.6011189
348,Felgyő,felgyo,village,20.113031,46.6647138
348,Tömörkény,tomorkeny,village,20.0412662,46.6155119
348,Pusztaszer,pusztaszer,village,19.9849026,46.5496529
348,Baks,baks,village,20.1071453,46.5495087
348,Mártély,martely,village,20.238383,46.468773
348,Dóc,doc,village,20.1369366,46.4379484
348,Balástya,balastya,village,20.0092202,46.42333
348,Forráskút,forraskut,village,19.9093047,46.3660316
348,Üllés,ulles,village,19.8486229,46.3371407
348,Bordány,bordany,village,19.9217845,46.3216264
348,Szatymaz,szatymaz,village,20.0415788,46.3416797
348,Zsombó,zsombo,village,19.9725672,46.328061
348,Ferencszállás,ferencszallas,village,20.3528445,46.2168385
348,Zákányszék,zakanyszek,village,19.8885058,46.274063
348,Maroslele,maroslele,village,20.3418649,46.270668
348,Klárafalva,klarafalva,village,20.3250362,46.2208865
348,Óföldeák,ofoldeak,village,20.4370303,46.2964366
348,Apátfalva,apatfalva,village,20.5746455,46.1768429
348,Földeák,foldeak,village,20.4932376,46.3193341
348,Nagylak,nagylak,village,20.7099536,46.1708718
348,Magyarcsanád,magyarcsanad,village,20.6099339,46.169666
348,Csanádpalota,csanadpalota,town,20.723398,46.2440484
348,Kövegy,kovegy,village,20.6845186,46.223348
348,Pitvaros,pitvaros,village,20.7361518,46.3213012
348,Királyhegyes,kiralyhegyes,village,20.6119982,46.2703207
348,Nagyér,nagyer,village,20.7292276,46.3703731
348,Ásotthalom,asotthalom,village,19.7840754,46.2001125
348,Csanádalberti,csanadalberti,village,20.7083426,46.3259246
348,Ambrózfalva,ambrozfalva,village,20.7300915,46.3495419
348,Pusztamérges,pusztamerges,village,19.6857424,46.3284358
348,Csengele,csengele,village,19.8671346,46.5395807
348,Ruzsa,ruzsa,village,19.746398,46.287866
348,Öttömös,ottomos,village,19.6798691,46.2842456
348,Dombegyház,dombegyhaz,village,21.1320152,46.3405657
348,Kisdombegyház,kisdombegyhaz,village,21.0987126,46.3703768
348,Magyardombegyház,magyardombegyhaz,village,21.0722225,46.3797892
348,Dombiratos,dombiratos,village,21.1168733,46.4196205
348,Kevermes,kevermes,village,21.1843082,46.417206
348,Lőkösháza,lokoshaza,village,21.2307202,46.429761
348,Nagykamarás,nagykamaras,village,21.1156928,46.473416
348,Almáskamarás,almaskamaras,village,21.0899116,46.4627404
348,Magyarbánhegyes,magyarbanhegyes,village,20.9642866,46.4552631
348,Végegyháza,vegegyhaza,village,20.8713265,46.3872782
348,Kardoskút,kardoskut,village,20.7015134,46.4966066
348,Kaszaper,kaszaper,village,20.8232128,46.4578045
348,Pusztaföldvár,pusztafoldvar,village,20.8060399,46.5315946
348,Nagybánhegyes,nagybanhegyes,village,20.9017461,46.4591053
348,Medgyesegyháza,medgyesegyhaza,town,21.0280887,46.4981379
348,Medgyesbodzás,medgyesbodzas,village,20.9601573,46.5181594
348,Pusztaottlaka,pusztaottlaka,village,21.0061669,46.5416702
348,Csabaszabadi,csabaszabadi,village,20.9531699,46.5746387
348,Csanádapáca,csanadapaca,village,20.8846149,46.5402011
348,Gerendás,gerendas,village,20.8576904,46.5974754
348,Újkígyós,ujkigyos,town,21.0249183,46.5952164
348,Szabadkígyós,szabadkigyos,village,21.0760273,46.6012074
348,Telekgerendás,telekgerendas,village,20.949611,46.6565225
348,Kétsoprony,ketsoprony,village,20.883979,46.7191754
348,Hunya,hunya,village,20.8442981,46.8119535
348,Kamut,kamut,village,20.9832753,46.760315
348,Murony,murony,village,21.038963,46.7618154
348,Kardos,kardos,village,20.7195253,46.7968871
348,Örménykút,ormenykut,village,20.7363642,46.8306813
348,Gádoros,gadoros,village,20.599598,46.6706884
348,Halászlak,halaszlak,hamlet,20.5654798,46.9103257
348,Csárdaszállás,csardaszallas,village,20.9390372,46.8654818
348,Köröstarcsa,korostarcsa,village,21.0233046,46.8768155
348,Bélmegyer,belmegyer,village,21.1789532,46.8720065
348,Okány,okany,village,21.3494563,46.8975103
348,Tarhos,tarhos,village,21.2126944,46.8121382
348,Sarkadkeresztúr,sarkadkeresztur,village,21.3812418,46.8086115
348,Doboz,doboz,village,21.2413729,46.7344029
348,Kötegyán,kotegyan,village,21.47905,46.7347025
348,Újszalonta,ujszalonta,village,21.4907282,46.8116753
348,Méhkerék,mehkerek,village,21.4491781,46.7748493
348,Mezőgyán,mezogyan,village,21.5229758,46.8697215
348,Geszt,geszt,village,21.5814272,46.8821807
348,Zsadány,zsadany,village,21.4861925,46.92174
348,Körösújfalu,korosujfalu,village,21.3999144,46.9609694
348,Biharugra,biharugra,village,21.5950874,46.9689132
348,Körösnagyharsány,korosnagyharsany,village,21.6432828,47.0068863
348,Csabacsűd,csabacsud,village,20.6504324,46.8249806
348,Ecsegfalva,ecsegfalva,village,20.9228324,47.1493444
348,Kertészsziget,kerteszsziget,village,21.0627032,47.154658
348,Bucsa,bucsa,village,20.9967301,47.2042482
348,Almamellék,almamellek,village,17.8741358,46.1575387
348,Gyűrűfű,gyurufu,hamlet,17.9371613,46.1186307
348,Ároktő,arokto,village,20.9434075,47.7281663
348,Tiszadorogma,tiszadorogma,village,20.8627673,47.6819907
348,Tiszabábolna,tiszababolna,village,20.8117738,47.6867736
348,Tiszavalk,tiszavalk,village,20.7504616,47.6895637
348,Négyes,negyes,village,20.7000993,47.6986444
348,Borsodivánka,borsodivanka,village,20.6554966,47.6983143
348,Egerlövő,egerlovo,village,20.6223013,47.719469
348,Szentistván,szentistvan,village,20.6600027,47.7737206
348,Mezőnagymihály,mezonagymihaly,village,20.7309759,47.8106153
348,Gelej,gelej,village,20.7767626,47.8320785
348,Mezőkeresztes,mezokeresztes,town,20.6922479,47.829883
348,Mezőnyárád,mezonyarad,village,20.6783222,47.8571142
348,Tiszakeszi,tiszakeszi,village,20.99462,47.7882813
348,Tiszatarján,tiszatarjan,village,21.0010508,47.8346124
348,Hejőkürt,hejokurt,village,20.9929385,47.8556105
348,Oszlár,oszlar,village,21.0353402,47.872045
348,Tiszapalkonya,tiszapalkonya,village,21.0545682,47.8864687
348,Nemesbikk,nemesbikk,village,20.9656309,47.8875203
348,Hejőbába,hejobaba,village,20.944753,47.9050679
348,Hejőpapi,hejopapi,village,20.9071257,47.8976201
348,Igrici,igrici,village,20.8826502,47.8660778
348,Hejőszalonta,hejoszalonta,village,20.8825105,47.9400081
348,Hejőkeresztúr,hejokeresztur,village,20.8838645,47.9617366
348,Nagycsécs,nagycsecs,village,20.9516929,47.9589129
348,Szakáld,szakald,village,20.9086913,47.940642
348,Muhi,muhi,village,20.9288979,47.9795924
348,Ónod,onod,village,20.9144159,48.0011319
348,Sajópetri,sajopetri,village,20.8882133,48.0360647
348,Sajólád,sajolad,village,20.9029248,48.0408082
348,Kistokaj,kistokaj,village,20.8403681,48.0399821
348,Bükkaranyos,bukkaranyos,village,20.7804184,47.9853201
348,Harsány,harsany,village,20.7404871,47.9684365
348,Borsodgeszt,borsodgeszt,village,20.6932303,47.9576367
348,Vatta,vatta,village,20.7402717,47.9223781
348,Bükkábrány,bukkabrany,village,20.6834042,47.8877699
348,Csincse,csincse,village,20.7678226,47.8883059
348,Sály,saly,village,20.6630021,47.9492788
348,Kács,kacs,village,20.6085762,47.9586131
348,Kisgyőr,kisgyor,village,20.6887124,48.0103225
348,Bükkszentkereszt,bukkszentkereszt,village,20.6300463,48.0684586
348,Répáshuta,repashuta,village,20.5271494,48.0487762
348,Bogács,bogacs,village,20.5314509,47.9041176
348,Taktakenéz,taktakenez,village,21.2169034,48.0509924
348,Prügy,prugy,village,21.243681,48.0833036
348,Taktabáj,taktabaj,village,21.3125549,48.06204
348,Csobaj,csobaj,village,21.3401596,48.0481381
348,Tiszatardos,tiszatardos,village,21.3778964,48.0411848
348,Tiszaladány,tiszaladany,village,21.4122743,48.0640691
348,Taktaszada,taktaszada,village,21.1760084,48.1108216
348,Bekecs,bekecs,village,21.1711437,48.1515919
348,Legyesbénye,legyesbenye,village,21.1495954,48.1602248
348,Mezőzombor,mezozombor,village,21.259622,48.1502547
348,Mád,mad,village,21.2742214,48.1918518
348,Rátka,ratka,village,21.2263527,48.213521
348,Tállya,tallya,village,21.229904,48.2353737
348,Golop,golop,village,21.1893551,48.2389085
348,Monok,monok,village,21.1497677,48.2121842
348,Felsődobsza,felsodobsza,village,21.0748737,48.2552557
348,Hernádkércs,hernadkercs,village,21.0485995,48.2419045
348,Szentistvánbaksa,szentistvanbaksa,village,21.0295939,48.2232612
348,Nagykinizs,nagykinizs,village,21.0390629,48.2367425
348,Kiskinizs,kiskinizs,village,21.0355533,48.2511943
348,Megyaszó,megyaszo,village,21.0541885,48.1873814
348,Alsódobsza,alsodobsza,village,21.0003001,48.1804805
348,Sóstófalva,sostofalva,village,20.9886026,48.1562789
348,Újcsanálos,ujcsanalos,village,21.003781,48.1379107
348,Gesztely,gesztely,village,20.9648967,48.1027448
348,Onga,onga,town,20.9129384,48.1207157
348,Arnót,arnot,village,20.8610857,48.1308057
348,Sajópálfala,sajopalfala,village,20.8484665,48.1648968
348,Viss,viss,village,21.5055783,48.2162531
348,Sárazsadány,sarazsadany,village,21.4941532,48.2633679
348,Bodrogolaszi,bodrogolaszi,village,21.5176284,48.2876507
348,Györgytarló,gyorgytarlo,village,21.6311638,48.2063484
348,Vajdácska,vajdacska,village,21.6542714,48.319138
348,Alsóberecki,alsoberecki,village,21.6873666,48.3449927
348,Felsőberecki,felsoberecki,village,21.6948818,48.3598176
348,Karos,karos,village,21.7429554,48.3321203
348,Bodroghalom,bodroghalom,village,21.704878,48.3035732
348,Tiszacsermely,tiszacsermely,village,21.7926149,48.2315387
348,Karcsa,karcsa,village,21.7929937,48.3114147
348,Pácin,pacin,village,21.8330516,48.3311165
348,Nagyrozvágy,nagyrozvagy,village,21.9223197,48.3393159
348,Kisrozvágy,kisrozvagy,village,21.9387597,48.3468041
348,Semjén,semjen,village,21.9713484,48.350286
348,Lácacséke,lacacseke,village,21.9931652,48.3685456
348,Ricse,ricse,village,21.9693324,48.3251744
348,Révleányvár,revleanyvar,village,22.0442211,48.3236743
348,Dámóc,damoc,village,22.0342996,48.3774715
348,Zemplénagárd,zemplenagard,village,22.0689609,48.3625237
348,Erdőbénye,erdobenye,village,21.3560139,48.2662624
348,Sima,sima,village,21.3020636,48.2986366
348,Baskó,basko,village,21.3357182,48.3337921
348,Erdőhorváti,erdohorvati,village,21.4275388,48.3147908
348,Komlóska,komloska,village,21.4628981,48.3408217
348,Háromhuta,haromhuta,village,21.4109089,48.3749257
348,Hercegkút,hercegkut,village,21.5292004,48.3369052
348,Makkoshotyka,makkoshotyka,village,21.5186442,48.3564407
348,Vágáshuta,vagashuta,village,21.5401389,48.4232183
348,Kovácsvágás,kovacsvagas,village,21.530422,48.4548595
348,Nagyhuta,nagyhuta,village,21.493734,48.4285508
348,Kishuta,kishuta,village,21.4796687,48.4495971
348,Bózsva,bozsva,village,21.467721,48.4746423
348,Füzérradvány,fuzerradvany,village,21.5249787,48.4847384
348,Vilyvitány,vilyvitany,village,21.5628389,48.4943909
348,Mikóháza,mikohaza,village,21.5933268,48.4635203
348,Alsóregmec,alsoregmec,village,21.6171608,48.4653024
348,Felsőregmec,felsoregmec,village,21.6048224,48.4908645
348,Nyíri,nyiri,village,21.440807,48.5000362
348,Füzérkomlós,fuzerkomlos,village,21.4528646,48.5133139
348,Füzérkajata,fuzerkajata,village,21.4990462,48.5199347
348,Pusztafalu,pusztafalu,village,21.4868106,48.5467171
348,Füzér,fuzer,village,21.4559639,48.5381019
348,Hollóháza,hollohaza,village,21.4126219,48.54166
348,Pányok,panyok,village,21.348296,48.5301988
348,Abaújvár,abaujvar,village,21.3126309,48.5252153
348,Zsujta,zsujta,village,21.2793676,48.5005104
348,Tornyosnémeti,tornyosnemeti,village,21.2507657,48.5204945
348,Hidasnémeti,hidasnemeti,village,21.2287776,48.5002675
348,Hernádszurdok,hernadszurdok,village,21.2053734,48.480551
348,Vizsoly,vizsoly,village,21.2169419,48.385049
348,Arka,arka,village,21.2516863,48.3560955
348,Abaújkér,abaujker,village,21.2015162,48.3075218
348,Abaújalpár,abaujalpar,village,21.2326909,48.3068178
348,Boldogkőújfalu,boldogkoujfalu,village,21.243552,48.3192462
348,Gibárt,gibart,village,21.1600764,48.3159409
348,Bükkmogyorósd,bukkmogyorosd,village,20.3548777,48.1285771
348,Csernely,csernely,village,20.3420906,48.144303
348,Lénárddaróc,lenarddaroc,village,20.3719699,48.1485817
348,Sáta,sata,village,20.3932034,48.1850594
348,Nekézseny,nekezseny,village,20.4294921,48.1674704
348,Mályinka,malyinka,village,20.4951999,48.1538861
348,Dédestapolcsány,dedestapolcsany,village,20.484227,48.1807927
348,Uppony,uppony,village,20.4371745,48.2135007
348,Borsodbóta,borsodbota,village,20.3963817,48.2118128
348,Járdánháza,jardanhaza,village,20.2510392,48.1576987
348,Arló,arlo,village,20.2541957,48.176668
348,Farkaslyuk,farkaslyuk,village,20.3100333,48.1856615
348,Borsodszentgyörgy,borsodszentgyorgy,village,20.2033107,48.1880952
348,Domaháza,domahaza,village,20.1034271,48.1823202
348,Kissikátor,kissikator,village,20.1316376,48.1936633
348,Hangony,hangony,village,20.2007281,48.2260525
348,Sajómercse,sajomercse,village,20.4131771,48.2450655
348,Királd,kirald,village,20.3895257,48.2490912
348,Sajónémeti,sajonemeti,village,20.3807417,48.2712209
348,Sajópüspöki,sajopuspoki,village,20.3421647,48.2796669
348,Hét,het,village,20.3871749,48.2825966
348,Bánréve,banreve,village,20.3555872,48.2971444
348,Serényfalva,serenyfalva,village,20.3888699,48.3129976
348,Sajóvelezd,sajovelezd,village,20.457341,48.2729994
348,Dubicsány,dubicsany,village,20.4910842,48.2844206
348,Bánhorváti,banhorvati,village,20.502324,48.2258623
348,Nagybarca,nagybarca,village,20.5239036,48.2449153
348,Varbó,varbo,village,20.6192852,48.1624261
348,Parasznya,parasznya,village,20.6401312,48.1692305
348,Radostyán,radostyan,village,20.6528042,48.1782589
348,Kondó,kondo,village,20.6431059,48.1872997
348,Sajólászlófalva,sajolaszlofalva,village,20.6747542,48.1849755
348,Sajókápolna,sajokapolna,village,20.6848762,48.1954279
348,Berente,berente,village,20.6645424,48.2318559
348,Sajóivánka,sajoivanka,village,20.5793709,48.2661062
348,Vadna,vadna,village,20.5538088,48.2730073
348,Sajókaza,sajokaza,village,20.5842079,48.2853478
348,Sajógalgóc,sajogalgoc,village,20.5310966,48.2959703
348,Sajóbábony,sajobabony,town,20.738743,48.1750425
348,Sajókeresztúr,sajokeresztur,village,20.7761614,48.1696732
348,Sajóecseg,sajoecseg,village,20.7757477,48.1912315
348,Sajóvámos,sajovamos,village,20.8338894,48.1800367
348,Sajósenye,sajosenye,village,20.8198577,48.1957091
348,Boldva,boldva,village,20.7884169,48.217181
348,Aszaló,aszalo,village,20.9547736,48.2256199
348,Alsóvadász,alsovadasz,village,20.9059626,48.240538
348,Homrogd,homrogd,village,20.9132809,48.2819058
348,Kázsmárk,kazsmark,village,20.9740323,48.2754799
348,Léh,leh,village,20.9804874,48.2922874
348,Monaj,monaj,village,20.9367316,48.3063855
348,Halmaj,halmaj,village,21.0016795,48.2462494
348,Csobád,csobad,village,21.0277433,48.2819349
348,Rásonysápberencs,rasonysapberencs,village,20.9951446,48.3075536
348,Detek,detek,village,21.0190083,48.3333407
348,Beret,beret,village,21.0238991,48.3432328
348,Baktakék,baktakek,village,21.0276138,48.3636469
348,Ináncs,inancs,village,21.0676407,48.2839181
348,Hernádszentandrás,hernadszentandras,village,21.0960419,48.2887762
348,Pere,pere,village,21.121053,48.2852032
348,Hernádbűd,hernadbud,village,21.1355793,48.2946921
348,Forró,forro,village,21.08665,48.3224482
348,Méra,mera,village,21.1517514,48.359042
348,Szalaszend,szalaszend,village,21.125055,48.3900738
348,Novajidrány,novajidrany,village,21.1721117,48.4039457
348,Garadna,garadna,village,21.1749917,48.4183785
348,Hernádvécse,hernadvecse,village,21.1686779,48.4416611
348,Fulókércs,fulokercs,village,21.1073409,48.4297225
348,Fáj,faj,village,21.0763861,48.4212034
348,Fancsal,fancsal,village,21.0640307,48.3556012
348,Alsógagy,alsogagy,village,21.0236781,48.4047234
348,Gagyapáti,gagyapati,village,21.0025481,48.4087364
348,Selyeb,selyeb,village,20.9540738,48.3387701
348,Kupa,kupa,village,20.9138832,48.3313788
348,Nyésta,nyesta,village,20.9518757,48.3698831
348,Felsővadász,felsovadasz,village,20.9158753,48.3711795
348,Tomor,tomor,village,20.8827263,48.3273563
348,Hegymeg,hegymeg,village,20.8614114,48.3310074
348,Lak,lak,village,20.866881,48.3485774
348,Ziliz,ziliz,village,20.7917858,48.2515188
348,Borsodszirák,borsodszirak,village,20.766952,48.2610547
348,Nyomár,nyomar,village,20.819591,48.275992
348,Hangács,hangacs,village,20.8314771,48.2931172
348,Múcsony,mucsony,village,20.680282,48.2697977
348,Szuhakálló,szuhakallo,village,20.6515171,48.2840742
348,Kurityán,kurityan,village,20.6258433,48.3101976
348,Felsőnyárád,felsonyarad,village,20.5983819,48.3300269
348,Jákfalva,jakfalva,village,20.5701355,48.3327868
348,Dövény,doveny,village,20.5441188,48.3463677
348,Felsőkelecsény,felsokelecseny,village,20.5934931,48.3587216
348,Ormosbánya,ormosbanya,village,20.6482777,48.3361933
348,Izsófalva,izsofalva,village,20.6572611,48.3094526
348,Rudolftelep,rudolftelep,village,20.6730872,48.3078355
348,Damak,damak,village,20.8200115,48.3167838
348,Balajt,balajt,village,20.7882128,48.3217322
348,Ládbesenyő,ladbesenyo,village,20.7861181,48.3434334
348,Szendrőlád,szendrolad,village,20.7456162,48.340781
348,Abod,abod,village,20.7910384,48.3926536
348,Galvács,galvacs,village,20.7778897,48.4194357
348,Szakácsi,szakacsi,village,20.8633949,48.3812522
348,Irota,irota,village,20.8758762,48.3982274
348,Gadna,gadna,village,20.9278136,48.4014156
348,Abaújlak,abaujlak,village,20.9550532,48.4050554
348,Abaújszolnok,abaujszolnok,village,20.9777692,48.3728415
348,Felsőgagy,felsogagy,village,21.0151662,48.4296463
348,Csenyéte,csenyete,village,21.0401912,48.4344867
348,Gagyvendégi,gagyvendegi,village,20.9750187,48.4300303
348,Gagybátor,gagybator,village,20.9498078,48.4342403
348,Rakaca,rakaca,village,20.8830434,48.4588519
348,Rakacaszend,rakacaszend,village,20.8382339,48.4606147
348,Meszes,meszes,village,20.796003,48.4386641
348,Szalonna,szalonna,village,20.739375,48.4472052
348,Martonyi,martonyi,village,20.7648324,48.4720638
348,Alsótelekes,alsotelekes,village,20.6546654,48.4104717
348,Felsőtelekes,felsotelekes,village,20.6347425,48.405035
348,Alsószuha,alsoszuha,village,20.5041618,48.37244
348,Zádorfalva,zadorfalva,village,20.4839768,48.3855188
348,Kelemér,kelemer,village,20.4279506,48.3550399
348,Gömörszőlős,gomorszolos,village,20.4273216,48.3738088
348,Szuhafő,szuhafo,village,20.4518413,48.4084596
348,Trizs,trizs,village,20.4942004,48.4264328
348,Ragály,ragaly,village,20.5159874,48.4092113
348,Imola,imola,village,20.5511221,48.4200714
348,Kánó,kano,village,20.5958566,48.4260696
348,Égerszög,egerszog,village,20.5858926,48.4435651
348,Teresztenye,teresztenye,village,20.6047761,48.4464026
348,Szőlősardó,szolosardo,village,20.6266824,48.4437996
348,Varbóc,varboc,village,20.6449496,48.4645394
348,Szinpetri,szinpetri,village,20.6244649,48.483603
348,Jósvafő,josvafo,village,20.5525283,48.482384
348,Aggtelek,aggtelek,village,20.5054283,48.4675104
348,Szin,szin,village,20.6606003,48.4969477
348,Szögliget,szogliget,village,20.6743042,48.5236809
348,Bódvarákó,bodvarako,village,20.7364124,48.5103419
348,Bódvaszilas,bodvaszilas,village,20.7315708,48.5368458
348,Komjáti,komjati,village,20.7607737,48.5457027
348,Tornaszentandrás,tornaszentandras,village,20.7757493,48.5202637
348,Tornabarakony,tornabarakony,village,20.8202142,48.492801
348,Debréte,debrete,village,20.8660044,48.4997333
348,Viszló,viszlo,village,20.8876587,48.4932661
348,Tornanádaska,tornanadaska,village,20.7859641,48.5601057
348,Bódvalenke,bodvalenke,village,20.8039563,48.5411483
348,Hidvégardó,hidvegardo,village,20.8345059,48.5607689
348,Becskeháza,becskehaza,village,20.835192,48.5296795
348,Tornaszentjakab,tornaszentjakab,village,20.8675522,48.5216509
348,Pamlény,pamleny,village,20.9284808,48.4948465
348,Szászfa,szaszfa,village,20.9422796,48.4720906
348,Keresztéte,keresztete,village,20.9503804,48.4997424
348,Krasznokvajda,krasznokvajda,village,20.9703834,48.4732891
348,Perecse,perecse,village,20.9821564,48.5017487
348,Büttös,buttos,village,21.0053506,48.4775116
348,Kány,kany,village,21.0136036,48.5149554
348,Litka,litka,village,21.0585929,48.45531
348,Szemere,szemere,village,21.102231,48.4646921
348,Pusztaradvány,pusztaradvany,village,21.13613,48.4659956
348,Hernádpetri,hernadpetri,village,21.1617115,48.4804083
348,Szigetvár,szigetvar,town,17.7993511,46.0474395
348,Keresztespuszta,keresztespuszta,hamlet,18.1548431,45.9929294
348,Bános,banos,hamlet,18.160006,46.1615188
348,Mecsekszakál,mecsekszakal,hamlet,18.1445865,46.1619394
348,Tekeres,tekeres,hamlet,18.1279912,46.1656028
348,Vigántpetend,vigantpetend,village,17.6269085,46.9644535
348,Lipótfa,lipotfa,hamlet,17.6724882,46.2811633
348,Gálosfa,galosfa,village,17.8855267,46.2561956
348,Hajmás,hajmas,village,17.905447,46.2743153
348,Ostffyasszonyfa,ostffyasszonyfa,village,17.0428192,47.3274607
348,Csönge,csonge,village,17.0654785,47.3521219
348,Kenyeri,kenyeri,village,17.092601,47.3860703
348,Remeteszőlős,remeteszolos,village,18.921676,47.5598939
348,Solymár,solymar,village,18.9284943,47.5913333
348,Kesztölc,kesztolc,village,18.7970928,47.7131362
348,Csolnok,csolnok,village,18.7175944,47.6946334
348,Margitliget,margitliget,hamlet,18.867498,47.3816966
348,Üdülőtelep,udulotelep,hamlet,18.8525035,47.3886294
348,Berkipuszta,berkipuszta,hamlet,18.8581828,47.3800312
348,Mezőszemere,mezoszemere,village,20.5191824,47.7473141
348,Hajmáskér,hajmasker,village,18.0142678,47.1444695
348,Nagyesztergár,nagyesztergar,village,17.9050628,47.276735
348,Dudar,dudar,village,17.9439276,47.31058
348,Szápár,szapar,village,18.0371283,47.3171943
348,Bakonycsernye,bakonycsernye,village,18.085004,47.3194796
348,Csánig,csanig,village,17.0234452,47.4325669
348,Nick,nick,village,17.0196686,47.4020181
348,Uraiújfalu,uraiujfalu,village,16.9839631,47.371219
348,Vámoscsalád,vamoscsalad,village,16.9709168,47.3898168
348,Vasegerszeg,vasegerszeg,village,16.9207793,47.3729793
348,Hegyfalu,hegyfalu,village,16.8823363,47.3540143
348,Zsédeny,zsedeny,village,16.9046604,47.3406065
348,Jákfa,jakfa,village,16.9549523,47.3384243
348,Rábapaty,rabapaty,village,16.9278787,47.3028024
348,Sótony,sotony,village,16.9484292,47.1961953
348,Ikervár,ikervar,village,16.8953858,47.2082081
348,Nyőgér,nyoger,village,16.9377115,47.1815879
348,Bögöt,bogot,village,16.8294953,47.2520154
348,Porpác,porpac,village,16.8021929,47.2419216
348,Bejcgyertyános,bejcgyertyanos,village,16.9230274,47.1487154
348,Csobánka,csobanka,village,18.9672147,47.6436909
348,Tompaládony,tompaladony,village,16.8837579,47.3805647
348,Bő,bo,village,16.8154521,47.3691232
348,Mesterháza,mesterhaza,village,16.8633456,47.3736398
348,Kercaszomor,kercaszomor,village,16.3508763,46.7889534
348,Kerkáskápolna,kerkaskapolna,village,16.4271955,46.7848249
348,Magyarszombatfa,magyarszombatfa,village,16.3403609,46.7609486
348,Velemér,velemer,village,16.3632535,46.7389014
348,Gödörháza,godorhaza,hamlet,16.3548071,46.7518514
348,Parasza,parasza,hamlet,16.6645342,46.7746379
348,Bakonytamási,bakonytamasi,village,17.7332301,47.4102798
348,Pápateszér,papateszer,village,17.6994996,47.3819327
348,Bakonyszentiván,bakonyszentivan,village,17.6718144,47.3907201
348,Csót,csot,village,17.6034011,47.3606147
348,Ugod,ugod,village,17.6013972,47.3180364
348,Bakonyszücs,bakonyszucs,village,17.681372,47.3428492
348,Antalmajor,antalmajor,hamlet,17.836096,46.4540707
348,Zalaszentmihályfa,zalaszentmihalyfa,hamlet,16.74867,46.8323223
348,Rádiháza,radihaza,hamlet,16.7705495,46.6538565
348,Kölked,kolked,village,18.7031346,45.9482394
348,Majláthpuszta,majlathpuszta,hamlet,18.0471806,45.7875535
348,Kémes,kemes,village,18.1007264,45.8260035
348,Drávaszerdahely,dravaszerdahely,village,18.1635815,45.8363381
348,Kovácshida,kovacshida,village,18.181049,45.8337328
348,Gordisa,gordisa,village,18.2353903,45.7979592
348,Drávaszabolcs,dravaszabolcs,village,18.212895,45.8045926
348,Regenye,regenye,village,18.1695367,45.9696538
348,Keselyűs,keselyus,hamlet,18.8487527,46.3279687
348,Bögöte,bogote,village,17.0436719,47.0873272
348,Sajtoskál,sajtoskal,village,16.8539365,47.4032813
348,Táborfalva,taborfalva,village,19.4828926,47.104349
348,Závod,zavod,village,18.4145825,46.3936226
348,Lajoskomárom,lajoskomarom,village,18.337205,46.8417783
348,Mezőkomárom,mezokomarom,village,18.2897787,46.8287562
348,Szabadhídvég,szabadhidveg,village,18.2810312,46.8228156
348,Kisláng,kislang,village,18.3851659,46.9602484
348,Mátyásdomb,matyasdomb,village,18.3476776,46.9227631
348,Dombori,dombori,hamlet,18.8712337,46.4366964
348,Homoktető,homokteto,hamlet,18.3010482,46.0853049
348,Bugyi,bugyi,village,19.1509326,47.2227504
348,Apaj,apaj,village,19.0882667,47.1139942
348,Balotaszállás,balotaszallas,village,19.5361824,46.3510123
348,Gárgyán,gargyan,hamlet,19.7359719,46.3645896
348,Antalfalu,antalfalu,hamlet,17.7803416,46.1456195
348,Adorjánpuszta,adorjanpuszta,hamlet,17.7379842,46.1021328
348,Dióspuszta,diospuszta,hamlet,17.7285428,46.1368476
348,Zalaszentjakab,zalaszentjakab,village,17.1297151,46.4875667
348,Horvátkút,horvatkut,hamlet,17.3452427,46.5957647
348,Szabás,szabas,village,17.4479189,46.2894071
348,Obornak,obornak,hamlet,16.8860255,46.5069973
348,Baranjsko Petrovo Selo,baranjsko petrovo selo,village,18.4702815,45.7555254
348,Alsószölnök,alsoszolnok,village,16.2037135,46.9279697
348,Szakonyfalu,szakonyfalu,village,16.2276204,46.9259071
348,Kétvölgy,ketvolgy,village,16.2235802,46.8837459
348,Apátistvánfalva,apatistvanfalva,village,16.2533376,46.8961208
348,Orfalu,orfalu,village,16.2665315,46.881409
348,Farkasfa,farkasfa,hamlet,16.316075,46.9035641
348,Ispánk,ispank,village,16.4419855,46.8632624
348,Kisrákos,kisrakos,village,16.5011229,46.8576511
348,Viszák,viszak,village,16.4972853,46.8823656
348,Csákánydoroszló,csakanydoroszlo,village,16.5046293,46.9752457
348,Gasztony,gasztony,village,16.4533138,46.9645928
348,Rábagyarmat,rabagyarmat,village,16.421771,46.9427105
348,Rátót,ratot,village,16.4254682,46.9651919
348,Vasszentmihály,vasszentmihaly,village,16.4082956,46.9698936
348,Nemesmedves,nemesmedves,village,16.4017498,46.9978327
348,Csörötnek,csorotnek,village,16.3654918,46.9516895
348,Magyarlak,magyarlak,village,16.3486678,46.9518924
348,Rönök,ronok,village,16.3654502,46.9771246
348,Daraboshegy,daraboshegy,village,16.569281,46.9590049
348,Halogy,halogy,village,16.5613746,46.9705671
348,Nádasd,nadasd,village,16.6129001,46.9650682
348,Pinkamindszent,pinkamindszent,village,16.4839124,47.0388438
348,Szentpéterfa,szentpeterfa,village,16.4788754,47.0944355
348,Harasztifalu,harasztifalu,village,16.5510327,47.0496429
348,Nagykölked,nagykolked,village,16.5546118,47.0658824
348,Rádóckölked,radockolked,village,16.5894723,47.0772824
348,Narda,narda,village,16.4610791,47.2388284
348,Felsőcsatár,felsocsatar,village,16.4446605,47.2138553
348,Vaskeresztes,vaskeresztes,village,16.4486687,47.1939865
348,Horvátlövő,horvatlovo,village,16.4612783,47.1794642
348,Pornóapáti,pornoapati,village,16.4658887,47.1560615
348,Nárai,narai,village,16.5535138,47.1933562
348,Tiszabecs,tiszabecs,village,22.8183787,48.0979939
348,Kispalád,kispalad,village,22.8367906,48.021639
348,Magosliget,magosliget,village,22.8627616,48.0546763
348,Uszka,uszka,village,22.8576392,48.074427
348,Rozsály,rozsaly,village,22.7982445,47.9242429
348,Méhtelek,mehtelek,village,22.8477023,47.9316765
348,Garbolc,garbolc,village,22.8617631,47.9446307
348,Nagyhódos,nagyhodos,village,22.849661,47.9629392
348,Kishódos,kishodos,village,22.8356999,47.9710505
348,Zsarolyán,zsarolyan,village,22.588092,47.9490863
348,Jánkmajtis,jankmajtis,village,22.6491719,47.9400472
348,Csegöld,csegold,village,22.6805403,47.8981209
348,Csengersima,csengersima,village,22.7303134,47.8660813
348,Gacsály,gacsaly,village,22.7567922,47.930888
348,Zajta,zajta,village,22.7950737,47.9089877
348,Császló,csaszlo,village,22.7224995,47.9142421
348,Kisnamény,kisnameny,village,22.6938783,47.9553522
348,Csaholc,csaholc,village,22.7288543,47.9847457
348,Mánd,mand,village,22.6081738,47.9983798
348,Nemesborzova,nemesborzova,village,22.6327517,47.9932554
348,Vámosoroszi,vamosoroszi,village,22.6817762,47.9921273
348,Túrricse,turricse,village,22.7655934,47.9738823
348,Tisztaberek,tisztaberek,village,22.7921249,47.95651
348,Nagyszekeres,nagyszekeres,village,22.609893,47.9639167
348,Kisszekeres,kisszekeres,village,22.6366244,47.9734369
348,Penyige,penyige,village,22.5684776,47.997444
348,Milota,milota,village,22.7803098,48.1035853
348,Tiszacsécse,tiszacsecse,village,22.7446042,48.1096605
348,Tiszakóród,tiszakorod,village,22.7138901,48.1055671
348,Túristvándi,turistvandi,village,22.6458245,48.0513705
348,Kömörő,komoro,village,22.5915252,48.0290198
348,Fülesd,fulesd,village,22.6755513,48.0246779
348,Kölcse,kolcse,village,22.7155239,48.0536412
348,Sonkád,sonkad,village,22.7467534,48.05401
348,Botpalád,botpalad,village,22.8058874,48.0293355
348,Nagyar,nagyar,village,22.5538486,48.0587488
348,Szatmárcseke,szatmarcseke,village,22.6297402,48.0851966
348,Tarpa,tarpa,village,22.5290514,48.1031244
348,Tivadar,tivadar,village,22.5124943,48.0653096
348,Kisar,kisar,village,22.5183828,48.0575003
348,Jánd,jand,village,22.3727019,48.1143493
348,Gulács,gulacs,village,22.4678861,48.0882795
348,Hetefejércse,hetefejercse,village,22.4684005,48.1279333
348,Csaroda,csaroda,village,22.4599611,48.1599649
348,Márokpapi,marokpapi,village,22.5084009,48.1486668
348,Beregsurány,beregsurany,village,22.5480971,48.1615571
348,Beregdaróc,beregdaroc,village,22.5309278,48.1970929
348,Gelénes,gelenes,village,22.4474238,48.1990058
348,Vámosatya,vamosatya,village,22.4088716,48.1969673
348,Tiszaszalka,tiszaszalka,village,22.3164305,48.1858042
348,Tiszavid,tiszavid,village,22.2974151,48.1950113
348,Tiszaadony,tiszaadony,village,22.2889312,48.2234511
348,Barabás,barabas,village,22.4307276,48.2303469
348,Santăul Mare,santaul mare,village,21.8376923,47.1694107
348,Lónya,lonya,village,22.2704253,48.3181875
348,Mátyus,matyus,village,22.2823276,48.2831601
348,Tiszakerecseny,tiszakerecseny,village,22.3000932,48.2587093
348,Kisvarsány,kisvarsany,village,22.2980272,48.1449512
348,Nagyvarsány,nagyvarsany,village,22.278372,48.1602115
348,Gyüre,gyure,village,22.2669136,48.1758965
348,Aranyosapáti,aranyosapati,village,22.2567426,48.2122856
348,Tuzsér,tuzser,village,22.118663,48.3434133
348,Tiszamogyorós,tiszamogyoros,village,22.2262149,48.3219755
348,Mezőladány,mezoladany,village,22.2228824,48.274162
348,Újkenéz,ujkenez,village,22.2242701,48.2498882
348,Benk,benk,village,22.2326291,48.3019259
348,Zsurk,zsurk,village,22.2184353,48.4106284
348,Tiszaszentmárton,tiszaszentmarton,village,22.2342136,48.3755004
348,Tápiógyörgye,tapiogyorgye,village,19.9519935,47.3341052
348,Tápiószele,tapioszele,town,19.875582,47.3320634
348,Tápiószőlős,tapioszolos,village,19.8411243,47.2925537
348,Újszilvás,ujszilvas,village,19.9142046,47.2697146
348,Jászboldogháza,jaszboldoghaza,village,19.9958033,47.3686675
348,Jánoshida,janoshida,village,20.0565734,47.3839188
348,Nábrád,nabrad,village,22.4464114,48.0052679
348,Kérsemjén,kersemjen,village,22.4165423,48.0232104
348,Panyola,panyola,village,22.3980747,48.0432802
348,Olcsvaapáti,olcsvaapati,village,22.3513539,48.0883538
348,Olcsva,olcsva,village,22.3291746,48.0884918
348,Ópályi,opalyi,village,22.3223431,47.995763
348,Nagydobos,nagydobos,village,22.3034478,48.0535511
348,Szamoskér,szamosker,village,22.4167568,48.0175843
348,Szamosszeg,szamosszeg,village,22.3650383,48.0427241
348,Kocsord,kocsord,village,22.3869911,47.9390852
348,Győrtelek,gyortelek,village,22.4406866,47.9284221
348,Géberjén,geberjen,village,22.4560105,47.9319991
348,Fülpösdaróc,fulposdaroc,village,22.4776938,47.9417525
348,Ököritófülpös,okoritofulpos,village,22.5090032,47.919036
348,Rápolt,rapolt,village,22.554341,47.9200512
348,Hermánszeg,hermanszeg,village,22.6244604,47.9045706
348,Szamossályi,szamossalyi,village,22.6103075,47.9063781
348,Szamosújlak,szamosujlak,village,22.5867083,47.9178077
348,Gyügye,gyugye,village,22.5691732,47.9223789
348,Cégénydányád,cegenydanyad,village,22.538665,47.9364421
348,Szamostatárfalva,szamostatarfalva,village,22.6648959,47.8745895
348,Szamosbecs,szamosbecs,village,22.6898728,47.8619185
348,Komlódtótfalu,komlodtotfalu,village,22.7030039,47.8438779
348,Ura,ura,village,22.604447,47.8197159
348,Tyukod,tyukod,village,22.5532149,47.851694
348,Csengerújfalu,csengerujfalu,village,22.6216413,47.8050817
348,Pátyod,patyod,village,22.6159482,47.8680702
348,Porcsalma,porcsalma,village,22.5682954,47.8824619
348,Szamosangyalos,szamosangyalos,village,22.6523341,47.8717785
348,Mérk,merk,village,22.3783349,47.781955
348,Fábiánháza,fabianhaza,village,22.356661,47.8486592
348,Nyírcsaholy,nyircsaholy,village,22.3351647,47.9025711
348,Mohács,mohacs,town,18.6821079,45.9933836
348,Jenő,jeno,village,18.2499452,47.105789
348,Nádasdladány,nadasdladany,village,18.2398735,47.137771
348,Sárkeszi,sarkeszi,village,18.285881,47.1582183
348,Perkupa,perkupa,village,20.6876529,48.4733144
348,Kemenesmihályfa,kemenesmihalyfa,village,17.1135987,47.2853974
348,Kemenessömjén,kemenessomjen,village,17.1337876,47.2945012
348,Boba,boba,village,17.1870848,47.1845947
348,Egyházashetye,egyhazashetye,village,17.1197109,47.1695366
348,Köcsk,kocsk,village,17.1031579,47.1908459
348,Kemeneskápolna,kemeneskapolna,village,17.1060431,47.2079541
348,Mesteri,mesteri,village,17.0869076,47.2255488
348,Vásárosmiske,vasarosmiske,village,17.062346,47.2074372
348,Nemeskocs,nemeskocs,village,17.1864977,47.1994874
348,Ant,ant,village,21.4675535,46.6663464
348,Ateaș,ateas,village,21.6162944,46.9174877
348,Voivozi,voivozi,village,22.0403325,47.4695662
348,Paloznak,paloznak,village,17.9408772,46.9833457
348,Lovas,lovas,village,17.9588089,46.9933669
348,Atea,atea,village,22.7886629,47.8709043
348,Peleș,peles,village,22.8199778,47.8848993
348,Horea,horea,village,22.2357399,47.6847017
348,Pordeanu,pordeanu,village,20.4016818,46.1497667
348,Felsőörs,felsoors,village,17.9532454,47.0144661
348,Nagymajor,nagymajor,hamlet,20.9912774,47.6539385
348,Ohat,ohat,hamlet,20.9690937,47.608187
348,Telekháza,telekhaza,hamlet,20.9335384,47.6457698
348,Félhalom,felhalom,hamlet,20.8615693,47.6025855
348,Hont,hont,village,18.9912734,48.0500784
348,Felsőpakony,felsopakony,village,19.2362156,47.3432696
348,Alsónémedi,alsonemedi,village,19.165704,47.3146713
348,Mogyoród,mogyorod,village,19.2384215,47.5986636
348,Köveskál,koveskal,village,17.6056741,46.8814046
348,Kővágóörs,kovagoors,village,17.6016096,46.8490382
348,Kékkút,kekkut,village,17.5599206,46.8506689
348,Salföld,salfold,village,17.5501359,46.8339955
348,Pilisjászfalu,pilisjaszfalu,village,18.7941319,47.655045
348,Szigetmonostor,szigetmonostor,village,19.1009549,47.6896702
348,Tahitótfalu,tahitotfalu,village,19.0844571,47.75434
348,Pócsmegyer,pocsmegyer,village,19.0956199,47.7158378
348,Leányfalu,leanyfalu,village,19.0888422,47.718888
348,Majosháza,majoshaza,village,18.9958458,47.2644792
348,Áporka,aporka,village,19.0120921,47.232627
348,Káptalantóti,kaptalantoti,village,17.5136508,46.8498084
348,Gyulakeszi,gyulakeszi,village,17.4808152,46.8679104
348,Szentbékkálla,szentbekkalla,village,17.5645791,46.8864519
348,Mindszentkálla,mindszentkalla,village,17.5529096,46.8741849
348,Poroszló,poroszlo,village,20.6560717,47.6435536
348,Kovácsszénája,kovacsszenaja,village,18.1092839,46.1720999
348,Nyírmada,nyirmada,town,22.1877049,48.067926
348,Magyarpolány,magyarpolany,village,17.5501382,47.1685304
348,Csolnok XII akna,csolnok xii akna,hamlet,18.6939853,47.6760898
348,Rózsaszentmárton,rozsaszentmarton,village,19.7419306,47.7828558
348,Gyöngyöstarján,gyongyostarjan,village,19.8668338,47.8117356
348,Gyöngyösoroszi,gyongyosoroszi,village,19.8925424,47.8290371
348,Nagyréde,nagyrede,village,19.8503473,47.7654882
348,Ecséd,ecsed,village,19.7728816,47.7323069
348,Petőfibánya,petofibanya,village,19.7019335,47.7661279
348,Zagyvaszántó,zagyvaszanto,village,19.6705195,47.7755885
348,Gyöngyöspata,gyongyospata,town,19.7903391,47.8146817
348,Szűcsi,szucsi,village,19.7632166,47.8041906
348,Szurdokpüspöki,szurdokpuspoki,village,19.695582,47.8524785
348,Jobbágyi,jobbagyi,village,19.6767845,47.8303521
348,Apc,apc,village,19.6916338,47.7963496
348,Monostorapáti,monostorapati,village,17.550868,46.922362
348,Sülysáp,sulysap,town,19.5214828,47.4542606
348,Tápiószecső,tapioszecso,village,19.6077248,47.4506254
348,Buj,buj,village,21.646486,48.0990777
348,Karakó,karako,village,17.2006645,47.1158682
348,Jánosháza,janoshaza,town,17.1642699,47.1198765
348,Sárpentele,sarpentele,hamlet,18.3611937,47.1636662
348,Hidegkút,hidegkut,village,17.8284751,47.0011829
348,Zselicszentpál,zselicszentpal,village,17.8214315,46.3063035
348,Zeleno Polje,zeleno polje,hamlet,18.5027501,45.770442
348,Torjanci,torjanci,village,18.3667916,45.7582581
348,Luč,luc,village,18.5359072,45.7846448
348,Cserénfa,cserenfa,village,17.8830471,46.3108329
348,Leányvár,leanyvar,village,18.7710262,47.6816948
348,Piliscsév,piliscsev,village,18.8184572,47.673439
348,Hosťovce,hostovce,village,20.8551192,48.5714757
348,Vérteskethely,verteskethely,village,18.0817591,47.4869419
348,Császár,csaszar,village,18.1393362,47.5014578
348,Dad,dad,village,18.2254274,47.5182282
348,Bokod,bokod,village,18.2420786,47.4934128
348,Vágotpuszta,vagotpuszta,hamlet,18.1910329,46.1553966
348,Nagykarácsony,nagykaracsony,village,18.7749966,46.8666921
348,Szeghalom,szeghalom,town,21.1693932,47.0213485
348,Pellérd,pellerd,village,18.153296,46.0348577
348,Alap,alap,village,18.6854298,46.8044751
348,Bakonykúti,bakonykuti,village,18.1980235,47.2455037
348,Balinka,balinka,village,18.1889439,47.3126973
348,Baracs,baracs,village,18.8657761,46.913304
348,Füle,fule,village,18.245888,47.0526686
348,Isztimér,isztimer,village,18.1960482,47.2783843
348,Nagyveleg,nagyveleg,village,18.1111279,47.3593669
348,Vajta,vajta,village,18.6669546,46.7176178
348,Dég,deg,village,18.4477565,46.8727995
348,Igar,igar,village,18.5145421,46.7759801
348,Daruszentmiklós,daruszentmiklos,village,18.8462522,46.8584251
348,Kisapostag,kisapostag,village,18.9322007,46.8941472
348,Nagylók,nagylok,village,18.6422324,46.975953
348,Úrhida,urhida,village,18.3345777,47.1326733
348,Moha,moha,village,18.333815,47.2430218
348,Óbarok,obarok,village,18.5696261,47.4901159
348,Atkár,atkar,village,19.8901629,47.7196216
348,Átány,atany,village,20.3619843,47.6175427
348,Bátor,bator,village,20.2656574,47.991768
348,Balaton,balaton,village,20.3060574,48.0944507
348,Bekölce,bekolce,village,20.2759005,48.0809868
348,Mikekarácsonyfa,mikekaracsonyfa,village,16.6936645,46.6603545
348,Zalamerenye,zalamerenye,village,17.0961394,46.5746371
348,Zalasárszeg,zalasarszeg,village,17.0794308,46.492698
348,Zalaszentbalázs,zalaszentbalazs,village,16.9195288,46.5883047
348,Kálmáncsa,kalmancsa,village,17.6183979,46.0672097
348,Somogyvámos,somogyvamos,village,17.6805103,46.5718507
348,Rábahídvég,rabahidveg,village,16.7413621,47.0723786
348,Kútfej,kutfej,hamlet,16.5567472,46.5612288
348,Tekenye,tekenye,village,17.1227072,46.9599517
348,Ecseg,ecseg,village,19.6026278,47.8983295
348,Alsótold,alsotold,village,19.59694,47.9540746
348,Kozárd,kozard,village,19.6182149,47.9140209
348,Felsőtold,felsotold,village,19.6093229,47.9682201
348,Garáb,garab,village,19.6384458,47.9777174
348,Hollókő,holloko,village,19.5915708,47.9974741
348,Nagylóc,nagyloc,village,19.5726013,48.0354309
348,Zsunypuszta,zsunypuszta,hamlet,19.6196297,47.9965817
348,Magyarnándor,magyarnandor,village,19.3487659,47.9675683
348,Cserháthaláp,cserhathalap,village,19.3755306,47.9821943
348,Cserhátsurány,cserhatsurany,village,19.4264404,47.9775035
348,Szanda,szanda,village,19.4404136,47.9278532
348,Terény,tereny,village,19.4414941,47.9455052
348,Mohora,mohora,village,19.3381818,47.9935415
348,Nógrádgárdony,nogradgardony,hamlet,19.4142456,48.0425675
348,Csitár,csitar,village,19.4292544,48.0543368
348,Bérbaltavár,berbaltavar,village,16.9665042,47.0081131
348,Kétbodony,ketbodony,village,19.284937,47.9354371
348,Szente,szente,village,19.2865515,47.9678151
348,Debercsény,debercseny,village,19.3162254,47.9648795
348,Csehimindszent,csehimindszent,village,16.9556599,47.0464514
348,Mikosszéplak,mikosszeplak,village,16.9746297,47.0323673
348,Csehi,csehi,village,16.94357,47.0368124
348,Csipkerek,csipkerek,village,16.9413683,47.0737928
348,Kám,kam,village,16.8812037,47.1039476
348,Felsőpetény,felsopeteny,village,19.198011,47.88909
348,Kisbarát,kisbarat,hamlet,17.6442979,47.623914
348,Varsány,varsany,village,19.4907752,48.0411382
348,Rimóc,rimoc,village,19.5304259,48.0374052
348,Nógrádsipek,nogradsipek,village,19.5009497,48.0086293
348,Ludányhalászi,ludanyhalaszi,village,19.5242934,48.1346794
348,Nógrádszakál,nogradszakal,village,19.5266015,48.1804348
348,Litke,litke,village,19.5988323,48.21203
348,Slovenské Nové Mesto,slovenske nove mesto,village,21.6685486,48.4014713
348,Keléd,keled,village,17.1169105,47.0758821
348,Inárcs,inarcs,village,19.3291422,47.260939
348,Kakucs,kakucs,village,19.3667431,47.2416179
348,Kiscenk,kiscenk,hamlet,16.7109896,47.6082534
348,Lajosszállás,lajosszallas,hamlet,20.4511131,46.6104703
348,Árpádhalom,arpadhalom,village,20.5470627,46.6191928
348,Acsád,acsad,village,16.7341113,47.3258861
348,Vasasszonyfa,vasasszonyfa,village,16.6718677,47.3123919
348,Salköveskút,salkoveskut,village,16.6951518,47.2951022
348,Vasszilvágy,vasszilvagy,village,16.74974,47.3026046
348,Csepreg,csepreg,town,16.7078418,47.401594
348,Kiszsidány,kiszsidany,village,16.6388556,47.4110791
348,Gór,gor,village,16.8041843,47.3598534
348,Meszlen,meszlen,village,16.7022867,47.3312746
348,Pusztacsó,pusztacso,village,16.6223797,47.3328474
348,Kőszegpaty,koszegpaty,village,16.6486698,47.326931
348,Tömörd,tomord,village,16.6779269,47.3612127
348,Nemescsó,nemescso,village,16.6165579,47.3506303
348,Csököly,csokoly,village,17.5544034,46.2991833
348,Tiszanána,tiszanana,village,20.5292959,47.5564803
348,Sarud,sarud,village,20.5967429,47.5884589
348,Újlőrincfalva,ujlorincfalva,village,20.5985459,47.6260626
348,Ólmod,olmod,village,16.5896945,47.4142736
348,Becsali,becsali,hamlet,18.0066213,46.1260996
348,Alsókövesd,alsokovesd,hamlet,17.9667284,46.2001048
348,Felsőkövesd,felsokovesd,hamlet,17.9576733,46.1928418
348,Őrimagyarósd,orimagyarosd,village,16.5353386,46.8867596
348,Hegyhátszentjakab,hegyhatszentjakab,village,16.5472519,46.8681648
348,Kemestaródfa,kemestarodfa,village,16.5177534,46.9964454
348,Magyarnádalja,magyarnadalja,village,16.53259,47.0095755
348,Halastó,halasto,village,16.6856954,46.948167
348,Nagymizdó,nagymizdo,village,16.6548563,46.992149
348,Szarvaskend,szarvaskend,village,16.6765639,46.9887881
348,Magyarszecsőd,magyarszecsod,village,16.6499156,47.0363937
348,Telekes,telekes,village,16.7697532,46.9448141
348,Döbörhegy,doborhegy,village,16.7023387,46.9912165
348,Ivánc,ivanc,village,16.4983823,46.9393738
348,Szaknyér,szaknyer,village,16.5276734,46.8643356
348,Szőce,szoce,village,16.5698297,46.8878603
348,Felsőmarác,felsomarac,village,16.5196235,46.9334097
348,Sárfimizdó,sarfimizdo,village,16.7150137,46.9411585
348,Kondorfa,kondorfa,village,16.3929341,46.8966494
348,Hegyhátszentmárton,hegyhatszentmarton,village,16.479988,46.9349943
348,Molnaszecsőd,molnaszecsod,village,16.6765889,47.0457997
348,Egyházashollós,egyhazashollos,village,16.6919224,47.0570351
348,Nemesrempehollós,nemesrempehollos,village,16.6776261,47.0902224
348,Püspökmolnári,puspokmolnari,village,16.7964636,47.0909745
348,Dozmat,dozmat,village,16.5125181,47.2334869
348,Bucsu,bucsu,village,16.4938207,47.26397
348,Bozsok,bozsok,village,16.4910537,47.3250569
348,Velem,velem,village,16.489883,47.3458864
348,Kőszegszerdahely,koszegszerdahely,village,16.5157175,47.3406309
348,Cák,cak,village,16.5136076,47.353935
348,Sorokpolány,sorokpolany,village,16.6756108,47.137387
348,Torony,torony,village,16.5297139,47.2398927
348,Sé,se,village,16.5542516,47.243937
348,Sorkikápolna,sorkikapolna,village,16.7008753,47.1404069
348,Gyanógeregye,gyanogeregye,village,16.7618389,47.1243957
348,Sorkifalud,sorkifalud,village,16.7515693,47.1313917
348,Nemeskolta,nemeskolta,village,16.7662281,47.1420968
348,Táplánszentkereszt,taplanszentkereszt,village,16.696725,47.198556
348,Tanakajd,tanakajd,village,16.7344505,47.1889449
348,Vasszécseny,vasszecseny,village,16.7679618,47.1817551
348,Csempeszkopács,csempeszkopacs,village,16.805321,47.1549835
348,Vép,vep,town,16.723032,47.2308177
348,Bozzai,bozzai,village,16.7652737,47.2073309
348,Nemesbőd,nemesbod,village,16.735433,47.2689446
348,Vát,vat,village,16.7758269,47.282993
348,Kenéz,kenez,village,16.7883998,47.2024677
348,Perenye,perenye,village,16.576181,47.2903419
348,Gyöngyösfalu,gyongyosfalu,village,16.5868634,47.315618
348,Kőszegdoroszló,koszegdoroszlo,village,16.5422607,47.3454165
348,Lukácsháza,lukacshaza,village,16.584544,47.3269856
348,Vassurány,vassurany,village,16.7055444,47.2863994
348,Tormásliget,tormasliget,village,16.7762279,47.4281198
348,Lócs,locs,village,16.8156748,47.4032814
348,Iklanberény,iklanbereny,village,16.8034249,47.424709
348,Alsóújlak,alsoujlak,village,16.8531169,47.0822227
348,Rum,rum,village,16.8444792,47.1301862
348,Meggyeskovácsi,meggyeskovacsi,village,16.8684435,47.1627184
348,Pecöl,pecol,village,16.8278683,47.2053424
348,Megyehíd,megyehid,village,16.8415468,47.2117392
348,Szeleste,szeleste,village,16.8311576,47.3129566
348,Ölbő,olbo,village,16.8619641,47.3003902
348,Pósfa,posfa,village,16.8539661,47.3274304
348,Répceszentgyörgy,repceszentgyorgy,village,16.8468637,47.35064
348,Hervadtfa,hervadtfa,hamlet,16.9642549,46.9744268
348,Szemenye,szemenye,village,16.9067287,47.1015531
348,Hosszúpereszteg,hosszupereszteg,village,17.0231836,47.0955027
348,Nemeskeresztúr,nemeskeresztur,village,17.1934153,47.0936033
348,Egervölgy,egervolgy,village,16.9083672,47.1190307
348,Káld,kald,village,17.0448816,47.1640622
348,Gérce,gerce,village,17.0169311,47.2160195
348,Vashosszúfalu,vashosszufalu,village,17.0597409,47.112689
348,Duka,duka,village,17.1123194,47.1252146
348,Borgáta,borgata,village,17.0798627,47.1618331
348,Kamond,kamond,village,17.203441,47.1483242
348,Nemesládony,nemesladony,village,16.8871237,47.4003561
348,Nagygeresd,nagygeresd,village,16.9322219,47.3948689
348,Mersevát,mersevat,village,17.2049535,47.289461
348,Szergény,szergeny,village,17.2682804,47.3286419
348,Törtel,tortel,village,19.9350507,47.1208483
348,Dabronc,dabronc,village,17.1678036,47.03193
348,Gógánfa,goganfa,village,17.1863844,47.021478
348,Ukk,ukk,village,17.2140901,47.0437358
348,Jászkarajenő,jaszkarajeno,village,20.0683316,47.0537807
348,Zalakoppány,zalakoppany,hamlet,17.0782357,46.8836995
348,Zalaudvarnok,zalaudvarnok,hamlet,17.106854,46.9128857
348,Csáford,csaford,hamlet,17.0572756,46.933605
348,Zalaerdőd,zalaerdod,village,17.1422276,47.0547996
348,Hetyefő,hetyefo,village,17.1611597,47.0446775
348,Lesencefalu,lesencefalu,village,17.3457565,46.8448374
348,Nemesvita,nemesvita,village,17.3685813,46.8242727
348,Lesencetomaj,lesencetomaj,village,17.3611554,46.8565807
348,Hegymagas,hegymagas,village,17.4330371,46.8333466
348,Raposka,raposka,village,17.4231033,46.8484043
348,Csépa,csepa,village,20.1304652,46.8062494
348,Badacsonytördemic,badacsonytordemic,village,17.4736857,46.8120251
348,Nemesgulács,nemesgulacs,village,17.4833775,46.834759
348,Balatonhenye,balatonhenye,village,17.6155343,46.9119705
348,Monoszló,monoszlo,village,17.6407419,46.9029861
348,Tagyon,tagyon,village,17.6803466,46.9023527
348,Szentantalfa,szentantalfa,village,17.6739852,46.9141459
348,Szentjakabfa,szentjakabfa,village,17.6760662,46.9340098
348,Balatoncsicsó,balatoncsicso,village,17.6688942,46.9266024
348,Óbudavár,obudavar,village,17.6907715,46.9378832
348,Mencshely,mencshely,village,17.6999198,46.9454983
348,Vöröstó,vorosto,village,17.7233601,46.9717029
348,Barnag,barnag,village,17.7471209,46.9796133
348,Nemesvámos,nemesvamos,village,17.8718258,47.0548638
348,Veszprémfajsz,veszpremfajsz,village,17.8956997,47.0364131
348,Szentkirályszabadja,szentkiralyszabadja,village,17.9705319,47.0565157
348,Zalahaláp,zalahalap,village,17.458341,46.9147707
348,Csajág,csajag,village,18.1858906,47.0446777
348,Küngös,kungos,village,18.1734324,47.0660103
348,Batida,batida,hamlet,20.3348815,46.3469999
348,Szikáncs,szikancs,hamlet,20.4508165,46.3629295
348,Tiszasas,tiszasas,village,20.0799597,46.8211139
348,Szelevény,szeleveny,village,20.1973333,46.8034945
348,Nagyrév,nagyrev,village,20.1440061,46.9450727
348,Tiszajenő,tiszajeno,village,20.1415833,47.0311761
348,Tiszavárkony,tiszavarkony,village,20.1810633,47.0646321
348,Mezőhék,mezohek,village,20.3876133,46.9957193
348,Vezseny,vezseny,village,20.2199129,47.0336491
348,Rákócziújfalu,rakocziujfalu,village,20.2624113,47.0600423
348,Mesterszállás,mesterszallas,village,20.4308659,46.9538509
348,Kisunyom,kisunyom,village,16.6414748,47.1470648
348,Zsennye,zsennye,village,16.8162329,47.1129443
348,Megyer,megyer,village,17.1923342,47.0611187
348,Zalameggyes,zalameggyes,village,17.2195389,47.0808222
348,Zalaszegvár,zalaszegvar,village,17.2240422,47.0980688
348,Hosztót,hosztot,village,17.2401158,47.0867499
348,Bodorfa,bodorfa,village,17.3429821,47.0759708
348,Kissomlyó,kissomlyo,village,17.102509,47.1440505
348,Kemenespálfa,kemenespalfa,village,17.173756,47.1367865
348,Nagypirit,nagypirit,village,17.2253537,47.2003219
348,Külsővat,kulsovat,village,17.225658,47.2963155
348,Kiscsősz,kiscsosz,village,17.2798352,47.1958925
348,Somlójenő,somlojeno,village,17.3543661,47.1227555
348,Somlóvásárhely,somlovasarhely,village,17.3762386,47.1209505
348,Somlóvecse,somlovecse,village,17.351413,47.1952404
348,Doba,doba,village,17.3798491,47.1659729
348,Kispirit,kispirit,village,17.240117,47.1972017
348,Csögle,csogle,village,17.254767,47.2190874
348,Adorjánháza,adorjanhaza,village,17.239537,47.2431039
348,Nemesszalók,nemesszalok,village,17.3015774,47.2744171
348,Kisszőlős,kisszolos,village,17.3307324,47.1978113
348,Dabrony,dabrony,village,17.3280425,47.242302
348,Nyárád,nyarad,village,17.3611691,47.2829876
348,Borszörcsök,borszorcsok,village,17.4037697,47.1342737
348,Oroszi,oroszi,village,17.416208,47.1546726
348,Pápasalamon,papasalamon,village,17.4221592,47.2296047
348,Marcalgergelyi,marcalgergelyi,village,17.2699505,47.3120264
348,Vinár,vinar,village,17.2822998,47.3108519
348,Mihályháza,mihalyhaza,village,17.3385707,47.3098039
348,Pápadereske,papadereske,village,17.4002198,47.292502
348,Mezőlak,mezolak,village,17.3713022,47.3290827
348,Békás,bekas,village,17.350161,47.3317525
348,Pusztamiske,pusztamiske,village,17.4478856,47.0627857
348,Kolontár,kolontar,village,17.4737817,47.0870815
348,Úrkút,urkut,village,17.6436593,47.0824725
348,Litér,liter,village,18.0076,47.099915
348,Ganna,ganna,village,17.5253533,47.2329341
348,Adásztevel,adasztevel,village,17.5400709,47.3041008
348,Nagytevel,nagytevel,village,17.5654838,47.296411
348,Szentgál,szentgal,village,17.7351064,47.1125816
348,Csehbánya,csehbanya,village,17.684198,47.1818295
348,Farkasgyepű,farkasgyepu,village,17.6307266,47.2038416
348,Bánd,band,village,17.7795783,47.1220366
348,Homokbödöge,homokbodoge,village,17.5898597,47.3030591
348,Borzavár,borzavar,village,17.8288254,47.2928162
348,Porva,porva,village,17.8126094,47.3069096
348,Bakonyoszlop,bakonyoszlop,village,17.9232123,47.3417446
348,Sóly,soly,village,18.0321042,47.1298676
348,Királyszentistván,kiralyszentistvan,village,18.0436545,47.1092663
348,Vilonya,vilonya,village,18.0612951,47.1102367
348,Bakonynána,bakonynana,village,17.9692327,47.2819705
348,Tés,tes,village,18.0304856,47.257864
348,Jásd,jasd,village,18.026161,47.2829479
348,Papkeszi,papkeszi,village,18.0814079,47.0820574
348,Nyáregyháza,nyaregyhaza,village,19.5026386,47.2627494
348,Vasad,vasad,village,19.4026487,47.3239639
348,Csévharaszt,csevharaszt,village,19.429192,47.2973253
348,Bénye,benye,village,19.5398939,47.3553415
348,Csemő,csemo,village,19.697672,47.1183779
348,Tápiószentmárton,tapioszentmarton,village,19.744694,47.340459
348,Tószeg,toszeg,village,20.1474605,47.1005785
348,Rákóczifalva,rakoczifalva,town,20.2343365,47.0898193
348,Kengyel,kengyel,village,20.3423729,47.0946274
348,Kétpó,ketpo,village,20.4821152,47.074298
348,Zagyvarékas,zagyvarekas,village,20.12777,47.2677137
348,Tiszatenyő,tiszatenyo,village,20.3797581,47.1359865
348,Tiszapüspöki,tiszapuspoki,village,20.3172973,47.2145342
348,Csataszög,csataszog,village,20.3833751,47.2825945
348,Szászberek,szaszberek,village,20.093252,47.3107297
348,Besenyszög,besenyszog,town,20.257149,47.2960008
348,Hunyadfalva,hunyadfalva,village,20.3708765,47.3120494
348,Kuncsorba,kuncsorba,village,20.5552797,47.1285066
348,Nagykörű,nagykoru,village,20.4483722,47.2742815
348,Örményes,ormenyes,village,20.5676271,47.1909035
348,Kőtelek,kotelek,village,20.4429892,47.3320779
348,Tiszabő,tiszabo,village,20.4852891,47.3090228
348,Pilisszentiván,pilisszentivan,village,18.8969359,47.6095461
348,Simaság,simasag,village,16.8432678,47.4234802
348,Kemeneshőgyész,kemeneshogyesz,village,17.298177,47.3549629
348,Nagyacsád,nagyacsad,village,17.3725747,47.365925
348,Magyargencs,magyargencs,village,17.2869175,47.3753981
348,Vanyola,vanyola,village,17.5991335,47.3852709
348,Lovászpatona,lovaszpatona,village,17.6334802,47.4391575
348,Nagydém,nagydem,village,17.6743212,47.4387396
348,Réde,rede,village,17.9165125,47.4312328
348,Ácsteszér,acsteszer,village,18.0056878,47.4060144
348,Bakonybánk,bakonybank,village,17.9033918,47.4681471
348,Bársonyos,barsonyos,village,17.9214816,47.5089888
348,Bakonyszombathely,bakonyszombathely,village,17.9624907,47.4703383
348,Kerékteleki,kerekteleki,village,17.9387389,47.5147378
348,Ászár,aszar,village,18.0045383,47.509266
348,Tárkány,tarkany,village,18.0017805,47.5900913
348,Csép,csep,village,18.0629998,47.577881
348,Vaszar,vaszar,village,17.5160785,47.4024091
348,Gecse,gecse,village,17.5257212,47.4439691
348,Súr,sur,village,18.0297393,47.3724321
348,Csatka,csatka,village,17.9772827,47.37926
348,Aka,aka,village,18.0697011,47.4044141
348,Ete,ete,village,18.0724847,47.5322292
348,Nagyigmánd,nagyigmand,village,18.076194,47.6350173
348,Kömlőd,komlod,village,18.2606324,47.5470914
348,Szákszend,szakszend,village,18.1694103,47.5502393
348,Kocs,kocs,village,18.2132002,47.6054999
348,Kecskéd,kecsked,village,18.3076032,47.5240181
348,Környe,kornye,village,18.3318516,47.5475792
348,Ecser,ecser,village,19.3184563,47.4445025
348,Mende,mende,village,19.4515363,47.4288652
348,Gomba,gomba,village,19.5311516,47.3703744
348,Úri,uri,village,19.5244931,47.415309
348,Tápióság,tapiosag,village,19.6303259,47.3992437
348,Kóka,koka,village,19.5806089,47.4891593
348,Dány,dany,village,19.5508325,47.5222089
348,Zsámbok,zsambok,village,19.6066136,47.5431221
348,Vácszentlászló,vacszentlaszlo,village,19.5366483,47.5735196
348,Hévízgyörk,hevizgyork,village,19.5190457,47.6303011
348,Galgahévíz,galgaheviz,village,19.5558378,47.6222577
348,Szentlőrinckáta,szentlorinckata,village,19.7558396,47.5220313
348,Jászfelsőszentgyörgy,jaszfelsoszentgyorgy,village,19.7926903,47.5086155
348,Boldog,boldog,village,19.6954291,47.6012001
348,Pusztamonostor,pusztamonostor,village,19.7942306,47.5556361
348,Jászágó,jaszago,village,19.8544871,47.5923279
348,Jászalsószentgyörgy,jaszalsoszentgyorgy,village,20.0911454,47.3718457
348,Jászladány,jaszladany,village,20.1653647,47.3649496
348,Alattyán,alattyan,village,20.0475867,47.4256813
348,Jászkisér,jaszkiser,town,20.2157783,47.4594357
348,Jásztelek,jasztelek,village,20.0023081,47.481372
348,Visznek,visznek,village,20.0330312,47.6422289
348,Erk,erk,village,20.0763525,47.6093525
348,Jászszentandrás,jaszszentandras,village,20.1735159,47.5839914
348,Jászivány,jaszivany,village,20.2464747,47.5222439
348,Pély,pely,village,20.3415506,47.491656
348,Tarnaszentmiklós,tarnaszentmiklos,village,20.3809401,47.5287171
348,Hevesvezekény,hevesvezekeny,village,20.3578497,47.5572406
348,Zaránk,zarank,village,20.1038657,47.6429636
348,Boconád,boconad,village,20.1873111,47.6420641
348,Tiszasüly,tiszasuly,village,20.3876966,47.3891094
348,Tiszaroff,tiszaroff,village,20.438295,47.3979955
348,Tiszabura,tiszabura,village,20.4577789,47.4466393
348,Tiszagyenda,tiszagyenda,village,20.50845,47.384226
348,Kömlő,komlo,village,20.4440987,47.6009257
348,Tomajmonostora,tomajmonostora,village,20.7036679,47.43411
348,Tiszaderzs,tiszaderzs,village,20.642349,47.5130513
348,Tiszaszentimre,tiszaszentimre,village,20.7233655,47.4913975
348,Tiszaörs,tiszaors,village,20.8201259,47.5080437
348,Naszály,naszaly,village,18.263462,47.6979874
348,Nagysáp,nagysap,village,18.6036697,47.6837389
348,Bajót,bajot,village,18.5579539,47.7258495
348,Mogyorósbánya,mogyorosbanya,village,18.6024067,47.727491
348,Pári,pari,village,18.2559839,46.5791848
348,Nőtincs,notincs,village,19.1404797,47.8821597
348,Ősagárd,osagard,village,19.1953614,47.8578715
348,Szécsénke,szecsenke,village,19.3324479,47.9057349
348,Kisecset,kisecset,village,19.3086302,47.9370627
348,Kálló,kallo,village,19.4919898,47.7489664
348,Erdőkürt,erdokurt,village,19.4585389,47.7733789
348,Heréd,hered,village,19.6335945,47.7044017
348,Erdőtarcsa,erdotarcsa,village,19.5427513,47.7617556
348,Nagykökényes,nagykokenyes,village,19.60154,47.733092
348,Palotás,palotas,village,19.5955271,47.7954248
348,Csány,csany,village,19.830145,47.6473605
348,Hort,hort,village,19.7826055,47.689575
348,Vanyarc,vanyarc,village,19.4513886,47.8246582
348,Bér,ber,village,19.5018583,47.8652887
348,Szirák,szirak,village,19.5300976,47.8285516
348,Kisbágyon,kisbagyon,village,19.5849793,47.8234425
348,Buják,bujak,village,19.5450988,47.8848223
348,Szarvasgede,szarvasgede,village,19.6434085,47.8208159
348,Csécse,csecse,village,19.6252588,47.8654691
348,Gyöngyössolymos,gyongyossolymos,village,19.9332261,47.8169351
348,Parádsasvár,paradsasvar,village,19.9780675,47.9121032
348,Karácsond,karacsond,village,20.0273463,47.7280872
348,Visonta,visonta,village,20.0269417,47.779705
348,Nagyfüged,nagyfuged,village,20.1038083,47.6819812
348,Tarnaméra,tarnamera,village,20.154955,47.6522963
348,Tarnazsadány,tarnazsadany,village,20.1616419,47.6770052
348,Nagyút,nagyut,village,20.1729336,47.720009
348,Halmajugra,halmajugra,village,20.0557648,47.7619785
348,Ludas,ludas,village,20.0927852,47.7334096
348,Detk,detk,village,20.0992971,47.7475326
348,Tarnabod,tarnabod,village,20.2256271,47.6844414
348,Kompolt,kompolt,village,20.2533705,47.7423905
348,Kál,kal,village,20.2592411,47.7338768
348,Egerfarmos,egerfarmos,village,20.5363608,47.7182762
348,Parád,parad,village,20.0304804,47.9234507
348,Kisnána,kisnana,village,20.146141,47.8530515
348,Tarnaszentmária,tarnaszentmaria,village,20.2022464,47.8788748
348,Sirok,sirok,village,20.1957821,47.9308649
348,Egerszólát,egerszolat,village,20.2678265,47.8903931
348,Demjén,demjen,village,20.3335923,47.8294575
348,Egerszalók,egerszalok,village,20.3238326,47.8702335
348,Novaj,novaj,village,20.4785002,47.8558382
348,Bököny,bokony,village,21.7524577,47.7322591
348,Geszteréd,gesztered,village,21.7782735,47.7645074
348,Érpatak,erpatak,village,21.7583427,47.8086855
348,Biri,biri,village,21.8509494,47.8123038
348,Kálmánháza,kalmanhaza,village,21.5772185,47.8734276
348,Penészlek,peneszlek,village,22.1433664,47.6349848
348,Nyírgelse,nyirgelse,village,21.9756224,47.7593852
348,Nyírbéltek,nyirbeltek,village,22.1297911,47.699839
348,Encsencs,encsencs,village,22.1120683,47.744449
348,Ömböly,omboly,village,22.2131551,47.7003504
348,Piricse,piricse,village,22.1518337,47.7717104
348,Nyírpilis,nyirpilis,village,22.1849453,47.7838946
348,Bátorliget,batorliget,village,22.2711789,47.7571766
348,Terem,terem,village,22.2784915,47.7978472
348,Vállaj,vallaj,village,22.382185,47.7641624
348,Kállósemjén,kallosemjen,village,21.9248578,47.8603398
348,Pócspetri,pocspetri,village,21.993548,47.8812739
348,Nyírvasvári,nyirvasvari,village,22.1878373,47.8194242
348,Nyírcsászári,nyircsaszari,village,22.1765666,47.864897
348,Nyírkáta,nyirkata,village,22.2449619,47.8656535
348,Tiborszállás,tiborszallas,village,22.4079242,47.8149251
348,Tereske,tereske,village,19.1933853,47.9488126
348,Pusztaberki,pusztaberki,village,19.1636444,47.9766238
348,Csesztve,csesztve,village,19.2775768,48.0143672
348,Herencsény,herencseny,village,19.4725791,47.974606
348,Cserhátszentiván,cserhatszentivan,village,19.5802698,47.9398734
348,Kutasó,kutaso,village,19.5414388,47.947624
348,Iliny,iliny,village,19.4273369,48.0323913
348,Nógrádmegyer,nogradmegyer,village,19.6255231,48.0692288
348,Sóshartyán,soshartyan,village,19.6782076,48.0705596
348,Endrefalva,endrefalva,village,19.5761699,48.1278251
348,Piliny,piliny,village,19.5993272,48.1370361
348,Szécsényfelfalu,szecsenyfelfalu,village,19.5687975,48.1446808
348,Magyargéc,magyargec,village,19.6009947,48.0837062
348,Karancsság,karancssag,village,19.6590571,48.1151247
348,Ságújfalu,sagujfalu,village,19.6798175,48.1032679
348,Szalmatercs,szalmatercs,village,19.6375969,48.1220172
348,Egyházasgerge,egyhazasgerge,village,19.6469184,48.1788385
348,Mihálygerge,mihalygerge,village,19.6341042,48.1951964
348,Mátraszőlős,matraszolos,village,19.7012118,47.9449844
348,Sámsonháza,samsonhaza,village,19.7241246,47.986524
348,Tar,tar,village,19.7441779,47.9505386
348,Mátraverebély,matraverebely,village,19.778055,47.9730296
348,Dorogháza,doroghaza,village,19.9003492,47.9871448
348,Szuha,szuha,village,19.9176663,47.9781794
348,Mátramindszent,matramindszent,village,19.9324244,47.9802783
348,Nagybárkány,nagybarkany,village,19.7016658,47.9977943
348,Kisbárkány,kisbarkany,village,19.6853901,48.0163213
348,Lucfalva,lucfalva,village,19.6905757,48.030793
348,Márkháza,markhaza,village,19.7165901,48.0135023
348,Nagykeresztúr,nagykeresztur,village,19.7230466,48.0388664
348,Vizslás,vizslas,village,19.8203912,48.0497002
348,Kazár,kazar,village,19.8544997,48.0503365
348,Etes,etes,village,19.7173743,48.1098902
348,Karancskeszi,karancskeszi,village,19.6989431,48.1635124
348,Karancsalja,karancsalja,village,19.7518849,48.1336594
348,Karancslapujtő,karancslapujto,village,19.7360841,48.1526888
348,Nemti,nemti,village,19.8989652,48.0057888
348,Mátraterenye,matraterenye,village,19.9483115,48.0309786
348,Mátraszele,matraszele,village,19.893917,48.0553975
348,Mátranovák,matranovak,village,19.9814173,48.0387858
348,Bárna,barna,village,19.9338448,48.1005865
348,Cered,cered,village,19.9670723,48.1445255
348,Karancsberény,karancsbereny,village,19.7452275,48.1837308
348,Bodony,bodony,village,20.0238122,47.9422866
348,Szilaspogony,szilaspogony,village,20.0223576,48.1183435
348,Recsk,recsk,village,20.1103528,47.9356893
348,Mátraderecske,matraderecske,village,20.0827995,47.94966
348,Szajla,szajla,village,20.1417868,47.9614963
348,Terpes,terpes,village,20.1509066,47.9725564
348,Egerbakta,egerbakta,village,20.2905231,47.9355323
348,Ivád,ivad,village,20.0608218,48.0207169
348,Erdőkövesd,erdokovesd,village,20.1009491,48.0406696
348,Váraszó,varaszo,village,20.1128042,48.0584585
348,Kisfüzes,kisfuzes,village,20.1275493,47.9882605
348,Bükkszék,bukkszek,village,20.1768397,47.9911313
348,Fedémes,fedemes,village,20.1857362,48.0316118
348,Tarnalelesz,tarnalelesz,village,20.1805943,48.0567685
348,Szentdomonkos,szentdomonkos,village,20.2015503,48.069769
348,Istenmezeje,istenmezeje,village,20.0518117,48.0829743
348,Zabar,zabar,village,20.0437337,48.1349437
348,Hevesaranyos,hevesaranyos,village,20.2352695,48.0084061
348,Egerbocs,egerbocs,village,20.2602297,48.0278989
348,Szúcs,szucs,village,20.2494915,48.0478451
348,Egercsehi,egercsehi,village,20.256917,48.0542913
348,Mónosbél,monosbel,village,20.3363779,48.0377177
348,Mikófalva,mikofalva,village,20.317681,48.0557069
348,Bükkszentmárton,bukkszentmarton,village,20.3278804,48.0707337
348,Felsőtárkány,felsotarkany,village,20.4143577,47.9720171
348,Nagyvisnyó,nagyvisnyo,village,20.4229656,48.1397015
348,Tiszadob,tiszadob,village,21.1668435,48.0094768
348,Tiszadada,tiszadada,village,21.2366013,48.030817
348,Nagycserkesz,nagycserkesz,village,21.5534409,47.9641355
348,Tiszaeszlár,tiszaeszlar,village,21.4577541,48.0355119
348,Tiszanagyfalu,tiszanagyfalu,village,21.4705176,48.0935241
348,Gávavencsellő,gavavencsello,village,21.5934119,48.161011
348,Tiszabercel,tiszabercel,village,21.6493885,48.1565239
348,Paszab,paszab,village,21.6654037,48.1415281
348,Szabolcs,szabolcs,village,21.4954557,48.1718359
348,Balsa,balsa,village,21.5357112,48.171937
348,Tiszatelek,tiszatelek,village,21.7951313,48.1921362
348,Napkor,napkor,village,21.8684282,47.9422745
348,Nyírpazony,nyirpazony,village,21.7990918,47.9808396
348,Nyírtura,nyirtura,village,21.8333843,48.014414
348,Sényő,senyo,village,21.8785276,48.0027718
348,Nyírbogdány,nyirbogdany,village,21.8749001,48.0578767
348,Vasmegyer,vasmegyer,village,21.8148518,48.1111158
348,Kék,kek,village,21.8778149,48.1149173
348,Tiszarád,tiszarad,village,21.7999644,48.1229466
348,Beszterec,beszterec,village,21.8382588,48.1566785
348,Apagy,apagy,village,21.9348469,47.9593892
348,Magy,magy,village,21.9822899,47.9404079
348,Ófehértó,ofeherto,village,22.0342724,47.9355537
348,Levelek,levelek,village,21.9868073,47.9654436
348,Besenyőd,besenyod,village,22.011396,47.9635694
348,Nyírtét,nyirtet,village,21.9200893,48.0091749
348,Nyíribrony,nyiribrony,village,21.9633977,48.0145239
348,Székely,szekely,village,21.936369,48.0598465
348,Gégény,gegeny,village,21.9489647,48.1445497
348,Nyírkércs,nyirkercs,village,22.0474572,48.0151567
348,Ramocsaháza,ramocsahaza,village,21.9892728,48.0408934
348,Laskod,laskod,village,22.0417116,48.0545283
348,Nyírjákó,nyirjako,village,22.0745973,48.0289984
348,Petneháza,petnehaza,village,22.0812431,48.0571832
348,Berkesz,berkesz,village,21.978725,48.0921492
348,Nyírtass,nyirtass,village,22.0230588,48.1157169
348,Nyírkarász,nyirkarasz,village,22.1001962,48.0969023
348,Gyulaháza,gyulahaza,village,22.1117329,48.1379398
348,Szabolcsbáka,szabolcsbaka,village,22.1395857,48.1572226
348,Nyírderzs,nyirderzs,village,22.1573296,47.8966819
348,Kántorjánosi,kantorjanosi,village,22.1489533,47.9357004
348,Hodász,hodasz,village,22.2046402,47.9168268
348,Őr,or,village,22.1834097,47.9762539
348,Nyírmeggyes,nyirmeggyes,village,22.2647284,47.9128292
348,Jármi,jarmi,village,22.2519405,47.9713788
348,Papos,papos,village,22.2493035,47.9857172
348,Vaja,vaja,town,22.1715133,47.9990668
348,Pusztadobos,pusztadobos,village,22.2295764,48.0570124
348,Nyírparasznya,nyirparasznya,village,22.2691388,48.0253196
348,Ilk,ilk,village,22.2316187,48.1196913
348,Gemzse,gemzse,village,22.1942568,48.139532
348,Pátroha,patroha,village,21.9899321,48.1722466
348,Ajak,ajak,town,22.0522301,48.1778501
348,Anarcs,anarcs,village,22.1032718,48.1782578
348,Rétközberencs,retkozberencs,village,22.011198,48.2043859
348,Pap,pap,village,22.1425028,48.2155317
348,Szabolcsveresmart,szabolcsveresmart,village,22.019809,48.2924404
348,Döge,doge,village,22.068454,48.2587979
348,Fényeslitke,fenyeslitke,village,22.0990803,48.2709162
348,Komoró,komoro,village,22.1161177,48.3026422
348,Nyírlövő,nyirlovo,village,22.1825759,48.2007969
348,Lövőpetri,lovopetri,village,22.1982747,48.1809669
348,Tornyospálca,tornyospalca,village,22.1789783,48.2670948
348,Győröcske,gyorocske,village,22.1515533,48.3853608
348,Annavölgy,annavolgy,village,18.6658768,47.6960502
348,Tolmács,tolmacs,village,19.1090835,47.9294431
348,Bokor,bokor,village,19.540416,47.9336448
348,Rákóczibánya,rakoczibanya,village,19.8732824,48.0302235
348,Tákos,takos,village,22.4273407,48.1539033
348,Kótaj,kotaj,village,21.709878,48.0478876
348,Újdombrád,ujdombrad,village,21.8667117,48.1951105
348,Jéke,jeke,village,22.1515137,48.2388
348,Darnó,darno,village,22.6602697,47.9580488
348,Mátraszentimre,matraszentimre,village,19.8798252,47.9095321
348,Pálosvörösmart,palosvorosmart,village,19.9964755,47.8154352
348,Sajkod,sajkod,hamlet,17.850915,46.9151901
348,Kerekharaszt,kerekharaszt,village,19.6256594,47.6628648
348,Egeralja,egeralja,village,17.2405707,47.2369298
348,Sáska,saska,village,17.4786972,46.9359716
348,Hegyesd,hegyesd,village,17.5211051,46.9160839
348,Kisapáti,kisapati,village,17.4671857,46.8426169
348,Ceglédbercel,cegledbercel,village,19.678569,47.2150336
348,Drávatamási,dravatamasi,village,17.5714213,45.939854
348,Szénáspuszta,szenaspuszta,hamlet,17.9589583,46.2505398
348,Sárszentmihály,sarszentmihaly,village,18.3263027,47.1543829
348,Zalagyömörő,zalagyomoro,village,17.226423,47.0177975
348,Városföld,varosfold,village,19.760173,46.816342
348,Bakonyság,bakonysag,village,17.6516274,47.4004405
348,Ősi,osi,village,18.1882884,47.1435993
348,Rigács,rigacs,village,17.2154399,47.0647759
348,Uzsa,uzsa,village,17.3381835,46.8953678
348,Gic,gic,village,17.7523811,47.4328818
348,Nyársapát,nyarsapat,village,19.801682,47.1011746
348,Badacsonylábdihegy,badacsonylabdihegy,hamlet,17.4746978,46.7913926
348,Szendreimajor,szendreimajor,hamlet,20.513751,46.5944796
348,Lászlótelek,laszlotelek,hamlet,20.4030168,46.5837356
348,Kőszegimajor,koszegimajor,hamlet,20.4872125,46.6272936
348,Mágocsoldal,magocsoldal,hamlet,20.5063757,46.5793219
348,Szendreibojtártelek,szendreibojtartelek,hamlet,20.4960276,46.5949368
348,Ótompahátitanyák,otompahatitanyak,hamlet,20.4103559,46.579462
348,Lajostanya,lajostanya,hamlet,20.4811863,46.6330026
348,Csúcstelek,csucstelek,hamlet,20.5048467,46.6396124
348,Szelcepuszta,szelcepuszta,hamlet,20.604744,48.5192523
348,Kisbarca,kisbarca,hamlet,20.5284911,48.2399671
348,Mizserfa,mizserfa,hamlet,19.9066047,48.0341219
348,Homokterenye,homokterenye,hamlet,19.9410228,48.0395166
348,Nádújfalu,nadujfalu,hamlet,19.9720935,48.013743
348,Kékestető,kekesteto,hamlet,20.008184,47.8713887
348,Bükkszentlászló,bukkszentlaszlo,hamlet,20.6693461,48.0785594
348,Lyukóbánya,lyukobanya,hamlet,20.6844069,48.1470002
348,Újmassa,ujmassa,hamlet,20.585865,48.1144912
348,Apróhomok,aprohomok,hamlet,21.5864127,48.2735878
348,Bashalom,bashalom,hamlet,21.5165667,48.0240435
348,Csénye,csenye,village,16.8702304,47.2371826
348,Chernelházadamonya,chernelhazadamonya,village,16.8392292,47.3614432
348,Rábatöttös,rabatottos,village,16.8086944,47.1322453
348,Szenna,szenna,hamlet,21.8822561,48.3093914
348,Bélatanya,belatanya,hamlet,21.8836367,48.2943064
348,Mosonudvar,mosonudvar,village,17.227305,47.8421427
348,Bagolyirtás,bagolyirtas,hamlet,19.8664644,47.8950371
348,Kákástódűlő,kakastodulo,hamlet,19.9197033,47.0937761
348,Pálházapuszta,palhazapuszta,hamlet,19.7727676,48.1896803
348,Galyatető,galyateto,hamlet,19.9234334,47.9129306
348,Mátraalmás,matraalmas,hamlet,19.9149445,47.9329238
348,Garadnapuszta,garadnapuszta,hamlet,20.7304003,48.3761191
348,Büdöskútpuszta,budoskutpuszta,hamlet,20.7117251,48.372754
348,Csehipuszta,csehipuszta,hamlet,20.7489607,48.4276095
348,Apafa,apafa,hamlet,21.6585395,47.5805391
348,Ómassa,omassa,hamlet,20.5327669,48.1099406
348,Csernalj,csernalj,hamlet,20.6945345,48.1300921
348,Ághegy,aghegy,hamlet,20.770798,48.0551576
348,Örömhegy,oromhegy,hamlet,20.7302379,48.0814874
348,Erenyővölgy,erenyovolgy,hamlet,20.702843,48.111095
348,Bedegvölgy,bedegvolgy,hamlet,20.7268527,48.120633
348,Felsőhámor,felsohamor,hamlet,20.6296923,48.1063068
348,Alsóhámor,alsohamor,hamlet,20.6405069,48.1083699
348,Csapótanya,csapotanya,hamlet,20.2200244,47.2001817
348,Rigótanya,rigotanya,hamlet,20.223801,47.197499
348,Lévaitanya,levaitanya,hamlet,20.2258609,47.1964493
348,Ugar,ugar,hamlet,20.1515316,47.1789501
348,Pósteleki kertek,posteleki kertek,hamlet,21.2052011,46.6807716
348,Almáskertek,almaskertek,hamlet,21.0437709,46.6827965
348,Fürjes,furjes,hamlet,21.0247165,46.6712542
348,Nagykolónia,nagykolonia,hamlet,18.2205892,47.733291
348,Agyagos,agyagos,hamlet,16.9464051,47.6056929
348,Fertőszergény,fertoszergeny,hamlet,16.9369123,47.6118319
348,Röjtök,rojtok,hamlet,16.8366773,47.5539434
348,Muzsaj,muzsaj,hamlet,16.8383283,47.5641884
348,Kisboz,kisboz,hamlet,16.6999512,47.6292515
348,Sopronszécsény,sopronszecseny,hamlet,16.7394811,47.600045
348,Kiskópháza,kiskophaza,hamlet,16.652829,47.6432437
348,Ágfalvaliget,agfalvaliget,hamlet,16.5273184,47.6921157
348,Nyugatimajor,nyugatimajor,hamlet,16.5582619,47.7091843
348,Jánostelep,janostelep,hamlet,16.6058965,47.7166157
348,Nyárliget,nyarliget,hamlet,16.8950115,47.6597561
348,Rábarétmajor,rabaretmajor,hamlet,16.9786211,47.6199159
348,Öntésmajor,ontesmajor,hamlet,17.0471034,47.6442152
348,Albertkázmérpuszta,albertkazmerpuszta,hamlet,17.0234453,47.8639043
348,Újtanya,ujtanya,hamlet,17.0848512,47.8251288
348,Csemeztanya,csemeztanya,hamlet,17.1390992,47.8895557
348,Keresztény,kereszteny,hamlet,16.7723738,47.4546839
348,Makkoshetye,makkoshetye,hamlet,16.8144766,47.4382711
348,Felszopor,felszopor,hamlet,16.8250189,47.4533622
348,Egyházi,egyhazi,hamlet,16.7641792,47.4673997
348,Kisgógánfa,kisgoganfa,hamlet,16.7554194,47.4723918
348,Dasztifalu,dasztifalu,hamlet,16.768041,47.4609947
348,Répcejánosfa,repcejanosfa,hamlet,16.9491319,47.4131666
348,Répcecsáford,repcecsaford,hamlet,16.9548162,47.4175176
348,Káptalanvis,kaptalanvis,hamlet,16.6686786,47.4453397
348,Nemesvis,nemesvis,hamlet,16.6783172,47.4413922
348,Salamonfa,salamonfa,hamlet,16.685849,47.4520858
348,Gyüleviz,gyuleviz,hamlet,16.6741655,47.4589069
348,Alsószakony,alsoszakony,hamlet,16.7196891,47.4210051
348,Felsőszakony,felsoszakony,hamlet,16.7117263,47.4306488
348,Árpádkert,arpadkert,hamlet,17.2356871,47.4953786
348,Kistata,kistata,hamlet,17.2415309,47.5060422
348,Bágyog,bagyog,hamlet,17.3467329,47.5958111
348,Markota,markota,hamlet,17.3156301,47.6824855
348,Bödöge,bodoge,hamlet,17.3067564,47.6857472
348,Gyulamajor,gyulamajor,hamlet,17.5284193,47.7786501
348,Horvátkimle,horvatkimle,hamlet,17.3664543,47.815685
348,Magyarkimle,magyarkimle,hamlet,17.3723892,47.8293918
348,Novákpuszta,novakpuszta,hamlet,17.4075747,47.8250113
348,Zseli,zseli,hamlet,17.4315969,47.8462074
348,Mosondarnó,mosondarno,hamlet,17.4291947,47.8541206
348,Ráró,raro,hamlet,17.4899035,47.8275877
348,Ásvány,asvany,hamlet,17.5026777,47.8351617
348,Kisudvar,kisudvar,hamlet,17.2454564,47.8251725
348,Nagysziget,nagysziget,hamlet,17.3816713,47.9252159
348,Galambos,galambos,hamlet,17.3606046,47.9263855
348,Sérfenyősziget,serfenyosziget,hamlet,17.3506024,47.9385234
348,Nagybarát,nagybarat,hamlet,17.6508511,47.6060475
348,Baráthegy,barathegy,hamlet,17.6235611,47.6070537
348,Alsóvámos,alsovamos,hamlet,17.6518699,47.7488782
348,Győrszabadi,gyorszabadi,hamlet,17.6476519,47.7599985
348,Újtelep,ujtelep,hamlet,17.6557045,47.7667474
348,Jegespuszta,jegespuszta,hamlet,17.9175008,47.6842276
348,Örkénypuszta,orkenypuszta,hamlet,17.8083095,47.6531163
348,Szőlőhegy,szolohegy,hamlet,17.8182038,47.6677674
348,Rábaszovát,rabaszovat,hamlet,17.3628102,47.5815257
348,Nagymórichida,nagymorichida,hamlet,17.4209125,47.5120517
348,Kismórichida,kismorichida,hamlet,17.4150261,47.5171882
348,Dombiföld,dombifold,hamlet,17.405506,47.509303
348,Öreghegy,oreghegy,hamlet,17.545921,47.4518621
348,Erdősor,erdosor,hamlet,17.5407255,47.5431741
348,Szőlőhegy,szolohegy,hamlet,17.5930835,47.5597955
348,Kispéc,kispec,hamlet,17.6281122,47.4967083
348,Homok,homok,hamlet,17.647038,47.466211
348,Újtelep,ujtelep,hamlet,17.6412453,47.4769157
348,Kajár,kajar,hamlet,17.6379104,47.488051
348,Ilonkapuszta,ilonkapuszta,hamlet,17.5404745,47.4775713
348,Halipuszta,halipuszta,hamlet,17.5570277,47.5178516
348,Szőlőhegy,szolohegy,hamlet,17.609444,47.5302333
348,Ürgehegy,urgehegy,hamlet,17.4951693,47.5619182
348,Tényőfalu,tenyofalu,hamlet,17.6374791,47.5364266
348,Tényőhegy,tenyohegy,hamlet,17.6592062,47.5479193
348,Újtelep,ujtelep,hamlet,17.7086163,47.470821
348,Nyúlhegy,nyulhegy,hamlet,17.6743436,47.5772767
348,Nyúlfalu,nyulfalu,hamlet,17.6859202,47.5877628
348,Nagyécshegy,nagyecshegy,hamlet,17.7011893,47.5578362
348,Nagyécsfalu,nagyecsfalu,hamlet,17.7113188,47.563939
348,Bercel,bercel,hamlet,17.7730604,47.5900403
348,Pázmándhegy,pazmandhegy,hamlet,17.7725907,47.5667529
348,Sághalomalja,saghalomalja,hamlet,17.7625942,47.5910859
348,Ságipuszta,sagipuszta,hamlet,17.7475119,47.5801436
348,Püspökalap,puspokalap,hamlet,17.8455526,47.5969644
348,Öreghegy,oreghegy,hamlet,17.9041357,47.5284169
348,Gombástanya,gombastanya,hamlet,17.9174625,47.4610944
348,Nagybérpuszta,nagyberpuszta,hamlet,18.0418744,47.4649934
348,Sikátor,sikator,hamlet,18.1159977,47.3239936
348,Szabadságtelep,szabadsagtelep,hamlet,18.0693568,47.3217555
348,Kisgyón,kisgyon,hamlet,18.1183024,47.3037032
348,Brezova,brezova,hamlet,18.088507,47.315269
348,Burga,burga,hamlet,18.0805477,47.3220443
348,Béketelep,beketelep,hamlet,18.1146981,47.3192285
348,Kiskeszi,kiskeszi,hamlet,18.2717751,47.151225
348,Haraszt,haraszt,hamlet,17.5365588,47.5849333
348,Nagynarda,nagynarda,hamlet,16.4611223,47.2331995
348,Kisnarda,kisnarda,hamlet,16.4519624,47.2417898
348,Nitzkymajor,nitzkymajor,hamlet,16.552778,47.2348132
348,Kisasszonyfalva,kisasszonyfalva,hamlet,16.6744414,47.309826
348,Nagyasszonyfalva,nagyasszonyfalva,hamlet,16.667016,47.3152608
348,Alsósurány,alsosurany,hamlet,16.6995773,47.2817555
348,Köveskút,koveskut,hamlet,16.689932,47.2978631
348,Salfa,salfa,hamlet,16.6996609,47.2946674
348,Felsősurány,felsosurany,hamlet,16.7053519,47.2881569
348,Kiscsömöte,kiscsomote,hamlet,16.5788002,47.3385856
348,Nagycsömöte,nagycsomote,hamlet,16.5830307,47.3281282
348,Pöse,pose,hamlet,16.5800605,47.3182895
348,Seregélyháza,seregelyhaza,hamlet,16.5882244,47.3079747
348,Ludad,ludad,hamlet,16.5867984,47.3128231
348,Alsószilvágy,alsoszilvagy,hamlet,16.7569124,47.2993311
348,Felsőszilvágy,felsoszilvagy,hamlet,16.7476708,47.3048559
348,Gyanó,gyano,hamlet,16.766041,47.1228534
348,Rábakovácsi,rabakovacsi,hamlet,16.8699925,47.1642751
348,Töttös,tottos,hamlet,16.8118558,47.1311849
348,Geregye,geregye,hamlet,16.7831919,47.1224265
348,Balozsameggyes,balozsameggyes,hamlet,16.8572561,47.1472669
348,Gutaháza,gutahaza,hamlet,16.7959882,47.1256113
348,Üdülőtelep,udulotelep,hamlet,16.8502834,47.1296625
348,Rábabogyoszló,rababogyoszlo,hamlet,16.9351401,47.2933431
348,Felsőpaty,felsopaty,hamlet,16.932871,47.3152101
348,Mikszáth út,mikszath ut,hamlet,16.8729929,47.2247421
348,Fűztű,fuztu,hamlet,16.8439563,47.2231034
348,Alsópaty,alsopaty,hamlet,16.9314897,47.3063197
348,Kisölbő,kisolbo,hamlet,16.852856,47.311751
348,Alsószeleste,alsoszeleste,hamlet,16.8331053,47.3061357
348,Felsőszeleste,felsoszeleste,hamlet,16.8273805,47.3213668
348,Felsőság,felsosag,hamlet,16.8410653,47.4295403
348,Tompaháza,tompahaza,hamlet,16.8957914,47.3854711
348,Pórládony,porladony,hamlet,16.8798954,47.3786215
348,Szentmiklósfa,szentmiklosfa,hamlet,17.1228994,47.4095544
348,Műgát,mugat,hamlet,17.0343196,47.3876363
348,Rábakecskéd,rabakecsked,hamlet,17.0976699,47.3941291
348,Ivánegerszeg,ivanegerszeg,hamlet,16.9237443,47.3742591
348,Keményegerszeg,kemenyegerszeg,hamlet,16.9110695,47.36644
348,Tana,tana,hamlet,16.7410458,47.1882054
348,Bakófa,bakofa,hamlet,16.7069524,47.1925356
348,Lipárt,lipart,hamlet,16.7488534,47.1824798
348,Tiborcszeg,tiborcszeg,hamlet,16.7063643,47.1977254
348,Borotszeg,borotszeg,hamlet,16.6982449,47.2001937
348,Kajd,kajd,hamlet,16.7324405,47.191896
348,Bárdos,bardos,hamlet,16.7574057,47.2054735
348,Péteri,peteri,hamlet,16.7156094,47.1967452
348,Nagysitke,nagysitke,hamlet,17.0312047,47.2460898
348,Borgátafürdő,borgatafurdo,hamlet,17.0971357,47.1610707
348,Újmihályfa,ujmihalyfa,hamlet,17.0878551,47.2775681
348,Alsómesteri,alsomesteri,hamlet,17.087931,47.2231587
348,Nagyköcsk,nagykocsk,hamlet,17.0853543,47.1877311
348,Mesteri-Intaháza,mesteri-intahaza,hamlet,17.0846017,47.2522763
348,Felsőmesteri,felsomesteri,hamlet,17.0882967,47.228446
348,Kissitke,kissitke,hamlet,17.0174446,47.2387043
348,Kisköcsk,kiskocsk,hamlet,17.1106702,47.1918983
348,Hegyalja,hegyalja,hamlet,17.0227537,47.2345923
348,Hertelendyújhely,hertelendyujhely,hamlet,17.2361843,47.3733336
348,Felsőfalu,felsofalu,hamlet,17.0337052,47.1008048
348,Alsófalu,alsofalu,hamlet,17.0243406,47.0882078
348,Márokföld,marokfold,village,16.4404923,46.7162276
348,Ritkaháza,ritkahaza,hamlet,16.2106947,46.883963
348,Рабе,rabe,village,20.253754,46.1116607
348,Erdőháza,erdohaza,hamlet,16.555157,47.0989577
348,Vasalja,vasalja,village,16.5134374,47.0121152
348,Kőröstetétlen,korostetetlen,village,20.0218963,47.0986909
348,Kelemenmajor,kelemenmajor,hamlet,16.5649492,47.2231097
348,Ondód,ondod,hamlet,16.5412054,47.2349265
348,Szentléránt,szentlerant,hamlet,16.7410373,47.1222729
348,Kisfalud,kisfalud,hamlet,16.7494025,47.1317584
348,Szentlőrinc,szentlorinc,hamlet,16.6850302,47.202422
348,Dömötöri,domotori,hamlet,16.7331724,47.1335452
348,Táplánfa,taplanfa,hamlet,16.6985322,47.1942188
348,Szentkereszt,szentkereszt,hamlet,16.6928766,47.1976326
348,Nagyunyom,nagyunyom,hamlet,16.6549332,47.1561348
348,Balogfa,balogfa,hamlet,16.6342342,47.1592396
348,Tótfalu,totfalu,hamlet,16.7067864,47.1391237
348,Kápolna,kapolna,hamlet,16.692536,47.1398402
348,Kissároslak,kissaroslak,hamlet,16.6290014,47.0880211
348,Kisrádóc,kisradoc,hamlet,16.6355337,47.1070761
348,Rábadoroszló,rabadoroszlo,hamlet,16.5157005,46.9770053
348,Nagycsákány,nagycsakany,hamlet,16.4944695,46.9641812
348,Kemesmál,kemesmal,hamlet,16.5294301,46.9993873
348,Taródfa,tarodfa,hamlet,16.508487,46.9983966
348,Abony,abony,town,20.0047823,47.1887402
348,Kiskölked,kiskolked,hamlet,16.5770935,47.0708872
348,Fodorszer,fodorszer,hamlet,16.4900019,46.8592422
348,Felsőszer,felsoszer,hamlet,16.4909815,46.862092
348,Fürdő üdülőtelep,furdo udulotelep,hamlet,17.4399673,46.1060978
348,Babócsai út,babocsai ut,hamlet,17.3878415,46.0443127
348,Papszer,papszer,hamlet,16.3551812,46.8709971
348,Templomszer,templomszer,hamlet,16.3639515,46.8669917
348,Csörgőszer,csorgoszer,hamlet,16.3520207,46.8623635
348,Felsőszer,felsoszer,hamlet,16.3439123,46.8708091
348,Alsószer,alsoszer,hamlet,16.3722752,46.8588152
348,Pityerszer,pityerszer,hamlet,16.3401727,46.8649149
348,Gyöngyösszer,gyongyosszer,hamlet,16.3592733,46.8609057
348,Kerca,kerca,hamlet,16.3626148,46.7912142
348,Felsőkotormány,felsokotormany,hamlet,16.346054,46.8214621
348,Őrbajánháza,orbajanhaza,hamlet,16.3981152,46.7958976
348,Alsókotormány,alsokotormany,hamlet,16.3547675,46.8198093
348,Senyeháza,senyehaza,hamlet,16.3718042,46.81185
348,Hegy,hegy,hamlet,16.4011661,46.8917872
348,Kerkanémetfalu,kerkanemetfalu,hamlet,16.4909033,46.7693771
348,Kerkapéntekfalu,kerkapentekfalu,hamlet,16.4861794,46.7670256
348,Kerkaújfalu,kerkaujfalu,hamlet,16.5088612,46.734982
348,Asszonyfa,asszonyfa,hamlet,16.3887821,46.7239613
348,Alsófarkasi,alsofarkasi,hamlet,16.3975395,46.732648
348,Felsőfarkasi,felsofarkasi,hamlet,16.4024125,46.7339193
348,Kógyár,kogyar,hamlet,16.4232466,46.7328599
348,Cséplak,cseplak,hamlet,16.3884996,46.7332837
348,Nemesszer,nemesszer,hamlet,16.457928,46.8334148
348,Belsőszer,belsoszer,hamlet,16.4582105,46.8239229
348,Devecser,devecser,hamlet,16.4658579,46.8273568
348,Kozmafa,kozmafa,hamlet,16.8856806,47.0213163
348,Baltavár,baltavar,hamlet,16.9707996,47.0058567
348,Üdülőtelep,udulotelep,hamlet,17.009533,47.0565224
348,Nagytilaj,nagytilaj,village,16.962713,46.9795134
348,Hegyhátkisbér,hegyhatkisber,hamlet,16.9579295,47.0120748
348,Kispéterfa,kispeterfa,hamlet,16.7823832,46.9875296
348,Karátföld,karatfold,hamlet,16.7427684,46.9697196
348,Gerse,gerse,hamlet,16.7438962,46.9767558
348,Belsőhalastó,belsohalasto,hamlet,16.6821361,46.9394156
348,Terestényszecsőd,terestenyszecsod,hamlet,16.6706731,47.0436096
348,Hidashollós,hidashollos,hamlet,16.7013102,47.0564593
348,Egyházasszecsőd,egyhazasszecsod,hamlet,16.6441041,47.0361514
348,Németszecsőd,nemetszecsod,hamlet,16.646688,47.0316504
348,Pusztarádóc,pusztaradoc,hamlet,16.5916797,47.0777526
348,Nagykamond,nagykamond,hamlet,17.2050388,47.1405901
348,Péterfa,peterfa,hamlet,16.8991396,47.2261904
348,Kiskamond,kiskamond,hamlet,17.2031695,47.1522567
348,Felsőoszkó,felsooszko,hamlet,16.8729685,47.0524441
348,Olaszka,olaszka,hamlet,16.8838745,47.0102678
348,Alsóoszkó,alsooszko,hamlet,16.8760569,47.0354578
348,Zalaszentlőrinc,zalaszentlorinc,village,16.8884246,46.9167613
348,Újrendek,ujrendek,hamlet,17.2934857,47.0158379
348,Nagytárkánypuszta,nagytarkanypuszta,hamlet,17.3618669,46.997601
348,Darvastó,darvasto,hamlet,17.3684014,46.990137
348,Alsózsid,alsozsid,hamlet,17.2989866,46.8647817
348,Szőlőhegy,szolohegy,hamlet,17.2324062,46.9288132
348,Felsőzsid,felsozsid,hamlet,17.2958315,46.8723483
348,Bányatelep,banyatelep,hamlet,21.2168357,48.2406081
348,Vótapuszta-Vótakastély,votapuszta-votakastely,hamlet,17.6539844,46.2451136
348,Gyülevész,gyulevesz,hamlet,17.117378,46.860669
348,Kustány,kustany,hamlet,17.118023,46.8314299
348,Kehida,kehida,hamlet,17.0914983,46.8411968
348,Barátsziget,baratsziget,hamlet,17.0829907,46.8660706
348,Csapó,csapo,hamlet,17.0303452,46.9922885
348,Tüskeszentpéter,tuskeszentpeter,hamlet,17.0685475,46.9642632
348,Váralja,varalja,hamlet,17.375617,46.8632017
348,Becehegy,becehegy,hamlet,17.3661393,46.7851908
348,IV körzet,iv korzet,hamlet,17.2453606,46.7998862
348,II körzet,ii korzet,hamlet,17.2191103,46.8035457
348,III körzet,iii korzet,hamlet,17.2396601,46.8010122
348,I körzet,i korzet,hamlet,17.2086947,46.8100907
348,V körzet,v korzet,hamlet,17.2533835,46.7919337
348,Nemesboldogasszonyfa,nemesboldogasszonyfa,hamlet,17.1589815,46.7605336
348,Kiscsáford,kiscsaford,hamlet,17.0354109,46.9291155
348,Borbáshegy,borbashegy,hamlet,17.009987,46.9543211
348,Felsőaranyod,felsoaranyod,hamlet,17.0575132,46.9606877
348,Lukafa,lukafa,hamlet,16.9334416,46.8838109
348,Szepetk,szepetk,hamlet,16.9706458,46.9278454
348,Ördöghenye,ordoghenye,hamlet,16.9106937,46.8778774
348,Kiskapornak,kiskapornak,hamlet,16.9829527,46.8445502
348,Sanyarú,sanyaru,hamlet,16.9746924,46.9316281
348,Pókafa,pokafa,hamlet,16.9586901,46.9183763
348,Középapáti,kozepapati,hamlet,16.9439765,46.8545155
348,Kismezőpuszta,kismezopuszta,hamlet,16.92169,46.7410955
348,Barnakpuszta,barnakpuszta,hamlet,16.9033156,46.7176012
348,Kiscsatár,kiscsatar,hamlet,16.8615723,46.7790447
348,Szélföld,szelfold,hamlet,16.8789667,46.7782745
348,Kemend,kemend,hamlet,16.9584637,46.8963353
348,Ollár,ollar,hamlet,16.9450835,46.9063705
348,Tilajújhegy,tilajujhegy,hamlet,17.0411457,46.8301632
348,Barátipuszta,baratipuszta,hamlet,16.8991482,46.6960292
348,Kispuszta,kispuszta,hamlet,16.8712923,46.7018063
348,Zalahosszúfalu,zalahosszufalu,hamlet,17.1076342,46.7515095
348,Égenföld,egenfold,hamlet,17.1669165,46.699716
348,Lebuj,lebuj,hamlet,17.1742429,46.6712284
348,Palkonya,palkonya,hamlet,17.0630657,46.6751175
348,Nemesszer,nemesszer,hamlet,17.0376788,46.7719536
348,Vörrű,vorru,hamlet,17.0239769,46.7549712
348,Pacsatüttös,pacsatuttos,hamlet,17.0241528,46.7111041
348,Vityoritelep,vityoritelep,hamlet,16.970264,46.6855086
348,Sziget,sziget,hamlet,16.9571739,46.7309874
348,Máriaszőlőtelep,mariaszolotelep,hamlet,17.4006189,46.7038787
348,Battyánpuszta,battyanpuszta,hamlet,17.2907609,46.6736355
348,Polgártelep,polgartelep,hamlet,17.3909989,46.7022426
348,Marótpuszta,marotpuszta,hamlet,17.3003029,46.6131
348,Somogyfehéregyház,somogyfeheregyhaz,hamlet,17.2949458,46.5696991
348,Kiskomárom,kiskomarom,hamlet,17.174675,46.551959
348,Komárváros,komarvaros,hamlet,17.1761898,46.5240538
348,Kerkaszentmiklós,kerkaszentmiklos,hamlet,16.5552958,46.5236194
348,Lendvaújfalu,lendvaujfalu,hamlet,16.5445848,46.5158387
348,Inkeyantalfa,inkeyantalfa,hamlet,17.188103,46.3928696
348,Kisdencs,kisdencs,hamlet,17.181435,46.3988788
348,Újfalu,ujfalu,hamlet,17.1217014,46.3694263
348,Belmajor,belmajor,hamlet,17.0997273,46.3616067
348,Korpavár,korpavar,hamlet,16.9679706,46.516822
348,Kámáncspuszta,kamancspuszta,hamlet,16.9812758,46.5176149
348,Újfalu,ujfalu,hamlet,17.091417,46.5794152
348,Kisrada,kisrada,hamlet,17.118564,46.6002783
348,Nagyhorváti,nagyhorvati,hamlet,17.0811242,46.6929843
348,Esztergály,esztergaly,hamlet,17.1087841,46.7057374
348,Baksaháza,baksahaza,hamlet,17.0667071,46.6249352
348,Alsóorosztony,alsoorosztony,hamlet,17.0603723,46.6196891
348,Felsőorosztony,felsoorosztony,hamlet,17.0610651,46.632062
348,Felsőhahót,felsohahot,hamlet,16.9201616,46.6531476
348,Alsóhahót,alsohahot,hamlet,16.920904,46.6335985
348,Dusnok,dusnok,hamlet,16.9510401,46.5879121
348,Zsigárdmajor,zsigardmajor,hamlet,16.9567566,46.4942731
348,Újtelep,ujtelep,hamlet,16.8712719,46.3661688
348,Dömefölde,domefolde,hamlet,16.6647743,46.5862961
348,Győrfa,gyorfa,hamlet,16.53541,46.7054066
348,Pola,pola,hamlet,16.7747975,46.4471083
348,Alsóborsfa,alsoborsfa,hamlet,16.7785973,46.4988523
348,Felsőborsfa,felsoborsfa,hamlet,16.777903,46.5148907
348,Báza,baza,hamlet,16.7534832,46.5280381
348,Lispe,lispe,hamlet,16.7030689,46.5365207
348,Hencsepuszta,hencsepuszta,hamlet,16.783406,46.6735684
348,Lórántháza,loranthaza,hamlet,16.8108527,46.6783418
348,Szompácspuszta,szompacspuszta,hamlet,16.792623,46.6518467
348,Kisoroklán,kisoroklan,hamlet,16.7916635,46.6979831
348,Vakola,vakola,hamlet,16.7904947,46.7079277
348,Oroklán,oroklan,hamlet,16.7851544,46.695553
348,Náprádfa,napradfa,hamlet,16.7215583,46.6442657
348,Mikefa,mikefa,hamlet,16.7040327,46.6558414
348,Karácsonyfa,karacsonyfa,hamlet,16.6966996,46.6601481
348,Petróczpuszta,petroczpuszta,hamlet,16.6206314,46.593663
348,Bördőce,bordoce,hamlet,16.6202843,46.6074102
348,Kisiklód,kisiklod,hamlet,16.6081339,46.6050495
348,Teskánd,teskand,hamlet,16.5773923,46.582261
348,Tótfalu,totfalu,hamlet,16.5713518,46.5766371
348,Margitmajor,margitmajor,hamlet,16.574872,46.4946935
348,Vörcsök,vorcsok,hamlet,16.6153553,46.5072139
348,Kislakos,kislakos,hamlet,16.5872079,46.5330568
348,Aligvár,aligvar,hamlet,16.6537297,46.4807992
348,Alsószemenye,alsoszemenye,hamlet,16.6418625,46.4729114
348,Felsőszemenye,felsoszemenye,hamlet,16.6226598,46.4771275
348,Csernec,csernec,hamlet,16.6140025,46.48355
348,Szentistvánlak,szentistvanlak,hamlet,16.3939996,46.6494507
348,Déneslak,deneslak,hamlet,16.832103,46.9566712
348,Dénesfa,denesfa,hamlet,16.851207,46.9427049
348,Kökényesmindszent,kokenyesmindszent,hamlet,16.7852676,46.7927988
348,Vitenyédszentpál,vitenyedszentpal,hamlet,16.7479568,46.8930057
348,Bagodvitenyéd,bagodvitenyed,hamlet,16.7539572,46.8761888
348,Szentpál,szentpal,hamlet,16.7504043,46.9042169
348,Felsőbagod,felsobagod,hamlet,16.73114,46.8793469
348,Alsóbagod,alsobagod,hamlet,16.7515886,46.8846367
348,Győrfiszeg,gyorfiszeg,hamlet,16.715644,46.7363581
348,Vadamos,vadamos,hamlet,16.7633854,46.7356179
348,Kaptafalu,kaptafalu,hamlet,16.761633,46.7755138
348,Kislengyel,kislengyel,hamlet,16.6996416,46.7753038
348,Vargaszeg,vargaszeg,hamlet,16.6855092,46.7699351
348,Pajzsszeg,pajzsszeg,hamlet,16.6782505,46.7581514
348,Barabásszeg,barabasszeg,hamlet,16.6930886,46.7510655
348,Felsőrönök,felsoronok,hamlet,16.350833,46.9807387
348,Alsórönök,alsoronok,hamlet,16.3681756,46.9769713
348,Vasvári út,vasvari ut,hamlet,16.7466312,46.9896118
348,Rimány,rimany,hamlet,16.5982429,46.907046
348,Kisdöbörhegy,kisdoborhegy,hamlet,16.7094241,46.9714391
348,Külsőhalastó,kulsohalasto,hamlet,16.6823536,46.9519643
348,Déli községrész,deli kozsegresz,hamlet,16.7490001,46.9631929
348,Szomoróc,szomoroc,hamlet,16.3254058,46.7840693
348,Csekeszer,csekeszer,hamlet,16.3872693,46.7277091
348,Budafa,budafa,hamlet,16.6226196,46.8567572
348,Pacsa,pacsa,hamlet,16.5659748,46.8329913
348,Zalalövő-Nagyhegy,zalalovo-nagyhegy,hamlet,16.6017281,46.8126644
348,Nagyfernekág,nagyfernekag,hamlet,16.595097,46.8304896
348,Irsapuszta,irsapuszta,hamlet,16.5817361,46.8132125
348,Csekék,csekek,hamlet,16.6047165,46.8428975
348,Zalamindszent,zalamindszent,hamlet,16.5825368,46.847727
348,Velence,velence,hamlet,16.6602411,46.8917712
348,Velenceszél,velenceszel,hamlet,16.6426213,46.887399
348,Pörgölin,porgolin,hamlet,16.5767649,46.8406688
348,Zalapataka,zalapataka,hamlet,16.6067708,46.8484642
348,Hagyáros,hagyaros,hamlet,16.7211475,46.9110871
348,Börönd,borond,hamlet,16.7017688,46.9090069
348,Kispostavölgy,kispostavolgy,hamlet,18.2477501,46.0253522
348,Németi,nemeti,hamlet,18.2487501,45.9514033
348,Balatoncsehi,balatoncsehi,hamlet,17.6259403,46.7470918
348,Orda,orda,hamlet,17.6206759,46.7393807
348,Nezde,nezde,hamlet,17.8707508,46.7783019
348,Amáliapuszta,amaliapuszta,hamlet,17.9067061,46.7864692
348,Somos,somos,hamlet,17.9023829,46.8544307
348,Fürdőtelep,furdotelep,hamlet,17.9039545,46.8713833
348,Szántódpuszta,szantodpuszta,hamlet,17.9140677,46.8673649
348,Fokszabadi,fokszabadi,hamlet,18.1165099,46.9035946
348,Püspökpuszta,puspokpuszta,hamlet,18.8958801,46.003429
348,Felsőmajor,felsomajor,hamlet,18.0873733,47.0918397
348,Szigetújtelep,szigetujtelep,hamlet,18.1822905,47.1556704
348,Szakállas,szakallas,hamlet,20.4689495,47.2394666
348,Újtelep,ujtelep,hamlet,18.0344439,47.1514518
348,Sziget,sziget,hamlet,17.7661902,46.7161295
348,Varjaskér,varjasker,hamlet,17.481375,46.6367999
348,Tótszentpál,totszentpal,hamlet,17.4727861,46.6455978
348,Bocskaitelep,bocskaitelep,hamlet,17.4865263,46.710607
348,Józseftelep,jozseftelep,hamlet,17.4584077,46.7073467
348,Felsőtekeres,felsotekeres,hamlet,18.1905993,46.9821981
348,Balatonaliga,balatonaliga,hamlet,18.1721485,46.9905731
348,Akarattyapuszta,akarattyapuszta,hamlet,18.1792337,47.018638
348,Gáspártelep,gaspartelep,hamlet,18.1693529,47.0092131
348,Újtelep,ujtelep,hamlet,17.9216109,47.2051564
348,Hárságy,harsagy,hamlet,17.8129271,47.1831893
348,Gyertyánkút,gyertyankut,hamlet,17.8188968,47.1879154
348,Péterhegy,peterhegy,hamlet,17.9162068,46.9771711
348,Kövesd,kovesd,hamlet,17.9269751,46.9781806
348,Nagyhidegkút,nagyhidegkut,hamlet,17.8309614,47.0031122
348,Kishidegkút,kishidegkut,hamlet,17.8234992,47.0045051
348,Gödrös,godros,hamlet,17.8705397,46.9218594
348,Tanítótelep,tanitotelep,hamlet,17.8243361,46.9133843
348,Óvár,ovar,hamlet,17.8830237,46.9196125
348,Üdülőtelep,udulotelep,hamlet,17.800803,46.8989886
348,Nagypécsely,nagypecsely,hamlet,17.7910071,46.9540634
348,Alsódörgicse,alsodorgicse,hamlet,17.7248623,46.9142325
348,Felsődörgicse,felsodorgicse,hamlet,17.7208236,46.9204592
348,Nemespécsely,nemespecsely,hamlet,17.7789313,46.9561743
348,Kisdörgicse,kisdorgicse,hamlet,17.7319034,46.9311282
348,Zánkai Erzsébet-tábor,zankai erzsebet-tabor,hamlet,17.7044223,46.883543
348,Viriusztelep,viriusztelep,hamlet,17.6680202,46.8588459
348,Pálköve,palkove,hamlet,17.5945549,46.8251644
348,Szepezdfürdő,szepezdfurdo,hamlet,17.6456051,46.8396111
348,Újtelep,ujtelep,hamlet,17.5791999,46.9790344
348,Vigánt,vigant,hamlet,17.6313839,46.9648014
348,Zalapetend,zalapetend,hamlet,17.6257086,46.963225
348,Újfalu,ujfalu,hamlet,17.5610108,46.929209
348,Soponya,soponya,hamlet,17.4379241,46.792699
348,Újfalu,ujfalu,hamlet,17.4318264,46.7968349
348,Öregfalu,oregfalu,hamlet,17.435035,46.8021737
348,Badacsonyörs,badacsonyors,hamlet,17.5321458,46.8072319
348,Felsődiás,felsodias,hamlet,17.2970731,46.7731243
348,Felsőgyenes,felsogyenes,hamlet,17.2809144,46.7840807
348,Alsógyenes,alsogyenes,hamlet,17.2822544,46.7690255
348,Majolika liget,majolika liget,hamlet,17.729922,47.1483999
348,Zsófiapuszta,zsofiapuszta,hamlet,17.6782925,47.0743178
348,Nemesleányfalu,nemesleanyfalu,hamlet,17.6860591,46.9774634
348,Újtelep,ujtelep,hamlet,17.6872924,47.1726341
348,Gúttamási,guttamasi,hamlet,18.2193006,47.268281
348,Királyszállás,kiralyszallas,hamlet,18.1091903,47.2502895
348,Hétházpuszta,hethazpuszta,hamlet,18.1013312,47.2675071
348,Rákhegy,rakhegy,hamlet,18.2637251,47.2765715
348,Farkashegy,farkashegy,hamlet,17.7211434,47.3702947
348,Nagytelep,nagytelep,hamlet,17.6127381,47.4508405
348,Csőszpuszta,csoszpuszta,hamlet,18.0645244,47.2661676
348,Kisdudar,kisdudar,hamlet,17.9511075,47.3024585
348,Újtelep,ujtelep,hamlet,17.965957,47.2893467
348,Felsőpere,felsopere,hamlet,17.947357,47.2486118
348,Újtelep,ujtelep,hamlet,17.9880952,47.3166258
348,Páliháláspuszta,palihalaspuszta,hamlet,17.819368,47.2633701
348,Tündérmajor,tundermajor,hamlet,17.8440562,47.2600825
348,Zubogy,zubogy,village,20.5748974,48.3802508
348,Újtelep,ujtelep,hamlet,17.6108819,47.3418503
348,Alsószalmavár,alsoszalmavar,hamlet,17.6022762,47.3950294
348,Pápanyőgér,papanyoger,hamlet,17.5811282,47.3887005
348,Dóchegy,dochegy,hamlet,17.5869903,47.3050883
348,Újtelep,ujtelep,hamlet,17.5277391,47.305772
348,Öreghegy,oreghegy,hamlet,17.6700413,47.463885
348,Ihász,ihasz,hamlet,17.4250375,47.3967388
348,Kisganna,kisganna,hamlet,17.5330829,47.237993
348,Nagyganna,nagyganna,hamlet,17.5251794,47.2292991
348,Kisbogdány,kisbogdany,hamlet,17.462887,47.1610098
348,Nagybogdány,nagybogdany,hamlet,17.4571258,47.1699591
348,Újtelep,ujtelep,hamlet,18.2881243,46.0506305
348,Csitár,csitar,hamlet,19.011553,48.0443209
348,Parádóhuta,paradohuta,hamlet,20.0229101,47.9091095
348,Parádfürdő,paradfurdo,hamlet,20.0579577,47.9248693
348,Dankótelep,dankotelep,hamlet,20.6524769,47.9644299
348,Lator út,lator ut,hamlet,20.6422968,47.9769111
348,Erdőbényefürdő,erdobenyefurdo,hamlet,21.3432615,48.233167
348,Pecató,pecato,hamlet,18.8143381,47.4380784
348,Szőlőhegy,szolohegy,hamlet,18.6189284,47.11287
348,Püski,puski,village,17.4056883,47.8872173
348,Regöly,regoly,village,18.3904744,46.5786721
348,Nagyhát,nagyhat,hamlet,21.4442324,47.5962466
348,Békéssámson,bekessamson,village,20.622012,46.4159576
348,Klastromhegy,klastromhegy,hamlet,19.2426092,47.5970645
348,Kútvölgy,kutvolgy,hamlet,19.2434246,47.600132
348,Újfalu,ujfalu,hamlet,19.2508919,47.6028521
348,Rákóczi Ferenc lakótelep,rakoczi ferenc lakotelep,hamlet,17.5570826,47.6881438
348,Öreghegy,oreghegy,hamlet,17.9039807,46.8370624
348,Persevölgyidűlő,persevolgyidulo,hamlet,17.8818577,46.8359764
348,Jabapuszta,jabapuszta,hamlet,18.019365,46.8075965
348,Ágassziget,agassziget,hamlet,17.8975127,46.8496399
348,Mathiász-lakótelep,mathiasz-lakotelep,hamlet,18.1895281,46.9851429
348,Gagarin lakótelep,gagarin lakotelep,hamlet,18.1714607,46.9868395
348,Horváth-oldal,horvath-oldal,hamlet,18.1748077,46.8456405
348,Becsehely,becsehely,village,16.7916533,46.4476173
348,Fürjesikertek,furjesikertek,hamlet,21.0493984,46.666123
348,Ölyvedi kertek,olyvedi kertek,hamlet,21.1785045,46.6905156
348,Vandháti kertek,vandhati kertek,hamlet,21.1633553,46.7080868
348,Sikkonyi kertek,sikkonyi kertek,hamlet,21.1405609,46.7298075
348,Almár,almar,hamlet,20.3613098,47.9572572
348,Gombás,gombas,hamlet,19.1262035,47.8160131
348,Hermány,hermany,hamlet,19.1017739,47.8212268
348,Batthyány sor,batthyany sor,hamlet,20.7347175,48.0831262
348,Tornakápolna,tornakapolna,village,20.6163431,48.4625146
348,Hársastelep,harsastelep,hamlet,18.3361028,46.1534459
348,Förhénchegy,forhenchegy,hamlet,17.0086355,46.5141658
348,Cserfőhegy,cserfohegy,hamlet,17.0312948,46.5188613
348,Gyöngyöspuszta,gyongyospuszta,hamlet,17.600897,46.1656245
348,Tiltványpuszta,tiltvanypuszta,hamlet,17.6205201,46.1491113
348,Alsótapazd,alsotapazd,hamlet,17.592432,46.1704095
348,Marikatelep,marikatelep,hamlet,19.3854542,47.5822049
348,Kunfehértó,kunfeherto,village,19.4132799,46.362396
348,Püspöklak,puspoklak,hamlet,18.5209868,46.1116355
348,Geresd,geresd,hamlet,18.534396,46.1091314
348,Eszény,eszeny,hamlet,18.1448199,47.3190453
348,Mecsértelep,mecsertelep,hamlet,18.1359144,47.3231534
348,Balinkabánya,balinkabanya,hamlet,18.1506972,47.3174757
348,Készenléti lakótelep,keszenleti lakotelep,hamlet,18.1549973,47.3184038
348,MÁV lakótelep,mav lakotelep,hamlet,18.1500964,47.3202076
348,Apátszállás,apatszallas,hamlet,18.8534159,46.9024973
348,Tarnaörs,tarnaors,village,20.0529905,47.5951082
348,Csitkés,csitkes,hamlet,16.7023892,47.6151247
348,Gencsapáti,gencsapati,village,16.5959794,47.2845482
348,Szentpéterúr,szentpeterur,village,17.0383964,46.7583841
348,Kübekháza,kubekhaza,village,20.2763754,46.1495422
348,Alsóbörzsöny,alsoborzsony,hamlet,18.5703509,46.2820674
348,Mernyeszentmiklós,mernyeszentmiklos,hamlet,17.8116394,46.5527749
348,Vadépuszta,vadepuszta,hamlet,17.7996955,46.6020897
348,Vasztély,vasztely,hamlet,18.5973608,47.5537352
348,Domonyvölgy,domonyvolgy,hamlet,19.412879,47.6290094
348,Kisszentmiklós,kisszentmiklos,hamlet,18.861109,46.8706377
348,Daruhegy,daruhegy,hamlet,18.8466745,46.856669
348,Dombori-üdülőtelep,dombori-udulotelep,hamlet,18.8549541,46.4468162
348,Gáva,gava,hamlet,21.5993548,48.1581864
348,Vencsellő,vencsello,hamlet,21.5639282,48.1672291
348,Gödrekeresztúr,godrekeresztur,hamlet,17.9722637,46.2880328
348,Gödreszentmárton,godreszentmarton,hamlet,18.0019547,46.2729981
348,Nagylapos,nagylapos,hamlet,20.7433219,46.9753526
348,Újhuta,ujhuta,hamlet,21.4521843,48.382942
348,Középhuta,kozephuta,hamlet,21.4283406,48.3778678
348,Óhuta,ohuta,hamlet,21.3949281,48.379177
348,Állampuszta,allampuszta,hamlet,19.0690057,46.7165009
348,Nagykékes,nagykekes,hamlet,19.0778692,46.6686717
348,Vámszőlőhegy,vamszolohegy,hamlet,18.4631631,46.7501155
348,Portelek,portelek,hamlet,19.9358868,47.4054408
348,Dunaparti üdülő,dunaparti udulo,hamlet,18.96344,47.2074379
348,Kungyalu,kungyalu,hamlet,20.283174,46.9052918
348,Felsőkanda,felsokanda,hamlet,18.720549,46.0285828
348,Szakolykert,szakolykert,hamlet,21.9159972,47.7181925
348,Kőkútpuszta,kokutpuszta,hamlet,20.1804441,47.899929
348,Hosszúhát,hosszuhat,hamlet,21.0973064,47.2338243
348,Alpár,alpar,hamlet,19.9909454,46.8174504
348,Árpádtelep,arpadtelep,hamlet,19.9729896,46.8363484
348,Tiszaújfalu,tiszaujfalu,hamlet,20.002951,46.8042405
348,Tiszatáj Tsz-lakótelep,tiszataj tsz-lakotelep,hamlet,19.9504185,46.7940763
348,Dinnyéshát,dinnyeshat,hamlet,20.5711466,47.5185201
348,Újszentgyörgy,ujszentgyorgy,hamlet,20.7149797,47.4500401
348,Kétérköz,keterkoz,hamlet,21.7865437,48.1746374
348,Érhát,erhat,hamlet,21.773755,48.1711487
348,Kocoba,kocoba,hamlet,21.8029255,48.1691904
348,Nagykopáncs,nagykopancs,hamlet,20.6863916,46.391705
348,Kisigmánd,kisigmand,village,18.0997521,47.6536546
348,Kisújszállás,kisujszallas,town,20.7546669,47.2162053
348,Bize,bize,hamlet,17.4179568,46.5410936
348,Mélykútpuszta,melykutpuszta,hamlet,18.7899184,46.9868667
348,Rákos,rakos,hamlet,20.5927078,46.3043464
348,Szabó Sándor-lakótelep,szabo sandor-lakotelep,hamlet,19.6135435,46.8599889
348,Lovastanya,lovastanya,hamlet,18.9251489,47.4498291
348,Szarvaskő,szarvasko,village,20.3302035,47.9885147
348,Palotás,palotas,hamlet,20.2256186,47.2432906
348,Péteri,peteri,village,19.4107817,47.3880659
348,Révfalu,revfalu,hamlet,17.780622,45.821585
348,Németsűrűpuszta,nemetsurupuszta,hamlet,17.9117966,46.6394782
348,Nagytoldipuszta,nagytoldipuszta,hamlet,17.8879651,46.6486864
348,Alacska,alacska,village,20.6520265,48.2145726
348,Gyótapuszta,gyotapuszta,hamlet,17.4761931,46.5465142
348,Bogarasszőlő,bogarasszolo,hamlet,20.1428494,46.8564616
348,Kishárságy,kisharsagy,hamlet,17.7765666,46.187565
348,Bánya,banya,hamlet,17.6617488,46.2649795
348,Lászlómajor,laszlomajor,hamlet,17.381673,46.3784175
348,Dunaújváros,dunaujvaros,town,18.9405047,46.9649048
348,Monorierdő,monorierdo,village,19.5026261,47.3102611
348,Kéked,keked,village,21.3485357,48.5462484
348,Kristálydomb,kristalydomb,hamlet,20.327481,47.8840775
348,Máriahalom,mariahalom,village,18.709023,47.6277668
348,Sárisáp,sarisap,village,18.6813525,47.6743594
348,Úny,uny,village,18.7389954,47.6430359
348,Döröske,doroske,village,16.6976755,47.0123331
348,Elzamajor,elzamajor,hamlet,18.5766651,47.1463563
348,Szombathely,szombathely,city,16.6187625,47.2291184
348,Kisegres,kisegres,hamlet,18.0264411,46.6838871
348,Kér,ker,hamlet,18.0537946,46.6699637
348,Nádosy kastély,nadosy kastely,hamlet,17.9659647,46.1051975
348,Kovácstelep,kovacstelep,hamlet,17.9120487,45.9615029
348,Vargatelep,vargatelep,hamlet,17.9587326,45.9139079
348,Nagyláng,nagylang,hamlet,18.4617439,47.001687
348,Kurd,kurd,village,18.316134,46.4489547
348,Söpte,sopte,village,16.6549125,47.2829482
348,Csokvaomány,csokvaomany,village,20.3738354,48.1657718
348,Szolnok,szolnok,city,20.1946279,47.1753833
348,Krizsán,krizsan,hamlet,19.8648139,47.3734774
348,Mánfa,manfa,village,18.2409479,46.161445
348,Hôrka,horka,hamlet,17.835657,47.751737
348,Veľký Lél,velky lel,hamlet,17.944166,47.7568451
348,Lesenceistvánd,lesenceistvand,village,17.3610091,46.8702653
348,Lászlótanya,laszlotanya,hamlet,21.4352001,48.5762361
348,Taliándörögd,taliandorogd,village,17.5687983,46.9794529
348,Kapolcs,kapolcs,village,17.6089272,46.9559035
348,Szanazug,szanazug,hamlet,21.2680842,46.6994763
348,Felsőkincses,felsokincses,hamlet,18.2641234,47.2567698
348,Tatár-árok,tatar-arok,hamlet,19.8246217,48.1333051
348,Kopáncs,kopancs,hamlet,20.2578076,46.381591
348,Vajhát,vajhat,hamlet,20.2348264,46.369333
348,Mártélyi üdülőterület,martelyi uduloterulet,hamlet,20.2224882,46.4650731
348,Dózsa Tsz lakótelepe,dozsa tsz lakotelepe,hamlet,19.7671287,46.8498771
348,Dollártanya,dollartanya,hamlet,20.9480172,47.8619185
348,Öregmajor,oregmajor,hamlet,19.4425252,46.2388138
348,Ófalu,ofalu,hamlet,18.8785271,47.573995
348,Igásitanya,igasitanya,hamlet,20.5339071,46.305792
348,Szihalom,szihalom,village,20.4815867,47.7748385
348,Gencshát,gencshat,hamlet,20.3940538,46.2822288
348,Tiszabezdéd,tiszabezded,village,22.1531082,48.3621311
348,Bajtitelep,bajtitelep,hamlet,16.9786329,47.2576985
348,Csurgópuszta,csurgopuszta,hamlet,18.2933552,46.4325109
348,Bikolpuszta,bikolpuszta,hamlet,18.4533717,47.7228176
348,Alsó-rétek,also-retek,hamlet,18.3693131,47.6180876
348,Térvár,tervar,hamlet,20.1600713,46.152046
348,Belsőkamaráspuszta,belsokamaraspuszta,hamlet,20.8517893,46.3403328
348,Árpádtelep,arpadtelep,hamlet,20.8613215,46.371327
348,Dunaszentpál,dunaszentpal,village,17.5068333,47.7766029
348,Nagycséripuszta,nagycseripuszta,hamlet,18.3585408,47.0397449
348,Kiscséripuszta,kiscseripuszta,hamlet,18.3474044,47.0506106
348,Karsai sor,karsai sor,hamlet,19.9546747,46.7973233
348,Kövesgyűrpuszta,kovesgyurpuszta,hamlet,17.7945486,47.0309326
348,Sági út,sagi ut,hamlet,19.5962676,47.4404038
348,Basaharc,basaharc,hamlet,18.8431832,47.8058569
348,Dunapart,dunapart,hamlet,18.8936748,47.7979575
348,Gola,gola,village,17.0585684,46.1976694
348,Okrugljača,okrugljaca,village,17.3675922,45.932752
348,Starogradački Marof,starogradacki marof,village,17.3230352,45.9485395
348,Cibakpuszta,cibakpuszta,hamlet,21.8385885,47.7428448
348,Béketelep,beketelep,hamlet,21.8281386,47.7230006
348,Felsőörspuszta,felsoorspuszta,hamlet,18.6765868,47.5651036
348,Öreghegy,oreghegy,hamlet,18.1464944,46.1657893
348,Rákóczitelep,rakoczitelep,hamlet,17.7732251,47.5777343
348,Ágotafalva,agotafalva,hamlet,19.131473,46.9692934
348,Belátó,belato,hamlet,18.2503536,47.2111478
348,Tabán,taban,hamlet,18.263212,47.2048877
348,Tompapuszta,tompapuszta,hamlet,20.9736719,46.3254695
348,Belegrád,belegrad,hamlet,20.9467973,48.0865637
348,Nagyhomok,nagyhomok,hamlet,21.7180732,48.2482187
348,Galgamácsa,galgamacsa,village,19.3848053,47.693753
348,Mátraballa,matraballa,village,20.0198909,47.9831146
348,Nagyszénás,nagyszenas,village,20.6727493,46.6715027
348,Ófalu,ofalu,hamlet,20.3028231,47.182768
348,Újtelep,ujtelep,hamlet,20.3011351,47.1721094
348,Póstelek,postelek,hamlet,21.1962859,46.6852469
348,Pilisújtanya,pilisujtanya,hamlet,22.2336607,47.7483817
348,Kőkapu,kokapu,hamlet,21.4408831,48.4273298
348,Újbalázsfalva,ujbalazsfalva,hamlet,16.2802495,46.9060191
348,Boldogasszonypuszta,boldogasszonypuszta,hamlet,18.2012514,47.6932263
348,Morgánypuszta,morganypuszta,hamlet,16.9910545,46.5546973
348,Nagyhegy,nagyhegy,hamlet,16.7563465,46.5180636
348,Vasút sor,vasut sor,hamlet,18.9543311,47.4481907
348,Környebánya,kornyebanya,hamlet,18.3705431,47.5289493
348,Síkvölgypuszta,sikvolgypuszta,hamlet,18.3980149,47.5366773
348,Kismarton,kismarton,hamlet,18.8327078,47.3269794
348,Kishantos,kishantos,hamlet,18.7277165,46.975944
348,Csisztafürdő,csisztafurdo,hamlet,17.560942,46.6842495
348,Kiáltóhegy,kialtohegy,hamlet,17.6336544,47.6050071
348,Kisbózsva,kisbozsva,hamlet,21.4784426,48.479199
348,Tunyogmatolcs,tunyogmatolcs,village,22.4582423,47.9706517
348,Dobódél,dobodel,hamlet,20.7159547,48.4966509
348,Újfalu,ujfalu,hamlet,18.2889208,46.043878
348,Északi városrész,eszaki varosresz,hamlet,18.2818631,46.0504017
348,Öregfalu,oregfalu,hamlet,18.2930513,46.0293039
348,Kopazka,kopazka,hamlet,18.2891809,46.0274409
348,Alsóhetény,alsoheteny,hamlet,18.0834397,46.425864
348,Aranyospuszta,aranyospuszta,hamlet,21.2223466,48.2930757
348,Újtelep,ujtelep,hamlet,18.347885,47.6753438
348,Abapuszta,abapuszta,hamlet,21.8646437,47.715672
348,Csiffytanya,csiffytanya,hamlet,21.8054758,47.7190149
348,Jármy tanya,jarmy tanya,hamlet,21.8017602,47.7258186
348,Petritanya,petritanya,hamlet,21.8082403,47.705447
348,Tormáspuszta,tormaspuszta,hamlet,21.8073715,47.7009608
348,Déssytanya,dessytanya,hamlet,21.8035091,47.6969605
348,Nagykecskés,nagykecskes,hamlet,21.8763563,47.7248542
348,Kiskecskés,kiskecskes,hamlet,21.8763746,47.7186313
348,Szitástanya,szitastanya,hamlet,21.8674707,47.7200867
348,Nádastanya,nadastanya,hamlet,21.7991204,47.6888721
348,Nagymogyorós,nagymogyoros,hamlet,21.8144754,47.6817042
348,Trombitás,trombitas,hamlet,21.8126074,47.679453
348,Kismogyorós,kismogyoros,hamlet,21.8432802,47.6783068
348,Magfalva,magfalva,hamlet,19.505487,47.3610509
348,Perkedpuszta,perkedpuszta,hamlet,21.8989952,47.8169124
348,Újhelyitanya,ujhelyitanya,hamlet,21.8223574,47.7690533
348,Vecsertanya,vecsertanya,hamlet,21.8398669,47.7216839
348,Kenderes,kenderes,hamlet,21.8421951,47.7330168
348,Visnyeszéplak,visnyeszeplak,hamlet,17.7176278,46.2202038
348,Nagygyanté,nagygyante,hamlet,21.4340924,46.8598207
348,Annamajor,annamajor,hamlet,18.7497867,47.2503723
348,Kisapátihegy,kisapatihegy,hamlet,17.4592072,46.8432996
348,Vastaghalompuszta,vastaghalompuszta,hamlet,18.7211505,47.0794901
348,Nyulas,nyulas,hamlet,19.0831963,47.8242966
348,Zöldhalom,zoldhalom,hamlet,19.7210557,47.1367841
348,Pusztataskony,pusztataskony,hamlet,20.5119743,47.4614513
348,Dinnyelapos,dinnyelapos,hamlet,20.4978805,46.8570526
348,Csibrák,csibrak,village,18.3426997,46.4658688
348,Maklár,maklar,village,20.413119,47.8043193
348,Paptelek,paptelek,hamlet,20.3575538,46.5578243
348,Tompahát-Újfalu,tompahat-ujfalu,hamlet,20.4043786,46.5488046
348,Szentgyörgypuszta,szentgyorgypuszta,hamlet,18.3362572,47.5946841
348,Inámpuszta,inampuszta,hamlet,18.0436867,46.4657194
348,Nosztány puszta,nosztany puszta,hamlet,18.0880524,46.469943
348,Görénypuszta,gorenypuszta,hamlet,21.8421386,47.7923948
348,Szentivánpuszta,szentivanpuszta,hamlet,18.0300661,46.3983194
348,Üdülőtelep,udulotelep,hamlet,17.0923434,47.2219625
348,Andrástanya,andrastanya,hamlet,20.7915012,48.3648099
348,Elep,elep,hamlet,21.3147013,47.5402207
348,Nagyzomlin,nagyzomlin,hamlet,21.7976677,47.1527211
348,Rácegres,racegres,hamlet,17.8867948,46.4481538
348,Temető szőlős,temeto szolos,hamlet,18.0689113,47.5286994
348,Balatonszárszó,balatonszarszo,village,17.8341937,46.8262918
348,Dádpuszta,dadpuszta,hamlet,18.4379274,46.7695424
348,Nemesszentandrás,nemesszentandras,village,16.9398068,46.7762526
348,Ballószeg,balloszeg,hamlet,19.6146291,46.8396974
348,Emmaróza,emmaroza,hamlet,18.3822772,47.1405307
348,Tökfalu,tokfalu,hamlet,20.9792073,46.5482673
348,Fényeshegy,fenyeshegy,hamlet,17.7196751,47.3765446
348,Károlytáró-lakótelep,karolytaro-lakotelep,hamlet,19.8632261,47.8773069
348,Kapolypuszta,kapolypuszta,hamlet,17.9498576,46.7157563
348,Ritics,ritics,hamlet,18.3333937,46.0593658
348,Alsómesterszállás,alsomesterszallas,hamlet,20.4614166,46.9291535
348,Tarcódi pincék,tarcodi pincek,hamlet,19.7260784,47.8060131
348,Csörötneki szőlőhegy,csorotneki szolohegy,hamlet,16.3631148,46.9361836
348,Barta,barta,hamlet,20.4753574,47.179799
348,Pusztaszakállas,pusztaszakallas,hamlet,20.5171528,47.1867963
348,Csorba,csorba,hamlet,20.6227868,47.1513814
348,Póhalom,pohalom,hamlet,20.827382,47.011582
348,Liszkó,liszko,hamlet,20.2138187,47.9017614
348,Tardona,tardona,village,20.5298327,48.1699279
348,Szentkirály,szentkiraly,hamlet,19.4818029,47.4997369
348,Muzslai üdülők,muzslai udulok,hamlet,19.7374751,47.8959355
348,Máriatanya,mariatanya,hamlet,19.6917374,47.8935754
348,Pogányok,poganyok,hamlet,16.5185561,47.3688369
348,Sándortanya,sandortanya,hamlet,19.2515915,46.0058703
348,Józsefházapuszta,jozsefhazapuszta,hamlet,19.0834058,46.1946369
348,Újkótaj,ujkotaj,hamlet,21.6980966,48.0512027
348,Derenk,derenk,hamlet,20.6396975,48.5422436
348,Csisztapuszta,csisztapuszta,hamlet,17.5659418,46.6790068
348,Újtelep,ujtelep,hamlet,19.8939172,47.9940736
348,Biharkeresztes,biharkeresztes,town,21.717944,47.1249388
348,Vödörvölgy,vodorvolgy,hamlet,17.9803342,47.0364886
348,Röges,roges,hamlet,19.3443492,47.611831
348,Fényespuszta,fenyespuszta,hamlet,19.9858671,47.9215629
348,Báriuspad,bariuspad,hamlet,20.5166338,48.2284238
348,Budzsak,budzsak,hamlet,18.8719373,45.9451517
348,Szabás,szabas,hamlet,17.9380824,46.1981408
348,Kövesd,kovesd,hamlet,18.6879455,46.1994801
348,Kápolnásvisnye,kapolnasvisnye,hamlet,17.6729705,46.2144697
348,Pacsérvisnye,pacservisnye,hamlet,17.695551,46.2136008
348,Téglás,teglas,town,21.6746328,47.7156887
348,Máv-Újtelep,mav-ujtelep,hamlet,21.4937556,48.0090789
348,Újcsanálosipart,ujcsanalosipart,hamlet,20.9724248,48.1438697
348,Kispart,kispart,hamlet,21.5484629,48.4296655
348,Nagypart,nagypart,hamlet,21.5490007,48.4156499
348,Lestyina,lestyina,hamlet,19.2279719,47.6393121
348,Nagypostavölgy,nagypostavolgy,hamlet,18.2370813,46.0249289
348,Ždala,zdala,village,17.1417745,46.1691381
348,Ráróspuszta,rarospuszta,hamlet,19.5427432,48.204843
348,Keselyősfapuszta,keselyosfapuszta,hamlet,18.2760757,45.7712886
348,Széptölgyes,szeptolgyes,hamlet,18.581635,46.334178
348,Üdülőfalu,udulofalu,hamlet,19.3003812,47.8878467
348,Bányatelep,banyatelep,hamlet,18.3893711,47.363638
348,Bárómajor,baromajor,hamlet,19.534271,46.1818722
348,Bótapuszta,botapuszta,hamlet,18.0087981,46.7480342
348,Erzsébetpuszta,erzsebetpuszta,hamlet,17.4134346,46.213289
348,Királyháza,kiralyhaza,hamlet,18.9700408,47.9869101
348,Lapapuszta,lapapuszta,hamlet,17.8757547,46.528213
348,Pogonypuszta Soldostelep,pogonypuszta soldostelep,hamlet,20.3813692,48.2915672
348,Somodorpuszta,somodorpuszta,hamlet,18.6885768,47.5969643
348,Tölös kültelep,tolos kultelep,hamlet,18.0127666,46.7291952
348,Répáspuszta,repaspuszta,hamlet,17.8430226,46.43086
348,Válickapuszta,valickapuszta,hamlet,16.8259277,46.6328732
348,Lajvér,lajver,hamlet,18.6898593,46.2119558
348,Vázkerámia-lakótelep,vazkeramia-lakotelep,hamlet,18.6949236,46.2021187
348,Žitava,zitava,hamlet,18.3409646,47.7453597
348,Čenkov,cenkov,hamlet,18.5313513,47.7677122
348,Körmösdpuszta,kormosdpuszta,hamlet,21.5820506,47.0797533
348,Zsibrik,zsibrik,hamlet,18.5839629,46.2366893
348,Felsőnyáregyháza,felsonyaregyhaza,hamlet,19.4764175,47.2776619
348,Károlyitelep,karolyitelep,hamlet,19.4588125,47.2740911
348,Szentimretelep,szentimretelep,hamlet,19.4761179,47.2659689
348,Kecel,kecel,town,19.2533387,46.5237655
348,Zánka,zanka,village,17.6833856,46.8729306
348,Inotai készenléti lakótelep,inotai keszenleti lakotelep,hamlet,18.2051805,47.2058155
348,Balogunyom,balogunyom,village,16.6518727,47.1557335
348,Istvántanya,istvantanya,hamlet,22.0631483,47.7786616
348,Alsószer,alsoszer,hamlet,16.4645174,46.830987
348,Csárdaszer,csardaszer,hamlet,16.4535679,46.8296065
348,Öreghegy,oreghegy,hamlet,18.2427166,47.2973994
348,Alsóvadács,alsovadacs,hamlet,18.4502676,47.7048648
348,Iszkaszőlőhegy,iszkaszolohegy,hamlet,18.292554,47.2213639
348,Öreghegy,oreghegy,hamlet,18.3764521,47.2627346
348,Kolónia,kolonia,hamlet,18.6654247,47.7239703
348,Pincefalu,pincefalu,hamlet,19.1497191,46.3850935
348,Hosszú-hegy,hosszu-hegy,hamlet,18.4745355,47.5358636
348,Szőcsénypuszta,szocsenypuszta,hamlet,17.3172785,46.531456
348,Kisfernekág,kisfernekag,hamlet,16.6102278,46.8377809
348,Magdolnavölgy,magdolnavolgy,hamlet,18.813074,47.6467718
348,Baytanya,baytanya,hamlet,21.830166,47.702132
348,Finánc Tag,financ tag,hamlet,21.856832,47.691595
348,Pincefalu,pincefalu,hamlet,18.3940386,45.8931383
348,Kétújfalu,ketujfalu,village,17.7120496,45.9634473
348,Üdülőtelep,udulotelep,hamlet,17.9409154,46.0719881
348,Poklosi,poklosi,hamlet,17.7432956,46.0753163
348,Pata,pata,hamlet,17.7537104,46.0734885
348,Üdülőtelep,udulotelep,hamlet,17.8400332,46.1716586
348,Holland üdülőfalu,holland udulofalu,hamlet,18.3783194,47.7074677
348,Nyomja,nyomja,hamlet,18.4483666,46.0000012
348,Cekeháza,cekehaza,hamlet,21.206823,48.283981
348,Cselőtepuszta,cselotepuszta,hamlet,19.1631676,47.7983402
348,Felsőfarkasd,felsofarkasd,hamlet,19.4840749,47.4061471
348,Rozsdásserpenyő,rozsdasserpenyo,hamlet,18.6165407,46.2393671
348,Jánosipuszta,janosipuszta,hamlet,18.2730972,46.2159478
348,Almáskert,almaskert,hamlet,19.057306,47.9013439
348,Szarvasd,szarvasd,hamlet,18.1945912,46.4206341
348,Szőlőhegy,szolohegy,hamlet,17.531757,47.4513584
348,Szekszárd-Kendergyár,szekszard-kendergyar,hamlet,18.7804873,46.3374454
348,Tokod-Ebszőnybánya,tokod-ebszonybanya,hamlet,18.6448442,47.7048694
348,Ormánd,ormand,hamlet,18.3500968,46.1498262
348,Kukulló,kukullo,hamlet,16.5733851,47.2171576
348,Budafa,budafa,hamlet,18.2538403,46.1631179
348,Jávorkút,javorkut,hamlet,20.5263591,48.0969878
348,Szarkahegy,szarkahegy,hamlet,17.868584,46.34978
348,Szőlőhegy,szolohegy,hamlet,17.896453,46.327427
348,Kajárpéci borospincesor,kajarpeci borospincesor,hamlet,17.625063,47.504093
348,Nagyhegy,nagyhegy,hamlet,17.6389494,46.6129958
348,Mecsekrákos,mecsekrakos,hamlet,18.1486889,46.1491281
348,Foktő-Kisfoktő,fokto-kisfokto,hamlet,18.9754734,46.5768436
348,Boglyasi szőlőhegy,boglyasi szolohegy,hamlet,18.461977,47.283407
348,Bedepuszta,bedepuszta,hamlet,19.6618252,48.0236818
348,Harangalja,harangalja,hamlet,16.5327452,47.399408
348,Ószőlő,oszolo,hamlet,20.610733,46.869833
348,Balffürdő,balffurdo,hamlet,16.6596787,47.6511392
348,Péterhalom,peterhalom,hamlet,21.9464933,47.8388184
348,Felsőfalu,felsofalu,hamlet,18.5237218,46.2180496
348,Császta,csaszta,hamlet,18.3877662,46.2680326
348,Újtelep,ujtelep,hamlet,18.3721899,46.2793628
348,Remete,remete,hamlet,21.3103848,46.6959951
348,Hatház tanya,hathaz tanya,hamlet,21.7055395,48.0659742
348,Szilágypuszta,szilagypuszta,hamlet,18.4191222,46.1208918
348,Egyházbér,egyhazber,hamlet,18.1199362,46.1972447
348,Kisbodolya,kisbodolya,hamlet,18.1115531,46.2014596
348,Láca,laca,hamlet,21.9909302,48.3669962
348,Ágostonpuszta,agostonpuszta,hamlet,18.3134481,46.9365121
348,Dobosvölgy,dobosvolgy,hamlet,18.4274689,46.1516249
348,Magyarfalu,magyarfalu,hamlet,18.4780371,46.260953
348,Rácfalu,racfalu,hamlet,18.4877302,46.2626675
348,Bányatelep,banyatelep,hamlet,18.4957257,46.2501321
348,Újtelep,ujtelep,hamlet,21.2518531,48.0312351
348,Furkótelep,furkotelep,hamlet,18.7269437,46.1426848
348,Antalszállás,antalszallas,hamlet,17.8371641,46.2046649
348,Ósükösd,osukosd,hamlet,18.940801,46.3012286
348,Hild,hild,hamlet,19.1047803,46.3579649
348,Görösgal,gorosgal,hamlet,17.7081293,46.0353758
348,Albertakna,albertakna,hamlet,19.7414202,48.1134333
348,Rauakna,rauakna,hamlet,19.7343429,48.1169848
348,Baksaháza,baksahaza,hamlet,19.7065939,48.1470946
348,Szentkútpuszta,szentkutpuszta,hamlet,18.3227663,46.0426064
348,Üdülőtelep,udulotelep,hamlet,19.0652062,47.9316228
348,Tömördpuszta,tomordpuszta,hamlet,18.1949884,47.6464902
348,Fáspuszta,faspuszta,hamlet,21.1603434,46.9045901
348,Sörnyepuszta,sornyepuszta,hamlet,17.5907797,46.4672636
348,Kisberki,kisberki,hamlet,18.0198639,46.3441881
348,Újtelep,ujtelep,hamlet,20.3655569,48.2323489
348,Béketelep,beketelep,hamlet,20.3802132,48.2379761
348,Szabadimajor,szabadimajor,hamlet,18.1367736,46.8978649
348,Katalin-major,katalin-major,hamlet,18.6367125,46.5300113
348,Jánosmajor,janosmajor,hamlet,18.665479,46.5110301
348,Amáliatelep,amaliatelep,hamlet,19.7366263,48.1064039
348,Felsőtelep,felsotelep,hamlet,19.7442528,48.1071037
348,Horváth tanya,horvath tanya,hamlet,21.5306155,47.4552182
348,Rózsaliget,rozsaliget,hamlet,16.4317495,46.8349701
348,Ordaspuszta,ordaspuszta,hamlet,19.4527616,47.8931514
348,Petőfi lakótelep,petofi lakotelep,hamlet,19.0287164,47.8977159
348,Mecsek,mecsek,hamlet,18.0535811,46.639422
348,Rózsás,rozsas,hamlet,18.0714974,46.6498131
348,Gerézdpuszta,gerezdpuszta,hamlet,17.9793882,46.6020452
348,Miklósvár,miklosvar,hamlet,18.2818248,46.6203963
348,Kaposdada,kaposdada,hamlet,17.7071051,46.3339079
348,Selymes,selymes,hamlet,19.4161784,46.5439072
348,Liliom puszta-major,liliom puszta-major,hamlet,18.7892812,47.8740266
348,Ófalu,ofalu,hamlet,21.4553895,48.0439461
348,Újtelep,ujtelep,hamlet,21.4571759,48.0271214
348,Szentannapuszta Tanya,szentannapuszta tanya,hamlet,21.9707976,47.5574957
348,Korytník,korytnik,hamlet,20.5197799,48.5396026
348,Szalmaváros,szalmavaros,hamlet,22.502397,47.8239365
348,Mátracserpuszta,matracserpuszta,hamlet,19.9937149,48.059656
348,Tiszakóród-Kistanya,tiszakorod-kistanya,hamlet,22.696987,48.085351
348,Tiszakóród-Újkóródtanya,tiszakorod-ujkorodtanya,hamlet,22.716179,48.085753
348,Kisbicsérd,kisbicserd,hamlet,18.076144,46.0166731
348,Vityapuszta,vityapuszta,hamlet,17.7237669,46.6051133
348,Bukvék,bukvek,hamlet,18.2405344,45.9457273
348,Izsákpuszta,izsakpuszta,hamlet,18.9595066,46.3579375
348,Domboripuszta,domboripuszta,hamlet,18.887943,46.431163
348,Szekszárd-Ózsákpuszta,szekszard-ozsakpuszta,hamlet,18.818298,46.322335
348,Heislerpuszta,heislerpuszta,hamlet,18.807782,46.422568
348,Kisráta,kisrata,hamlet,19.29048,46.3247628
348,Oncsa sor,oncsa sor,hamlet,19.2916377,46.3252049
348,Erdőszél,erdoszel,hamlet,19.393322,46.330477
348,Átokháza,atokhaza,hamlet,19.7298392,46.1874849
348,Máriatelep,mariatelep,hamlet,20.114365,46.560923
348,Bikazug,bikazug,hamlet,20.524331,46.830302
348,Furugy,furugy,hamlet,20.515681,46.827903
348,Dózsatelep,dozsatelep,hamlet,17.7396873,46.3372973
348,Petörkevölgy,petorkevolgy,hamlet,17.6993442,46.3329306
348,Baji szőlőhegy,baji szolohegy,hamlet,18.3802577,47.6532098
348,Tőserdő,toserdo,hamlet,19.9869319,46.8624275
348,Bagóhegy,bagohegy,hamlet,17.0321754,46.5351848
348,Agárd-puszta,agard-puszta,hamlet,18.6216304,47.1859117
348,Mácsa szállás,macsa szallas,hamlet,19.0760831,46.5109826
348,Klábertelep,klabertelep,hamlet,19.5486454,47.0052852
348,Latinkatelep,latinkatelep,hamlet,17.5633012,46.4646114
348,Nadalos,nadalos,hamlet,17.565912,46.4565871
348,Mátéháza,matehaza,hamlet,19.0862172,46.1703093
348,Mártonszállás,martonszallas,hamlet,19.0421756,46.2064605
348,Jánoshegy,janoshegy,hamlet,18.6858761,47.5700128
348,Pincefalu,pincefalu,hamlet,18.830058,47.6831635
348,Cserhágó,cserhago,hamlet,22.0211014,47.717615
348,Varjúlapos,varjulapos,hamlet,21.5596844,48.0523218
348,Görögszállás,gorogszallas,hamlet,21.5477837,48.0073093
348,Paszabcsúcs,paszabcsucs,hamlet,21.5799586,48.0615019
348,Gyulatanya,gyulatanya,hamlet,21.6121042,48.0462712
348,Benczúrfalva,benczurfalva,hamlet,19.5615472,48.1054642
348,Csobánkapuszta,csobankapuszta,hamlet,19.4726333,47.8943714
348,Nagygencs,nagygencs,hamlet,16.5971128,47.285314
348,Gyöngyösapáti,gyongyosapati,hamlet,16.5926281,47.2956621
348,Szentivánfa,szentivanfa,hamlet,16.9711233,47.370583
348,Berekalja,berekalja,hamlet,16.8914296,47.38488
348,Alszopor,alszopor,hamlet,16.8194071,47.4474038
348,Pinkóc,pinkoc,hamlet,17.2688171,47.0964611
348,Siómaros,siomaros,hamlet,18.1465247,46.8857819
348,Bábony,babony,hamlet,18.0998757,46.7500074
348,Megyer,megyer,hamlet,18.1200888,46.75333
348,Somogyvisonta,somogyvisonta,hamlet,17.4432871,46.0957143
348,Erdőcsokonya,erdocsokonya,hamlet,17.4443629,46.0763616
348,Agarév,agarev,hamlet,17.3293713,46.1185189
348,Rinyahosszúfalu,rinyahosszufalu,hamlet,17.4480083,46.1933267
348,Kislábod,kislabod,hamlet,17.4664834,46.2019708
348,Kónyi,konyi,hamlet,17.3640552,46.288756
348,Ötvös,otvos,hamlet,17.3625961,46.2847968
348,Felsősegesd,felsosegesd,hamlet,17.3474899,46.3473981
348,Alsósegesd,alsosegesd,hamlet,17.3402157,46.3346139
348,Kaposszentbenedek,kaposszentbenedek,hamlet,17.69313,46.3285356
348,Lovastanya,lovastanya,hamlet,21.7977604,47.7468457
348,Nyíri-tanya,nyiri-tanya,hamlet,21.7948299,47.7861709
348,Megyefa,megyefa,hamlet,18.0028414,46.1108906
348,Gyulapuszta,gyulapuszta,hamlet,18.4073476,45.9930393
348,Gadány,gadany,hamlet,18.1334198,46.0016969
348,Aranyos,aranyos,hamlet,18.1213395,46.0068835
348,Németmárok,nemetmarok,hamlet,18.5104204,45.8729387
348,Hercegszentmárton,hercegszentmarton,hamlet,18.4960783,45.8852082
348,Pázdány,pazdany,hamlet,18.1086242,46.0121526
348,Pellérdi szőlőhegy,pellerdi szolohegy,hamlet,18.1478848,46.0156091
348,Hidor,hidor,hamlet,18.4076365,46.0188627
348,Újtelep,ujtelep,hamlet,18.7592353,47.3409751
348,Terebezdpuszta,terebezdpuszta,hamlet,17.3389448,46.4061232
348,Hóduna,hoduna,hamlet,18.8304853,45.9291128
348,Páterhomok tanya,paterhomok tanya,hamlet,21.6247601,48.2849956
348,Kisgéc,kisgec,hamlet,19.5736017,48.0867194
348,Lászlóvölgypuszta,laszlovolgypuszta,hamlet,19.6807336,48.1749233
348,Marakodipuszta,marakodipuszta,hamlet,19.6699365,48.1792371
348,Nagytagyospuszta,nagytagyospuszta,hamlet,18.3136284,47.575793
348,Buzita,buzita,hamlet,21.936704,47.569971
348,Asszonyrész,asszonyresz,hamlet,21.947788,47.627278
348,Flóratanya,floratanya,hamlet,22.111281,47.96301
348,Rákóczitanya,rakoczitanya,hamlet,22.1781531,48.0258126
348,Csemény,csemeny,hamlet,21.991884,48.248075
348,Templomos,templomos,hamlet,18.9069986,46.880655
348,Majorszegidűlő,majorszegidulo,hamlet,19.2032723,47.5396336
348,Tópart,topart,hamlet,18.79452,47.4609708
348,Fő úti erdő,fo uti erdo,hamlet,19.1790593,47.301162
348,Dombtető I,dombteto i,hamlet,18.7990222,47.5510441
348,Dombtető II,dombteto ii,hamlet,18.7965029,47.5507534
348,Szőlődomb I,szolodomb i,hamlet,18.8083569,47.5585736
348,Szőlődomb II,szolodomb ii,hamlet,18.8121087,47.5636698
348,Kishidas,kishidas,hamlet,18.5187227,46.2613886
348,Félixháza,felixhaza,hamlet,19.053403,46.8141329
348,Tételhegy,tetelhegy,hamlet,19.0688977,46.7850994
348,Kistelek,kistelek,hamlet,19.476671,47.4788034
348,Sándorszállás,sandorszallas,hamlet,19.4933983,47.486052
348,Jakabszállás,jakabszallas,hamlet,19.4673981,47.4935511
348,Bodóhegy,bodohegy,hamlet,21.7484628,48.0402077
348,Homokerdő,homokerdo,hamlet,19.6716347,47.4252617
348,Újerdő,ujerdo,hamlet,19.6583454,47.4332462
348,Őrhegy,orhegy,hamlet,22.0420574,48.3572431
348,Monyha,monyha,hamlet,22.0161412,48.3464692
348,Felsőcikola,felsocikola,hamlet,18.7736285,47.1150509
348,Alsószállás,alsoszallas,hamlet,18.9492059,46.4650108
348,Szegfalu,szegfalu,hamlet,17.0455214,46.66791
348,Kácsárd,kacsard,hamlet,21.5913283,48.380759
348,Meszes,meszes,hamlet,18.9162791,46.4994558
348,Rákóczitelep,rakoczitelep,hamlet,19.4681811,47.1782716
348,Vérteskert,verteskert,hamlet,18.2462943,47.4150733
348,Dózsatelep,dozsatelep,hamlet,19.8806141,47.3170835
348,Kisfalu,kisfalu,hamlet,19.8626347,47.3338092
348,Cigányszög,ciganyszog,hamlet,19.8708509,47.3315696
348,Križnica,kriznica,village,17.355772,45.9723045
348,Neuheiligenkreuz,neuheiligenkreuz,hamlet,16.2717766,46.9629969
348,Posta sor,posta sor,hamlet,19.4662231,47.0934384
348,Alatka,alatka,hamlet,20.2578607,47.660424
348,Bernáthegy,bernathegy,hamlet,20.2556308,47.6464097
348,Jánk,jank,hamlet,22.6595018,47.937281
348,Majtis,majtis,hamlet,22.6398365,47.9453933
348,Szécsénykert,szecsenykert,hamlet,21.1254832,46.7919947
348,Hete,hete,hamlet,22.4767589,48.1216173
348,Fejércse,fejercse,hamlet,22.4686182,48.1319087
348,Középcsala,kozepcsala,hamlet,19.2419452,46.4367725
348,Újhegy,ujhegy,hamlet,17.8228927,46.559196
348,Újfalu,ujfalu,hamlet,18.8187847,47.5542436
348,Annalejtő,annalejto,hamlet,18.8249645,47.5517672
348,Boszorkányvölgy,boszorkanyvolgy,hamlet,18.8163937,47.5506672
348,Völgyrét,volgyret,hamlet,18.8215962,47.5479006
348,Ófalu,ofalu,hamlet,18.8287888,47.547128
348,Szőlőhegy,szolohegy,hamlet,18.8328078,47.5477337
348,Legelődomb,legelodomb,hamlet,18.8242993,47.5446856
348,Hosszúhát,hosszuhat,hamlet,18.8367453,47.5434613
348,Öreghegy,oreghegy,hamlet,18.824611,47.5408547
348,Than Károly lakótelep,than karoly lakotelep,hamlet,18.723333,47.0792665
348,Boncsok,boncsok,hamlet,19.3411356,47.6322482
348,Platzl,platzl,hamlet,19.0104123,47.7965801
348,Motyózug,motyozug,hamlet,20.5328165,46.8339025
348,Micsurintelep,micsurintelep,hamlet,22.0364285,48.2933616
348,Kistiszahát,kistiszahat,hamlet,21.838009,48.2197672
348,Tiszapart,tiszapart,hamlet,21.5481135,48.177793
348,Balázspuszta,balazspuszta,hamlet,19.3699801,46.8990403
348,Sejce,sejce,hamlet,19.1184103,47.8263451
348,Csorna,csorna,hamlet,19.1492499,46.5560449
348,Krasznyik,krasznyik,hamlet,20.9904527,48.4676005
348,Vajda,vajda,hamlet,20.9718489,48.4704032
348,Felsőhegy,felsohegy,hamlet,17.3441911,46.771184
348,Zsöllehát,zsollehat,hamlet,17.3450964,46.7639043
348,Paphegy,paphegy,hamlet,17.3628973,46.7751833
348,Ozmánbük,ozmanbuk,village,16.6709295,46.9242214
348,Kis-hegy,kis-hegy,hamlet,17.9313021,46.9878556
348,Slikker,slikker,hamlet,17.9347783,46.9836106
348,Csádé,csade,hamlet,17.6437412,46.9064637
348,Gyilkos,gyilkos,hamlet,20.3340845,47.8884499
348,Szilvás-tető,szilvas-teto,hamlet,20.4446291,47.8784832
348,Korpád,korpad,hamlet,17.955678,46.1406077
348,Gézahegy,gezahegy,hamlet,19.3158907,47.6684039
348,Szabadságtelep,szabadsagtelep,hamlet,20.3154373,47.0596127
348,Nagymajor,nagymajor,hamlet,19.0536942,46.8239949
348,Tsz-lakótelep,tsz-lakotelep,hamlet,19.1360496,46.7974359
348,Belső-Ecser,belso-ecser,hamlet,20.394491,46.7575183
348,Újsor,ujsor,hamlet,20.0895318,47.6889871
348,Bárhely,barhely,hamlet,16.5765828,46.6497716
348,Kitziberge,kitziberge,hamlet,16.3520238,47.0120942
348,Bakópuszta,bakopuszta,hamlet,19.2979861,48.0144995
348,Külsőhegy,kulsohegy,hamlet,18.1665344,46.9269639
348,Jánoshegy,janoshegy,hamlet,16.1657622,46.8897983
348,Tótszentpál,totszentpal,hamlet,17.4541927,46.6484771
348,Hantháza,hanthaza,hamlet,19.6366238,47.0998475
348,Mátai ménes lovas-falu,matai menes lovas-falu,hamlet,21.151557,47.5939296
348,Középpeszér,kozeppeszer,hamlet,19.252435,47.0702168
348,Kunpeszér-Bagóhegy,kunpeszer-bagohegy,hamlet,19.2549133,47.0587429
348,Vörcsökihegy,vorcsokihegy,hamlet,16.6104887,46.5136482
348,Dávidháza,davidhaza,hamlet,16.3647378,46.815077
348,Szikra-Oncsa,szikra-oncsa,hamlet,19.9564465,46.8701352
348,Vizslapart,vizslapart,hamlet,18.2183601,46.0006849
348,Kisnyék,kisnyek,hamlet,21.3506574,46.840787
348,Kun György telep,kun gyorgy telep,hamlet,21.0984653,47.6005422
348,Üdülőtelep,udulotelep,hamlet,17.5580672,47.222201
348,Márkus,markus,hamlet,16.6858382,46.9329105
348,Munkástelep,munkastelep,hamlet,20.0160994,46.5519255
348,Felsőmalom,felsomalom,hamlet,19.3660734,47.5712838
348,Kecskés,kecskes,hamlet,19.3332765,47.6241876
348,Peres,peres,hamlet,19.396509,47.5883501
348,Irtványos,irtvanyos,hamlet,19.3202291,47.5931691
348,Nagyremete,nagyremete,hamlet,19.3179525,47.5859477
348,Magyarbüks,magyarbuks,hamlet,16.4743856,46.9882605
348,Dobaipuszta,dobaipuszta,hamlet,21.4488277,46.9605965
348,Kótpuszta,kotpuszta,hamlet,21.3362173,46.9583144
348,Ófalu,ofalu,hamlet,19.0326225,47.7941573
348,Kutyahegy,kutyahegy,hamlet,19.0130857,47.7931242
348,Svábhegy,svabhegy,hamlet,19.0191673,47.7961707
348,Lesvárpuszta,lesvarpuszta,hamlet,17.4783518,47.556799
348,Ostromosalja,ostromosalja,hamlet,20.7431628,48.5186917
348,Ceglédpuszta,cegledpuszta,hamlet,17.6871266,46.0955637
348,Cseresznyés,cseresznyes,hamlet,18.7827372,46.6298051
348,Aranyág,aranyag,hamlet,20.3638606,46.4262766
348,Bácsfapuszta,bacsfapuszta,hamlet,18.6073307,45.9937334
348,Kocsér,kocser,village,19.9225502,47.0020122
348,Fehér-hegy,feher-hegy,hamlet,18.7284064,47.7051157
348,Fülpös,fulpos,hamlet,22.5134325,47.9236472
348,Ököritó,okorito,hamlet,22.5025749,47.9189594
348,Mácsa,macsa,hamlet,22.5177669,47.9167447
348,Cséke,cseke,hamlet,21.9803595,48.3596995
348,Hant,hant,hamlet,18.449257,46.3274588
348,Apar,apar,hamlet,18.4526259,46.3372225
348,Kerettye,kerettye,hamlet,16.7308581,46.5231722
348,Kisrét,kisret,hamlet,21.0937835,46.706884
348,Kisgyula,kisgyula,hamlet,18.4165471,45.9943709
348,Sziebertpuszta,sziebertpuszta,hamlet,18.5245454,45.9421174
348,Lapiházak,lapihazak,hamlet,16.7265039,46.9542435
348,Hegy,hegy,hamlet,16.7421752,46.9550442
348,Újhegy,ujhegy,hamlet,16.6512944,46.8949841
348,Püspökbóly,puspokboly,hamlet,18.4394494,45.8048387
348,Sáripuszta,saripuszta,hamlet,18.3491286,45.8423413
348,Öregfalu,oregfalu,hamlet,20.23409,46.4715188
348,Újfalu,ujfalu,hamlet,20.2463611,46.4669303
348,Cselegörcsöny,cselegorcsony,hamlet,18.6283492,46.0738857
348,Cseledoboka,cseledoboka,hamlet,18.6357307,46.0644472
348,Kurjantó,kurjanto,hamlet,19.2979467,46.8533129
348,Újrátka,ujratka,hamlet,16.6809066,46.4497166
348,Bernátkút,bernatkut,hamlet,18.8472735,47.0000729
348,Szentbenedektanya,szentbenedektanya,hamlet,21.2219707,46.5873177
348,Tatárdomb,tatardomb,hamlet,20.9535394,47.892884
348,Keselyűhalom,keselyuhalom,hamlet,20.9388278,47.8137357
348,Szentmihálypusztai iskolasor,szentmihalypusztai iskolasor,hamlet,18.1165769,47.5935678
348,Újtelep,ujtelep,hamlet,18.4105927,46.8613122
348,Kecsegepuszta,kecsegepuszta,hamlet,18.3178081,46.6934304
348,Nagy Pál-telep,nagy pal-telep,hamlet,18.1931082,46.4303057
348,Alsóleperd,alsoleperd,hamlet,18.1613985,46.4650273
348,Szilfás,szilfas,hamlet,18.1191757,46.4579634
348,Tsz-major,tsz-major,hamlet,19.007839,48.0508114
348,Gerenyáspuszta,gerenyaspuszta,hamlet,18.4437752,46.577875
348,Újberekpuszta,ujberekpuszta,hamlet,18.6987566,46.2600811
348,Kismórágy,kismoragy,hamlet,18.6408751,46.2372386
348,Palatinca,palatinca,hamlet,18.6099669,46.2482979
348,Kiskövesd,kiskovesd,hamlet,18.6691564,46.1973405
348,Szappanoszug,szappanoszug,hamlet,20.5286533,46.8487251
348,Eszterpuszta,eszterpuszta,hamlet,18.54898,46.2227524
348,Vaskapu - Süssloch,vaskapu - sussloch,hamlet,18.6402475,46.0302027
348,Szárítópuszta,szaritopuszta,hamlet,19.4023275,47.5768152
348,Göbölyjárás,gobolyjaras,hamlet,19.8009709,47.3672591
348,Sarkaly,sarkaly,hamlet,20.3435683,46.3984935
348,Tőrei tanyacsoport,torei tanyacsoport,hamlet,20.0200993,46.8774061
348,Kisbátori tanya,kisbatori tanya,hamlet,20.2707157,48.0034436
348,Bányatelep,banyatelep,hamlet,20.2259941,48.0589283
348,Kláraháza,klarahaza,hamlet,19.1924491,47.7608336
348,Virágvölgyi Lakópark,viragvolgyi lakopark,hamlet,18.9629299,47.2318447
348,Szőlőtelep,szolotelep,hamlet,18.9643793,47.247624
348,Szigetmajor,szigetmajor,hamlet,18.981838,47.286495
348,Vasút menti házak,vasut menti hazak,hamlet,18.9466765,47.2314142
348,Vasút sor,vasut sor,hamlet,18.9398198,47.229324
348,Budahomok,budahomok,hamlet,21.9478978,48.3052915
348,Ferenctanya,ferenctanya,hamlet,21.5755141,48.010222
348,Bedőbokor,bedobokor,hamlet,21.6041121,47.9932489
348,Alsócsatár,alsocsatar,hamlet,16.4404392,47.2140626
348,Kisbabapuszta,kisbabapuszta,hamlet,17.7980284,46.5786304
348,Csatókamarás,csatokamaras,hamlet,20.9088971,46.353742
348,-es major,67-es major,hamlet,20.9424026,46.365006
348,Háromhányás,haromhanyas,hamlet,20.1001283,47.9434535
348,Pusztakettős,pusztakettos,hamlet,20.7489601,47.4534432
348,Lángos-lakótelep,langos-lakotelep,hamlet,20.1071396,47.9529833
348,Riha,riha,hamlet,18.7538498,46.0057707
348,Élesd,elesd,hamlet,18.762846,46.0174097
348,Monoriugarok,monoriugarok,hamlet,20.7356061,46.6008533
348,Orosházitanyák,oroshazitanyak,hamlet,20.7659318,46.5983858
348,Rácskitelep,racskitelep,hamlet,18.92656,47.5588005
348,Kútgyűrűtelep,kutgyurutelep,hamlet,18.9131755,47.5674306
348,Meszes,meszes,hamlet,18.9186257,47.5597321
348,Kecskehát,kecskehat,hamlet,18.924076,47.5555574
348,Fischerbócsa,fischerbocsa,hamlet,19.5365238,46.6202337
348,Tamásbokor,tamasbokor,hamlet,21.5234911,47.9689168
348,Csernyikbokor,csernyikbokor,hamlet,21.6710335,48.0295741
348,Nyulaskaszőlő,nyulaskaszolo,hamlet,21.812513,47.9883339
348,Petőfitanya,petofitanya,hamlet,21.6258609,47.8542209
348,Kocsorhegy,kocsorhegy,hamlet,20.7837348,46.9457432
348,Szobokpuszta,szobokpuszta,hamlet,19.2568741,48.0564495
348,OFB-földek,ofb-foldek,hamlet,19.2821998,48.0415043
348,Nyírjespuszta,nyirjespuszta,hamlet,19.2846513,48.0485021
348,Homokiszőlők,homokiszolok,hamlet,19.269442,48.0625218
348,Kincsempuszta,kincsempuszta,hamlet,19.2792956,48.0385975
348,Galibapuszta,galibapuszta,hamlet,19.2663095,48.0306116
348,Ongaújfalu,ongaujfalu,hamlet,20.9091056,48.1457564
348,Budai úti zártkertek,budai uti zartkertek,hamlet,18.9324045,47.6078557
348,Bökény,bokeny,hamlet,20.6604067,46.1572521
348,Mattyipuszta,mattyipuszta,hamlet,18.2751771,45.7851382
348,Rozália sor,rozalia sor,hamlet,18.9835753,47.5829402
348,Kispáhi,kispahi,hamlet,19.4000369,46.7336804
348,Szúnyogpuszta,szunyogpuszta,hamlet,18.5760731,47.4379974
348,Üdülőtelep,udulotelep,hamlet,21.2269627,48.0218529
348,Gara,gara,hamlet,16.5145721,46.5512782
348,Matyótelep,matyotelep,hamlet,19.3147303,46.7631861
348,Kissor,kissor,hamlet,19.8459327,46.1788275
348,Cservölgypuszta,cservolgypuszta,hamlet,19.4406295,47.900808
348,Jákotpuszta,jakotpuszta,hamlet,19.4311076,47.8893162
348,Táncsicstelep,tancsicstelep,hamlet,21.8438727,47.8338502
348,Kisvid,kisvid,hamlet,17.2866568,46.5088276
348,Hevesugra,hevesugra,hamlet,20.0685024,47.7586421
348,Gyöngyöshalmaj,gyongyoshalmaj,hamlet,20.0455481,47.7658613
348,Kútvölgy,kutvolgy,hamlet,18.7306218,47.5675752
348,Lászlómajor,laszlomajor,hamlet,17.746642,46.3847333
348,Erdőhát,erdohat,hamlet,16.7004888,46.543772
348,Szentadorján,szentadorjan,hamlet,16.6932472,46.54045
348,Péliföldszentkereszt,pelifoldszentkereszt,hamlet,18.5894875,47.7102974
348,Lickó,licko,hamlet,16.7710182,46.7462538
348,Mukucsfalu,mukucsfalu,hamlet,16.7770497,46.7461668
348,Bánfibokor,banfibokor,hamlet,21.540162,47.9768605
348,Lakótelep,lakotelep,hamlet,16.5513853,46.5566843
348,Pácsod-puszta,pacsod-puszta,hamlet,16.5253317,46.8362604
348,Andovec Anda hegy,andovec anda hegy,hamlet,16.5281463,46.5262345
348,Budai hegy,budai hegy,hamlet,16.802829,46.7636642
348,Falutelep,falutelep,hamlet,19.4869834,46.6045799
348,Erdőszéplak,erdoszeplak,hamlet,19.6651196,46.6558801
348,Debrőbokor,debrobokor,hamlet,21.6116927,47.9806639
348,Gorzsa,gorzsa,hamlet,20.4257696,46.3707076
348,Tölgyes-tanya,tolgyes-tanya,hamlet,21.9276855,48.1778228
348,Nétola,netola,hamlet,21.8519556,48.2228315
348,Jánosakna,janosakna,hamlet,19.929239,48.040429
348,Zagyvaszentjakab,zagyvaszentjakab,hamlet,19.6956967,47.8651543
348,Kistelekibokor,kistelekibokor,hamlet,21.7331006,47.9131802
348,Tölgyesszögtanya,tolgyesszogtanya,hamlet,22.0087186,48.2683609
348,Tiszahát,tiszahat,hamlet,21.7881226,48.2006434
348,Rozsály-puszta,rozsaly-puszta,hamlet,22.0441952,48.2963877
348,Rozsály-puszta,rozsaly-puszta,hamlet,22.0477103,48.2843565
348,Birketanya,birketanya,hamlet,21.8343861,47.9103067
348,Nagyárpádi zártkert,nagyarpadi zartkert,hamlet,18.2599246,46.0257563
348,Dallapuszta,dallapuszta,hamlet,20.1483685,47.9261833
348,Rádócújfalu,radocujfalu,hamlet,16.6074542,47.0784839
348,Becsked,becsked,hamlet,21.7838102,48.3246787
348,Csetmajor,csetmajor,hamlet,19.5399758,47.1855892
348,Újtelep,ujtelep,hamlet,17.1480198,47.217197
348,Újpuszta,ujpuszta,hamlet,17.7457818,45.9930292
348,Erdeifalu,erdeifalu,hamlet,16.6546105,46.8031836
348,Hard,hard,hamlet,18.748126,46.7303549
348,Böngyéres,bongyeres,hamlet,17.348539,46.7487772
348,Segedin,segedin,hamlet,17.3669332,45.9796897
348,Ilonatanya,ilonatanya,hamlet,21.7556645,47.9794444
348,Hármastanya,harmastanya,hamlet,21.7596409,48.0248285
348,Lévaitanya,levaitanya,hamlet,21.8239498,47.9243875
348,Fenyvestanya,fenyvestanya,hamlet,21.7738805,48.0174033
348,Vadritkadűlő,vadritkadulo,hamlet,21.7745357,47.917957
348,Külsőpereg-Rákóczitelep,kulsopereg-rakoczitelep,hamlet,20.8932758,46.2888504
348,Belsőperegpuszta,belsoperegpuszta,hamlet,20.9162746,46.3133899
348,Diósvölgy,diosvolgy,hamlet,19.0881047,47.8170998
348,Körtvélyes,kortvelyes,hamlet,19.0776051,47.8168186
348,Székhegy,szekhegy,hamlet,19.0858028,47.810921
348,Simonfa,simonfa,hamlet,17.8819175,46.0016672
348,Ardočka,ardocka,hamlet,20.5311611,48.5446593
348,Veres Péter lakótelep,veres peter lakotelep,hamlet,21.6064293,48.0038862
348,Alsómóricgát,alsomoricgat,hamlet,19.6861006,46.6213922
348,Tótokföldje,totokfoldje,hamlet,18.3148791,45.765439
348,Grébicspuszta,grebicspuszta,hamlet,18.2334694,47.6773442
348,Aranyossziget,aranyossziget,hamlet,17.2958444,47.8594806
348,Malomdűlő,malomdulo,hamlet,17.2877778,47.8643874
348,Nagyherkály,nagyherkaly,hamlet,18.0713241,47.7087616
348,Tóthréde,tothrede,hamlet,17.9052651,47.4592271
348,Koromla puszta,koromla puszta,hamlet,17.9560491,47.3656937
348,Rácszentpéter,racszentpeter,hamlet,18.8196659,47.2377095
348,Szentlászlópuszta,szentlaszlopuszta,hamlet,18.8122871,47.293397
348,Мадараш,madarash,hamlet,19.3322629,46.0169484
348,Alvég,alveg,hamlet,16.4038383,46.9004096
348,Fővég,foveg,hamlet,16.3858933,46.8946424
348,Hárserdőtelep,harserdotelep,hamlet,17.6851119,46.1821527
348,Hitmespuszta,hitmespuszta,hamlet,17.7282931,46.1431184
348,Zalasor,zalasor,hamlet,17.7108497,46.1338117
348,Domolospuszta,domolospuszta,hamlet,17.8664495,46.0731126
348,Lókos,lokos,hamlet,19.1969425,48.0450439
348,Lóczibokor,loczibokor,hamlet,21.6617454,47.9133536
348,Kovácsbokor,kovacsbokor,hamlet,21.6256782,47.9567624
348,Alsóbadurbokor,alsobadurbokor,hamlet,21.6540025,47.8771515
348,Bálintbokor,balintbokor,hamlet,21.6462085,47.8905893
348,Salamonbokor,salamonbokor,hamlet,21.6617284,47.9470832
348,Újtelekbokor,ujtelekbokor,hamlet,21.6537262,47.9323136
348,Szélsőbokor,szelsobokor,hamlet,21.6725199,47.9331928
348,Gerhátbokor,gerhatbokor,hamlet,21.6228326,47.9491091
348,Mandabokor I,mandabokor i,hamlet,21.6711979,47.9217608
348,Mandabokor II,mandabokor ii,hamlet,21.6670169,47.9058776
348,Rozsrétbokor I,rozsretbokor i,hamlet,21.6989391,47.8980033
348,Újsortanya,ujsortanya,hamlet,21.7623952,47.8844614
348,Lászlótanya,laszlotanya,hamlet,21.7545285,47.8751031
348,Butykasor,butykasor,hamlet,21.7154321,47.8565981
348,Polyákbokor,polyakbokor,hamlet,21.6343388,47.932693
348,Rókabokor,rokabokor,hamlet,21.6193169,47.9404455
348,Benkőbokor,benkobokor,hamlet,21.6120316,47.9520291
348,Szelesbokor,szelesbokor,hamlet,21.599287,47.9598217
348,Kazárbokor,kazarbokor,hamlet,21.6050127,47.9677306
348,Zomboribokor,zomboribokor,hamlet,21.6526519,47.962686
348,Antalbokor,antalbokor,hamlet,21.6486268,47.9714858
348,Jánosbokor,janosbokor,hamlet,21.6386242,47.9636675
348,Vargabokor,vargabokor,hamlet,21.633622,47.9731787
348,Fűzesbokor,fuzesbokor,hamlet,21.6502003,47.9840207
348,Dankóbokor,dankobokor,hamlet,21.6341763,47.9917328
348,Szekeresbokor,szekeresbokor,hamlet,21.6467265,47.9927709
348,Alsósóskút,alsososkut,hamlet,21.6527437,48.0100261
348,Felsősóskút,felsososkut,hamlet,21.6731634,48.0133065
348,Halmosbokor,halmosbokor,hamlet,21.5928564,47.9821251
348,Ferencbokor,ferencbokor,hamlet,21.583036,47.9815157
348,Markóbokor,markobokor,hamlet,21.5859312,47.9678034
348,Horváthbokor,horvathbokor,hamlet,21.581412,47.987961
348,Cigánybokor,ciganybokor,hamlet,21.5697721,47.9380879
348,Vadasbokor,vadasbokor,hamlet,21.5538942,47.943645
348,Nádasibokor,nadasibokor,hamlet,21.5403051,47.9481825
348,Magyarbokor,magyarbokor,hamlet,21.5301198,47.9548442
348,Sulyánbokor,sulyanbokor,hamlet,21.5924273,47.9475525
348,Jászkisér-Szellőhát,jaszkiser-szellohat,hamlet,20.1867261,47.42659
348,Németbarnag,nemetbarnag,hamlet,17.749271,46.9793816
348,Magyarbarnag,magyarbarnag,hamlet,17.7456796,46.9781564
348,Körcsönyepuszta,korcsonyepuszta,hamlet,17.7933708,45.9009657
348,Reveteg,reveteg,hamlet,19.2981405,47.6673885
348,Róheimnegyed,roheimnegyed,hamlet,19.3015936,47.6637588
348,Szentsarok,szentsarok,hamlet,19.3058552,47.6794636
348,Topolyos,topolyos,hamlet,19.3094863,47.6748564
348,Háromház,haromhaz,hamlet,19.33486,47.6656938
348,Kilencholdas,kilencholdas,hamlet,19.3260013,47.6630585
348,Kincstári ligetek,kincstari ligetek,hamlet,19.3221629,47.6712658
348,Nyíres,nyires,hamlet,19.296973,47.674712
348,Kisbugac,kisbugac,hamlet,19.5977157,46.7122206
348,Steigervald tanya,steigervald tanya,hamlet,21.1815065,46.5869843
348,Kisbőszénfa,kisboszenfa,hamlet,17.8421777,46.2280024
348,Kisalpár,kisalpar,hamlet,20.0221074,46.8944323
348,Felsőhangony,felsohangony,hamlet,20.199482,48.2323623
348,Alsóhangony,alsohangony,hamlet,20.1967254,48.2239447
348,Kállairét,kallairet,hamlet,21.6982192,47.8772891
348,Százkúttanya,szazkuttanya,hamlet,21.7708255,47.9318897
348,Kecskésdűlő,kecskesdulo,hamlet,21.7964607,47.9231113
348,Kozmikus Geodéziai Obszervatórium,kozmikus geodeziai obszervatorium,hamlet,19.2801744,47.7905801
348,Kisperjés,kisperjes,hamlet,19.5880866,47.4234999
348,Harnóczpuszta,harnoczpuszta,hamlet,20.5834328,48.2717928
348,Rázompuszta,razompuszta,hamlet,21.317842,48.0082208
348,Eszterág puszta,eszterag puszta,hamlet,18.2444608,45.9364004
348,Ófalu,ofalu,hamlet,17.7487726,46.8809562
348,Ibolya telep,ibolya telep,hamlet,20.6996669,48.2253998
348,Görögszállás,gorogszallas,hamlet,21.5571568,48.0394381
348,Fehérhát,feherhat,hamlet,21.1431797,46.840106
348,Hosszúfok,hosszufok,hamlet,21.1032685,46.846852
348,Csikóspuszta,csikospuszta,hamlet,20.6472051,46.2907205
348,Ciganski Kraj,ciganski kraj,hamlet,18.3574056,45.7506524
348,Tordák dűlő,tordak dulo,hamlet,19.1148512,47.7727718
348,Csiribpuszta,csiribpuszta,hamlet,18.637104,47.1587676
348,Alcsút Petőfi ltp,alcsut petofi ltp,hamlet,18.5831058,47.4090673
348,Erdőhát,erdohat,hamlet,18.8072835,47.3441404
348,Lijepa Greda,lijepa greda,hamlet,17.2126524,46.0752726
348,Karaška Luka,karaska luka,hamlet,17.1962087,46.0892893
348,Kingovo,kingovo,hamlet,17.201539,46.0853529
348,Bakovci,bakovci,hamlet,17.2227434,46.0687121
348,Štorgac,storgac,hamlet,17.2442057,46.0442095
348,Gajc,gajc,hamlet,17.2449179,46.0278901
348,Forgov,forgov,hamlet,17.2459587,46.0340846
348,Brodić,brodic,village,17.2511233,46.0204897
348,Vlaško polje,vlasko polje,hamlet,17.0759409,46.1834538
348,Bozdaš,bozdas,hamlet,17.0924368,46.1843278
348,Kerekitelep,kerekitelep,hamlet,21.3431793,46.8789537
348,Belsőújtelep,belsoujtelep,hamlet,20.6156301,46.4372802
348,Kardoskút-Pusztaközpont,kardoskut-pusztakozpont,hamlet,20.6514671,46.4834587
348,Somló üdülőfalu,somlo udulofalu,hamlet,18.3848782,47.4944269
348,Öreg szőlő,oreg szolo,hamlet,19.2549133,46.8855462
348,Sződligeti Horgásztelep,szodligeti horgasztelep,hamlet,19.1401389,47.7270056
348,Vidadomb,vidadomb,hamlet,19.3089131,47.4557282
348,Szalaska,szalaska,hamlet,19.3190835,47.45369
348,Központ,kozpont,hamlet,19.3205855,47.4454335
348,Telep,telep,hamlet,19.3134186,47.4407315
348,Kálváriadomb,kalvariadomb,hamlet,19.3105862,47.4501198
348,Cvik,cvik,hamlet,19.3031951,47.4546462
348,Újtelep,ujtelep,hamlet,19.3291471,47.4443306
348,Szőlőhegy,szolohegy,hamlet,19.3148992,47.4531386
348,Ipari park,ipari park,hamlet,19.3208859,47.4369145
348,Franićeva jada,franiceva jada,hamlet,17.3356216,45.989241
348,Loganj,loganj,hamlet,17.3416007,45.9793323
348,Jada,jada,hamlet,17.3346953,45.9747013
348,Ötház,othaz,hamlet,18.8538028,47.3901358
348,Forrástanya,forrastanya,hamlet,21.9188051,47.8848301
348,Újszőlőskert,ujszoloskert,hamlet,21.9217967,47.9027078
348,Szilaspuszta,szilaspuszta,hamlet,21.6557468,46.9636833
348,Magyarlaki szőlőhegy,magyarlaki szolohegy,hamlet,16.3442261,46.9448824
348,Kauzsay tanya,kauzsay tanya,hamlet,21.9311315,47.9109259
348,Sárgaháza,sargahaza,hamlet,22.2636763,47.8231448
348,Homoktanya,homoktanya,hamlet,21.738168,48.0763874
348,Újmajor,ujmajor,hamlet,19.620536,47.7692001
348,Jánosmajor,janosmajor,hamlet,17.3781846,46.2569037
348,Bokorhegyi üdülőtelep,bokorhegyi udulotelep,hamlet,21.8173963,47.5147306
348,Nagymáté,nagymate,hamlet,17.9798891,46.181212
348,Gárdonypuszta,gardonypuszta,hamlet,17.6930798,46.6220193
348,Egreskáta,egreskata,hamlet,19.779756,47.4399978
348,Felsőnyírvármajor,felsonyirvarmajor,hamlet,16.5696681,47.1180598
348,Peščani Zatonj,pescani zatonj,hamlet,17.5397678,45.9322661
348,Gulješ,guljes,hamlet,17.3595359,45.960662
348,Alsóöregszőlők,alsooregszolok,hamlet,19.454166,46.4120311
348,Kopaszhegy,kopaszhegy,hamlet,17.892208,46.8981321
348,Szőlőhegy,szolohegy,hamlet,17.5689004,47.1178276
348,Adorjántanya,adorjantanya,hamlet,20.841453,47.9506774
348,Gyömrőpuszta,gyomropuszta,hamlet,20.9161457,48.0452851
348,Godisa,godisa,hamlet,18.0855989,46.2292234
348,Felsőmindszent,felsomindszent,hamlet,18.0596244,46.2237605
348,Zrínyitelep,zrinyitelep,hamlet,17.1411247,46.2803426
348,Baromállásidűlő,baromallasidulo,hamlet,18.3594105,47.5994685
348,Anna major,anna major,hamlet,18.7628835,46.3397446
348,Nyámád puszta,nyamad puszta,hamlet,18.7369571,46.351219
348,Szekszárd-Józsefpuszta,szekszard-jozsefpuszta,hamlet,18.7743641,46.343653
348,Gagnadűlő,gagnadulo,hamlet,21.7115384,47.8639263
348,Szabadságbokor,szabadsagbokor,hamlet,21.6603871,47.9577762
348,Szőlőhegy,szolohegy,hamlet,18.6683065,46.0318807
348,Csobokapuszta,csobokapuszta,hamlet,17.9177694,45.946389
348,Vadászmajor,vadaszmajor,hamlet,18.7297263,46.4820603
348,Potkanovo,potkanovo,hamlet,18.2727098,47.7479068
348,Verbic-völgy,verbic-volgy,hamlet,18.9013307,47.8106229
348,Kováčov,kovacov,hamlet,18.7810559,47.8239182
348,Jégvermikert,jegvermikert,hamlet,21.1186413,46.7918877
348,Nagykert,nagykert,hamlet,21.1125774,46.7860089
348,Malomasszonykert,malomasszonykert,hamlet,21.1390809,46.7530029
348,Kóróssziget,korossziget,hamlet,21.3026801,47.0658521
348,Hényelpuszta,henyelpuszta,hamlet,19.5794499,47.8526767
348,Kánya-hegy,kanya-hegy,hamlet,17.4751421,47.4968125
348,Dobapuszta,dobapuszta,hamlet,20.3525781,47.2734306
348,Bónifok,bonifok,hamlet,18.8928416,46.3429407
348,Pálosszentkút,palosszentkut,hamlet,19.8458667,46.61305
348,Asszonyfa,asszonyfa,hamlet,16.394906,46.7231088
348,Tiborszeg,tiborszeg,hamlet,16.4053559,46.7239767
348,Domjánszeg,domjanszeg,hamlet,16.409862,46.7266096
348,Kisszeg,kisszeg,hamlet,16.4178228,46.7248739
348,Kölajvezeték V telep,kolajvezetek v telep,hamlet,18.2850265,47.0057044
348,Páltelek puszta,paltelek puszta,hamlet,19.6259862,47.7890952
348,Munkaterápiás Intézet,munkaterapias intezet,hamlet,18.9926201,47.6341605
348,Alsódiás,alsodias,hamlet,17.2926908,46.7685405
348,Vonyarc,vonyarc,hamlet,17.3122543,46.763252
348,Vashegy,vashegy,hamlet,17.3283821,46.7609748
348,Bajánsenye,bajansenye,village,16.3840838,46.8016087
348,Nagyfa,nagyfa,hamlet,20.2636501,46.3027954
348,Nagysismánd,nagysismand,hamlet,18.7236396,46.9414094
348,Terestyénfa,terestyenfa,hamlet,16.9582158,47.3455393
348,Rábakövesd,rabakovesd,hamlet,16.9502931,47.3298316
348,Csemerháza,csemerhaza,hamlet,17.9947321,47.6148506
348,Csetharaszt,csetharaszt,hamlet,19.5253336,47.1853085
348,Pénzes-hegy,penzes-hegy,hamlet,19.2980432,47.9456212
348,Németréti föld,nemetreti fold,hamlet,19.2887092,47.9521318
348,Oregsáne,oregsane,hamlet,16.9552178,46.250918
348,Sorkiújfalu,sorkiujfalu,hamlet,16.6671904,47.1343698
348,Sorkipolány,sorkipolany,hamlet,16.6809523,47.1379625
348,Rábamolnári,rabamolnari,hamlet,16.7819657,47.0833531
348,Rábaszenttamás,rabaszenttamas,hamlet,16.7916693,47.090174
348,Rábapüspöki,rabapuspoki,hamlet,16.8054327,47.091751
348,Horgásztanyák,horgasztanyak,hamlet,16.8324365,47.1083528
348,Csempeszháza,csempeszhaza,hamlet,16.8091528,47.1550897
348,Kopács,kopacs,hamlet,16.7998773,47.1521246
348,Buytkatelep,buytkatelep,hamlet,21.7254855,47.862965
348,Felsősima kűlterület,felsosima kulterulet,hamlet,21.5963013,47.9157398
348,Rozsrétbokor II,rozsretbokor ii,hamlet,21.7121907,47.8926718
348,Neszehíd,neszehid,hamlet,21.7658623,48.1594468
348,Mátyásbokor,matyasbokor,hamlet,21.6758605,48.020736
348,Púposhalom,puposhalom,hamlet,21.5471399,47.9848758
348,Zsindelyestanya,zsindelyestanya,hamlet,21.7109632,47.8188784
348,Sveti Florijan,sveti florijan,hamlet,17.0509115,46.1988796
348,Sveti Antun,sveti antun,hamlet,17.064299,46.1971389
348,Dravska,dravska,hamlet,17.0583618,46.194922
348,Kordovánbokor,kordovanbokor,hamlet,21.6652022,47.8937379
348,Bájibokor,bajibokor,hamlet,21.5187712,47.9518934
348,Zőldbokor,zoldbokor,hamlet,21.5147822,47.9506299
348,Belfibokor,belfibokor,hamlet,21.5605516,47.9480362
348,Táncsicsbokor,tancsicsbokor,hamlet,21.5736222,47.9521664
348,Ladánydűlő,ladanydulo,hamlet,21.8135758,47.9089302
348,Kismezőtanya,kismezotanya,hamlet,21.7925805,47.9723172
348,Szövetkezetitanya,szovetkezetitanya,hamlet,21.7586386,48.0127002
348,Szabadságtelep,szabadsagtelep,hamlet,21.5753493,48.0471728
348,Zőldmező TSZ,zoldmezo tsz,hamlet,21.8049823,47.8894907
348,Szirond,szirond,hamlet,21.822269,47.8520982
348,Felső-Sütvény,felso-sutveny,hamlet,18.2602451,46.4604511
348,Alsó-Sütvény,also-sutveny,hamlet,18.2618291,46.4461471
348,Csonkahegy,csonkahegy,hamlet,21.6983051,48.0433232
348,Szabadságtelep,szabadsagtelep,hamlet,21.6555368,48.0597714
348,Mónosokor,monosokor,hamlet,17.8968358,45.9207068
