country_id,name,name_norm,place,lon,lat
372,Garvary,garvary,hamlet,-7.5774441,54.3589668
372,Rosslare Harbour,rosslare harbour,village,-6.3401152,52.2497333
372,Carrick-on-Shannon,carrick-on-shannon,town,-8.0952772,53.9441461
372,Ballyleague,ballyleague,village,-7.9954124,53.6753208
372,Ballinahown,ballinahown,village,-7.8490283,53.3504097
372,Horseleap,horseleap,village,-7.5814989,53.3926367
372,Kilruane,kilruane,village,-8.1368806,52.8945265
372,Ballyogan,ballyogan,village,-6.1971705,53.2582951
372,Ballinrobe,ballinrobe,town,-9.2220833,53.6240883
372,Fenit,fenit,village,-9.8644109,52.2766382
372,Bellewstown,bellewstown,village,-6.3486621,53.6454553
372,Iaráirne,iarairne,hamlet,-9.6511659,53.0987292
372,Rathangan,rathangan,village,-6.9929735,53.2203302
372,Ballylaneen,ballylaneen,hamlet,-7.399231,52.1731687
372,An Clochán Liath,an clochan liath,town,-8.3597405,54.9506706
372,Emyvale,emyvale,village,-6.9593554,54.3407498
372,Bangor Erris,bangor erris,village,-9.7427281,54.1444001
372,Murrisk,murrisk,village,-9.6354075,53.7790044
372,An Baile Thiar,an baile thiar,village,-8.2272976,55.2649716
372,Arklow,arklow,town,-6.1540035,52.798221
372,Crinkill,crinkill,village,-7.8987379,53.0778755
372,Béal an Mhuirthead,beal an mhuirthead,town,-9.9872173,54.22411
372,Midleton,midleton,town,-8.1700962,51.9142741
372,Rossduff,rossduff,hamlet,-7.021389,52.199722
372,Ardagh,ardagh,village,-9.0630561,52.494444
372,Ballyhooly,ballyhooly,village,-8.3978625,52.1441412
372,Ferns,ferns,town,-6.4952889,52.5897916
372,Dromineer,dromineer,village,-8.2765168,52.9243713
372,Pointe,pointe,hamlet,-9.5893644,53.2410294
372,Brittas,brittas,village,-6.4541965,53.2360108
372,Clane,clane,town,-6.6861147,53.2911753
372,Shannon,shannon,town,-8.8788366,52.7104544
372,Stradbally,stradbally,town,-7.1499661,53.0160548
372,Killorglin,killorglin,town,-9.7867881,52.1061973
372,Clonkeen,clonkeen,village,-9.2967956,51.9883463
372,Millbrook,millbrook,hamlet,-7.1671207,53.7500237
372,Eanach Dhúin,eanach dhuin,village,-9.068852,53.3866665
372,Milford,milford,village,-8.8560775,52.3408811
372,Ballinagleragh,ballinagleragh,village,-8.0057339,54.1564692
372,Swanlinbar,swanlinbar,village,-7.704444,54.194722
372,Casla,casla,village,-9.5529889,53.2885187
372,Abbeyfeale,abbeyfeale,town,-9.301549,52.3847629
372,Bridgend,bridgend,village,-7.3791898,55.0413841
372,Ros Dumhach,ros dumhach,village,-9.799722,54.281667
372,Ballinspittle,ballinspittle,village,-8.5955782,51.666677
372,Bunclody,bunclody,town,-6.6520502,52.6551145
372,Laytown,laytown,village,-6.239167,53.681944
372,Carrigkerry,carrigkerry,village,-9.1476629,52.4942655
372,Kilbaha,kilbaha,hamlet,-9.8753652,52.5673986
372,Glenville,glenville,village,-8.424722,52.043889
372,An Fód Dubh,an fod dubh,hamlet,-10.070278,54.100278
372,Ailt an Chorráin,ailt an chorrain,village,-8.4225429,54.9811945
372,Ballybofey,ballybofey,town,-7.7819496,54.7990639
372,Tydavnet,tydavnet,village,-7.0151348,54.2969425
372,Ballinamore,ballinamore,town,-7.8003268,54.0526883
372,Kilmeague,kilmeague,village,-6.8395794,53.2507957
372,Letterkenny,letterkenny,town,-7.7354368,54.9517941
372,Ballylongford,ballylongford,village,-9.4750396,52.5459637
372,Bailieborough,bailieborough,town,-6.9707125,53.9168576
372,Knockvicar,knockvicar,hamlet,-8.1944669,53.9991721
372,Burnfoot,burnfoot,village,-7.4051055,55.0583559
372,Milltownpass,milltownpass,village,-7.2441662,53.4420544
372,Errill,errill,village,-7.6779118,52.8599041
372,Buttevant,buttevant,town,-8.6704936,52.23317
372,Carracastle,carracastle,village,-8.6925,53.950278
372,Dromod,dromod,village,-7.9206135,53.8573843
372,Oldcastle,oldcastle,town,-7.1625368,53.7692495
372,Garryvoe,garryvoe,village,-8.0027265,51.8600728
372,Broadford,broadford,village,-8.6338474,52.805536
372,Killurin,killurin,village,-6.5785299,52.3837871
372,Gort,gort,town,-8.8195236,53.0669917
372,Clonegal,clonegal,village,-6.6483943,52.695444
372,Ballinameen,ballinameen,village,-8.3022343,53.897051
372,Arles,arles,village,-7.0195019,52.8923041
372,Scotshouse,scotshouse,village,-7.2486101,54.1225169
372,Killurin,killurin,hamlet,-7.5533468,53.2148347
372,Ballinagar,ballinagar,village,-7.3379011,53.2660341
372,Ballineanig,ballineanig,hamlet,-10.3917978,52.1629541
372,Ardrahan,ardrahan,village,-8.8059911,53.15675
372,Abbeyleix,abbeyleix,town,-7.3482153,52.9144763
372,Hugginstown,hugginstown,village,-7.2516823,52.4516236
372,Killanena,killanena,hamlet,-8.701667,52.986111
372,Pettigo,pettigo,village,-7.8321522,54.5494414
372,Williamstown,williamstown,village,-8.5786917,53.6779163
372,Ballyroan,ballyroan,village,-7.3051573,52.9480957
372,Glaslough,glaslough,village,-6.8950858,54.3172593
372,Strandhill,strandhill,village,-8.5942985,54.2699517
372,Ballymahon,ballymahon,town,-7.7617266,53.5617282
372,Tallanstown,tallanstown,village,-6.547758,53.9195878
372,Rathvilly,rathvilly,village,-6.6944791,52.8807968
372,Castlemaine,castlemaine,town,-9.7011826,52.1685671
372,Glynn,glynn,village,-6.5832293,52.3729473
372,Manulla,manulla,village,-9.1798204,53.8367877
372,Donard,donard,village,-6.6130514,53.0223442
372,Port an Chlóidh,port an chloidh,hamlet,-9.7878908,54.3306592
372,Cooraclare,cooraclare,village,-9.4208264,52.7008367
372,Crossakeel,crossakeel,village,-7.0218205,53.7142143
372,Carrickboy,carrickboy,hamlet,-7.6858935,53.6324953
372,Doonbeg,doonbeg,village,-9.5297119,52.7309073
372,Scartaglen,scartaglen,village,-9.4070006,52.1804121
372,Drumlea,drumlea,hamlet,-7.7274962,54.0173966
372,Ballaghaderreen,ballaghaderreen,town,-8.5788648,53.9013669
372,Leitrim,leitrim,village,-8.065392,53.9905176
372,Ballinamuck,ballinamuck,village,-7.716667,53.866667
372,Mullingar,mullingar,town,-7.341304,53.525822
372,Stamullen,stamullen,village,-6.2622712,53.6285486
372,Duncannon,duncannon,village,-6.9335442,52.2211436
372,Bawnboy,bawnboy,village,-7.6757074,54.1212699
372,Bruff,bruff,village,-8.5474944,52.4755288
372,Mullagh,mullagh,village,-9.4148971,52.8004132
372,An Caorán Mór,an caoran mor,hamlet,-9.5850082,53.2563562
372,Inchigeelagh,inchigeelagh,village,-9.1269796,51.8420889
372,Killea,killea,hamlet,-7.8717547,52.8249081
372,Timahoe,timahoe,village,-7.2017883,52.9611523
372,Kilberry,kilberry,village,-7.0197487,53.0449153
372,Duncormick,duncormick,village,-6.6531555,52.2295313
372,Newport,newport,village,-8.4061436,52.710714
372,Tullaroan,tullaroan,village,-7.4382848,52.6621702
372,Twomileborris,twomileborris,village,-7.72,52.671667
372,Ballydehob,ballydehob,village,-9.4607391,51.5621926
372,Baltinglass,baltinglass,town,-6.7083978,52.9401946
372,Dernagree,dernagree,hamlet,-9.0321957,52.1208041
372,Clogher,clogher,village,-9.2258163,53.7599917
372,Carnaross,carnaross,village,-6.9564381,53.7513547
372,Virginia,virginia,town,-7.0831588,53.8350708
372,Bréanainn,breanainn,village,-10.1621784,52.2673916
372,Waterville,waterville,village,-10.1718452,51.8271274
372,Brosna,brosna,hamlet,-7.8881852,52.9913787
372,Glounthaune,glounthaune,village,-8.3359594,51.9116039
372,Tullamore,tullamore,town,-7.4927486,53.2743768
372,Drumsna,drumsna,village,-8.0077686,53.9270301
372,Durrow,durrow,town,-7.3957085,52.8456582
372,Cleggan,cleggan,village,-10.11069,53.5564592
372,Correllstown,correllstown,hamlet,-7.1729558,53.4823512
372,Corrofin,corrofin,hamlet,-8.8613614,53.437638
372,Drommartin,drommartin,hamlet,-9.6952323,52.4289057
372,Kildorrery,kildorrery,village,-8.4271099,52.246173
372,Lisgoold,lisgoold,village,-8.2176018,51.9735796
372,Cliffoney,cliffoney,village,-8.4538229,54.4302562
372,Kilnamona,kilnamona,hamlet,-9.080556,52.867778
372,Courtmacsherry,courtmacsherry,village,-8.7000873,51.6333396
372,Spink,spink,hamlet,-7.2219805,52.9018767
372,Easky,easky,village,-8.9599351,54.2853714
372,Ballyheigue,ballyheigue,village,-9.8352402,52.3892873
372,Killeagh,killeagh,village,-7.9936609,51.9414959
372,Crosskeys,crosskeys,village,-7.2651761,53.9190466
372,Mount Talbot,mount talbot,hamlet,-8.2825268,53.5303013
372,Waterville,waterville,hamlet,-9.026712,52.5342402
372,Mountrath,mountrath,town,-7.4742852,53.0012446
372,Castledermot,castledermot,town,-6.8368376,52.9119491
372,Goresbridge,goresbridge,village,-6.9934713,52.6301898
372,Scramoge,scramoge,village,-8.0503433,53.7675294
372,Pallasgreen,pallasgreen,village,-8.3379697,52.5679529
372,Ballyfad,ballyfad,village,-6.2687845,52.7674865
372,An Caorán Beag,an caoran beag,hamlet,-9.5872306,53.2461729
372,Rathowen,rathowen,village,-7.5197224,53.6554046
372,Avoca,avoca,village,-6.2130259,52.8572265
372,Bundoran,bundoran,town,-8.278252,54.4788836
372,Keel,keel,village,-10.085191,53.9733139
372,Ennistymon,ennistymon,town,-9.2932061,52.9401873
372,Drumshanbo,drumshanbo,town,-8.0401507,54.0467406
372,Lisdoonvarna,lisdoonvarna,town,-9.2895114,53.0294117
372,Loughglinn,loughglinn,village,-8.5638829,53.8231265
372,Carrickroe,carrickroe,village,-7.0274452,54.3572349
372,Ballyhack,ballyhack,village,-6.9682764,52.2452333
372,Dunlavin,dunlavin,village,-6.7015871,53.0576351
372,Murrintown,murrintown,village,-6.521939,52.2871894
372,Allenwood,allenwood,village,-6.8610887,53.28391
372,Goleen,goleen,village,-9.7112645,51.4950346
372,Conna,conna,village,-8.1099774,52.0925044
372,Kells,kells,town,-6.8767883,53.7271798
372,Coill Dubh,coill dubh,village,-6.8160187,53.2932362
372,Grange Con,grange con,village,-6.7436951,52.9972622
372,Ballina,ballina,town,-9.1532099,54.1143359
372,Drommahane,drommahane,village,-8.6907718,52.1052051
372,Rylane Cross,rylane cross,village,-8.8410749,51.9840752
372,Donegal,donegal,town,-8.1102616,54.6537924
372,Horse and Jockey,horse and jockey,village,-7.775278,52.616389
372,Hollyford,hollyford,village,-8.1120165,52.6326722
372,Aglish,aglish,village,-7.8219084,52.0706535
372,Monasterevin,monasterevin,town,-7.0634579,53.1426514
372,Barraduff,barraduff,village,-9.336189,52.0600275
372,Windgap,windgap,village,-7.3972298,52.4617936
372,Ballingarry,ballingarry,village,-7.5418999,52.5865294
372,Ballyhean,ballyhean,village,-9.3153008,53.7935147
372,New Inn,new inn,village,-7.8823796,52.4407127
372,Walterstown,walterstown,village,-6.5540602,53.611343
372,Na Forbacha,na forbacha,village,-9.2079295,53.2488923
372,An Fál Carrach,an fal carrach,town,-8.104027,55.1363986
372,Knockainey,knockainey,village,-8.4701294,52.473293
372,Mountcollins,mountcollins,village,-9.233333,52.316667
372,Carriganimmy,carriganimmy,village,-9.0359938,51.9781426
372,Hollyfort,hollyfort,village,-6.3475984,52.7160701
372,Freemount,freemount,village,-8.8853683,52.276791
372,Skerries,skerries,town,-6.1066867,53.5806379
372,Ardcrony,ardcrony,village,-8.1569908,52.9350937
372,Ballygarrett,ballygarrett,village,-6.2299249,52.5731982
372,Glenbrien,glenbrien,village,-6.5014615,52.4609689
372,Templemore,templemore,town,-7.833889,52.794722
372,Ballymurn,ballymurn,village,-6.4762013,52.4407733
372,Castlebar,castlebar,town,-9.297967,53.8568418
372,Knock,knock,town,-8.9193547,53.7947992
372,Baile na nGall,baile na ngall,village,-10.3747897,52.1905735
372,Adare,adare,village,-8.7923958,52.5636631
372,Granard,granard,town,-7.4910079,53.779362
372,Maynooth,maynooth,town,-6.5922806,53.3830239
372,Old Pallas,old pallas,village,-8.3541631,52.5483893
372,Tobercurry,tobercurry,town,-8.730565,54.0539302
372,Mullinahone,mullinahone,village,-7.5056022,52.5122965
372,Cross,cross,village,-9.2156617,53.5413149
372,Killachonna,killachonna,hamlet,-7.7469001,53.4114663
372,Nicker,nicker,hamlet,-8.3547741,52.5618683
372,Tievemore,tievemore,hamlet,-7.766667,54.583333
372,Ballyboughal,ballyboughal,village,-6.2674973,53.5205236
372,Ballyragget,ballyragget,village,-7.3343201,52.7887862
372,Crookstown,crookstown,village,-8.8310263,51.8413698
372,Raphoe,raphoe,town,-7.599543,54.8735295
372,Bansha,bansha,village,-8.0639384,52.4478055
372,Ballyvary,ballyvary,village,-9.15033,53.8952489
372,Cootehall,cootehall,village,-8.1588994,53.9849175
372,Oulart,oulart,village,-6.3916482,52.5034251
372,Termonfeckin,termonfeckin,village,-6.271401,53.7615172
372,An Chorrchloch,an chorrchloch,hamlet,-10.039477,54.2539454
372,Ballybunion,ballybunion,town,-9.6701424,52.5111587
372,Sallins,sallins,town,-6.665686,53.249033
372,Borris,borris,village,-6.9202139,52.5987984
372,Ballysloe,ballysloe,hamlet,-7.6096425,52.6370578
372,Cloghan,cloghan,town,-7.8825828,53.2248823
372,Carrowmenagh,carrowmenagh,hamlet,-7.0695981,55.2599766
372,Fedamore,fedamore,village,-8.6026924,52.5453986
372,Kilbride,kilbride,village,-6.3952809,53.4550427
372,Belturbet,belturbet,town,-7.4440418,54.1007391
372,Birdhill,birdhill,village,-8.4377757,52.767251
372,Ballinabrackey,ballinabrackey,hamlet,-7.1326228,53.416656
372,Tulsk,tulsk,village,-8.2514448,53.7776262
372,Cloontuskert,cloontuskert,village,-8.0116494,53.6992213
372,Graiguenamanagh,graiguenamanagh,town,-6.9553993,52.5406101
372,Cill Chiaráin,cill chiarain,village,-9.735278,53.325833
372,Baile Órthaí,baile orthai,hamlet,-6.7913145,53.7220805
372,Annayalla,annayalla,village,-6.7904527,54.1604232
372,Kincasslagh,kincasslagh,hamlet,-8.3929896,55.0258173
372,Whitechurch,whitechurch,village,-6.9614221,52.3207325
372,Laragh,laragh,village,-6.2976441,53.0083959
372,Killeigh,killeigh,village,-7.4496184,53.2136157
372,Maigh Cuilinn,maigh cuilinn,village,-9.1790603,53.3377067
372,Slane,slane,village,-6.5431923,53.7085594
372,Ahascragh,ahascragh,village,-8.332594,53.3973146
372,Newbawn,newbawn,village,-6.7905431,52.3428999
372,Rathgormack,rathgormack,village,-7.4986519,52.305461
372,Belclare,belclare,hamlet,-8.9383389,53.492163
372,Figart Upper,figart upper,hamlet,-7.6306034,54.8621857
372,Irishtown,irishtown,village,-8.8880037,53.6626542
372,Schull,schull,village,-9.5469428,51.5271026
372,Monamolin,monamolin,village,-6.3485775,52.5563021
372,Ballingarrane,ballingarrane,hamlet,-8.9351201,52.5490677
372,Curragha,curragha,village,-6.4418666,53.5404625
372,Laghy,laghy,village,-8.0884261,54.6156354
372,Skehana,skehana,hamlet,-8.6358468,53.4151751
372,Glenbrook,glenbrook,village,-8.3345983,51.8612519
372,Ballinaboola,ballinaboola,village,-6.8375031,52.3692234
372,Kilrane,kilrane,village,-6.355294,52.2420146
372,Geashill,geashill,village,-7.3221015,53.2353767
372,Liscannor,liscannor,village,-9.3914645,52.9385765
372,Woodenbridge,woodenbridge,village,-6.2345771,52.8316787
372,Bunnanaddan,bunnanaddan,village,-8.6054085,54.0521319
372,Tully Cross,tully cross,village,-9.9631706,53.588386
372,Knockbridge,knockbridge,village,-6.4869129,53.9713873
372,Bunmahon,bunmahon,village,-7.3708525,52.1398615
372,Edenderry,edenderry,town,-7.0488576,53.3433656
372,Gort a' Choirce,gort a' choirce,village,-8.1344091,55.119517
372,Mungret,mungret,village,-8.6923876,52.6358249
372,Monaghan,monaghan,town,-6.9688855,54.2485576
372,Kilmihil,kilmihil,village,-9.3200969,52.7213091
372,Dunboyne,dunboyne,town,-6.4760189,53.4194359
372,Carbury,carbury,village,-6.9627118,53.3558412
372,Bodyke,bodyke,hamlet,-8.6010216,52.884454
372,Bettystown,bettystown,village,-6.2444156,53.6982898
372,Coon,coon,village,-7.1186003,52.7869949
372,Cappawhite,cappawhite,village,-8.1661357,52.5816765
372,Cashel,cashel,town,-7.8879311,52.5167478
372,Ballylynan,ballylynan,village,-7.042222,52.943611
372,Scotstown,scotstown,village,-7.067498,54.2775945
372,Clones,clones,town,-7.2320729,54.1792105
372,Pollagh,pollagh,village,-10.1077656,53.9726103
372,Doohamlet,doohamlet,village,-6.8240494,54.1287916
372,Churchtown,churchtown,hamlet,-9.065245,52.4567251
372,Crosshaven,crosshaven,village,-8.2953269,51.8023829
372,Quin,quin,village,-8.8670162,52.8190491
372,Cornafulla,cornafulla,hamlet,-8.0040846,53.3757928
372,Killygordon,killygordon,village,-7.683303,54.7972
372,Moydow,moydow,village,-7.7883618,53.6637899
372,Fanore,fanore,village,-9.2840825,53.1164816
372,Ballypatrick,ballypatrick,hamlet,-7.545833,52.393611
372,Leitir Mhic an Bhaird,leitir mhic an bhaird,village,-8.316389,54.848056
372,Gormanston,gormanston,hamlet,-6.234911,53.6400914
372,Dromina,dromina,village,-8.8022158,52.3137064
372,Annagassan,annagassan,village,-6.3432698,53.8825341
372,Kilskyre,kilskyre,village,-6.9969955,53.6924123
372,Monaseed,monaseed,village,-6.3953407,52.7227226
372,Upperchurch,upperchurch,hamlet,-8.0192037,52.7019001
372,Coolcoosaun,coolcoosaun,hamlet,-8.5345942,52.9255824
372,Whitechurch,whitechurch,village,-8.513889,51.981389
372,Tulla,tulla,village,-8.7595259,52.8666937
372,Kilcummin,kilcummin,village,-9.4712021,52.0986232
372,Hacketstown,hacketstown,village,-6.5593626,52.8652459
372,Stroove,stroove,hamlet,-6.9317125,55.2288807
372,Drum,drum,hamlet,-7.1438886,54.1041278
372,Carlanstown,carlanstown,village,-6.8409816,53.7604292
372,Ballacolla,ballacolla,village,-7.4467716,52.8825907
372,Crossabeg,crossabeg,village,-6.5005844,52.3840514
372,Buncrana,buncrana,town,-7.453109,55.1353624
372,Baile Mhic Íre,baile mhic ire,village,-9.1456256,51.9360369
372,Greenore,greenore,village,-6.1334035,54.0326495
372,Kilchreest,kilchreest,village,-8.6527642,53.1784884
372,Dingle Daingean Uí Chúis,dingle daingean ui chuis,town,-10.2687161,52.1407781
372,Newmarket on Fergus,newmarket on fergus,town,-8.8961465,52.7605895
372,Ballyglass,ballyglass,village,-9.1728984,53.7402938
372,Knocktopher,knocktopher,village,-7.2176975,52.486162
372,Wellingtonbridge,wellingtonbridge,village,-6.7500582,52.2667111
372,Broadford,broadford,village,-8.9749829,52.3463495
372,Castletownbere,castletownbere,town,-9.9104925,51.6514159
372,Riverchapel,riverchapel,village,-6.2342734,52.6372385
372,Rerrin,rerrin,village,-9.8165074,51.6353046
372,Holycross,holycross,village,-7.8670349,52.6382731
372,Attanagh,attanagh,village,-7.3470348,52.8337461
372,Kildare,kildare,town,-6.9117199,53.1568465
372,Ballinalack,ballinalack,village,-7.4695299,53.6282387
372,Donaskeigh,donaskeigh,hamlet,-8.0823938,52.5217668
372,Mahoonagh,mahoonagh,hamlet,-9.0100013,52.4305806
372,Frenchpark,frenchpark,village,-8.407222,53.8694829
372,Mountbellew,mountbellew,town,-8.5019101,53.4695021
372,Bunbrosna,bunbrosna,hamlet,-7.4347059,53.6082832
372,Fore,fore,village,-7.2263083,53.6805181
372,Indreabhán,indreabhan,village,-9.4309909,53.2408608
372,Ballymacarbry,ballymacarbry,village,-7.7209844,52.2676063
372,Elton,elton,village,-8.4578829,52.4262497
372,Cill Ghallagáin,cill ghallagain,village,-9.8442992,54.3113665
372,Clohamon,clohamon,village,-6.620985,52.6368458
372,Dungarvan,dungarvan,town,-7.6210306,52.0897488
372,Blacklion,blacklion,village,-7.8762017,54.2915617
372,Mohill,mohill,town,-7.8653154,53.9217979
372,Tombrack,tombrack,village,-6.5488937,52.6030514
372,Roosky,roosky,village,-7.9268047,53.832305
372,An Fhairche,an fhairche,village,-9.3652241,53.5452038
372,Bray,bray,town,-6.1105049,53.2014604
372,Duleek,duleek,village,-6.4147493,53.656337
372,Newtown,newtown,hamlet,-7.6185257,53.3991876
372,Rathcoffey,rathcoffey,village,-6.6789836,53.3343227
372,Castletown,castletown,village,-7.4942504,52.9779105
372,Castlecoote,castlecoote,hamlet,-8.2919653,53.6131563
372,Leixlip,leixlip,town,-6.4897438,53.3644766
372,Navan,navan,town,-6.6840434,53.6530941
372,Fethard,fethard,town,-7.691111,52.467222
372,Attymass,attymass,village,-9.0829122,54.0511738
372,Mountbolus,mountbolus,village,-7.6289642,53.1964828
372,Myshall,myshall,village,-6.7804072,52.685748
372,Castlecomer,castlecomer,town,-7.210579,52.8060939
372,Kilcullen,kilcullen,town,-6.7456446,53.1305819
372,Newcestown,newcestown,village,-8.8695481,51.7820652
372,Killea,killea,village,-7.4093891,54.9779914
372,Oranmore,oranmore,town,-8.9284158,53.2683526
372,Rosslare,rosslare,village,-6.3869031,52.2735675
372,Kilbeggan,kilbeggan,town,-7.4979792,53.3681414
372,Lismire,lismire,hamlet,-8.9470862,52.2274334
372,Liscarroll,liscarroll,village,-8.8040051,52.2604585
372,Calverstown,calverstown,village,-6.7985688,53.0824929
372,Ros Muc,ros muc,village,-9.615833,53.350278
372,An Caiseal,an caiseal,village,-8.728503,54.7064907
372,Headford,headford,town,-9.1070527,53.4693403
372,Riverstick,riverstick,village,-8.4959018,51.7726282
372,Convoy,convoy,village,-7.664132,54.8602564
372,Slieverue,slieverue,village,-7.0681903,52.2852481
372,Clonakilty,clonakilty,town,-8.8870112,51.6229346
372,Moylough,moylough,village,-8.5678014,53.4880839
372,Hollywood,hollywood,village,-6.597554,53.092046
372,Doon,doon,village,-8.2485219,52.6043925
372,Clonsilla,clonsilla,village,-6.416667,53.383333
372,Castleblayney,castleblayney,town,-6.7389328,54.1201142
372,Kilmaine,kilmaine,village,-9.1219306,53.5800023
372,New Birmingham,new birmingham,village,-7.6398864,52.6172179
372,Campile,campile,village,-6.9413398,52.2879607
372,Kells,kells,village,-7.2733725,52.5396591
372,Abbeylara,abbeylara,village,-7.4490178,53.7652801
372,Lackagh,lackagh,village,-8.8904238,53.370283
372,Carrigaholt,carrigaholt,village,-9.7104665,52.6039992
372,Fahan,fahan,village,-7.474167,55.088611
372,Stradone,stradone,village,-7.2359584,53.982871
372,Rathmullan,rathmullan,village,-7.540278,55.093889
372,Carrigans,carrigans,village,-7.4294746,54.9509259
372,Caherlistrane,caherlistrane,hamlet,-9.021985,53.4917875
372,Vicarstown,vicarstown,village,-7.0854211,53.0514949
372,The Harrow,the harrow,village,-6.4445063,52.5642453
372,Creeslough,creeslough,village,-7.9078234,55.122438
372,Balscaddan,balscaddan,village,-6.2310327,53.6180998
372,Srah,srah,hamlet,-7.7455993,53.286377
372,Mansfieldstown,mansfieldstown,village,-6.4502183,53.9058305
372,Dungourney,dungourney,village,-8.0969278,51.9683623
372,Woodford,woodford,village,-8.399454,53.0521806
372,Tomhaggard,tomhaggard,village,-6.4939063,52.2155749
372,Malahide,malahide,town,-6.15367,53.4508401
372,Cloyne,cloyne,town,-8.1208599,51.8632525
372,Leap,leap,village,-9.1433393,51.5810635
372,Kilmovee,kilmovee,village,-8.6883263,53.88875
372,Baile Chláir,baile chlair,village,-8.9462388,53.3404819
372,Keshcarrigan,keshcarrigan,village,-7.943333,54.017778
372,Shanagolden,shanagolden,village,-9.09996,52.5738934
372,Dún Chaoin,dun chaoin,village,-10.4539983,52.1336541
372,Charlestown,charlestown,hamlet,-7.6073001,53.3406508
372,Derryheena,derryheena,hamlet,-8.8386606,52.9270343
372,Celbridge,celbridge,town,-6.5396223,53.3383004
372,Drumcliff,drumcliff,village,-8.5001502,54.3285784
372,Ballyclogh,ballyclogh,village,-8.7414493,52.1672872
372,Glenisland,glenisland,village,-9.406389,53.900833
372,Blessington,blessington,town,-6.5330892,53.1726046
372,Westport,westport,town,-9.520218,53.8000645
372,Athenry,athenry,town,-8.7468297,53.2991901
372,Thurles,thurles,town,-7.8151008,52.6801547
372,Mayglass,mayglass,village,-6.5120419,52.2442167
372,Newcastle,newcastle,village,-6.0638874,53.0711432
372,Ballyvaughan,ballyvaughan,village,-9.1487092,53.1152862
372,Manorhamilton,manorhamilton,town,-8.1754431,54.3040414
372,Garvagh,garvagh,village,-7.8578496,53.9801685
372,Whitegate,whitegate,hamlet,-8.3726606,52.950971
372,Castletown Geoghegan,castletown geoghegan,village,-7.4857557,53.4447178
372,Patrickswell,patrickswell,village,-8.708889,52.597222
372,Clontibret,clontibret,village,-6.8515505,54.216268
372,Cnoc Fola,cnoc fola,hamlet,-8.28,55.142222
372,Bunnyconnellan,bunnyconnellan,village,-9.0245158,54.1096925
372,Clashmore,clashmore,village,-7.8193151,52.0089017
372,Castledockrell,castledockrell,village,-6.6063796,52.5834317
372,Rathmore,rathmore,village,-9.2186143,52.0843219
372,Athboy,athboy,town,-6.9185291,53.6227768
372,Greencastle,greencastle,village,-6.981019,55.2036701
372,Enniskerry,enniskerry,village,-6.1703572,53.1927323
372,Leighlinbridge,leighlinbridge,village,-6.9766258,52.7360233
372,Bullaun,bullaun,hamlet,-8.5542296,53.2477718
372,Batterstown,batterstown,village,-6.5375207,53.4699826
372,Cahir,cahir,town,-7.92424,52.3749915
372,Milford,milford,town,-7.6989323,55.0879227
372,Ballinalee,ballinalee,village,-7.6580453,53.7755877
372,Annacarty,annacarty,hamlet,-8.110278,52.564444
372,Drumconrath,drumconrath,village,-6.6533283,53.8501294
372,Ballyneety,ballyneety,village,-8.5487286,52.5975274
372,Claddaghduff,claddaghduff,village,-10.141667,53.544444
372,Asdee,asdee,village,-9.5600625,52.5519029
372,Feakle,feakle,village,-8.6483386,52.9253535
372,Aghavannagh,aghavannagh,hamlet,-6.4162356,52.9160383
372,Ballinhassig,ballinhassig,village,-8.5285968,51.8121921
372,Fenor,fenor,hamlet,-7.2279759,52.161294
372,Dumha Éige,dumha eige,village,-10.0270459,53.9220882
372,Wexford,wexford,town,-6.4601397,52.3367671
372,Saint Johnston,saint johnston,village,-7.4582401,54.9345187
372,Bridgetown,bridgetown,village,-6.552791,52.2313256
372,Ballintubbert,ballintubbert,village,-7.0859065,52.9834744
372,Ballygar,ballygar,village,-8.3261381,53.5223233
372,Shannonbridge,shannonbridge,village,-8.0461136,53.2795788
372,Beaufort,beaufort,village,-9.6366468,52.0689701
372,Corofin,corofin,village,-9.0632268,52.9446534
372,Knocknagashel,knocknagashel,village,-9.3814903,52.3314515
372,Crossmolina,crossmolina,town,-9.316667,54.1
372,Leckemy,leckemy,village,-7.083333,55.233333
372,Naul,naul,village,-6.2902682,53.5861596
372,Killashandra,killashandra,village,-7.5286568,54.0146118
372,Terryglass,terryglass,village,-8.2055297,53.0553396
372,Robertstown,robertstown,village,-6.8161946,53.2697889
372,Caherconlish,caherconlish,village,-8.471989,52.5935697
372,Bree,bree,village,-6.6089264,52.4349526
372,Rathdrum,rathdrum,town,-6.2313761,52.9316289
372,Breaghwy,breaghwy,village,-9.2395978,53.8490149
372,Moone,moone,village,-6.815744,52.974503
372,Kinnegad,kinnegad,town,-7.1011946,53.4548146
372,Birr,birr,town,-7.9109221,53.0961172
372,Dundrum,dundrum,village,-8.0452754,52.5602364
372,Newbliss,newbliss,village,-7.1365822,54.157845
372,Riverstown,riverstown,village,-7.9243211,53.0827095
372,Killenard,killenard,village,-7.1473275,53.1328299
372,Cloondara,cloondara,village,-7.9058872,53.7312673
372,Holycross,holycross,hamlet,-8.5406687,52.5069245
372,Rockchapel,rockchapel,village,-9.1436056,52.2891183
372,Portlaoise,portlaoise,town,-7.3000591,53.0340093
372,Derrinturn,derrinturn,village,-6.9399588,53.3394986
372,Inniskeen,inniskeen,village,-6.5795505,54.0031722
372,Kilcock,kilcock,town,-6.667352,53.4003472
372,Rosbercon,rosbercon,village,-6.950414,52.3981098
372,Kiltealy,kiltealy,village,-6.7458751,52.5652381
372,Gowran,gowran,village,-7.068804,52.6282095
372,Tullyderrin,tullyderrin,hamlet,-8.076667,54.385833
372,Kilfinane,kilfinane,village,-8.4724306,52.3592022
372,Newmarket,newmarket,town,-8.9988708,52.214904
372,Silvermines,silvermines,village,-8.2387156,52.7928753
372,Lanesborough,lanesborough,village,-7.9895762,53.6728533
372,Galbally,galbally,village,-8.2958346,52.401488
372,Ballyliffin,ballyliffin,village,-7.3933812,55.2806113
372,Upton,upton,hamlet,-8.6738888,51.788454
372,Drom,drom,village,-7.8966489,52.7674904
372,Doneraile,doneraile,village,-8.5848179,52.2171403
372,Ceathrú na gCloch,ceathru na gcloch,hamlet,-9.8294109,54.3101878
372,Royaloak,royaloak,village,-6.9852508,52.7027501
372,Rathcool,rathcool,hamlet,-8.9756696,52.0959338
372,Shannon Harbour,shannon harbour,village,-7.9517092,53.2216586
372,Burncourt,burncourt,village,-8.0798362,52.3116835
372,Ballineen,ballineen,village,-8.9508703,51.7356014
372,Drogheda,drogheda,town,-6.3524183,53.7149877
372,Aughrim,aughrim,village,-8.3165156,53.3038135
372,Kinnitty,kinnitty,village,-7.7204515,53.0977181
372,Crossdoney,crossdoney,village,-7.4353377,53.9541528
372,Kilmeedy,kilmeedy,village,-8.9162219,52.415289
372,Knocklong,knocklong,village,-8.4107217,52.4371625
372,Nad,nad,village,-8.8349258,52.0706939
372,Bohermeen,bohermeen,village,-6.801944,53.662778
372,Lorrha,lorrha,village,-8.1218363,53.0927421
372,Portnablagh,portnablagh,village,-7.929444,55.178056
372,Lahardane,lahardane,village,-9.3216581,54.0282478
372,Killarney,killarney,town,-9.505322,52.0595746
372,Na Gleannta,na gleannta,village,-8.2839273,54.7972091
372,Ahafona,ahafona,hamlet,-9.6584562,52.5064067
372,Castlebaldwin,castlebaldwin,village,-8.3763373,54.0795527
372,Creggs,creggs,village,-8.3623874,53.5941595
372,Kill,kill,village,-6.589208,53.2487139
372,Dunmore East,dunmore east,village,-6.9947314,52.1488395
372,An Clochar,an clochar,hamlet,-10.0802297,54.1315207
372,Fermoy,fermoy,town,-8.275223,52.1381665
372,Valleymount,valleymount,village,-6.5249835,53.1067943
372,Timolin,timolin,village,-6.8095179,52.9853859
372,Ballinamult,ballinamult,hamlet,-7.7384884,52.2122733
372,Lucan,lucan,town,-6.4501534,53.3567157
372,Toorlestraun,toorlestraun,village,-8.8429282,54.0382488
372,Muff,muff,village,-7.2691516,55.0674714
372,Palatine,palatine,hamlet,-6.8619707,52.8630288
372,Nohoval,nohoval,village,-8.4017624,51.7224626
372,Moneygall,moneygall,village,-7.9589322,52.8797107
372,Coole,coole,village,-7.383333,53.7
372,Hollymount,hollymount,village,-9.1172997,53.6606924
372,Mullinavat,mullinavat,town,-7.1713174,52.3678497
372,Kill,kill,village,-7.335,52.176111
372,Kilternan,kilternan,village,-6.1933991,53.2355191
372,Ballymore,ballymore,village,-7.6739021,53.4906871
372,Milltown,milltown,village,-7.4776939,54.0661824
372,Tuar Mhic Éadaigh,tuar mhic eadaigh,village,-9.3648457,53.6562806
372,Kilkea,kilkea,village,-6.895288,52.9482704
372,Rossinver,rossinver,village,-8.1119732,54.3857907
372,Ballycarney,ballycarney,village,-6.5710855,52.5826959
372,Coolkenna Street,coolkenna street,hamlet,-6.6003182,52.782968
372,Shillelagh,shillelagh,village,-6.5370584,52.7538797
372,O'Callaghansmills,o'callaghansmills,village,-8.6806224,52.8414275
372,Castleplunket,castleplunket,village,-8.3446374,53.7501133
372,Ballyhale,ballyhale,village,-7.2007941,52.4676782
372,Crookhaven,crookhaven,village,-9.7256677,51.4684326
372,Kiltegan,kiltegan,village,-6.6067449,52.9044564
372,Unionhall,unionhall,village,-9.1399099,51.5588077
372,Baile na Finne,baile na finne,village,-8.113333,54.870556
372,Béal Átha an Ghaorthaidh,beal atha an ghaorthaidh,village,-9.2330308,51.8504484
372,Templenoe,templenoe,village,-9.6833357,51.8666717
372,Dromahair,dromahair,town,-8.3014975,54.2299343
372,Ballymurphy,ballymurphy,village,-6.8595023,52.5721379
372,Elphin,elphin,town,-8.1906903,53.8457864
372,Gorteen,gorteen,village,-8.510833,53.992778
372,Knockmahon,knockmahon,hamlet,-7.356389,52.141111
372,Whitechurch,whitechurch,hamlet,-7.7475375,52.1097313
372,Listowel,listowel,town,-9.4846811,52.4472298
372,Feenagh,feenagh,village,-8.87715,52.3895705
372,Ballaghkeen,ballaghkeen,village,-6.424415,52.4802972
372,Castlegregory,castlegregory,village,-10.0215862,52.2556303
372,Drumbane,drumbane,hamlet,-7.9653682,52.6550722
372,An Machaire,an machaire,village,-8.441944,54.929444
372,Shankill,shankill,village,-6.1241807,53.2302278
372,Kilnaleck,kilnaleck,village,-7.3201437,53.8612489
372,Raheen,raheen,village,-6.7945534,52.3920743
372,Foynes,foynes,town,-9.1109507,52.6111406
372,Ballinamore Bridge,ballinamore bridge,hamlet,-8.3628996,53.488517
372,Killinaboy,killinaboy,village,-9.0831471,52.9699356
372,Athgarvan,athgarvan,village,-6.7772469,53.153403
372,Mount Rivers,mount rivers,hamlet,-7.8457212,52.1287502
372,Screen,screen,village,-6.4088775,52.4123526
372,Castletown,castletown,village,-8.9532641,51.7695133
372,Touraneena,touraneena,village,-7.7159173,52.2022553
372,Rathcoole,rathcoole,village,-6.4679425,53.2813003
372,An Dúchoraidh,an duchoraidh,village,-8.2080328,54.9060761
372,Thomastown,thomastown,town,-7.1382466,52.525169
372,Ardpatrick,ardpatrick,village,-8.5254819,52.3412838
372,An Eachléim,an eachleim,village,-10.1012564,54.1182038
372,Hospital,hospital,village,-8.4306773,52.4721802
372,Askamore,askamore,village,-6.4795751,52.6724486
372,Loughshinny,loughshinny,village,-6.0863619,53.5466255
372,Lismoyny,lismoyny,hamlet,-7.553889,53.348889
372,Glanworth,glanworth,village,-8.3575,52.186667
372,Moville,moville,town,-7.0405236,55.1888784
372,Lifford,lifford,town,-7.4834739,54.8326995
372,Stradbally,stradbally,village,-7.4616828,52.1307807
372,Ennis,ennis,town,-8.983747,52.8435152
372,Kilbrien,kilbrien,hamlet,-7.6565213,52.1904202
372,Belmont,belmont,village,-7.8943838,53.2562566
372,Emly,emly,village,-8.3491671,52.4638891
372,Sneem,sneem,village,-9.8995313,51.8381992
372,Tyrrellspass,tyrrellspass,village,-7.3775607,53.3885359
372,Kilmuckridge,kilmuckridge,village,-6.2841717,52.5127323
372,Roscrea,roscrea,town,-7.7990264,52.9551598
372,Caltra,caltra,village,-8.4369796,53.4355055
372,Rathmore,rathmore,hamlet,-6.5626559,53.2174584
372,Clonmellon,clonmellon,village,-7.0161947,53.6638408
372,Baltimore,baltimore,village,-9.3732052,51.4833209
372,Puckaun,puckaun,village,-8.2377714,52.9309734
372,Boyle,boyle,town,-8.3012564,53.9723298
372,Rahan,rahan,village,-7.6153168,53.2810415
372,Macroom,macroom,town,-8.9599195,51.9049705
372,Craanford,craanford,village,-6.38914,52.6819249
372,The Commons,the commons,village,-7.5449821,52.6268149
372,Doirí Beaga,doiri beaga,village,-8.2891221,55.0782111
372,Donoughmore,donoughmore,village,-8.7452997,51.9890689
372,Ardcath,ardcath,hamlet,-6.3930201,53.6077498
372,Glenealy,glenealy,village,-6.1430173,52.9668073
372,Taghmon,taghmon,village,-6.6542361,52.322808
372,Raharney,raharney,village,-7.0954446,53.5240013
372,Bandon,bandon,town,-8.7369303,51.7461712
372,Glenamaddy,glenamaddy,village,-8.5599753,53.606577
372,Ballycanew,ballycanew,village,-6.3043961,52.6092117
372,Bantry,bantry,town,-9.4523603,51.6797696
372,Lixnaw,lixnaw,village,-9.6172758,52.4040167
372,Pontoon,pontoon,hamlet,-9.2124744,53.9767608
372,Balla,balla,village,-9.1306207,53.8045739
372,Scarriff,scarriff,village,-8.5315869,52.9109784
372,Kilcogy,kilcogy,village,-7.424689,53.8280361
372,Passage East,passage east,village,-6.9730341,52.239197
372,Mitchelstown,mitchelstown,town,-8.2708001,52.2661629
372,Castlebellingham,castlebellingham,village,-6.3890554,53.8970616
372,Killeevan,killeevan,hamlet,-7.1516877,54.1734382
372,Ballyjamesduff,ballyjamesduff,town,-7.2061572,53.8639055
372,Killawalla,killawalla,village,-9.3663367,53.7589601
372,Nurney,nurney,village,-6.9481604,53.0960729
372,Clonea,clonea,village,-7.435935,52.2780108
372,Tramore,tramore,town,-7.1494391,52.1606951
372,Clonee,clonee,village,-6.4403825,53.4104228
372,Mín an Chladaigh,min an chladaigh,hamlet,-8.2253412,55.1416282
372,Baile Bhuirne,baile bhuirne,village,-9.170658,51.9455757
372,Clonmore,clonmore,village,-6.5689745,52.8272032
372,Killybegs,killybegs,town,-8.4442592,54.6362345
372,Kilsaran,kilsaran,village,-6.3903472,53.8864223
372,Longwood,longwood,village,-6.9242396,53.4550951
372,Minane Bridge,minane bridge,village,-8.3727889,51.7625761
372,Knockananna,knockananna,village,-6.4980433,52.8725104
372,Bective,bective,hamlet,-6.6973339,53.5799507
372,Dunshaughlin,dunshaughlin,town,-6.5394448,53.512484
372,Tarbert,tarbert,town,-9.3745404,52.5725905
372,Montpelier,montpelier,village,-8.4955657,52.7510115
372,Julianstown,julianstown,village,-6.2839899,53.6712562
372,Frosses,frosses,village,-8.2430627,54.6686927
372,Kilbride,kilbride,village,-6.466736,53.1984705
372,Kildoon,kildoon,village,-6.9153487,53.0974699
372,Dundrum,dundrum,town,-6.2433756,53.2891457
372,Killea,killea,hamlet,-8.087222,54.348333
372,An Bun Beag,an bun beag,village,-8.300278,55.059722
372,Tashinny,tashinny,village,-7.6981909,53.5921307
372,Lismore,lismore,town,-7.9330526,52.1368018
372,Eyrecourt,eyrecourt,village,-8.1317817,53.200146
372,Fews,fews,hamlet,-7.4542235,52.2220619
372,Derrybrien,derrybrien,hamlet,-8.6129859,53.0659806
372,Corr na Móna,corr na mona,village,-9.4482422,53.5149158
372,Raheen,raheen,village,-7.3695229,52.9650077
372,Butlers Bridge,butlers bridge,village,-7.377083,54.0437368
372,Aughrim,aughrim,town,-6.3290334,52.8550688
372,Killala,killala,village,-9.2209417,54.2138959
372,Arigna,arigna,village,-8.1077103,54.0768541
372,Old Ross,old ross,village,-6.8264485,52.3919477
372,Clonaslee,clonaslee,village,-7.5252101,53.1487985
372,Aherla,aherla,village,-8.7328302,51.8537288
372,Newbridge,newbridge,hamlet,-8.4295061,53.5081819
372,Ballinacourty,ballinacourty,hamlet,-7.5693493,52.0845787
372,Howth,howth,town,-6.0651186,53.3858337
372,Inishcrone,inishcrone,town,-9.0934543,54.2132221
372,Matehy,matehy,hamlet,-8.6554678,51.9529499
372,Dunfanaghy,dunfanaghy,town,-7.9717773,55.1833879
372,Cloonnagro,cloonnagro,hamlet,-8.6897402,52.956712
372,Abbeydorney,abbeydorney,village,-9.6874115,52.3465664
372,Latton,latton,hamlet,-6.9473344,54.0708247
372,Baldwinstown,baldwinstown,village,-6.5836929,52.2358971
372,Littleton,littleton,village,-7.738056,52.639444
372,Cordal,cordal,hamlet,-9.3865112,52.2182458
372,Castlemagner,castlemagner,village,-8.8249919,52.1665981
372,Mionlach,mionlach,village,-9.0735612,53.3023542
372,Prosperous,prosperous,town,-6.751986,53.2882056
372,Drumcree,drumcree,village,-7.1646343,53.6360135
372,Bogtown,bogtown,village,-9.354167,54.307778
372,Kilfenora,kilfenora,village,-9.2170013,52.9899199
372,Kilrush,kilrush,town,-9.4833283,52.6397222
372,Stranorlar,stranorlar,town,-7.7691565,54.8044663
372,Rathnew,rathnew,village,-6.0821282,52.9949196
372,Carlow,carlow,town,-6.9261131,52.8408344
372,Barna,barna,hamlet,-8.3312337,52.5373449
372,Glandore,glandore,village,-9.1192784,51.5655142
372,Cleristown,cleristown,village,-6.5950661,52.2764036
372,Shanballymore,shanballymore,village,-8.4752101,52.2179275
372,Ballylanders,ballylanders,village,-8.3473484,52.3714932
372,Highstreet,highstreet,hamlet,-7.9145958,53.2512182
372,Redcross,redcross,village,-6.1451017,52.8901418
372,Finuge,finuge,village,-9.5370984,52.4246791
372,Dooagh,dooagh,village,-10.1279582,53.9749647
372,Doogort,doogort,village,-10.0270202,54.005221
372,Piercetown,piercetown,village,-6.4901931,52.2855925
372,Meelin,meelin,village,-9.0312838,52.2646053
372,Kilkishen,kilkishen,village,-8.745833,52.806667
372,Camp,camp,village,-9.9087276,52.2208624
372,Mulhuddart,mulhuddart,village,-6.398205,53.4027828
372,Castlefinn,castlefinn,town,-7.5931697,54.8033847
372,Cloonacool,cloonacool,village,-8.7776931,54.100604
372,Castletown,castletown,village,-6.1890659,52.7224355
372,Mooncoin,mooncoin,town,-7.2514947,52.2908987
372,Balrothery,balrothery,village,-6.1880637,53.5877338
372,Watch House Village,watch house village,village,-6.6414552,52.6919882
372,Louisburgh,louisburgh,town,-9.8084904,53.7635338
372,Killeen,killeen,village,-6.966408,52.90672
372,Lobinstown,lobinstown,hamlet,-6.6482548,53.7856154
372,Paulstown,paulstown,village,-7.0203285,52.6796993
372,Ballymore Eustace,ballymore eustace,town,-6.6152013,53.1334772
372,Portlaw,portlaw,town,-7.3205489,52.2883326
372,Figart Lower,figart lower,hamlet,-7.6249383,54.8565031
372,An Cheathrú Rua,an cheathru rua,village,-9.599728,53.2636035
372,Oola,oola,village,-8.2595775,52.5297236
372,Urlingford,urlingford,town,-7.5825,52.720556
372,Kildoney,kildoney,hamlet,-7.6400793,54.8365066
372,Croom,croom,town,-8.7171793,52.5192086
372,Millstreet,millstreet,hamlet,-7.7487531,52.1641144
372,Ballinacurra,ballinacurra,village,-8.1660765,51.8980545
372,Castleknock,castleknock,village,-6.3624744,53.3729581
372,Old Kilcullen,old kilcullen,hamlet,-6.7635281,53.1061865
372,Aughagower,aughagower,village,-9.4658344,53.7638445
372,Lauragh,lauragh,village,-9.7699786,51.7671858
372,Swinford,swinford,town,-8.9498117,53.9435164
372,Quilty,quilty,village,-9.4563636,52.816831
372,Newtown,newtown,hamlet,-7.388889,52.221667
372,Bennettsbridge,bennettsbridge,village,-7.1835352,52.5916772
372,Knockraha,knockraha,village,-8.339844,51.9591306
372,Ninemilehouse,ninemilehouse,hamlet,-7.4634364,52.4613977
372,Ballinagarbry,ballinagarbry,hamlet,-7.7316936,53.4097038
372,Portahack,portahack,village,-7.1607061,55.300774
372,Newbridge,newbridge,town,-6.7981931,53.1801492
372,Belcarra,belcarra,village,-9.2161763,53.8017945
372,Aclare,aclare,village,-8.8985892,54.0364394
372,Carnew,carnew,village,-6.4962699,52.7095613
372,Collooney,collooney,town,-8.4924684,54.1836971
372,Tuamgraney,tuamgraney,village,-8.5408566,52.8982531
372,Kilmessan,kilmessan,village,-6.6606432,53.5604379
372,Tralee,tralee,town,-9.7057047,52.2692116
372,Caherdaniel,caherdaniel,village,-10.0994464,51.7696536
372,Coolderry,coolderry,village,-7.8395533,53.0126192
372,Lissycasey,lissycasey,village,-9.1501256,52.7474391
372,Annacurragh,annacurragh,hamlet,-6.3569105,52.841561
372,Killadysert,killadysert,village,-9.1078412,52.6738875
372,Coolgreany,coolgreany,village,-6.2370666,52.7641067
372,Kilmainhamwood,kilmainhamwood,village,-6.8063229,53.84947
372,Fennagh,fennagh,village,-6.8472036,52.7118608
372,Blackrock,blackrock,town,-6.1788342,53.3018639
372,An Charraig,an charraig,village,-8.631667,54.6575
372,Garristown,garristown,village,-6.3836331,53.566876
372,Kiltimagh,kiltimagh,town,-9.0,53.85
372,Mallow,mallow,town,-8.6462922,52.1374642
372,Tuam,tuam,town,-8.8512875,53.5147915
372,Firies,firies,village,-9.5979293,52.1705363
372,Newport,newport,town,-9.5466736,53.8848021
372,Kilmacrennan,kilmacrennan,village,-7.7792108,55.0305186
372,Monivea,monivea,village,-8.7028908,53.3749518
372,Cadamstown,cadamstown,village,-7.660297,53.1271164
372,Ballygarvan,ballygarvan,village,-8.4621398,51.8241133
372,Ryefield,ryefield,village,-7.055637,53.786659
372,Ballindrait,ballindrait,village,-7.5264016,54.8448589
372,Ballintra,ballintra,village,-8.1251832,54.5774828
372,Ardfert,ardfert,village,-9.7809541,52.327242
372,Donohill,donohill,hamlet,-8.1442162,52.5388357
372,Cloonfad,cloonfad,village,-8.752333,53.686962
372,Lisronagh,lisronagh,village,-7.703889,52.418056
372,Ringaskiddy,ringaskiddy,village,-8.3207701,51.8302347
372,Redhills,redhills,village,-7.3200054,54.1003515
372,Enniscorthy,enniscorthy,town,-6.5674944,52.5011493
372,Rathfarnham,rathfarnham,village,-6.2855388,53.2988099
372,Shrule,shrule,village,-9.0877716,53.5199658
372,Athlacca,athlacca,village,-8.64861,52.4569474
372,Carndonagh,carndonagh,town,-7.2612638,55.2515133
372,Bun na Leaca,bun na leaca,hamlet,-8.283333,55.116667
372,An Tearman,an tearman,village,-7.81725,55.0494874
372,Ballygawley,ballygawley,village,-8.4464938,54.1914404
372,Rosses Point,rosses point,village,-8.5589438,54.305943
372,Ashford,ashford,village,-6.1083836,53.0110876
372,Ballinruan,ballinruan,hamlet,-8.8307922,52.9543374
372,Ballymacoda,ballymacoda,village,-7.9385768,51.8916365
372,Banoge,banoge,village,-8.7097122,52.4814529
372,Kiltormer,kiltormer,village,-8.2716154,53.2359394
372,Dunmanway,dunmanway,town,-9.1126898,51.7202004
372,Kilkee,kilkee,town,-9.644167,52.679167
372,Enniskean,enniskean,village,-8.9312967,51.7382577
372,Castlecor,castlecor,village,-7.1981394,53.7751859
372,Wilkinstown,wilkinstown,hamlet,-6.7115264,53.734555
372,Milltown,milltown,village,-8.9009149,53.6150022
372,Lattin,lattin,hamlet,-8.275278,52.466944
372,Kildimo,kildimo,village,-8.812222,52.623333
372,Stepaside,stepaside,village,-6.2143744,53.2531104
372,Newbridge,newbridge,hamlet,-8.991389,52.553611
372,Dalkey,dalkey,village,-6.1074381,53.2782812
372,Rhode,rhode,village,-7.1990013,53.3495675
372,Rathkeale,rathkeale,town,-8.9377374,52.5236119
372,Tullaghan,tullaghan,village,-8.3294319,54.4690469
372,Ceathrú Thaidhg,ceathru thaidhg,village,-9.812778,54.312222
372,Castlerichard,castlerichard,hamlet,-7.9848872,52.1306434
372,Enfield,enfield,town,-6.8290575,53.4141315
372,Anagaire,anagaire,village,-8.3178413,55.0216691
372,Broadway,broadway,village,-6.3883138,52.2199395
372,Collinstown,collinstown,village,-7.2120269,53.6471001
372,Lios Póil,lios poil,village,-10.160278,52.1425
372,Spaville,spaville,hamlet,-7.6871115,52.3501594
372,Na Dúnaibh,na dunaibh,village,-7.8351051,55.1948985
372,Borrisokane,borrisokane,town,-8.1274832,52.9951117
372,Kinlough,kinlough,village,-8.2854402,54.4477324
372,Ballitore,ballitore,village,-6.815586,53.0093927
372,Killinkere,killinkere,village,-7.0632286,53.885501
372,Shanagarry,shanagarry,village,-8.0362432,51.8518462
372,Glenbeigh,glenbeigh,village,-9.9394238,52.0560543
372,Neale,neale,village,-9.2339405,53.5687508
372,Cloneen,cloneen,village,-7.595833,52.475556
372,Suncroft,suncroft,village,-6.8618418,53.1075001
372,Rathdowney,rathdowney,town,-7.5838016,52.855426
372,Johnstown,johnstown,village,-6.6234082,53.2365208
372,The Swan,the swan,village,-7.1562448,52.8861003
372,Crusheen,crusheen,village,-8.8984123,52.9384764
372,Dripsey,dripsey,village,-8.7419911,51.9149422
372,Baltray,baltray,village,-6.2671964,53.7372378
372,Nobber,nobber,village,-6.747929,53.8217308
372,Ballyhaunis,ballyhaunis,town,-8.7651532,53.7633588
372,Clough,clough,village,-6.3434483,52.6423975
372,Lemanaghan,lemanaghan,hamlet,-7.7455133,53.2939993
372,Castlewarren,castlewarren,village,-7.1075858,52.693491
372,Ballindaggan,ballindaggan,village,-6.6813479,52.5685521
372,Castlemartyr,castlemartyr,village,-8.054502,51.9122172
372,Banagher,banagher,town,-7.9868525,53.1898776
372,Kilcrohane,kilcrohane,village,-9.7031892,51.5810541
372,Moate,moate,town,-7.7240549,53.3962015
372,Lismulleyduff,lismulleyduff,hamlet,-7.7366901,54.7502384
372,An Mhuiríoch,an mhuirioch,village,-10.3625372,52.1857337
372,An Geata Mór,an geata mor,village,-10.036111,54.203889
372,Grange,grange,hamlet,-7.5469121,52.6574895
372,Golden,golden,village,-7.9808842,52.4982989
372,Croithlí,croithli,village,-8.260833,55.025
372,Araglin,araglin,village,-8.1066353,52.2076019
372,Delgany,delgany,village,-6.0922262,53.1326345
372,Moyvalley,moyvalley,village,-6.9199634,53.4298379
372,Ballyconnell,ballyconnell,town,-7.583333,54.116667
372,Ballycotton,ballycotton,village,-8.0132232,51.8304762
372,Kilgarvan,kilgarvan,village,-9.4398829,51.9037232
372,Moyvore,moyvore,village,-7.6312614,53.5347279
372,Ballycumber,ballycumber,village,-7.6844646,53.3266439
372,Shercock,shercock,village,-6.8982056,53.9951052
372,Islandeady,islandeady,village,-9.4026307,53.8263524
372,Camolin,camolin,village,-6.4242938,52.6166981
372,Foulksmills,foulksmills,village,-6.7490959,52.3135368
372,Stonyford,stonyford,village,-7.2278963,52.5362671
372,Ballybeg,ballybeg,hamlet,-8.5473339,54.3178489
372,Coachford,coachford,village,-8.7881095,51.9093226
372,Killyon,killyon,village,-7.8029046,53.1022185
372,Trim,trim,town,-6.7913717,53.5556053
372,Ballyhahill,ballyhahill,village,-9.1900744,52.5597181
372,Clongeen,clongeen,village,-6.7679782,52.2983532
372,Askeaton,askeaton,town,-8.975556,52.599722
372,Newtown,newtown,village,-7.1113079,52.8630155
372,Ballingarry,ballingarry,village,-8.863349,52.4737994
372,Garryspillane,garryspillane,village,-8.379444,52.4127781
372,Watergrasshill,watergrasshill,town,-8.3436011,52.0115606
372,Kilcolman,kilcolman,hamlet,-9.0829839,52.530499
372,Ferbane,ferbane,town,-7.8277732,53.2715862
372,Kilmoyly,kilmoyly,hamlet,-9.7704493,52.3745534
372,Stuake,stuake,village,-8.7564762,51.9919143
372,Mountshannon,mountshannon,village,-8.4273297,52.9314122
372,Ballinasloe,ballinasloe,town,-8.221376,53.3302722
372,Dromore West,dromore west,village,-8.8752953,54.2491446
372,Narraghmore,narraghmore,village,-6.83072,53.0490506
372,Clonygowan,clonygowan,village,-7.280685,53.1873907
372,Camaross,camaross,village,-6.702105,52.3624409
372,Cornafean,cornafean,village,-7.4859732,53.9471107
372,Louth,louth,village,-6.5403319,53.9508294
372,Delvin,delvin,town,-7.0922919,53.6119879
372,Clonlara,clonlara,village,-8.553889,52.722222
372,Arvagh,arvagh,village,-7.5828683,53.9241087
372,Newmarket,newmarket,village,-7.2633291,52.470827
372,Oilgate,oilgate,village,-6.5306667,52.423774
372,Partry,partry,village,-9.2833406,53.7000024
372,Bun an Churraigh,bun an churraigh,village,-9.975,53.975
372,Dunnamaggan,dunnamaggan,village,-7.2987581,52.5024363
372,Causeway,causeway,hamlet,-9.7326736,52.4142688
372,Clifden,clifden,town,-10.0210673,53.4884916
372,Annamoe,annamoe,hamlet,-6.255256,53.0315971
372,Castleblakeney,castleblakeney,village,-8.4755461,53.4295506
372,Ballyconneely,ballyconneely,village,-10.0747505,53.4314905
372,Shinrone,shinrone,village,-7.9246821,52.984232
372,Turloughmore,turloughmore,hamlet,-8.8704482,53.3766239
372,Kilmacow,kilmacow,village,-7.1773747,52.3161336
372,Ballynonty,ballynonty,village,-7.6666744,52.5901861
372,Pollagh,pollagh,village,-7.71047,53.2778609
372,Rosscarbery,rosscarbery,village,-9.0329284,51.5775144
372,Kildavin,kildavin,village,-6.6853541,52.68384
372,Bartlemy,bartlemy,village,-8.2648513,52.0489103
372,Gob an Choire,gob an choire,village,-9.9274511,53.9296352
372,Ballycrossaun,ballycrossaun,hamlet,-8.190127,53.1508286
372,Ramsgrange,ramsgrange,village,-6.9196647,52.2451176
372,Killimer,killimer,village,-9.3823448,52.6172753
372,Ballymore,ballymore,hamlet,-10.3257485,52.1232931
372,Ballycahill,ballycahill,hamlet,-7.9075951,52.6882509
372,Kerrykeel,kerrykeel,village,-7.6663937,55.1373255
372,Millstreet,millstreet,town,-9.0640113,52.060231
372,Ardee,ardee,town,-6.5389138,53.8553092
372,Clarecastle,clarecastle,village,-8.9664844,52.8155649
372,Chapeltown,chapeltown,village,-10.3360662,51.9071681
372,Newtown Forbes,newtown forbes,town,-7.8348458,53.7667448
372,Ballinakill,ballinakill,village,-7.308056,52.873889
372,Baile an Fheirtéaraigh,baile an fheirtearaigh,village,-10.406082,52.1663478
372,Killenaule,killenaule,town,-7.6731438,52.5682093
372,Kenmare,kenmare,town,-9.583952,51.8791008
372,Gaoth Dobhair,gaoth dobhair,village,-8.2322026,55.0501027
372,Ballinascarty,ballinascarty,village,-8.8574829,51.6703961
372,Kilcoole,kilcoole,village,-6.0644448,53.1054131
372,Rathdangan,rathdangan,village,-6.545544,52.9198223
372,Timoleague,timoleague,village,-8.7654642,51.6440924
372,Johnstown Bridge,johnstown bridge,village,-6.854147,53.4020279
372,Kinsale,kinsale,town,-8.5229823,51.705737
372,Croghan,croghan,village,-7.2792589,53.3407532
372,Castletownroche,castletownroche,village,-8.4635069,52.1727472
372,Kilfinny,kilfinny,hamlet,-8.8048216,52.5129207
372,Tipperary,tipperary,town,-8.1614446,52.4734839
372,Callan,callan,town,-7.3900941,52.5445861
372,Milltown Malbay,milltown malbay,village,-9.4005986,52.8556213
372,Keenagh,keenagh,village,-7.8147197,53.6225489
372,Blackwater,blackwater,village,-6.3475001,52.4468932
372,Kilflynn,kilflynn,village,-9.624856,52.3501687
372,Sandyford,sandyford,village,-6.2245713,53.2698337
372,Canningstown,canningstown,hamlet,-7.046788,53.9802674
372,Glin,glin,village,-9.2856555,52.5717329
372,Palmerstown,palmerstown,village,-6.3704956,53.3559822
372,Monkstown,monkstown,village,-8.3333967,51.8483695
372,Rosemount,rosemount,village,-7.6405844,53.4303549
372,Poulnamucky,poulnamucky,hamlet,-7.819444,52.401111
372,Clonbulloge,clonbulloge,village,-7.087043,53.2621591
372,Castlelyons,castlelyons,village,-8.2338663,52.0889073
372,Carraig Airt,carraig airt,village,-7.7941392,55.1771751
372,Boolavogue,boolavogue,village,-6.4182625,52.5541798
372,Ballindine,ballindine,village,-8.9570134,53.669328
372,Mountmellick,mountmellick,town,-7.3251863,53.1175082
372,Foxford,foxford,town,-9.116667,53.983333
372,Mullagh,mullagh,village,-6.9485592,53.811536
372,Larah,larah,hamlet,-7.2157882,53.993418
372,Herbertstown,herbertstown,village,-8.4686868,52.5181353
372,Clogherhead,clogherhead,village,-6.2390693,53.7917202
372,Kilcolgan,kilcolgan,village,-8.8672488,53.2079031
372,Glynn,glynn,village,-6.9062968,52.5031587
372,Mayo Abbey,mayo abbey,village,-9.1208355,53.7619629
372,Clarinbridge,clarinbridge,village,-8.8803111,53.2277017
372,Ardmore,ardmore,village,-7.7255148,51.9508055
372,Nenagh,nenagh,town,-8.196667,52.861944
372,Cill Rónáin,cill ronain,village,-9.6694516,53.1202153
372,Lusk,lusk,town,-6.1658125,53.5255827
372,Mogeely,mogeely,village,-8.0560988,51.9315263
372,Glenmore,glenmore,hamlet,-7.0273288,52.3539819
372,Kildalkey,kildalkey,village,-6.9054866,53.5712056
372,Ardnacrusha,ardnacrusha,hamlet,-8.6138201,52.7083783
372,Castlepollard,castlepollard,town,-7.2981856,53.6796939
372,Killashee,killashee,village,-7.8803461,53.6808772
372,Stonehall,stonehall,hamlet,-8.8682773,52.6087302
372,Tullyvin,tullyvin,hamlet,-7.1453451,54.0510093
372,Lemybrien,lemybrien,hamlet,-7.5207316,52.1680199
372,Málainn Mhóir,malainn mhoir,village,-8.7736111,54.6949999
372,Carrick-on-Suir,carrick-on-suir,town,-7.413056,52.349167
372,Churchtown,churchtown,village,-8.7309549,52.2711931
372,Rosenallis,rosenallis,village,-7.4065616,53.1358311
372,Carrigtwohill,carrigtwohill,town,-8.2611809,51.9094617
372,Loughrea,loughrea,town,-8.5690594,53.1981624
372,Clonmany,clonmany,village,-7.4122336,55.263012
372,Cill Charthaigh,cill charthaigh,village,-8.5923665,54.632607
372,Rathwire,rathwire,village,-7.1412,53.5082202
372,Smithborough,smithborough,village,-7.0977582,54.2214063
372,Cóbh,cobh,town,-8.294279,51.8500947
372,Abbeyshrule,abbeyshrule,village,-7.6565897,53.5832082
372,Fodry,fodry,hamlet,-9.8865319,52.5767878
372,Shanaglish,shanaglish,village,-8.8389224,53.0106742
372,Lisselton,lisselton,village,-9.5766445,52.4881823
372,Drumfries,drumfries,village,-7.3955721,55.1963037
372,Milltown,milltown,village,-6.8609259,53.2047837
372,Crosserlough,crosserlough,hamlet,-7.2885052,53.8772213
372,Ballybrittas,ballybrittas,village,-7.1356042,53.109699
372,Brookville,brookville,hamlet,-8.1619147,52.4491808
372,Drimoleague,drimoleague,village,-9.2599704,51.6608501
372,Dowra,dowra,village,-8.0146335,54.1902533
372,Kilreekill,kilreekill,village,-8.4524113,53.2297725
372,Glencullen,glencullen,village,-6.2180851,53.2221412
372,Clogharinka,clogharinka,village,-7.0159083,53.3982107
372,Glennahulla Cross,glennahulla cross,hamlet,-8.3651029,52.2539353
372,Ballyduff,ballyduff,village,-8.0526022,52.1479546
372,Roundstone,roundstone,village,-9.9202716,53.3957105
372,Duagh,duagh,village,-9.3899096,52.4141539
372,Blennerville,blennerville,village,-9.7353267,52.2566726
372,Dunkineely,dunkineely,village,-8.3603542,54.6319602
372,Tinahely,tinahely,town,-6.4635618,52.7995433
372,Ballycroy,ballycroy,village,-9.82621,54.0249605
372,Kilworth,kilworth,village,-8.244167,52.176389
372,Dunleer,dunleer,town,-6.3950752,53.8316175
372,Kilkelly,kilkelly,village,-8.8493255,53.8708104
372,Sixmilebridge,sixmilebridge,village,-8.774167,52.741389
372,Killucan,killucan,village,-7.1427449,53.5137326
372,Ashbourne,ashbourne,town,-6.3981743,53.5116146
372,Oldtown,oldtown,village,-6.3151517,53.5240077
372,Tynagh,tynagh,village,-8.3743502,53.1502226
372,Carrigallen,carrigallen,village,-7.6462461,53.9769538
372,Clonmel,clonmel,town,-7.703889,52.355
372,Killinick,killinick,village,-6.4565561,52.2565747
372,Knockaderry,knockaderry,hamlet,-8.9627138,52.4654972
372,Tallowbridge,tallowbridge,hamlet,-8.0017971,52.1020953
372,Kingscourt,kingscourt,town,-6.8054428,53.9080467
372,Aghamore,aghamore,village,-7.9562007,53.9013199
372,Myna,myna,village,-9.5729724,53.8431482
372,Killann,killann,village,-6.745328,52.5216745
372,Saint Margaret s,saint margaret's,hamlet,-6.3007463,53.4307198
372,Rockhill,rockhill,hamlet,-8.6991466,52.4165252
372,Ardagh,ardagh,village,-7.6939163,53.6673656
372,Charlestown,charlestown,town,-8.794167,53.964167
372,Killavullen,killavullen,village,-8.5148547,52.1456172
372,Wicklow,wicklow,town,-6.0414184,52.9802376
372,Ballywilliam,ballywilliam,village,-6.8647066,52.4479192
372,Piltown,piltown,village,-7.3302765,52.3497374
372,Dunmore,dunmore,village,-8.7422555,53.6190495
372,Clogh,clogh,hamlet,-7.5106581,52.8861984
372,Portsalon,portsalon,village,-7.6223447,55.2088876
372,Buckode,buckode,hamlet,-8.2106657,54.4259424
372,Mulranny,mulranny,village,-9.7701109,53.9074074
372,Brosna,brosna,village,-9.2662439,52.3119967
372,Multyfarnham,multyfarnham,village,-7.3886901,53.6254597
372,Kilmallock,kilmallock,town,-8.5744751,52.3993029
372,An Corrán Buí,an corran bui,hamlet,-9.786389,54.300278
372,Modelligo,modelligo,hamlet,-7.7535514,52.1483069
372,Carrick,carrick,village,-6.7314607,52.2405608
372,Glangevlin,glangevlin,village,-7.8926673,54.1949307
372,Ballyorgan,ballyorgan,village,-8.4698791,52.3158027
372,Newtown Cunningham,newtown cunningham,village,-7.5175289,54.9972443
372,Clonmult,clonmult,village,-8.107222,51.993611
372,Bruree,bruree,village,-8.6605818,52.4243387
372,Termonbarry,termonbarry,village,-7.9188223,53.7425789
372,Kinvarra,kinvarra,village,-8.9394261,53.1389892
372,Béal an Daingin,beal an daingin,hamlet,-9.6175411,53.3136275
372,Abington,abington,hamlet,-8.4151505,52.6357541
372,Goatenbridge,goatenbridge,village,-7.871944,52.276111
372,Skibbereen,skibbereen,town,-9.2666753,51.55
372,Coolboy,coolboy,village,-6.4620387,52.7624456
372,Dunkerrin,dunkerrin,hamlet,-7.910391,52.9141823
372,Inistioge,inistioge,village,-7.0656372,52.4883664
372,Arthurstown,arthurstown,village,-6.9518356,52.2419927
372,Portroe,portroe,village,-8.3522192,52.8829864
372,Ballyhaise,ballyhaise,village,-7.3171962,54.0470453
372,Ballymascanlan,ballymascanlan,village,-6.350833,54.028333
372,Marlfield,marlfield,hamlet,-7.7488855,52.3477455
372,Ballymote,ballymote,town,-8.5155338,54.0885294
372,Tagoat,tagoat,village,-6.390351,52.2435457
372,Barry,barry,village,-7.7621416,53.5962753
372,Owning,owning,village,-7.3438403,52.3878759
372,Straffan,straffan,village,-6.6082372,53.3125051
372,Newcastle,newcastle,village,-7.8109313,52.2725883
372,Clara,clara,town,-7.613889,53.3425
372,Castlerea,castlerea,town,-8.487153,53.7664969
372,Kildangan,kildangan,village,-7.0150655,53.1049821
372,Mullinalaghta,mullinalaghta,village,-7.5170415,53.8375431
372,Rockcorry,rockcorry,village,-7.0153826,54.1175895
372,Ballyduff,ballyduff,village,-9.6627219,52.4555609
372,Waterford,waterford,city,-7.1119081,52.2609997
372,Passage West,passage west,town,-8.3354199,51.8711088
372,Kanturk,kanturk,town,-8.9065541,52.1774522
372,Lislevane,lislevane,village,-8.7552753,51.6081568
372,Ballyfarnan,ballyfarnan,village,-8.2046836,54.0727264
372,Eadestown,eadestown,hamlet,-6.5789608,53.2025057
372,Ballynacarrigy,ballynacarrigy,village,-7.5383476,53.5830319
372,Shanbally,shanbally,village,-8.354282,51.831942
372,Athea,athea,village,-9.2890747,52.4616631
372,Balbriggan,balbriggan,town,-6.1861964,53.609832
372,Aghamore,aghamore,village,-8.8246435,53.8277976
372,Peterswell,peterswell,hamlet,-8.7376768,53.1126173
372,Belgooly,belgooly,village,-8.4839766,51.7374331
372,New Ross,new ross,town,-6.9446066,52.3955671
372,Mullaghmore,mullaghmore,village,-8.448611,54.4663889
372,Athleague,athleague,village,-8.2561657,53.567573
372,Milltown,milltown,town,-9.7172394,52.1452719
372,Mount Nugent,mount nugent,village,-7.2560698,53.81767
372,Leenaun,leenaun,village,-9.6942245,53.5958058
372,Youghal,youghal,town,-7.8431892,51.9494736
372,Bilboa,bilboa,hamlet,-7.0452932,52.7971344
372,Streamstown,streamstown,village,-7.5758735,53.4390458
372,Kilmeadan,kilmeadan,village,-7.2399854,52.2310498
372,Oughterard,oughterard,town,-9.3226023,53.4284256
372,Kilmaganny,kilmaganny,village,-7.3281208,52.4613731
372,Kesh,kesh,village,-8.4458673,54.0507069
372,Ballingarry,ballingarry,village,-8.0295509,53.018118
372,Castlebridge,castlebridge,village,-6.4503235,52.3827773
372,An Fál Mór,an fal mor,hamlet,-10.1,54.095833
372,Killimor,killimor,village,-8.2887968,53.1650604
372,An Rinn,an rinn,village,-7.585278,52.048333
372,Cullen,cullen,hamlet,-8.2747597,52.5113609
372,Limerick Junction,limerick junction,hamlet,-8.2054735,52.4984189
372,Castleconnell,castleconnell,village,-8.5001796,52.7129293
372,Borris-in-Ossory,borris-in-ossory,village,-7.6314645,52.9390951
372,Ballinderreen,ballinderreen,village,-8.9089205,53.1862518
372,Stratford,stratford,village,-6.6734457,52.9878821
372,Ballybay,ballybay,town,-6.9029718,54.1288793
372,Ballyagran,ballyagran,village,-8.781955,52.4017549
372,Clonroche,clonroche,village,-6.7179575,52.4496112
372,Culdaff,culdaff,village,-7.166544,55.2869665
372,Donore,donore,village,-6.4167748,53.6923216
372,Freshford,freshford,village,-7.3980463,52.7325985
372,Doolin,doolin,village,-9.3776097,53.0163287
372,Ros an Mhíl,ros an mhil,village,-9.5409883,53.2734571
372,Moyvane,moyvane,village,-9.3706916,52.5014313
372,Kilbehenny,kilbehenny,village,-8.2050849,52.2944078
372,Cootehill,cootehill,town,-7.0822524,54.0725259
372,Teileann,teileann,village,-8.6422625,54.6358785
372,Swords,swords,town,-6.219175,53.4594799
372,Tóin an tSeanbhaile,toin an tseanbhaile,village,-9.961111,54.013056
372,Drumlish,drumlish,village,-7.7693182,53.8200862
372,Ballinagh,ballinagh,village,-7.4078788,53.9319227
372,Laurencetown,laurencetown,village,-8.1749341,53.2365041
372,Ballinafad,ballinafad,village,-8.3343456,54.0272688
372,Lahinch,lahinch,village,-9.3459078,52.932149
372,Portumna,portumna,town,-8.2192922,53.0923333
372,Legan,legan,village,-7.632065,53.6216091
372,Omeath,omeath,village,-6.261667,54.086944
372,Muine Bheag,muine bheag,town,-6.9566623,52.7018267
372,New Inn,new inn,hamlet,-8.4897855,53.3001128
372,Burren,burren,village,-9.305833,53.9119472
372,Clondalkin,clondalkin,town,-6.3942689,53.3219624
372,Listerlin,listerlin,hamlet,-7.0754396,52.4089739
372,Kilshannig,kilshannig,hamlet,-10.0147886,52.3103027
372,O'Briensbridge,o'briensbridge,village,-8.5013883,52.7532636
372,Clonard,clonard,village,-7.021757,53.4512563
372,Kilshanchoe,kilshanchoe,village,-6.8881234,53.3845744
372,Toomyvara,toomyvara,village,-8.0358937,52.8501208
372,Bunratty,bunratty,village,-8.8155617,52.696671
372,Roscommon,roscommon,town,-8.19068,53.6312446
372,Ballynoe,ballynoe,village,-8.097583,52.060307
372,Turlough,turlough,village,-9.2166741,53.883334
372,Inch,inch,village,-6.2380157,52.7400641
372,Ratoath,ratoath,town,-6.4640687,53.5072716
372,Castletownshend,castletownshend,village,-9.1777777,51.5278343
372,Ballyshannon,ballyshannon,town,-8.1897659,54.501979
372,Maghera,maghera,village,-7.0301553,53.7966716
372,Menlough,menlough,hamlet,-8.5732079,53.4212893
372,Ballycullane,ballycullane,village,-6.8393729,52.2796739
372,Aghabullogue,aghabullogue,village,-8.8076793,51.9448936
372,Cong,cong,village,-9.2859366,53.5407963
372,Cavan,cavan,town,-7.3603119,53.9911042
372,Knockcroghery,knockcroghery,village,-8.0949464,53.5755725
372,An Leadhb Gharbh,an leadhb gharbh,village,-8.4981441,54.9890715
372,Dromcollogher,dromcollogher,town,-8.9088061,52.3392885
372,Cappamore,cappamore,village,-8.3355581,52.6144391
372,Clogheen,clogheen,village,-7.9959442,52.2769319
372,Strokestown,strokestown,town,-8.1022177,53.7766267
372,Rathmolyon,rathmolyon,village,-6.8037584,53.4881916
372,Connonagh,connonagh,hamlet,-9.0931087,51.5963105
372,Carrigaline,carrigaline,town,-8.3922675,51.8149556
372,Borrisoleigh,borrisoleigh,village,-7.9560089,52.7520934
372,Saggart,saggart,village,-6.444448,53.280278
372,Carrignavar,carrignavar,village,-8.4775974,51.9877466
372,Rathnure,rathnure,village,-6.7685931,52.4998307
372,Fethard,fethard,village,-6.8398404,52.1915688
372,An Clochán,an clochan,village,-10.1818296,52.2350216
372,Kilmore,kilmore,village,-6.548882,52.2044063
372,Glassan,glassan,village,-7.8637638,53.4697693
372,Garrykennedy,garrykennedy,village,-8.3473609,52.9047038
372,Meanus,meanus,village,-8.6084534,52.511572
372,Eskerbreague,eskerbreague,hamlet,-7.8027975,53.3390919
372,Mountcharles,mountcharles,village,-8.195556,54.646389
372,Kilmacthomas,kilmacthomas,town,-7.4246616,52.206047
372,Moynalty,moynalty,village,-6.886633,53.7890118
372,Mornington,mornington,village,-6.2825549,53.7213844
372,Grenagh,grenagh,village,-8.6099993,52.0122271
372,Newtownmountkennedy,newtownmountkennedy,village,-6.1110122,53.0895152
372,Kilteely,kilteely,village,-8.3996947,52.5221953
372,Ballycastle,ballycastle,village,-9.3737759,54.2808401
372,Blanchardstown,blanchardstown,town,-6.3829415,53.3844588
372,Béal na Bláth,beal na blath,hamlet,-8.8560227,51.8217004
372,Letterfrack,letterfrack,village,-9.9483002,53.553524
372,Ardfinnan,ardfinnan,village,-7.8784418,52.310998
372,Portarlington,portarlington,town,-7.191111,53.162222
372,Collon,collon,village,-6.4863251,53.7776528
372,Ballynacarrow,ballynacarrow,village,-8.5613675,54.1337743
372,Ballintober,ballintober,village,-8.4093972,53.7178827
372,Roundwood,roundwood,village,-6.2247419,53.0634659
372,An Baile Thoir,an baile thoir,hamlet,-8.2077369,55.2578534
372,Ballyheelan,ballyheelan,village,-7.3516667,53.8365438
372,Gorey,gorey,town,-6.292752,52.676135
372,Courtown,courtown,village,-6.227824,52.644821
372,Ballymoe,ballymoe,village,-8.460283,53.6951171
372,Bohola,bohola,village,-9.0527021,53.9017656
372,Fiddown,fiddown,village,-7.3152624,52.3316944
372,Newcastle,newcastle,village,-6.5013576,53.2999844
372,Crookedwood,crookedwood,village,-7.2928292,53.6028545
372,Ballintober,ballintober,village,-9.2989057,53.7443746
372,Thomastown,thomastown,hamlet,-8.0255885,52.4932417
372,Redcastle,redcastle,hamlet,-7.133807,55.1598794
372,Kilberry,kilberry,hamlet,-6.6850429,53.7057859
372,Ardara,ardara,town,-8.4105918,54.7636255
372,Drangan,drangan,village,-7.5833527,52.5162906
372,Athlone,athlone,town,-7.9425897,53.4228434
372,Saltmills,saltmills,village,-6.8330602,52.225966
372,Templetouhy,templetouhy,village,-7.7219474,52.7884413
372,Longford,longford,town,-7.7963816,53.7278
372,Kilnafrehan,kilnafrehan,hamlet,-7.6130406,52.1313768
372,Kilgobnet,kilgobnet,hamlet,-7.6354645,52.1199899
372,Cornelscourt,cornelscourt,village,-6.1664572,53.2689117
372,Ballagh,ballagh,hamlet,-7.985157,52.5903264
372,Crawfordsburn,crawfordsburn,village,-5.727932,54.658431
372,Helen's Bay,helen's bay,village,-5.7453327,54.6727763
372,Portballintrae,portballintrae,village,-6.5443609,55.2150678
372,Greysteel,greysteel,village,-7.1201801,55.0301747
372,Fossa,fossa,hamlet,-9.5787274,52.0709262
372,Crossnacreevy,crossnacreevy,hamlet,-5.8485065,54.5551766
372,Islandmagee,islandmagee,village,-5.7084204,54.7783413
372,Kealkill,kealkill,village,-9.3828771,51.7494723
372,Glenmalure,glenmalure,village,-6.3539662,52.9576993
372,Newdublin,newdublin,hamlet,-9.2277253,53.8057317
372,Ballinlough,ballinlough,village,-8.6345581,53.7417773
372,Killeshin,killeshin,village,-6.9938912,52.8490299
372,Kentstown,kentstown,village,-6.5327937,53.6271968
372,Kilanerin,kilanerin,village,-6.2878066,52.7309702
372,Cappavilla,cappavilla,hamlet,-8.5672925,52.6809084
372,Quigley's Point,quigley's point,village,-7.1952899,55.1245741
372,Ballylumford,ballylumford,village,-5.7888778,54.8474402
372,Ballygowan,ballygowan,village,-5.7918013,54.5018813
372,Fintona,fintona,village,-7.319246,54.4969713
372,Carryduff,carryduff,town,-5.8874586,54.5184788
372,Ballyeaston,ballyeaston,village,-5.9970822,54.7717853
372,Rostrevor,rostrevor,village,-6.2004264,54.100725
372,Armoy,armoy,village,-6.326702,55.1313382
372,Castlerock,castlerock,village,-6.7884142,55.16482
372,Kircubbin,kircubbin,village,-5.53201,54.4870904
372,Dervock,dervock,village,-6.4684721,55.1233432
372,Portavogie,portavogie,village,-5.4433576,54.4612678
372,Kilskeery,kilskeery,village,-7.5388052,54.4423387
372,Kirkistown,kirkistown,hamlet,-5.4861117,54.4500864
372,Greyabbey,greyabbey,village,-5.5604594,54.5362024
372,Dundonald,dundonald,town,-5.8105342,54.5947412
372,Maghery,maghery,village,-6.57269,54.5117941
372,Benburb,benburb,village,-6.7436419,54.4124034
372,Balnamore,balnamore,village,-6.5618833,55.0660456
372,Newtownhamilton,newtownhamilton,village,-6.5762623,54.1909481
372,Carland,carland,village,-6.783333,54.533333
372,Kilkeel,kilkeel,town,-6.0059949,54.0626664
372,Fivemiletown,fivemiletown,village,-7.3153578,54.3784847
372,Rathfriland,rathfriland,town,-6.1603136,54.2381785
372,Caledon,caledon,village,-6.8377547,54.3509691
372,Kinawley,kinawley,village,-7.6477195,54.2263444
372,Meigh,meigh,village,-6.3891182,54.1222379
372,Loughbrickland,loughbrickland,village,-6.304167,54.3161717
372,Antrim,antrim,town,-6.2192038,54.715139
372,Moy,moy,village,-6.6911155,54.4467386
372,Kilclief,kilclief,hamlet,-5.5450016,54.3352856
372,Ederney,ederney,village,-7.6587105,54.5326002
372,Ballybogey,ballybogey,village,-6.55764,55.1302424
372,Clough,clough,village,-5.8383498,54.2907175
372,Richhill,richhill,village,-6.5487914,54.3710151
372,Kilrea,kilrea,village,-6.5564648,54.950167
372,Scarva,scarva,hamlet,-6.3739204,54.3310661
372,Newbuildings,newbuildings,village,-7.3587103,54.959093
372,Artigarvan,artigarvan,village,-7.4079831,54.8559044
372,Carrowdore,carrowdore,village,-5.5536121,54.5761845
372,Glasdrumman,glasdrumman,hamlet,-5.8970225,54.1299791
372,Ballinamallard,ballinamallard,village,-7.5950403,54.4228702
372,Derry Londonderry,derry londonderry,city,-7.3213056,54.9978678
372,Greenisland,greenisland,village,-5.8724792,54.7000898
372,Ballintoy,ballintoy,village,-6.3593257,55.2367811
372,Gracehill,gracehill,village,-6.3271822,54.853851
372,Strabane,strabane,town,-7.4627993,54.826115
372,Kesh,kesh,village,-7.7225138,54.5233599
372,Cushendall,cushendall,village,-6.0640644,55.080819
372,Crossmaglen,crossmaglen,town,-6.607368,54.077193
372,Newtowncloghoge,newtowncloghoge,hamlet,-6.3566227,54.1420572
372,Royal Hillsborough,royal hillsborough,village,-6.0830844,54.462813
372,Newmills,newmills,village,-6.740477,54.5516861
372,Newtownbutler,newtownbutler,village,-7.3610829,54.1824929
372,Ravernet,ravernet,village,-6.0458286,54.4810594
372,Drumbo,drumbo,village,-5.957242,54.5161342
372,Banbridge,banbridge,town,-6.2714623,54.3514168
372,Comber,comber,town,-5.7454313,54.5498342
372,Maghera,maghera,hamlet,-5.8991809,54.2415527
372,Lisbellaw,lisbellaw,village,-7.5373355,54.3171222
372,Chapeltown,chapeltown,hamlet,-5.5869467,54.2846738
372,Donagh,donagh,village,-7.3909891,54.2166519
372,Milford,milford,village,-6.6820317,54.3334328
372,Bessbrook,bessbrook,village,-6.3965548,54.1941791
372,Cookstown,cookstown,town,-6.7416008,54.6436734
372,Ballyvoy,ballyvoy,village,-6.1860791,55.199788
372,Dundrum,dundrum,village,-5.8426084,54.2581955
372,Glenoe,glenoe,village,-5.8306826,54.7991345
372,Gilford,gilford,village,-6.359485,54.3733602
372,Garrison,garrison,village,-8.0903014,54.4150499
372,Moss-side,moss-side,village,-6.4102066,55.1549419
372,Portglenone,portglenone,village,-6.4751493,54.8733857
372,Donaghadee,donaghadee,town,-5.5375794,54.6425446
372,Creggan,creggan,hamlet,-6.574702,54.0842004
372,Portadown,portadown,town,-6.4412133,54.4242284
372,Cullybackey,cullybackey,village,-6.356308,54.8889956
372,Ballykinler,ballykinler,village,-5.7938075,54.2579586
372,Bellaghy,bellaghy,village,-6.518436,54.8081197
372,Ballynure,ballynure,village,-5.951582,54.7724456
372,Kearney,kearney,hamlet,-5.4609132,54.3885234
372,Conlig,conlig,village,-5.6772097,54.6294391
372,Glenavy,glenavy,village,-6.2131694,54.5916242
372,Markethill,markethill,village,-6.5209906,54.2968976
372,Lawrencetown,lawrencetown,village,-6.3085755,54.3805238
372,Cushendun,cushendun,village,-6.0423483,55.1252468
372,Hamiltons Bawn,hamiltons bawn,village,-6.5440119,54.3416751
372,Lisnarrick,lisnarrick,village,-7.6987719,54.4769243
372,Tobermore,tobermore,village,-6.7076173,54.8119443
372,Killen,killen,village,-7.6274643,54.6734297
372,Augher,augher,village,-7.1320426,54.4283084
372,Seskinore,seskinore,village,-7.2538019,54.5174818
372,Magherafelt,magherafelt,town,-6.6078073,54.7544757
372,Cullaville,cullaville,hamlet,-6.6428736,54.0621015
372,Donaghmore,donaghmore,village,-6.8128776,54.5311658
372,Toome,toome,village,-6.4621064,54.7551198
372,Bangor,bangor,city,-5.6679127,54.662595
372,Ballymartin,ballymartin,village,-5.9500816,54.0808471
372,Waringsford,waringsford,village,-6.1078407,54.3741365
372,Arney,arney,village,-7.6785269,54.2915763
372,Drumaroad,drumaroad,hamlet,-5.8983536,54.3239745
372,Roslea Rosslea,roslea rosslea,village,-7.1735134,54.2397417
372,Castlecaulfield,castlecaulfield,village,-6.8353844,54.5072551
372,Clogher,clogher,village,-7.1689489,54.4129914
372,Ardglass,ardglass,village,-5.6098711,54.2633035
372,Waringstown,waringstown,village,-6.3009935,54.4383129
372,Tamlaght,tamlaght,village,-6.5803507,54.8960641
372,Downpatrick,downpatrick,town,-5.71649,54.3279335
372,Tandragee,tandragee,village,-6.4123562,54.3525124
372,Limavady,limavady,town,-6.9505134,55.0504857
372,Dunseverick,dunseverick,hamlet,-6.4385888,55.2359734
372,Dunloy,dunloy,village,-6.4111633,55.0111673
372,Stoneyford,stoneyford,hamlet,-6.1214734,54.5672958
372,Garvagh,garvagh,village,-6.6877148,54.982536
372,Saintfield,saintfield,town,-5.8325813,54.4603955
372,Tempo,tempo,village,-7.4594869,54.3793317
372,Bushmills,bushmills,village,-6.5234165,55.2059909
372,Hilltown,hilltown,village,-6.1445434,54.1949727
372,Granville,granville,village,-6.8055591,54.4880617
372,Ballywalter,ballywalter,village,-5.4867684,54.5439048
372,Monanclogh,monanclogh,hamlet,-6.3005472,55.1516921
372,Gortin,gortin,village,-7.2327098,54.7175253
372,Culmore,culmore,village,-7.2667022,55.0499273
372,Bryansford,bryansford,hamlet,-5.9345276,54.229121
372,Killylea,killylea,village,-6.7758394,54.3479274
372,Pomeroy,pomeroy,village,-6.9259547,54.5940505
372,Parkgate,parkgate,hamlet,-6.1024055,54.720772
372,Cloughmills,cloughmills,village,-6.3309861,54.9987555
372,Randalstown,randalstown,town,-6.3197638,54.7498918
372,Tamlaght,tamlaght,village,-7.5776216,54.3187164
372,Drumbeg,drumbeg,village,-5.9894925,54.5327139
372,Jonesborough,jonesborough,village,-6.3709425,54.0884404
372,Kilmore,kilmore,hamlet,-5.7740247,54.3858946
372,Moneyreagh,moneyreagh,village,-5.829986,54.5296277
372,Kilcoo,kilcoo,hamlet,-6.0295933,54.2314023
372,Castlederg,castlederg,town,-7.593125,54.7087956
372,Magheralin,magheralin,village,-6.2611343,54.4672237
372,Ashfield,ashfield,hamlet,-6.1983553,54.3978165
372,Castledawson,castledawson,village,-6.5576806,54.7769235
372,Holywood,holywood,town,-5.8361723,54.6404494
372,Stranocum,stranocum,village,-6.4185708,55.1093297
372,Aughnacloy,aughnacloy,village,-6.9762879,54.4147918
372,Clough,clough,village,-6.288992,54.9660755
372,Dromore,dromore,village,-7.4576175,54.5128552
372,Killyleagh,killyleagh,town,-5.6505384,54.3990651
372,Beragh,beragh,village,-7.1589712,54.5508274
372,Belcoo,belcoo,village,-7.8714078,54.2966697
372,Derrylin,derrylin,village,-7.5700848,54.1950641
372,Carrickfergus,carrickfergus,town,-5.8073112,54.7136165
372,Larne,larne,town,-5.8183116,54.8508458
372,Letterbreen,letterbreen,village,-7.7330654,54.3097416
372,Killeter,killeter,village,-7.6835026,54.66825
372,Dungannon,dungannon,town,-6.7703622,54.5039088
372,Mayobridge,mayobridge,village,-6.2268847,54.1815802
372,Stewartstown,stewartstown,village,-6.6765557,54.5768423
372,Camlough,camlough,village,-6.4100356,54.1808014
372,Brookeborough,brookeborough,village,-7.4066823,54.3151816
372,Newcastle,newcastle,town,-5.8897216,54.2118323
372,Portaferry,portaferry,village,-5.5485491,54.3806965
372,Glenarm,glenarm,village,-5.952345,54.9685998
372,Annahilt,annahilt,village,-6.0022416,54.4377964
372,Maguiresbridge,maguiresbridge,village,-7.4645016,54.2949257
372,Crossgar,crossgar,village,-5.7623951,54.3971136
372,Cargan,cargan,village,-6.1820461,54.9932909
372,Crumlin,crumlin,town,-6.2149351,54.6206167
372,Galgorm,galgorm,village,-6.3210404,54.8589723
372,Ballyhornan,ballyhornan,hamlet,-5.5539334,54.30175
372,Clabby,clabby,village,-7.36928,54.4014122
372,Derrykeighan,derrykeighan,village,-6.4929313,55.1415048
372,Forkhill,forkhill,village,-6.4515676,54.0809061
372,Ballykelly,ballykelly,village,-7.0166599,55.044791
372,Loughgall,loughgall,village,-6.6074725,54.4080941
372,Cloghy,cloghy,village,-5.4809287,54.4283218
372,Coalisland,coalisland,town,-6.7004879,54.5394657
372,Clady,clady,village,-7.5398811,54.7935747
372,Tynan,tynan,village,-6.8217677,54.3303964
372,Feeny,feeny,village,-7.0213171,54.8920726
372,Portrush,portrush,town,-6.6540486,55.2060325
372,Desertmartin,desertmartin,village,-6.672937,54.7702306
372,Ballymagorry,ballymagorry,village,-7.429827,54.8580253
372,Templepatrick,templepatrick,village,-6.103504,54.7007241
372,Newtownards,newtownards,town,-5.6960935,54.5933779
372,Jerrettspass,jerrettspass,hamlet,-6.3700684,54.2368957
372,Derrygonnelly,derrygonnelly,village,-7.8167959,54.417927
372,Newtownstewart,newtownstewart,village,-7.3790232,54.7173126
372,Belleek,belleek,village,-8.0922624,54.4801935
372,Knockloughrim,knockloughrim,village,-6.6096295,54.8123756
372,Straid,straid,village,-5.9242043,54.7564129
372,Killough,killough,village,-5.6400181,54.250834
372,Moneymore,moneymore,village,-6.6703019,54.6915514
372,Church Hill,church hill,hamlet,-7.8288406,54.4501958
372,Ballyclare,ballyclare,town,-6.0010911,54.7525296
372,Ballycarry,ballycarry,village,-5.7519973,54.7733438
372,Strangford,strangford,village,-5.5561416,54.3705992
372,Sixmilecross,sixmilecross,village,-7.1190483,54.5572057
372,Annalong,annalong,village,-5.8972213,54.1075749
372,Portstewart,portstewart,town,-6.7187008,55.1829096
372,Groomsport,groomsport,village,-5.6180066,54.6748519
372,Ballymena,ballymena,town,-6.2760159,54.8662966
372,Swatragh,swatragh,village,-6.6621363,54.9075818
372,Carnlough,carnlough,village,-5.9899592,54.9929248
372,Coleraine,coleraine,town,-6.671861,55.1315912
372,Armagh,armagh,city,-6.6540432,54.3481977
372,Ardstraw,ardstraw,village,-7.4574695,54.7326692
372,Killowen,killowen,hamlet,-6.1819053,54.0757199
372,Blackwatertown,blackwatertown,village,-6.7027065,54.4130569
372,Craigavon,craigavon,town,-6.3921622,54.4507201
372,Ballynahinch,ballynahinch,town,-5.8960151,54.4026038
372,Omagh,omagh,town,-7.3029907,54.5992486
372,Coagh,coagh,village,-6.6184389,54.6478693
372,Donemana,donemana,village,-7.3126042,54.8738902
372,Dunadry,dunadry,village,-6.1391607,54.6988929
372,Ballygawley,ballygawley,village,-7.028868,54.4623431
372,Newtownabbey,newtownabbey,town,-5.9249199,54.6778816
372,Saul,saul,hamlet,-5.6740367,54.3437601
372,Glynn,glynn,village,-5.8109984,54.8267821
372,Douglas Bridge,douglas bridge,hamlet,-7.4193116,54.7568875
372,Carrickmore,carrickmore,village,-7.053036,54.5974859
372,Middletown,middletown,village,-6.8442539,54.292796
372,Charlemont,charlemont,village,-6.6844923,54.4414537
372,Whitehead,whitehead,village,-5.7116235,54.7537033
372,Kells,kells,village,-6.2204439,54.8084156
372,Millisle,millisle,village,-5.5284632,54.60782
372,Sion Mills,sion mills,village,-7.4728557,54.7878773
372,Glen Anne,glen anne,hamlet,-6.4936933,54.2437172
372,Keady,keady,town,-6.7030739,54.249102
372,Acton,acton,hamlet,-6.3760869,54.3081632
372,Maghera,maghera,town,-6.6718648,54.8448023
372,Killinchy,killinchy,village,-5.6756451,54.4722828
372,Enniskillen,enniskillen,town,-7.638907,54.3448171
372,Cullyhanna,cullyhanna,village,-6.587296,54.1299789
372,Poyntzpass,poyntzpass,village,-6.3745902,54.2939101
372,Gulladuff,gulladuff,village,-6.6023231,54.8331756
372,Warrenpoint,warrenpoint,town,-6.2512827,54.0999923
372,Plumbridge,plumbridge,village,-7.2489281,54.7680613
372,Ballycastle,ballycastle,town,-6.250282,55.2006882
372,Burren,burren,village,-6.2594037,54.132919
372,Dromara,dromara,village,-6.0179819,54.379847
372,Lisnaskea,lisnaskea,town,-7.4424577,54.2519389
372,Irvinestown,irvinestown,town,-7.6334809,54.4720106
372,Seaforde,seaforde,hamlet,-5.8414557,54.3071475
372,Bellanaleck,bellanaleck,village,-7.6405962,54.2963537
372,Dromore,dromore,town,-6.1495064,54.4152683
372,Dunsany,dunsany,hamlet,-6.6183781,53.5438731
372,Rathbeggan,rathbeggan,village,-6.5029272,53.476839
372,Daly's Cross,daly's cross,hamlet,-8.4906757,52.7095815
372,Kilmurry,kilmurry,village,-8.782778,52.776111
372,Doogary Cross Roads,doogary cross roads,hamlet,-6.7859575,53.2598315
372,Carragh,carragh,village,-6.7300271,53.2388731
372,Fahy,fahy,village,-9.4902644,53.8497027
372,Carnacon,carnacon,village,-9.2205623,53.7315139
372,Bóthar Buí,bothar bui,village,-10.3562382,52.1994931
372,Ballymadun,ballymadun,hamlet,-6.3963321,53.5335069
372,Ballinea,ballinea,village,-7.4211789,53.5070692
372,Castledaly,castledaly,village,-7.7979047,53.3771553
372,Letterard,letterard,hamlet,-9.8573938,53.3706764
372,Knockcarren,knockcarren,hamlet,-8.3492537,52.4334526
372,Ruan,ruan,village,-8.9902306,52.9291574
372,Quay Village,quay village,hamlet,-9.1395919,54.1277256
372,Rineen,rineen,hamlet,-9.1772522,51.5464285
372,Old Town,old town,hamlet,-10.5115106,52.1049168
372,Lagavooren,lagavooren,hamlet,-6.362496,53.7003389
372,Bryanstown,bryanstown,hamlet,-6.35577,53.6971999
372,Four Roads,four roads,hamlet,-8.2228883,53.5156394
372,Cahore,cahore,village,-6.2029364,52.566184
372,Kilconly,kilconly,hamlet,-8.9748889,53.5741581
372,Model Village,model village,hamlet,-8.7442691,51.9253008
372,Ballyedmond,ballyedmond,village,-6.3406882,52.5528948
372,Curran,curran,hamlet,-6.6153953,54.7958741
372,Maam Cross,maam cross,village,-9.5407842,53.4559134
372,Seapoint,seapoint,hamlet,-6.2489034,53.7598638
372,Halls Cross,halls cross,hamlet,-6.2700848,53.7650035
372,Dunabrattin,dunabrattin,hamlet,-7.3052332,52.1367763
372,Ardoughan,ardoughan,hamlet,-9.1779821,54.1196255
372,Gurteens,gurteens,hamlet,-9.1853636,54.1179151
372,Silverbridge,silverbridge,hamlet,-6.5275181,54.1021348
372,Oram,oram,village,-6.6928467,54.1487713
372,Annsborough,annsborough,village,-5.9216427,54.263987
372,The Temple,the temple,village,-5.9065661,54.475006
372,Kiltyclogher,kiltyclogher,village,-8.0376991,54.3565387
372,Kilcloon,kilcloon,hamlet,-6.5752563,53.4232295
372,Kilclone,kilclone,hamlet,-6.5927409,53.4330411
372,The Loup,the loup,hamlet,-6.5984101,54.6991887
372,Aylesbury,aylesbury,hamlet,-6.363228,53.2754749
372,Lower Coolowen,lower coolowen,hamlet,-8.5293399,51.9406104
372,Curraghnalaght,curraghnalaght,hamlet,-8.5432067,51.9447091
372,Gurteen,gurteen,hamlet,-8.5856894,53.3649719
372,Tweedmount,tweedmount,hamlet,-8.5289708,51.9351389
372,Courtbrack,courtbrack,hamlet,-8.6446561,51.9682921
372,Old Kilmeadan,old kilmeadan,hamlet,-7.2418858,52.2462153
372,Carriganore,carriganore,hamlet,-7.1845445,52.2507902
372,Bearnadearg,bearnadearg,hamlet,-9.1699959,54.1171217
372,Little Island,little island,hamlet,-7.0536891,52.2487736
372,Glarryford,glarryford,village,-6.3580302,54.9529347
372,Ballyouskill,ballyouskill,village,-7.3287658,52.8436167
372,Curracloe,curracloe,village,-6.3882,52.3929762
372,Moyglare,moyglare,hamlet,-6.6056904,53.4016797
372,Drumree,drumree,hamlet,-6.5815977,53.5075497
372,Limerick,limerick,city,-8.6301239,52.661252
372,Kilkenny,kilkenny,city,-7.2514438,52.6506255
372,Ballaghmore,ballaghmore,hamlet,-7.6946347,52.9609053
372,Davidstown,davidstown,village,-6.6350045,52.4781071
372,Cut Bush,cut bush,village,-6.8309306,53.1231579
372,Marshalstown,marshalstown,village,-6.5973307,52.5497525
372,Emo,emo,village,-7.208369,53.0968171
372,Caim,caim,village,-6.6782578,52.5118379
372,Kilmyshall,kilmyshall,village,-6.6514283,52.6260916
372,Templeshanbo,templeshanbo,village,-6.6781014,52.5794899
372,Ballyaughlis,ballyaughlis,village,-5.9753504,54.5190163
372,Ballyskeagh,ballyskeagh,village,-6.0052795,54.5337501
372,Tullynacross,tullynacross,village,-6.016901,54.5233553
372,Mazetown,mazetown,village,-6.1164818,54.4973244
372,Milltown,milltown,village,-6.04041,54.5429324
372,Batterjohn,batterjohn,hamlet,-6.650197,53.5214309
372,Edenfinfagh,edenfinfagh,hamlet,-8.1677165,54.7934573
372,Burnside,burnside,village,-6.049787,54.7616686
372,Doagh,doagh,village,-6.0429206,54.7377917
372,Ballyrobert,ballyrobert,village,-6.0033328,54.7170296
372,Clady,clady,village,-6.1430796,54.6897913
372,Ballycarn,ballycarn,hamlet,-5.9579939,54.526386
372,Courtnacuddy,courtnacuddy,village,-6.694133,52.4819893
372,Adamstown,adamstown,village,-6.7187176,52.3933762
372,Bridgetown,bridgetown,village,-8.5254149,52.7626722
372,Rasharkin,rasharkin,village,-6.4804428,54.9551588
372,Galbally,galbally,village,-6.6397083,52.3991392
372,Durrus,durrus,village,-9.5234383,51.6215577
372,Edenderry,edenderry,village,-5.9609556,54.5404609
372,Purdysburn,purdysburn,village,-5.9306791,54.539715
372,Ballylesson,ballylesson,village,-5.9473023,54.5346763
372,Knockbracken,knockbracken,hamlet,-5.8975813,54.5401752
372,Ballyhea,ballyhea,village,-8.6687878,52.3094021
372,Effin,effin,village,-8.6109521,52.3624497
372,Lisvarrinane,lisvarrinane,village,-8.2273416,52.4115825
372,Kilross,kilross,hamlet,-8.2863744,52.4365739
372,Moys,moys,hamlet,-8.4407848,52.7974329
372,Cloonfada,cloonfada,hamlet,-8.4633079,52.7910479
372,Ballinahinch,ballinahinch,village,-8.3816247,52.7682029
372,Parteen,parteen,village,-8.6153829,52.6957346
372,Cardy,cardy,hamlet,-5.5477292,54.5573702
372,Ballycullen,ballycullen,hamlet,-5.729239,54.5945108
372,Ballybarnes,ballybarnes,hamlet,-5.7464051,54.6040573
372,Lisbane,lisbane,village,-5.7136031,54.5068671
372,Dromkeen,dromkeen,hamlet,-8.3869986,52.5819832
372,Glenroe,glenroe,hamlet,-8.4091296,52.3221086
372,Coosane,coosane,hamlet,-8.4574257,52.7613099
372,Chapel Hill,chapel hill,village,-8.5055501,52.7107901
372,Galway,galway,city,-9.0490601,53.2744122
372,Ballinacourty,ballinacourty,hamlet,-8.5059855,52.6961485
372,Rathgarogue,rathgarogue,village,-6.8656456,52.4297971
372,Owenahincha,owenahincha,hamlet,-9.0019652,51.5677669
372,Old Garden,old garden,hamlet,-8.5091499,52.6868671
372,New Garden,new garden,village,-8.5117112,52.6911843
372,Gusserane,gusserane,village,-6.859152,52.3068539
372,Ráth Chairn,rath chairn,village,-6.8643583,53.6164028
372,Shannonvale,shannonvale,village,-8.8797382,51.6484975
372,Castlesize,castlesize,hamlet,-6.6742479,53.2617526
372,Thomastown,thomastown,hamlet,-6.7438364,53.224941
372,Raheens,raheens,hamlet,-6.7452956,53.2342919
372,Derreens,derreens,hamlet,-6.761818,53.2296681
372,Oldtowndonore,oldtowndonore,hamlet,-6.7632772,53.2468253
372,Gingerstown,gingerstown,hamlet,-6.7227387,53.2359076
372,Stickens,stickens,hamlet,-6.7409611,53.245721
372,Donore,donore,hamlet,-6.7380858,53.2564795
372,Ballysize,ballysize,hamlet,-6.7148686,53.255812
372,Dean Hill Cross,dean hill cross,hamlet,-6.5855824,53.6571907
372,Skreen,skreen,hamlet,-6.5609171,53.5855333
372,Streedagh,streedagh,hamlet,-8.5664476,54.4034423
372,Whitecross,whitecross,hamlet,-6.4869442,54.2226903
372,Newry,newry,city,-6.337506,54.1775283
372,Culmullin,culmullin,hamlet,-6.6064134,53.4899436
372,Pelletstown Cross,pelletstown cross,hamlet,-6.575077,53.489036
372,Two Mile House,two mile house,village,-6.7008753,53.1705724
372,Ahory,ahory,hamlet,-6.4908188,54.35242
372,Laurelvale,laurelvale,village,-6.4520395,54.368001
372,Dunbell,dunbell,village,-7.151108,52.6233828
372,Lady's Island,lady's island,village,-6.3806842,52.2101067
372,Ennybegs,ennybegs,village,-7.72657,53.776285
372,Armaghbrague,armaghbrague,village,-6.6311892,54.2178581
372,Rosegreen,rosegreen,village,-7.8336227,52.4690792
372,Donabate,donabate,town,-6.1485698,53.4864092
372,Kilmead,kilmead,village,-6.8985913,53.0348868
372,Ballycommon,ballycommon,village,-8.2449906,52.8922585
372,Cullenstown,cullenstown,village,-6.7135619,52.219126
372,Castlecove,castlecove,hamlet,-10.0353796,51.7787754
372,Robert's Cove,robert's cove,village,-8.3135387,51.7443324
372,Old Leighlin,old leighlin,village,-7.0238712,52.7364256
372,Greystones,greystones,town,-6.0632184,53.1448901
372,Newtowncashel,newtowncashel,village,-7.9380153,53.5862758
372,Glendalough,glendalough,village,-6.3260909,53.0112891
372,Sallaghagrane,sallaghagrane,hamlet,-7.7530145,54.9482153
372,Ardaganny,ardaganny,hamlet,-7.7359001,54.9189384
372,Kirkneedy,kirkneedy,hamlet,-7.808257,54.9066418
372,Doon Glebe,doon glebe,hamlet,-7.8293296,54.9416927
372,Creve Glebe,creve glebe,hamlet,-7.7592473,54.9356641
372,Calhame,calhame,hamlet,-7.7419318,54.931128
372,Letterleague,letterleague,hamlet,-7.7705328,54.9185209
372,Carnamaddy,carnamaddy,hamlet,-7.7536412,54.8777912
372,Listack,listack,hamlet,-7.7701357,54.9055764
372,Mullaghfin,mullaghfin,hamlet,-7.7171844,54.8863823
372,Rockhill,rockhill,hamlet,-7.7718866,54.930544
372,Ballyboe,ballyboe,hamlet,-7.7428806,54.9250726
372,Rareagh,rareagh,hamlet,-7.8056097,54.8998837
372,Barrack,barrack,hamlet,-7.865386,54.9274569
372,Creeve,creeve,hamlet,-7.7516569,54.938954
372,Ardahee,ardahee,hamlet,-7.7929635,54.9335032
372,Milltown,milltown,hamlet,-7.8075687,54.9225888
372,Carygally,carygally,hamlet,-7.7154332,54.9297652
372,Conwal,conwal,hamlet,-7.780968,54.9406474
372,Drumkeen,drumkeen,village,-7.7499319,54.868143
372,Treantaboy,treantaboy,hamlet,-7.7320756,54.8820994
372,Glentillid,glentillid,hamlet,-7.7341322,54.9072506
372,Dooballagh,dooballagh,hamlet,-7.7212134,54.9049067
372,Roughan,roughan,hamlet,-7.7975089,54.9251751
372,Lismonaghan,lismonaghan,hamlet,-7.7404747,54.9342236
372,Bomany,bomany,hamlet,-7.7841193,54.9308165
372,Curragh,curragh,hamlet,-7.7217698,54.9235732
372,Drumanaught,drumanaught,hamlet,-7.8273177,54.9197286
372,Foxhall,foxhall,hamlet,-7.8411366,54.9413277
372,Corranagh,corranagh,hamlet,-7.71462,54.9218985
372,Cullion Carrygally,cullion carrygally,hamlet,-7.7164498,54.935158
372,Tommyscroft,tommyscroft,hamlet,-7.6915772,54.881348
372,Ballygawley,ballygawley,hamlet,-7.8636388,54.9333587
372,Craignasaggart,craignasaggart,hamlet,-7.7169247,54.9074028
372,Castletorrisen,castletorrisen,hamlet,-7.7008869,54.8896655
372,Scribly,scribly,hamlet,-7.7231253,54.9384868
372,Ballyconnelly,ballyconnelly,hamlet,-7.7876773,54.9275261
372,Lisnenan,lisnenan,hamlet,-7.7082992,54.9707989
372,Ballymaleel,ballymaleel,hamlet,-7.6712385,54.9823487
372,Glencar Irish,glencar irish,hamlet,-7.7502233,54.9644086
372,Roughpark,roughpark,hamlet,-7.6782373,54.9744956
372,Curraghlea,curraghlea,hamlet,-7.6899368,54.9792116
372,Bogay,bogay,hamlet,-7.6647619,54.9708382
372,Lisnanees Lower,lisnanees lower,hamlet,-7.688544,54.9790318
372,Glencar Scotch,glencar scotch,hamlet,-7.7655659,54.9631905
372,Ballaghderg,ballaghderg,hamlet,-7.7252095,54.9855855
372,Calhame,calhame,hamlet,-7.719116,54.991419
372,Kiltoy,kiltoy,hamlet,-7.7013665,54.963128
372,Knockybrin,knockybrin,hamlet,-7.706337,54.9835076
372,Castlewray,castlewray,hamlet,-7.6559873,54.9802707
372,Lisnanees Upper,lisnanees upper,hamlet,-7.6905984,54.9875234
372,Drumnaskea,drumnaskea,hamlet,-7.6706813,54.9933566
372,Windhall,windhall,hamlet,-7.7372746,54.9675631
372,Cornagill,cornagill,hamlet,-7.6717608,54.9669007
372,Woodland,woodland,hamlet,-7.6950205,54.9826085
372,Eighterross,eighterross,hamlet,-7.6456457,54.9889618
372,Greenhill,greenhill,hamlet,-7.6611406,54.9745555
372,Kirkstown,kirkstown,hamlet,-7.7822371,54.958373
372,Creagh,creagh,village,-8.2028811,53.3284942
372,Ballyboe Glencar,ballyboe glencar,hamlet,-7.7438219,54.9582478
372,Carnamogagh Lower,carnamogagh lower,hamlet,-7.7199477,54.9775907
372,Woodland,woodland,hamlet,-7.7017394,54.9752169
372,Raffeen Village,raffeen village,hamlet,-8.3612456,51.8377025
372,Crosspatrick,crosspatrick,village,-7.6025689,52.772087
372,Coolmore Cross,coolmore cross,hamlet,-8.3471563,51.8217122
372,Coolnasmear,coolnasmear,hamlet,-7.6463496,52.1401102
372,Fruit Hill,fruit hill,hamlet,-7.614077,52.1238315
372,Park,park,village,-7.0807098,54.865111
372,Ballygally,ballygally,village,-5.857875,54.8980658
372,Ballyshannon,ballyshannon,hamlet,-6.8168498,53.0870777
372,Courtwood Cross,courtwood cross,hamlet,-7.0811919,53.0864766
372,Little Island,little island,village,-8.3541241,51.9035274
372,Claudy,claudy,village,-7.1545728,54.9116339
372,Clonaghadoo,clonaghadoo,hamlet,-7.3728286,53.1803832
372,Ballycommon,ballycommon,village,-7.3651991,53.2821714
372,Coole,coole,hamlet,-8.3746085,52.9048769
372,Muckalee,muckalee,village,-7.1742347,52.7599936
372,Ballyfoyle,ballyfoyle,village,-7.234818,52.7186163
372,Mullinroe,mullinroe,hamlet,-7.5109639,53.8202276
372,Cloonagh,cloonagh,hamlet,-7.516784,53.8342003
372,Aghanoran,aghanoran,hamlet,-7.5306028,53.8468611
372,Kilmore,kilmore,hamlet,-7.5072268,53.8457775
372,Derrycassan,derrycassan,hamlet,-7.5405591,53.8301481
372,Dring,dring,hamlet,-7.5339179,53.8177558
372,Inchmore,inchmore,hamlet,-7.56545,53.8238663
372,Aghakine,aghakine,hamlet,-7.5866502,53.841544
372,Carragh,carragh,hamlet,-7.4801873,53.7860995
372,Balnagall,balnagall,hamlet,-7.5119875,53.7833991
372,Gallid,gallid,hamlet,-7.5227271,53.7899722
372,Clogh,clogh,hamlet,-7.517116,53.7981291
372,Carrickduff,carrickduff,hamlet,-7.5261174,53.8093114
372,Dalystown,dalystown,hamlet,-7.5073506,53.806966
372,Cartroncar,cartroncar,hamlet,-7.5795183,53.7411389
372,Killinawas,killinawas,hamlet,-7.58739,53.7363243
372,Asnagh,asnagh,hamlet,-7.5459273,53.7295436
372,Ardagullion,ardagullion,hamlet,-7.531894,53.7343773
372,Tonywardan,tonywardan,hamlet,-7.529671,53.7461508
372,Graffoge,graffoge,hamlet,-7.5776268,53.759038
372,Coolagherty,coolagherty,hamlet,-7.5666769,53.7549106
372,Leitrim,leitrim,hamlet,-7.5433953,53.7577257
372,Aghaboy,aghaboy,hamlet,-7.557051,53.7473689
372,Tully,tully,hamlet,-7.5602095,53.7378981
372,Coolcor,coolcor,hamlet,-7.5643015,53.788002
372,Ballinlough,ballinlough,hamlet,-7.5837401,53.7883633
372,Cloonfin,cloonfin,hamlet,-7.585888,53.7714938
372,Killeen,killeen,hamlet,-7.5713375,53.7761135
372,Willsbrook,willsbrook,hamlet,-7.5671984,53.7645051
372,Ballymacroly,ballymacroly,hamlet,-7.5338102,53.7668071
372,Muckerstaff,muckerstaff,hamlet,-7.552886,53.7638309
372,Ballygilchrist,ballygilchrist,hamlet,-7.5307847,53.7813589
372,Ballymore,ballymore,hamlet,-7.5544675,53.7786267
372,Rathcor,rathcor,hamlet,-7.5421551,53.785042
372,Tober,tober,hamlet,-7.5545168,53.7958976
372,Rathbrackan,rathbrackan,hamlet,-7.5423718,53.7962918
372,Cranally,cranally,hamlet,-7.5669087,53.8041148
372,Cartronamarkey,cartronamarkey,hamlet,-7.5733975,53.798377
372,Halfcartron,halfcartron,hamlet,-7.5950697,53.7913295
372,Ferskill,ferskill,hamlet,-7.5201782,53.7548484
372,Ballinulty Lower,ballinulty lower,hamlet,-7.5453694,53.8141142
372,Ballinulty Upper,ballinulty upper,hamlet,-7.5342822,53.80022
372,Purth,purth,hamlet,-7.5626707,53.8142599
372,Ballinrooey,ballinrooey,hamlet,-7.5589178,53.8108822
372,Cartron,cartron,hamlet,-7.5063229,53.762031
372,Greville,greville,hamlet,-7.4830563,53.7588927
372,Aghabrack,aghabrack,hamlet,-7.480445,53.7561462
372,Lisnaneane,lisnaneane,hamlet,-7.489543,53.7424676
372,Castlenugent,castlenugent,hamlet,-7.5020743,53.7406903
372,Rinroe,rinroe,hamlet,-7.4555047,53.7424999
372,Toneen,toneen,hamlet,-7.471776,53.7517254
372,Moatfield,moatfield,hamlet,-7.5025893,53.7742445
372,Teemore,teemore,hamlet,-7.500701,53.7711635
372,Ballymaurice,ballymaurice,hamlet,-7.4925256,53.7572968
372,Camagh,camagh,hamlet,-7.4137051,53.7339203
372,Cooldoney,cooldoney,hamlet,-7.4270132,53.74568
372,Rincoolagh,rincoolagh,hamlet,-7.4465912,53.7463678
372,Melkernagh,melkernagh,hamlet,-7.444439,53.7337617
372,Rossan,rossan,hamlet,-7.4579144,53.7339394
372,Cloonaghmore,cloonaghmore,hamlet,-7.443703,53.7594001
372,Ballyboy,ballyboy,hamlet,-7.4496318,53.7565002
372,Ranaghanbaun,ranaghanbaun,hamlet,-7.4290324,53.756197
372,Coolcraff,coolcraff,hamlet,-7.402691,53.7435456
372,Kilbride,kilbride,hamlet,-7.4604829,53.7666048
372,Tonymore North,tonymore north,hamlet,-7.4338818,53.7725844
372,Tonymore South,tonymore south,hamlet,-7.4159603,53.7610429
372,Ranaghan,ranaghan,hamlet,-7.4317725,53.7608717
372,Ballybrien,ballybrien,hamlet,-7.5326236,53.7720075
372,Higginstown,higginstown,hamlet,-7.4851013,53.7697545
372,Tennyphobble,tennyphobble,hamlet,-7.4780846,53.7660144
372,Robinstown,robinstown,hamlet,-7.4676562,53.7607124
372,Kinkillew,kinkillew,hamlet,-7.4694007,53.7697767
372,Grassyard,grassyard,hamlet,-7.4947144,53.783894
372,Mullingee,mullingee,hamlet,-7.5040912,53.782791
372,Rathcronan,rathcronan,hamlet,-7.4914098,53.7751194
372,Churchquarter,churchquarter,hamlet,-7.5028843,53.7802404
372,Granardkill,granardkill,hamlet,-7.5151614,53.7761338
372,Toberfelim,toberfelim,hamlet,-7.4566055,53.7774912
372,Tromra,tromra,hamlet,-7.5003169,53.7914766
372,Ballinrud West,ballinrud west,hamlet,-7.4794118,53.7929412
372,Ballynacross,ballynacross,hamlet,-7.4739583,53.776641
372,Cartronbore,cartronbore,hamlet,-7.4619484,53.7859991
372,Kilfintan,kilfintan,hamlet,-7.4710574,53.7286218
372,Aghamore,aghamore,hamlet,-7.4834063,53.7376453
372,Crancam,crancam,hamlet,-7.4827412,53.7303215
372,Queensland,queensland,hamlet,-7.483975,53.7341562
372,Balloo,balloo,hamlet,-7.4719436,53.7206348
372,Caherdague,caherdague,hamlet,-7.5003784,53.7106662
372,Moatavally,moatavally,hamlet,-7.5041742,53.7073711
372,Freaghmeen,freaghmeen,hamlet,-7.4930398,53.7070847
372,Curry,curry,hamlet,-7.4928038,53.715937
372,Coolamber,coolamber,hamlet,-7.4791546,53.7135179
372,Coolamber Manor,coolamber manor,hamlet,-7.5226728,53.7192639
372,Ballaghgowla,ballaghgowla,hamlet,-7.5046645,53.7239248
372,Froghan,froghan,hamlet,-7.5038073,53.7174748
372,Aghareagh,aghareagh,hamlet,-7.4956791,53.7234786
372,Moneyhoolaghan,moneyhoolaghan,hamlet,-7.4858247,53.7197349
372,Lechurragh,lechurragh,hamlet,-7.5104849,53.7277182
372,Drumman,drumman,hamlet,-7.516167,53.7362464
372,Keadue,keadue,village,-8.1391139,54.051804
372,Conahy,conahy,hamlet,-7.2872303,52.7603877
372,Fisherstown,fisherstown,village,-7.0768328,53.098388
372,Kilrush,kilrush,hamlet,-8.0631051,51.9616333
372,Bond Bridge,bond bridge,hamlet,-6.8591592,53.2807393
372,Clontubrid,clontubrid,hamlet,-7.4034905,52.7572523
372,Coolcap,coolcap,hamlet,-8.0393876,51.9645842
372,Ballygibbon,ballygibbon,hamlet,-8.0563821,51.9631034
372,Moneyslane,moneyslane,village,-6.0875875,54.288169
372,Analore,analore,hamlet,-7.1771878,54.1770448
372,Ongar,ongar,village,-6.4387791,53.3953687
372,Ballyfin,ballyfin,hamlet,-7.4103119,53.0565889
372,Wright's Cross,wright's cross,hamlet,-6.9648486,52.9644947
372,Abbeyknockmoy,abbeyknockmoy,village,-8.7492064,53.4371103
372,Rahara,rahara,village,-8.1448123,53.5254542
372,Carrabane,carrabane,hamlet,-8.6289434,53.2275584
372,Ballinlass,ballinlass,hamlet,-8.3645652,53.4881478
372,Curraghboy,curraghboy,hamlet,-8.1104745,53.4839045
372,Dysart,dysart,village,-8.2172739,53.4644442
372,Clonakenny,clonakenny,village,-7.8338637,52.8753628
372,Rosscahill,rosscahill,hamlet,-9.2459517,53.3871756
372,Clonigulane,clonigulane,hamlet,-9.2897646,52.7412566
372,Martinstown,martinstown,village,-6.2244391,54.9641208
372,Townrath,townrath,hamlet,-6.3259651,53.7442256
372,Belleview,belleview,hamlet,-6.3145106,53.7517333
372,Ballymaglane,ballymaglane,hamlet,-6.3008313,53.7660399
372,Piperstown,piperstown,hamlet,-6.343693,53.7804989
372,Drumshallon,drumshallon,hamlet,-6.3405173,53.7856209
372,Sraith Salach,sraith salach,village,-9.7256654,53.4665017
372,Ballyhalbert,ballyhalbert,village,-5.4605996,54.4948453
372,Johnstown,johnstown,village,-7.5570295,52.7485188
372,Boherquill,boherquill,hamlet,-7.4684158,53.7035097
372,Lismcaffrey,lismcaffrey,hamlet,-7.4618543,53.7136331
372,Drumaness,drumaness,village,-5.852217,54.3695125
372,Broomhedge,broomhedge,village,-6.137241,54.4976145
372,Buloughera,buloughera,hamlet,-9.202944,52.7154969
372,Carran,carran,hamlet,-9.076322,53.0357262
372,Annestown,annestown,village,-7.2748236,52.1406807
372,Cill Ulta,cill ulta,hamlet,-8.1297894,55.1323355
372,Garbally,garbally,hamlet,-7.6564979,53.2197205
372,Machaire Rabhartaigh,machaire rabhartaigh,hamlet,-8.1728335,55.1411146
372,Inchinattin,inchinattin,hamlet,-9.0277416,51.6483032
372,Reenascreena,reenascreena,hamlet,-9.0557879,51.625998
372,Coolick,coolick,hamlet,-9.5039437,52.1251469
372,Killiney,killiney,village,-6.1148407,53.2642381
372,Ceann Trá,ceann tra,village,-10.3594144,52.1324747
372,Kilmacanogue,kilmacanogue,village,-6.1372989,53.168459
372,Belfast,belfast,city,-5.9301829,54.596391
372,Ballivor,ballivor,village,-6.9647861,53.5328122
372,Cahersiveen,cahersiveen,town,-10.2238403,51.9471727
372,Portmagee,portmagee,village,-10.3660444,51.8857163
372,Goatstown,goatstown,village,-6.2293398,53.2927477
372,Bearna,bearna,village,-9.1514025,53.2518602
372,Tallaght,tallaght,town,-6.362355,53.2878082
372,Moyne,moyne,village,-7.7138747,52.7337645
372,Cloughjordan,cloughjordan,town,-8.0392342,52.9429227
372,Cork,cork,city,-8.4726423,51.8985136
372,Rush,rush,town,-6.0908956,53.5220444
372,Tullyallen,tullyallen,village,-6.4188767,53.7367743
372,Castleisland,castleisland,town,-9.4636716,52.2311711
372,Ballydesmond,ballydesmond,village,-9.2370129,52.1801688
372,Nursetown More,nursetown more,hamlet,-8.7083989,52.0722774
372,Bweeng,bweeng,village,-8.7292758,52.04701
372,Lombardstown,lombardstown,village,-8.7804791,52.1187341
372,Boherbue,boherbue,village,-9.0693498,52.158953
372,Kiskeam,kiskeam,village,-9.1599963,52.1764225
372,Cloghroe,cloghroe,village,-8.6185995,51.9197148
372,Blackrock,blackrock,village,-6.3663076,53.9632126
372,Ballyboy,ballyboy,village,-7.6971648,53.1737844
372,Kilcormac,kilcormac,town,-7.7273301,53.1759088
372,Ballylooby,ballylooby,village,-7.9843783,52.3276684
372,Edgeworthstown,edgeworthstown,town,-7.6097215,53.6966661
372,Claremorris,claremorris,town,-8.9987858,53.7197301
372,Farranfore,farranfore,village,-9.5497894,52.1704818
372,Cullahill,cullahill,village,-7.4750492,52.8186037
372,Summerhill,summerhill,village,-6.7321526,53.4807969
372,Newcastle West,newcastle west,town,-9.0529331,52.4488928
372,Dundalk,dundalk,town,-6.4008879,54.0046033
372,Belpere Cross,belpere cross,hamlet,-6.6040565,53.5568207
372,Corballis,corballis,hamlet,-6.6112979,53.5523902
372,Killien,killien,hamlet,-6.5898831,53.5272187
372,Allen,allen,village,-6.8563924,53.2396605
372,Street,street,village,-7.4896925,53.6825711
372,Clady,clady,village,-6.5084172,54.8696116
372,Drombane,drombane,hamlet,-9.6056605,51.8246618
372,Gortlicka,gortlicka,hamlet,-9.6080347,51.8462102
372,Ardgroom,ardgroom,village,-9.8971797,51.7341152
372,Rossnasonsogue,rossnasonsogue,hamlet,-9.5376303,51.7606257
372,Curry,curry,village,-8.7735669,54.0015811
372,Kinsealey,kinsealey,village,-6.1763165,53.4250981
372,Kilsheelan,kilsheelan,village,-7.5803186,52.3613283
372,Ballydonegan,ballydonegan,village,-10.0552459,51.630667
372,Eyeries,eyeries,village,-9.9577621,51.6936698
372,Allihies,allihies,village,-10.0444403,51.6413687
372,Ballynakilla,ballynakilla,village,-9.8597961,51.638531
372,Kilcatherine,kilcatherine,hamlet,-9.9687538,51.7283692
372,Macosquin,macosquin,village,-6.7079004,55.0985326
372,Goggins Hill,goggins hill,hamlet,-8.5664988,51.8146109
372,Crossbarry,crossbarry,village,-8.645769,51.8019896
372,Tallow,tallow,town,-8.0078242,52.0931727
372,Cappoquin,cappoquin,town,-7.8498011,52.1461607
372,Villierstown,villierstown,village,-7.8515807,52.0888598
372,Rathcormack,rathcormack,village,-8.2797316,52.078088
372,Grange,grange,village,-8.5240949,54.3923808
372,Sutton,sutton,village,-6.1098089,53.3893873
372,Málainn Bhig,malainn bhig,village,-8.7817659,54.6684158
372,Whitegate,whitegate,village,-8.2320498,51.8254941
372,Lisburn,lisburn,city,-6.046717,54.5112856
372,Ramelton,ramelton,town,-7.6436895,55.0373603
372,Robinstown,robinstown,village,-6.7274552,53.5945146
372,Knightstown,knightstown,village,-10.2884353,51.9256079
372,Annascaul,annascaul,village,-10.055479,52.1510926
372,Innishannon,innishannon,village,-8.6578489,51.7654182
372,Donacarney,donacarney,village,-6.2787884,53.7103316
372,Greenane,greenane,hamlet,-9.8540826,51.6261732
372,Rathmave,rathmave,hamlet,-6.6077888,53.5672105
372,Tinryland,tinryland,village,-6.8951343,52.7978645
372,Clologe,clologe,village,-6.4312606,52.5965322
372,Ballymoney,ballymoney,village,-6.2201534,52.6810243
372,Glencar,glencar,village,-9.8575406,51.9949695
372,Dawros,dawros,hamlet,-9.6277034,51.8520634
372,Killaha East,killaha east,hamlet,-9.59079,51.86667
372,Derrycreveen West,derrycreveen west,hamlet,-9.9050945,51.6308938
372,Lonehort,lonehort,hamlet,-9.7995266,51.6396669
372,Adrigole,adrigole,village,-9.7220632,51.6952655
372,Cappaleigh South,cappaleigh south,hamlet,-9.7157336,51.6894802
372,Clydagh,clydagh,hamlet,-9.738425,51.6796059
372,Dromgarvan,dromgarvan,hamlet,-9.7187046,51.6913219
372,Reen,reen,hamlet,-9.7371656,51.684912
372,Parkmore,parkmore,hamlet,-9.9568883,51.6867744
372,Clerihan,clerihan,village,-7.7546887,52.4118843
372,Kilmurry,kilmurry,village,-8.8814038,51.8422707
372,Coppeen,coppeen,hamlet,-8.9917957,51.794755
372,Aughnagurgan,aughnagurgan,hamlet,-6.6703239,54.2036191
372,Manorcunningham,manorcunningham,village,-7.6222695,54.9546405
372,Ballyduff,ballyduff,village,-6.4702383,52.6354484
372,Victoria Bridge,victoria bridge,village,-7.4559465,54.7609233
372,Brusna,brusna,village,-8.6475589,53.9156897
372,Dernacartha,dernacartha,village,-8.6386804,53.9531005
372,Lisacul,lisacul,village,-8.6318087,53.859118
372,Butlerstown,butlerstown,village,-8.7277853,51.5995845
372,Bocarnagh,bocarnagh,hamlet,-9.5537037,51.7224852
372,Derryconnery,derryconnery,hamlet,-9.5617609,51.7353047
372,Furkeal,furkeal,hamlet,-9.5790087,51.7259405
372,Kealagowlane,kealagowlane,hamlet,-9.6292296,51.7116166
372,Tooreennagrena,tooreennagrena,hamlet,-9.6176709,51.7111995
372,Tracashel,tracashel,hamlet,-9.584576,51.7130574
372,Mullinacuft,mullinacuft,hamlet,-6.5328308,52.7942185
372,Clonoulty,clonoulty,village,-7.9595552,52.6019326
372,Cartron More,cartron more,hamlet,-8.5426043,53.8606725
372,Bready,bready,village,-7.421508,54.9159733
372,Magheramason,magheramason,village,-7.3860575,54.9396882
372,Ballylevin,ballylevin,hamlet,-7.5712127,54.9882474
372,Coolnagun,coolnagun,hamlet,-7.4360133,53.6930592
372,Cloonagh,cloonagh,hamlet,-9.9034028,53.6009202
372,Greencastle,greencastle,village,-7.0795335,54.6878471
372,Broughshane,broughshane,village,-6.2037804,54.8936924
372,Ballymoney,ballymoney,town,-6.5172758,55.0702727
372,Foxhole,foxhole,hamlet,-7.8584027,51.971369
372,Askanagap,askanagap,village,-6.413722,52.8701924
372,Kilnagross,kilnagross,village,-7.9542058,53.9862826
372,Walshisland,walshisland,village,-7.22224,53.2356379
372,Copperalley,copperalley,hamlet,-7.869043,51.9627046
372,Courtstown,courtstown,hamlet,-8.333169,51.900505
372,Tuosist,tuosist,village,-9.7559849,51.8044087
372,Ballybrophy,ballybrophy,village,-7.6045886,52.8997223
372,Aughnacliffe,aughnacliffe,village,-7.6040301,53.850985
372,An Sean Phobal,an sean phobal,village,-7.6382643,52.006634
372,Caladh Thaidhg,caladh thaidhg,hamlet,-9.6227973,53.2598912
372,Naas,naas,town,-6.6574093,53.2214677
372,Sligo,sligo,town,-8.4751357,54.2720696
372,Killyrammer,killyrammer,hamlet,-6.4359877,55.0713783
372,Gortroe,gortroe,hamlet,-9.5110062,51.7721661
372,Cappalusk,cappalusk,hamlet,-8.5646162,53.3701072
372,Faha,faha,hamlet,-8.5618184,53.3534705
372,Gortnahultra,gortnahultra,hamlet,-8.5520097,53.3662197
372,Corkley,corkley,hamlet,-6.6471534,54.2245761
372,Killyfaddy,killyfaddy,village,-6.651153,54.2910284
372,Scrahanagaur,scrahanagaur,hamlet,-9.8885735,51.8447668
372,Derragh,derragh,hamlet,-7.3937159,53.7605352
372,Loch Gowna,loch gowna,village,-7.5338696,53.8732649
372,Blue Ball,blue ball,village,-7.6156073,53.2283728
372,Ballyporeen,ballyporeen,village,-8.1000966,52.2701561
372,Mucklagh,mucklagh,village,-7.5492754,53.2510054
372,Mullaghduff,mullaghduff,hamlet,-8.3399078,55.0284102
372,Baconstown,baconstown,village,-6.8032272,53.4434773
372,Durrow,durrow,village,-7.5106552,53.3303689
372,Kilclogh,kilclogh,hamlet,-8.2198861,52.1860048
372,Moorepark,moorepark,hamlet,-8.2421246,52.168084
372,Barnahown,barnahown,hamlet,-8.0937383,52.2161728
372,Lyre,lyre,hamlet,-8.1310013,52.2306659
372,Knocknacally,knocknacally,hamlet,-7.8791194,51.9456803
372,Gortnaclohy,gortnaclohy,hamlet,-9.2492091,51.5507858
372,Tragumna,tragumna,hamlet,-9.2644464,51.5017706
372,Ballyguyroe South,ballyguyroe south,hamlet,-8.4754363,52.2486925
372,Shepperton,shepperton,hamlet,-9.1778256,51.5693177
372,Shadeoge Cross,shadeoge cross,hamlet,-7.0187956,52.9443682
372,Ahane,ahane,hamlet,-8.4967594,52.6695454
372,Pound Cross,pound cross,hamlet,-6.9682362,52.9371943
372,Tankardstown,tankardstown,hamlet,-8.453592,52.2596843
372,Ballykelly,ballykelly,hamlet,-8.672155,52.7933969
372,Coolyslin Lower,coolyslin lower,hamlet,-7.5866763,54.7934182
372,Coolyslin Upper,coolyslin upper,hamlet,-7.5979336,54.7706448
372,Ballymaddock Cross,ballymaddock cross,hamlet,-7.1749471,53.0353159
372,Alley Cross,alley cross,hamlet,-7.2227993,53.0761794
372,Trineens,trineens,hamlet,-8.8172992,51.6077042
372,Mount Henry Cross,mount henry cross,hamlet,-7.1494465,53.1263387
372,Old Pound,old pound,hamlet,-7.1531824,53.1166455
372,Graig,graig,hamlet,-8.4943236,52.241141
372,Waterdyke,waterdyke,hamlet,-8.4841955,52.2296873
372,Aghakilmore,aghakilmore,hamlet,-7.5959337,53.8019178
372,Monavea Cross,monavea cross,hamlet,-7.0703362,52.8242197
372,Geneva Cross,geneva cross,hamlet,-7.1254752,52.8475042
372,Graham's Cross,graham's cross,hamlet,-7.0713235,52.8567255
372,Gregory's Cross Roads,gregory's cross roads,hamlet,-7.0814033,52.8899201
372,Molly,molly,hamlet,-7.6146019,53.8129133
372,Gelshagh,gelshagh,hamlet,-7.6166618,53.8013321
372,Aghagreagh,aghagreagh,hamlet,-7.6364754,53.8055764
372,Derreenavoggy,derreenavoggy,hamlet,-7.6382586,53.8170023
372,Aghacordrinan,aghacordrinan,hamlet,-7.620942,53.8239781
372,Carrickadorrish,carrickadorrish,hamlet,-7.6161355,53.8366673
372,Aghamore Upper,aghamore upper,hamlet,-7.635147,53.8282843
372,Doyle's Cross,doyle's cross,hamlet,-7.1178911,52.8983804
372,Mooney's Cross,mooney's cross,hamlet,-7.0888094,52.9076918
372,Keating's Cross,keating's cross,hamlet,-7.1078044,52.923646
372,Phelim's Cross,phelim's cross,hamlet,-7.1370667,52.9231736
372,Sonnagh,sonnagh,hamlet,-7.5982862,53.8300637
372,Graigue Cross,graigue cross,hamlet,-7.2427414,52.9147226
372,Larchfield Cross,larchfield cross,hamlet,-7.3206721,52.9386602
372,Tonduff Cross,tonduff cross,hamlet,-7.3509886,52.935497
372,Corbally Cross,corbally cross,hamlet,-7.3464491,52.9495889
372,Dooary Cross,dooary cross,hamlet,-7.2857638,52.9380971
372,Legga,legga,village,-7.6604358,53.898741
372,Aghagah,aghagah,hamlet,-7.6255115,53.9214055
372,Drumard,drumard,hamlet,-7.6611632,53.9098421
372,Corglass,corglass,hamlet,-7.6805566,53.9068135
372,Cloonelly,cloonelly,hamlet,-7.685582,53.8915103
372,Garvary,garvary,hamlet,-7.6788872,53.8767127
372,Fostragh,fostragh,hamlet,-7.6359516,53.8481325
372,Glenmore,glenmore,hamlet,-7.6487596,53.8348156
372,Derrymore,derrymore,hamlet,-10.126648,51.9306657
372,Abbeylara,abbeylara,hamlet,-7.4486744,53.7718575
372,Lisryan,lisryan,hamlet,-7.4984413,53.7295809
372,Clonca,clonca,hamlet,-7.5198006,53.7029838
372,Corclaragh,corclaragh,hamlet,-7.5358938,53.6989951
372,Monadarragh,monadarragh,hamlet,-7.5522016,53.6928207
372,Longfield,longfield,hamlet,-7.5501417,53.6993762
372,Clonwhelan,clonwhelan,hamlet,-7.5409554,53.6816357
372,Kilsallagh,kilsallagh,hamlet,-7.5595549,53.6769433
372,Lissanure,lissanure,hamlet,-7.5812701,53.6692148
372,Gneeve,gneeve,hamlet,-7.5868069,53.679558
372,Barne,barne,hamlet,-7.5986529,53.6756216
372,Ballindagny and Cullyvore,ballindagny and cullyvore,hamlet,-7.6295916,53.6900067
372,Abbey Land,abbey land,hamlet,-7.6230255,53.6917093
372,Lackan,lackan,hamlet,-7.6493808,53.7002793
372,Ballynagoshen,ballynagoshen,hamlet,-7.6693975,53.7059268
372,Goshen Cross,goshen cross,hamlet,-7.6728179,53.7060932
372,Corboy,corboy,hamlet,-7.6880191,53.7166356
372,Lisnanagh,lisnanagh,hamlet,-7.6558792,53.7121946
372,Ballyhoolivan,ballyhoolivan,hamlet,-7.6613014,53.7251629
372,Bracklon,bracklon,hamlet,-7.6264908,53.7125853
372,Keelogenasause,keelogenasause,hamlet,-7.612157,53.7068194
372,Lisnageeragh,lisnageeragh,hamlet,-7.6024153,53.7105533
372,Ringowney,ringowney,hamlet,-7.5397407,53.7118124
372,Rinvanny,rinvanny,hamlet,-7.5891363,53.7251449
372,Cranalagh Beg,cranalagh beg,hamlet,-7.5663053,53.7256527
372,Cranalagh More,cranalagh more,hamlet,-7.5778066,53.7140475
372,Kilcourcey,kilcourcey,hamlet,-7.5790082,53.7303498
372,Rinnenny,rinnenny,hamlet,-7.5784487,53.7024601
372,Culloge,culloge,hamlet,-7.5722689,53.6982935
372,Lissanore,lissanore,hamlet,-7.5672457,53.7067775
372,Cam,cam,hamlet,-7.5668422,53.6885172
372,Lisnagrish,lisnagrish,hamlet,-7.5832251,53.6826272
372,Aghafin,aghafin,hamlet,-7.5936115,53.7018885
372,Curry,curry,hamlet,-7.5879037,53.6949028
372,Aghadonagh,aghadonagh,hamlet,-7.59574,53.6929424
372,Garryandrew,garryandrew,hamlet,-7.5980553,53.6859526
372,Tinnynarr,tinnynarr,hamlet,-7.6206738,53.6942625
372,Camlisk More,camlisk more,hamlet,-7.6352223,53.7043051
372,Camlisk Beg,camlisk beg,hamlet,-7.6345487,53.698328
372,Moatfarrell,moatfarrell,hamlet,-7.6437,53.7269463
372,Cartronreagh,cartronreagh,hamlet,-7.6183311,53.7204797
372,Kiltykeary,kiltykeary,hamlet,-7.6154171,53.725444
372,Firmount,firmount,hamlet,-7.5986761,53.7336137
372,Lissard,lissard,hamlet,-7.6041307,53.7262549
372,Lismagoneen,lismagoneen,hamlet,-7.6034011,53.7379583
372,Sheeroe,sheeroe,hamlet,-7.6114263,53.7367906
372,Whitehill,whitehill,hamlet,-7.6248514,53.7327693
372,Kilderreen,kilderreen,hamlet,-7.6091529,53.7405852
372,Castlebrock,castlebrock,hamlet,-7.62177,53.7406867
372,Corbeagh,corbeagh,hamlet,-7.640567,53.745509
372,Lissameen,lissameen,hamlet,-7.653699,53.7438339
372,Drumnacross,drumnacross,hamlet,-7.6629187,53.7383799
372,Glenoghil,glenoghil,hamlet,-7.6772588,53.75076
372,Garvagh,garvagh,hamlet,-7.6655177,53.7614987
372,Cavan,cavan,hamlet,-7.6725752,53.7721975
372,Vicarsfield Glebe,vicarsfield glebe,hamlet,-7.6663107,53.7687287
372,Currycahill,currycahill,hamlet,-7.6631672,53.7721807
372,Ballinalee,ballinalee,hamlet,-7.6587469,53.7772022
372,Leitrim,leitrim,hamlet,-7.6428682,53.7788753
372,Derryneel,derryneel,hamlet,-7.6362371,53.7801765
372,Kilshruley,kilshruley,hamlet,-7.6294779,53.7815078
372,Ballyreaghan,ballyreaghan,hamlet,-7.6247551,53.7707283
372,Tullybaun,tullybaun,hamlet,-7.6125371,53.7681208
372,Ballynascraw,ballynascraw,hamlet,-7.6061223,53.760357
372,Prucklishtown,prucklishtown,hamlet,-7.5912737,53.7611053
372,Laughil,laughil,hamlet,-7.5832775,53.7499507
372,Laughil,laughil,hamlet,-7.5813034,53.7527928
372,Lisraghtigan,lisraghtigan,hamlet,-7.5725916,53.7448498
372,Lisduff,lisduff,hamlet,-7.5929326,53.7437614
372,Roos,roos,hamlet,-7.6025735,53.7512694
372,Breaghy,breaghy,hamlet,-7.6053201,53.7450012
372,Aghamore,aghamore,hamlet,-7.6181371,53.7585587
372,Listraghee,listraghee,hamlet,-7.6255919,53.7659107
372,School Land,school land,hamlet,-7.6455365,53.7740246
372,Clooncoose,clooncoose,hamlet,-7.6366745,53.7716532
372,Ederland,ederland,hamlet,-7.6478754,53.770068
372,Gorteenrevagh,gorteenrevagh,hamlet,-7.6552568,53.771184
372,Gorteen,gorteen,hamlet,-7.6609259,53.7658363
372,Acres,acres,hamlet,-7.6520811,53.7673793
372,France,france,hamlet,-7.6430925,53.7647716
372,Currygrane,currygrane,hamlet,-7.6508365,53.7553161
372,Drummeel,drummeel,hamlet,-7.6275164,53.7532526
372,Knockmoody,knockmoody,hamlet,-7.6178693,53.7776354
372,Clonbroney,clonbroney,hamlet,-7.60653,53.7726976
372,Drumnahara,drumnahara,hamlet,-7.6293865,53.7869502
372,Aghnashannagh,aghnashannagh,hamlet,-7.6544244,53.7844262
372,Kilyclogh,kilyclogh,hamlet,-7.6603854,53.7947652
372,Aghaward,aghaward,hamlet,-7.6475794,53.7948894
372,Lislea,lislea,hamlet,-7.6353641,53.795584
372,Carrickateane,carrickateane,hamlet,-7.6659759,53.8235532
372,Castlebaun,castlebaun,hamlet,-7.6700121,53.8120763
372,Carrowlinan,carrowlinan,hamlet,-7.6707846,53.8056905
372,Newtownbond,newtownbond,hamlet,-7.6739521,53.7234073
372,Glannagh,glannagh,hamlet,-7.6718455,53.7328771
372,Kilmoyle,kilmoyle,hamlet,-7.6895263,53.7331678
372,Ballygarve,ballygarve,hamlet,-7.7080657,53.7292581
372,Creeve,creeve,hamlet,-7.7182796,53.736011
372,Lissavaddy,lissavaddy,hamlet,-7.7289477,53.7314103
372,Carrickglass Demesne,carrickglass demesne,hamlet,-7.7347413,53.7395081
372,Cullyfad,cullyfad,village,-7.716631,53.7435692
372,Killyfad,killyfad,hamlet,-7.7163364,53.7459846
372,Farraghroe,farraghroe,hamlet,-7.6978958,53.7435351
372,Killoe Glebe,killoe glebe,hamlet,-7.7025822,53.7503542
372,McCormack's Cross,mccormack's cross,hamlet,-7.1963082,52.9272964
372,Drumhaughly,drumhaughly,hamlet,-7.7172378,53.7542112
372,Mucknagh,mucknagh,hamlet,-7.7137187,53.7586514
372,Kiltyreher,kiltyreher,hamlet,-7.7415254,53.7534222
372,Cloonee,cloonee,hamlet,-7.7344988,53.7612192
372,Kiltyreher,kiltyreher,hamlet,-7.7298146,53.7496992
372,Killeenatruan,killeenatruan,hamlet,-7.7443706,53.76663
372,Killeter,killeter,hamlet,-7.7239,53.768195
372,Rhine,rhine,hamlet,-7.6958334,53.7616325
372,Bundoon,bundoon,hamlet,-7.7507856,53.7749866
372,Bohernameeltoge,bohernameeltoge,hamlet,-7.7572994,53.7795542
372,Aghnamaddoo,aghnamaddoo,hamlet,-7.7743797,53.7837128
372,Ballincurry,ballincurry,hamlet,-7.7813245,53.7881581
372,Bawn,bawn,hamlet,-7.7711555,53.7913392
372,Kilnacarrow,kilnacarrow,hamlet,-7.6838424,53.7700725
372,Oghil,oghil,hamlet,-7.7444057,53.7951421
372,Clontumpher,clontumpher,hamlet,-7.7184848,53.7867761
372,Drumnacooha,drumnacooha,hamlet,-7.6965616,53.7986545
372,Soran,soran,hamlet,-7.6813695,53.7922666
372,Corneddan,corneddan,hamlet,-7.717943,53.8012485
372,Cornafunshin,cornafunshin,hamlet,-7.6990603,53.8144259
372,Derrynacross,derrynacross,hamlet,-7.705283,53.8118161
372,Dooroc,dooroc,hamlet,-7.7221487,53.8118921
372,Kilnashee,kilnashee,hamlet,-7.7898961,53.7942913
372,Cloonagh,cloonagh,hamlet,-7.7861196,53.8080285
372,Cloonmacart,cloonmacart,hamlet,-7.7644988,53.8047258
372,Cartrongolan,cartrongolan,hamlet,-7.7389584,53.8085995
372,Greagh,greagh,hamlet,-7.7459107,53.8171891
372,Corrabaun,corrabaun,hamlet,-7.7811871,53.8231679
372,Barragh Beg,barragh beg,hamlet,-7.7743226,53.831484
372,Garraun Cross,garraun cross,hamlet,-7.337372,52.8567055
372,Derawley,derawley,hamlet,-7.746771,53.8275835
372,Barragh More,barragh more,hamlet,-7.7633363,53.8345738
372,Fermoyle Cross,fermoyle cross,hamlet,-7.3546737,52.8549307
372,Breanriskcullew,breanriskcullew,hamlet,-7.7664691,53.8481206
372,Cloncowley,cloncowley,hamlet,-7.7643663,53.8608784
372,Esker North,esker north,hamlet,-7.7555257,53.8511838
372,Monaduff,monaduff,hamlet,-7.742211,53.8385891
372,Derryheelan,derryheelan,hamlet,-7.7222125,53.8228608
372,Kilmahon,kilmahon,hamlet,-7.7050884,53.8264776
372,Lettergonnell,lettergonnell,hamlet,-7.6851552,53.8207155
372,Lettergeeragh,lettergeeragh,hamlet,-7.7029221,53.8317088
372,Fardrumman,fardrumman,hamlet,-7.7421897,53.8666706
372,Creelaghta,creelaghta,hamlet,-7.7280712,53.8573194
372,Drumbad,drumbad,hamlet,-7.7431269,53.8520202
372,Brocklagh,brocklagh,hamlet,-7.7311106,53.8381151
372,Lettergullion,lettergullion,hamlet,-7.7104254,53.8425034
372,Crowdrumman,crowdrumman,hamlet,-7.7233858,53.8421666
372,Kiltycreevagh,kiltycreevagh,hamlet,-7.7225275,53.8764163
372,Aghadowry,aghadowry,hamlet,-7.6706461,53.8371579
372,Shanmullagh,shanmullagh,hamlet,-7.7058764,53.8695545
372,Clooneen,clooneen,hamlet,-7.9015028,53.7965242
372,Clooneen,clooneen,hamlet,-7.8960525,53.7924937
372,Clooniher,clooniher,hamlet,-7.8665744,53.7933861
372,Cloonageeher,cloonageeher,hamlet,-7.8542791,53.8182395
372,Currygranny,currygranny,hamlet,-7.845611,53.8029813
372,Cloontagh,cloontagh,hamlet,-7.8291971,53.8055544
372,Derrynacrit,derrynacrit,hamlet,-7.8110664,53.8170201
372,Breanrisk,breanrisk,hamlet,-7.8155146,53.8113141
372,Cartrongar,cartrongar,hamlet,-7.8155271,53.8048452
372,Cloonellan,cloonellan,hamlet,-7.8013951,53.8063138
372,Treel,treel,hamlet,-7.8174801,53.8018172
372,Briskil,briskil,hamlet,-7.8144106,53.7964932
372,Ballagh,ballagh,hamlet,-7.8275448,53.7931737
372,Ballagh,ballagh,hamlet,-7.8339313,53.7896803
372,Kilmacannon,kilmacannon,hamlet,-7.8473209,53.792114
372,Deerpark,deerpark,hamlet,-7.8408385,53.7822007
372,Carrickmoyragh,carrickmoyragh,hamlet,-7.825949,53.7807553
372,Lissagernal,lissagernal,hamlet,-7.853844,53.785928
372,Leitrim,leitrim,hamlet,-7.800802,53.7878155
372,Prucklish,prucklish,hamlet,-7.8094766,53.7821967
372,Garrowhill,garrowhill,hamlet,-7.7855641,53.7776804
372,Drumure,drumure,hamlet,-7.7614028,53.7723546
372,Carrowbeg,carrowbeg,hamlet,-7.772784,53.7774401
372,Creenagh,creenagh,hamlet,-7.7968487,53.7740272
372,Gurteenorna,gurteenorna,hamlet,-7.7755649,53.7673578
372,Cahanagh,cahanagh,hamlet,-7.7954347,53.7658358
372,Sragarrow,sragarrow,hamlet,-7.8180191,53.7750297
372,St Anne's Glebe,st anne's glebe,hamlet,-7.8274615,53.7734573
372,Willville,willville,hamlet,-6.1573679,53.9971467
372,The Breakers,the breakers,hamlet,-6.1521314,53.9839215
372,Grange,grange,hamlet,-6.1813599,54.0085506
372,Lisbrack,lisbrack,hamlet,-7.8338956,53.771569
372,Townparks,townparks,hamlet,-7.8345855,53.7694372
372,Lismoy,lismoy,hamlet,-7.8164323,53.7691328
372,Castleforbes Demesne,castleforbes demesne,hamlet,-7.8590043,53.7705025
372,Lamagh,lamagh,hamlet,-7.8241962,53.7599503
372,Knockmartin,knockmartin,hamlet,-7.8092894,53.7542809
372,Faghey,faghey,hamlet,-7.8139178,53.7584287
372,Minard,minard,hamlet,-7.8172679,53.7510542
372,Moneylagan,moneylagan,hamlet,-7.8162311,53.7459691
372,Cartrons,cartrons,hamlet,-7.8229087,53.7369333
372,Cleggill,cleggill,hamlet,-7.8381179,53.7438245
372,Clash Cross,clash cross,hamlet,-7.4209466,52.9261548
372,Tealane Cross,tealane cross,hamlet,-7.3836014,52.9249988
372,Crookedwood Cross,crookedwood cross,hamlet,-7.4080286,52.8984737
372,Trumra Cross Roads,trumra cross roads,hamlet,-7.4286465,52.9730193
372,Cuddagh Cross Kirwans cross,cuddagh cross kirwans cross,hamlet,-7.5253232,52.9546952
372,Larry Cross,larry cross,hamlet,-7.5378452,52.9318604
372,Moorfield Cross,moorfield cross,hamlet,-7.5178754,52.9680599
372,Gowlan,gowlan,hamlet,-7.8520008,53.694838
372,Ballyclare,ballyclare,hamlet,-7.8537218,53.6846386
372,Aghantrah,aghantrah,hamlet,-7.849516,53.6849652
372,Carrowmanagh,carrowmanagh,hamlet,-7.8408901,53.6739118
372,Calfpark,calfpark,hamlet,-7.8311297,53.6782714
372,Gorteenboy,gorteenboy,hamlet,-7.8382714,53.6791953
372,Ballintempan,ballintempan,hamlet,-7.8263855,53.6792715
372,Curry,curry,hamlet,-7.8192315,53.682192
372,Newtown,newtown,hamlet,-7.8354964,53.686716
372,Dunbeggan,dunbeggan,hamlet,-7.8097922,53.6902241
372,Craane,craane,hamlet,-7.8172165,53.6899446
372,Stonepark,stonepark,village,-7.8212077,53.6974914
372,Gragh,gragh,hamlet,-7.8285312,53.6912939
372,Cloonkeen,cloonkeen,hamlet,-7.7950138,53.6858559
372,Cordivin,cordivin,hamlet,-7.7833591,53.6803189
372,Gorteenagloon,gorteenagloon,hamlet,-7.777418,53.6855769
372,Trillickacurry,trillickacurry,hamlet,-7.7757014,53.6937077
372,Trillickatemple,trillickatemple,hamlet,-7.7898184,53.6935057
372,Ballymichan,ballymichan,hamlet,-7.7996074,53.6939352
372,Crockaun,crockaun,hamlet,-7.8038131,53.6986612
372,Ballymakeegan,ballymakeegan,hamlet,-7.7753152,53.7075551
372,Feraghfad,feraghfad,hamlet,-7.7609807,53.7105266
372,Shroid,shroid,hamlet,-7.738566,53.7171505
372,Cooleeny,cooleeny,hamlet,-7.7427846,53.7154514
372,Freehalman,freehalman,hamlet,-7.7230299,53.7099809
372,Cloonahard,cloonahard,hamlet,-7.709061,53.7048116
372,Lisfarrell,lisfarrell,hamlet,-7.6955077,53.7049357
372,Cloonahussey,cloonahussey,hamlet,-7.7060919,53.7146661
372,Lissardowlan,lissardowlan,hamlet,-7.7203097,53.7145303
372,Togher Cross,togher cross,hamlet,-7.4532484,52.9385923
372,Aghnacally Glebe,aghnacally glebe,hamlet,-7.7141291,53.7176397
372,Knockaroo,knockaroo,hamlet,-7.5715032,52.9332161
372,Agharickard,agharickard,hamlet,-7.7233559,53.7201538
372,Toorfin,toorfin,hamlet,-7.7194398,53.7230461
372,Cartron Little,cartron little,hamlet,-7.735488,53.7232264
372,Cartron Big,cartron big,hamlet,-7.7348572,53.7284569
372,Ballymacwilliam,ballymacwilliam,hamlet,-7.7506798,53.7344466
372,Allenagh,allenagh,hamlet,-7.7503622,53.7389853
372,Whiterock,whiterock,hamlet,-7.7520123,53.7284793
372,Corrabaun,corrabaun,hamlet,-7.7597248,53.7345916
372,Clooncoose,clooncoose,hamlet,-7.771784,53.7426508
372,Corradooey,corradooey,hamlet,-7.7587506,53.7476067
372,Knockloughlin,knockloughlin,hamlet,-7.7566049,53.7626402
372,Kiltybegs,kiltybegs,hamlet,-7.7573044,53.7563781
372,Knockawalky,knockawalky,hamlet,-7.7880629,53.7624372
372,Melview,melview,village,-7.7833862,53.7625749
372,Corragarrow,corragarrow,hamlet,-7.7824829,53.7579341
372,Cloonrallagh,cloonrallagh,hamlet,-7.79394,53.7546478
372,Cloonanny Glebe,cloonanny glebe,hamlet,-7.775244,53.7514506
372,Cloonbalt,cloonbalt,hamlet,-7.7955,53.746426
372,Lisbrack,lisbrack,hamlet,-7.8067299,53.7385465
372,Aghadegnan,aghadegnan,hamlet,-7.8024308,53.7422764
372,Demesne,demesne,hamlet,-7.808171,53.7338393
372,Abbeycartron,abbeycartron,hamlet,-7.7948042,53.7353553
372,Rochfortbridge,rochfortbridge,village,-7.2995811,53.4147036
372,Coolnahinch,coolnahinch,hamlet,-7.7623126,53.7277446
372,Kilnasavoge,kilnasavoge,hamlet,-7.7597055,53.7222118
372,Lisnamuck,lisnamuck,hamlet,-7.7767858,53.7360233
372,Ardnacassagh,ardnacassagh,hamlet,-7.7757627,53.7270917
372,Knockahaw,knockahaw,hamlet,-7.771557,53.7202613
372,Owenduff Bridge,owenduff bridge,hamlet,-9.7970473,53.5729829
372,Tullyconor Bridge,tullyconor bridge,hamlet,-9.7768747,53.584221
372,Templemichael Glebe,templemichael glebe,hamlet,-7.7852839,53.7313074
372,Deanscurragh,deanscurragh,hamlet,-7.7909488,53.7279815
372,Glack,glack,hamlet,-7.7843265,53.7224549
372,Farnagh,farnagh,hamlet,-7.7860605,53.7163075
372,Lisduff,lisduff,hamlet,-7.7872467,53.7044289
372,Garvagh,garvagh,hamlet,-7.7977167,53.7090284
372,Glebe,glebe,hamlet,-7.7953756,53.7147648
372,Mullaghavorneen,mullaghavorneen,hamlet,-7.8082393,53.7064454
372,Aghafad,aghafad,hamlet,-7.8004394,53.7133098
372,Stonepark,stonepark,hamlet,-7.8162215,53.6995099
372,Knockanboy,knockanboy,hamlet,-7.8262021,53.7029233
372,Cloonturk,cloonturk,hamlet,-7.834592,53.6967496
372,Clooneeny,clooneeny,hamlet,-7.8415014,53.7057813
372,Cartronageeragh,cartronageeragh,hamlet,-7.819319,53.7105575
372,Churchland,churchland,hamlet,-7.8214218,53.7090588
372,Farranyoogan,farranyoogan,hamlet,-7.8075172,53.7166022
372,Cloontirm,cloontirm,hamlet,-7.8320904,53.7152
372,Aghareagh Bog,aghareagh bog,hamlet,-7.8497308,53.7175111
372,Mullagh Bog,mullagh bog,hamlet,-7.8444929,53.7151238
372,Ballyminion,ballyminion,hamlet,-7.8186451,53.7228094
372,Mullagh,mullagh,hamlet,-7.8261531,53.7296128
372,Ballinure,ballinure,hamlet,-8.2362056,53.2880291
372,Cloonmucker,cloonmucker,hamlet,-7.7895627,53.6444352
372,Curraghmore,curraghmore,hamlet,-7.7748697,53.6402047
372,Cloghan,cloghan,hamlet,-7.766115,53.6478876
372,Castlerea Mountain,castlerea mountain,hamlet,-7.7504938,53.6524408
372,Maghaberry,maghaberry,village,-6.1887788,54.5052741
372,Glen,glen,hamlet,-7.6076148,53.6652072
372,Cornapark,cornapark,hamlet,-7.580325,53.6561566
372,The Poisoned Glen,the poisoned glen,hamlet,-8.0882598,55.0012042
372,Lisduff,lisduff,hamlet,-7.6547523,53.6925742
372,Aghanageeragh,aghanageeragh,hamlet,-7.6632195,53.6966563
372,Lissaghanedan,lissaghanedan,hamlet,-7.6735707,53.6978467
372,Treel,treel,hamlet,-7.6767928,53.6943146
372,Twentyacres,twentyacres,hamlet,-7.6854295,53.6955248
372,Twentyacres,twentyacres,hamlet,-7.685526,53.6918625
372,Oldtown,oldtown,hamlet,-7.6977676,53.6930212
372,Killinlastra,killinlastra,hamlet,-7.7264295,53.6922462
372,Aghnahown,aghnahown,hamlet,-7.7203399,53.6934532
372,Cartronawar,cartronawar,hamlet,-7.7261763,53.7036923
372,Aghintemple,aghintemple,hamlet,-7.7347143,53.6991435
372,Derrymore,derrymore,hamlet,-7.7583628,53.691522
372,Clooncaulfield,clooncaulfield,hamlet,-7.7448424,53.6947758
372,Keeloge,keeloge,hamlet,-7.7761684,53.6529931
372,Commock,commock,hamlet,-7.7834436,53.6475122
372,Aghinaspick,aghinaspick,hamlet,-7.7921801,53.6550406
372,Toneen,toneen,hamlet,-7.7839812,53.6600647
372,Ballinvoher,ballinvoher,hamlet,-7.7762167,53.6634589
372,Aughine,aughine,hamlet,-7.7839063,53.6648209
372,Moydow Glebe,moydow glebe,hamlet,-7.7753661,53.6685459
372,Bunalough,bunalough,hamlet,-7.7860091,53.6674017
372,Keelogalabaun,keelogalabaun,hamlet,-7.7847646,53.6699951
372,Mountjessop,mountjessop,hamlet,-7.7968667,53.6790198
372,Lisgurry,lisgurry,hamlet,-7.7914937,53.6724091
372,Knocknaskea,knocknaskea,hamlet,-7.7104781,53.6377444
372,Carn,carn,hamlet,-7.6948097,53.6385332
372,Newtown,newtown,hamlet,-6.2176931,53.2329046
372,Tennalough,tennalough,hamlet,-7.6757961,53.626316
372,Liscormick,liscormick,hamlet,-7.6788066,53.6197771
372,Ballymacshane,ballymacshane,hamlet,-7.6749871,53.6105105
372,Deerpark,deerpark,hamlet,-7.6661037,53.6148131
372,Sheeroe,sheeroe,hamlet,-7.6611469,53.6112234
372,Lisaquill,lisaquill,hamlet,-7.6523708,53.616366
372,Vicarstown,vicarstown,hamlet,-7.6413844,53.6107651
372,Castlewilder,castlewilder,hamlet,-7.6393593,53.599833
372,Agharra,agharra,hamlet,-7.6230922,53.5965464
372,Lissawarriff,lissawarriff,hamlet,-7.611636,53.6023872
372,Kinard,kinard,hamlet,-7.605542,53.6176306
372,Aghnavealoge,aghnavealoge,hamlet,-7.5858009,53.6234596
372,Newport,newport,hamlet,-7.5728834,53.6178164
372,Clontymullan,clontymullan,hamlet,-7.5824535,53.6346624
372,Killeen,killeen,hamlet,-7.6144684,53.6410692
372,Keel,keel,hamlet,-7.7321861,53.6426679
372,Newtown,newtown,hamlet,-7.5950726,53.6221555
372,Carrigeen,carrigeen,hamlet,-7.6011248,53.6308972
372,Foxhall Glebe,foxhall glebe,hamlet,-7.6184712,53.6296003
372,Foxhall,foxhall,hamlet,-7.6195333,53.6257716
372,Lurgan,lurgan,hamlet,-7.6128385,53.6212665
372,Furze,furze,hamlet,-7.6197694,53.6170282
372,Ardanragh,ardanragh,hamlet,-7.6288459,53.6118984
372,Corrabola,corrabola,hamlet,-7.6257346,53.6317382
372,Sleehaun,sleehaun,hamlet,-7.6292322,53.6348058
372,Sleehaun,sleehaun,hamlet,-7.6341674,53.6438127
372,Smithfield,smithfield,hamlet,-7.631378,53.6231609
372,Clygeen,clygeen,hamlet,-7.6347457,53.6294873
372,Treel,treel,hamlet,-7.6410124,53.6272987
372,Rockpeyton,rockpeyton,hamlet,-7.6387165,53.633648
372,Kilglass and Cloonagh,kilglass and cloonagh,hamlet,-7.6467416,53.6304544
372,Glebe,glebe,hamlet,-7.6515482,53.6336722
372,Ballymaclifford,ballymaclifford,hamlet,-7.6444671,53.6375647
372,Coolnafinnoge,coolnafinnoge,hamlet,-7.6520417,53.6377174
372,Legan,legan,hamlet,-7.64451,53.6213785
372,Tully,tully,hamlet,-7.658715,53.6254509
372,Corrycorka,corrycorka,hamlet,-7.6603458,53.6331773
372,Corry,corry,hamlet,-7.6782415,53.6344852
372,Lisdreenagh,lisdreenagh,hamlet,-7.6578567,53.6421705
372,Ballyglassin,ballyglassin,hamlet,-7.6729608,53.6407852
372,Cloonagh,cloonagh,hamlet,-7.7234099,53.6434947
372,Ballycloghan,ballycloghan,village,-7.701448,53.6489831
372,Aghnasillagh,aghnasillagh,hamlet,-7.7110288,53.6454663
372,Rathsallagh,rathsallagh,hamlet,-7.6467416,53.6067553
372,Ratharney,ratharney,hamlet,-7.6553121,53.5982981
372,Cloonbrin,cloonbrin,hamlet,-7.64031,53.5863288
372,Charleville,charleville,town,-8.6828833,52.3546432
372,Abbeyshrule,abbeyshrule,hamlet,-7.6505056,53.5748103
372,Drumanure,drumanure,hamlet,-7.660419,53.5868361
372,Whitehall Bridge,whitehall bridge,hamlet,-8.2075381,53.2759303
372,Roskelton Cross,roskelton cross,hamlet,-7.4094631,52.9714038
372,Clonenagh Cross,clonenagh cross,hamlet,-7.4175759,53.0111322
372,Derraugh Cross,derraugh cross,hamlet,-7.4424656,53.0076466
372,Tennalick,tennalick,hamlet,-7.6794734,53.5865558
372,Kilnacarrow,kilnacarrow,hamlet,-7.6935497,53.582072
372,Kilcurry,kilcurry,hamlet,-7.7153507,53.5850528
372,Cloonard,cloonard,hamlet,-7.7260924,53.5773202
372,Tervoe,tervoe,hamlet,-8.7272104,52.6462211
372,Barry,barry,hamlet,-7.7583629,53.5914348
372,Currycreaghan,currycreaghan,hamlet,-7.7587258,53.6191339
372,Loughan,loughan,hamlet,-7.770783,53.6236983
372,Pallaskenry,pallaskenry,village,-8.8667242,52.6460053
372,Abbeyderg,abbeyderg,hamlet,-7.7895627,53.6346644
372,Torboy,torboy,hamlet,-7.7620118,53.6317628
372,Cloonscott,cloonscott,hamlet,-7.7520769,53.6370517
372,Cloonkeen,cloonkeen,hamlet,-7.7387731,53.6377642
372,Mornin,mornin,hamlet,-7.7363058,53.6232372
372,Carrickedmond,carrickedmond,hamlet,-7.7069931,53.6167445
372,Ballybeg,ballybeg,hamlet,-7.7055511,53.6314533
372,Ballygibbagh,ballygibbagh,hamlet,-7.7066079,53.625159
372,Screeboge,screeboge,hamlet,-7.6938684,53.6248871
372,Knockagh,knockagh,hamlet,-7.6854417,53.6135512
372,Killinbore,killinbore,hamlet,-7.675134,53.6029383
372,Killeenboy,killeenboy,hamlet,-7.6621735,53.6068343
372,Colehill,colehill,hamlet,-7.6709494,53.5964208
372,Streamstown,streamstown,hamlet,-7.6819787,53.5969047
372,Colehill,colehill,village,-7.6790712,53.5979234
372,Ballintober,ballintober,hamlet,-7.6980298,53.614909
372,Ballynamanagh,ballynamanagh,hamlet,-7.6919766,53.6060233
372,Ballintober,ballintober,hamlet,-7.7015445,53.6207423
372,Lisnacreevy,lisnacreevy,hamlet,-7.695002,53.6003446
372,Glebe,glebe,hamlet,-7.6917321,53.5936518
372,Taghshinny,taghshinny,hamlet,-7.7044275,53.592905
372,Killeendowd,killeendowd,hamlet,-7.7090107,53.6029464
372,Loughsheedan,loughsheedan,hamlet,-7.7140749,53.620488
372,Lissakit,lissakit,hamlet,-7.7196539,53.6161618
372,Parkplace,parkplace,hamlet,-7.7264346,53.6124943
372,Aghanvally,aghanvally,hamlet,-7.7188601,53.6064104
372,Cartronfin,cartronfin,hamlet,-7.7163742,53.6009177
372,Cloonfide,cloonfide,hamlet,-7.7408542,53.6132581
372,Carrigeen,carrigeen,hamlet,-7.7330007,53.6080903
372,Finns,finns,hamlet,-7.7273573,53.6053416
372,Farranakill,farranakill,hamlet,-7.7319493,53.6045777
372,Corrabola,corrabola,hamlet,-7.7235164,53.5963508
372,Doory,doory,hamlet,-7.7438583,53.6034318
372,Agharanagh,agharanagh,hamlet,-7.7478472,53.5878178
372,Listobit,listobit,hamlet,-7.7369918,53.5909268
372,Ballintogher,ballintogher,village,-8.3652455,54.2003381
372,Coogue,coogue,village,-8.8531421,53.8065302
372,Murroe,murroe,village,-8.3995896,52.6494667
372,Monasteraden,monasteraden,village,-8.4977794,53.943117
372,Knappoge,knappoge,hamlet,-7.7702681,53.5872046
372,Lislom,lislom,hamlet,-7.7782772,53.5918554
372,Lismacmurrogh,lismacmurrogh,hamlet,-7.7863442,53.5953569
372,Corryena,corryena,hamlet,-7.7958285,53.596759
372,Kilcommock Glebe,kilcommock glebe,hamlet,-7.8144495,53.6026673
372,Cornacarta,cornacarta,hamlet,-7.8204678,53.5859317
372,Doonacurry,doonacurry,hamlet,-7.824416,53.5815752
372,Ledwithstown,ledwithstown,hamlet,-7.8415821,53.5876639
372,Derrylough,derrylough,hamlet,-7.8632115,53.5962988
372,Derryglogher,derryglogher,hamlet,-7.8868561,53.627416
372,Derrynaskea,derrynaskea,hamlet,-7.8660379,53.6302384
372,Derryoghil,derryoghil,hamlet,-7.8667564,53.6456486
372,Knockavegan,knockavegan,hamlet,-7.8281866,53.647028
372,Curry,curry,hamlet,-7.8131402,53.6453515
372,Cornahoo,cornahoo,hamlet,-7.8059573,53.6340409
372,Cartrons,cartrons,hamlet,-7.8016165,53.625864
372,Glenmore,glenmore,hamlet,-7.7881923,53.6196274
372,Lislea,lislea,hamlet,-7.7686659,53.6114543
372,Clarina,clarina,village,-8.7287513,52.6328511
372,Raghrabeg,raghrabeg,hamlet,-8.0763281,53.2756319
372,Cloonbeggaun,cloonbeggaun,hamlet,-8.0425494,53.3403279
372,Clooniff,clooniff,hamlet,-8.0494202,53.3308207
372,Bankfield,bankfield,hamlet,-8.0358361,53.1999495
372,Wood View,wood view,hamlet,-8.1360155,53.2064787
372,Barry,barry,hamlet,-7.7684268,53.5972232
372,Lisglassock,lisglassock,hamlet,-7.7717076,53.603283
372,Cartronbrack,cartronbrack,hamlet,-7.7808078,53.604117
372,Clogh,clogh,hamlet,-7.7919229,53.6054997
372,Cartronawar,cartronawar,hamlet,-7.7983264,53.6043653
372,Creagh,creagh,hamlet,-7.8016653,53.6130557
372,Taylorstown,taylorstown,hamlet,-7.9851908,53.3810884
372,Cappaghmore,cappaghmore,hamlet,-7.937941,53.3747651
372,Laughil,laughil,hamlet,-7.8165576,53.6105595
372,Derryveagh,derryveagh,hamlet,-7.8461707,53.6005585
372,Cloonbreany,cloonbreany,hamlet,-7.8359139,53.6087325
372,Mosstown,mosstown,hamlet,-7.835399,53.6226067
372,Island,island,hamlet,-7.8278609,53.6162547
372,Aghnacranagh,aghnacranagh,hamlet,-7.813789,53.6273732
372,Coolnahinch,coolnahinch,hamlet,-7.8439789,53.6313808
372,Kilmakinlan,kilmakinlan,hamlet,-7.8456095,53.6385549
372,Mosstown,mosstown,hamlet,-7.8252677,53.6293459
372,Snugborough,snugborough,hamlet,-7.8165779,53.6324294
372,Ballyknock,ballyknock,hamlet,-7.8287444,53.637259
372,Stonepark,stonepark,hamlet,-7.8097329,53.630788
372,Laghlooney,laghlooney,hamlet,-7.8161916,53.6374931
372,Aghnashingan,aghnashingan,hamlet,-7.8216194,53.6437392
372,Burke's Cross,burke's cross,hamlet,-7.5447202,53.0440678
372,Derryad,derryad,hamlet,-7.8869852,53.6563373
372,Cloontamore,cloontamore,hamlet,-7.8883585,53.6406169
372,Annaghmore,annaghmore,hamlet,-7.907076,53.6544476
372,Rappareehill,rappareehill,hamlet,-7.9208831,53.6776952
372,Derryaroge,derryaroge,hamlet,-7.9458775,53.6889917
372,Cloonbearla,cloonbearla,hamlet,-7.9601855,53.7013153
372,Cloonkeel,cloonkeel,hamlet,-7.941637,53.704656
372,Harestown,harestown,hamlet,-6.3541505,53.7770858
372,Tinnakill Cross,tinnakill cross,hamlet,-7.5635581,53.0037204
372,Coolrain Cross,coolrain cross,hamlet,-7.5667349,52.981913
372,Sharvoge,sharvoge,hamlet,-7.8660204,53.6953727
372,Cloonsheerin,cloonsheerin,hamlet,-7.8575832,53.6794254
372,Moygh,moygh,hamlet,-7.8661663,53.6768059
372,Ballyclare,ballyclare,hamlet,-7.8690824,53.6865421
372,Aghnaskea,aghnaskea,hamlet,-7.8689425,53.6830646
372,Killashee and Aghakeeran,killashee and aghakeeran,hamlet,-7.875766,53.6813616
372,Annaghbeg,annaghbeg,hamlet,-7.9034894,53.6600816
372,Grillagh,grillagh,hamlet,-7.8907435,53.6711171
372,Cloonfiugh,cloonfiugh,hamlet,-7.903661,53.6712188
372,Templeton Glebe,templeton glebe,hamlet,-7.8892114,53.6823478
372,Cloonsellan,cloonsellan,hamlet,-7.9019873,53.6840812
372,Ballydrum,ballydrum,hamlet,-7.8922455,53.6915275
372,Corragarrow,corragarrow,hamlet,-7.8878985,53.7006484
372,Newtown,newtown,hamlet,-7.8966961,53.6963799
372,Treanboy,treanboy,hamlet,-7.9016743,53.7010549
372,Ballycore,ballycore,hamlet,-7.9063521,53.7075075
372,Begnagh,begnagh,hamlet,-7.8976832,53.711597
372,Middleton,middleton,hamlet,-7.9158364,53.7055769
372,Bunacloy,bunacloy,hamlet,-7.9139266,53.697968
372,Killeeny,killeeny,hamlet,-7.9093991,53.6920094
372,Ballynakill,ballynakill,hamlet,-7.9289105,53.7027278
372,Cloonbrock,cloonbrock,hamlet,-7.9271231,53.6904847
372,Kilnacarrow,kilnacarrow,hamlet,-7.9786617,53.695663
372,Rossbaun,rossbaun,hamlet,-7.6779341,52.9856309
372,Rossdorragha,rossdorragha,hamlet,-7.6578032,52.9815626
372,Mountain Barrack,mountain barrack,hamlet,-8.1837347,52.2349718
372,Tubbrid,tubbrid,hamlet,-7.9490736,52.3149103
372,Ballysaggart,ballysaggart,village,-7.987974,52.1823223
372,Furrow,furrow,hamlet,-8.1863652,52.2827529
372,Curraghmore,curraghmore,hamlet,-8.1770183,52.2693875
372,Pollardstown,pollardstown,hamlet,-8.23092,52.2499493
372,Kildrum,kildrum,hamlet,-8.2214786,52.2659208
372,Curraghavoe,curraghavoe,hamlet,-8.1813098,52.2477423
372,Macroney,macroney,hamlet,-8.1967593,52.1852693
372,Gortnaskehy,gortnaskehy,hamlet,-8.1182071,52.2173845
372,Cloonbony,cloonbony,hamlet,-7.9733512,53.6830561
372,Lumville Cross,lumville cross,hamlet,-6.8149533,53.1556883
372,Mount Davys,mount davys,hamlet,-7.9561809,53.6845052
372,Cloonfore,cloonfore,hamlet,-7.9285864,53.6644983
372,Corralough,corralough,hamlet,-7.9186729,53.646288
372,Portmarnock,portmarnock,village,-6.1358319,53.4219593
372,Cloontabeg,cloontabeg,hamlet,-7.9038352,53.6370847
372,Lehery,lehery,hamlet,-7.9506579,53.6499271
372,Derrygeel,derrygeel,hamlet,-7.9286853,53.6424023
372,Lissawly or St Albans,lissawly or st albans,hamlet,-7.9514819,53.6295366
372,Lisnacush,lisnacush,hamlet,-7.964187,53.6313059
372,Cashelbeg,cashelbeg,hamlet,-7.966295,53.6190946
372,Carrownphull,carrownphull,hamlet,-7.9671962,53.6248725
372,Formoyle,formoyle,hamlet,-7.9929454,53.6172108
372,Commons South,commons south,hamlet,-7.9776021,53.6190818
372,Cullentragh,cullentragh,hamlet,-7.9896388,53.6087063
372,Cullentragh,cullentragh,hamlet,-8.0056055,53.6082747
372,Aghakeel,aghakeel,hamlet,-8.0076375,53.6147988
372,Agharanagh,agharanagh,hamlet,-8.0101116,53.6217164
372,Bleanavoher,bleanavoher,hamlet,-8.0045487,53.6297526
372,Rathcline,rathcline,hamlet,-8.0000651,53.6472667
372,Curreen,curreen,hamlet,-8.0005791,53.6597589
372,Commons North,commons north,hamlet,-7.990407,53.6671967
372,Aghamore,aghamore,hamlet,-7.98153,53.6752751
372,Knock,knock,hamlet,-7.9806652,53.6698797
372,Barnacor,barnacor,hamlet,-7.9582699,53.6715253
372,Derryloughbannow,derryloughbannow,hamlet,-7.9496868,53.6653214
372,Magheraveen,magheraveen,hamlet,-7.9370697,53.6537758
372,Gorteengar,gorteengar,hamlet,-7.9812885,53.6644633
372,Lisduff,lisduff,hamlet,-7.9781332,53.658933
372,Tullyvrane,tullyvrane,hamlet,-7.9710185,53.6576704
372,Glebe,glebe,hamlet,-8.0007589,53.6439845
372,Killinure,killinure,hamlet,-7.9668258,53.6485044
372,Turreen,turreen,hamlet,-7.9564273,53.6376494
372,Carrigeens,carrigeens,hamlet,-7.9701602,53.6386672
372,Lisrevagh,lisrevagh,hamlet,-7.9770267,53.6417457
372,Mucklagh Bridge,mucklagh bridge,hamlet,-6.3786499,52.9115599
372,Ballinagappoge Bridge,ballinagappoge bridge,hamlet,-6.3734934,52.9077625
372,Formoyle,formoyle,hamlet,-7.9943001,53.6225075
372,Aghaloughan,aghaloughan,hamlet,-7.9895794,53.6307026
372,Lismacmanus,lismacmanus,hamlet,-7.9778196,53.6231941
372,Carrowroe,carrowroe,hamlet,-7.9919311,53.6395494
372,Carrowstrawly,carrowstrawly,hamlet,-7.9794085,53.6310462
372,Crannagh Cross,crannagh cross,hamlet,-7.515652,52.9887217
372,Holy Cross,holy cross,hamlet,-7.4897261,52.9868481
372,Bergin's Cross,bergin's cross,hamlet,-7.5093745,52.9973044
372,Rushin Cross,rushin cross,hamlet,-7.4950997,53.0195793
372,Levison's Cross,levison's cross,hamlet,-7.4518026,53.0469928
372,Paddock Cross,paddock cross,hamlet,-7.4976212,53.022557
372,Coolfadda,coolfadda,hamlet,-8.4862693,53.2437968
372,School Cross,school cross,hamlet,-7.6724296,52.8520285
372,Mount Prospect,mount prospect,hamlet,-8.2612686,53.2362271
372,Lough Hill,lough hill,hamlet,-8.3938747,52.9781266
372,Duggan's Hill,duggan's hill,hamlet,-8.3622622,53.1175305
372,Killaphort,killaphort,hamlet,-8.0092738,53.2582719
372,Garrymore,garrymore,hamlet,-8.0166596,53.2671023
372,Attipierce,attipierce,hamlet,-8.4913891,53.0666366
372,Ballinlough,ballinlough,hamlet,-8.4474371,53.075195
372,Moyglass,moyglass,hamlet,-8.4689873,53.0683386
372,Somer,somer,hamlet,-8.2284897,53.2498506
372,Burke Court,burke court,hamlet,-8.291148,53.0470761
372,Cronagort,cronagort,hamlet,-9.3650855,53.0056997
372,Ballapousta,ballapousta,hamlet,-6.5594172,53.8230408
372,Leaby Cross,leaby cross,hamlet,-6.5426373,53.783428
372,Philipstown,philipstown,village,-6.4707973,53.8229997
372,Glassamucky,glassamucky,hamlet,-6.3611815,53.2455481
372,Knockanteedan,knockanteedan,hamlet,-6.3612169,53.2500168
372,Ballynahinch,ballynahinch,hamlet,-7.983339,53.6012056
372,Cashel,cashel,hamlet,-7.9816386,53.5932739
372,Loughfarm,loughfarm,hamlet,-7.9709911,53.5869146
372,Elfeet,elfeet,hamlet,-7.9597995,53.5824104
372,Culnagore,culnagore,hamlet,-7.9576778,53.5752238
372,Derrydarragh,derrydarragh,hamlet,-7.9530285,53.5666818
372,Collum,collum,hamlet,-7.9690662,53.5617046
372,Lismagawley Meadow,lismagawley meadow,hamlet,-7.9617285,53.5526948
372,Pollagh,pollagh,hamlet,-7.9538321,53.5485261
372,Portanure,portanure,hamlet,-7.9327804,53.5562738
372,Lismagawley,lismagawley,hamlet,-7.9467816,53.5626927
372,Portanure Bog,portanure bog,hamlet,-7.9564387,53.5581547
372,Lismagawley Bog,lismagawley bog,hamlet,-7.9585834,53.5598633
372,Corrool,corrool,hamlet,-7.9201398,53.5601143
372,Corrool,corrool,hamlet,-7.9132465,53.5645678
372,Claras,claras,hamlet,-7.9103255,53.5718655
372,Saints Island,saints island,hamlet,-7.8891263,53.5550957
372,Maulmore,maulmore,hamlet,-8.8157544,51.6043271
372,Derrynagalliagh,derrynagalliagh,hamlet,-7.8621046,53.5602471
372,Derrycolumb,derrycolumb,hamlet,-7.8586412,53.5818197
372,Forthill,forthill,hamlet,-7.8906349,53.581674
372,Derrindiff,derrindiff,hamlet,-7.8806731,53.5918932
372,Derrymany,derrymany,hamlet,-7.8851474,53.6032525
372,Derraghan Beg,derraghan beg,hamlet,-7.888439,53.6120573
372,Derryhaun,derryhaun,village,-7.9083539,53.6306946
372,Derraghan More,derraghan more,hamlet,-7.9023994,53.624892
372,Derryshanoge,derryshanoge,hamlet,-7.9278919,53.6316848
372,Newpark,newpark,hamlet,-7.9457013,53.6230426
372,Cloonmee,cloonmee,hamlet,-7.9472054,53.6133142
372,Greenhall Upper,greenhall upper,hamlet,-7.9563321,53.6085244
372,Greenhall Lower,greenhall lower,hamlet,-7.9673798,53.6126881
372,Commons,commons,hamlet,-7.9764789,53.6163038
372,Fortwilliam,fortwilliam,hamlet,-7.9798703,53.611951
372,Carrickmoran,carrickmoran,hamlet,-7.9761152,53.607088
372,Carrowdunican,carrowdunican,hamlet,-7.9668659,53.6061961
372,Aghavadden,aghavadden,hamlet,-7.9604956,53.6002098
372,Glebe,glebe,hamlet,-7.9681985,53.5976423
372,Elfeet,elfeet,hamlet,-7.966713,53.5909857
372,Leab,leab,hamlet,-7.9563757,53.5879576
372,Friar's Island,friar's island,hamlet,-8.3065543,53.0891081
372,Goat Island,goat island,hamlet,-8.3071492,53.0879584
372,The Ben,the ben,hamlet,-8.3829576,53.0848636
372,Brookville,brookville,hamlet,-8.3857643,53.0887325
372,Ballygowan Lower,ballygowan lower,hamlet,-8.3898841,53.0909168
372,Cartoon,cartoon,hamlet,-7.9376624,53.5676477
372,Tipper,tipper,hamlet,-7.9330976,53.5635732
372,Cormaglava,cormaglava,hamlet,-7.9030689,53.5929918
372,Derrynagran,derrynagran,hamlet,-7.8991679,53.6004758
372,Derryglash,derryglash,hamlet,-7.9217012,53.6220467
372,Derrygowna,derrygowna,hamlet,-7.9180534,53.6108456
372,Caltragh Beg,caltragh beg,hamlet,-7.9297693,53.6034615
372,Streamstown,streamstown,hamlet,-7.9335443,53.6001957
372,Caltragh More,caltragh more,hamlet,-7.9414836,53.5990769
372,Aghnacross,aghnacross,hamlet,-7.9512683,53.6036913
372,Lightfield,lightfield,hamlet,-7.9514548,53.5989925
372,Carrow More,carrow more,hamlet,-7.9563533,53.5938722
372,Ballyrevagh,ballyrevagh,hamlet,-7.9245688,53.583541
372,Newtownflanigan,newtownflanigan,hamlet,-7.9006499,53.585397
372,Cornadowagh,cornadowagh,hamlet,-7.9317855,53.5902886
372,Ballina,ballina,hamlet,-7.9211854,53.5952809
372,Cornaguillagh,cornaguillagh,hamlet,-7.9086241,53.5880654
372,Doonacurry,doonacurry,hamlet,-7.8279416,53.5808505
372,Ardoghil,ardoghil,hamlet,-7.8291432,53.5755252
372,Ledwithstown,ledwithstown,hamlet,-7.8369967,53.5800097
372,Edera,edera,hamlet,-7.8460819,53.5711026
372,Laragh,laragh,hamlet,-7.8135644,53.574633
372,Tirlickeen,tirlickeen,hamlet,-7.7960834,53.5864418
372,Drinan,drinan,hamlet,-7.7732084,53.570349
372,Ballybranigan,ballybranigan,hamlet,-7.759063,53.5729775
372,Cloonkeen,cloonkeen,hamlet,-7.7307493,53.5704364
372,Ballymulvey,ballymulvey,hamlet,-7.7442441,53.567791
372,Moygh,moygh,hamlet,-7.7837699,53.5661856
372,Castlecore,castlecore,hamlet,-7.791623,53.5619018
372,Daroge,daroge,hamlet,-7.8094758,53.5645539
372,Glebe,glebe,hamlet,-7.8031245,53.5565877
372,Shrule,shrule,hamlet,-7.7998419,53.5536179
372,Cartronboy,cartronboy,hamlet,-7.7999122,53.573061
372,Moneyfad,moneyfad,hamlet,-7.7903785,53.5743645
372,Lissanisky,lissanisky,hamlet,-7.795449,53.5784121
372,Barnacor,barnacor,hamlet,-7.8100758,53.5456872
372,Drumnacor,drumnacor,hamlet,-7.8151398,53.550788
372,Carna,carna,village,-9.8356532,53.3248417
372,Moyrus,moyrus,hamlet,-9.873459,53.3399138
372,Garrynagh,garrynagh,hamlet,-7.7931979,53.5536272
372,Rathmore,rathmore,hamlet,-7.7856943,53.5470382
372,Creevaghbeg,creevaghbeg,hamlet,-7.7630736,53.5543814
372,Three Bridges,three bridges,hamlet,-6.6164521,52.9231469
372,Tullow,tullow,town,-6.7377301,52.803146
372,Monea,monea,hamlet,-7.7585635,54.3889466
372,Drummond Cross,drummond cross,hamlet,-7.4180282,53.1651863
372,Kilcavan Cross,kilcavan cross,hamlet,-7.360674,53.194923
372,Carrickbeg,carrickbeg,hamlet,-7.7652526,53.5478681
372,Cartron,cartron,hamlet,-7.7700258,53.540765
372,Keel,keel,hamlet,-7.751652,53.5373886
372,Keelbaun,keelbaun,hamlet,-7.7478402,53.5416794
372,Clooncullen,clooncullen,hamlet,-7.7252702,53.5392108
372,Creevaghmore,creevaghmore,hamlet,-7.7438912,53.5514252
372,Clooncallow,clooncallow,hamlet,-7.729137,53.5542823
372,Forgney,forgney,hamlet,-7.6978717,53.5456832
372,Cornamucklagh,cornamucklagh,hamlet,-7.6660169,53.5462821
372,Clooneen,clooneen,hamlet,-7.6730479,53.5534019
372,Kildordan,kildordan,hamlet,-7.6893775,53.5510943
372,Rath,rath,hamlet,-7.6833329,53.5620588
372,Clynan,clynan,hamlet,-7.6694713,53.569705
372,Cloghan,cloghan,hamlet,-7.6852212,53.5741137
372,Pallas Beg,pallas beg,hamlet,-7.700499,53.574343
372,Pallas More,pallas more,hamlet,-7.7068205,53.5699318
372,Darragh Cross,darragh cross,hamlet,-5.7636499,54.4500075
372,Leitir Móir,leitir moir,hamlet,-9.6556407,53.289297
372,Dysart Cross,dysart cross,hamlet,-7.2765438,52.8963354
372,Castlewood Cross,castlewood cross,hamlet,-7.3738734,52.8587756
372,Sooey,sooey,hamlet,-8.3956872,54.1664727
372,Castlecuff Cross,castlecuff cross,hamlet,-7.5823981,53.1511462
372,Coolagh Cross,coolagh cross,hamlet,-7.6014332,53.1514529
372,Sheffield Cross,sheffield cross,hamlet,-7.2751755,53.0110139
372,Tooreen,tooreen,village,-8.7652464,53.8289312
372,Keane's Crossroads,keane's crossroads,hamlet,-8.2001834,52.2077207
372,Drumury,drumury,hamlet,-7.6398182,53.933829
372,Fihoragh,fihoragh,hamlet,-7.6148844,53.9296095
372,Ballyduffy,ballyduffy,hamlet,-7.6426077,53.925238
372,Treanlaw,treanlaw,hamlet,-7.7446148,53.7739102
372,Dún Ibhir,dun ibhir,village,-9.9462526,54.0021063
372,Rathbarry,rathbarry,village,-8.9602947,51.5735489
372,Ballycannan,ballycannan,village,-8.6499523,52.7024048
372,Barraderra Cross,barraderra cross,hamlet,-7.0320784,53.1422575
372,Cahill's Cross,cahill's cross,hamlet,-7.0519814,53.1362789
372,Kill Cross,kill cross,hamlet,-7.0493923,53.1342622
372,Knavinstown Crossroads,knavinstown crossroads,hamlet,-6.9753711,53.1725142
372,Gallows Crossroads,gallows crossroads,hamlet,-6.9604839,53.1502027
372,Loughy's Cross,loughy's cross,hamlet,-6.9109238,53.110344
372,Mullane Cross,mullane cross,hamlet,-6.9319546,53.1191525
372,Cuckel's Crossroads,cuckel's crossroads,hamlet,-6.8511595,53.0368064
372,Clooney,clooney,village,-8.8676646,52.863548
372,Ladytown Crossroads,ladytown crossroads,hamlet,-6.7217192,53.2090232
372,Glountane Cross,glountane cross,hamlet,-9.3228463,52.2013146
372,Kinallen,kinallen,village,-6.0720495,54.3811043
372,Mullan's Corner,mullan's corner,hamlet,-6.1801157,54.3874101
372,Magherally,magherally,hamlet,-6.2077951,54.3643388
372,Gneevgullia,gneevgullia,village,-9.2714299,52.1154521
372,Urlaur,urlaur,village,-8.7345131,53.8565685
372,Rowlestown,rowlestown,village,-6.3043875,53.4880187
372,Tobergregan,tobergregan,hamlet,-6.3910911,53.5535298
372,Greenoge,greenoge,hamlet,-6.3452692,53.4881479
372,Balheary,balheary,hamlet,-6.3525302,53.4830443
372,Bullstown,bullstown,hamlet,-6.3594395,53.4918026
372,Ward Cross,ward cross,hamlet,-6.3415089,53.4451157
372,Kilcoscan,kilcoscan,hamlet,-6.3442046,53.4652155
372,Baltrasna,baltrasna,hamlet,-6.3957459,53.4957344
372,Mile Stone,9 mile stone,hamlet,-6.383751,53.495377
372,Walterstown,walterstown,hamlet,-8.8825817,52.9305345
372,Kiltannon,kiltannon,hamlet,-8.7919315,52.906433
372,Gilroe,gilroe,hamlet,-8.7930688,52.9800723
372,Leabeg,leabeg,hamlet,-7.7212637,53.3070687
372,Lurgankiel,lurgankiel,hamlet,-6.4408578,54.047904
372,Nafarty,nafarty,hamlet,-6.7308428,53.9889126
372,Drumbroagh,drumbroagh,hamlet,-6.7399408,54.0006298
372,Cornosassonagh,cornosassonagh,hamlet,-6.832271,54.0352526
372,Ummerafree,ummerafree,hamlet,-6.8348459,54.0199008
372,Greaghdrumneesk,greaghdrumneesk,hamlet,-6.7677929,54.010064
372,Corduff,corduff,hamlet,-6.8205534,54.011554
372,Bocks Upper,bocks upper,hamlet,-6.7920401,54.0309173
372,Mullagheroghery,mullagheroghery,hamlet,-6.8183686,53.9924071
372,Lisnaghaveragh,lisnaghaveragh,hamlet,-6.7665912,54.002195
372,Drumgurra,drumgurra,hamlet,-6.790214,53.9935449
372,Carrickadooey,carrickadooey,hamlet,-6.8826751,54.0303086
372,Killina,killina,village,-7.5987966,53.2700974
372,Lisnagunnion,lisnagunnion,hamlet,-6.717475,54.0206669
372,Peast,peast,hamlet,-6.7677041,54.0170853
372,Drumgarra,drumgarra,hamlet,-6.788561,54.0894639
372,Cargahdoo,cargahdoo,hamlet,-6.7672321,54.0761968
372,Lisnamoyle,lisnamoyle,hamlet,-6.6635915,54.0313795
372,Dunaree,dunaree,hamlet,-6.7611381,54.0444342
372,Church Bay,church bay,village,-6.1938287,55.2929449
372,Blackditch,blackditch,hamlet,-6.0620106,53.058343
372,Griffith Bridge,griffith bridge,hamlet,-7.9510243,53.2223292
372,Srah Bridge,srah bridge,hamlet,-7.525626,53.2764546
372,Cappyroe Bridge,cappyroe bridge,hamlet,-7.3891927,53.2804319
372,Trimblestown Bridge,trimblestown bridge,hamlet,-7.1305231,53.3396968
372,Colgan's Bridge,colgan's bridge,hamlet,-7.0694064,53.3299284
372,George's Bridge,george's bridge,hamlet,-7.0746152,53.3304378
372,Cock Bridge,cock bridge,hamlet,-6.7570535,53.2683698
372,Hazelhatch Bridge,hazelhatch bridge,hamlet,-6.5188648,53.317834
372,Fenton Bridge,fenton bridge,hamlet,-6.8339133,53.2733699
372,Digby Bridge,digby bridge,hamlet,-6.7061164,53.2605604
372,Binn's Bridge,binn's bridge,hamlet,-6.8161893,53.2711307
372,Lisryan,lisryan,village,-7.5034288,53.7277581
372,Ballyhoge Cross Roads,ballyhoge cross roads,village,-6.5753911,52.4143165
372,Rossnowlagh,rossnowlagh,village,-8.2097755,54.5543518
372,Ballynabrennagh Lower,ballynabrennagh lower,hamlet,-9.6417273,52.2966011
372,Gortbreagoge,gortbreagoge,hamlet,-10.0030194,52.1692203
372,Coolalingo Bridge,coolalingo bridge,hamlet,-6.3519328,52.9598668
372,Bookey Bridge,bookey bridge,hamlet,-6.2998942,53.001708
372,Greenlawn,greenlawn,hamlet,-9.7320877,52.245576
372,Loughguile,loughguile,village,-6.30547,55.0630961
372,Iscaheen,iscaheen,hamlet,-7.2812277,55.0882645
372,Bahana,bahana,hamlet,-6.1877678,52.9448465
372,Ballaghboy,ballaghboy,hamlet,-8.9314593,52.8429178
372,The Spa,the spa,hamlet,-5.898925,54.3755173
372,Hennebry's Cross,hennebry's cross,hamlet,-7.2715979,52.7063198
372,Barntown,barntown,village,-6.5364506,52.3380972
372,Creevy,creevy,village,-8.2472469,54.5311329
372,Carrickbyrne,carrickbyrne,hamlet,-6.7749502,52.3634063
372,Aughacasla,aughacasla,village,-9.9748913,52.2349837
372,Kerry Pike,kerry pike,hamlet,-8.5677625,51.9114954
372,Rosahane Bridge,rosahane bridge,hamlet,-6.389254,52.8955023
372,Askanagap Bridge,askanagap bridge,hamlet,-6.4232057,52.8622996
372,Ballymanus Bridge,ballymanus bridge,hamlet,-6.3779318,52.8737896
372,Ballygobban Bridge,ballygobban bridge,hamlet,-6.4317295,52.9114722
372,Cross Bridge,cross bridge,hamlet,-6.5025076,52.8168034
372,Snugborough Bridge,snugborough bridge,hamlet,-6.5827837,53.010264
372,Oldmill Bridge,oldmill bridge,hamlet,-6.5363093,53.2539963
372,Lowtown,lowtown,hamlet,-6.2294703,52.936173
372,Kingston Bridge,kingston bridge,hamlet,-6.2166907,52.9022997
372,Kilquade,kilquade,hamlet,-6.0870708,53.1127897
372,Grangeford Bridge,grangeford bridge,hamlet,-6.8260702,52.940211
372,Crossnacole Bridge,crossnacole bridge,hamlet,-6.5908119,52.9036736
372,Knockananiller,knockananiller,hamlet,-6.4755571,53.2535812
372,Loughduff,loughduff,village,-7.4657721,53.8793836
372,Coonnaluinga,coonnaluinga,hamlet,-9.8551579,53.6122559
372,Cappagowlaun,cappagowlaun,hamlet,-9.8487178,53.6129225
372,Baylin,baylin,village,-7.8461837,53.4330662
372,Teemore,teemore,village,-7.5265499,54.1543545
372,Dernaflaw,dernaflaw,hamlet,-6.9666516,54.9257578
372,Foreglen,foreglen,village,-7.0271966,54.9289056
372,Gallony,gallony,hamlet,-6.9976798,54.8896834
372,Crettyard,crettyard,hamlet,-7.1306496,52.8425037
372,Crecora,crecora,village,-8.6678706,52.5748816
372,Ringville,ringville,hamlet,-7.0328165,52.2989324
372,Fowlard's Bridge,fowlard's bridge,hamlet,-7.730643,53.5834415
372,Croboy,croboy,hamlet,-7.0450284,53.4901057
372,Kilmore Quay,kilmore quay,village,-6.5890655,52.1729654
372,Coolnahay,coolnahay,hamlet,-7.4747365,53.5375526
372,Gaddrystown,gaddrystown,hamlet,-7.4789904,53.5463859
372,Ballinderrin,ballinderrin,hamlet,-6.7963364,53.422485
372,Dunderry,dunderry,village,-6.7734819,53.6075749
372,Dunny's Crossroads,dunny's crossroads,hamlet,-6.8688227,53.0999522
372,Sheshoon Crossroads,sheshoon crossroads,hamlet,-6.8593802,53.1266852
372,Maddenstown Crossroads,maddenstown crossroads,hamlet,-6.8757292,53.1335818
372,Tracey's Crossroads,tracey's crossroads,hamlet,-6.8872544,53.1423968
372,Ardclough,ardclough,village,-6.5682961,53.2977759
372,Dualla,dualla,village,-7.8160828,52.5412441
372,Gortletteragh,gortletteragh,village,-7.8192139,53.883794
372,Doolough Cross,doolough cross,hamlet,-7.1955752,53.1334975
372,The Glebe,the glebe,hamlet,-6.9900541,53.2251924
372,Drumkilly,drumkilly,village,-7.3431604,53.89043
372,Corlismore,corlismore,village,-7.4701635,53.9264479
372,Tacumshane,tacumshane,village,-6.4224264,52.2089511
372,Innisrush,innisrush,hamlet,-6.5240603,54.8720972
372,Flood's Crossroads,flood's crossroads,hamlet,-6.7230936,53.2182258
372,Lodgepark,lodgepark,hamlet,-6.6031971,53.3098211
372,Halfway,halfway,hamlet,-8.5703833,51.80442
372,Tubride,tubride,hamlet,-7.1665281,53.7560839
372,Monmore,monmore,hamlet,-9.5132915,52.6793011
372,Cloghbolie,cloghbolie,hamlet,-8.3042114,54.8928481
372,Drumlaghdrid,drumlaghdrid,hamlet,-8.3279865,54.8975372
372,Meenacarn,meenacarn,hamlet,-8.3143394,54.8818883
372,Boyoughter,boyoughter,hamlet,-8.2936542,54.8680633
372,Kellyville,kellyville,hamlet,-7.0930051,52.9910626
372,Balgeen,balgeen,hamlet,-6.3351705,53.6611171
372,Lettermore,lettermore,hamlet,-7.7705697,54.8615998
372,Abbey,abbey,village,-8.3923137,53.1021754
372,Ballinphunta,ballinphunta,hamlet,-8.5532752,54.3191836
372,Ballyweelin,ballyweelin,hamlet,-8.5343289,54.30556
372,Leenan Fort,leenan fort,hamlet,-7.5309458,55.2466753
372,Aghaloora,aghaloora,village,-7.3791115,53.8537574
372,Corrinagh,corrinagh,hamlet,-7.6621918,53.8631893
372,Edenmore,edenmore,hamlet,-7.6607326,53.8481031
372,Tawnagh,tawnagh,hamlet,-7.6894859,53.8555456
372,Gaigue,gaigue,hamlet,-7.6962665,53.8455713
372,Mollyglass,mollyglass,hamlet,-7.6252161,53.8664646
372,Annagh,annagh,hamlet,-7.6613508,53.8760291
372,Birrinagh,birrinagh,hamlet,-7.6105391,53.9014227
372,Camagh,camagh,hamlet,-7.6798946,53.8651006
372,Kiltycon,kiltycon,hamlet,-7.6694189,53.892218
372,Annaghdaniel,annaghdaniel,hamlet,-7.6433264,53.8748653
372,Rosduff,rosduff,hamlet,-7.5927721,53.8910547
372,Cuingareen,cuingareen,hamlet,-7.6325117,53.8637315
372,Aghamore Lower,aghamore lower,hamlet,-7.651652,53.8839726
372,Smear,smear,hamlet,-7.6162039,53.8738533
372,Crott,crott,hamlet,-7.6177531,53.8885761
372,Rathmore,rathmore,hamlet,-7.6184355,53.853101
372,Cornadrung,cornadrung,hamlet,-7.5844465,53.8736508
372,Leggagh,leggagh,hamlet,-7.6451331,53.8981355
372,Carrickmaguirk,carrickmaguirk,hamlet,-7.6369792,53.8881208
372,Dunbeggan,dunbeggan,hamlet,-7.5920855,53.8521897
372,Polladoey,polladoey,hamlet,-7.5908838,53.8646932
372,Enaghan,enaghan,hamlet,-7.5695935,53.8961126
372,Cleenrah,cleenrah,hamlet,-7.6038486,53.8599883
372,Cloonback,cloonback,hamlet,-7.6471931,53.8666164
372,Gortroe,gortroe,hamlet,-9.5495626,52.0675024
372,Trillick,trillick,village,-7.4867991,54.4521123
372,Coolronan Bridge,coolronan bridge,hamlet,-6.979698,53.5576583
372,Crookstown Bridge,crookstown bridge,hamlet,-6.8068494,53.0204402
372,Fionntrá,fionntra,village,-10.3811664,52.1279221
372,Dolla,dolla,village,-8.1911095,52.7976269
372,Deputy's Pass,deputy's pass,hamlet,-6.158266,52.9473269
372,Dromiskin,dromiskin,village,-6.400143,53.9218022
372,Dunmore,dunmore,hamlet,-7.2580281,52.6902511
372,Mountrice Cross,mountrice cross,hamlet,-7.0285301,53.1715317
372,Mullaghroe Cross,mullaghroe cross,hamlet,-7.032195,53.1683722
372,Aghaboy,aghaboy,hamlet,-7.7158269,53.7757221
372,New Tipperary,new tipperary,hamlet,-8.7344768,51.9966087
372,Raghly,raghly,village,-8.6501259,54.3262847
372,th Lock,13th lock,hamlet,-6.5550504,53.3011726
372,Tullyhommon,tullyhommon,hamlet,-7.830621,54.5494632
372,Ray Upper,ray upper,hamlet,-8.0593439,55.143878
372,Pallas,pallas,hamlet,-9.8818898,51.7543779
372,Darver,darver,village,-6.4586509,53.9270494
372,Carrigmore,carrigmore,hamlet,-8.9975616,51.7340123
372,Casey,casey,hamlet,-7.96588,55.170014
372,Ardagh,ardagh,hamlet,-9.8350563,51.6391015
372,Cloonaghlin,cloonaghlin,hamlet,-9.8398629,51.6275943
372,Glanarough,glanarough,hamlet,-10.1253357,51.6015856
372,Billeragh,billeragh,hamlet,-10.1361504,51.6174697
372,Scrivoge,scrivoge,hamlet,-10.1131874,51.6051047
372,Cloghfune,cloghfune,hamlet,-10.0869662,51.6112607
372,Killough,killough,hamlet,-10.0637093,51.6100081
372,Canalmore,canalmore,hamlet,-10.1158944,51.6127797
372,Loughnanemore,loughnanemore,hamlet,-10.1017661,51.6033108
372,Teernahillane,teernahillane,hamlet,-9.9600258,51.6503929
372,Foher,foher,hamlet,-10.0858536,51.6216264
372,Gortaghig,gortaghig,hamlet,-10.0599328,51.6681763
372,Knockeen,knockeen,hamlet,-10.0153008,51.6590193
372,Kealogue,kealogue,hamlet,-10.0321236,51.636225
372,Inchinteskin,inchinteskin,hamlet,-9.9803431,51.6726876
372,Caminches,caminches,hamlet,-10.0300637,51.6404865
372,Ardacluggin,ardacluggin,hamlet,-9.9925803,51.6805494
372,Ballaghacahereen,ballaghacahereen,hamlet,-10.0720569,51.6611966
372,Cloontreem,cloontreem,hamlet,-9.9071541,51.6714235
372,Gowlane,gowlane,hamlet,-9.9030118,51.6920389
372,Derrymihan,derrymihan,hamlet,-9.8981419,51.6570492
372,Pullincha,pullincha,hamlet,-9.9244919,51.6833986
372,Rodeen,rodeen,hamlet,-9.8866406,51.6575284
372,Caheravart,caheravart,hamlet,-9.9145602,51.695983
372,Bealalocpa,bealalocpa,hamlet,-9.9233761,51.677438
372,Gortatornora,gortatornora,hamlet,-9.9067282,51.6956238
372,Bawnard,bawnard,hamlet,-9.9192809,51.6980046
372,Kilmackowen,kilmackowen,hamlet,-9.9139348,51.686751
372,Coolieragh,coolieragh,hamlet,-9.5887203,51.7105602
372,Inchintaggart,inchintaggart,hamlet,-9.5586947,51.7381708
372,Lecanvey,lecanvey,village,-9.687335,53.779316
372,Glengarriff,glengarriff,village,-9.5499762,51.7501967
372,Castletown,castletown,village,-7.3317158,53.7541892
372,Ballynameagh,ballynameagh,hamlet,-7.3432968,53.7172032
372,Rochestown,rochestown,hamlet,-7.3502742,53.7072707
372,Ballynagall Little,ballynagall little,hamlet,-7.3357094,53.7066756
372,Ballynagall,ballynagall,hamlet,-7.3387993,53.7018489
372,Carn,carn,hamlet,-7.3437871,53.6894081
372,Turbotstown,turbotstown,hamlet,-7.357893,53.7015977
372,Fearmore,fearmore,hamlet,-7.3653465,53.6978687
372,Williamstown,williamstown,hamlet,-7.3502303,53.6798252
372,Simonstown,simonstown,hamlet,-7.3690522,53.6849928
372,Whitehall,whitehall,village,-7.9214068,53.7620885
372,Taylorstown,taylorstown,hamlet,-6.3944549,54.7948231
372,Moneyglass,moneyglass,hamlet,-6.4203056,54.7782584
372,Tim Lyn's Rocks,tim lyn's rocks,hamlet,-8.019304,55.1946457
372,Slatta,slatta,village,-7.9780091,53.8000249
372,Derryfeacle,derryfeacle,hamlet,-7.9775517,53.8552509
372,Drumquin,drumquin,village,-7.4885233,54.6156809
372,Springfield,springfield,hamlet,-7.7340169,54.3684972
372,Mullyleggan Bridge,mullyleggan bridge,hamlet,-6.7023256,54.4070108
372,Milltown,milltown,village,-6.7657642,54.407683
372,Arthur's Bridge,arthur's bridge,hamlet,-7.3747877,53.1555012
372,Marsh,marsh,hamlet,-6.1604984,52.8035094
372,Tiknock,tiknock,hamlet,-6.1464007,52.8071414
372,Lavey,lavey,village,-7.2303888,53.9666169
372,Knockatemple,knockatemple,hamlet,-7.0925416,53.8053325
372,Ballyroe Bridge,ballyroe bridge,hamlet,-6.948738,52.9559194
372,Cross,cross,hamlet,-7.0136764,53.8551373
372,Ballyknockan,ballyknockan,village,-6.4987491,53.1059777
372,Dublin,dublin,city,-6.2605593,53.3493795
372,Harristown,harristown,hamlet,-6.9717011,53.0966119
372,Stabannan,stabannan,village,-6.4455412,53.8665227
372,Lenaderg,lenaderg,village,-6.2861694,54.3741742
372,Derryleigh Bridge,derryleigh bridge,hamlet,-9.2038558,51.5643993
372,Ahoghill,ahoghill,village,-6.3656884,54.8513314
372,Millbrook,millbrook,hamlet,-5.8606793,54.839313
372,Kilwaughter,kilwaughter,hamlet,-5.8893195,54.833216
372,Carncastle,carncastle,village,-5.8818158,54.8961522
372,Old Mill,old mill,hamlet,-5.8620275,54.8923689
372,Carnalbanagh,carnalbanagh,hamlet,-6.0234774,54.9048268
372,McElroystown,mcelroystown,hamlet,-6.0767574,54.9092562
372,Athlunkard,athlunkard,hamlet,-8.6045556,52.6845833
372,Raloo,raloo,village,-5.8532406,54.7969006
372,Clogagh,clogagh,hamlet,-8.798162,51.6753758
372,Crosreagh,crosreagh,village,-8.778936,51.6745109
372,Ballymartle,ballymartle,hamlet,-8.5179408,51.7703088
372,Ballinacurra,ballinacurra,hamlet,-8.7109546,51.7903025
372,Inagh,inagh,village,-9.1761865,52.8769424
372,An Baile Thíos,an baile thios,village,-9.5258636,53.0668244
372,Dún Laoghaire,dun laoghaire,town,-6.1360079,53.2922794
372,An Chlais,an chlais,hamlet,-10.3026061,52.2213198
372,Tinure,tinure,village,-6.4199087,53.7904695
372,Saint Mullins,saint mullins,village,-6.9260827,52.4889791
372,Kilcurly,kilcurly,hamlet,-6.4679824,54.00638
372,Tullaghoge,tullaghoge,hamlet,-6.7229364,54.6059992
372,Drung,drung,hamlet,-7.2226905,54.0412572
372,Sandholes,sandholes,village,-6.7797073,54.5949221
372,Garvetagh,garvetagh,hamlet,-7.578501,54.6852136
372,Teevurcher,teevurcher,hamlet,-6.9280365,53.8801933
372,Effrinagh,effrinagh,village,-7.9909907,53.9743719
372,Dickeystown,dickeystown,hamlet,-5.991988,54.7741915
372,Draperstown,draperstown,village,-6.7842045,54.79358
372,Fourmilewater,fourmilewater,hamlet,-7.750577,52.2791919
372,Bellanode,bellanode,village,-7.0352078,54.267033
372,Ardtanagh,ardtanagh,hamlet,-6.0591084,54.3806168
372,Corbet,corbet,hamlet,-6.2046409,54.3392089
372,Loughmore,loughmore,village,-7.8304302,52.756912
372,Lacken,lacken,hamlet,-6.4881,53.1400261
372,Munterconnaught,munterconnaught,hamlet,-7.0656194,53.7923359
372,Clonvaraghan,clonvaraghan,hamlet,-5.9268704,54.2982522
372,Portbradden,portbradden,hamlet,-6.4159502,55.2350613
372,Ballyallaght,ballyallaght,hamlet,-6.4848186,55.2213195
372,Doneen Cottages,doneen cottages,hamlet,-10.0107145,53.483106
372,Ardbear Cottages,ardbear cottages,hamlet,-10.0215916,53.4814878
372,Ardbear,ardbear,hamlet,-10.0247338,53.4802058
372,Ballyboggan,ballyboggan,hamlet,-8.385904,53.324606
372,Balloo,balloo,village,-5.6905676,54.4738737
372,Shrigley,shrigley,hamlet,-5.6646258,54.4101244
372,Craughwell,craughwell,village,-8.7348719,53.2306783
372,Monaster,monaster,hamlet,-8.6686273,52.521176
372,Athy,athy,town,-6.9835926,52.9923938
372,Stonepark,stonepark,hamlet,-8.2245795,54.647765
372,Turris Hill,turris hill,hamlet,-8.215279,54.6492847
372,Kilbrin,kilbrin,village,-8.8304061,52.2111971
372,Moore's Cross,moore's cross,hamlet,-7.0718961,52.8512368
372,Oldcourt Crossroads,oldcourt crossroads,hamlet,-7.014285,53.3615911
372,Illaunmunnagh,illaunmunnagh,hamlet,-8.8697702,53.3871151
372,Ardress,ardress,village,-6.5998599,54.4430841
372,Waterfoot,waterfoot,village,-6.0583439,55.0604186
372,Aghagallon,aghagallon,village,-6.2978174,54.5068068
372,Lower Ballinderry,lower ballinderry,village,-6.2563572,54.5445576
372,Ballinderry Upper,ballinderry upper,village,-6.2038289,54.5401636
372,Aghalee,aghalee,village,-6.2679269,54.5205213
372,Bailliesmill,bailliesmill,village,-5.9587687,54.4578527
372,Bleary,bleary,village,-6.3463088,54.4249901
372,Aghnagraigue,aghnagraigue,hamlet,-7.2047679,52.9196094
372,Liscolman,liscolman,village,-6.4540503,55.1696049
372,Lyre,lyre,hamlet,-8.8623198,52.0808644
372,Buckna,buckna,village,-6.116705,54.8995562
372,Drains Bay,drains bay,village,-5.8357881,54.8790808
372,New Twopothouse,new twopothouse,village,-8.6711092,52.185845
372,Riverstown,riverstown,village,-8.3971469,54.1296896
372,Attical,attical,hamlet,-6.0438548,54.1088314
372,Killusty,killusty,hamlet,-7.6323663,52.4504524
372,Scotch Street,scotch street,village,-6.5135661,54.4403391
372,Carrickmacross,carrickmacross,town,-6.7193763,53.9770462
372,Templederry,templederry,village,-8.0756265,52.7737329
372,Ballynamona Lower,ballynamona lower,hamlet,-7.5452478,53.7727735
372,Templeglantine,templeglantine,village,-9.1745261,52.3974632
372,Moynalvy,moynalvy,village,-6.6795801,53.47724
372,Darragh,darragh,hamlet,-8.4089625,52.3092252
372,Killian,killian,hamlet,-8.4152899,53.5006577
372,Ballyforan,ballyforan,village,-8.2660979,53.4701813
372,Lislea,lislea,hamlet,-6.460346,54.1569028
372,Mullaghbawn,mullaghbawn,village,-6.4784902,54.108535
372,Cummeenduasig,cummeenduasig,hamlet,-9.4925266,51.9391332
372,Baile an Sceilg,baile an sceilg,village,-10.2742359,51.8249167
372,Articlave,articlave,village,-6.7739521,55.1469805
372,Barndarrig,barndarrig,village,-6.1149949,52.911825
372,Mowhan,mowhan,hamlet,-6.5126458,54.2684649
372,Errew,errew,village,-9.264592,53.7963897
372,Keeloges,keeloges,village,-9.1599611,53.8788642
372,Snugboro,snugboro,village,-9.3282902,53.8663193
372,Park,park,village,-9.1995263,53.9077105
372,Ross,ross,village,-9.2432102,53.9193322
372,Bofeenaun,bofeenaun,village,-9.3267823,53.9866051
372,Garrafrauns,garrafrauns,village,-8.8231829,53.6340328
372,Bekan,bekan,village,-8.8508466,53.7579559
372,Taugheen,taugheen,village,-9.081084,53.7010344
372,Robeen,robeen,hamlet,-9.1493831,53.680563
372,Bun na hAbhna,bun na habhna,village,-9.9056178,54.1920161
372,Magheraveely,magheraveely,village,-7.2859252,54.1969767
372,Liscloon,liscloon,hamlet,-7.2633622,54.8787243
372,Carraholly,carraholly,village,-9.5928777,53.8147929
372,Hillhall,hillhall,village,-6.0094114,54.5102146
372,Eglinton,eglinton,village,-7.176451,55.0266097
372,Affane,affane,hamlet,-7.8251324,52.1347895
372,Ballyclamay,ballyclamay,hamlet,-7.6737665,53.5386938
372,Gyles Quay,gyles quay,hamlet,-6.2383001,53.9856057
372,Ballon,ballon,village,-6.7693693,52.7392233
372,Ardattin,ardattin,village,-6.7069763,52.7540225
372,Portraine,portraine,village,-6.112271,53.4934234
372,Blacklion,blacklion,hamlet,-6.6702301,52.7514608
372,Kilbraghan,kilbraghan,hamlet,-7.4601536,52.5938139
372,Slade,slade,village,-6.9109316,52.1339882
372,Kilbrittain,kilbrittain,village,-8.6920027,51.6735948
372,The Butts,the butts,hamlet,-7.0787559,52.769718
372,Kylemore,kylemore,village,-8.3643648,53.1013154
372,Weir Village,weir village,hamlet,-8.893552,53.2109714
372,Monageer,monageer,village,-6.4791471,52.526986
372,Coolaney,coolaney,village,-8.6023901,54.1731061
372,Annaclone,annaclone,village,-6.1954624,54.3008532
372,Dungiven,dungiven,town,-6.9236545,54.9266409
372,Barrack Bog,barrack bog,hamlet,-7.7962073,53.7036095
372,Ballysadare,ballysadare,village,-8.509265,54.2098884
372,Daingean,daingean,village,-7.290978,53.2975051
372,Tullahought,tullahought,hamlet,-7.3643935,52.4206289
372,Lurgan,lurgan,town,-6.3292491,54.460824
372,Newtown,newtown,hamlet,-8.2960244,52.8786862
372,Killasmeestia,killasmeestia,hamlet,-7.6456609,52.8922311
372,Kilconnell,kilconnell,hamlet,-8.4004224,53.3322842
372,Meentubbrid,meentubbrid,hamlet,-7.9209119,54.9519359
372,Carrigrohane,carrigrohane,village,-8.5635259,51.8924452
372,Moneystown,moneystown,hamlet,-6.1992922,53.0034637
372,Raholp,raholp,hamlet,-5.6430588,54.3523545
372,Thomastown,thomastown,hamlet,-7.1276641,53.495386
372,Ballylickey,ballylickey,village,-9.4390935,51.7235668
372,Gortnahoe,gortnahoe,village,-7.6023975,52.6757247
372,Ardkeen,ardkeen,hamlet,-5.5331244,54.4344151
372,Killoscully,killoscully,village,-8.327215,52.7687555
372,Moycarky,moycarky,village,-7.7904122,52.6262342
372,Rossadrehid,rossadrehid,hamlet,-8.1089931,52.4153664
372,Threemilehouse,threemilehouse,village,-7.0442106,54.2165174
372,Agher,agher,hamlet,-6.7677755,53.4584152
372,The Pocket,the pocket,hamlet,-9.8041963,51.7029709
372,Glenmore,glenmore,hamlet,-9.7919251,51.7130037
372,Canagullen,canagullen,hamlet,-9.7773735,51.7269909
372,Coolcreen,coolcreen,hamlet,-9.7659714,51.727239
372,Clare,clare,village,-6.4466378,54.3261911
372,Baile Ghib,baile ghib,hamlet,-6.7403768,53.7078832
372,Domhnach Phádraig,domhnach phadraig,hamlet,-6.7593502,53.6965209
372,Cúil Aodha,cuil aodha,village,-9.218213,51.9281669
372,Drumkeeran,drumkeeran,village,-8.1435719,54.1684984
372,Tubber,tubber,hamlet,-8.894024,52.9896643
372,Munninane,munninane,village,-8.5298845,54.372899
372,Killyman,killyman,village,-6.7023814,54.4926088
372,Ballyronan,ballyronan,village,-6.5339309,54.7071304
372,Poll Rathnaí,poll rathnai,village,-9.9135354,53.9339392
372,Baile na hAbhann,baile na habhann,village,-9.5025426,53.2409228
372,Ballinderry,ballinderry,hamlet,-8.2214995,53.0241182
372,Tully,tully,village,-9.9754484,53.5957965
372,Aughafatten,aughafatten,hamlet,-6.0770388,54.9092437
372,Correen,correen,hamlet,-6.2091354,54.9162884
372,Carlingford,carlingford,town,-6.1865063,54.0410801
372,Carrowclare,carrowclare,hamlet,-7.0049462,55.0861364
372,Bolea,bolea,hamlet,-6.8850645,55.0731961
372,Craigywarren,craigywarren,hamlet,-6.2567773,54.9068771
372,Cheekpoint,cheekpoint,village,-6.9958602,52.2689939
372,Crooke,crooke,village,-6.9740951,52.22886
372,Bendooragh,bendooragh,village,-6.5499109,55.0480454
372,The Rock,the rock,village,-6.8346447,54.5920499
372,Derrynoose,derrynoose,village,-6.7707598,54.2294284
372,Erganagh,erganagh,village,-7.5526336,54.7175296
372,Letterkern,letterkern,hamlet,-7.7340047,54.534911
372,Drumsurn,drumsurn,hamlet,-6.8754872,54.9964285
372,Katesbridge,katesbridge,hamlet,-6.1420802,54.3027363
372,Knocknagree,knocknagree,village,-9.2076473,52.1222818
372,Flurrybridge,flurrybridge,village,-6.3602841,54.0979741
372,Killedmond,killedmond,hamlet,-6.8389142,52.6118302
372,Newtown,newtown,hamlet,-6.8909576,52.5987597
372,Kilmanagh,kilmanagh,village,-7.4249134,52.6205528
372,Belleek,belleek,hamlet,-6.4855868,54.1847551
372,Ahiohill,ahiohill,hamlet,-8.8920925,51.7101235
372,Ballymacpeake,ballymacpeake,hamlet,-6.5421587,54.8684866
372,Ring,ring,village,-8.8500735,51.6127159
372,Kiltaffrey,kiltaffrey,hamlet,-7.8167383,53.596282
372,Altnamaken,altnamaken,hamlet,-6.6315113,54.1652168
372,Castletown,castletown,village,-6.7145485,53.7804207
372,Toem,toem,hamlet,-8.1958644,52.5791537
372,Clady Milltown,clady milltown,hamlet,-6.5317221,54.2646875
372,Scarva,scarva,village,-6.3623647,54.3314622
372,Fallylea,fallylea,village,-6.7243327,54.8492061
372,Downhill,downhill,hamlet,-6.8229418,55.1659259
372,Capecastle,capecastle,hamlet,-6.3044334,55.1658528
372,Loughinisland,loughinisland,hamlet,-5.8223048,54.3367777
372,Gortnahey,gortnahey,village,-6.9707706,54.9578296
372,Burnfoot,burnfoot,village,-6.938965,54.9650381
372,Straidarran,straidarran,village,-7.0917073,54.8983264
372,Aldergrove,aldergrove,village,-6.2429127,54.6448939
372,Finsboro,finsboro,hamlet,-7.1862048,52.8214812
372,Kilmacsimon,kilmacsimon,hamlet,-8.6331642,51.732758
372,Sandycove,sandycove,hamlet,-8.5242855,51.6771315
372,Clintyfinnan,clintyfinnan,hamlet,-6.3639906,55.1225365
372,Magherahoney,magherahoney,hamlet,-6.3134336,55.0975757
372,Jamestown,jamestown,village,-8.0303119,53.9268765
372,Lurganboy,lurganboy,village,-8.2109197,54.3135472
372,Glennanore,glennanore,hamlet,-7.6205214,52.2823967
372,Doran's Point,doran's point,hamlet,-9.8693533,54.005545
372,Faha,faha,hamlet,-7.4666634,52.1799879
372,Fallagloon,fallagloon,village,-6.7262737,54.8475884
372,Mothel,mothel,hamlet,-7.4200845,52.2990841
372,Carrigeen,carrigeen,village,-7.2159775,52.2713113
372,Glenullin,glenullin,village,-6.7367425,54.9566869
372,Bracknagh,bracknagh,village,-7.0963448,53.2097135
372,Moygownagh,moygownagh,hamlet,-9.344733,54.1623462
372,Glen,glen,village,-6.7091655,54.8451155
372,Culnady,culnady,village,-6.620774,54.8654302
372,Upperlands,upperlands,village,-6.6403915,54.8788337
372,Knockanore,knockanore,hamlet,-7.8899756,52.0528914
372,Kilrossanty,kilrossanty,village,-7.5447922,52.1778918
372,Dunhill,dunhill,village,-7.2642865,52.1724753
372,Mín Doire Thoirc,min doire thoirc,hamlet,-8.2599807,54.9367704
372,Lack,lack,village,-7.5768005,54.5462042
372,Mount Temple,mount temple,village,-7.7766125,53.4265582
372,Walderstown,walderstown,hamlet,-7.7985745,53.4660876
372,Tír Chiana,tir chiana,village,-6.707769,54.8678492
372,Magheramore,magheramore,hamlet,-7.7840219,53.4020645
372,Doon,doon,hamlet,-7.821752,53.332404
372,Drumraney,drumraney,hamlet,-7.7499294,53.4810077
372,Ardnagrath,ardnagrath,hamlet,-7.7899384,53.4836082
372,Boher,boher,hamlet,-7.5958762,53.4611834
372,Tubberclare,tubberclare,village,-7.8546369,53.4936405
372,Corbeg,corbeg,hamlet,-7.8206426,53.3124805
372,Endrim,endrim,hamlet,-7.8540633,53.3037967
372,Clonmacnoise,clonmacnoise,hamlet,-7.9805375,53.3250159
372,Knockdomney,knockdomney,hamlet,-7.7527916,53.4011725
372,Boher,boher,hamlet,-7.7283114,53.3256048
372,Garrycastle,garrycastle,hamlet,-7.9005589,53.423617
372,Ballycon,ballycon,hamlet,-7.1956671,53.2935173
372,Grangemockler,grangemockler,village,-7.469355,52.4459633
372,Mahon Bridge,mahon bridge,hamlet,-7.4996283,52.2044616
372,Madden,madden,village,-6.7431449,54.2868252
372,Ballinure,ballinure,village,-7.767323,52.5640492
372,Moyglass,moyglass,village,-7.7181832,52.5235905
372,Ballina,ballina,village,-8.437325,52.80923
372,Attymon,attymon,village,-8.6090017,53.3211376
372,Lavey,lavey,village,-6.6048685,54.8305769
372,Fotish Village,fotish village,village,-9.3257927,54.1065216
372,Killaloe,killaloe,village,-8.4405427,52.8067603
372,Lisnamuck,lisnamuck,village,-6.7514291,54.8394001
372,Na Gorta Dubha,na gorta dubha,village,-10.4212122,52.1783357
372,Mulhussey,mulhussey,hamlet,-6.6217024,53.4365511
372,Donaghcloney,donaghcloney,village,-6.2603363,54.420105
372,Cloone,cloone,village,-7.7853479,53.9458992
372,Aughavas,aughavas,village,-7.7253721,53.9587777
372,Fenagh,fenagh,village,-7.8343345,54.0202058
372,Drumcoura,drumcoura,village,-7.7546899,54.0283187
372,Newtown Gore,newtown gore,village,-7.6759817,54.043284
372,Drumcong,drumcong,village,-7.9733497,54.0290025
372,Kilclare,kilclare,village,-8.0146631,54.008383
372,Eslinbridge,eslinbridge,village,-7.9167926,53.9394412
372,Foxfield,foxfield,village,-7.8633037,54.023869
372,Kilarga,kilarga,village,-8.210495,54.2296241
372,An Chillín Liath,an chillin liath,village,-10.0617753,51.9056741
372,Moydrum,moydrum,hamlet,-7.8735536,53.4277673
372,Treel,treel,hamlet,-7.7710305,53.4010567
372,Knocknatulla,knocknatulla,hamlet,-6.6630367,53.4063532
372,Kilcommon,kilcommon,village,-8.1470289,52.6913836
372,Coolagowan,coolagowan,village,-8.1874295,52.1172318
372,Camross,camross,hamlet,-7.5934711,53.0035799
372,Nurney,nurney,village,-6.9107931,52.7527743
372,An Spidéal,an spideal,village,-9.3051311,53.2443553
372,An tSraith,an tsraith,hamlet,-9.3343145,53.6957446
372,Coill an tSíáin,coill an tsiain,hamlet,-9.4397858,53.6104386
372,Ladysbridge,ladysbridge,village,-8.0439578,51.8984726
372,Rosnakill,rosnakill,village,-7.6873774,55.1910096
372,Tawny,tawny,village,-7.6915036,55.1988653
372,Tirmoghan,tirmoghan,village,-6.7322493,53.3713809
372,Templeorum,templeorum,hamlet,-7.2970915,52.3832681
372,Faugheen,faugheen,hamlet,-7.4038662,52.3927485
372,Ticknevin,ticknevin,village,-6.95407,53.3182223
372,Gowel,gowel,village,-8.0100924,53.9839133
372,Bornacoola,bornacoola,village,-7.8703324,53.8268396
372,Oberstown,oberstown,village,-6.5466992,53.5777857
372,Bohermeen,bohermeen,village,-6.7903026,53.6542726
372,Ogonnelloe,ogonnelloe,village,-8.4566849,52.882192
372,Ballinagree,ballinagree,hamlet,-8.92564,51.9767569
372,Ballinaclash,ballinaclash,village,-6.257466,52.9038822
372,Íochtar Bhaile,iochtar bhaile,hamlet,-9.2300587,51.4900774
372,Uachtar Bhaile,uachtar bhaile,hamlet,-9.2307437,51.4883465
372,Leamlara,leamlara,hamlet,-8.2643943,51.9711903
372,Ballinroad,ballinroad,village,-7.5731744,52.1042401
372,Toormore,toormore,hamlet,-9.6450077,51.5216091
372,Kilrathmurry,kilrathmurry,village,-7.0084459,53.4230943
372,Ballinadee,ballinadee,village,-8.6267978,51.712122
372,Strathfoyle,strathfoyle,village,-7.2643471,55.0325851
372,Castlebane,castlebane,hamlet,-8.0039912,55.1670788
372,Ballycuddahy,ballycuddahy,village,-7.4855266,52.9151919
372,Tullybane,tullybane,hamlet,-7.7636419,53.4157072
372,Carnpark,carnpark,hamlet,-7.8068291,53.4230023
372,Cloneyegan,cloneyegan,hamlet,-7.7815705,53.412002
372,Kilcoe,kilcoe,village,-9.3897616,51.5606465
372,Clusker Wood,clusker wood,hamlet,-6.5914625,53.5618891
372,Belpere Hill,belpere hill,hamlet,-6.6070774,53.5637477
372,Ballyboden,ballyboden,village,-6.2955729,53.2838874
372,Bellarena,bellarena,village,-6.9518589,55.1279162
372,Ahenny,ahenny,hamlet,-7.3926929,52.4147394
372,Rann na Feirste,rann na feirste,hamlet,-8.316311,55.0392905
372,Dún Lúiche,dun luiche,hamlet,-8.1123344,55.0208429
372,Aghada Upper,aghada upper,village,-8.2080928,51.8373417
372,Aghada Lower,aghada lower,village,-8.2097369,51.8434459
372,Farsid-Rostellan,farsid-rostellan,village,-8.1905719,51.8445666
372,Ballinabrannagh,ballinabrannagh,village,-6.9825131,52.7852856
372,Ballincar,ballincar,hamlet,-8.5006237,54.2982776
372,Ballyroe,ballyroe,village,-6.933948,52.961334
372,Cluain Bú,cluain bu,village,-9.0163715,53.3746784
372,Drinagh,drinagh,village,-9.1541022,51.6473049
372,Fitz's Cross,fitz's cross,hamlet,-9.3775994,53.0159985
372,Killean,killean,hamlet,-6.3373751,54.1235368
372,Kilkeasy,kilkeasy,hamlet,-7.2174656,52.4395243
372,Boherlahan,boherlahan,village,-7.8933994,52.5700314
372,Loughmacrory,loughmacrory,village,-7.1098119,54.6249087
372,Mountfield,mountfield,village,-7.1687965,54.6473612
372,Leitrim,leitrim,hamlet,-5.9982114,54.2855309
372,Finnis,finnis,hamlet,-6.0240371,54.3623169
372,Ballyward,ballyward,hamlet,-6.0408651,54.2774765
372,Dechomet,dechomet,hamlet,-6.0672247,54.3024142
372,Whiterock,whiterock,village,-5.6470077,54.4815501
372,Rubane,rubane,village,-5.5076463,54.4726006
372,Clogh,clogh,village,-7.1630409,52.860318
372,Ballykeeran,ballykeeran,village,-7.8885025,53.4483947
372,Sandpit,sandpit,village,-6.3076258,53.772928
372,Blackskull,blackskull,village,-6.2406728,54.4026659
372,Gordystown,gordystown,village,-6.1918405,54.3975763
372,Drumlough,drumlough,hamlet,-6.0496259,54.4215335
372,Gamblestown,gamblestown,village,-6.2337989,54.4284106
372,Closkelt,closkelt,hamlet,-6.0939447,54.305633
372,Kilkinamurry,kilkinamurry,hamlet,-6.1092262,54.3268685
372,Moyne,moyne,village,-7.6303834,53.9151319
372,Dromagh,dromagh,hamlet,-8.9793263,52.1245097
372,Caherline,caherline,village,-8.4522276,52.5685567
372,Ballybrown,ballybrown,village,-8.7293862,52.6438306
372,Flush,flush,hamlet,-6.0754202,54.2713446
372,Burrenbridge,burrenbridge,hamlet,-5.9608024,54.2509291
372,Castlewellan,castlewellan,town,-5.9435178,54.2574364
372,An Fheothanach,an fheothanach,hamlet,-10.3492689,52.216375
372,Longstone,longstone,hamlet,-5.9312338,54.1098
372,Magheraconluce,magheraconluce,hamlet,-6.0083655,54.4268186
372,Legacurry,legacurry,hamlet,-6.0104588,54.4766731
372,Ballynoe,ballynoe,hamlet,-5.720317,54.2867359
372,Ballyroney,ballyroney,hamlet,-6.1258108,54.2739417
372,Ashfield,ashfield,hamlet,-6.1985656,54.3979334
372,Kilntown,kilntown,hamlet,-6.1735687,54.4320031
372,Glenone,glenone,village,-6.4845791,54.8726221
372,Camas,camas,village,-9.5488251,53.3733039
372,Lukeswell,lukeswell,village,-7.1844261,52.3964233
372,Sleacht Néill,sleacht neill,hamlet,-6.7137934,54.8896147
372,Straw,straw,village,-6.8068118,54.783779
372,Ballykeel,ballykeel,hamlet,-6.0383753,54.408681
372,Ballyholland,ballyholland,village,-6.312635,54.1691888
372,Craigstown Meadow,craigstown meadow,village,-5.7783573,54.8094036
372,Mullaghboy,mullaghboy,village,-5.7238013,54.833347
372,Millbay,millbay,village,-5.7483017,54.8232246
372,Mounthill,mounthill,village,-5.8640331,54.8088624
372,Annacloy,annacloy,hamlet,-5.7793459,54.3657362
372,Ballela,ballela,hamlet,-6.1477973,54.3535929
372,LowerBallylagan,lowerballylagan,hamlet,-5.9042981,54.7720351
372,Mountnorris,mountnorris,village,-6.4745373,54.2522887
372,Ballymoyer,ballymoyer,hamlet,-6.5289871,54.2163787
372,Lurganare,lurganare,hamlet,-6.3518453,54.230315
372,Coney Island,coney island,hamlet,-5.6278729,54.2561715
372,Ballyalton,ballyalton,hamlet,-5.6621584,54.3270172
372,Dunnaval,dunnaval,hamlet,-6.0323461,54.0452745
372,Moygashel,moygashel,village,-6.7529756,54.4830217
372,Ballyculter,ballyculter,hamlet,-5.5833597,54.3500072
372,Deneight,deneight,hamlet,-6.0234748,54.486438
372,Ballinamere,ballinamere,hamlet,-7.5616195,53.2881339
372,Ballyfore Cross Roads,ballyfore cross roads,hamlet,-7.1141401,53.3195061
372,Clonoe,clonoe,village,-6.6720215,54.5340303
372,Gortnamona,gortnamona,hamlet,-7.5809796,53.221991
372,Lusmagh,lusmagh,hamlet,-8.0201888,53.1731354
372,Ballyglass,ballyglass,hamlet,-7.3046605,53.286218
372,Roscomroe,roscomroe,hamlet,-7.7582137,53.0202636
372,Clonyhurk,clonyhurk,hamlet,-7.2738023,53.1567206
372,Boora,boora,hamlet,-7.733809,53.234905
372,Brookmount,brookmount,hamlet,-6.1249829,54.5215222
372,Cremartin,cremartin,hamlet,-6.8174169,54.1591315
372,Knockconan,knockconan,hamlet,-6.9641923,54.3687464
372,Drumgoosat,drumgoosat,hamlet,-6.7788688,53.95214
372,Drumadragh,drumadragh,village,-6.6229768,55.1572697
372,Ballytober,ballytober,village,-6.5561706,55.1857566
372,Gracefield,gracefield,village,-6.5476202,54.7447045
372,Knockatallan,knockatallan,hamlet,-7.1493302,54.295025
372,Dunaghy,dunaghy,hamlet,-6.4716715,55.0721513
372,Killeen,killeen,village,-6.6460927,54.5520951
372,Cratloe,cratloe,village,-8.7627609,52.698702
372,Ballyduff,ballyduff,hamlet,-7.272218,52.2315125
372,Knockatallan,knockatallan,village,-7.1294057,54.3058723
372,Lough Egish,lough egish,village,-6.8176202,54.0588274
372,Ballyneale,ballyneale,hamlet,-7.4675949,52.3748335
372,Kilcash,kilcash,village,-7.5397066,52.4033929
372,Ballybrittas Old,ballybrittas old,village,-7.1531129,53.1165548
372,Knockavilla,knockavilla,village,-8.0123111,52.547813
372,Robinson Town,robinson town,hamlet,-6.5525804,54.4888712
372,Kilfeacle,kilfeacle,hamlet,-8.0624809,52.4871943
372,Rossmore,rossmore,hamlet,-8.0035804,52.6173365
372,Tildarg,tildarg,village,-6.054587,54.7936261
372,Rear Cross,rear cross,village,-8.2381972,52.6863245
372,Monard,monard,village,-8.2233189,52.5106514
372,Grange,grange,hamlet,-7.8285547,52.3383371
372,Castleleiny,castleleiny,hamlet,-7.7879314,52.7863583
372,Clonmore,clonmore,hamlet,-7.7643234,52.8293697
372,Inch,inch,village,-7.9108942,52.7170249
372,Derrymacash,derrymacash,village,-6.4031417,54.4796875
372,Pilltown,pilltown,hamlet,-7.8093759,51.9692959
372,Moira,moira,town,-6.2301652,54.4792925
372,Tullydonnell,tullydonnell,hamlet,-6.5073046,54.0793252
372,Mullan,mullan,hamlet,-6.9165513,54.364901
372,Drumintee,drumintee,hamlet,-6.4156072,54.0970499
372,Owenbeg,owenbeg,hamlet,-8.9410969,54.2330319
372,Mounthorgan,mounthorgan,hamlet,-9.2739509,52.0658024
372,Mounthorgan Cross,mounthorgan cross,hamlet,-9.2741544,52.0716612
372,Ballygalget,ballygalget,hamlet,-5.4963983,54.4071779
372,Balliggan,balliggan,hamlet,-5.4981245,54.5142201
372,Ballycranbeg,ballycranbeg,hamlet,-5.5072449,54.4556416
372,Mullaghglass,mullaghglass,hamlet,-6.371027,54.2086036
372,Toornafulla,toornafulla,village,-9.1461396,52.3680336
372,Corcaghan,corcaghan,village,-6.9902488,54.1898885
372,Ballysteen,ballysteen,hamlet,-8.9522186,52.6461719
372,Cluain an Ghaill,cluain an ghaill,hamlet,-6.7507694,53.7285771
372,Tullycorbett,tullycorbett,hamlet,-6.8936518,54.1646469
372,Glasdrumman,glasdrumman,hamlet,-6.5344152,54.0717981
372,Cranny,cranny,hamlet,-9.2258286,52.6922541
372,Noughaval,noughaval,hamlet,-9.1820169,53.0159192
372,Athphort,athphort,hamlet,-8.5237086,54.9741141
372,Dorsey,dorsey,hamlet,-6.5496089,54.133093
372,Cornagnoe Valley,cornagnoe valley,hamlet,-8.5325485,52.8638997
372,Inch,inch,village,-9.0584528,52.8222482
372,Cill Éinne,cill einne,hamlet,-9.6619901,53.104803
372,Corkey,corkey,village,-6.2930402,55.0309039
372,Meelick,meelick,village,-8.6737597,52.696179
372,Sand End Bungalows,sand end bungalows,hamlet,-5.4726042,54.520525
372,Knockavilla,knockavilla,hamlet,-8.6868489,51.8013505
372,White House,white house,hamlet,-6.3774955,53.9209143
372,An Gleann Mór,an gleann mor,hamlet,-9.5841001,53.2642623
372,Cara Fionnla,cara fionnla,hamlet,-9.5553982,53.3048837
372,An Baile Láir,an baile lair,hamlet,-9.6173757,53.3214549
372,Derrynacarana,derrynacarana,hamlet,-8.7249684,53.0514618
372,Drumlee,drumlee,hamlet,-6.0518928,54.2603191
372,Upper Village,upper village,hamlet,-8.3688784,53.0140087
372,Lower Village,lower village,hamlet,-8.3698654,53.0090319
372,Loughaunroe,loughaunroe,hamlet,-8.3230662,53.0999574
372,Duniry,duniry,hamlet,-8.4054047,53.1342528
372,Crosschapel,crosschapel,hamlet,-6.5125495,53.191131
372,Moneyneany,moneyneany,village,-6.8295941,54.816019
372,Windgate,windgate,village,-6.0929768,53.1719614
372,Cappataggle,cappataggle,hamlet,-8.4112144,53.2755688
372,Milepost Village,milepost village,hamlet,-7.0813547,52.2757478
372,Strade,strade,village,-9.131012,53.9212174
372,An Tearmann,an tearmann,hamlet,-10.096269,54.1104354
372,An Baile Nua,an baile nua,hamlet,-10.0996808,54.1319651
372,Torán,toran,hamlet,-10.1028666,54.1431429
372,Sruthán,sruthan,hamlet,-9.7692102,53.1428854
372,Leitir Beag,leitir beag,hamlet,-10.1221031,54.1078541
372,Tóin na hOlltaí,toin na holltai,hamlet,-10.1205152,54.0993618
372,An Mullach Rua,an mullach rua,hamlet,-10.0865048,54.1401742
372,Oiligh,oiligh,hamlet,-10.0845451,54.1500149
372,An Bheairic Theas,an bheairic theas,hamlet,-10.0768847,54.1643891
372,An Léim,an leim,hamlet,-10.0754899,54.1690119
372,Bearanach Thoir,bearanach thoir,hamlet,-10.0546116,54.1726419
372,Plota an Bhairéadaigh Thiar,plota an bhaireadaigh thiar,hamlet,-10.0750954,54.1767268
372,Plota an Bhairéadaigh Thoir,plota an bhaireadaigh thoir,hamlet,-10.055011,54.1768273
372,Lorg an Chlaí,lorg an chlai,hamlet,-10.0684435,54.1787613
372,An Droim,an droim,hamlet,-10.0555689,54.1827923
372,Chapeltown,chapeltown,hamlet,-6.2387886,54.7839269
372,Corboe,corboe,hamlet,-7.2104635,54.4605489
372,Ballincoog,ballincoog,village,-6.2711018,52.8284056
372,Ballymaguigan,ballymaguigan,hamlet,-6.5262304,54.7407137
372,Ballyknock,ballyknock,hamlet,-7.0096099,52.4157474
372,Smithstown,smithstown,hamlet,-7.0885286,52.3975829
372,Cecilstown,cecilstown,village,-8.7773473,52.169624
372,Crosspatrick,crosspatrick,village,-6.4312195,52.7635276
372,Newhall Crossroads,newhall crossroads,hamlet,-6.7270102,53.2106185
372,Killinaspick,killinaspick,hamlet,-7.2547478,52.3424646
372,Rathlee,rathlee,hamlet,-9.0243277,54.2754316
372,Loughane,loughane,hamlet,-9.0551771,53.8950375
372,Treenduff,treenduff,hamlet,-9.0660626,53.8877496
372,Maugherow,maugherow,hamlet,-8.6055156,54.3476767
372,Ileigh,ileigh,hamlet,-7.9915238,52.7437226
372,Johnstown,johnstown,hamlet,-6.2348818,52.7833501
372,Coalbrook,coalbrook,hamlet,-7.5790858,52.6111396
372,Attycunnane,attycunnane,hamlet,-9.9347267,54.2081117
372,Dunnamore,dunnamore,hamlet,-6.939821,54.6737533
372,Drummullan,drummullan,village,-6.6614535,54.6500097
372,Glencorrib,glencorrib,village,-9.1719026,53.5107023
372,Barnacarroll,barnacarroll,hamlet,-8.9695002,53.7666887
372,Sheeptown,sheeptown,hamlet,-6.2931931,54.2044119
372,Cortamlet,cortamlet,hamlet,-6.6241162,54.1774688
372,Ryan Park,ryan park,hamlet,-5.8622192,54.5641041
372,Finvoy,finvoy,village,-6.5029321,55.0030859
372,Portmuck,portmuck,village,-5.7270832,54.8468231
372,Ballymadeerfy,ballymadeerfy,hamlet,-6.0934698,54.0728574
372,Barnmeen,barnmeen,hamlet,-6.2081573,54.2304537
372,Darkley,darkley,village,-6.6799076,54.2226939
372,Killanure,killanure,hamlet,-7.5543073,53.0471953
372,Ballymartin,ballymartin,hamlet,-6.9103982,52.6307837
372,Corrandulla,corrandulla,village,-8.9938093,53.3983759
372,Glen,glen,hamlet,-6.3309427,54.2631231
372,Ballybeg,ballybeg,hamlet,-6.8687832,52.531388
372,Rathoe,rathoe,village,-6.800109,52.7869385
372,Newtown,newtown,village,-6.8759726,52.7223226
372,Eglish,eglish,village,-6.7941727,54.4515447
372,Monavea,monavea,village,-7.081064,52.847597
372,An Caisleán Gearr,an caislean gearr,village,-9.0193616,53.3019068
372,Black Lion,black lion,hamlet,-7.5985699,53.2072027
372,Culcavy,culcavy,village,-6.0902103,54.4788521
372,An Tismeáin,an tismeain,hamlet,-9.6017814,53.2466776
372,Cuilleán,cuillean,hamlet,-9.6103498,53.2655386
372,An Rinn,an rinn,hamlet,-9.6164556,53.2435212
372,Cladhnach,cladhnach,hamlet,-9.5638423,53.2881636
372,An Tuairín,an tuairin,hamlet,-9.5987329,53.3012049
372,Muiceanach Idir Dhá Sháile,muiceanach idir dha shaile,hamlet,-9.5678499,53.3317119
372,An Bóthar Buí,an bothar bui,hamlet,-9.6154499,53.2554913
372,Sruthán,sruthan,hamlet,-9.5801851,53.2746312
372,Doire Fhatharta Mór,doire fhatharta mor,hamlet,-9.6012909,53.2718945
372,Doire Fhatharta Beag,doire fhatharta beag,hamlet,-9.5935151,53.283162
372,Croghan,croghan,village,-8.2201016,53.910867
372,An Garraí Rua,an garrai rua,hamlet,-9.5714528,53.2813067
372,Tang,tang,hamlet,-7.7922785,53.5347251
372,Drumhillery,drumhillery,hamlet,-6.7859043,54.2693896
