country_id,name,name_norm,place,lon,lat
428,Jelgava,jelgava,city,23.7291999,56.6522063
428,Rīga,riga,city,24.1051846,56.9493977
428,Saulkrasti,saulkrasti,town,24.415245,57.263391
428,Ādaži,adazi,town,24.3243287,57.0819829
428,Murjāņi,murjani,village,24.664334,57.135681
428,Ragana,ragana,village,24.714363,57.1803103
428,Straupe,straupe,village,24.9531634,57.3514853
428,Plācis,placis,village,24.979351,57.3628109
428,Valmiera,valmiera,city,25.4261688,57.5389148
428,Carnikava,carnikava,village,24.2708069,57.1296969
428,Ludza,ludza,town,27.7242092,56.5477177
428,Jēkabpils,jekabpils,city,25.8687747,56.4958638
428,Liepāja,liepaja,city,21.0070903,56.5048435
428,Saldus,saldus,town,22.4936222,56.6659281
428,Tukums,tukums,town,23.1524528,56.9669816
428,Ķekava,kekava,town,24.233653,56.8261827
428,Iecava,iecava,town,24.198738,56.5975778
428,Baloži,balozi,town,24.1179447,56.8763194
428,Mārupe,marupe,town,24.043818,56.9048817
428,Skrunda,skrunda,town,22.0156057,56.6768396
428,Sigulda,sigulda,town,24.8567141,57.1540561
428,Līgatne,ligatne,town,25.0397886,57.2331358
428,Baltezers,baltezers,village,24.3173874,57.0398578
428,Salaspils,salaspils,town,24.3545214,56.8634541
428,Dobele,dobele,town,23.277275,56.6257485
428,Kuldīga,kuldiga,town,21.960778,56.9685757
428,Ventspils,ventspils,city,21.5635991,57.3903918
428,Dundaga,dundaga,village,22.3559064,57.5059668
428,Talsi,talsi,town,22.5903003,57.2451926
428,Stende,stende,town,22.5336563,57.1429254
428,Kandava,kandava,town,22.777147,57.0374924
428,Sabile,sabile,town,22.5710898,57.0482993
428,Aizpute,aizpute,town,21.6067429,56.7226275
428,Durbe,durbe,town,21.3726593,56.5860468
428,Madona,madona,town,26.2184769,56.8517467
428,Balvi,balvi,town,27.2650194,57.1330207
428,Viļaka,vilaka,town,27.674161,57.1849442
428,Cēsis,cesis,town,25.2748551,57.3131712
428,Limbaži,limbazi,town,24.7131536,57.5146586
428,Mazsalaca,mazsalaca,town,25.051106,57.8660745
428,Ainaži,ainazi,town,24.3586456,57.8636569
428,Aloja,aloja,town,24.876095,57.7701621
428,Dikļi,dikli,village,25.0924459,57.5975366
428,Zilaiskalns,zilaiskalns,village,25.2089832,57.5581544
428,Rūjiena,rujiena,town,25.3261273,57.8973517
428,Strenči,strenci,town,25.6859132,57.6278347
428,Valga,valga,town,26.0315628,57.777034
428,Gulbene,gulbene,town,26.7514713,57.1759721
428,Lielvārde,lielvarde,town,24.795892,56.7263693
428,Ogre,ogre,city,24.6074393,56.8192045
428,Ikšķile,ikskile,town,24.4975204,56.8375098
428,Ķegums,kegums,town,24.7249454,56.7470635
428,Ikla,ikla,hamlet,24.3621284,57.8787761
428,Daugavpils,daugavpils,city,26.5159337,55.8712267
428,Garkalne,garkalne,village,24.4124638,57.0437435
428,Vidriži,vidrizi,village,24.6608094,57.3471669
428,Lēdurga,ledurga,village,24.7448579,57.3223957
428,Bīriņi,birini,village,24.6645007,57.2443714
428,Vecsalaca,vecsalaca,village,24.4125527,57.7558541
428,Ārciems,arciems,village,24.7773689,57.6608356
428,Katvari,katvari,hamlet,24.8028838,57.5593022
428,Āstere,astere,village,24.734727,57.614561
428,Tiegaži,tiegazi,hamlet,24.7691067,57.576561
428,Cirgaļi,cirgali,hamlet,26.227236,57.6041464
428,Gaujiena,gaujiena,village,26.3999808,57.5164382
428,Kalnaine,kalnaine,village,26.2948564,57.5474124
428,Zaķi,zaki,hamlet,26.2426764,57.5699656
428,Jaunāmuiža,jaunamuiza,hamlet,26.3126591,57.580925
428,Mežmuiža,mezmuiza,hamlet,26.0413358,57.5931133
428,Bilska,bilska,village,25.9875901,57.4906239
428,Vecjērcēni,vecjerceni,hamlet,25.648425,57.6785784
428,Ēvele,evele,village,25.5681419,57.6988769
428,Lizdēni,lizdeni,village,25.4201497,57.6914005
428,Ineši,inesi,village,25.832802,57.0182738
428,Taurene,taurene,village,25.6647102,57.1615886
428,Upesciems,upesciems,village,24.3367866,56.9821651
428,Langstiņi,langstini,village,24.3293925,57.0073645
428,Zvārtava,zvartava,hamlet,26.3702072,57.5372689
428,Trikāta,trikata,village,25.708837,57.5425665
428,Baldone,baldone,town,24.3939847,56.7403058
428,Jaunolaine,jaunolaine,village,23.9884715,56.799299
428,Garciems,garciems,village,24.2015076,57.0999798
428,Snapji,snapji,hamlet,22.9864057,56.8488204
428,Irlava,irlava,village,22.9943639,56.8739544
428,Rēzekne,rezekne,city,27.3306623,56.506281
428,Janapole,janapole,village,27.3772633,56.4591125
428,Tume,tume,village,23.0915559,56.9368579
428,Vecsāti,vecsati,hamlet,22.9487141,56.9251611
428,Grenči,grenci,village,22.8749864,56.8987278
428,Zemīte,zemite,village,22.7932454,56.9280844
428,Vaski,vaski,village,23.0421282,56.8405786
428,Viesatas,viesatas,village,22.8494079,56.796834
428,Jaunpils,jaunpils,village,23.0149261,56.7309695
428,Degole,degole,hamlet,23.0750786,56.8807248
428,Ņukši,nuksi,village,27.73311,56.4539434
428,Pilda,pilda,hamlet,27.7473452,56.4710251
428,Pilda,pilda,village,27.7440836,56.4053586
428,Vorkali,vorkali,hamlet,27.7174675,56.4136212
428,Gaveiki,gaveiki,hamlet,27.6730158,56.4083029
428,Stoļerova,stolerova,village,27.5518315,56.4299511
428,Kaunata,kaunata,village,27.54554,56.3310424
428,Čornaja,cornaja,village,27.4165936,56.3854266
428,Treuhi,treuhi,hamlet,27.4052188,56.4157292
428,Balbiši,balbisi,hamlet,27.266498,56.4492349
428,Vertukšņa,vertuksna,village,27.1891057,56.368226
428,Malta,malta,village,27.1612812,56.3467262
428,Kangari,kangari,village,24.6181253,56.9403986
428,Vāverkrogs,vaverkrogs,village,24.668508,56.9228891
428,Lielkangari,lielkangari,village,24.6431021,56.9266832
428,Jugla,jugla,village,24.8160332,56.8956419
428,Suntaži,suntazi,village,24.9312357,56.9028346
428,Kastrāne,kastrane,hamlet,25.0108866,56.9369394
428,Ķieģeļceplis,kiegelceplis,village,24.9890856,56.9231701
428,Vatrāne,vatrane,hamlet,25.1255564,56.9025534
428,Ķeipene,keipene,village,25.1834062,56.8910218
428,Lakstene,lakstene,hamlet,25.2711252,56.8840824
428,Šķērstēni,skersteni,hamlet,25.2457193,56.880706
428,Dreimaņi,dreimani,hamlet,25.3576425,56.8738585
428,Taurupe,taurupe,village,25.3413347,56.8860518
428,Zvaigznītes,zvaigznites,hamlet,25.3401331,56.8974912
428,Līčupe,licupe,village,25.4205135,56.8969287
428,Ērgļi,ergli,village,25.6398822,56.8962277
428,Vestiena,vestiena,village,25.8695368,56.8656961
428,Dzirnaviņas,dzirnavinas,hamlet,26.0131065,56.8081218
428,Bērzaune,berzaune,village,26.0310947,56.8088731
428,Sauleskalns,sauleskalns,village,26.0716023,56.8070825
428,Vecpoļi,vecpoli,hamlet,26.3472704,56.8315262
428,Mikeli,mikeli,hamlet,26.3464121,56.8257968
428,Silnieki,silnieki,hamlet,26.3676981,56.8265483
428,Stalidzāni,stalidzani,village,26.5423203,56.7675299
428,Barkava,barkava,village,26.6097509,56.726438
428,Murmastiene,murmastiene,village,26.5618471,56.6676604
428,Kanči,kanci,hamlet,26.5893129,56.6541693
428,Maurāni,maurani,hamlet,26.6509394,56.6106439
428,Viļāni,vilani,town,26.9288591,56.5549602
428,Ķesterciems,kesterciems,village,23.2295567,57.1093273
428,Engure,engure,village,23.2231986,57.1601929
428,Mērsrags,mersrags,village,23.1310637,57.3321596
428,Upesgrīva,upesgriva,village,23.0239507,57.3803827
428,Livi,livi,hamlet,22.9669406,56.6944115
428,Kaķenieki,kakenieki,village,23.038326,56.6678255
428,Lielbērze,lielberze,village,23.2422385,56.6445218
428,Glūda,gluda,hamlet,23.4919851,56.5999602
428,Tērvete,tervete,village,23.3884733,56.4814353
428,Augstkalne,augstkalne,village,23.3383729,56.4057811
428,Salacgrīva,salacgriva,town,24.3570447,57.7567573
428,Jaunjelgava,jaunjelgava,town,25.0797322,56.6159987
428,Birzgale,birzgale,village,24.7592081,56.6320646
428,Valle,valle,village,24.7210328,56.5129543
428,Aumeistari,aumeistari,village,26.2036252,57.522538
428,Lobērģi,lobergi,hamlet,26.0847152,57.5318288
428,Mēri,meri,village,26.0926745,57.4447779
428,Zaķumuiža,zakumuiza,village,24.4785543,56.9701556
428,Berzbeke,berzbeke,hamlet,23.2184549,56.6867071
428,Tušķi,tuski,village,23.6485453,56.6479279
428,Dorupe,dorupe,village,23.5487228,56.621414
428,Kroņauce,kronauce,village,23.3458276,56.5130227
428,Ķirpēni,kirpeni,village,23.3262582,56.5325287
428,Bēne,bene,village,23.0640475,56.4821619
428,Zaļenieki,zalenieki,village,23.5110663,56.5262534
428,Spurģi,spurgi,hamlet,23.4958596,56.5732127
428,Jaunsāti,jaunsati,hamlet,22.9606252,56.968952
428,Kaļpi,kalpi,hamlet,26.1786389,56.8671082
428,Teiļi,teili,hamlet,26.1535774,56.8842271
428,Lode,lode,hamlet,26.0962498,56.913011
428,Pumpi,pumpi,hamlet,26.0908333,56.9344444
428,Lidere,lidere,hamlet,26.040356,56.9459782
428,Ozoli,ozoli,village,26.0530052,56.982508
428,Gulbere,gulbere,hamlet,26.0093891,56.9847253
428,Šķētes,sketes,hamlet,26.0260403,56.9843512
428,Mēdzūla,medzula,hamlet,25.9469044,57.0206243
428,Vermi,vermi,hamlet,25.926305,57.0285659
428,Zaļkalns,zalkalns,hamlet,25.665208,57.138547
428,Krustakrogs,krustakrogs,hamlet,25.6208842,57.1773975
428,Krāslava,kraslava,town,27.1619304,55.895206
428,Dagda,dagda,town,27.5374136,56.0948815
428,Aglona,aglona,village,27.0091038,56.1294798
428,Indra,indra,village,27.5415582,55.8802046
428,Svente,svente,village,26.37758,55.9048402
428,Kaplava,kaplava,village,27.0380372,55.8585935
428,Auleja,auleja,village,27.2797327,56.0561673
428,Varnaviči,varnavici,village,27.295186,55.8292943
428,Ezernieki,ezernieki,village,27.6591233,56.1856169
428,Andzeļi,andzeli,village,27.5519016,56.1693075
428,Kombuļi,kombuli,village,27.1778633,55.9775131
428,Skaista,skaista,village,27.3764245,55.9654303
428,Piedruja,piedruja,village,27.4426214,55.796398
428,Robežnieki,robeznieki,village,27.6008152,55.9745624
428,Preiļi,preili,town,26.7266734,56.2937366
428,Asūne,asune,village,27.6178703,56.0281301
428,Vorzova,vorzova,hamlet,27.7981233,55.9883068
428,Pauļukalns,paulukalns,hamlet,27.8212976,56.0531625
428,Konstantīnova,konstantinova,village,27.4366055,56.0617887
428,Ignatova,ignatova,hamlet,27.3892269,56.105179
428,Izvalta,izvalta,village,27.0186134,55.9571843
428,Šķeltova,skeltova,village,27.0082365,56.0228772
428,Borovka,borovka,village,26.9871834,55.9166533
428,Tartaks,tartaks,village,26.9796853,55.8839135
428,Друя,druia,village,27.464213,55.7869548
428,Grāveri,graveri,village,27.138535,56.0598391
428,Jaunokra,jaunokra,hamlet,27.3103228,56.1347435
428,Mariampole,mariampole,village,27.3913183,56.1609566
428,Andrupene,andrupene,village,27.3919874,56.1839845
428,Prusaki,prusaki,hamlet,27.0593572,56.0652349
428,Peipiņi,peipini,hamlet,27.0545507,56.0335981
428,Višķi,viski,village,26.7833676,56.0541902
428,Ludvikova,ludvikova,hamlet,27.0797597,55.9360923
428,Krāslavas stacija,kraslavas stacija,village,27.1431028,55.9249372
428,Pāternieki,paternieki,hamlet,27.5908929,55.8171139
428,Koškovci,koskovci,hamlet,27.6098501,55.7914048
428,Nauļāni,naulani,hamlet,27.666257,55.9841395
428,Veceļi,veceli,hamlet,27.4025904,55.9669563
428,Baltiņi,baltini,hamlet,27.2984563,55.8991529
428,Strodi,strodi,hamlet,27.2469712,56.1070361
428,Ogureckaja,ogureckaja,hamlet,27.1717835,56.1460724
428,Panova,panova,hamlet,27.7743731,56.1152105
428,Porečje,porecje,village,27.8793785,56.0923011
428,Svarinci,svarinci,village,27.7505015,56.1266589
428,Šķaune,skaune,village,28.0016098,56.1326728
428,Zilupe,zilupe,town,28.121471,56.3864345
428,Kondraši,kondrasi,hamlet,27.5255736,56.166311
428,Utāni,utani,hamlet,27.3514161,56.2770711
428,Maļinova,malinova,village,26.6904948,55.9916382
428,Moskovskaja,moskovskaja,hamlet,26.7990847,56.0422171
428,Lipinišķi,lipiniski,village,26.8936322,55.9480876
428,Bramanišķi,bramaniski,hamlet,26.9111281,55.9966487
428,Varakļāni,varaklani,town,26.7539093,56.6088743
428,Kārsava,karsava,town,27.6733754,56.7874531
428,Nīcgale,nicgale,village,26.3651553,56.1357637
428,Dubna,dubna,village,26.6808142,56.077908
428,Kalupe,kalupe,village,26.5527858,56.0989757
428,Špoģi,spogi,village,26.7354373,56.074354
428,Silene,silene,village,26.7870878,55.7514032
428,Kumbuļi,kumbuli,village,26.6433507,55.7434621
428,Skrudaliena,skrudaliena,village,26.7127358,55.8147703
428,Vecslabada,vecslabada,village,27.9863224,56.2619947
428,Nirza,nirza,village,27.9317766,56.4072899
428,Ploski,ploski,hamlet,28.0767839,56.3806223
428,Demene,demene,village,26.5422284,55.7289479
428,Medumi,medumi,village,26.3576722,55.7888468
428,Laucesa,laucesa,village,26.5226496,55.8169579
428,Jāņuciems,januciems,village,26.5851754,55.7576987
428,Briģene,brigene,hamlet,26.5513376,55.7464044
428,Alūksne,aluksne,town,27.0505075,57.4204759
428,Galgauska,galgauska,village,26.5567284,57.1667555
428,Ozolkalns,ozolkalns,village,26.6985199,57.1932024
428,Lizums,lizums,village,26.37099,57.1912492
428,Ranka,ranka,village,26.1830562,57.2107962
428,Jaunpiebalga,jaunpiebalga,village,26.0383111,57.1766283
428,Rauna,rauna,village,25.6066557,57.3322404
428,Drusti,drusti,village,25.8576873,57.2309122
428,Nākotne,nakotne,village,23.4494068,56.6180815
428,Krimūnas,krimunas,village,23.3774263,56.5687221
428,Pāvilosta,pavilosta,town,21.1825221,56.8888663
428,Puša,pusa,village,27.2147393,56.2405479
428,Priežmale,priezmale,village,27.2141421,56.1523259
428,Lazareva,lazareva,hamlet,27.1360937,56.230192
428,Butkāni,butkani,hamlet,27.2667886,56.1812606
428,Zundi,zundi,hamlet,27.3177829,56.1984028
428,Slobodka,slobodka,hamlet,27.3334204,55.8486853
428,Šakiņi,sakini,hamlet,27.3812208,55.9098075
428,Kalnieši,kalniesi,village,27.3733812,55.8680718
428,Kazinči,kazinci,hamlet,27.4026682,56.020862
428,Romulišķi,romuliski,hamlet,27.4272178,56.0116031
428,Andiņi,andini,hamlet,27.4283567,56.142551
428,Rogaļi,rogali,hamlet,27.3135791,56.1106144
428,Vecokra,vecokra,hamlet,27.2837725,56.1232137
428,Makstenieki,makstenieki,village,24.3905254,57.017003
428,Viļķene,vilkene,village,24.6090114,57.6080304
428,Lauvas,lauvas,hamlet,24.5480266,57.705074
428,Ķirbiži,kirbizi,village,24.4914117,57.6505326
428,Mustkalni,mustkalni,hamlet,24.4448104,57.4349077
428,Patmalnieki,patmalnieki,hamlet,27.6117978,56.2335424
428,Egļeva,egleva,hamlet,27.7732414,56.1855132
428,Vaivodi,vaivodi,hamlet,27.6909456,56.1555995
428,Zamševiki,zamseviki,hamlet,27.9761025,56.1590638
428,Timaņi,timani,hamlet,27.9195055,56.1431251
428,Punduri,punduri,village,27.8988134,56.1056756
428,Leimaņi,leimani,hamlet,27.923981,56.0727091
428,Анісімавічы,anisimavichy,hamlet,26.6863504,55.6945229
428,Пляўшкеты,pliaushkety,hamlet,26.878929,55.705193
428,Крываселі,kryvaseli,hamlet,26.759775,55.677567
428,Алёхны,aliokhny,hamlet,27.0527729,55.8270076
428,Адамішкі,adamishki,hamlet,27.0061104,55.812298
428,Стрынішкі,strynishki,hamlet,26.9950462,55.8120287
428,Лапіна,lapina,hamlet,27.197748,55.818966
428,Вята,viata,hamlet,27.6100464,55.7818992
428,Ліпаўкі,lipauki,hamlet,27.808109,55.973019
428,Зашчырына,zashchyryna,hamlet,27.8924538,56.0373625
428,Дубрава,dubrava,hamlet,27.9565876,56.08238
428,Савейкі,saveiki,hamlet,27.9484205,56.0755616
428,Цеплюкі,tsepliuki,hamlet,27.9670034,56.0943155
428,Židino,zidino,village,26.8981786,55.9286357
428,Vasarģeļišķi,vasargeliski,village,26.8264597,55.9261799
428,Krauja,krauja,village,26.653127,55.9091875
428,Ugāle,ugale,village,22.0219298,57.277153
428,Užava,uzava,village,21.4558048,57.228487
428,Usma,usma,village,22.154952,57.2174877
428,Pļaviņas,plavinas,town,25.7403324,56.6194037
428,Elerne,elerne,hamlet,26.7174375,55.8932574
428,Līksna,liksna,village,26.4022157,55.9852842
428,Eleja,eleja,village,23.6842558,56.4147717
428,Kārļi,karli,village,25.2109407,57.2433188
428,Aizkraukle,aizkraukle,town,25.2542544,56.6010778
428,Pūre,pure,village,22.913346,57.0376728
428,Mežvalde,mezvalde,village,22.0193288,56.9851355
428,Lubāna,lubana,town,26.7181189,56.9041243
428,Jaunpagasts,jaunpagasts,hamlet,22.6609491,57.1384571
428,Kapūne,kapune,hamlet,27.0674171,56.9611103
428,Ilūkste,ilukste,town,26.2973333,55.9766951
428,Bebrene,bebrene,village,26.1309515,56.0659489
428,Subate,subate,town,25.9062903,56.0055185
428,Birži,birzi,village,25.7698405,56.4056585
428,Viesīte,viesite,town,25.5571515,56.3456802
428,Nereta,nereta,village,25.3130378,56.2065869
428,Laši,lasi,village,25.9421273,56.4627701
428,Sunīši,sunisi,village,24.7009851,57.1576908
428,Svētciems,svetciems,village,24.3741665,57.6997233
428,Šķīsterciems,skisterciems,hamlet,24.3704758,57.6487323
428,Vitrupe,vitrupe,village,24.3801961,57.6373632
428,Oltūži,oltuzi,hamlet,24.4227471,57.5666435
428,Ķurmrags,kurmrags,hamlet,24.3685017,57.5387044
428,Zaķi,zaki,hamlet,24.4267808,57.5011398
428,Lembuži,lembuzi,village,24.3848943,57.468551
428,Dunte,dunte,hamlet,24.4253493,57.4073518
428,Kolka,kolka,village,22.5894969,57.7465542
428,Zelgauska,zelgauska,hamlet,26.1125934,56.8625406
428,Vecumnieki,vecumnieki,village,24.5219055,56.6062129
428,Skaistkalne,skaistkalne,village,24.6446892,56.3803146
428,Sinole,sinole,village,26.4983733,57.2477142
428,Lejasciems,lejasciems,village,26.5748484,57.2794621
428,Cesvaine,cesvaine,town,26.3089758,56.9657879
428,Dzelzava,dzelzava,village,26.428076,57.0005374
428,Tirza,tirza,village,26.428076,57.143585
428,Druviena,druviena,village,26.2919485,57.1168464
428,Liezēre,liezere,village,26.0626089,57.0179697
428,Silmači,silmaci,hamlet,26.1498129,57.0861535
428,Aiviekste,aiviekste,village,25.9450208,56.6478153
428,Jaunkalsnava,jaunkalsnava,village,25.9694572,56.6906049
428,Ļaudona,laudona,village,26.1943202,56.7037761
428,Sāviena,saviena,hamlet,26.1065542,56.6681951
428,Meņģele,mengele,village,25.4151322,56.8058432
428,Liepkalne,liepkalne,village,25.5584609,56.8155258
428,Irši,irsi,village,25.5944883,56.7941916
428,Sidrabiņi,sidrabini,village,25.6559431,56.8210688
428,Sausnēja,sausneja,village,25.7136213,56.7940036
428,Vecbebri,vecbebri,village,25.4823934,56.7226759
428,Koknese,koknese,town,25.4368636,56.6494318
428,Amata,amata,village,25.3040739,57.2099818
428,Ģikši,giksi,village,25.3228087,57.1709224
428,Velmeri,velmeri,hamlet,25.3582823,57.1458201
428,Skujene,skujene,village,25.4691143,57.0936883
428,Biksēre,biksere,village,26.3149905,56.9213219
428,Sarkaņi,sarkani,village,26.2629377,56.880206
428,Vecstāmeriena,vecstameriena,village,26.8970548,57.2172724
428,Stāmeriena,stameriena,village,26.8865835,57.2339991
428,Jāņukalns,janukalns,village,25.8983528,56.7481326
428,Vietalva,vietalva,village,25.7732116,56.7389072
428,Mežezers,mezezers,hamlet,25.7153617,56.6599278
428,Odziena,odziena,village,25.6884232,56.7114681
428,Mārcienas muiža,marcienas muiza,hamlet,26.0880728,56.7843491
428,Brīvkalni,brivkalni,village,23.9178513,56.9266498
428,Smārde,smarde,village,23.3365658,56.9529383
428,Ragaciems,ragaciems,village,23.4881515,57.0293074
428,Bigauņciems,bigaunciems,village,23.5380962,56.9863427
428,Lone,lone,village,25.4023412,56.2832695
428,Sauka,sauka,village,25.4802227,56.2748329
428,Daudzeva,daudzeva,village,25.237565,56.5063496
428,Sērene,serene,village,25.2018594,56.5796711
428,Zalve,zalve,village,25.246997,56.3258152
428,Sala,sala,village,25.7654946,56.5075578
428,Sece,sece,village,25.3954934,56.5590778
428,Bārbele,barbele,village,24.5959639,56.4510818
428,Ozolaine,ozolaine,village,24.4689673,56.4318604
428,Taurkalne,taurkalne,village,24.9294472,56.5652183
428,Vārzas,varzas,village,24.4157795,57.3811224
428,Liepupe,liepupe,hamlet,24.4283416,57.4361027
428,Babīte,babite,village,23.9487532,56.9561377
428,Bērzkrogs,berzkrogs,village,25.4952254,57.278215
428,Priekuļi,priekuli,village,25.3527343,57.3109474
428,Mālmuiža,malmuiza,hamlet,26.452531,57.3072037
428,Mālpils,malpils,village,24.9487189,57.0157775
428,Sidgunda,sidgunda,village,24.9198798,56.9585398
428,Nītaure,nitaure,village,25.1893077,57.0695688
428,Tūja,tuja,village,24.3899833,57.4904195
428,Vecpiebalga,vecpiebalga,village,25.8126906,57.0598939
428,Ežurgas,ezurgas,hamlet,24.3694018,57.5521451
428,Veczemji,veczemji,hamlet,24.3729345,57.5889857
428,Vilnīši,vilnisi,hamlet,24.3693557,57.569321
428,Jaunzemji,jaunzemji,hamlet,24.3722635,57.5665996
428,Zivtiņas,zivtinas,hamlet,24.3713688,57.5630395
428,Jelgavkrasti,jelgavkrasti,village,24.4398149,57.4738388
428,Briedīši,briedisi,hamlet,25.142026,57.2756986
428,Auce,auce,town,22.8960281,56.4652968
428,Ozoli,ozoli,village,21.5357791,56.3303419
428,Kalēti,kaleti,village,21.48138,56.3591772
428,Grobiņa,grobina,town,21.1676042,56.5368569
428,Saraiķi,saraiki,village,21.0740963,56.6620203
428,Ziemupe,ziemupe,village,21.0776016,56.7490375
428,Vārve,varve,village,21.5609145,57.3057819
428,Melnsils,melnsils,village,22.5728854,57.6537378
428,Apšuciems,apsuciems,village,23.3063927,57.0604494
428,Roja,roja,village,22.804447,57.5057295
428,Kaltene,kaltene,village,22.8815778,57.4586957
428,Bērzciems,berzciems,village,23.1726633,57.249857
428,Lapmežciems,lapmezciems,village,23.5142972,57.0046021
428,Kamārce,kamarce,hamlet,21.690626,57.3239966
428,Ventava,ventava,village,21.6085117,57.2273977
428,Ziras,ziras,village,21.5788745,57.1704804
428,Kurmīši,kurmisi,hamlet,27.0977129,55.8988487
428,Vircava,vircava,village,23.7740832,56.5594239
428,Dubeņi,dubeni,village,21.2001029,56.4789534
428,Ječi,jeci,village,21.2099516,56.2853877
428,Rucava,rucava,village,21.161724,56.1593881
428,Jūdaži,judazi,village,24.9368494,57.1087261
428,Allaži,allazi,village,24.8451822,57.0634867
428,Baltinava,baltinava,village,27.6423559,56.9447933
428,Tilža,tilza,village,27.3675603,56.9073566
428,Rugāji,rugaji,village,27.1289882,57.0033366
428,Žīguri,ziguri,village,27.6648611,57.2662842
428,Kuprava,kuprava,village,27.4964511,57.2401333
428,Rundēni,rundeni,village,27.8276025,56.2775199
428,Auziņi,auzini,hamlet,27.6043409,56.4678062
428,Feimaņi,feimani,village,27.0463672,56.2737548
428,Riebiņi,riebini,village,26.800997,56.3378625
428,Gaiļmuiža,gailmuiza,village,26.8610655,56.2866842
428,Lūznava,luznava,village,27.2592703,56.3602133
428,Bratova,bratova,hamlet,27.3845551,56.4000637
428,Silajāņi,silajani,village,26.9380688,56.3434508
428,Rudzāti,rudzati,village,26.4510612,56.4192821
428,Galēni,galeni,village,26.836997,56.4758345
428,Ezerkalns,ezerkalns,village,27.2045361,55.9140999
428,Augstkalne,augstkalne,village,27.1563741,55.9109047
428,Kazanova,kazanova,hamlet,27.1635018,55.9417553
428,Ramata,ramata,village,25.0101054,57.9499944
428,Kruki,kruki,village,27.000967,56.4104015
428,Škrjabi,skrjabi,hamlet,27.4711063,56.2787126
428,Lipuški,lipuski,village,27.4365199,56.2898756
428,Dzelmes,dzelmes,village,24.9174568,56.6425638
428,Inčukalns,incukalns,village,24.6866055,57.0993895
428,Ciemupe,ciemupe,village,24.6477411,56.7783147
428,Riekstukalns,riekstukalns,hamlet,24.4036081,56.769022
428,Daugmale,daugmale,village,24.4157636,56.822254
428,Uzvara,uzvara,village,24.2546428,56.3196504
428,Bauska,bauska,town,24.1876674,56.4082863
428,Rītausmas,ritausmas,village,24.1691479,56.3825222
428,Code,code,village,24.1696894,56.4685224
428,Staļģene,stalgene,hamlet,23.9386938,56.5738586
428,Emburga,emburga,village,23.9838838,56.5673332
428,Mežciems,mezciems,village,23.7720107,56.6199293
428,Strēlnieks,strelnieks,village,24.0821169,56.5028707
428,Garoza,garoza,village,24.0985931,56.5084785
428,Kundziņkrogs,kundzinkrogs,hamlet,24.1835485,56.4244665
428,Saulaine,saulaine,village,24.1213542,56.3945203
428,Lepšas,lepsas,village,24.1513327,56.40157
428,Jumprava,jumprava,village,24.1171788,56.411729
428,Dāliņi,dalini,village,24.1768741,56.5018286
428,Vītoliņi,vitolini,village,23.7058353,56.7017727
428,Ziedoņi,ziedoni,village,24.1056637,56.4130082
428,Priedītes,priedites,village,24.087808,56.4173611
428,Jaunsaule,jaunsaule,village,24.4589454,56.3457365
428,Aknīste,akniste,town,25.7483539,56.1614742
428,Žogotas,zogotas,hamlet,27.3666231,56.3792903
428,Ismeri,ismeri,hamlet,27.3388139,56.3521921
428,Zvejnieki,zvejnieki,hamlet,22.9582992,56.9656863
428,Spāre,spare,village,22.2647098,57.2198854
428,Antiņciems,antinciems,village,23.4632517,56.9766063
428,Dzimtmisa,dzimtmisa,village,24.2458644,56.6811309
428,Liguri,liguri,hamlet,26.7978668,57.5943021
428,Ceplis,ceplis,village,24.0772569,56.4218653
428,Stirbļi,stirbli,hamlet,27.1268319,55.8721433
428,Gaiseļi,gaiseli,hamlet,27.1511967,55.8621235
428,Dvorišče,dvorisce,hamlet,27.1648673,55.8541741
428,Vecsaule,vecsaule,village,24.3360901,56.4319872
428,Stapriņi,staprini,village,24.3157853,57.0636523
428,Klintis,klintis,hamlet,24.2313659,56.3886036
428,Mūsa,musa,village,24.2332433,56.3949412
428,Saunags,saunags,village,22.4327785,57.7184338
428,Košrags,kosrags,village,22.3591989,57.6977777
428,Pociems,pociems,village,24.849621,57.5947947
428,Ozolmuiža,ozolmuiza,village,25.051107,57.6367441
428,Priežciems,priezciems,village,23.933118,56.9481652
428,Mazirbe,mazirbe,village,22.3172379,57.6833095
428,Sīkrags,sikrags,village,22.2266005,57.6608568
428,Pitrags,pitrags,village,22.3873863,57.7046409
428,Vaide,vaide,village,22.4614051,57.7272507
428,Vīdale,vidale,village,22.4502849,57.6039842
428,Muņi,muni,hamlet,22.4031903,57.5869296
428,Āži,azi,hamlet,22.3583215,57.5649858
428,Tumšupe,tumsupe,village,24.6225779,57.0187709
428,Vilce,vilce,village,23.5470184,56.4210352
428,Ropaži,ropazi,village,24.6307233,56.9713771
428,Pāce,pace,village,22.2770436,57.4970813
428,Bancāni,bancani,hamlet,27.0827972,55.9158477
428,Škierškāni,skierskani,hamlet,27.1020018,55.8767653
428,Adamova,adamova,hamlet,27.1229867,55.8904429
428,Piņķi,pinki,village,23.9132758,56.9467341
428,Glāžšķūnis,glazskunis,village,24.8689541,56.7982894
428,Rencēni,renceni,village,25.4308991,57.7295674
428,Kocēni,koceni,village,25.3360925,57.5223512
428,Valmiermuiža,valmiermuiza,village,25.429737,57.5608996
428,Džūkste,dzukste,village,23.2444557,56.7909807
428,Lestene,lestene,village,23.1424688,56.7746298
428,Kaive,kaive,village,23.0279535,57.0602941
428,Lamiņi,lamini,village,22.9607691,57.0985603
428,Brizule,brizule,hamlet,23.0880351,57.0916275
428,Vienība,vieniba,village,23.1322426,56.9018776
428,Tome,tome,village,24.6354777,56.7541733
428,Zentene,zentene,village,22.9738831,57.1346755
428,Cēre,cere,village,22.8699468,57.1056151
428,Viesiena,viesiena,hamlet,26.0372185,56.8952138
428,Beļava,belava,hamlet,26.2169085,56.6418648
428,Mētriena,metriena,village,26.320264,56.6771612
428,Jaunbebri,jaunbebri,hamlet,25.5767519,56.7416205
428,Ozoli,ozoli,hamlet,25.3737946,56.7278181
428,Puikule,puikule,village,24.8822981,57.692819
428,Zvirgzde,zvirgzde,hamlet,24.4481775,56.6470299
428,Misa,misa,village,24.3968371,56.5895959
428,Bāliņi,balini,hamlet,24.4841897,56.5928459
428,Dāviņi,davini,village,24.3463861,56.4843694
428,Mežmuiža,mezmuiza,hamlet,24.7517875,56.4684122
428,Zante,zante,village,22.7357766,56.8366135
428,Kabile,kabile,village,22.3979638,56.9499515
428,Ance,ance,village,22.017403,57.5155803
428,Zlēkas,zlekas,village,21.8206019,57.1207908
428,Cirkale,cirkale,hamlet,22.0107709,57.1607156
428,Piltene,piltene,town,21.6727721,57.2259625
428,Amele,amele,village,22.2300406,57.3762222
428,Kaibala,kaibala,village,24.8769151,56.7009591
428,Rīteri,riteri,village,25.5131525,56.6005118
428,Spuņģēni,spungeni,village,25.8185183,56.5422017
428,Zīlāni,zilani,village,25.9478907,56.515715
428,Stirniene,stirniene,village,26.6427712,56.5621648
428,Ovīši,ovisi,village,21.7200408,57.5702874
428,Lūžņa,luzna,village,21.8731177,57.5933968
428,Miķeļtornis,mikeltornis,village,21.9754055,57.5999558
428,Šlītere,slitere,hamlet,22.2959758,57.6252942
428,Māļi,mali,hamlet,25.600037,57.0889124
428,Kosa,kosa,hamlet,25.3918829,57.0853982
428,Augšlīgatne,augsligatne,village,25.0403198,57.1870066
428,Lēdmane,ledmane,village,24.9993662,56.7679735
428,Madliena,madliena,village,25.1569165,56.8452825
428,Raupiai,raupiai,village,25.6661899,56.1189771
428,Ķurbe,kurbe,village,22.53149,57.4904155
428,Neveja,neveja,village,22.2989271,57.5855077
428,Dūmele,dumele,hamlet,22.4720745,57.6651697
428,Mellupi,mellupi,village,24.1099468,56.7364434
428,Amjūdze,amjudze,village,22.1444923,57.1653123
428,Lielsalas,lielsalas,village,22.3682499,57.3716969
428,Renda,renda,village,22.2910577,57.0681497
428,Plakanciems,plakanciems,village,24.1075324,56.7660421
428,Olaine,olaine,town,23.9331981,56.7905906
428,Eikaži,eikazi,hamlet,24.8081592,57.233368
428,Pabaži,pabazi,village,24.5917609,57.2616495
428,Jorniņi,jornini,village,22.0840506,57.5010107
428,Lazdona,lazdona,village,26.2436462,56.8276717
428,Mežāre,mezare,village,26.2442283,56.539722
428,Jaunsilavas,jaunsilavas,village,26.1591104,56.3936872
428,Lašupe,lasupe,hamlet,22.3180409,56.7090743
428,Sutri,sutri,village,26.5309628,56.311589
428,Prīkuļi,prikuli,village,26.5948924,56.3592212
428,Smelteri,smelteri,village,26.6805079,56.424296
428,Stabulnieki,stabulnieki,village,26.7873761,56.4177649
428,Zosna,zosna,village,27.3387195,56.3289187
428,Červonka,cervonka,village,26.7685394,55.8225946
428,Saliena,saliena,village,26.8803868,55.8258993
428,Dubuļi,dubuli,village,27.6141774,56.257719
428,Sesava,sesava,village,23.8172868,56.4264818
428,Platone,platone,village,23.6883161,56.5394845
428,Viesturi,viesturi,village,24.0305656,56.4814756
428,Skuķīši,skukisi,village,24.4941015,57.0063015
428,Zilkalne,zilkalne,hamlet,25.5459176,56.4777707
428,Turaida,turaida,village,24.8465268,57.1872577
428,Bekši,beksi,village,27.2329988,56.411527
428,Valdemārpils,valdemarpils,town,22.5895069,57.369306
428,Kurmene,kurmene,village,24.8277441,56.4203638
428,Rekova,rekova,village,27.6176005,57.0451395
428,Šķilbani,skilbani,village,27.6378754,57.0550922
428,Rudbārži,rudbarzi,village,21.886353,56.6428933
428,Kalvene,kalvene,village,21.7351854,56.6035051
428,Egļuciems,egluciems,village,27.4985083,57.0449627
428,Bērzkalne,berzkalne,village,27.3479386,57.1044621
428,Kubuli,kubuli,village,27.2043722,57.1621863
428,Slampe,slampe,village,23.2966796,56.8482555
428,Jaunbērze,jaunberze,village,23.392199,56.7380491
428,Laidze,laidze,village,22.6614459,57.2860254
428,Līvbērze,livberze,village,23.5004495,56.6874186
428,Biksti,biksti,hamlet,22.978763,56.6897555
428,Šķēde,skede,village,21.046807,56.6123973
428,Bērzi,berzi,village,24.1027937,56.3469269
428,Ādžūni,adzuni,village,24.05978,56.3225604
428,Gaiļi,gaili,hamlet,25.0177942,56.6786426
428,Krievgaļi,krievgali,hamlet,24.1965976,56.2767466
428,Pāce,pace,village,24.1902682,56.3191446
428,Pulkarne,pulkarne,village,24.2943212,56.7939364
428,Nīca,nica,village,21.0657091,56.3457867
428,Lancenieki,lancenieki,village,23.3488534,56.812339
428,Bernāti,bernati,village,20.9888499,56.3792687
428,Brunava,brunava,village,24.3890691,56.357194
428,Bārdžūni,bardzuni,hamlet,24.5655468,56.301168
428,Budberga,budberga,village,24.5247805,56.3141967
428,Grenctāle,grenctale,village,24.3430446,56.3118325
428,Irbēni,irbeni,hamlet,24.5484586,56.3115991
428,Rudzukrogs,rudzukrogs,hamlet,24.261139,56.4537663
428,Brukna,brukna,hamlet,24.4459611,56.4716037
428,Lambārte,lambarte,village,24.3518925,56.5216781
428,Lībieši,libiesi,hamlet,24.1274529,56.2743393
428,Stelpe,stelpe,village,24.5260698,56.538403
428,Svitene,svitene,village,23.9301991,56.3779834
428,Kūdra,kudra,village,24.4072355,56.4406301
428,Likverteni,likverteni,village,24.2817319,56.4250921
428,Bērstele,berstele,village,23.9204967,56.4384255
428,Grāvendāle,gravendale,hamlet,24.0474212,56.4873278
428,Brenguļi,brenguli,village,25.5456986,57.5461731
428,Cempi,cempi,village,25.561906,57.5048982
428,Saule,saule,hamlet,25.5941501,57.5251644
428,Jaunvāle,jaunvale,hamlet,25.6159682,57.4811635
428,Plieņciems,plienciems,village,23.2617446,57.0799378
428,Pļavas,plavas,village,22.9024075,57.2561329
428,Mundigciems,mundigciems,village,22.6027045,57.2158543
428,Zvirgzdi,zvirgzdi,village,22.6004495,57.2536874
428,Paugurciems,paugurciems,village,22.6063719,57.2506371
428,Turmantas,turmantas,town,26.4623715,55.6917145
428,Kimbartiškė,kimbartiske,village,26.4975621,55.6809731
428,Ezere,ezere,village,22.3625041,56.4091068
428,Bruzilas,bruzilas,hamlet,22.4336634,56.4687968
428,Draudzība,draudziba,village,22.4698526,56.635174
428,Brocēni,broceni,town,22.5664558,56.6845332
428,Blīdene,blidene,village,22.7929077,56.6489413
428,Pienava,pienava,village,23.2527139,56.7398565
428,Līvi,livi,village,25.2521187,57.2831033
428,Vandzene,vandzene,village,22.7788154,57.3116385
428,Ķūļciems,kulciems,village,23.0324028,57.2704928
428,Pastende,pastende,village,22.5154072,57.222087
428,Ērģeme,ergeme,village,25.8181605,57.8079296
428,Valka,valka,town,26.0160341,57.7729106
428,Žocene,zocene,village,22.7097283,57.5405893
428,Zaube,zaube,village,25.2613207,56.9952029
428,Mežotne,mezotne,village,24.0544305,56.4400927
428,Baltmuiža,baltmuiza,hamlet,21.2611784,56.9232943
428,Iģene,igene,hamlet,22.8274767,57.2995997
428,Ķeizarpurvs,keizarpurvs,hamlet,25.975165,57.8144096
428,Pedele,pedele,hamlet,25.9216665,57.8140068
428,Bērzezers,berzezers,hamlet,25.8762509,57.8128413
428,Lugaži,lugazi,village,25.95012,57.7672279
428,Saule,saule,hamlet,25.8993568,57.6929782
428,Seda,seda,town,25.7509504,57.6502886
428,Ūdriņas,udrinas,village,25.6762685,57.6167034
428,Salkas,salkas,hamlet,25.7209916,57.6319606
428,Laižuva,laizuva,town,22.55959,56.3819547
428,Gauja,gauja,village,24.7037583,57.1289033
428,Burtnieki,burtnieki,village,25.2751955,57.6951865
428,Bogdāni,bogdani,hamlet,27.3564384,55.9469414
428,Germaniškis,germaniskis,village,24.6481631,56.3750151
428,Rauda,rauda,village,23.1846675,57.0084473
428,Milzkalne,milzkalne,village,23.2252051,56.9777739
428,Cērkste,cerkste,hamlet,23.2517915,57.0285846
428,Vārpas,varpas,village,24.3518786,56.7084408
428,Stūri,sturi,hamlet,24.3094429,56.6836121
428,Cekule,cekule,village,24.4096031,56.9246124
428,Kalnciems,kalnciems,village,23.6144315,56.7985516
428,Turkalne,turkalne,village,24.7017269,56.8571787
428,Ozoliņi,ozolini,village,27.513784,56.0859087
428,Plāņi,plani,village,25.8653197,57.5380075
428,Jaunklidzis,jaunklidzis,village,25.7792061,57.577541
428,Pidriķis,pidrikis,hamlet,25.3278077,57.6354264
428,Jaunmārupe,jaunmarupe,village,23.9381534,56.8742575
428,Garoza,garoza,village,23.9412831,56.6277953
428,Jaunupe,jaunupe,village,21.6826068,57.5244548
428,Irbene,irbene,village,21.8635284,57.5640435
428,Būšnieki,busnieki,village,21.6562844,57.4338042
428,Akmeņdziras,akmendziras,village,21.6859763,57.4798961
428,Liepene,liepene,village,21.6487818,57.4873971
428,Mežāres,mezares,village,23.9713295,56.9774329
428,Liepezers,liepezers,hamlet,24.0035138,56.9839372
428,Baļucki,balucki,hamlet,27.1275629,56.3786509
428,Silmala,silmala,hamlet,27.1004235,56.3956109
428,Ružina,ruzina,village,27.0905012,56.4430249
428,Emburga,emburga,village,22.5267791,56.6770863
428,Loja,loja,village,24.6457504,57.1544612
428,Kalngale,kalngale,village,24.1641084,57.0807269
428,Vītiņi,vitini,village,22.9198235,56.4411703
428,Jaunmokas,jaunmokas,hamlet,23.053407,56.9810535
428,Tāmas,tamas,hamlet,23.0003643,56.8312608
428,Remte,remte,village,22.6923493,56.740247
428,Ķevele,kevele,village,22.8033472,56.4623537
428,Spuņciems,spunciems,village,23.6950404,56.9295142
428,Umurga,umurga,village,24.8114911,57.5208786
428,Kalēji,kaleji,hamlet,23.2911233,56.9523544
428,Silakrogs,silakrogs,hamlet,26.9879989,57.4283141
428,Velēna,velena,village,26.3979304,57.240444
428,Ape,ape,town,26.6904607,57.5404485
428,Zaiceva,zaiceva,hamlet,27.4400968,57.4648231
428,Mālupe,malupe,village,27.2347089,57.3394308
428,Brenci,brenci,village,27.1628505,57.3613749
428,Žērveļi,zerveli,hamlet,27.3219645,57.3309032
428,Bātarava,batarava,hamlet,27.3647122,57.3386618
428,Liepna,liepna,village,27.479209,57.3425688
428,Pededze,pededze,village,27.4467268,57.4809074
428,Ādami,adami,hamlet,26.6699673,57.4362297
428,Līzespasts,lizespasts,hamlet,26.5208461,57.4754515
428,Trapene,trapene,village,26.5922752,57.450284
428,Indriķi,indriki,hamlet,26.5496388,57.4711144
428,Dubļukalns,dublukalns,hamlet,27.2162574,57.0520482
428,Goliševa,goliseva,village,27.8997714,56.7427811
428,Greiškāni,greiskani,village,27.4217122,56.5132198
428,Sloboda,sloboda,hamlet,27.4940677,56.1044637
428,Tīnūži,tinuzi,village,24.5631815,56.86695
428,Pūri,puri,hamlet,23.527642,56.6145144
428,Grīvaiši,grivaisi,hamlet,22.4338242,56.4234202
428,Tīreļi,tireli,village,23.5891214,56.8414353
428,Ozolnieki,ozolnieki,village,23.7853409,56.6902938
428,Meldzere,meldzere,hamlet,21.9795296,56.4874342
428,Knīveri,kniveri,hamlet,21.5840148,56.4721188
428,Asīte,asite,hamlet,21.7275444,56.4800893
428,Embūte,embute,hamlet,21.8191182,56.5061403
428,Vībiņi,vibini,village,21.8928851,56.485815
428,Kaņepji,kanepji,hamlet,21.5093023,56.4745211
428,Pampāļi,pampali,village,22.2146594,56.5408646
428,Pumpuri,pumpuri,hamlet,22.0546909,56.6517095
428,Jaunmuiža,jaunmuiza,village,22.0681275,56.6127463
428,Dekšņi,deksni,hamlet,21.273801,56.5685314
428,Bārta,barta,village,21.3226369,56.3505384
428,Ķāķišķe,kakiske,village,21.1880242,56.1907241
428,Gramzda,gramzda,village,21.6026194,56.3686186
428,Priekule,priekule,town,21.6006939,56.4494915
428,Kazdanga,kazdanga,village,21.735791,56.7312058
428,Valtaiķi,valtaiki,village,21.8026375,56.6982001
428,Veģi,vegi,village,22.4648033,57.0846196
428,Ošenieki,osenieki,village,22.2860507,56.80982
428,Gaiķi,gaiki,village,22.5366689,56.77146
428,Mazbites,mazbites,hamlet,23.119244,56.7482667
428,Irbes,irbes,hamlet,23.315248,56.7619969
428,Vecvagari,vecvagari,hamlet,23.2237064,56.8783117
428,Vāne,vane,village,22.5626471,56.9239573
428,Aizupe,aizupe,hamlet,22.5919519,56.9213746
428,Matkule,matkule,village,22.5961233,56.9814048
428,Stikli,stikli,village,22.256758,57.3266471
428,Vaidava,vaidava,village,25.2856127,57.4276232
428,Līgas,ligas,hamlet,22.8103579,57.0659987
428,Rideļi,rideli,hamlet,23.0995584,57.1379191
428,Oksle,oksle,hamlet,22.8302915,57.1308205
428,Kārtiņi,kartini,hamlet,23.1322757,56.8762942
428,Ģibuļi,gibuli,hamlet,22.3885615,57.2497277
428,Sukturi,sukturi,village,22.6246635,57.2400389
428,Šķēde,skede,hamlet,22.7323369,57.2571184
428,Garlene,garlene,village,22.8043725,57.2613597
428,Okte,okte,hamlet,22.8578306,57.2844477
428,Valgums,valgums,hamlet,23.2817915,56.9838754
428,Kukšas,kuksas,hamlet,22.8584382,56.9788204
428,Valdeķi,valdeki,village,22.7737535,56.9988274
428,Aizdzire,aizdzire,hamlet,22.7310999,56.9951572
428,Valdlauči,valdlauci,village,24.148,56.9052
428,Gobas,gobas,hamlet,22.908129,57.1605328
428,Dzirciems,dzirciems,hamlet,23.0144653,57.1210441
428,Sēme,seme,village,23.1293821,57.042466
428,Ķīši,kisi,hamlet,22.9725403,56.9363019
428,Sautiņi,sautini,hamlet,22.8876638,56.9422008
428,Bruži,bruzi,hamlet,22.9359647,56.9565657
428,Rūmene,rumene,hamlet,22.7278473,57.0589563
428,Jaunpagasts,jaunpagasts,village,22.6470923,57.1299655
428,Krūziņi,kruzini,hamlet,22.603896,57.1478951
428,Tīrumi,tirumi,hamlet,22.6205833,57.139127
428,Vilzēni,vilzeni,village,25.0153564,57.7205457
428,Vandāni,vandani,village,26.1574764,56.3324008
428,Dunava,dunava,village,26.2020557,56.2150896
428,Sudrabkalns,sudrabkalns,village,26.17517,56.2525554
428,Dignāja,dignaja,hamlet,26.1715236,56.2946402
428,Ozoli,ozoli,hamlet,24.938512,57.6392639
428,Vākšēni,vakseni,hamlet,25.2078364,57.6273143
428,Rencēnmuiža,rencenmuiza,hamlet,25.5205435,57.7486975
428,Daksti,daksti,village,25.6458866,57.7514702
428,Vēveri,veveri,village,25.7015009,57.7783476
428,Augstroze,augstroze,hamlet,24.9421907,57.519465
428,Virķēni,virkeni,village,25.2589393,57.9206278
428,Sprūževa,spruzeva,village,27.4266374,56.4901556
428,Ratnieki,ratnieki,village,27.4625886,56.4325262
428,Rozuļmuiža,rozulmuiza,hamlet,27.4953082,56.4429225
428,Ismeri,ismeri,hamlet,27.3245502,56.387682
428,Stūrnieki,sturnieki,hamlet,26.0532025,56.4552622
428,Vīpe,vipe,village,26.0912972,56.4652992
428,Ģibuļi,gibuli,village,22.43344,57.2051192
428,Žagariņi,zagarini,hamlet,22.7503627,57.0701828
428,Līgciems,ligciems,hamlet,22.7428492,57.1032282
428,Magazinieki,magazinieki,hamlet,22.7719196,57.050967
428,Staļģene,stalgene,village,23.9550633,56.5697962
428,Pēternieki,peternieki,village,23.9344397,56.7613999
428,Vairogi,vairogi,village,23.9453452,56.4541705
428,Pilsrundāle,pilsrundale,village,24.0099286,56.4204921
428,Klieņi,klieni,hamlet,23.8138571,56.374902
428,Lielsesava,lielsesava,hamlet,23.814101,56.3593313
428,Kliģene,kligene,hamlet,25.3523744,56.9863786
428,Inciems,inciems,village,24.876796,57.2595632
428,Ungurpils,ungurpils,village,24.814253,57.7709545
428,Tāši,tasi,hamlet,21.224233,56.5974741
428,Virpe,virpe,village,22.0182974,57.4744095
428,Vēde,vede,village,21.8436659,57.4982825
428,Sloklejas,sloklejas,hamlet,23.0146729,56.9605476
428,Rotenbergi,rotenbergi,hamlet,24.8450529,57.4875175
428,Vitrupe,vitrupe,village,24.519744,57.5936511
428,Dzeguzēni,dzeguzeni,hamlet,23.4114962,56.4125481
428,Ūziņi,uzini,hamlet,23.5685356,56.4810731
428,Jēkabnieki,jekabnieki,hamlet,23.5653558,56.5293415
428,Svēte,svete,village,23.676548,56.5936
428,Īle,ile,village,22.9914155,56.5423277
428,Īles sanatorija,iles sanatorija,hamlet,23.0177375,56.5496559
428,Pokaiņi,pokaini,hamlet,23.0751391,56.5782893
428,Lielauce,lielauce,village,22.8871905,56.5210706
428,Jaunsesava,jaunsesava,hamlet,23.1581367,56.5179578
428,Mārstags,marstags,hamlet,24.638705,57.4629373
428,Lādezers,ladezers,village,24.6945494,57.4221048
428,Igate,igate,hamlet,24.6897278,57.3795596
428,Inte,inte,hamlet,24.6190267,57.4031031
428,Duči,duci,hamlet,24.44511,57.3414928
428,Dukuri,dukuri,village,25.2950737,57.3272813
428,Dzērvītes,dzervites,hamlet,25.4043018,57.7821107
428,Buka,buka,hamlet,25.4456848,57.6301656
428,Sauļi,sauli,hamlet,25.4294734,57.6615101
428,Leči,leci,hamlet,25.4107928,57.4048554
428,Kauguri,kauguri,village,25.4482638,57.4940796
428,Pūces,puces,hamlet,22.618636,56.9623256
428,Buses,buses,hamlet,22.6117039,56.9932686
428,Ķempji,kempji,village,25.0675099,57.2203778
428,Jāņmuiža,janmuiza,village,25.3297518,57.3520166
428,Saulkalne,saulkalne,village,24.4365461,56.8453073
428,Cielavas,cielavas,village,23.804702,56.8925856
428,Vārme,varme,village,22.2342315,56.8709102
428,Gošivs,gosivs,hamlet,23.6871309,56.7413421
428,Mārciena,marciena,village,26.1022991,56.7738625
428,Prauliena,prauliena,village,26.3013662,56.8244925
428,Meirāni,meirani,village,26.6083568,56.8291296
428,Degumnieki,degumnieki,village,26.7502998,56.7987482
428,Jurgāres,jurgares,hamlet,26.1497622,56.8299668
428,Vēveri,veveri,hamlet,26.2447822,56.8530435
428,Viduči,viduci,hamlet,26.1683218,56.8730009
428,Lautere,lautere,village,26.0634068,56.9200931
428,Ziemeri,ziemeri,village,27.0660122,57.5333931
428,Nemunėlio Radviliškis,nemunelio radviliskis,town,24.7721032,56.3962899
428,Klaucēni,klauceni,hamlet,26.1934246,56.9023397
428,Auciems,auciems,village,25.1389259,57.3359365
428,Raiskums,raiskums,village,25.1575437,57.3137754
428,Variņi,varini,village,26.1708652,57.3216359
428,Lube,lube,hamlet,22.6308982,57.4421556
428,Vardītes,vardites,hamlet,24.908506,56.650079
428,Rubene,rubene,village,25.258537,57.4667658
428,Upmalas,upmalas,village,24.9130711,56.9932551
428,Līgo,ligo,village,26.5795152,57.0141568
428,Ošupe,osupe,village,26.7415136,56.8530387
428,Indrāni,indrani,village,26.6526487,56.9342622
428,Ozolmuiža,ozolmuiza,village,27.2278473,56.4920782
428,Ciskādi,ciskadi,village,27.1366576,56.4936457
428,Uļjanova,uljanova,village,27.0584457,56.5476138
428,Dekšāres,deksares,village,26.8032933,56.5729168
428,Ieriķi,ieriki,village,25.166235,57.2075841
428,Sēja,seja,village,24.5940774,57.2002803
428,Agra,agra,village,25.2775894,57.2891537
428,Allažmuiža,allazmuiza,village,24.8122586,57.0288126
428,Stīveri,stiveri,village,24.8248727,57.1018835
428,Suvainiškis,suvainiskis,town,25.2775537,56.1574091
428,Tiņģere,tingere,village,22.5247163,57.4488404
428,Staicele,staicele,town,24.7476708,57.8341258
428,Alsunga,alsunga,village,21.5697553,56.9795834
428,Vīksna,viksna,village,27.3244411,57.2163246
428,Litene,litene,village,27.0211483,57.1908821
428,Anna,anna,village,27.0284177,57.3351437
428,Jaunanna,jaunanna,village,27.0706589,57.2822973
428,Jaunlaicene,jaunlaicene,village,26.87233,57.5264908
428,Māriņkalns,marinkalns,village,26.9761399,57.4866796
428,Čeičiai,ceiciai,village,25.678517,56.1113394
428,Baršiai,barsiai,village,25.6703019,56.1405185
428,Užubaliai,uzubaliai,village,25.4979916,56.1376905
428,Ilzenbergas,ilzenbergas,village,25.5216798,56.1570852
428,Vizgynė,vizgyne,village,25.4575593,56.1395599
428,Vištagerklis,vistagerklis,village,25.6568818,56.1264245
428,Alksniai,alksniai,village,25.5441651,56.1560188
428,Tumasonys,tumasonys,village,25.8011109,56.0450515
428,Bučiūnai,buciunai,village,25.832643,56.0184
428,Lugariškis,lugariskis,hamlet,26.0233421,55.9470803
428,Šapalai,sapalai,village,25.9852326,55.9591212
428,Ažušiliai,azusiliai,village,26.0051046,55.9567615
428,Sipailiškis,sipailiskis,village,25.9828238,55.9667291
428,Ambriškis,ambriskis,hamlet,25.9694898,55.9651884
428,Navikai,navikai,village,25.9392946,55.9757796
428,Juodupiškis,juodupiskis,hamlet,25.9634679,55.9819404
428,Liudvinava,liudvinava,village,25.9585645,55.9799671
428,Pasubatė,pasubate,village,25.8967251,55.9988305
428,Ažukriaunis,azukriaunis,village,25.9197826,55.9727791
428,Narkūnėliai,narkuneliai,village,25.9112155,55.9858818
428,Gurkiškis,gurkiskis,village,25.8686325,55.9841373
428,Trumpiškiai,trumpiskiai,village,25.8914294,55.9892503
428,Tilvikai,tilvikai,village,25.9091723,55.9765569
428,Vigarai,vigarai,village,25.8713208,55.9912351
428,Gulbiškis,gulbiskis,hamlet,25.9029354,55.9948437
428,Šedere,sedere,village,26.1727498,55.9321823
428,Dauguļi,dauguli,village,25.0633737,57.5227902
428,Bērzaine,berzaine,village,25.2110747,57.6015118
428,Spāre,spare,village,25.2289831,57.1932451
428,Lielstraupe,lielstraupe,village,24.9695606,57.3096175
428,Kazruņģis,kazrungis,hamlet,25.8270195,57.5597594
428,Garupe,garupe,village,24.235717,57.1202273
428,Kazimirova,kazimirova,hamlet,27.439113,56.1440868
428,Ермалова,ermalova,hamlet,27.5423666,55.7814839
428,Zaķusalas,zakusalas,hamlet,25.2396372,57.1934351
428,Rencēni,renceni,hamlet,25.3276605,57.1873706
428,Šalkas,salkas,hamlet,23.8146838,56.5826743
428,Ruba,ruba,village,22.6302495,56.3812783
428,Priedula,priedula,hamlet,22.8261548,56.3693224
428,Vadakste,vadakste,village,22.7455601,56.3754207
428,Aparnieki,aparnieki,hamlet,25.2790863,57.182614
428,Gauja,gauja,hamlet,25.3965275,57.5024973
428,Segļi,segli,hamlet,25.395908,57.49546
428,Mūrmuiža,murmuiza,village,25.4951174,57.475403
428,Miegupe,miegupe,hamlet,25.4362211,57.4673264
428,Ķeiši,keisi,hamlet,25.3949606,57.4862119
428,Gaujmala sapas,gaujmala sapas,hamlet,25.3951026,57.4756158
428,Līči,lici,village,25.4045652,57.4672354
428,Gauja,gauja,hamlet,25.4070655,57.4967436
428,Mazvanagi,mazvanagi,hamlet,25.4450662,57.4663314
428,Grīšļi,grisli,hamlet,25.3880807,57.5093405
428,Kaugurmuiža,kaugurmuiza,village,25.4267158,57.5162598
428,Viļānu muiža,vilanu muiza,hamlet,26.9269948,56.5370419
428,Nostūris,nosturis,hamlet,28.166667,56.383333
428,Могили,mogili,hamlet,28.1864687,56.3859688
428,Lonaste,lonaste,village,22.1362606,57.4827327
428,Dagiai,dagiai,village,24.3253416,56.2914432
428,Kamardė,kamarde,hamlet,24.3156838,56.2935619
428,Kurpalaukis,kurpalaukis,village,24.3943172,56.2598214
428,Medemciems,medemciems,village,24.0736813,56.8590597
428,Mazbrenguļi,mazbrenguli,hamlet,25.1428037,57.5206496
428,Jeri,jeri,hamlet,25.3826464,57.5640251
428,Rūpnieki,rupnieki,village,25.4857763,57.5761752
428,Beites,beites,hamlet,25.3572453,57.5414729
428,Pilāti,pilati,village,25.4686996,57.5563837
428,Apriķi,apriki,village,21.5019586,56.8038917
428,Убылинка,ubylinka,hamlet,27.8493217,56.884817
428,Bērvircava,bervircava,village,23.7478522,56.4032415
428,Galamuiža,galamuiza,hamlet,23.8000127,56.3910738
428,Daumanti,daumanti,hamlet,23.6963292,56.3927132
428,Ulbroka,ulbroka,village,24.2868615,56.9400063
428,Копанцы,kopantsy,hamlet,27.8545705,57.2017203
428,Загривье,zagriv'e,hamlet,27.7629587,56.967283
428,Глемзино,glemzino,hamlet,27.7584717,56.8631391
428,Бухолово,bukholovo,hamlet,27.709484,56.856358
428,Пундури,punduri,hamlet,27.7550297,56.975169
428,Lielplatone,lielplatone,village,23.6588464,56.4507759
428,Лямоны,liamony,hamlet,27.924929,56.753853
428,Ozolmuiža,ozolmuiza,hamlet,23.7259804,56.4095517
428,Plikiškiai,plikiskiai,village,23.6646004,56.3379094
428,Vegeriai,vegeriai,village,22.946912,56.398368
428,Katrīna,katrina,village,25.5557308,56.975328
428,Mazozoli,mazozoli,hamlet,25.4628083,56.9254043
428,Mazvasaraudži,mazvasaraudzi,hamlet,26.2490409,57.0992789
428,Alsviķi,alsviki,village,26.9363513,57.4453518
428,Šļukums,slukums,hamlet,27.0450854,57.4913046
428,Beļava,belava,village,26.7712924,57.2561465
428,Palsmane,palsmane,village,26.1846118,57.3898587
428,Tunkūni,tunkuni,hamlet,24.4384702,56.2756964
428,Ērgļi,ergli,village,24.4216997,56.3393366
428,Vaiņode,vainode,village,21.8511869,56.4193509
428,Cīrava,cirava,village,21.3852236,56.7359049
428,Tadaiķi,tadaiki,village,21.4185268,56.5285754
428,Gavieze,gavieze,village,21.2825708,56.503067
428,Rude,rude,village,21.093878,56.375127
428,Priedaine,priedaine,village,21.9210506,56.9638789
428,Ēdole,edole,village,21.6886976,57.0184872
428,Suži,suzi,village,24.2162992,57.0200808
428,Ratnieki,ratnieki,village,24.9630149,57.2239215
428,Blodziņi,blodzini,hamlet,25.0995603,57.1974265
428,Ozolpils,ozolpils,hamlet,23.2622468,56.9209539
428,Kalna Smīdes,kalna smides,hamlet,25.2541641,57.2166063
428,Zemgale,zemgale,village,23.5549847,56.5826874
428,Bramberģe,bramberge,hamlet,23.5879988,56.5795057
428,Vagali,vagali,hamlet,25.4859293,57.5157022
428,Pučurgas,pucurgas,hamlet,25.1847575,57.7018464
428,Bekas,bekas,hamlet,25.0127838,56.7815001
428,Luni,luni,hamlet,28.0470142,56.2680721
428,Jūrmala,jurmala,city,23.7886979,56.9727164
428,Noreikai,noreikai,village,24.0945237,56.2511185
428,Miltiņi,miltini,village,23.339667,56.6294706
428,Jenči,jenci,village,24.2721911,56.7470868
428,Jāņupe,janupe,village,24.0873238,56.6939284
428,Ratnicēni,ratniceni,hamlet,25.3942485,56.6915627
428,Krote,krote,village,21.5439908,56.5428775
428,Annas,annas,village,25.3621236,57.0376951
428,Zosēni,zoseni,hamlet,25.9021975,57.1347938
428,Korneti,korneti,village,26.9479754,57.5899347
428,Briežuciems,briezuciems,village,27.592671,56.9633795
428,Lomi,lomi,hamlet,26.8762953,56.435542
428,Radopole,radopole,village,26.9041986,56.5197544
428,Laubere,laubere,village,25.017539,56.8593345
428,Viršņukalns,virsnukalns,hamlet,24.9828963,56.8818358
428,Āne,ane,village,23.8119025,56.6477203
428,Brankas,brankas,village,23.8410684,56.6801076
428,Zālīte,zalite,village,24.0815673,56.6179381
428,Rosme,rosme,village,24.1969189,56.5374612
428,Jumprava,jumprava,village,24.9722712,56.6744628
428,Alši,alsi,hamlet,22.0608842,56.494608
428,Rēveļi,reveli,village,26.1332491,57.2392346
428,Abrupe,abrupe,village,25.9858333,57.1436111
428,Višķi,viski,hamlet,25.8020603,57.5442622
428,Naukšēni,naukseni,village,25.4527193,57.8822612
428,Lode,lode,village,25.379964,58.0082312
428,Ipiķi,ipiki,village,25.1790742,58.0094146
428,Sēļi,seli,village,25.2147764,57.8490239
428,Pelēči,peleci,village,26.720713,56.147046
428,Aizkalne,aizkalne,village,26.7820393,56.2024338
428,Dunalka,dunalka,village,21.3304958,56.6840993
428,Paplaka,paplaka,village,21.4615622,56.4519718
428,Purmsāti,purmsati,village,21.5256096,56.4057184
428,Lēnas,lenas,village,21.9802229,56.6096277
428,Nīgrande,nigrande,village,22.0917854,56.4843061
428,Kursīši,kursisi,village,22.4047603,56.5114703
428,Striķi,striki,village,22.5143448,56.5972199
428,Snēpele,snepele,village,21.9460502,56.8424507
428,Naudīte,naudite,village,23.1932969,56.535012
428,Apgulde,apgulde,village,23.2398052,56.5339358
428,Bukaiši,bukaisi,village,23.2518191,56.3990202
428,Zelmeņi,zelmeni,village,23.3549435,56.4487919
428,Sarma,sarma,hamlet,24.291412,56.6862282
428,Gaidas,gaidas,village,24.450867,56.9489599
428,Jauncekule,jauncekule,hamlet,24.4261644,56.919302
428,Kalnāji,kalnaji,village,24.5894875,56.8440755
428,Dobelnieki,dobelnieki,village,24.5063779,56.8938804
428,Tiņņi,tinni,hamlet,23.3013374,56.5974391
428,Mežkakti,mezkakti,hamlet,23.6240886,56.6090498
428,Bērzi,berzi,hamlet,23.6141644,56.6163767
428,Purva apšenieki,purva apsenieki,hamlet,23.6273287,56.6080873
428,Staburags,staburags,village,25.497171,56.5703794
428,Stradi,stradi,village,26.7921453,57.1403619
428,Lejasstradi,lejasstradi,hamlet,26.8405696,57.1174862
428,Rozula,rozula,village,24.9769918,57.4076552
428,Klauce,klauce,village,25.5837985,56.286889
428,Sēbruciems,sebruciems,village,23.8891149,56.9319987
428,Cimza,cimza,hamlet,25.6215791,57.3474004
428,Vaive,vaive,hamlet,25.3686681,57.2565898
428,Antūži,antuzi,village,25.9494074,56.6169085
428,Varieši,variesi,village,25.9753643,56.565852
428,Medņi,medni,village,26.0458527,56.6083425
428,Zirņi,zirni,village,22.2178955,56.6752889
428,Dzērve,dzerve,hamlet,21.4827507,56.7121242
428,Vecpils,vecpils,village,21.4929319,56.6229269
428,Rauza,rauza,village,26.1157728,57.4076722
428,Gaujaslāči,gaujaslaci,hamlet,25.5997046,57.5726464
428,Rinda,rinda,village,21.886955,57.5183575
428,Kākciems,kakciems,village,24.6025481,56.9147585
428,Lupandi,lupandi,hamlet,27.538015,55.7926025
428,Slate,slate,village,25.9964064,56.1996354
428,Sofikalns,sofikalns,village,27.3064727,57.3237322
428,Pasiene,pasiene,village,28.1593485,56.2895862
428,Aprēni,apreni,hamlet,25.6327919,56.6088479
428,Liepsalas,liepsalas,hamlet,25.6558373,56.6000497
428,Stukmaņi,stukmani,village,25.6376872,56.5983177
428,Praviņas,pravinas,hamlet,23.2247612,56.8958078
428,Strutele,strutele,hamlet,22.9193235,56.7900157
428,Stelmužė,stelmuze,village,26.219547,55.828005
428,Dūdeļi,dudeli,village,26.6706565,55.9301395
428,Gribusti,gribusti,village,26.6905048,55.9396833
428,Lociki,lociki,village,26.6576159,55.9413106
428,Naujene,naujene,village,26.7192963,55.9366284
428,Stropi,stropi,village,26.6248409,55.9188708
428,Vecstropi,vecstropi,village,26.6164328,55.903951
428,Jaksti,jaksti,hamlet,24.4687849,56.8991488
428,Mucenieki,mucenieki,village,24.382648,56.9581357
428,Silabrieži,silabriezi,village,24.3167887,56.9100615
428,Dzintars,dzintars,hamlet,24.2973661,56.8884332
428,Getliņi,getlini,hamlet,24.2907727,56.8848216
428,Rotkaļi,rotkali,village,24.4021599,56.9827301
428,Ūlupji,ulupji,village,24.3786304,56.9418606
428,Līči,lici,village,24.3561315,56.9478305
428,Bites,bites,hamlet,23.5423693,56.3822456
428,Spalvīši,spalvisi,hamlet,23.5397848,56.3626954
428,Vimbukrogs,vimbukrogs,village,24.2193062,56.8410081
428,Odukalns,odukalns,village,24.2545095,56.8214006
428,Kārķi,karki,village,25.6085552,57.8166526
428,Veckārķi,veckarki,village,25.634818,57.8083485
428,Tīraine,tiraine,village,24.0693385,56.8869125
428,Viļķi,vilki,hamlet,24.5096276,57.4127043
428,Zemgale,zemgale,village,26.4711889,55.7152582
428,Tēraudi,teraudi,hamlet,24.3875412,56.9128386
428,Mežmala,mezmala,hamlet,24.4413928,56.8812797
428,Lakstīgala,lakstigala,hamlet,24.4464091,56.8703789
428,Gausiņi,gausini,hamlet,24.4382063,56.8574725
428,Saulesdārzs,saulesdarzs,village,24.444714,56.8524076
428,More,more,village,25.0841788,57.0813713
428,Akenstaka,akenstaka,hamlet,25.0558738,57.0725104
428,Eglaine,eglaine,hamlet,25.1035995,57.105431
428,Kārtūži,kartuzi,hamlet,25.0282437,57.1045314
428,Salenieki,salenieki,hamlet,24.4799935,56.8927387
428,Pikulēni,pikuleni,hamlet,25.1027069,57.0009954
428,Upeslīči,upeslici,hamlet,24.4750891,56.8868648
428,Līguti,liguti,hamlet,21.3660818,56.6065731
428,Blonti,blonti,village,27.7741591,56.612443
428,Cibla,cibla,village,27.8824508,56.550509
428,Felicianova,felicianova,village,27.8699097,56.5354094
428,Lucmuiža,lucmuiza,village,27.7566525,56.5650721
428,Līdumnieki,lidumnieki,village,27.9910664,56.5913383
428,Pušmucova,pusmucova,village,27.7227645,56.6436948
428,Zvirgzdene,zvirgzdene,village,27.6853862,56.5750854
428,Drunkas,drunkas,hamlet,24.4221562,56.9857492
428,Bungas,bungas,hamlet,24.415183,56.9880116
428,Rančo,ranco,hamlet,24.4258255,56.9834249
428,Briģi,brigi,village,28.0512446,56.4230983
428,Dilāni,dilani,hamlet,28.1156691,56.4145674
428,Jaunā Slobodka,jauna slobodka,hamlet,27.998218,56.4555482
428,Lielā Pikova,liela pikova,hamlet,28.0071332,56.4344757
428,Reiki,reiki,hamlet,28.0436586,56.4876261
428,Atari,atari,village,24.2715675,57.0704126
428,Kārkli,karkli,hamlet,26.2460379,57.0518618
428,Lielindrica,lielindrica,hamlet,27.3198998,55.8705007
428,Kaparāmuri,kaparamuri,hamlet,24.5101199,56.8569515
428,Bezgaļi,bezgali,hamlet,23.5394244,56.6169448
428,Jaunķīši,jaunkisi,hamlet,23.5549784,56.6164752
428,Kārkliņi,karklini,hamlet,23.530187,56.6166307
428,Zemnieki,zemnieki,hamlet,23.5626252,56.6204003
428,Āķenieki,akenieki,hamlet,23.5372471,56.6139206
428,Ērgļi,ergli,hamlet,23.5434092,56.6130944
428,Ķīši,kisi,hamlet,23.5574149,56.6161996
428,Omuļi,omuli,village,25.741943,57.8846963
428,Skujnieki,skujnieki,village,24.1643401,56.8366924
428,Viņķīlas,vinkilas,hamlet,23.495856,56.4019725
428,Škilinpamūšis,skilinpamusis,village,24.3868201,56.2734246
428,Glāznieki,glaznieki,village,24.0692893,56.425934
428,Amatciems,amatciems,village,25.299345,57.222105
428,Jaunbagumi,jaunbagumi,village,24.5553259,56.9590646
428,Dzidriņas,dzidrinas,village,24.3374458,56.9388881
428,Mežgarciems,mezgarciems,village,24.2365477,57.1037708
428,Vangaži,vangazi,town,24.5446193,57.09222
428,Egļupe,eglupe,village,24.7462612,57.1038929
428,Rāpati,rapati,hamlet,21.9136816,57.2032334
428,Krūte,krute,hamlet,21.4244986,56.3817453
428,Turlava,turlava,village,21.7696615,56.8370998
428,Strēļi,streli,hamlet,24.2433702,56.4407921
428,Ilziņi,ilzini,hamlet,24.2526995,56.447844
428,Alderi,alderi,village,24.3459323,57.0531195
428,Rūķīši,rukisi,hamlet,24.2889608,56.9044744
428,Gandeļi,gandeli,hamlet,27.1630145,55.8722838
428,Saulkrasti,saulkrasti,hamlet,27.1214612,55.8759933
428,Skulte,skulte,village,23.9501647,56.920132
428,Kancersili,kancersili,village,24.5171197,56.8723625
428,Ogresgals,ogresgals,village,24.7337622,56.8066038
428,Dzilnuciems,dzilnuciems,village,23.8710194,56.9194086
428,Lapsas,lapsas,village,23.8305154,56.9071724
428,Skārduciems,skarduciems,village,23.8559746,56.9235585
428,Pētermuiža,petermuiza,hamlet,24.2687185,56.4262494
428,Lieģi,liegi,village,21.3330915,56.5807965
428,Kalvenes stacija,kalvenes stacija,village,21.6887565,56.6213343
428,Bille,bille,village,25.2358016,57.220307
428,Cimdenieki,cimdenieki,village,21.0934264,56.524199
428,Tilti,tilti,hamlet,21.2212534,56.4273645
428,Vītiņi,vitini,hamlet,21.1019876,56.4943407
428,Rolava,rolava,hamlet,21.2420672,56.5572156
428,Glāznieki,glaznieki,village,24.7872986,56.8811371
428,Mežezeri,mezezeri,hamlet,24.2884145,56.8763292
428,Ogrēni,ogreni,hamlet,25.1175165,56.7573762
428,Lielciecere,lielciecere,village,22.5854066,56.6452151
428,Gaujas,gaujas,hamlet,25.0456351,57.2542646
428,Ilgas,ilgas,hamlet,24.9843281,57.2062732
428,Skaļupes,skalupes,village,25.0756051,57.2564778
428,Dāvi,davi,village,24.1057795,56.7155585
428,Lapenieki,lapenieki,village,24.1582559,56.8752077
428,Kauļi,kauli,hamlet,26.9718388,57.325544
428,Cibuļovka,cibulovka,village,26.6133753,55.8593701
428,Rāmava,ramava,village,24.1585725,56.8864526
428,Ankeršmiti,ankersmiti,hamlet,24.46813,56.896318
428,Lāde,lade,village,24.6203827,57.4625024
428,Krustkalni,krustkalni,village,24.132052,56.8952545
428,Katlakalns,katlakalns,village,24.182748,56.876178
428,Valgale,valgale,village,22.4732068,57.051457
428,Ceplīši,ceplisi,village,24.5452682,56.8801703
428,Pikalne,pikalne,hamlet,24.5021943,56.8781031
428,Jūlijas pusmuiža,julijas pusmuiza,hamlet,24.5433699,56.8694091
428,Saknītes,saknites,village,25.097256,57.3237561
428,Ungurslejas,ungurslejas,hamlet,25.1006504,57.3066922
428,Kūdums,kudums,village,25.1224942,57.3750809
428,Daibe,daibe,village,25.0762074,57.4544451
428,Kalāči,kalaci,hamlet,25.4810395,57.396132
428,Sarkaņi,sarkani,village,25.4706969,57.4017044
428,Dimzēni,dimzeni,hamlet,23.5727743,56.4921212
428,Kārļzemnieki,karlzemnieki,hamlet,24.6304196,57.1269746
428,Krustiņi,krustini,village,24.6482978,57.1241829
428,Lodes muiža,lodes muiza,hamlet,25.6437702,57.1308837
428,Kalmes,kalmes,village,24.019687,56.7731486
428,Blāzma,blazma,hamlet,23.0931912,56.7775821
428,Intēni,inteni,hamlet,23.8945336,56.5367978
428,Vecbajāri,vecbajari,hamlet,23.8950246,56.5355155
428,Āriņi,arini,hamlet,23.9071986,56.532969
428,Baloži,balozi,hamlet,23.6852089,56.5194337
428,Ceriņi,cerini,hamlet,23.6879081,56.5171813
428,Ozoli,ozoli,hamlet,23.688698,56.5227028
428,Sprīži,sprizi,hamlet,23.6911068,56.5248152
428,Ērberģe,erberge,village,25.019077,56.3700401
428,Kusa,kusa,village,26.1277778,56.8974929
428,Aspariškiai,aspariskiai,village,24.9081055,56.4425436
428,Totorkalnis,totorkalnis,village,24.8999941,56.4290891
428,Pučiakalnė,puciakalne,village,24.8880211,56.41293
428,Bērzi,berzi,hamlet,23.1498481,57.1284211
428,Klapkalnciems,klapkalnciems,village,23.3645937,57.038089
428,Mazilmāja,mazilmaja,hamlet,21.5809141,56.5922763
428,Vidaga,vidaga,village,26.3511239,57.4238913
428,Vireši,viresi,village,26.3734301,57.4571943
428,Upeslejas,upeslejas,village,24.379365,56.922159
428,Liuža,liuza,village,27.140949,56.5660542
428,Kapsēde,kapsede,village,21.1355954,56.5920094
428,Ploce,ploce,village,21.1424226,56.6787546
428,Istalsna,istalsna,village,27.8434994,56.495745
428,Lauderi,lauderi,village,27.9877416,56.3344591
428,Mērdzene,merdzene,village,27.7495935,56.6852125
428,Raipole,raipole,hamlet,27.8806829,56.3680367
428,Rogovka,rogovka,village,27.4137394,56.7098958
428,Gaigalava,gaigalava,village,27.0680345,56.732335
428,Nagļi,nagli,village,26.9351688,56.6817168
428,Krape,krape,village,25.1194962,56.7379301
428,Stalbe,stalbe,village,25.0342637,57.3718839
428,Gornica,gornica,village,27.1330289,56.3735061
428,Valpene,valpene,hamlet,22.3870492,57.4269388
428,Dižbārdi,dizbardi,hamlet,23.9916211,56.9700418
428,Iļģi,ilgi,hamlet,21.2238002,56.5351465
428,Karisöödi,karisoodi,hamlet,26.5758477,57.5457008
428,Kilomani,kilomani,hamlet,27.015984,57.609405
428,Laatre,laatre,hamlet,25.2606266,58.0347568
428,Loogamäe,loogamae,hamlet,26.986135,57.614974
428,Naapka,naapka,hamlet,27.0704982,57.5880261
428,Paganamaa,paganamaa,hamlet,26.835286,57.5952
428,Pillardi,pillardi,hamlet,26.957823,57.611006
428,Tagakolga,tagakolga,hamlet,26.7688956,57.5860492
428,Tsiiruli,tsiiruli,hamlet,27.052617,57.586475
428,Tuuliku,tuuliku,hamlet,24.7099502,57.9694536
428,Hintsiko,hintsiko,hamlet,26.7192005,57.5918777
428,Jaanikese,jaanikese,hamlet,26.0545372,57.8077648
428,Dzelda,dzelda,village,21.8980755,56.5695082
428,Rīva,riva,village,21.4009242,56.9079442
428,Ūdrupe,udrupe,hamlet,26.1395762,57.2775852
428,Vabole,vabole,village,26.4655114,56.0277886
428,Kārzdaba,karzdaba,hamlet,26.2156555,56.9809373
428,Zorģi,zorgi,village,24.1696854,56.5649406
428,Audrupi,audrupi,village,24.2485208,56.5740471
428,Stīpnieki,stipnieki,village,24.1321359,56.7093652
428,Akācijas,akacijas,village,23.4188768,56.5528146
428,Šķibe,skibe,village,23.4096794,56.622646
428,Launkalne,launkalne,village,25.8561874,57.3266389
428,Mucenieki,mucenieki,hamlet,24.2798882,56.3294321
428,Bajorėliai,bajoreliai,village,24.3523444,56.2756265
428,Baltpamūšis,baltpamusis,village,24.3417013,56.2862013
428,Gniaužiai,gniauziai,village,24.3580081,56.2680786
428,Namajūnai,namajunai,village,24.306558,56.2846184
428,Štikāni,stikani,village,27.0127671,56.365489
428,Abavmala,abavmala,hamlet,21.9086111,57.1002778
428,Ameļciems,amelciems,hamlet,22.0402778,57.2188889
428,Angerciems,angerciems,hamlet,21.9197222,57.5330556
428,Auzdarciems,auzdarciems,hamlet,22.0522222,57.4872222
428,Bankuciems,bankuciems,hamlet,22.0788889,57.3447222
428,Blāzma,blazma,village,22.0641518,57.3553227
428,Burtnieki,burtnieki,hamlet,21.6252778,57.3408333
428,Ciesengure,ciesengure,hamlet,22.0434558,57.3034069
428,Cirpstene,cirpstene,village,21.5326212,57.3609189
428,Dandzītes,dandzites,hamlet,22.0308333,57.3597222
428,Desciems,desciems,village,21.9213133,57.4138044
428,Desuciems,desuciems,hamlet,22.1655062,57.2544444
428,Dokupe,dokupe,village,21.6244444,57.3602778
428,Dzirciems,dzirciems,hamlet,21.9322222,57.3491667
428,Dzirnavas,dzirnavas,hamlet,21.8830556,57.1272222
428,Dzirnavas,dzirnavas,hamlet,22.082951,57.2432317
428,Dzirtniekciems,dzirtniekciems,hamlet,21.5344444,57.2230556
428,Dziļģi,dzilgi,village,21.658146,57.3098852
428,Elkšķene,elkskene,hamlet,21.7822222,57.3538889
428,Grūžas,gruzas,hamlet,22.1894445,57.3775
428,Gārzde,garzde,village,21.7162719,57.2901417
428,Jaunciems,jaunciems,village,22.1753099,57.6461597
428,Jaunmuiža,jaunmuiza,hamlet,21.5895727,57.2674302
428,Jaunmuiža,jaunmuiza,village,21.9075,57.4072222
428,Jūrkalne,jurkalne,village,21.3869445,57.0061111
428,Karaļciems,karalciems,village,21.6899963,57.1878837
428,Krievbūdas,krievbudas,hamlet,21.5730556,57.1175
428,Krievlauki,krievlauki,village,21.6155556,57.3797222
428,Kārlmuiža,karlmuiza,hamlet,22.1202778,57.46
428,Labrags,labrags,village,21.3602778,56.9813889
428,Lagzdiena,lagzdiena,hamlet,21.7352778,57.1761111
428,Laidzesciems,laidzesciems,hamlet,21.8722222,57.1608333
428,Leči,leci,village,21.5862862,57.2779468
428,Lielirbe,lielirbe,village,22.1036111,57.6177778
428,Liezde,liezde,hamlet,21.5269444,57.3005556
428,Lodes,lodes,hamlet,21.6425,57.3191667
428,Lībciems,libciems,hamlet,21.4638889,57.2672222
428,Līcnieki,licnieki,hamlet,22.2480556,57.3522222
428,Māteri,materi,village,21.95,57.2347222
428,Ēvartciems,evartciems,hamlet,21.617682,57.3507007
428,Adzes,adzes,hamlet,21.5383333,56.8472222
428,Alejas,alejas,hamlet,21.8255556,56.9366667
428,Apuze,apuze,hamlet,21.7997222,57.0297222
428,Basi,basi,village,21.6986111,56.9036111
428,Deksne,deksne,village,21.8911111,56.9977778
428,Dragūnciems,dragunciems,hamlet,22.0775033,56.8827737
428,Dūras,duras,hamlet,22.2129167,56.8208128
428,Ezeri,ezeri,hamlet,22.2726686,57.121004
428,Galamuiža,galamuiza,hamlet,22.4497222,56.9822222
428,Grantiņi,grantini,hamlet,21.7897222,56.7983333
428,Gudenieki,gudenieki,village,21.6037444,56.885836
428,Gudenieku muiža,gudenieku muiza,hamlet,21.6419444,56.9186111
428,Jaunmeži,jaunmezi,hamlet,22.1386111,57.0044445
428,Jaunziemeļi,jaunziemeli,hamlet,21.7761111,56.8419444
428,Jaunā muiža,jauna muiza,hamlet,21.657093,56.9128628
428,Jaunā muiža,jauna muiza,hamlet,22.3708333,56.9488889
428,Jāmaiķi,jamaiki,hamlet,21.6755556,56.8355556
428,Jātele,jatele,hamlet,21.7696746,56.9071078
428,Kalnansi,kalnansi,hamlet,22.4025,56.9091667
428,Kalnmuiža,kalnmuiza,hamlet,21.9744445,56.9830556
428,Kaltiķi,kaltiki,hamlet,22.0191667,56.9272222
428,Kalējciems,kalejciems,hamlet,21.7738889,56.8208333
428,Kazlēnciems,kazlenciems,hamlet,21.8008333,56.7791667
428,Keramika,keramika,village,21.9369192,57.0057025
428,Klostere,klostere,hamlet,21.6419444,56.8247222
428,Krievciems,krievciems,hamlet,21.8041667,56.8019445
428,Kroņrenda,kronrenda,hamlet,22.3025,57.0483333
428,Krācnieki,kracnieki,hamlet,21.9419444,57.0236111
428,Kundi,kundi,hamlet,21.9066667,56.8063889
428,Kurmāle,kurmale,hamlet,21.9049032,56.9556348
428,Kurzemīte,kurzemite,hamlet,21.9774938,56.9503238
428,Kāņmuiža,kanmuiza,hamlet,22.4252778,56.8925
428,Laidi,laidi,village,21.8834761,56.7470493
428,Leiši,leisi,hamlet,22.2519444,56.9830556
428,Lejas,lejas,hamlet,22.1552327,56.9345365
428,Ludženieki,ludzenieki,hamlet,21.5863889,56.8711111
428,Līzesmuiža,lizesmuiza,hamlet,21.8850747,57.0125337
428,Maras,maras,hamlet,21.6719444,56.8627778
428,Mazrenda,mazrenda,hamlet,22.2483333,57.0647222
428,Mazsālijas,mazsalijas,hamlet,21.9227778,56.8797222
428,Mazīvande,mazivande,hamlet,21.7775,57.0105556
428,Mātras,matras,hamlet,21.6582292,57.0333186
428,Ābele,abele,village,22.0058333,56.9463889
428,Āpciems,apciems,hamlet,22.2163889,57.1780556
428,Ēdas,edas,hamlet,22.1138889,56.8816667
428,Īvande,ivande,village,21.761808,56.9941538
428,Ķikuri,kikuri,village,21.6652778,56.8022222
428,Ķimale,kimale,village,21.8544444,57.0225
428,Ķoniņciems,koninciems,hamlet,21.7416667,56.8280556
428,Ķīkciems,kikciems,hamlet,22.1125499,56.9074971
428,Ķūķciems,kukciems,hamlet,22.0036111,57.0391667
428,Ababļeva,abableva,hamlet,27.6813889,56.3
428,Abarūni,abaruni,hamlet,26.2319444,56.1861111
428,Abragciems,abragciems,village,23.2030556,57.2027778
428,Abramovka,abramovka,hamlet,27.2427778,56.6469445
428,Abrines,abrines,hamlet,27.6177778,56.9736111
428,Aburti,aburti,hamlet,26.1377778,56.6922222
428,Adamiški,adamiski,hamlet,27.0986111,56.2783333
428,Adamova,adamova,village,27.3697222,56.5616667
428,Adamova,adamova,hamlet,28.1344444,56.2936111
428,Adamova,adamova,hamlet,27.4863889,57.3491667
428,Aderkaši,aderkasi,hamlet,25.3336111,56.853611
428,Adrakaši,adrakasi,hamlet,27.19,57.3905556
428,Aduliena,aduliena,hamlet,26.5211111,57.0758333
428,Agejevka,agejevka,hamlet,27.1072222,56.3897222
428,Aglonas Madaļāni,aglonas madalani,hamlet,27.0430555,56.1225
428,Aglonas stacija,aglonas stacija,village,26.8927778,56.1777778
428,Aglupīši,aglupisi,hamlet,27.54,56.7097222
428,Aronieši,aroniesi,hamlet,26.0094821,56.6834493
428,Agrumi,agrumi,hamlet,26.5808333,57.1075
428,Agrārbanka,agrarbanka,hamlet,26.4283333,56.5488889
428,Aijaži,aijazi,hamlet,24.7447222,57.3808333
428,Airītes,airites,hamlet,24.0822222,56.3313889
428,Aistere,aistere,hamlet,21.3069444,56.6433333
428,Aisteres muiža,aisteres muiza,hamlet,21.3183333,56.6380556
428,Aiviekste,aiviekste,hamlet,24.9161111,56.7852778
428,Aizas,aizas,hamlet,22.9896472,56.9816433
428,Aizaļksne,aizalksne,hamlet,26.5988889,56.1416667
428,Aizbalti,aizbalti,hamlet,26.4780556,56.0625
428,Aizdumble,aizdumble,hamlet,25.6020704,56.1537133
428,Aizezere,aizezere,hamlet,27.2933333,56.6186111
428,Aizezere,aizezere,hamlet,27.3891667,57.2377778
428,Aizeļkšņi,aizelksni,hamlet,27.6461111,56.7972222
428,Aizgalīne,aizgaline,hamlet,27.5955556,57.1191667
428,Aizgārša,aizgarsa,hamlet,27.5052778,57.3633333
428,Aizkalnieši,aizkalniesi,hamlet,26.6255555,56.5663889
428,Aizkalnieši,aizkalniesi,hamlet,26.1505556,56.7819445
428,Aizkaļnīši,aizkalnisi,hamlet,26.7861111,56.1888889
428,Aizklāņi,aizklani,village,22.5697222,57.6677778
428,Aizkraukles muiža,aizkraukles muiza,hamlet,25.1869046,56.6060134
428,Aizkraukles stacija,aizkraukles stacija,hamlet,25.2711111,56.6244444
428,Aizkuja,aizkuja,hamlet,26.3994444,56.9419444
428,Aizpores,aizpores,hamlet,21.8013889,56.6391667
428,Aizpure,aizpure,hamlet,23.2918881,56.9461308
428,Aizpuri,aizpuri,hamlet,25.1780556,56.6219445
428,Aizpurieši,aizpuriesi,hamlet,26.7908333,57.3241667
428,Aizpurve,aizpurve,hamlet,26.5577778,56.6569445
428,Aizpurve,aizpurve,village,26.4238889,56.9786111
428,Aizpurve,aizpurve,hamlet,27.6427778,57.1169445
428,Aizpūre,aizpure,hamlet,26.3947222,56.3761111
428,Aizpūre,aizpure,hamlet,27.6419444,56.6038889
428,Aizpūre,aizpure,hamlet,27.4122222,57.1697222
428,Aizpūrīši,aizpurisi,hamlet,26.6327778,56.2580556
428,Aizpūrīši,aizpurisi,hamlet,26.185,56.39
428,Aizpūrīši,aizpurisi,hamlet,26.6105556,56.4708333
428,Aizsili,aizsili,hamlet,27.6047222,56.8161111
428,Aizstirne,aizstirne,hamlet,27.1527778,57.0066667
428,Aizstrautnieki,aizstrautnieki,village,23.2125,56.6875
428,Aiztilte,aiztilte,hamlet,26.5916667,56.6986111
428,Aiztiļte,aiztilte,hamlet,27.1037649,56.9045122
428,Aizupe,aizupe,hamlet,26.3961111,55.9430556
428,Aizupe,aizupe,hamlet,26.1261111,56.1108333
428,Aizupe,aizupe,hamlet,27.0577778,56.98
428,Aizupe,aizupe,hamlet,27.4194444,57.3572222
428,Aizupes,aizupes,village,24.6008333,56.8275
428,Aizupes,aizupes,village,22.3783627,57.1902938
428,Aizups,aizups,hamlet,27.4819444,57.0505556
428,Aizupītes,aizupites,village,27.0248357,57.4329954
428,Aizupīši,aizupisi,hamlet,26.5383333,56.0802778
428,Aizupīši,aizupisi,hamlet,26.7916667,56.3663889
428,Aizupīši,aizupisi,hamlet,26.6125,56.3708333
428,Aizupīši,aizupisi,hamlet,27.195,56.6702778
428,Aizvīķi,aizviki,village,21.7261942,56.3297237
428,Aišpūri,aispuri,hamlet,27.205,55.9202778
428,Aišpūri,aispuri,hamlet,27.1622222,55.9594444
428,Aišpūri,aispuri,hamlet,27.5997222,56.0736111
428,Akatnīki,akatniki,hamlet,27.0441667,56.0852778
428,Akaši,akasi,hamlet,28.0238152,56.5161974
428,Aklaisciems,aklaisciems,village,22.6584628,57.1880206
428,Akmene,akmene,hamlet,21.3752778,56.7138889
428,Akmenka,akmenka,hamlet,27.2152778,56.2755556
428,Akmeņriuči,akmenriuci,hamlet,27.3645342,56.9169141
428,Akmeņsala,akmensala,hamlet,26.6294444,56.7255556
428,Akmeņāres,akmenares,hamlet,26.0222222,56.2647222
428,Akmineica,akmineica,hamlet,27.1644444,56.0363889
428,Akminoji,akminoji,hamlet,26.7291667,56.1008333
428,Akmenāja,akmenaja,hamlet,26.8276931,56.4665678
428,Akminīši,akminisi,hamlet,27.0266667,56.2605556
428,Akminīši,akminisi,hamlet,27.5380556,56.3008333
428,Akmiņsola,akminsola,hamlet,27.4938889,57.0355556
428,Akmiņu Miurinīki,akminu miuriniki,hamlet,26.7447222,56.245
428,Akmiņupe,akminupe,hamlet,26.145,56.0547222
428,Akremi,akremi,hamlet,26.9719445,56.4691667
428,Aksenova,aksenova,hamlet,27.0566667,56.0483333
428,Aksjonova,aksjonova,hamlet,27.6877778,56.1955556
428,Albertovka,albertovka,hamlet,26.6702778,56.3941667
428,Alejas,alejas,village,24.197151,56.8580869
428,Aleksandropole,aleksandropole,hamlet,26.9255556,56.4933333
428,Aleksandropole,aleksandropole,hamlet,27.1402778,57.0091667
428,Aleksandrova,aleksandrova,village,27.4357043,55.799165
428,Aleksandrova,aleksandrova,hamlet,27.4272222,56.0827778
428,Aleksandrova,aleksandrova,hamlet,27.5425,56.2522222
428,Aleksandrova,aleksandrova,hamlet,26.4558333,56.4086111
428,Aleksandrovka,aleksandrovka,hamlet,27.1366667,56.1244445
428,Aleksandrovka,aleksandrovka,hamlet,26.8844444,56.2477778
428,Aleksandrovka,aleksandrovka,hamlet,27.5383333,57.0413889
428,Aleksejevka,aleksejevka,hamlet,27.3916667,56.1519444
428,Aleksoti,aleksoti,hamlet,27.2208333,56.4652778
428,Alitēni,aliteni,hamlet,25.7216667,57.0113889
428,Alksnejciems,alksnejciems,hamlet,23.031679,57.3133619
428,Alkšņi,alksni,hamlet,25.63,56.6061111
428,Almāle,almale,village,21.6358333,56.9811111
428,Alodzene,alodzene,hamlet,27.335,57.3091667
428,Alsupes,alsupes,hamlet,26.3605556,57.0869444
428,Alturpe,alturpe,hamlet,21.9230556,56.5436111
428,Alunēni,aluneni,hamlet,25.6991667,56.76
428,Alūnāni,alunani,hamlet,25.9705556,56.5502778
428,Alženova,alzenova,hamlet,27.5747222,56.0922222
428,Alžāni,alzani,hamlet,26.3513889,56.7436111
428,Amatas skola,amatas skola,hamlet,25.2794444,57.1666667
428,Amatnieki,amatnieki,village,24.3478659,56.9681579
428,Amberģis,ambergis,hamlet,22.3744444,56.4461111
428,Ambeļi,ambeli,village,26.84,56.0391667
428,Ambrakas,ambrakas,village,22.5702148,57.3802951
428,Amši,amsi,hamlet,26.4913889,57.2422222
428,Anapole,anapole,hamlet,27.9569444,56.2180556
428,Anatova,anatova,hamlet,27.7222222,56.4591667
428,Ancene,ancene,village,25.9618148,56.10235
428,Anci,anci,hamlet,27.4708333,56.4397222
428,Anckani,anckani,hamlet,26.0916667,57.0091667
428,Ancova,ancova,hamlet,27.6041667,56.4288889
428,Ancāni,ancani,hamlet,27.0408333,56.02
428,Ancāni,ancani,hamlet,27.8067144,56.8356327
428,Ancīši,ancisi,hamlet,25.7791667,56.5969445
428,Andinova,andinova,hamlet,27.5111111,56.0063889
428,Andiņi,andini,hamlet,26.5086111,56.1644445
428,Andri,andri,hamlet,27.8622222,56.36
428,Andrijova,andrijova,hamlet,26.5219444,56.1197222
428,Andriveņi,andriveni,hamlet,26.4830556,56.2194445
428,Andriņi,andrini,hamlet,26.5627778,57.3244445
428,Andriņi,andrini,hamlet,25.2525,57.5577778
428,Andronova,andronova,hamlet,27.235,56.4316667
428,Andruves,andruves,hamlet,25.3508333,57.7041667
428,Andrāni,andrani,hamlet,26.0233333,56.4836111
428,Andrēni,andreni,hamlet,25.6788889,57.1108333
428,Andzēni,andzeni,hamlet,25.3072222,56.4891667
428,Andži,andzi,hamlet,27.7975,56.4786111
428,Andžāni,andzani,hamlet,27.3302778,55.9188889
428,Andžāni,andzani,hamlet,27.1530556,55.9658333
428,Andžāni,andzani,hamlet,27.945,56.1116667
428,Andžāni,andzani,hamlet,27.6333333,56.2025
428,Anengofa,anengofa,hamlet,27.15,56.9458333
428,Anetpole,anetpole,hamlet,26.6194444,56.4375
428,Aniņi,anini,hamlet,24.5713889,57.3783333
428,Annas,annas,hamlet,23.8019444,56.9186111
428,Annasbirzs,annasbirzs,hamlet,27.3132361,57.1886111
428,Annasciems,annasciems,hamlet,22.7733035,57.1304706
428,Annasmuiža,annasmuiza,hamlet,26.0722941,55.9500673
428,Annasmuiža,annasmuiza,hamlet,27.5083409,56.7113573
428,Annenieki,annenieki,village,23.0921936,56.6725775
428,Anspoki,anspoki,hamlet,26.762328,56.2666265
428,Antani,antani,hamlet,26.8738889,57.1758333
428,Antiži,antizi,hamlet,27.5519444,56.5161111
428,Antoniški,antoniski,hamlet,26.9513663,56.2780794
428,Antoniški,antoniski,hamlet,27.0130556,56.5302778
428,Antonki,antonki,hamlet,28.0119444,56.5366667
428,Antonopole,antonopole,hamlet,27.1419444,56.3669445
428,Antonopole,antonopole,hamlet,27.7527778,56.4125
428,Antonovka,antonovka,hamlet,27.8583333,56.7372222
428,Antonovka,antonovka,hamlet,27.6308333,57.0238889
428,Antropova,antropova,hamlet,27.5463889,56.2805556
428,Antāni,antani,hamlet,26.8561111,56.0930556
428,Antāni,antani,hamlet,26.9025,56.3577778
428,Anuži,anuzi,village,22.6019566,57.4244943
428,Anzuļi,anzuli,hamlet,26.1297222,56.6736111
428,Anči,anci,hamlet,27.2927778,56.0741667
428,Ančipova,ancipova,hamlet,27.7288889,57.0419445
428,Ančkini,anckini,hamlet,26.6223465,56.2785147
428,Apari,apari,hamlet,27.1111111,56.5288889
428,Aparēni,apareni,hamlet,25.7388889,56.715
428,Apaļi,apali,village,27.7536111,55.9941667
428,Apogi,apogi,hamlet,26.6780556,56.9625
428,Apoļinovščina,apolinovscina,hamlet,27.6119444,55.7994445
428,Aprobauci,aprobauci,hamlet,27.5697222,56.0766667
428,Aprāni,aprani,hamlet,25.4086111,56.6277778
428,Apserde,apserde,hamlet,25.6016667,56.2041667
428,Apses,apses,hamlet,26.4458333,55.9061111
428,Aptacīši,aptacisi,hamlet,26.6008333,56.1602778
428,Apši,apsi,hamlet,27.5383333,56.5836111
428,Apši,apsi,hamlet,25.6422222,57.2688889
428,Apšine,apsine,hamlet,26.025,56.1511111
428,Apšinīki,apsiniki,hamlet,27.1163889,56.0605556
428,Apšinīki,apsiniki,hamlet,26.8,56.2408333
428,Apšinīki,apsiniki,hamlet,27.3172222,56.65
428,Apšinīki,apsiniki,hamlet,27.1372222,56.7447222
428,Apšinīki,apsiniki,hamlet,27.2438889,56.875
428,Apšova,apsova,hamlet,27.6461111,56.9172222
428,Apšukalni,apsukalni,village,24.0627778,56.8158333
428,Apšukolns,apsukolns,hamlet,26.0766667,56.0758333
428,Apšukolns,apsukolns,hamlet,27.3522222,57.2211111
428,Apšukrogs,apsukrogs,hamlet,23.6916667,56.4580556
428,Apšupe,apsupe,hamlet,23.3555556,56.7797222
428,Apšuriņķis,apsurinkis,hamlet,25.9917532,56.7233659
428,Arakste,arakste,village,25.3347222,58.0252778
428,Arbidāni,arbidani,hamlet,25.6172222,56.4816667
428,Arendole,arendole,hamlet,26.6094444,56.1494445
428,Arhipiški,arhipiski,hamlet,26.6236111,55.8525
428,Arhipova,arhipova,hamlet,26.9125,56.3702778
428,Arkani,arkani,hamlet,27.6627778,56.4925
428,Arklinieki,arklinieki,hamlet,26.7025,56.6416667
428,Arkliņi,arklini,village,22.524158,57.2533453
428,Armaņi,armani,hamlet,27.5913889,56.1822222
428,Armuškas,armuskas,hamlet,26.8411111,56.605
428,Arone,arone,hamlet,26.4138889,55.9397222
428,Aronijas,aronijas,hamlet,24.9625,56.6916667
428,Artjomovka,artjomovka,hamlet,27.5327778,56.1338889
428,Arāji,araji,village,24.6681675,56.7425924
428,Asaniški,asaniski,hamlet,27.6066667,56.3713889
428,Asare,asare,village,25.8858333,56.1186111
428,Asači,asaci,hamlet,27.2363889,56.59
428,Asinova,asinova,hamlet,27.1238889,56.6427778
428,Asinovka,asinovka,hamlet,26.94,56.2019445
428,Asni,asni,hamlet,26.7891667,56.7919444
428,Asnīnes,asnines,hamlet,26.9158333,56.6608333
428,Astašova,astasova,hamlet,27.3748059,56.1284656
428,Astenci,astenci,hamlet,28.0952778,56.5052778
428,Astici,astici,hamlet,27.5144445,56.2922222
428,Astiki,astiki,hamlet,27.2077778,56.3844444
428,Astragini,astragini,hamlet,26.9602778,56.2383333
428,Asāni,asani,hamlet,27.5919444,56.3763889
428,Atašiene,atasiene,village,26.4002778,56.5461111
428,Atgoniški,atgoniski,hamlet,27.3975,55.9180556
428,Atlaka,atlaka,hamlet,27.1375,56.72
428,Atpūta,atputa,hamlet,26.4089354,55.8434886
428,Atpūta,atputa,village,23.6789839,56.6178405
428,Atradze,atradze,hamlet,25.3925,56.6533333
428,Atvari,atvari,hamlet,22.1024006,56.4492373
428,Aucugals,aucugals,hamlet,21.0266667,56.4630556
428,Audari,audari,hamlet,21.6675,56.4777778
428,Audreņi,audreni,village,27.2458333,56.5875
428,Audzeri,audzeri,hamlet,26.6044444,56.0513889
428,Augstasils,augstasils,hamlet,27.5783333,57.0125
428,Augstlīči,augstlici,hamlet,25.8980556,57.0869445
428,Augstori,augstori,hamlet,27.0636111,56.8619445
428,Augstrozes muiža,augstrozes muiza,hamlet,25.0,57.5038889
428,Augstābirzs,augstabirzs,hamlet,27.3575,57.1811111
428,Augstīkolni,augstikolni,hamlet,27.4738889,56.6555556
428,Augstīkolni,augstikolni,hamlet,27.4825,56.6588889
428,Auguliena,auguliena,hamlet,26.6847222,57.2744445
428,Auguste,auguste,hamlet,21.7594444,56.4222222
428,Augustiniški,augustiniski,hamlet,26.9816667,55.8713889
428,Augustova,augustova,hamlet,26.8638889,56.3080556
428,Augustova,augustova,hamlet,26.6025,56.4297222
428,Auguļi,auguli,hamlet,27.4647222,55.8819445
428,Auguļi,auguli,hamlet,26.8411111,57.5669444
428,Auguļova,augulova,hamlet,27.5444444,55.9963889
428,Augšciems,augsciems,village,24.7902778,56.9702778
428,Augškaļne,augskalne,hamlet,26.8794445,56.0844445
428,Augškaļņi,augskalni,hamlet,24.5527778,56.3
428,Augšmukti,augsmukti,hamlet,26.3655556,56.2661111
428,Augštūja,augstuja,hamlet,24.445,57.5022222
428,Aukliniški,aukliniski,hamlet,26.9227778,55.9852778
428,Auksteņi,auksteni,hamlet,26.4527778,55.9891667
428,Aukšpole,aukspole,hamlet,26.4325,56.0061111
428,Auleja,auleja,hamlet,27.3013889,56.0580556
428,Auliciems,auliciems,hamlet,25.3438889,56.6222222
428,Auniņi,aunini,hamlet,22.1966667,56.5680556
428,Aurava,aurava,hamlet,27.11,57.2166667
428,Auri,auri,village,23.2967422,56.5651648
428,Auseika,auseika,hamlet,26.3011111,56.1816667
428,Ausekļi,ausekli,hamlet,26.3941667,55.875
428,Aussola,aussola,hamlet,27.5055556,56.9472222
428,Austrumi,austrumi,hamlet,25.3469444,56.6725
428,Ausātas,ausatas,hamlet,23.1452778,56.6511111
428,Auziņas,auzinas,hamlet,26.2697222,57.0047222
428,Auziņi,auzini,hamlet,26.2966667,55.9052778
428,Auzāji,auzaji,hamlet,27.3575,57.1525
428,Auļi,auli,hamlet,25.6455556,57.2025
428,Auška,auska,hamlet,27.3311111,57.0216667
428,Aužgalīši,auzgalisi,hamlet,26.4133333,55.9797222
428,Avlasenki,avlasenki,hamlet,27.4455556,56.0913889
428,Avoti,avoti,hamlet,24.3897222,56.9161111
428,Avotiņi,avotini,hamlet,25.7022222,56.6266667
428,Avotiņi,avotini,hamlet,23.5597222,56.6761111
428,Avotkalni,avotkalni,hamlet,24.4472222,57.715
428,Avsejenki,avsejenki,hamlet,27.7877778,56.3394444
428,Avīši,avisi,hamlet,27.7622222,56.6525
428,Avīški,aviski,hamlet,27.5,57.0594445
428,Azara Bodži,azara bodzi,hamlet,27.1813889,56.4941667
428,Azara Gaileiši,azara gaileisi,hamlet,27.0252778,56.2897222
428,Azargoli,azargoli,hamlet,27.255,56.05
428,Azarmale,azarmale,hamlet,26.2505556,56.0641667
428,Azarmale,azarmale,hamlet,27.7036111,57.1891667
428,Azarstarpi,azarstarpi,hamlet,26.8788889,56.1183333
428,Ačkirkas Madaļāni,ackirkas madalani,hamlet,27.0994444,56.1030556
428,Aļhovka,alhovka,hamlet,26.9538889,56.165
428,Aļhovka,alhovka,hamlet,27.1569444,56.4847222
428,Aļhovka,alhovka,hamlet,27.2691667,56.5555556
428,Aļksnīši,alksnisi,hamlet,26.5341667,56.3913889
428,Aļmi,almi,hamlet,25.7261111,57.0519445
428,Aļoksinki,aloksinki,hamlet,27.7077778,56.3491667
428,Aļtinīki,altiniki,hamlet,27.6488889,56.1580556
428,Aļļi,alli,hamlet,26.5661111,57.3069445
428,Aļņi,alni,village,26.8360736,56.6148776
428,Ašari,asari,hamlet,27.1483333,55.9788889
428,Ašinīki,asiniki,hamlet,26.5136111,56.2458333
428,Ašisola,asisola,hamlet,27.6313889,56.7047222
428,Ašusils,asusils,hamlet,27.4952778,57.2575
428,Aščuki,ascuki,hamlet,26.7030556,56.0494444
428,Aščuki,ascuki,hamlet,26.6755556,56.1013889
428,Babinova,babinova,hamlet,26.4958333,56.3147222
428,Babri,babri,hamlet,26.6505556,56.1672222
428,Babri,babri,hamlet,26.7177778,56.2202778
428,Babri,babri,hamlet,27.1952778,56.2405556
428,Babri,babri,hamlet,26.9391667,56.2897222
428,Babri,babri,hamlet,26.6816667,56.3180556
428,Babri,babri,hamlet,26.6869444,56.3236111
428,Babri,babri,hamlet,26.3552778,56.3494445
428,Babri,babri,hamlet,27.335,56.6680556
428,Babri,babri,hamlet,27.2863889,56.6755556
428,Babrova,babrova,hamlet,27.9727778,56.5433333
428,Babrovka,babrovka,hamlet,27.0283333,56.5866667
428,Babāni,babani,hamlet,27.3603389,57.0990254
428,Badnova,badnova,hamlet,27.8047222,57.2186111
428,Badziniški,badziniski,hamlet,26.5344444,56.2116667
428,Bahmati,bahmati,hamlet,27.6641667,56.9319445
428,Semenova,semenova,village,27.6455556,57.1377778
428,Baibas,baibas,hamlet,26.7369445,56.365
428,Baiki,baiki,hamlet,26.7205556,56.0963889
428,Bajs,bajs,hamlet,27.2369444,57.4080556
428,Bajāri,bajari,village,24.4204455,56.8697481
428,Bajāri,bajari,hamlet,25.7297222,56.0913889
428,Bajāri,bajari,hamlet,23.8194444,56.4416667
428,Bajāri,bajari,hamlet,23.7863889,56.6394445
428,Bajāri,bajari,village,24.5480555,56.9305556
428,Bajāriņciems,bajarinciems,hamlet,21.1761111,56.1658333
428,Bajārkrogs,bajarkrogs,village,24.5590146,56.9542629
428,Bakani,bakani,hamlet,26.4633333,57.0363889
428,Bakovka,bakovka,hamlet,27.4616667,56.6319444
428,Balalaiki,balalaiki,hamlet,27.9386111,56.5433333
428,Balande,balande,hamlet,21.5802778,56.9975
428,Balaški,balaski,hamlet,26.8691667,56.1138889
428,Balašova,balasova,hamlet,27.5869444,56.4697222
428,Balbiši,balbisi,hamlet,27.4397222,56.4011111
428,Balda,balda,hamlet,27.2025,56.2788889
428,Baldieši,baldiesi,hamlet,25.1586111,57.5002778
428,Baldiešēni,baldieseni,hamlet,25.8195549,57.0088487
428,Baldonas,baldonas,hamlet,23.2541667,56.5108333
428,Baldone,baldone,hamlet,26.05,56.0766667
428,Baldones,baldones,hamlet,27.035,57.0033333
428,Baldones,baldones,hamlet,26.5227778,57.0172222
428,Balgale,balgale,hamlet,22.8901092,57.1752818
428,Baliniški,baliniski,hamlet,26.1433333,56.0166667
428,Balinova,balinova,hamlet,27.4311111,56.39
428,Baloži,balozi,hamlet,25.3469444,56.6002778
428,Baloži,balozi,hamlet,25.4209194,57.7555764
428,Baltaci,baltaci,hamlet,25.7536111,57.0605556
428,Baltaiskrogs,baltaiskrogs,village,22.2047222,56.4666667
428,Baltaiskrogs,baltaiskrogs,hamlet,26.7171267,56.9154065
428,Baltači,baltaci,hamlet,26.5347222,56.0866667
428,Baltači,baltaci,hamlet,26.6866667,56.1177778
428,Balteņi,balteni,hamlet,27.3911111,56.9013889
428,Baltgalvji,baltgalvji,hamlet,25.9748416,56.5829306
428,Baltica,baltica,hamlet,27.2363889,55.86
428,Baltica,baltica,hamlet,27.2708333,55.8755556
428,Baltie Bērzi,baltie berzi,hamlet,26.2830556,56.4672222
428,Baltiņa,baltina,hamlet,27.3061111,55.9044444
428,Baltiņi,baltini,hamlet,27.1861111,55.8822222
428,Baltiņi,baltini,hamlet,26.2158333,56.8013889
428,Baltiņi,baltini,hamlet,25.9038889,57.1027778
428,Baltmuiža,baltmuiza,village,26.0813557,55.9647058
428,Baltmuiža,baltmuiza,hamlet,25.9222222,56.0558333
428,Baltā,balta,hamlet,27.4983333,55.8561111
428,Bambāni,bambani,hamlet,27.9658333,56.3830556
428,Banažgals,banazgals,hamlet,21.0786111,56.3638889
428,Banciniškas,banciniskas,hamlet,27.1727778,55.9916667
428,Bancuļi,banculi,hamlet,27.1727778,56.5727778
428,Bandališki,bandaliski,village,26.9182678,55.9245306
428,Bondari,bondari,hamlet,27.3625,56.4388889
428,Bandenieki,bandenieki,hamlet,23.4886111,56.3658333
428,Bandžuri,bandzuri,hamlet,26.7166667,56.4052778
428,Bangas,bangas,hamlet,27.0691667,55.8316747
428,Bangas,bangas,hamlet,24.2927778,56.4
428,Bankova,bankova,hamlet,27.3025,56.9411111
428,Banoņeja,banoneja,hamlet,27.7466667,56.545
428,Barani,barani,hamlet,27.5813889,56.6880556
428,Barani,barani,hamlet,26.4716667,57.2991667
428,Baraniški,baraniski,hamlet,27.1772222,56.03
428,Baranova,baranova,hamlet,27.5566667,56.2513889
428,Baranova,baranova,hamlet,27.7716667,56.7119445
428,Baranovka,baranovka,hamlet,27.8508333,56.7352778
428,Barauha,barauha,hamlet,27.2911111,56.3166667
428,Barauka,barauka,hamlet,26.5525,56.0663889
428,Barauka,barauka,hamlet,26.495,56.4097222
428,Baravie,baravie,hamlet,27.0027778,56.0447222
428,Baravuški,baravuski,hamlet,27.7213889,56.4669444
428,Barbāni,barbani,hamlet,27.3463889,56.8633333
428,Barinauci,barinauci,hamlet,27.7266667,56.0369445
428,Barisi,barisi,hamlet,27.9619444,56.4805556
428,Borisova,borisova,village,27.7359617,57.2182629
428,Bariši,barisi,hamlet,26.6016667,56.3291667
428,Barkeviči,barkevici,hamlet,27.1372222,55.9325
428,Barkāni,barkani,hamlet,27.7241667,56.8277778
428,Barovka,barovka,hamlet,27.2969444,56.1775
428,Barsuki,barsuki,hamlet,26.7602778,55.9916667
428,Barsuki,barsuki,hamlet,27.8397222,56.245
428,Barsuki,barsuki,hamlet,27.6702778,56.4283333
428,Barsuki,barsuki,hamlet,27.4458333,56.4658333
428,Baruckas,baruckas,hamlet,25.8297222,57.0677778
428,Baršauski,barsauski,hamlet,27.0436111,56.0041667
428,Basaligas,basaligas,hamlet,27.6927778,56.2080556
428,Batari,batari,hamlet,27.5813889,56.3802778
428,Batarāgi,bataragi,hamlet,27.2608333,56.6683333
428,Bati,bati,hamlet,27.8894444,56.5105556
428,Batņi,batni,hamlet,27.5627778,56.3522222
428,Bauri,bauri,hamlet,26.0077778,56.5975
428,Bauriškas,bauriskas,hamlet,27.2013889,55.9972222
428,Baužmala,bauzmala,hamlet,25.2041667,57.4188889
428,Bazāni,bazani,hamlet,23.1069444,57.1869444
428,Baļbinova,balbinova,hamlet,27.5371375,55.8875542
428,Baļde,balde,hamlet,26.6255555,56.3502778
428,Baļdiniški,baldiniski,hamlet,27.3761111,55.8855556
428,Baļtina,baltina,hamlet,27.0169444,56.6355556
428,Baši,basi,hamlet,26.012644,57.1370896
428,Baški,baski,village,26.881549,56.1928531
428,Bebe,bebe,hamlet,21.2347222,56.6736111
428,Bebri,bebri,hamlet,26.3841667,56.9877778
428,Bebrinka,bebrinka,hamlet,27.3480556,56.2711111
428,Bebriši,bebrisi,hamlet,27.3744444,55.9697222
428,Begunova,begunova,hamlet,27.6388889,56.9694444
428,Behova,behova,hamlet,26.5786111,55.7066667
428,Beibeži,beibezi,village,24.4475,56.5886111
428,Beirupūrs,beirupurs,hamlet,26.2705556,56.4641667
428,Beitiņi,beitini,village,24.5625,56.5133333
428,Beitāni,beitani,hamlet,27.5722222,56.1275
428,Beitāni,beitani,hamlet,27.3397222,56.1652778
428,Beitēni,beiteni,hamlet,25.8652778,57.0636111
428,Bekuciems,bekuciems,village,24.5813218,56.8046432
428,Belkauski,belkauski,hamlet,27.1125,56.0061111
428,Belobabina,belobabina,hamlet,26.9441667,56.3994445
428,Beloglazovka,beloglazovka,hamlet,27.1011111,56.4561111
428,Belogrudova,belogrudova,hamlet,27.0972222,56.04
428,Belomoiki,belomoiki,hamlet,27.7277778,56.4516667
428,Belomoje,belomoje,hamlet,28.1633333,56.3977778
428,Benckalni,benckalni,hamlet,25.6902778,56.7316667
428,Benislavova,benislavova,hamlet,27.2033333,56.4172222
428,Benislova,benislova,village,27.08,56.9233333
428,Benkava,benkava,hamlet,22.7905556,56.3802778
428,Beresņi,beresni,hamlet,27.8083333,56.1191667
428,Bereznīki,berezniki,hamlet,27.3863889,56.3108333
428,Berezovka,berezovka,village,26.8443446,55.9361271
428,Berezovka,berezovka,hamlet,26.5925,56.1963889
428,Berezovka,berezovka,hamlet,26.9102778,56.2877778
428,Berezovka,berezovka,hamlet,27.9233333,56.6177778
428,Berezņaks,bereznaks,hamlet,27.335,57.2013889
428,Bergofa,bergofa,hamlet,27.2791667,56.1858333
428,Berjozki,berjozki,hamlet,27.4511111,55.8263889
428,Berjozki,berjozki,hamlet,27.4308333,55.8322222
428,Berjozovka,berjozovka,hamlet,27.96,56.4583333
428,Berjozovka,berjozovka,hamlet,27.3658333,56.6333333
428,Berkava,berkava,village,24.5385837,56.8064103
428,Birkiniļi,birkinili,hamlet,26.4532658,55.8194902
428,Birkineļu dārziņi,birkinelu darzini,hamlet,26.4358333,55.7891667
428,Bernadski,bernadski,hamlet,27.0136111,55.9833333
428,Beržine,berzine,hamlet,27.0827778,55.9744445
428,Beržovka,berzovka,hamlet,27.8322222,56.7716667
428,Besovka,besovka,hamlet,27.4427778,56.4233333
428,Betiški,betiski,hamlet,26.6547222,56.4027778
428,Bezļesje,bezlesje,hamlet,27.7138889,56.2383333
428,Bečeri,beceri,hamlet,27.6619444,56.3841667
428,Beķermuiža,bekermuiza,hamlet,22.9222222,57.0194445
428,Beļaji,belaji,hamlet,28.0222222,56.3519444
428,Beļauski,belauski,hamlet,27.1088889,56.8444445
428,Beļejova,belejova,hamlet,28.0988889,56.2486111
428,Beļetnīki,beletniki,hamlet,26.5925,56.2569445
428,Beļetnīki,beletniki,hamlet,26.8069445,56.2941667
428,Beļeviči,belevici,hamlet,27.3155556,56.6633333
428,Beļova,belova,hamlet,27.5469444,56.7188889
428,Bicāni,bicani,hamlet,26.6919444,56.0666667
428,Bidrija,bidrija,hamlet,27.9683333,56.3341667
428,Bidzāni,bidzani,hamlet,27.6427778,56.3433333
428,Biekerova,biekerova,hamlet,27.8411111,57.2861111
428,Bieleņi,bieleni,hamlet,27.6152778,56.8088889
428,Bieliņi,bielini,hamlet,27.5675,56.9811111
428,Bieranti,bieranti,hamlet,26.9527778,57.4830556
428,Bierniškas,bierniskas,hamlet,27.4452778,55.9519445
428,Biernāni,biernani,hamlet,27.1063889,55.9727778
428,Biernāni,biernani,hamlet,26.6033333,56.2861111
428,Biernāni,biernani,hamlet,26.5819445,56.46
428,Biernāni,biernani,hamlet,26.9566667,56.6791667
428,Bierzinīki,bierziniki,hamlet,27.7636111,56.5736111
428,Bierzinīki,bierziniki,hamlet,27.3161111,56.7280556
428,Bērzpils,berzpils,village,27.085248,56.8486673
428,Bierzāki,bierzaki,hamlet,26.2722222,56.3091667
428,Bierzīši,bierzisi,hamlet,27.0690786,56.8510586
428,Bieržgaļs,bierzgals,hamlet,27.0841667,56.1608333
428,Bērzgale,berzgale,village,27.5166667,56.6305556
428,Bierži,bierzi,hamlet,27.0725,56.8311111
428,Bieči,bieci,hamlet,26.7280556,56.2458333
428,Bieči,bieci,hamlet,26.7597222,56.2975
428,Bieči,bieci,hamlet,26.9508333,56.4855556
428,Bieķi,bieki,hamlet,26.93,56.1458333
428,Biešons,biesons,hamlet,27.0825,56.0975
428,Bikaunīki,bikauniki,hamlet,27.0933333,56.3372222
428,Bikaunīki,bikauniki,hamlet,27.1744444,56.3838889
428,Bikaunīki,bikauniki,hamlet,26.3919445,56.4047222
428,Bikava,bikava,hamlet,27.0669444,56.7375
428,Bikova,bikova,hamlet,27.3911111,56.125
428,Bikova,bikova,hamlet,26.9036111,56.3805556
428,Biksi,biksi,hamlet,28.1280556,56.2377778
428,Biksinīki,biksiniki,hamlet,27.3836111,56.5691667
428,Biksti,biksti,village,22.9691673,56.6717036
428,Biksēja,bikseja,hamlet,25.7091667,57.4747222
428,Bileiķi,bileiki,hamlet,22.8933333,56.3861111
428,Bilga,bilga,hamlet,27.5988889,56.9963889
428,Bilinski,bilinski,hamlet,27.3719444,56.7633333
428,Bilstiņi,bilstini,hamlet,25.4091667,56.6397222
428,Bindari,bindari,hamlet,27.3238889,55.8836111
428,Bindari,bindari,hamlet,26.7058333,56.4072222
428,Bindes,bindes,hamlet,26.2374501,57.4749259
428,Bindi,bindi,hamlet,26.3663889,57.4427778
428,Biruliški,biruliski,hamlet,26.4391667,55.7236111
428,Birzgaļi,birzgali,hamlet,24.2229933,56.2849887
428,Birziņciems,birzinciems,hamlet,22.7022222,57.5019445
428,Birzmaļi,birzmali,village,22.5294444,57.1569445
428,Birznieki,birznieki,hamlet,25.4638889,56.6988889
428,Birznieki,birznieki,hamlet,26.4454251,57.030032
428,Birznieki,birznieki,village,24.3008333,57.1044444
428,Birznieki,birznieki,hamlet,27.7143237,57.213026
428,Birzuļi,birzuli,hamlet,24.0297222,56.7697222
428,Birzuļi,birzuli,hamlet,26.2216232,57.1738654
428,Viesturciems,viesturciems,village,23.6142384,56.6379286
428,Birzītes,birzites,hamlet,23.6958333,56.4358333
428,Birža,birza,hamlet,27.3066667,56.0897222
428,Birži,birzi,hamlet,21.8788889,56.6316667
428,Bisenieki,bisenieki,hamlet,26.0622222,56.4836111
428,Bismuiža,bismuiza,hamlet,27.7441667,56.2477778
428,Bisteri,bisteri,hamlet,26.5719444,56.0922222
428,Bitenieki,bitenieki,hamlet,23.2572222,56.67
428,Bites,bites,hamlet,25.9094444,56.61
428,Bites,bites,hamlet,25.7376743,56.7758099
428,Bitānkalns,bitankalns,hamlet,25.7105556,56.5511111
428,Bitēni,biteni,hamlet,23.8541667,56.5569445
428,Bitēni,biteni,hamlet,25.7702778,57.0072222
428,Biubāni,biubani,hamlet,26.7686111,56.2161111
428,Biumaņi,biumani,hamlet,26.4575,56.4286111
428,Bički,bicki,hamlet,28.0416667,56.1825
428,Bički,bicki,hamlet,27.1655556,56.2958333
428,Bičuļi,biculi,hamlet,23.5836977,56.5485036
428,Biķernieki,bikernieki,village,26.82,55.9741667
428,Biķernieki,bikernieki,hamlet,25.8022222,56.3966667
428,Biķernieki,bikernieki,hamlet,25.3577778,56.5905556
428,Biņova,binova,hamlet,27.6211111,56.6177778
428,Biškāni,biskani,hamlet,27.1677778,57.0622222
428,Biža,biza,hamlet,27.3641667,56.1563889
428,Biži,bizi,hamlet,27.5094444,56.5402778
428,Blanka,blanka,hamlet,25.0413889,57.915
428,Blankas,blankas,hamlet,25.5352778,56.7247222
428,Blankenfelde,blankenfelde,hamlet,23.5480556,56.345
428,Blantine,blantine,hamlet,27.455,56.6727778
428,Blauzgova,blauzgova,hamlet,27.5191667,56.9063889
428,Blazeviči,blazevici,hamlet,26.7669444,56.3547222
428,Blaževiči,blazevici,hamlet,27.1088889,56.1769444
428,Bleideļi,bleideli,hamlet,27.3391667,56.0516667
428,Bleideļi,bleideli,hamlet,27.9644444,56.4477778
428,Bleivi,bleivi,hamlet,26.1008333,56.0652778
428,Bleivi,bleivi,hamlet,27.8236111,56.5355556
428,Blekteskalns,blekteskalns,hamlet,27.1927778,57.5125
428,Blendiena,blendiena,hamlet,21.6908333,56.6688889
428,Blijas,blijas,village,24.0163624,56.7886923
428,Bliseņi,bliseni,hamlet,27.4736111,56.7152778
428,Bliņica,blinica,hamlet,27.7594445,57.2494445
428,Bloki,bloki,hamlet,26.7997222,56.2363889
428,Blome,blome,village,25.7788798,57.4366632
428,Blome,blome,hamlet,24.5338889,57.5780556
428,Blonti,blonti,hamlet,27.9761111,56.3555556
428,Blukas,blukas,hamlet,23.7882715,56.6109047
428,Blukovščina,blukovscina,hamlet,27.5924384,55.8433333
428,Blusi,blusi,hamlet,27.5461111,55.9388889
428,Blusova,blusova,hamlet,27.7894444,56.0225
428,Blākaiņi,blakaini,hamlet,26.0891667,57.0388889
428,Blāķi,blaki,hamlet,25.0876157,57.8788108
428,Blīdenes mežniecība,blidenes meznieciba,hamlet,22.6941667,56.6413889
428,Blūmji,blumji,hamlet,27.0236111,57.4394445
428,Blūmreiņi,blumreini,hamlet,27.1822222,57.3397222
428,Blūzmes,bluzmes,hamlet,26.9327778,56.4816667
428,Blūzmi,bluzmi,hamlet,27.4577778,56.0277778
428,Bobieši,bobiesi,hamlet,27.9183333,56.4775
428,Bodrovka,bodrovka,hamlet,26.93,56.4188889
428,Bogdoni,bogdoni,hamlet,27.5058333,56.0422222
428,Bogdāni,bogdani,hamlet,25.8376922,56.5219466
428,Bogomoli,bogomoli,hamlet,27.8938889,56.3508333
428,Bojori,bojori,hamlet,26.7947222,56.4263889
428,Bojoru Iereņi,bojoru iereni,hamlet,26.6327778,56.5352778
428,Bojāri,bojari,hamlet,27.6052778,56.1363889
428,Bojāru Vikšeri,bojaru vikseri,hamlet,26.3633333,56.5430556
428,Bokoni,bokoni,hamlet,27.0288764,56.4988175
428,Bokoni,bokoni,hamlet,26.7436111,56.5955556
428,Bokova,bokova,hamlet,27.5919445,56.9755556
428,Bokāni,bokani,hamlet,26.025,56.125
428,Bokši,boksi,hamlet,27.5519444,56.7066667
428,Bolbiši,bolbisi,hamlet,27.0730556,56.495
428,Boldači,boldaci,hamlet,27.7705556,56.3763889
428,Boldāni,boldani,hamlet,27.7716667,56.3483333
428,Boles,boles,hamlet,26.5002778,56.6611111
428,Baltais Dukstigals,baltais dukstigals,hamlet,27.4325,56.3727778
428,Boltaiskrūgs,boltaiskrugs,hamlet,26.2111111,56.0330556
428,Boltakrūgs,boltakrugs,hamlet,26.5261111,56.0683333
428,Boltmuiža,boltmuiza,hamlet,26.5094444,56.0894445
428,Boltāni,boltani,hamlet,27.6683333,56.6833333
428,Bolupnieki,bolupnieki,hamlet,26.9767634,57.0157803
428,Bolūži,boluzi,hamlet,27.2111111,55.9466667
428,Bolūžova,boluzova,hamlet,27.7244444,56.5905556
428,Bombizi,bombizi,hamlet,26.7508333,56.0305556
428,Boncāni,boncani,hamlet,27.6341667,56.8597222
428,Bondari,bondari,hamlet,27.3497222,56.2922222
428,Bondari,bondari,hamlet,28.0769444,56.3119445
428,Bondari,bondari,hamlet,27.1111111,56.3497222
428,Bondari,bondari,hamlet,27.5052778,56.4027778
428,Bondariški,bondariski,hamlet,26.7152778,56.01
428,Bondariški,bondariski,hamlet,26.8091667,56.1361111
428,Bondariški,bondariski,hamlet,27.5702778,56.1825
428,Bondarovka,bondarovka,hamlet,27.0402778,56.5497222
428,Bonifacova,bonifacova,hamlet,27.061744,56.8235794
428,Borbaļi,borbali,hamlet,26.6255556,56.2466667
428,Bordova,bordova,hamlet,27.6383333,57.1491667
428,Boreksti,boreksti,hamlet,27.0961111,56.0997222
428,Bori,bori,hamlet,27.8325,56.2405556
428,Borisova,borisova,hamlet,27.7758333,56.3352778
428,Borisova,borisova,hamlet,27.6694444,57.0447222
428,Borisovka,borisovka,hamlet,27.6755556,55.9972222
428,Borisovka,borisovka,hamlet,27.7025,56.1347222
428,Borisovka,borisovka,hamlet,26.6525,56.3708333
428,Borisovka,borisovka,hamlet,27.0097222,56.3861111
428,Borisovka,borisovka,hamlet,26.8452778,56.4008333
428,Boriņi,borini,hamlet,27.1336111,56.5291667
428,Borkova,borkova,hamlet,26.4083333,56.5583333
428,Borkuici,borkuici,hamlet,28.0358333,56.15
428,Bormaņi,bormani,village,25.4808333,56.6769444
428,Bormaņi,bormani,hamlet,25.6361111,57.3383333
428,Borovaja,borovaja,hamlet,27.5975,56.2608333
428,Borovaja,borovaja,hamlet,27.7708333,56.4066667
428,Borovaja,borovaja,hamlet,27.1016667,56.5888889
428,Borovije,borovije,hamlet,26.6485487,56.0366335
428,Borovina,borovina,hamlet,27.5508333,55.9738889
428,Borovka,borovka,hamlet,27.28,55.8972222
428,Borovka,borovka,hamlet,26.8952778,56.1288889
428,Borovka,borovka,hamlet,26.3372222,56.5497222
428,Borovka,borovka,hamlet,27.7391667,57.0630556
428,Borski,borski,hamlet,26.3688889,56.0169445
428,Bortnīki,bortniki,hamlet,28.0191667,56.33
428,Botori,botori,hamlet,26.9641667,56.1469445
428,Bozova,bozova,village,27.6952778,56.8136111
428,Bozēni,bozeni,hamlet,26.6863889,56.7336111
428,Boķi,boki,hamlet,26.2888889,56.9983333
428,Boļi,boli,hamlet,26.1297222,57.1472222
428,Bragas,bragas,hamlet,27.1783333,55.9388889
428,Bramaņi,bramani,hamlet,26.7233333,56.1308333
428,Brandavas,brandavas,hamlet,23.065,56.7455556
428,Brandeļi,brandeli,village,25.3622222,57.5177778
428,Brangova,brangova,hamlet,26.8072222,56.5894445
428,Branti,branti,hamlet,26.7427778,56.9133333
428,Branti,branti,hamlet,26.4569444,57.1611111
428,Branti,branti,hamlet,26.2119444,57.2394444
428,Branti,branti,hamlet,25.7397222,57.3602778
428,Brasla,brasla,hamlet,24.9208333,57.2938889
428,Braslas,braslas,hamlet,26.8119444,55.7827778
428,Brataniški,brataniski,hamlet,26.47,55.7380556
428,Bratiški,bratiski,hamlet,26.5508333,56.2188889
428,Bračas,bracas,hamlet,22.1072222,56.6038889
428,Bregži,bregzi,hamlet,25.3633333,57.3944445
428,Breidogi,breidogi,hamlet,26.9480556,56.1722222
428,Breimari,breimari,hamlet,27.5775,55.8719445
428,Brekti,brekti,hamlet,25.9075,57.0933333
428,Brenceliški,brenceliski,hamlet,26.9327778,55.9652778
428,Brenciški,brenciski,hamlet,27.4297222,55.9952778
428,Brencēni,brenceni,hamlet,25.4924088,56.7151768
428,Brenči,brenci,hamlet,27.8655556,56.075
428,Brenči,brenci,hamlet,27.3405556,56.0780556
428,Brenčore,brencore,hamlet,26.4819444,56.3152778
428,Bresingova,bresingova,hamlet,27.5416667,56.2461111
428,Brežģis,brezgis,hamlet,25.7037031,57.1120593
428,Brici,brici,hamlet,25.8763889,57.1205556
428,Brici,brici,hamlet,25.7127778,57.1641667
428,Bricēni,briceni,hamlet,25.0088889,56.7402778
428,Briedes,briedes,hamlet,25.2436111,57.6883333
428,Briedinieki,briedinieki,hamlet,27.2119444,57.2802778
428,Briedupes,briedupes,hamlet,25.2293833,57.668727
428,Brieksīne,brieksine,hamlet,27.6522222,56.9936111
428,Brieži,briezi,hamlet,25.4144444,56.3083333
428,Brieži,briezi,hamlet,26.8944445,57.5605556
428,Briežudārzs,briezudarzs,hamlet,27.3725,57.3936111
428,Brigi,brigi,hamlet,28.0488889,56.4136111
428,Brikuļi,brikuli,hamlet,26.9638889,56.5947222
428,Bringas,bringas,hamlet,27.5894444,56.6502778
428,Brinkīne,brinkine,hamlet,27.5225,57.0452778
428,Briuci,briuci,hamlet,26.9366667,56.4905556
428,Briuveri,briuveri,hamlet,27.0466667,56.0477778
428,Briuveri,briuveri,hamlet,27.03,56.1438889
428,Briuveri,briuveri,hamlet,27.4261111,56.1908333
428,Briuveri,briuveri,hamlet,26.5433333,56.3861111
428,Brizgas,brizgas,hamlet,27.1877778,56.5691667
428,Brizgas,brizgas,hamlet,27.1961111,56.5697222
428,Brizgova,brizgova,hamlet,27.7038889,57.2780556
428,Briči,brici,hamlet,26.6975,57.0269445
428,Briņģi,bringi,hamlet,25.8844444,57.0047222
428,Briņģi,bringi,hamlet,25.8711111,57.2533333
428,Briškas,briskas,hamlet,26.6555556,56.2738889
428,Briškas,briskas,hamlet,26.6672222,56.2777778
428,Briškas,briskas,hamlet,26.9086111,56.4622222
428,Briški,briski,hamlet,26.7897222,56.3002778
428,Briški-Balckari,briski-balckari,hamlet,26.7755556,56.4313889
428,Brocenmuiža,brocenmuiza,hamlet,22.5403841,56.7017369
428,Brodaiža,brodaiza,hamlet,27.7661111,56.3205556
428,Brodi,brodi,village,25.8694444,56.4680556
428,Brodiuži,brodiuzi,hamlet,26.5563889,56.205
428,Brogi,brogi,hamlet,27.5938889,55.9613889
428,Brokas,brokas,hamlet,26.7463889,56.5158333
428,Brokas,brokas,hamlet,27.2875,56.6366667
428,Brokauski,brokauski,hamlet,26.5897222,56.1861111
428,Broki,broki,hamlet,26.6436111,56.5275
428,Broki,broki,hamlet,26.6477778,56.6027778
428,Broki,broki,hamlet,26.9294444,56.6047222
428,Bronki,bronki,hamlet,27.4788889,56.0494444
428,Bronki,bronki,hamlet,27.3536111,56.1727778
428,Bronti,bronti,hamlet,27.7033333,57.145
428,Brožgola,brozgola,hamlet,27.2841667,56.7091667
428,Brukāni,brukani,hamlet,27.1244444,56.6547222
428,Brunavas muiža,brunavas muiza,hamlet,24.3808333,56.3602778
428,Brunavišķi,brunaviski,village,24.1875,56.2872222
428,Brusova,brusova,hamlet,27.4605556,56.575
428,Brutuļi,brutuli,village,25.8886111,57.4547222
428,Bruņene,brunene,village,26.6819444,55.7880556
428,Bruņinieki,bruninieki,hamlet,26.3236111,55.8025
428,Bruņiševa,bruniseva,hamlet,27.4408333,57.5169445
428,Brāslava,braslava,hamlet,27.2622222,56.0297222
428,Brēdiķi,brediki,hamlet,26.0127552,56.5353663
428,Brēmeles,bremeles,hamlet,25.3722222,57.5113889
428,Brīdaga,bridaga,hamlet,24.468645,57.6527362
428,Brīdziški,bridziski,hamlet,27.5737097,56.2878088
428,Brīdīši,bridisi,hamlet,27.1691667,57.1925
428,Brīnumi,brinumi,hamlet,25.3327287,57.4917904
428,Brīsla,brisla,hamlet,26.3702778,56.4263889
428,Brīvnieki,brivnieki,hamlet,23.1458333,57.0238889
428,Brīvuļi,brivuli,hamlet,26.4966667,55.7738889
428,Brīžgoni,brizgoni,hamlet,27.1375,56.3055556
428,Brīži,brizi,hamlet,26.4055555,56.2136111
428,Brīži,brizi,hamlet,27.5616667,56.7216667
428,Brīžova,brizova,hamlet,27.7030556,56.2363889
428,Brīžova,brizova,hamlet,27.3958333,57.1386111
428,Brīžusola,brizusola,hamlet,27.0969444,56.7913889
428,Brūklāji,bruklaji,hamlet,27.3835055,57.0806111
428,Brūlāni,brulani,hamlet,25.6654826,56.5567135
428,Brūveri,bruveri,hamlet,24.5930556,56.6119445
428,Brūzilas,bruzilas,hamlet,22.3419444,56.5088889
428,Brūzis,bruzis,village,22.6327778,57.1313889
428,Buciniški,buciniski,hamlet,27.3513889,55.8516667
428,Buciniški,buciniski,hamlet,26.8141667,55.9666667
428,Bucinīki,buciniki,hamlet,26.1836111,56.3244445
428,Budenbroka,budenbroka,hamlet,25.0794444,57.6141667
428,Budiški,budiski,hamlet,26.7416667,55.8558333
428,Budovka,budovka,hamlet,27.8347222,56.0427778
428,Buhari,buhari,hamlet,27.6797222,56.6416667
428,Buiva,buiva,hamlet,25.0020095,57.6516445
428,Buivāni,buivani,hamlet,25.6963889,56.57
428,Buivīši,buivisi,hamlet,26.3430556,56.1344444
428,Buiļova,builova,hamlet,27.9211111,56.2633333
428,Bukaišu skola,bukaisu skola,hamlet,23.2122222,56.4113889
428,Bukas,bukas,hamlet,26.1016667,57.0030556
428,Bukas,bukas,hamlet,24.9416667,57.035
428,Bukateņi,bukateni,hamlet,27.5305556,56.3116667
428,Bukatina,bukatina,hamlet,28.0858333,56.2897222
428,Buki,buki,hamlet,26.6566667,56.2980556
428,Buki,buki,hamlet,27.6847222,57.0116667
428,Buksti,buksti,hamlet,27.54,56.9369444
428,Bukubirzs,bukubirzs,hamlet,24.2339269,56.305611
428,Bukupe,bukupe,hamlet,22.3247222,56.6694445
428,Bulgārija,bulgarija,hamlet,23.6958333,56.7241667
428,Buliņi,bulini,hamlet,26.1925,56.8880556
428,Buliņi,bulini,hamlet,25.3713889,57.3972222
428,Buliši,bulisi,hamlet,27.7838889,56.4552778
428,Bulmeistari,bulmeistari,hamlet,26.6402263,56.7406817
428,Bulēni,buleni,hamlet,25.9627778,57.0711111
428,Bumbi,bumbi,hamlet,25.6428625,57.0672047
428,Bumbiškas,bumbiskas,hamlet,27.2741667,56.4761111
428,Bumbiški,bumbiski,hamlet,27.2822222,56.4716667
428,Bundiški,bundiski,hamlet,26.4111111,55.9108333
428,Bunduļi,bunduli,hamlet,27.1113889,56.5219445
428,Bundzene,bundzene,hamlet,27.2244444,57.4469445
428,Bungas,bungas,hamlet,27.345,56.2486111
428,Bungas,bungas,hamlet,22.8694444,56.4319445
428,Bungciems,bungciems,village,22.5390016,57.1750669
428,Bunka,bunka,village,21.4986111,56.5002778
428,Buntiki,buntiki,hamlet,26.3272222,56.5366667
428,Bunči,bunci,hamlet,24.4208333,56.9044444
428,Bunčova,buncova,hamlet,27.7066667,56.07
428,Buras,buras,hamlet,26.3369444,55.8633333
428,Burduški,burduski,hamlet,27.6636111,56.4713889
428,Burlakovka,burlakovka,hamlet,26.9461111,56.4541667
428,Burtnieki,burtnieki,hamlet,23.0691667,56.7941667
428,Burzova,burzova,hamlet,27.3383333,56.5897222
428,Burčava,burcava,hamlet,27.3497222,57.1327778
428,Businiški,businiski,hamlet,27.2947222,56.0447222
428,Butiški,butiski,village,26.7455556,55.9036111
428,Butkas,butkas,hamlet,26.665,56.2388889
428,Butkeviči,butkevici,hamlet,27.2072222,56.0663889
428,Butkoni,butkoni,hamlet,27.6319444,56.0405556
428,Butkuni,butkuni,hamlet,27.5372222,55.9288889
428,Butkunova,butkunova,hamlet,27.5547222,55.8922222
428,Butleri,butleri,hamlet,26.7008333,56.1591667
428,Butleri,butleri,hamlet,27.2005556,56.2677778
428,Butlēri,butleri,hamlet,25.8341667,57.0530556
428,Butlēri,butleri,hamlet,26.0419444,57.15
428,Butāni,butani,hamlet,26.7519444,57.215
428,Butķēni,butkeni,hamlet,25.7688889,56.0961111
428,Buzdi,buzdi,hamlet,27.5836111,56.7008333
428,Buzinkova,buzinkova,hamlet,27.78,56.7958333
428,Bučauska,bucauska,hamlet,26.4081761,57.0073644
428,Bučkas,buckas,hamlet,26.6477778,56.2141667
428,Bučāni,bucani,hamlet,26.2975,55.8816667
428,Buķi,buki,hamlet,23.8169444,56.3808333
428,Buļi,buli,village,26.7178909,55.9642574
428,Buļāni,bulani,hamlet,27.385,56.3563889
428,Buļēni,buleni,hamlet,25.9341667,57.04
428,Buļļi,bulli,hamlet,23.5352778,56.3422222
428,Buši,busi,hamlet,27.4891667,56.4244445
428,Bušines,busines,hamlet,26.4344445,56.2491667
428,Bušovka,busovka,hamlet,26.5388889,56.2758333
428,Bušugrava,busugrava,hamlet,25.3183333,57.3394445
428,Bāci,baci,hamlet,25.9658333,57.5730556
428,Bāguņi,baguni,hamlet,26.2458333,56.8841667
428,Bākarova,bakarova,hamlet,27.7194444,57.0905556
428,Bāliņi,balini,hamlet,22.3219444,56.5622222
428,Bāliņi,balini,hamlet,24.4613889,57.0127778
428,Bānūži,banuzi,hamlet,25.5827778,57.1572222
428,Bārbaļi,barbali,hamlet,26.5091667,56.6491667
428,Bārdaskrogs,bardaskrogs,hamlet,26.9553024,57.5717649
428,Bārtuļi,bartuli,hamlet,27.4780556,55.87
428,Bārtuļi,bartuli,hamlet,27.9769445,56.5991667
428,Bārza Rubini,barza rubini,hamlet,26.6680556,56.1394445
428,Bārzovka,barzovka,hamlet,26.9991667,56.3413889
428,Bārzulova,barzulova,hamlet,27.6730556,56.9358333
428,Bārzusola,barzusola,hamlet,27.4966667,56.5955556
428,Bātciems,batciems,village,24.3616667,57.1975
428,Bāči,baci,hamlet,23.4755556,56.7
428,Bērzbeķe,berzbeke,hamlet,23.2352778,56.6666667
428,Bērze,berze,village,23.4388889,56.6858333
428,Bērzine,berzine,hamlet,26.9002778,56.0302778
428,Bērziņi,berzini,hamlet,26.2855556,55.8311111
428,Bērziņi,berzini,hamlet,23.8558333,56.6841667
428,Bērziņi,berzini,village,25.1086111,57.3402778
428,Bērziņi,berzini,hamlet,26.9161111,57.505
428,Bērzkrasti,berzkrasti,hamlet,23.2886111,56.5958333
428,Bērzkrogs,berzkrogs,hamlet,21.9488889,56.6127778
428,Bērzmente,berzmente,village,24.3274674,56.8266946
428,Bērzmilni,berzmilni,hamlet,26.2091667,56.8847222
428,Bērzone,berzone,hamlet,26.0511111,56.2519445
428,Bērzs,berzs,hamlet,25.2063889,56.9586111
428,Bērzuleja,berzuleja,hamlet,27.0669445,56.9958333
428,Bērzupe,berzupe,hamlet,23.1075,56.6894444
428,Bērzupe,berzupe,hamlet,27.4366637,57.4197433
428,Bētiņu ciems,betinu ciems,hamlet,21.0877778,56.3275
428,Bēvulēni,bevuleni,hamlet,25.2963889,56.9422222
428,Bēķciems,bekciems,village,22.5677761,57.2101081
428,Bībeliški,bibeliski,hamlet,26.4986111,56.1036111
428,Bļaideri,blaideri,hamlet,27.5508333,56.3888889
428,Bļaši,blasi,hamlet,27.6570505,56.7964344
428,Bļižņeva,blizneva,hamlet,27.7072222,56.2797222
428,Bļodnieki,blodnieki,village,23.6845237,56.8885193
428,Būbini,bubini,hamlet,27.7713889,56.5955556
428,Būcmaņciems,bucmanciems,hamlet,21.5885449,56.9824649
428,Būdele,budele,hamlet,24.7308333,57.7138889
428,Būdiņas,budinas,hamlet,23.4977778,56.7066667
428,Būdāni,budani,hamlet,26.3286111,56.8275
428,Būku sala,buku sala,hamlet,26.1955556,56.1105556
428,Būkšti,buksti,village,26.8546911,55.9312821
428,Būkšti,buksti,hamlet,26.6530556,55.9683333
428,Būruški,buruski,hamlet,27.7116667,56.5219445
428,Būtnāri,butnari,village,22.4264002,56.6644746
428,Būtāni,butani,hamlet,26.9547222,55.9783333
428,Cabuli,cabuli,hamlet,27.7916667,56.6136111
428,Caici,caici,hamlet,26.8208333,56.2872222
428,Cakuli,cakuli,hamlet,26.7823656,56.6336856
428,Catlakši,catlaksi,hamlet,26.7211111,56.0505556
428,Catlakši,catlaksi,hamlet,26.9361111,56.2716667
428,Catlakši,catlaksi,hamlet,25.9877872,56.486893
428,Caunes,caunes,hamlet,26.9277778,56.185
428,Caunes,caunes,hamlet,26.5186111,56.2313889
428,Caunes,caunes,hamlet,26.4891667,56.4105556
428,Caunes,caunes,hamlet,26.5347222,56.6675
428,Caunes,caunes,hamlet,26.2075,57.4291667
428,Caunispūrs,caunispurs,hamlet,26.13,56.2741667
428,Caunīši,caunisi,hamlet,27.3005556,56.6986111
428,Caurumi,caurumi,hamlet,27.3790806,55.8807891
428,Caurvēderi,caurvederi,hamlet,26.2402778,56.9013889
428,Cauči,cauci,hamlet,25.3102778,57.4202778
428,Cauņi,cauni,hamlet,27.1186111,55.9041667
428,Cebuļi,cebuli,hamlet,25.8811111,57.1177778
428,Cecerskie,cecerskie,hamlet,26.9333333,56.0886111
428,Cegeļņa,cegelna,hamlet,27.0286111,56.1513889
428,Cegeļņa,cegelna,hamlet,27.8811111,56.2563889
428,Cegeļņa,cegelna,hamlet,27.4922222,56.4505556
428,Cegeļņa,cegelna,hamlet,27.2005555,56.4661111
428,Ceglineica,ceglineica,hamlet,27.1022222,56.6630556
428,Ceglinīki,cegliniki,hamlet,26.4911111,56.0130556
428,Ceipinieki,ceipinieki,hamlet,26.6930556,56.5983333
428,Ceiruļova,ceirulova,hamlet,27.5583333,56.5297222
428,Cekuļi,cekuli,hamlet,26.2405556,56.6911111
428,Celeitāni,celeitani,hamlet,27.0319444,55.9508333
428,Celenski,celenski,hamlet,27.0091667,57.4266667
428,Celmene,celmene,hamlet,27.2022222,57.1338889
428,Celmenīki,celmeniki,hamlet,27.1911111,57.1763889
428,Celmi,celmi,hamlet,25.7511582,57.035664
428,Celmi,celmi,hamlet,25.945,57.0425
428,Celminīki,celminiki,hamlet,26.1286111,56.1569445
428,Celmraugciems,celmraugciems,hamlet,23.6380556,56.7711111
428,Celtnieks,celtnieks,hamlet,26.4713889,55.82
428,Celtnieks,celtnieks,hamlet,26.2919445,55.8561111
428,Cempmuiža,cempmuiza,hamlet,25.5441667,57.4966667
428,Cena,cena,village,23.8200546,56.7216725
428,Cenkone,cenkone,hamlet,21.0061111,56.4386111
428,Ceperi,ceperi,hamlet,26.8461111,56.4308333
428,Cepernīki,ceperniki,hamlet,26.825,56.4169444
428,Cepleiši,cepleisi,hamlet,26.735,56.0947222
428,Cepleiši,cepleisi,hamlet,27.4619444,56.5655556
428,Cepleiši,cepleisi,hamlet,27.3391667,56.7002778
428,Cepliši,ceplisi,hamlet,27.9383333,56.0975
428,Ceplīši,ceplisi,hamlet,26.5433333,55.7783333
428,Ceplīši,ceplisi,hamlet,27.2191667,55.8788889
428,Cepurnieki,cepurnieki,hamlet,26.76,56.9561111
428,Cepurnieki,cepurnieki,hamlet,27.0544445,56.9894445
428,Cepurītes,cepurites,hamlet,26.7133333,56.9386111
428,Cepļi,cepli,hamlet,25.7352778,57.0927778
428,Cepļi,cepli,hamlet,26.2366667,57.3547222
428,Cepļuki,cepluki,hamlet,26.5933333,56.1680556
428,Ceraukste,ceraukste,village,24.2894444,56.36
428,Cerkazi,cerkazi,hamlet,26.9560362,57.3579564
428,Cerkovka,cerkovka,hamlet,27.1447222,56.5472222
428,Cesvainieki,cesvainieki,hamlet,26.8119444,56.8311111
428,Cesļava,ceslava,hamlet,27.0166667,56.0319444
428,Ceļa Kurtiši,cela kurtisi,hamlet,26.7280556,56.0405556
428,Ceļa Onckuļi,cela onckuli,hamlet,26.4575,56.3022222
428,Ceļmalas,celmalas,village,26.7938889,57.1691667
428,Ceņki,cenki,hamlet,27.1766667,55.84
428,Cibuliški,cibuliski,hamlet,26.6597222,55.8291667
428,Cibuļi,cibuli,hamlet,28.0688889,56.3958333
428,Cibuļi,cibuli,hamlet,28.0769444,56.4016667
428,Cibuļski,cibulski,hamlet,26.9144444,56.0269444
428,Cibļi,cibli,hamlet,27.0269444,56.2991667
428,Ciecere,ciecere,village,22.0625726,56.6791563
428,Cielavas,cielavas,hamlet,26.9580556,57.5455556
428,Ciematnieki,ciematnieki,hamlet,26.5961111,56.5625
428,Cierpinski,cierpinski,hamlet,27.2725,56.0766667
428,Cierpīne,cierpine,hamlet,27.6189614,57.0075581
428,Ciertums,ciertums,hamlet,27.1466667,56.905
428,Cihani,cihani,hamlet,27.2502778,55.9483333
428,Cildi,cildi,hamlet,21.7099057,56.7670517
428,Cimoškas,cimoskas,hamlet,27.1761111,55.9183333
428,Cimoškas,cimoskas,hamlet,27.1941667,55.9286111
428,Cimpēni,cimpeni,hamlet,25.3044444,57.5113889
428,Cimuški,cimuski,hamlet,26.5808333,56.1769445
428,Cimāles,cimales,hamlet,23.6402778,56.6872222
428,Cinci,cinci,hamlet,26.5338889,57.2525
428,Cirakalns,cirakalns,hamlet,27.1211111,57.4880556
428,Cirmani,cirmani,hamlet,27.4155556,55.8413889
428,Cirnova,cirnova,hamlet,27.7455556,57.2936111
428,Cirsinīki,cirsiniki,hamlet,26.1872222,56.3013889
428,Cirsti,cirsti,hamlet,25.7747222,56.9819444
428,Cirši,cirsi,village,26.7166643,55.9461034
428,Ciskodi,ciskodi,village,27.0513889,56.4505556
428,Ciskova,ciskova,hamlet,27.5280556,56.5433333
428,Ciskāni,ciskani,hamlet,27.1558333,56.5958333
428,Ciskāni,ciskani,hamlet,26.1558333,56.8588889
428,Cisovka,cisovka,hamlet,27.4627778,56.7802778
428,Ciukori,ciukori,hamlet,27.1407029,56.541496
428,Ciukori,ciukori,hamlet,27.3558333,56.6977778
428,Ciukīne,ciukine,hamlet,27.7394561,57.2021339
428,Ciši,cisi,hamlet,26.7586111,56.2886111
428,Ciši,cisi,hamlet,26.7675,56.29
428,Ciši,cisi,hamlet,26.8736111,56.2972222
428,Cucuri,cucuri,hamlet,27.8516667,56.2061111
428,Cucuri,cucuri,hamlet,27.9011111,56.2902778
428,Cukurine,cukurine,hamlet,26.3283333,56.1308333
428,Cāļlauks,callauks,hamlet,22.4311111,56.6819445
428,Cāļu ciems,calu ciems,hamlet,21.5680556,56.3891667
428,Cērteles,certeles,hamlet,26.3061111,57.0161111
428,Cēsītes,cesites,hamlet,25.0177778,56.8119445
428,Cīlauka,cilauka,hamlet,26.4016667,56.3830556
428,Cīmaiņi,cimaini,hamlet,26.7569444,56.335
428,Cīmota,cimota,hamlet,27.095,56.7205556
428,Cīmotas Foļvarka,cimotas folvarka,hamlet,27.0655555,56.7008333
428,Cīrulīši,cirulisi,village,26.5865288,55.851922
428,Cīruļi,ciruli,village,25.5069444,56.2077778
428,Cīruļi,ciruli,village,22.4732132,57.3749854
428,Cīruļkalns,cirulkalns,hamlet,25.2272222,56.3402778
428,Cūkauši,cukausi,hamlet,25.9580556,55.9897222
428,Cūkusala,cukusala,hamlet,27.2644444,57.0325
428,Cūkuļi,cukuli,hamlet,26.1497222,56.4
428,Dabari,dabari,hamlet,26.2708333,56.4444445
428,Dacvari,dacvari,hamlet,26.9761111,57.3308333
428,Dagdas Sloboda,dagdas sloboda,hamlet,27.4730556,56.1188889
428,Dagumnīki,dagumniki,hamlet,26.9619444,56.6455556
428,Dagumnīki,dagumniki,hamlet,27.3441667,56.9091667
428,Dagunova,dagunova,hamlet,27.6138889,57.0780556
428,Dagunova,dagunova,hamlet,27.6188889,57.0877778
428,Dagušova,dagusova,hamlet,27.8352778,56.8286111
428,Daibes,daibes,hamlet,23.0538889,56.9127778
428,Daigone,daigone,hamlet,22.87,57.0433333
428,Dailidova,dailidova,hamlet,27.5384942,55.8143268
428,Dalbe,dalbe,village,23.8818991,56.7418453
428,Dalbes,dalbes,hamlet,25.3711111,56.5358333
428,Dambeiši,dambeisi,hamlet,26.4458333,56.2230556
428,Dambeiši,dambeisi,hamlet,27.3480556,56.9330556
428,Dambergi,dambergi,hamlet,27.5338889,56.9569444
428,Dambi,dambi,hamlet,25.5727778,57.4338889
428,Dambji,dambji,hamlet,24.0762554,56.7992298
428,Dambji,dambji,hamlet,23.6230556,56.81
428,Dambīši,dambisi,hamlet,26.6361111,56.2933333
428,Dambīši,dambisi,hamlet,26.6930556,56.9302778
428,Dampadruva,dampadruva,hamlet,27.3261111,57.2455556
428,Damradi,damradi,village,23.8258739,56.7446021
428,Daniševka,danisevka,hamlet,26.7783333,56.0811111
428,Dankeri,dankeri,hamlet,26.5977778,55.8002778
428,Dankeri,dankeri,hamlet,25.7997222,56.6111111
428,Danski,danski,hamlet,27.5327778,56.5663889
428,Danski,danski,hamlet,27.6530556,56.9
428,Danči,danci,hamlet,27.3727778,56.6608333
428,Dargeļeva,dargeleva,hamlet,27.4888889,55.8586111
428,Darvasbrenči,darvasbrenci,hamlet,25.8852778,56.5588889
428,Darvinieki,darvinieki,hamlet,26.6553341,56.6360088
428,Daudzese,daudzese,village,25.2183489,56.4783491
428,Daudzine,daudzine,hamlet,27.0588958,57.0115917
428,Daudziši,daudzisi,hamlet,27.3369444,55.8655556
428,Daugasne,daugasne,hamlet,26.9772222,57.0208333
428,Daugava,daugava,hamlet,26.4849989,55.8205792
428,Daugavieši,daugaviesi,hamlet,26.8563889,56.225
428,Daugavieši,daugaviesi,hamlet,25.9291667,56.4780556
428,Daugavieši,daugaviesi,hamlet,24.8819444,56.6452778
428,Daugavīši,daugavisi,hamlet,26.7261111,56.2283333
428,Dauguļi,dauguli,hamlet,27.3666667,55.8763889
428,Dauguļi,dauguli,hamlet,27.4938889,56.1894445
428,Dauguļi,dauguli,hamlet,27.9766667,56.42
428,Dauguļova,daugulova,hamlet,28.2136111,56.2658333
428,Dauguņi,dauguni,hamlet,25.7791667,57.0152778
428,Daukste,daukste,hamlet,27.41,56.7486111
428,Daukstes,daukstes,hamlet,26.1735575,56.4025297
428,Daukstes,daukstes,hamlet,27.1622222,56.6288889
428,Daukstes,daukstes,village,26.7658333,57.0744444
428,Daukštāni,daukstani,hamlet,26.4997222,55.7316667
428,Dauškāni,dauskani,hamlet,26.7155556,57.5486111
428,Davidenki,davidenki,hamlet,27.9163889,56.1583333
428,Davidovka,davidovka,hamlet,27.1769444,56.6152778
428,Dača,daca,hamlet,27.5186111,56.5766667
428,Daņilovka,danilovka,hamlet,27.0827483,56.3899274
428,Debesnieki,debesnieki,hamlet,25.9911111,56.1713889
428,Dedeliški,dedeliski,hamlet,26.605,55.6908333
428,Degini,degini,hamlet,27.6177778,56.4647222
428,Degliši,deglisi,hamlet,28.0347222,56.29
428,Degteri,degteri,hamlet,27.9,56.1130556
428,Degteri,degteri,hamlet,27.8733333,56.5616667
428,Degterova,degterova,hamlet,27.8044444,56.6994445
428,Degu muiža,degu muiza,hamlet,23.4475636,56.5405754
428,Degumi,degumi,hamlet,27.2980556,57.4997222
428,Degļi,degli,hamlet,26.6994444,56.4725
428,Degļova,deglova,hamlet,27.8819444,56.6422222
428,Deigļi,deigli,hamlet,26.6369445,56.5436111
428,Deiki-Brenči,deiki-brenci,hamlet,26.8253302,56.1063212
428,Deimaņi,deimani,hamlet,27.2602778,56.3983333
428,Deičmaņi,deicmani,hamlet,27.1638889,56.5272222
428,Dekteri,dekteri,village,27.4602778,56.7430556
428,Dekšņi,deksni,hamlet,27.2691667,57.1611111
428,Dekšņi,deksni,hamlet,26.8683333,55.9975
428,Dekšņi,deksni,hamlet,27.1861111,56.2669445
428,Dekšņi,deksni,hamlet,27.4436111,56.5861111
428,Dekšņi,deksni,hamlet,27.1752778,56.9366667
428,Dekšņi,deksni,hamlet,27.0988889,57.3183333
428,Delles,delles,hamlet,25.9711111,56.6191667
428,Dembovci,dembovci,hamlet,27.3888889,55.9566667
428,Demšas,demsas,hamlet,27.4438889,57.3438889
428,Deneliški,deneliski,hamlet,27.0905556,56.4766667
428,Denisova,denisova,hamlet,27.6722222,55.9838889
428,Derdziņi,derdzini,hamlet,27.2902778,57.2336111
428,Dergači,dergaci,hamlet,27.7169444,56.4736111
428,Dergilova,dergilova,hamlet,27.4186111,56.4388889
428,Derjagina,derjagina,hamlet,28.1613889,56.3694445
428,Dervaniški,dervaniski,hamlet,27.3858333,55.8519445
428,Dervanka,dervanka,hamlet,26.9922222,56.5669445
428,Desetnīki,desetniki,hamlet,26.6016667,56.2775
428,Desetnīki,desetniki,hamlet,27.4438889,56.7294444
428,Devjatņiki,devjatniki,hamlet,27.7247222,56.2255556
428,Deņeva,deneva,hamlet,27.1541667,56.1788889
428,Diedziņš,diedzins,hamlet,25.0569444,56.9216667
428,Demerova,demerova,hamlet,27.6948555,56.9691573
428,Dienīcova,dienicova,hamlet,27.4969444,56.9475
428,Diervani,diervani,hamlet,27.4538889,56.5291667
428,Diervanīne,diervanine,hamlet,27.0191667,56.7327778
428,Diervonīši,diervonisi,hamlet,27.8319444,56.5216667
428,Diervonīši,diervonisi,hamlet,27.6458333,56.6972222
428,Dieviņi,dievini,hamlet,26.0603548,56.5556655
428,Dieļupe,dielupe,hamlet,26.7108333,56.415
428,Dieļusola,dielusola,hamlet,26.3808333,56.2083333
428,Dilbi,dilbi,hamlet,27.3819445,55.9247222
428,Dilmani,dilmani,hamlet,27.4777778,56.125
428,Dilmaņi,dilmani,hamlet,27.0016667,56.4652778
428,Dilāni,dilani,hamlet,27.5863889,56.3866667
428,Dimanti,dimanti,hamlet,26.1894445,56.2305556
428,Dimperi,dimperi,hamlet,26.9458333,56.0611111
428,Dimzukalns,dimzukalns,village,24.2387257,56.6628102
428,Dinaborčiki,dinaborciki,hamlet,27.7405556,56.0422222
428,Dinaburski,dinaburski,hamlet,27.9330556,56.4438889
428,Dinduni,dinduni,hamlet,27.3513889,56.1577778
428,Dinsdurbe,dinsdurbe,hamlet,21.7566667,56.5169444
428,Dirbeļi,dirbeli,hamlet,26.1211111,55.9983333
428,Dirvaniški,dirvaniski,hamlet,26.5241667,55.7908333
428,Dirvoniški,dirvoniski,hamlet,26.8163889,56.1169445
428,Dirši,dirsi,hamlet,27.3291667,56.6130556
428,Diukle,diukle,hamlet,26.4002778,56.2633333
428,Diuksts,diuksts,hamlet,27.5411111,56.8308333
428,Diukši,diuksi,hamlet,27.86,56.3819445
428,Diunokļi,diunokli,hamlet,27.7236111,56.5669444
428,Divezeri,divezeri,village,24.3610752,57.13751
428,Diļeviči,dilevici,village,26.7931866,55.9169216
428,Diņģeļkalns,dingelkalns,hamlet,26.0819445,56.0683333
428,Dižilmāja,dizilmaja,hamlet,21.5338889,56.5919444
428,Dižmežciems,dizmezciems,hamlet,22.6538889,57.4980556
428,Dižstende,dizstende,village,22.5522222,57.1911111
428,Dižstroķi,dizstroki,hamlet,21.5636111,56.6305556
428,Dižsēņi,dizseni,hamlet,22.8577269,57.2159457
428,Djogi,djogi,village,27.3319553,56.5790014
428,Dobenieki,dobenieki,hamlet,27.1313889,57.0738889
428,Dobenieki,dobenieki,hamlet,27.1402778,57.0813889
428,Dobeļi,dobeli,hamlet,23.6427778,56.7072222
428,Dobročina,dobrocina,hamlet,27.7247222,56.1369444
428,Dobupe,dobupe,hamlet,26.2063889,56.5944445
428,Doktas,doktas,hamlet,27.4415589,57.4101268
428,Dokti,dokti,hamlet,27.7091667,56.9602778
428,Doles,doles,hamlet,25.4725,57.9330556
428,Dolesmuiža,dolesmuiza,hamlet,24.2316667,56.8497222
428,Dolgais Bors,dolgais bors,hamlet,26.6022222,56.1955556
428,Dolgije,dolgije,hamlet,28.1919444,56.3072222
428,Dolgošeji,dolgoseji,hamlet,27.9923115,56.5804653
428,Dolomīts,dolomits,village,25.78,56.435
428,Domariški,domariski,hamlet,27.5269445,56.2358333
428,Dombrova,dombrova,hamlet,27.2241667,55.9847222
428,Dominieki,dominieki,hamlet,25.8769444,56.1602778
428,Domnopole,domnopole,hamlet,27.5794444,55.8258333
428,Domopole,domopole,hamlet,27.0802554,56.8597206
428,Dongi,dongi,hamlet,27.8988889,56.3133333
428,Doronkas,doronkas,hamlet,26.2280556,56.2619444
428,Dorotpole,dorotpole,hamlet,27.4394444,55.8897222
428,Dorotpole,dorotpole,hamlet,27.2627778,56.2347222
428,Doroškeviči,doroskevici,hamlet,27.5263889,56.4555556
428,Dorupe,dorupe,hamlet,21.0955556,56.4458333
428,Dorvas Cepļi,dorvas cepli,hamlet,26.2761111,56.4388889
428,Dostas,dostas,hamlet,26.9952778,57.3244444
428,Dovole,dovole,hamlet,26.6769444,56.2297222
428,Doļnaja,dolnaja,village,26.3005555,56.0088889
428,Doļnejaši,dolnejasi,hamlet,26.7291667,56.1577778
428,Doņikova,donikova,hamlet,27.8963889,56.7475
428,Drabeši,drabesi,village,25.2824059,57.2425399
428,Drabāki,drabaki,hamlet,26.9636111,56.6972222
428,Drandi,drandi,hamlet,25.7077162,57.446588
428,Draudavas,draudavas,hamlet,25.6441667,56.6544445
428,Dravnieki,dravnieki,hamlet,23.8577778,56.6216667
428,Dravnieki,dravnieki,hamlet,26.3308333,57.1055556
428,Dravnieks,dravnieks,hamlet,26.4513889,56.9616667
428,Drebeji,drebeji,hamlet,27.2566667,56.6391667
428,Drebejnīki,drebejniki,hamlet,27.2927778,56.6433333
428,Drebēji,drebeji,hamlet,27.0905556,57.0325
428,Dreijerovka,dreijerovka,hamlet,27.3057303,56.5248594
428,Dreiliņi,dreilini,village,24.2489865,56.9339942
428,Dreimanova,dreimanova,hamlet,27.1063889,56.9738889
428,Dreimaņciems,dreimanciems,village,22.5202335,57.0301913
428,Dreimaņi,dreimani,hamlet,26.0311111,56.4647222
428,Dreimaņi,dreimani,hamlet,27.2869444,56.6494445
428,Dreiski,dreiski,hamlet,26.4,56.1438889
428,Dreizi,dreizi,hamlet,27.3894445,56.5091667
428,Dricmuiža,dricmuiza,hamlet,27.2336111,55.9722222
428,Drieliņi,drielini,hamlet,24.67,57.6711111
428,Drieģi,driegi,hamlet,27.3563889,56.0825
428,Drikaškas,drikaskas,hamlet,27.3491667,56.7052778
428,Drikaški,drikaski,hamlet,27.7541667,56.8241667
428,Driksniški,driksniski,hamlet,26.4083333,55.8711111
428,Drinkas,drinkas,hamlet,27.3008333,56.6477778
428,Drivinieki,drivinieki,hamlet,26.4063889,56.5930556
428,Drobas,drobas,hamlet,27.1119444,56.7566667
428,Drongāni,drongani,hamlet,27.3125,56.0394445
428,Dronku sala,dronku sala,hamlet,26.0733333,56.1355556
428,Dronkusola,dronkusola,hamlet,26.2566667,56.0258333
428,Drozdovka,drozdovka,hamlet,27.7030556,56.2438889
428,Drudži,drudzi,hamlet,27.2288889,56.9180556
428,Druskas,druskas,hamlet,26.9066667,57.5919445
428,Drustāni,drustani,hamlet,26.0119444,56.29
428,Druva,druva,village,22.4536111,56.6952778
428,Druvas,druvas,hamlet,26.3897222,56.3605556
428,Druvenieki,druvenieki,hamlet,26.8385126,56.8182141
428,Druvenīki,druveniki,hamlet,27.2172222,57.1541667
428,Druviņas,druvinas,hamlet,24.7188889,56.7572222
428,Druķi,druki,hamlet,25.9436111,56.52
428,Druķu Vecumi,druku vecumi,hamlet,26.1916667,56.5086111
428,Drēņi,dreni,hamlet,26.2061111,56.3727778
428,Dubenca,dubenca,hamlet,26.5236111,56.1886111
428,Dubeņmuiža,dubenmuiza,hamlet,21.4527778,56.7
428,Dubina,dubina,hamlet,27.0666667,56.2966667
428,Dubinova,dubinova,hamlet,27.5386111,56.5169445
428,Dubinova,dubinova,hamlet,27.5913889,56.6777778
428,Dublinīki,dubliniki,hamlet,26.8138889,56.2111111
428,Dubnas viensētas,dubnas viensetas,hamlet,26.1780556,56.3719445
428,Duboviki,duboviki,hamlet,27.9969444,56.19
428,Duboviki,duboviki,hamlet,28.1341667,56.3225
428,Dubovka,dubovka,hamlet,26.5755555,55.8455556
428,Dubovka,dubovka,hamlet,26.7008333,56.3638889
428,Dubovka,dubovka,hamlet,26.5655556,56.3713889
428,Dubrovka,dubrovka,hamlet,27.4219444,55.9322222
428,Dubrovka,dubrovka,hamlet,27.3247222,56.6244444
428,Dubrovka,dubrovka,hamlet,27.9144444,56.6661111
428,Dubudeksnis,dubudeksnis,hamlet,27.4652778,57.2452778
428,Dubulti,dubulti,village,25.7692896,56.3092822
428,Dubuļi,dubuli,hamlet,27.2444445,56.1475
428,Dubļava,dublava,hamlet,27.3377778,57.1161111
428,Dubļinīki,dubliniki,hamlet,26.5016024,56.0026534
428,Dubļova,dublova,hamlet,27.6488889,57.0133333
428,Dubņagi,dubnagi,hamlet,27.2691667,56.0883333
428,Dudari,dudari,hamlet,27.0880556,56.1930556
428,Dudiškas,dudiskas,hamlet,26.9644444,56.0752778
428,Dudursala,dudursala,hamlet,26.24,56.5638889
428,Dukaļski,dukalski,hamlet,26.2127778,56.0872222
428,Duklāvi,duklavi,hamlet,24.8422222,56.7575
428,Dukurīši,dukurisi,hamlet,26.3577778,56.1608333
428,Dukuļi,dukuli,hamlet,27.4647222,56.2133333
428,Dukuļi,dukuli,hamlet,26.0609007,57.1488191
428,Dukuļi,dukuli,hamlet,26.1438889,57.2083333
428,Dukuļi,dukuli,hamlet,25.3986111,57.3641667
428,Dukuļova,dukulova,hamlet,27.4919444,57.0402778
428,Dumbrova,dumbrova,hamlet,26.8486111,56.3513889
428,Dumpiete,dumpiete,hamlet,23.0058333,57.1647222
428,Dunalkas skola,dunalkas skola,hamlet,21.3180555,56.7022222
428,Dunci,dunci,hamlet,27.5783333,55.9275
428,Dunciški,dunciski,hamlet,26.5316667,56.1452778
428,Dunciški,dunciski,hamlet,26.8175,56.3475
428,Dundas,dundas,hamlet,27.1425,56.5922222
428,Dundinīki,dundiniki,hamlet,27.1544444,56.8611111
428,Dunduri,dunduri,hamlet,28.0097222,56.2088889
428,Dunduri,dunduri,hamlet,27.5608333,56.6416667
428,Dunika,dunika,village,21.3351639,56.2879504
428,Dunski,dunski,hamlet,27.0533333,55.9222222
428,Dunski,dunski,village,26.7609091,55.9365304
428,Dunski,dunski,hamlet,27.1363889,56.1861111
428,Duntes skola,duntes skola,hamlet,24.4287077,57.4392937
428,Dupurova,dupurova,hamlet,27.5827844,56.9012917
428,Dupāni,dupani,hamlet,27.1907223,56.3551231
428,Dupļi,dupli,hamlet,21.4238889,56.6427778
428,Dursupe,dursupe,village,22.876001,57.1906187
428,Dutka,dutka,hamlet,25.6801963,57.5054867
428,Duļbova,dulbova,hamlet,27.665,56.9833333
428,Dvarči,dvarci,hamlet,27.4209371,56.2895453
428,Dvorišče,dvorisce,hamlet,27.7116667,56.2688889
428,Dvorupe,dvorupe,hamlet,27.24,57.2313889
428,Dvorčani,dvorcani,hamlet,27.5608333,55.7880556
428,Dviete,dviete,village,26.2902778,56.0561111
428,Dzalbi,dzalbi,hamlet,27.2344444,56.02
428,Dzalbi,dzalbi,hamlet,27.2405556,56.0255556
428,Dzalbi,dzalbi,hamlet,26.8169444,56.1888889
428,Dzalbi,dzalbi,hamlet,26.2558333,56.3902778
428,Dzalzava,dzalzava,hamlet,26.6080556,56.4011111
428,Dzedri,dzedri,village,23.0280556,57.2480556
428,Dzegūzes,dzeguzes,hamlet,23.3461111,56.9383333
428,Dzelzavas stacija,dzelzavas stacija,hamlet,26.4288889,56.9902778
428,Dzelzupe,dzelzupe,hamlet,26.9075,57.0363889
428,Dzelzāmurs,dzelzamurs,village,24.3511111,56.6616667
428,Dzementova,dzementova,hamlet,27.1597222,56.3063889
428,Dzeniški,dzeniski,hamlet,27.1063889,56.3091667
428,Dzerbaki,dzerbaki,hamlet,26.7170022,55.9978881
428,Dzervaniški,dzervaniski,hamlet,26.6997222,56.2758333
428,Dzervanki,dzervanki,hamlet,26.9902778,56.1555556
428,Dzeņagols,dzenagols,hamlet,27.7316667,56.2455556
428,Dzeņagols,dzenagols,hamlet,27.2297222,56.6441667
428,Dzeņalauzs,dzenalauzs,hamlet,27.2461111,57.0638889
428,Dzeņi,dzeni,hamlet,26.4633333,56.215
428,Dzeņi,dzeni,hamlet,26.77,56.2711111
428,Dzeņi,dzeni,village,26.6380556,56.2863889
428,Dzeņi,dzeni,hamlet,27.1547222,56.3916667
428,Dzeņi,dzeni,hamlet,27.1911111,56.4086111
428,Dzeņi,dzeni,hamlet,25.8008333,56.5352778
428,Dzeņi,dzeni,hamlet,27.0872222,57.0177778
428,Dzeņi,dzeni,hamlet,26.1441667,57.0225
428,Dzeņkolns,dzenkolns,hamlet,26.7425,56.2397222
428,Dzeņumuiža,dzenumuiza,hamlet,26.1247222,57.0366667
428,Dzierkaļi,dzierkali,hamlet,27.6702778,56.2711111
428,Dzierkaļi,dzierkali,hamlet,27.1519444,56.4919444
428,Dzierkaļi,dzierkali,hamlet,27.5816667,56.5405556
428,Dzierkaļova,dzierkalova,hamlet,27.6172222,56.7658333
428,Dziervīne,dziervine,hamlet,27.6402778,56.8752778
428,Dziesnieki,dziesnieki,hamlet,27.2113513,56.9871521
428,Dzilnas,dzilnas,hamlet,26.5127778,55.8047222
428,Dzintari,dzintari,village,24.3585565,56.8298641
428,Dzintari,dzintari,hamlet,25.0438889,57.8405556
428,Dzintars,dzintars,village,22.9094444,57.0636111
428,Dzipšļi,dzipsli,hamlet,26.9838889,56.6352778
428,Dziras,dziras,hamlet,22.0377778,56.46
428,Dzirkaļi,dzirkali,hamlet,26.0291667,56.5163889
428,Dzirkaļi,dzirkali,hamlet,21.6416667,56.6877778
428,Dzirkaļi,dzirkali,hamlet,25.6324646,57.4598252
428,Dzirkstiņi,dzirkstini,hamlet,25.9586111,57.1091667
428,Dzirnavas,dzirnavas,hamlet,26.465,57.1577778
428,Dzirnieki,dzirnieki,village,23.8746555,56.5630027
428,Dzirvani,dzirvani,hamlet,27.3658333,56.0975
428,Dzirvaniškas,dzirvaniskas,hamlet,26.7175,56.0380556
428,Dzirvaniškas,dzirvaniskas,hamlet,26.6147222,56.2155556
428,Dzirvaniški,dzirvaniski,hamlet,27.5938889,56.035
428,Dzirvaniški,dzirvaniski,hamlet,26.8919444,56.1411111
428,Dziļori,dzilori,hamlet,27.1066667,56.7230556
428,Dzjorgova,dzjorgova,hamlet,27.5675,57.0716667
428,Dzērbene,dzerbene,village,25.6763026,57.1915932
428,Dzērvenieki,dzervenieki,village,21.4488889,56.7502778
428,Dzērves skola,dzerves skola,hamlet,21.4046299,56.7503528
428,Dzērves,dzerves,hamlet,27.6038889,56.6333333
428,Dzērves,dzerves,village,23.9479958,56.9405059
428,Dzērvēni,dzerveni,hamlet,25.7513889,57.0297222
428,Dāma,dama,village,21.6808333,56.3647222
428,Dārte,darte,hamlet,22.7921024,57.3485472
428,Dārtiņa,dartina,hamlet,26.3163889,57.1458333
428,Dārtsmuiža,dartsmuiza,hamlet,23.0386111,56.8622222
428,Dārzciems,darzciems,hamlet,23.5912842,56.8019675
428,Dārzciems,darzciems,village,22.655,57.1419445
428,Dārzciems,darzciems,hamlet,26.4427778,57.4825
428,Dārzciems,darzciems,hamlet,24.7391667,57.5288889
428,Dārziņi,darzini,hamlet,26.2902778,55.8291667
428,Dēgļi,degli,hamlet,26.3408333,56.7061111
428,Dēsele,desele,hamlet,21.9161111,56.4902778
428,Dītlovi,ditlovi,hamlet,27.3183333,56.225
428,Dīvažeikari,divazeikari,hamlet,27.4136111,56.9055556
428,Dīķeri,dikeri,hamlet,25.3408333,57.9541667
428,Dīķi,diki,village,25.2694444,56.5705556
428,Dīķīši,dikisi,hamlet,25.6117858,56.5968571
428,Dūberiucis,duberiucis,hamlet,27.3586111,57.0244444
428,Dūkstupi,dukstupi,hamlet,26.3666667,56.7033333
428,Dūleņas,dulenas,hamlet,27.1813889,56.7661111
428,Dūmciems,dumciems,village,22.5212474,57.4094841
428,Dūre,dure,hamlet,26.5511111,57.3283333
428,Dūrupe,durupe,hamlet,27.1283333,57.0819444
428,Dūķeri,dukeri,hamlet,25.3038889,57.5472222
428,Dūķernieki,dukernieki,hamlet,25.8033333,56.56
428,Dūķi,duki,hamlet,25.9463889,57.2169445
428,Džūkstesmuiža,dzukstesmuiza,hamlet,23.2544444,56.7930556
428,Eglaine,eglaine,village,26.1233239,55.9503998
428,Eglīši,eglisi,hamlet,27.2836111,56.8788889
428,Egļi,egli,hamlet,27.9016667,56.4858333
428,Egļova,eglova,hamlet,27.5094444,57.04
428,Egļova,eglova,hamlet,27.5625,57.1727778
428,Egļuciems,egluciems,village,23.8670861,56.9633716
428,Egļukolns,eglukolns,hamlet,27.3442516,57.1668793
428,Egļupe,eglupe,hamlet,26.4047222,56.2808333
428,Egļusala,eglusala,hamlet,27.1536111,56.9822222
428,Egļusala,eglusala,hamlet,27.1202778,56.9947222
428,Eicēni,eiceni,hamlet,25.3886111,57.275
428,Eiduki,eiduki,hamlet,26.3802778,56.6
428,Eikava,eikava,hamlet,26.0086111,56.3022222
428,Eisaki,eisaki,hamlet,27.3991667,56.0627778
428,Eisaki,eisaki,hamlet,27.6747222,56.2277778
428,Eisaki,eisaki,hamlet,27.66,56.26
428,Eisāgi,eisagi,hamlet,26.8962254,56.2750303
428,Eižvertiņi,eizvertini,hamlet,27.1552778,56.0475
428,Elektrons,elektrons,hamlet,26.3122222,55.8711111
428,Eleonorvile,eleonorvile,hamlet,26.5102778,56.3988889
428,Elizavetpole,elizavetpole,hamlet,26.6275,56.4480556
428,Eliši,elisi,hamlet,27.0994444,55.9897222
428,Elkšņi,elksni,hamlet,26.7097222,55.8844445
428,Elkšņi,elksni,hamlet,26.3244444,55.9130556
428,Elkšņi,elksni,village,25.5794444,56.2152778
428,Elnēni,elneni,hamlet,25.8072222,56.1188889
428,Elstes,elstes,hamlet,26.6963889,57.1063889
428,Elstes,elstes,hamlet,26.3252778,57.2330556
428,Elsīte,elsite,hamlet,25.7302778,56.15
428,Endzele,endzele,village,25.3677778,57.8580556
428,Endžeļi,endzeli,hamlet,26.3175,56.5316667
428,Enerģētiķis,energetikis,hamlet,24.3355556,56.9152778
428,Enerģētiķis,energetikis,hamlet,25.4814003,57.5460838
428,Eniki,eniki,hamlet,27.7158333,56.4855556
428,Ennēni,enneni,hamlet,25.5669445,57.3475
428,Erieļi,erieli,hamlet,26.8036111,56.5372222
428,Eriki,eriki,hamlet,27.6288889,57.0744444
428,Eriņbirze,erinbirze,hamlet,26.4153207,56.3793101
428,Eriņi,erini,village,25.3602396,57.9035219
428,Ermiķi,ermiki,hamlet,26.8955556,57.3158333
428,Erverti,erverti,hamlet,23.8008333,56.4947222
428,Eržapole,erzapole,hamlet,27.6644444,57.1969445
428,Esmeraldova,esmeraldova,hamlet,27.1591667,57.1563889
428,Essenmuiža,essenmuiza,hamlet,27.6388889,56.1616667
428,Esti,esti,hamlet,27.2236111,56.6977778
428,Evarti,evarti,hamlet,27.3752778,55.9052778
428,Eversmuiža,eversmuiza,hamlet,27.8697222,56.5538889
428,Everti,everti,hamlet,25.0641667,56.7677778
428,Evertova,evertova,hamlet,27.6866667,56.5463889
428,Ezera Ukini,ezera ukini,hamlet,27.0380556,56.1663889
428,Ezerciems,ezerciems,village,22.6324577,57.1215249
428,Ezereņi,ezereni,hamlet,27.3166667,55.9636111
428,Ezeriņi,ezerini,hamlet,26.3041667,55.8691667
428,Ezeriņi,ezerini,hamlet,23.1616667,56.4713889
428,Ezerkauķi,ezerkauki,hamlet,23.1361111,56.9913889
428,Ezerkrasti,ezerkrasti,hamlet,25.7236111,56.6708333
428,Ezerkrogs,ezerkrogs,hamlet,22.6627778,56.4475
428,Ezermuiža,ezermuiza,hamlet,26.1455556,56.4377778
428,Ezermuiža,ezermuiza,hamlet,23.1248349,57.1708973
428,Ezerne,ezerne,hamlet,26.7305556,55.7630556
428,Ezernieki,ezernieki,hamlet,26.9283957,56.2441582
428,Ezernīki,ezerniki,hamlet,26.745,56.3741667
428,Ezernīki,ezerniki,hamlet,27.7555555,56.4752778
428,Ezernīki,ezerniki,hamlet,27.625,56.6797222
428,Ezerova,ezerova,hamlet,27.6338889,56.9213889
428,Ezerpodnieki,ezerpodnieki,hamlet,26.34,56.5722222
428,Ezersala,ezersala,hamlet,27.7930556,56.5666667
428,Ezerslokas,ezerslokas,hamlet,26.7102778,57.4022222
428,Ezerstaleidzāni,ezerstaleidzani,hamlet,26.3777778,56.5783333
428,Ezerķiķaukas,ezerkikaukas,hamlet,26.0811111,56.4675
428,Ezēni,ezeni,hamlet,26.0736111,56.5858333
428,Ezīšava,ezisava,hamlet,27.2183997,57.4793326
428,Eķengrāve,ekengrave,hamlet,25.5202778,56.3358333
428,Eļkšņi,elksni,hamlet,27.1691667,56.6602778
428,Eļkšņi,elksni,hamlet,27.4075,56.6875
428,Eļkšņova,elksnova,hamlet,27.3227778,57.1455556
428,Eļstes,elstes,hamlet,27.4794445,56.7952778
428,Eņģeļciems,engelciems,hamlet,22.626402,57.1494891
428,Eņģeļi,engeli,hamlet,26.3644444,56.4161111
428,Ežupalte,ezupalte,hamlet,27.4072222,57.4975
428,Ežusola,ezusola,hamlet,27.2091667,57.1688889
428,Fabrika,fabrika,hamlet,27.2286111,57.1613889
428,Fabriki,fabriki,hamlet,27.6313889,57.0866667
428,Faļtopi,faltopi,hamlet,26.9477778,55.8591667
428,Fedorenki,fedorenki,hamlet,27.9075,56.4527778
428,Fedorki,fedorki,hamlet,27.6836111,56.4247222
428,Fedorki,fedorki,hamlet,28.1369444,56.4672222
428,Fedčenki,fedcenki,hamlet,27.69,56.6616667
428,Fekļistovka,feklistovka,hamlet,26.9916667,56.3936111
428,Feldhofa,feldhofa,hamlet,26.7702778,56.1697222
428,Felicianova,felicianova,hamlet,27.3355556,55.9272222
428,Ferma,ferma,hamlet,27.6,56.0136111
428,Figurka,figurka,hamlet,27.9925,56.315
428,Filantmuiža,filantmuiza,hamlet,27.8094444,56.3827778
428,Fintmuiža,fintmuiza,hamlet,26.9222222,56.1222222
428,Firsovas,firsovas,hamlet,26.8991667,56.2297222
428,Fiļipovci,filipovci,hamlet,27.4419444,55.8475
428,Fiļki,filki,hamlet,27.9019444,56.2291667
428,Fiļkina,filkina,hamlet,27.2422222,56.5816667
428,Fjuki,fjuki,hamlet,27.4633333,57.5077778
428,Fomkini,fomkini,hamlet,27.565,56.3708333
428,Forsteja,forsteja,hamlet,27.1591667,57.0252778
428,Foļvarka,folvarka,hamlet,26.9936111,56.0344444
428,Foļvarka,folvarka,hamlet,27.1538889,56.1288889
428,Foļvarka,folvarka,hamlet,27.4686111,56.1861111
428,Foļvarkova,folvarkova,hamlet,27.4852778,56.3583333
428,Foļvaroka,folvaroka,hamlet,27.6130556,55.9952778
428,Franapole,franapole,hamlet,27.8038889,56.5658333
428,Franciskopole,franciskopole,hamlet,27.5063889,57.3413889
428,Franči,franci,hamlet,22.2398749,56.502165
428,Frački,fracki,hamlet,27.92,56.2183333
428,Fricevka,fricevka,hamlet,27.4425,57.0491667
428,Fridrihsgofa,fridrihsgofa,hamlet,26.54,56.3216667
428,Fridriķmuiža,fridrikmuiza,hamlet,22.8947222,57.2283333
428,Froli,froli,hamlet,27.2061111,56.0880556
428,Froli,froli,hamlet,27.5077778,56.1491667
428,Frolovka,frolovka,hamlet,26.9744444,56.5644445
428,Frunciškas,frunciskas,hamlet,26.8405556,56.2113889
428,Gabačova,gabacova,hamlet,27.5422222,57.0733333
428,Gabinova,gabinova,hamlet,27.3386111,56.5697222
428,Gabri,gabri,hamlet,27.4108333,56.7561111
428,Gabrāni,gabrani,hamlet,27.2161111,56.8255556
428,Gadzāni,gadzani,hamlet,26.4944444,56.1919445
428,Gadžiunes,gadziunes,hamlet,27.6725,56.7261111
428,Gaidupes,gaidupes,hamlet,25.5136111,56.7244445
428,Gaiduļi,gaiduli,hamlet,27.305,56.4355466
428,Gaigalieši,gaigaliesi,hamlet,26.6467321,56.810196
428,Gaigalova,gaigalova,hamlet,26.3869444,56.3483333
428,Gaileiši,gaileisi,hamlet,26.9708333,56.2641667
428,Gaileiši,gaileisi,hamlet,27.3005556,56.9511111
428,Gaileiši,gaileisi,hamlet,27.3019444,56.96
428,Gaileiši,gaileisi,hamlet,27.2622222,56.9655556
428,Gailiši,gailisi,hamlet,27.7852778,56.4475
428,Gailiški,gailiski,hamlet,27.16,56.0647222
428,Gailova,gailova,hamlet,27.4516667,57.2066667
428,Gailova,gailova,hamlet,27.4608333,57.2122222
428,Gailīšciems,gailisciems,village,22.690133,57.1490647
428,Gaisma,gaisma,village,24.5569444,56.4933333
428,Gaiļakalns,gailakalns,hamlet,27.0963889,57.0158333
428,Gaiļi,gaili,hamlet,23.1269444,56.9447222
428,Gaiļi,gaili,hamlet,27.3791667,57.1619444
428,Gaiņi,gaini,hamlet,26.2372222,56.4366667
428,Gajavā Cegeļņa,gajava cegelna,hamlet,26.4877778,56.0188889
428,Gajeva,gajeva,hamlet,27.4097222,56.5241667
428,Gajova,gajova,hamlet,27.5119444,56.1644445
428,Gajova,gajova,hamlet,27.6833333,56.3547222
428,Gajova,gajova,hamlet,27.7897222,56.3641667
428,Gajova,gajova,hamlet,27.4177778,56.5311111
428,Gajs,gajs,hamlet,26.8036111,56.0991667
428,Galciems,galciems,hamlet,22.9425,56.9963889
428,Galdišova,galdisova,hamlet,27.5936111,56.5372222
428,Galdnieki,galdnieki,hamlet,26.4763889,55.8352778
428,Galenieki,galenieki,hamlet,23.2527778,56.6447222
428,Galgauskas muiža,galgauskas muiza,hamlet,26.5616667,57.19
428,Galiņi,galini,village,24.0010702,56.7401506
428,Galtene,galtene,hamlet,22.8540873,57.1598795
428,Galvāni,galvani,hamlet,26.85,56.0438889
428,Galvāni,galvani,hamlet,26.1330556,56.4808333
428,Galzemji,galzemji,hamlet,23.9552778,56.4375
428,Galāti,galati,hamlet,22.8447222,56.4258333
428,Gambija,gambija,hamlet,22.4479868,57.3228402
428,Gandiški,gandiski,hamlet,26.7258333,55.7286111
428,Ganukrogs,ganukrogs,hamlet,25.7794444,56.5788889
428,Ganusova,ganusova,hamlet,27.5141667,55.8147222
428,Gančauski,gancauski,hamlet,26.3758333,56.0544445
428,Garanu Škauna,garanu skauna,hamlet,28.0786111,56.2586111
428,Garanči,garanci,hamlet,27.2088889,56.5308333
428,Garanči,garanci,hamlet,26.7883333,56.6494444
428,Garanči,garanci,hamlet,27.0219445,56.6872222
428,Garasimi,garasimi,hamlet,27.1019444,57.4027778
428,Garaudži,garaudzi,hamlet,27.6525,56.2088889
428,Garauši,garausi,hamlet,23.1369444,56.9108333
428,Garaņi,garani,hamlet,28.1533333,56.2386111
428,Garbari,garbari,hamlet,27.9386111,56.4583333
428,Garbari,garbari,hamlet,27.6802778,56.5363889
428,Gardeliški,gardeliski,hamlet,26.6127778,55.8030556
428,Gardene,gardene,village,23.2166093,56.6479153
428,Gardrivīši,gardrivisi,hamlet,26.4955556,56.4363889
428,Garjuri,garjuri,hamlet,27.1644444,57.4416667
428,Garkalne,garkalne,hamlet,25.3633333,57.34
428,Garozas stacija,garozas stacija,hamlet,23.9488889,56.6477778
428,Garozas,garozas,hamlet,22.3147222,56.4316667
428,Garoži,garozi,hamlet,26.9808333,57.5255556
428,Garstierdele,garstierdele,hamlet,27.4286111,57.1436111
428,Garstierdele,garstierdele,hamlet,27.4319444,57.16
428,Garuša,garusa,hamlet,26.9780556,56.4636111
428,Garvacainīki,garvacainiki,hamlet,26.8225,56.645
428,Garā sola,gara sola,hamlet,26.5952778,56.4194444
428,Garīkolni,garikolni,hamlet,27.1291667,56.3266667
428,Garīsili,garisili,hamlet,27.2284781,56.9285906
428,Garšāni,garsani,hamlet,26.8963889,56.0188889
428,Garšāni,garsani,hamlet,26.8955555,56.2991667
428,Gaspari,gaspari,hamlet,27.3127778,55.825
428,Gasuļi,gasuli,hamlet,27.1311111,56.4547222
428,Gatarta,gatarta,hamlet,25.8980556,57.2147222
428,Gateņi,gateni,hamlet,26.5472222,55.7063889
428,Gaugariški,gaugariski,hamlet,27.4108333,55.975
428,Gauja,gauja,village,24.2939264,57.1442614
428,Gaujasrēveļi,gaujasreveli,village,26.135,57.2219444
428,Gaujmala,gaujmala,hamlet,25.3955556,57.4908333
428,Gauriņi,gaurini,hamlet,23.4583333,56.4813889
428,Gavari,gavari,hamlet,26.4963889,56.2180556
428,Gavari,gavari,hamlet,26.7138889,56.2416667
428,Gavariškas,gavariskas,hamlet,26.6322222,56.2019444
428,Gavarčiki,gavarciki,hamlet,26.6791667,56.2644444
428,Gaveitiški,gaveitiski,hamlet,26.8494444,55.7883333
428,Gaviezes stacija,gaviezes stacija,hamlet,21.2645567,56.4663391
428,Gaviļnieki,gavilnieki,village,22.3425355,57.1915992
428,Gavēniški,gaveniski,hamlet,25.9686111,56.0030556
428,Gačevski,gacevski,hamlet,26.5966667,56.3441667
428,Gaļdeņi,galdeni,hamlet,27.3741667,56.3041667
428,Geidāni,geidani,hamlet,27.5275,55.8822222
428,Geikina,geikina,hamlet,27.4086111,56.4791667
428,Geiņova,geinova,hamlet,27.7190659,57.1997519
428,Gekeļi,gekeli,hamlet,26.2094444,55.9683333
428,Gelutjova,gelutjova,hamlet,27.4838889,55.9894445
428,Georgijeva,georgijeva,hamlet,27.2829377,57.2126865
428,Gerardova,gerardova,hamlet,27.5108333,56.4405556
428,Geraņimova,geranimova,hamlet,27.1322222,56.1591667
428,Gercāni,gercani,hamlet,26.2224599,56.3774817
428,Gereniškas,gereniskas,hamlet,27.8002778,56.0488889
428,Geriņi,gerini,hamlet,27.1727778,55.9438889
428,Germi,germi,hamlet,27.7997222,56.3691667
428,Geļenova,gelenova,hamlet,26.9225,56.2138889
428,Ginovka,ginovka,hamlet,26.2708333,55.9133333
428,Gintauti,gintauti,hamlet,27.2311111,55.9063889
428,Giužas,giuzas,hamlet,26.635,56.0661111
428,Giņeviči,ginevici,hamlet,27.3713889,56.3241667
428,Giži,gizi,hamlet,26.625,56.4372222
428,Glaudāni,glaudani,hamlet,27.04,55.905
428,Glaudāni,glaudani,hamlet,26.335,56.0569445
428,Glazunova,glazunova,hamlet,27.7525,57.2619444
428,Glazunova,glazunova,hamlet,27.7261111,57.2655556
428,Gleizdi,gleizdi,hamlet,27.3938889,56.6797222
428,Gleizdiniški,gleizdiniski,hamlet,26.6558333,56.1194445
428,Gleizdova,gleizdova,hamlet,27.32,56.7455556
428,Glāznieki,glaznieki,hamlet,25.8125,56.6091667
428,Glāznieksala,glaznieksala,hamlet,25.8260295,56.6080288
428,Gnilki,gnilki,hamlet,27.6963889,56.9861111
428,Gobas,gobas,hamlet,27.0369444,57.4408333
428,Gobiņas,gobinas,hamlet,26.2622222,56.5341667
428,Gola Čakši,gola caksi,hamlet,27.355,56.6191667
428,Goldadiervīši,goldadiervisi,hamlet,27.5144444,56.7366667
428,Goliševa,goliseva,hamlet,27.3088889,56.6038889
428,Golišovka,golisovka,hamlet,27.5658333,56.2786111
428,Golovanovka,golovanovka,hamlet,27.4036111,56.1508333
428,Golovkina,golovkina,hamlet,27.4119862,57.4924106
428,Golubi,golubi,hamlet,26.8647222,56.3455556
428,Golvari,golvari,hamlet,27.2418875,56.8634723
428,Gorbači,gorbaci,hamlet,28.1552778,56.2636111
428,Gorbačova,gorbacova,hamlet,27.5922222,55.7883333
428,Gorbačovka,gorbacovka,hamlet,26.9258333,55.9511111
428,Gorbačovka,gorbacovka,hamlet,27.0658333,56.3441667
428,Gorbunovka,gorbunovka,hamlet,26.2744445,55.9208333
428,Goreites,goreites,hamlet,27.5180556,56.6958333
428,Gorelovka,gorelovka,hamlet,27.4191667,56.2372222
428,Gorki,gorki,hamlet,27.6183333,55.9905556
428,Gorliškas,gorliskas,hamlet,26.7455556,56.2
428,Gornasti,gornasti,hamlet,27.5852778,57.3622222
428,Gornie,gornie,hamlet,27.7288889,56.6705556
428,Gorodišče,gorodisce,hamlet,27.535,55.8977778
428,Gorodoks,gorodoks,hamlet,27.7275,56.2797222
428,Gorovatki,gorovatki,hamlet,26.7216667,55.8544444
428,Gorsani,gorsani,hamlet,27.4465948,56.6859334
428,Goruškas,goruskas,hamlet,27.2366667,56.6288889
428,Goršāni,gorsani,hamlet,27.7189645,57.174532
428,Gospori,gospori,hamlet,26.2412784,56.2176025
428,Gostiuns,gostiuns,hamlet,27.5869444,56.2302778
428,Gotlupi,gotlupi,hamlet,26.8358333,57.3430556
428,Goļanti,golanti,hamlet,27.5122222,56.3933333
428,Grabežiški,grabeziski,hamlet,27.3502778,55.9105556
428,Grabežova,grabezova,hamlet,27.7702778,56.6836111
428,Grabova,grabova,hamlet,27.4288889,56.1783333
428,Grabovščizna,grabovscizna,hamlet,27.1486111,56.0641667
428,Graizgališki,graizgaliski,hamlet,26.4344444,56.1105556
428,Graiži,graizi,hamlet,26.8791667,56.0694445
428,Grancova,grancova,hamlet,26.6063889,56.0897222
428,Grandāni,grandani,hamlet,26.3658333,56.5269445
428,Grases,grases,hamlet,26.4519444,57.0405556
428,Grauzde,grauzde,hamlet,23.3263889,56.7952778
428,Grauzkalni,grauzkalni,hamlet,26.0530556,56.14
428,Grauži,grauzi,hamlet,26.3061111,57.1672222
428,Graužupes,grauzupes,village,24.7677185,56.7246093
428,Gravas,gravas,hamlet,25.9313889,56.5186111
428,Gravas,gravas,village,22.8048628,57.1507666
428,Gravas,gravas,village,24.6401515,57.3272885
428,Gravasmuiža,gravasmuiza,hamlet,25.9136111,57.0202778
428,Graviņas,gravinas,hamlet,26.3697222,56.8394445
428,Gravāni,gravani,hamlet,25.9207721,56.4944844
428,Gravāni,gravani,village,25.8057712,56.4999568
428,Gračuļi,graculi,hamlet,26.9355556,56.2569445
428,Graši,grasi,hamlet,27.5269444,56.3561111
428,Graši,grasi,hamlet,26.2736111,56.9875
428,Grebeiži,grebeizi,hamlet,27.5505556,56.6155556
428,Grebeniški,grebeniski,hamlet,26.8122222,55.8363889
428,Grebieži,grebiezi,hamlet,26.9341667,56.1783333
428,Grebņeva,grebneva,hamlet,27.8144027,56.8585248
428,Grebūtnieki,grebutnieki,hamlet,22.3194444,56.6486111
428,Greideņi,greideni,hamlet,27.8255556,56.3380556
428,Greideņi,greideni,hamlet,27.8266667,56.3383333
428,Greiveri,greiveri,hamlet,25.8091667,57.1027778
428,Greivuļi,greivuli,hamlet,27.2961111,56.5430556
428,Greivuļi,greivuli,hamlet,27.2983333,56.5430556
428,Greiški,greiski,hamlet,27.7886111,56.4402778
428,Grenctāles pienotava,grenctales pienotava,hamlet,24.3183333,56.3202778
428,Grendze,grendze,hamlet,26.3927778,55.7119444
428,Grendze,grendze,hamlet,26.2677778,55.8672222
428,Greči,greci,hamlet,27.9736111,56.4938889
428,Gribažas,gribazas,hamlet,26.4002778,57.0372222
428,Gribažas,gribazas,hamlet,27.070665,57.3269195
428,Gribināni,gribinani,hamlet,26.5708333,56.3883333
428,Gribkova,gribkova,hamlet,27.1013889,56.8522222
428,Gribolva,gribolva,hamlet,26.7697222,56.4997222
428,Gribusti,gribusti,hamlet,26.7186111,56.4186111
428,Gribuļi,gribuli,hamlet,27.2975,55.9361111
428,Gribuļi,gribuli,hamlet,27.1938889,55.9444445
428,Gribuļi,gribuli,hamlet,27.3694444,56.5905556
428,Gribuļi,gribuli,hamlet,27.2013889,56.75
428,Gribuški,gribuski,hamlet,26.7258333,56.2491667
428,Gricgale,gricgale,hamlet,25.1094444,56.2222222
428,Griepciems,griepciems,hamlet,22.6538889,57.0777778
428,Grietēni,grieteni,hamlet,22.4544444,56.5469444
428,Grieze,grieze,hamlet,22.2588889,56.4208333
428,Grigani,grigani,hamlet,24.5341667,56.3113889
428,Grigi,grigi,hamlet,26.5666667,56.4513889
428,Grigodinduni,grigodinduni,hamlet,27.3705556,56.1458333
428,Griguļi,griguli,hamlet,26.9377778,56.1666667
428,Griguļi,griguli,hamlet,27.0263889,57.4666667
428,Grikovka,grikovka,hamlet,27.6872222,56.9538889
428,Grimnauži,grimnauzi,hamlet,26.3797264,57.2420858
428,Grinkova,grinkova,hamlet,27.7702778,56.2927778
428,Grinēni,grineni,hamlet,25.7386111,57.0266667
428,Griudinīši,griudinisi,hamlet,27.5394445,56.7486111
428,Griusteņi,griusteni,hamlet,26.5872222,56.085
428,Grūznis,gruznis,hamlet,27.2863889,56.9838889
428,Griužinīki,griuziniki,hamlet,26.7825,56.5852778
428,Grivka,grivka,hamlet,26.3113889,56.0147222
428,Griķi,griki,village,24.5733333,57.0880556
428,Grišina,grisina,hamlet,28.205,56.2544444
428,Grišāni,grisani,hamlet,27.465,56.1316667
428,Griščati,griscati,hamlet,27.2061111,56.3069444
428,Grižanki,grizanki,hamlet,27.4919444,56.2216667
428,Grociškas,grociskas,hamlet,26.7469444,56.1566667
428,Grodnieki,grodnieki,hamlet,22.4768472,57.4139763
428,Gromalti,gromalti,hamlet,26.2166667,56.5847222
428,Gromiki,gromiki,hamlet,27.6475,55.9819445
428,Gropiņi,gropini,hamlet,25.6844444,57.0069445
428,Grotūzis,grotuzis,village,25.8839676,57.4371563
428,Grotūži,grotuzi,hamlet,25.9527778,57.0794444
428,Groveri,groveri,hamlet,26.1777778,56.3319444
428,Groveriški,groveriski,hamlet,27.2052778,56.4538889
428,Groveriški,groveriski,hamlet,27.0655556,56.4663889
428,Grozas,grozas,hamlet,26.7627778,56.42
428,Grozas,grozas,hamlet,26.675,56.595
428,Grozu Biernāni,grozu biernani,hamlet,26.7325,56.5111111
428,Grudes,grudes,hamlet,27.0025,56.3147222
428,Grugules,grugules,hamlet,26.2575,56.4975
428,Grumertgroveri,grumertgroveri,hamlet,26.2136111,56.2769445
428,Grumuži,grumuzi,hamlet,27.3961111,56.2886111
428,Grumuži,grumuzi,hamlet,27.3161111,56.3066667
428,Grundas,grundas,hamlet,27.2986111,57.3177778
428,Grundzāles muiža,grundzales muiza,hamlet,26.2175,57.4730556
428,Grundāni,grundani,hamlet,27.3261111,55.9716667
428,Gruntsala,gruntsala,hamlet,25.8561111,56.6116667
428,Grustāni,grustani,village,26.7677138,55.9189568
428,Grustāni,grustani,hamlet,26.8444444,56.0894445
428,Grustāniški,grustaniski,hamlet,26.8252778,56.0705556
428,Gruzdeļi,gruzdeli,hamlet,27.0891667,56.4844445
428,Gruzdinauka,gruzdinauka,hamlet,26.6344444,56.2666667
428,Gruzdjanka,gruzdjanka,hamlet,26.6072222,56.3025
428,Gruzdova,gruzdova,hamlet,27.6175,57.2291667
428,Grābste,grabste,hamlet,21.4869444,56.7297222
428,Grāveri,graveri,hamlet,21.6054176,56.9386648
428,Grāveļi,graveli,hamlet,26.6588889,56.5216667
428,Grāvi,gravi,hamlet,26.3841667,57.5083333
428,Grēdas,gredas,hamlet,26.4591667,57.2933333
428,Grēnes,grenes,village,23.942355,56.8113377
428,Grēveles,greveles,hamlet,26.9584901,57.3196716
428,Grīstiņi,gristini,hamlet,27.0663643,57.0357909
428,Grītāni,gritani,hamlet,27.2233333,56.0633333
428,Grīva,griva,hamlet,27.5044445,57.0658333
428,Grīvas,grivas,hamlet,26.52,57.0480556
428,Grīvgols,grivgols,hamlet,27.1844444,57.1294444
428,Grizāni,grizani,hamlet,27.8097222,56.0502778
428,Grīzāni,grizani,hamlet,27.4247222,56.1977778
428,Grūbas,grubas,hamlet,24.6516667,57.3647222
428,Grūslēni,grusleni,hamlet,26.0925,57.0225
428,Grūzīši,gruzisi,hamlet,27.0219445,57.0561111
428,Grūšļi,grusli,hamlet,26.4030556,57.1872222
428,Gubaniški,gubaniski,hamlet,26.7472222,56.1408333
428,Gubeņi,gubeni,hamlet,27.8283333,57.2947222
428,Gubina,gubina,hamlet,28.0730556,56.3477778
428,Gudakovski,gudakovski,hamlet,27.5511111,56.3997222
428,Gudeļi,gudeli,hamlet,27.2816667,56.3722222
428,Gudļeva,gudleva,hamlet,26.8680556,56.2308333
428,Gulbenes,gulbenes,hamlet,26.6411111,55.7152778
428,Gulbji,gulbji,hamlet,25.7325,57.0897222
428,Gulbju ciems,gulbju ciems,hamlet,23.6073747,56.7919723
428,Gulbītis,gulbitis,hamlet,26.823855,57.1795812
428,Gumineica,gumineica,hamlet,27.9113889,56.3047222
428,Gumņišče,gumnisce,hamlet,28.1933333,56.3383333
428,Gundegas,gundegas,hamlet,26.6938889,56.8908333
428,Guntas,guntas,village,24.2022222,56.4391667
428,Guriliški,guriliski,hamlet,27.0344444,56.5333333
428,Gusakova,gusakova,hamlet,27.5611111,57.0488889
428,Guta,guta,hamlet,26.9505556,56.0544444
428,Guta,guta,hamlet,27.2072222,56.1738889
428,Gutki,gutki,hamlet,27.7920096,56.5947
428,Guzas,guzas,hamlet,26.8436111,56.1286111
428,Guzenki,guzenki,hamlet,28.07,56.1533333
428,Guznova,guznova,hamlet,27.2558238,57.1571146
428,Guļbine,gulbine,hamlet,25.9516667,56.0386111
428,Guļbinka,gulbinka,hamlet,27.0277778,56.1338889
428,Guļbinski,gulbinski,hamlet,26.3597222,56.3575
428,Guļinova,gulinova,hamlet,27.2591667,56.2194445
428,Guļāni,gulani,hamlet,26.915,55.9427778
428,Guļāni,gulani,hamlet,26.7452778,56.0363889
428,Guļāni,gulani,hamlet,27.0477778,56.2836111
428,Guļāni,gulani,hamlet,27.8833333,56.4058333
428,Gušči,gusci,hamlet,27.15,56.3697222
428,Gāgari,gagari,hamlet,27.8491667,56.4619445
428,Gāgas,gagas,hamlet,26.8297222,56.2158333
428,Gāguļi,gaguli,hamlet,24.7336111,56.5658333
428,Gārsene,garsene,village,25.8081901,56.102632
428,Gārša,garsa,hamlet,27.7716667,57.2766667
428,Gārša,garsa,hamlet,26.6111111,57.3505556
428,Gāršas,garsas,hamlet,24.5511111,57.0755556
428,Gāršmuiža,garsmuiza,village,24.4868891,57.2858551
428,Gāršnieki,garsnieki,hamlet,26.8341667,57.2244445
428,Gātciems,gatciems,village,23.6174462,56.9218264
428,Gļaudas,glaudas,hamlet,27.3255556,56.7044444
428,Gļinaruča,glinaruca,hamlet,26.9402778,56.0216667
428,Gļinovka,glinovka,hamlet,26.605,55.8369445
428,Gūbusola,gubusola,hamlet,27.2558333,57.1855556
428,Gūrunova,gurunova,hamlet,27.6447222,57.2013889
428,Gūteņi,guteni,hamlet,26.9425,56.0955556
428,Gūžas,guzas,village,21.1469502,56.5602172
428,Gūžīlas,guzilas,hamlet,26.4102778,57.1769445
428,Harciški,harciski,hamlet,26.8105556,56.0147222
428,Harčenki,harcenki,hamlet,27.2825,56.3586111
428,Hatki,hatki,hamlet,26.9747222,56.41
428,Hmeļņicki,hmelnicki,hamlet,26.9625,55.9411111
428,Hmeļnecki,hmelnecki,hamlet,27.9825,56.5516667
428,Hmeļņiki,hmelniki,hamlet,27.9483333,56.3797222
428,Hmilovka,hmilovka,hamlet,27.1391667,56.1180556
428,Horoševa,horoseva,hamlet,28.1922222,56.3258333
428,Horošova,horosova,hamlet,27.8877778,56.4238889
428,Hromina,hromina,hamlet,26.8025,56.3780556
428,Hvorobina,hvorobina,hamlet,27.2541667,56.6258333
428,Idus,idus,village,25.1658333,57.9025
428,Idzipole,idzipole,hamlet,27.6719444,56.3469444
428,Iecelnieki,iecelnieki,hamlet,26.7497222,56.7730556
428,Iecēni,ieceni,village,23.8155555,56.6855556
428,Iedzēni,iedzeni,hamlet,26.1116199,56.8284783
428,Ieleja,ieleja,village,22.66,57.2275
428,Ielejas,ielejas,village,24.0997222,56.7811111
428,Iemetēji,iemeteji,hamlet,25.4066667,57.4583333
428,Ierniņi,iernini,hamlet,25.9677778,56.5713889
428,Ierzeļova,ierzelova,hamlet,27.7877778,56.6022222
428,Ierzeļova,ierzelova,hamlet,27.445,56.6630556
428,Iesalkāja,iesalkaja,hamlet,24.8961111,57.5286111
428,Ievade,ievade,hamlet,21.5291667,56.6880556
428,Ievedne,ievedne,hamlet,27.0865408,57.3277421
428,Ievkalni,ievkalni,hamlet,21.1280556,56.6269444
428,Ievāni,ievani,hamlet,26.3525,57.1894445
428,Igaunīši,igaunisi,hamlet,27.2444444,57.4397222
428,Igauņi,igauni,hamlet,27.2452778,56.6902778
428,Igauņi,igauni,hamlet,25.8591667,57.0769444
428,Ignalina,ignalina,hamlet,26.5822222,56.2705556
428,Ignatova,ignatova,hamlet,27.5655556,56.4738889
428,Ignatoviči,ignatovici,hamlet,26.8980556,56.0066667
428,Ignatovka,ignatovka,hamlet,26.955,56.3788889
428,Ignatāni,ignatani,hamlet,26.4513889,56.0975
428,Ignašāni,ignasani,hamlet,27.4126919,56.52094
428,Ikaunieki,ikaunieki,hamlet,26.7261111,56.6472222
428,Ikaunieki,ikaunieki,hamlet,26.7238889,56.7447222
428,Ikaunīki,ikauniki,hamlet,26.8619444,56.6177778
428,Ikaženci,ikazenci,hamlet,27.6291667,55.9463889
428,Ildzenieki,ildzenieki,hamlet,26.0283333,56.4872222
428,Ilga,ilga,hamlet,26.7819444,55.6888889
428,Ilga,ilga,hamlet,26.3083333,55.8033333
428,Ilganči,ilganci,hamlet,27.2141667,56.9808333
428,Ilgas,ilgas,village,25.8467881,57.4162585
428,Ilgciems,ilgciems,hamlet,25.6466667,56.6077778
428,Ilgsala,ilgsala,hamlet,26.2997222,56.485
428,Iliņi,ilini,village,22.3344444,57.2672222
428,Ilza,ilza,hamlet,28.0697222,56.2416667
428,Ilza,ilza,hamlet,27.2802778,56.2552778
428,Ilze,ilze,village,26.0744141,56.0262702
428,Ilzene,ilzene,hamlet,26.7263889,57.3797222
428,Ilzenieki,ilzenieki,hamlet,26.0213889,56.4919445
428,Ilzmuiža,ilzmuiza,hamlet,26.0969444,56.0525
428,Ilzēni,ilzeni,hamlet,25.8405556,57.0716667
428,Imantas,imantas,hamlet,26.5491667,55.7511111
428,Imšas,imsas,hamlet,24.5719928,57.4333582
428,Incēni,inceni,hamlet,25.8408333,57.0775
428,Indrica,indrica,hamlet,27.4691667,55.9833333
428,Indriči,indrici,hamlet,27.7380556,57.2305556
428,Indričāni,indricani,hamlet,27.0280556,56.3683333
428,Indriķēni,indrikeni,hamlet,26.0122222,56.5491667
428,Indrāni,indrani,village,25.7627778,56.5225
428,Indrāni,indrani,hamlet,24.6869445,57.1222222
428,Indrāni,indrani,hamlet,26.4388889,57.1633333
428,Induļi,induli,hamlet,27.595,56.4563889
428,Indāni,indani,hamlet,25.8011111,56.0788889
428,Indāni,indani,hamlet,26.8491667,56.4672222
428,Indāni,indani,hamlet,26.6322222,56.5505556
428,Inikši,iniksi,hamlet,26.4188889,56.0763889
428,Inkini,inkini,hamlet,27.7138889,56.4452778
428,Inkuļi,inkuli,hamlet,25.338344,57.3290192
428,Internātskola,internatskola,hamlet,21.9030556,56.6269445
428,Inčiki,inciki,hamlet,27.6225,56.4366667
428,Inčuki,incuki,hamlet,27.5544444,56.6075
428,Inčārnieki,incarnieki,hamlet,26.6096519,56.6681434
428,Ipiķu skola,ipiku skola,hamlet,25.1868221,58.0495106
428,Irbenieki,irbenieki,hamlet,25.9,56.5577778
428,Irbessala,irbessala,hamlet,26.0255556,56.5944445
428,Irikova,irikova,hamlet,27.475,57.2008333
428,Iršova,irsova,hamlet,27.5813889,56.2727778
428,Isajevka,isajevka,hamlet,26.9325,56.0338889
428,Isačenki,isacenki,hamlet,27.8305555,56.3552778
428,Isnauda,isnauda,hamlet,27.7391667,56.5130556
428,Istra,istra,hamlet,27.9641667,56.2452778
428,Iubeļi,iubeli,hamlet,27.5355556,56.0761111
428,Iubuļi,iubuli,hamlet,26.4902778,56.0961111
428,Iubuļi,iubuli,hamlet,26.5366667,56.2913889
428,Udriši,udrisi,hamlet,27.1286111,55.9077778
428,Iudreiši,iudreisi,hamlet,26.6516667,56.3211111
428,Iudri,iudri,hamlet,27.8016667,56.5130556
428,Iudri,iudri,hamlet,27.7283333,56.6219445
428,Iugulova,iugulova,village,27.3177481,56.585248
428,Iugulova,iugulova,hamlet,27.3144444,56.5961111
428,Ivanova,ivanova,hamlet,27.3402778,56.095
428,Ivanova,ivanova,hamlet,27.5016667,56.6611111
428,Ivanovka,ivanovka,hamlet,26.8808333,56.0536111
428,Ivanovka,ivanovka,hamlet,26.7175,56.3555556
428,Ivanovka,ivanovka,hamlet,27.6765286,57.0397205
428,Ivanāni,ivanani,hamlet,26.8094444,56.2891667
428,Izabelina,izabelina,hamlet,26.0366667,56.1630556
428,Izcilnieki,izcilnieki,hamlet,26.4386111,56.3147222
428,Izdagas,izdagas,hamlet,26.4719444,56.1872222
428,Izoti,izoti,hamlet,27.5275,56.2780556
428,Izova,izova,hamlet,27.5691667,55.9027778
428,Iztakas,iztakas,hamlet,26.2261111,56.2947222
428,Izvaltas stacija,izvaltas stacija,hamlet,26.9402778,55.9386111
428,Ičaunīki,icauniki,hamlet,26.7752778,56.5288889
428,Iļjonki,iljonki,hamlet,28.0038889,56.3619445
428,Iļjuhina,iljuhina,hamlet,27.0663889,56.0797222
428,Iļjusi,iljusi,hamlet,28.0408333,56.3455556
428,Iļvezi,ilvezi,hamlet,27.71,57.0758333
428,Iļziņi,ilzini,hamlet,27.6747222,57.1672222
428,Iļziņi,ilzini,hamlet,27.6552778,57.1705556
428,Iļķene,ilkene,village,24.4694444,57.0913889
428,Ilzeskalns,ilzeskalns,village,27.3926213,56.6418226
428,Iškina,iskina,hamlet,27.5127778,56.4905556
428,Ižori,izori,hamlet,27.2466667,56.1980556
428,Jabolova,jabolova,hamlet,27.2397222,56.8411111
428,Jadlovci,jadlovci,hamlet,27.2830556,55.9838889
428,Jadrova,jadrova,hamlet,26.6341667,56.0530556
428,Jadvigova,jadvigova,hamlet,26.4083333,56.2241667
428,Jagodkas,jagodkas,hamlet,26.9991667,56.09
428,Jakiži,jakizi,hamlet,27.455,56.1922222
428,Jakoviči,jakovici,hamlet,27.09,56.3316667
428,Jakstiņi,jakstini,hamlet,26.0130013,56.588419
428,Jakubini,jakubini,hamlet,26.7016667,56.0238889
428,Jakubki,jakubki,hamlet,27.6716667,56.22
428,Jakulinski,jakulinski,hamlet,27.5883333,56.6413889
428,Jakuči,jakuci,hamlet,27.8913889,56.6286111
428,Jakuši,jakusi,hamlet,26.7175,56.4077778
428,Jakuški,jakuski,hamlet,27.0397222,56.4655556
428,Jakāni,jakani,hamlet,25.8002778,56.1222222
428,Jalova,jalova,hamlet,27.6405556,55.9716667
428,Jaloveckaja Gora,jaloveckaja gora,hamlet,27.3552778,55.8861111
428,Janapole,janapole,hamlet,27.6675584,57.1455057
428,Janapoļe,janapole,hamlet,26.3325,56.0397222
428,Janciškas,janciskas,hamlet,26.7541667,55.9969445
428,Janeikas,janeikas,hamlet,24.2333333,56.4183333
428,Janeļeva,janeleva,hamlet,27.6155556,55.8655556
428,Janiki,janiki,hamlet,27.6297222,56.6588889
428,Janova,janova,hamlet,27.5586111,56.1344444
428,Janova,janova,hamlet,26.92,56.1419445
428,Janova,janova,hamlet,26.6636111,56.1527778
428,Janova,janova,hamlet,28.0341667,56.4472222
428,Janovci,janovci,hamlet,27.3362273,56.1340021
428,Janovole,janovole,hamlet,28.0366667,56.4083333
428,Januseļi,januseli,village,26.7263694,55.9543812
428,Janīši,janisi,hamlet,27.2922222,56.6280556
428,Jarmoviši,jarmovisi,hamlet,27.8525,56.1697222
428,Jasenci,jasenci,hamlet,27.9905556,56.5433333
428,Jaseņeci,jaseneci,hamlet,27.5475,57.5091667
428,Jaski,jaski,hamlet,27.9508333,56.5997222
428,Jaudzemi,jaudzemi,hamlet,26.8152778,56.1775
428,Jaudzemi,jaudzemi,hamlet,26.3419444,56.2363889
428,Jaudzemi,jaudzemi,hamlet,27.2455556,56.3419444
428,Jaudzemi,jaudzemi,hamlet,26.2258333,56.3547222
428,Jaudzemi,jaudzemi,hamlet,26.385,56.4380556
428,Jaudzemi,jaudzemi,hamlet,25.9458333,56.4966667
428,Jaudzemi,jaudzemi,hamlet,27.0877778,56.5105556
428,Jaudzemi,jaudzemi,hamlet,27.3583333,56.69
428,Jaudzemnieki,jaudzemnieki,hamlet,26.6945125,56.7519856
428,Jaudzemļi,jaudzemli,hamlet,27.5444444,56.6672222
428,Jaudzemļi,jaudzemli,hamlet,27.4827778,56.7052778
428,Jaudzimi,jaudzimi,hamlet,27.0286111,56.0055556
428,Jaudzimi,jaudzimi,hamlet,27.0388889,56.0919445
428,Jaudzimi,jaudzimi,hamlet,26.7197222,56.2505556
428,Jaujas,jaujas,hamlet,26.2897222,56.3247222
428,Jaujas,jaujas,hamlet,27.3525,56.9244445
428,Jauji,jauji,hamlet,27.6683333,57.2169445
428,Jaunaduliena,jaunaduliena,village,26.410678,57.0878183
428,Jaunaglona,jaunaglona,village,27.007378,56.1610092
428,Jaunaiskrūgs,jaunaiskrugs,hamlet,26.8880556,56.0016667
428,Jaunate,jaunate,hamlet,25.1180556,57.8058333
428,Jaunauce,jaunauce,village,22.6933333,56.4447222
428,Jaunbakani,jaunbakani,hamlet,26.4746228,57.0374126
428,Jaunbilska,jaunbilska,hamlet,25.9283333,57.4566667
428,Jaunbirzāki,jaunbirzaki,hamlet,26.325,56.3041667
428,Jaunborisova,jaunborisova,hamlet,27.4111111,56.5491667
428,Jaunborne,jaunborne,hamlet,26.925,55.8602778
428,Jaunburtnieku skola,jaunburtnieku skola,hamlet,25.1922222,57.6213889
428,Jaunbērze,jaunberze,hamlet,26.5972222,56.2205556
428,Jaunciems,jaunciems,hamlet,26.5208333,55.7627778
428,Jaunciems,jaunciems,hamlet,20.9972222,56.3608333
428,Jaunciems,jaunciems,hamlet,23.6433333,56.7377778
428,Jaunciems,jaunciems,village,22.7538833,57.391113
428,Jaundegumnieki,jaundegumnieki,hamlet,26.7313889,56.8088889
428,Jaundrusti,jaundrusti,hamlet,25.9769444,57.2072222
428,Jaundruvas,jaundruvas,hamlet,26.1308333,56.4725
428,Jaundziras,jaundziras,hamlet,22.7347222,56.8725
428,Jaungailumi,jaungailumi,hamlet,27.4203734,56.6807557
428,Jaungaiļi,jaungaili,hamlet,26.6525,56.5330556
428,Jaungulbene,jaungulbene,village,26.5975,57.0619445
428,Jaunguļbine,jaungulbine,hamlet,25.9608333,56.0513889
428,Jaunie Mozuļi,jaunie mozuli,hamlet,26.5677778,56.3638889
428,Jaunie Rumpi,jaunie rumpi,hamlet,26.7013889,56.3744445
428,Jaunie Tokari,jaunie tokari,hamlet,26.6677778,56.0444445
428,Jauniešas,jauniesas,hamlet,26.3058333,56.5638889
428,Jaunivanova,jaunivanova,hamlet,27.5244444,56.6911111
428,Jaunkalni,jaunkalni,hamlet,25.3144444,57.3297222
428,Jaunkantoris,jaunkantoris,hamlet,27.5683333,57.2716667
428,Jaunkrimulda,jaunkrimulda,hamlet,24.6636811,57.1471931
428,Jaunlaši,jaunlasi,hamlet,26.2386111,55.9530556
428,Jaunlesna,jaunlesna,hamlet,27.1683333,56.6697222
428,Jaunlubāna,jaunlubana,hamlet,26.6997222,56.8597222
428,Jaunlutriņi,jaunlutrini,village,22.4072222,56.8291667
428,Jaunmuiža,jaunmuiza,hamlet,25.8252778,56.0855556
428,Jaunmuiža,jaunmuiza,hamlet,26.8636111,56.2375
428,Jaunmurāni,jaunmurani,hamlet,26.9691667,56.4936111
428,Jaunokte,jaunokte,hamlet,22.8436111,57.2738889
428,Jaunpatkule,jaunpatkule,hamlet,26.3322222,56.8925
428,Jaunplatone,jaunplatone,hamlet,23.6716667,56.4897222
428,Jaunpodnieki,jaunpodnieki,hamlet,26.3966667,56.5372222
428,Jaunpēternieki,jaunpeternieki,village,23.9230555,56.7297222
428,Jaunpļavas,jaunplavas,hamlet,23.0523274,57.2069572
428,Jaunrauna,jaunrauna,hamlet,25.4702048,57.3289881
428,Jaunrikova,jaunrikova,hamlet,27.0202778,56.6013889
428,Jaunružina,jaunruzina,hamlet,27.0972222,56.4252778
428,Jaunsaimnieki,jaunsaimnieki,hamlet,26.7166667,56.27
428,Jaunsaimnīki,jaunsaimniki 1,hamlet,26.79,56.6033333
428,Jaunsaimnīki,jaunsaimniki 2,hamlet,26.8469444,56.6241667
428,Jaunsaimnīki,jaunsaimniki,hamlet,27.2433333,56.4894445
428,Jaunsekļi,jaunsekli,hamlet,27.0566667,56.1061111
428,Jaunsieksāte,jaunsieksate,hamlet,21.8972222,56.7019445
428,Jaunsils,jaunsils,village,24.1505556,56.7936111
428,Jaunsloboda,jaunsloboda,hamlet,27.5605556,56.3302778
428,Jaunsloboda,jaunsloboda,hamlet,27.2294444,56.5161111
428,Jaunsloboda,jaunsloboda,hamlet,27.4047222,56.6241667
428,Jaunstašuļi,jaunstasuli,hamlet,27.3819444,56.2952778
428,Strūžāni,struzani,village,27.2355556,56.6972222
428,Jaunstupeliškas,jaunstupeliskas,hamlet,26.8966667,56.0522222
428,Jaunsvirlauka,jaunsvirlauka,hamlet,23.9363889,56.5016667
428,Jaunsāta,jaunsata,hamlet,26.6713889,56.3877778
428,Jaunsētas,jaunsetas,hamlet,22.4752778,56.5922222
428,Jaunsēži,jaunsezi,hamlet,23.0552778,56.7175
428,Jauntirza,jauntirza,hamlet,26.3827778,57.1575
428,Jaunušāni,jaunusani,hamlet,26.4405556,55.9366667
428,Jaunviļāni,jaunvilani,village,26.9313889,56.5688889
428,Jaunzemes,jaunzemes,village,22.5780098,57.2310152
428,Jaunzemi,jaunzemi,hamlet,26.2488889,56.7272222
428,Jaunzemi,jaunzemi,hamlet,26.3738889,57.0588889
428,Jaunzemi,jaunzemi,hamlet,26.3483333,57.1763889
428,Jaunzemi,jaunzemi,hamlet,26.0247222,57.1925
428,Jaunzemi,jaunzemi,hamlet,26.113441,57.3238595
428,Jaunzemi,jaunzemi,village,26.6755814,57.3733508
428,Jaunzemi,jaunzemi,hamlet,27.2175,57.5244444
428,Jaunzeļči,jaunzelci,hamlet,27.5697222,56.5966667
428,Jaunzosuļi,jaunzosuli,hamlet,25.2388889,57.0869444
428,Jaunā Križovka,jauna krizovka,hamlet,26.3919444,55.8847222
428,Jaunā Porečje,jauna porecje,hamlet,26.7336111,55.9908333
428,Jaunā Račina,jauna racina,hamlet,26.9455556,55.9372222
428,Jaunā Sloboda,jauna sloboda,hamlet,27.1333333,56.4988889
428,Jaunā Zeļonovka,jauna zelonovka,hamlet,26.6089322,55.9818694
428,Jaunā muiža,jauna muiza,hamlet,26.1520505,56.3890539
428,Jaunā muiža,jauna muiza,village,25.9713188,56.5224103
428,Jaunā muiža,jauna muiza,hamlet,22.9477778,56.7011111
428,Jaunā sādža,jauna sadza,hamlet,26.3808333,56.1625
428,Jaunā zeme,jauna zeme,hamlet,27.1930556,56.5597222
428,Jaunā,jauna,hamlet,27.5977778,56.0361111
428,Jaunāmuiža,jaunamuiza,hamlet,25.7547222,56.7055556
428,Jaunāmuiža,jaunamuiza,hamlet,23.4866667,56.7213889
428,Jaunāmuiža,jaunamuiza,hamlet,26.1074733,56.8012565
428,Jaunāmuiža,jaunamuiza,hamlet,22.8172222,56.9080556
428,Jaunāmuiža,jaunamuiza,hamlet,26.5661111,57.0483333
428,Jaunāmuiža,jaunamuiza,hamlet,25.4552778,57.5061111
428,Jaunāmuiža,jaunamuiza,hamlet,26.6766667,57.5155556
428,Jaunāmuiža,jaunamuiza,hamlet,25.2333333,57.9836111
428,Jaunžogoti,jaunzogoti,hamlet,27.5947222,56.5888889
428,Jauči,jauci,hamlet,25.3783333,56.62
428,Javinīki,javiniki,hamlet,27.1749672,56.8414272
428,Jačmeniški,jacmeniski,hamlet,26.8586111,56.3836111
428,Jaši,jasi,hamlet,26.9730556,56.4261111
428,Jaškas,jaskas,hamlet,27.2825,56.7352778
428,Jašore,jasore,hamlet,26.5825,56.4005556
428,Jeberi,jeberi,hamlet,25.7269444,57.4438889
428,Jedvigova,jedvigova,hamlet,26.3233333,56.0991667
428,Jegoriški,jegoriski,hamlet,26.7572222,56.1630556
428,Jegorova,jegorova,hamlet,27.1836111,56.1683333
428,Jegorova,jegorova,hamlet,27.3944444,56.2577778
428,Jegorovka,jegorovka,hamlet,27.2466667,56.6044445
428,Jekimovka,jekimovka,hamlet,26.9602778,56.3936111
428,Jekimāni,jekimani,hamlet,27.365,56.6788889
428,Jelinski,jelinski,hamlet,27.1369445,56.0875
428,Jereniški,jereniski,hamlet,26.8316667,56.0680556
428,Jeri,jeri,village,25.3627778,57.8783333
428,Jerlani,jerlani,hamlet,26.8883333,57.3508333
428,Jermaki,jermaki,hamlet,26.6288889,56.3333333
428,Jermolas,jermolas,hamlet,27.3177778,56.5677778
428,Jeroškina,jeroskina,hamlet,27.4838889,56.4641667
428,Jersika,jersika,village,26.2054682,56.2545543
428,Jerānīši,jeranisi,hamlet,26.1727778,56.2577778
428,Jerčova,jercova,hamlet,27.9869444,56.4613889
428,Jevtišovka,jevtisovka,hamlet,27.1522222,56.3133333
428,Jezufinova,jezufinova,hamlet,26.6613889,56.3758333
428,Jezupova,jezupova,hamlet,26.5411111,56.2472222
428,Jezupova,jezupova,hamlet,27.0769444,56.6347222
428,Jieči,jieci,hamlet,27.6294444,56.7569445
428,Jiuseri,jiuseri,hamlet,27.2797222,56.6202778
428,Joksti,joksti,hamlet,26.9263889,56.1902778
428,Joksti,joksti,hamlet,27.0338889,56.6147222
428,Jokums,jokums,hamlet,26.3325536,57.0280439
428,Jomalas,jomalas,hamlet,24.8852644,57.639489
428,Jonički,jonicki,hamlet,27.9780556,56.2344444
428,Joniški,joniski,hamlet,26.6397222,55.8119445
428,Jonāni,jonani,hamlet,26.8533333,56.0758333
428,Jonāni,jonani,hamlet,27.055,56.1438889
428,Jorzova,jorzova,hamlet,28.0291667,56.4622222
428,Jorzova,jorzova,hamlet,27.54,56.8825
428,Joski,joski,hamlet,28.0008333,56.5513889
428,Josti,josti,hamlet,22.8366667,56.7019444
428,Joņini,jonini,hamlet,27.6219444,55.9261111
428,Joņusola,jonusola,hamlet,27.2580556,57.2327778
428,Jugaņina,juganina,hamlet,26.81,55.8230556
428,Jugermani,jugermani,hamlet,27.0461111,56.4713889
428,Juglas,juglas,hamlet,24.8580555,57.3263889
428,Juguļi,juguli,hamlet,27.6261111,56.2383333
428,Juguļi,juguli,hamlet,27.6144444,56.3302778
428,Juhniki,juhniki,hamlet,27.4266667,55.8588889
428,Juknišķi,jukniski,hamlet,24.0313889,56.3213889
428,Jukāni,jukani,hamlet,26.3544444,57.0358333
428,Jukši,juksi,hamlet,26.4047222,56.0236111
428,Jumpravmuiža,jumpravmuiza,hamlet,24.5975,57.4805555
428,Jumurda,jumurda,village,25.7372222,56.9447222
428,Juneļi,juneli,hamlet,26.2883333,55.83
428,Juneļi,juneli,hamlet,26.3258333,55.8380556
428,Juragova,juragova,hamlet,27.3191667,55.9036111
428,Jurašinkas,jurasinkas,hamlet,26.695,56.6180556
428,Jurīši,jurisi,village,26.773619,55.9294127
428,Jureiši,jureisi,hamlet,26.9311111,56.2944445
428,Jurenski,jurenski,hamlet,27.2836111,57.3863889
428,Jurgeliški,jurgeliski,hamlet,26.8233333,56.0155556
428,Jurgeļi,jurgeli,hamlet,27.2866667,56.6908333
428,Jurizdika,jurizdika,hamlet,27.7511111,56.5355556
428,Jurjāni,jurjani,hamlet,26.3702778,56.69
428,Jurkas,jurkas,hamlet,27.3077778,56.5519445
428,Jurkova,jurkova,hamlet,27.6566667,56.1688889
428,Jurāni,jurani,hamlet,27.0769444,55.9536111
428,Jurāni,jurani,hamlet,27.8825,56.5377778
428,Jurģi,jurgi,village,22.8697222,56.7283333
428,Jurīši,jurisi,hamlet,27.0488889,56.9516667
428,Jusi,jusi,hamlet,27.3388889,56.4613889
428,Justi,justi,hamlet,26.7652778,56.6405556
428,Justinova,justinova,hamlet,27.6341667,56.4913889
428,Juzefinova,juzefinova,hamlet,27.7663889,56.4552778
428,Juzefova,juzefova,village,26.7163249,55.9278909
428,Juzupole,juzupole,hamlet,27.4475,56.6361111
428,Juči,juci,hamlet,25.7405556,56.6377778
428,Jučova,jucova,hamlet,28.0122222,56.4711111
428,Juškāni,juskani,hamlet,27.2869444,56.5861111
428,Jādekšas,jadeksas,hamlet,22.9592606,57.2657411
428,Jākaveļi,jakaveli,hamlet,27.3261111,56.0691667
428,Jānuži,januzi,hamlet,26.6436111,57.2866667
428,Jānēni,janeni,hamlet,25.8908333,57.1111111
428,Jāņmuiža,janmuiza,hamlet,22.6688005,56.3598722
428,Jāņmuiža,janmuiza,hamlet,25.7697222,57.4733333
428,Jāņukrogs,janukrogs,village,23.9580556,56.43
428,Jēci,jeci,hamlet,25.9252778,57.1708333
428,Jēkabnieki,jekabnieki,village,23.5977778,56.5316667
428,Jēkuļi,jekuli,hamlet,25.7730556,57.0447222
428,Jērcēni,jerceni,hamlet,25.8944445,57.5472222
428,Jērūži,jeruzi,hamlet,25.7905556,57.1283333
428,Jēņi,jeni,hamlet,25.6002778,57.6533333
428,Jūdiņi,judini,hamlet,27.4313889,57.2477778
428,Jūrdži,jurdzi,hamlet,27.3375,56.7144444
428,Jūči,juci,hamlet,21.2347222,56.2225
428,Jūški,juski,hamlet,26.9241667,56.6091667
428,Kabilovka,kabilovka,hamlet,27.8494444,56.3227778
428,Kabilovči,kabilovci,hamlet,27.9302778,56.3572222
428,Kabulova,kabulova,hamlet,27.7575741,56.7475997
428,Kabulēni,kabuleni,hamlet,25.7377778,57.0366667
428,Kacari,kacari,hamlet,27.7805556,56.1038889
428,Kacīte,kacite,hamlet,25.4958869,56.1586231
428,Kadaga,kadaga,village,24.3616784,57.0921183
428,Kadilas,kadilas,hamlet,27.0652778,57.3566667
428,Kadišava,kadisava,hamlet,27.4422222,56.94
428,Kagaiņi,kagaini,hamlet,25.7358333,57.0630556
428,Kaiberis,kaiberis,hamlet,25.7891667,57.4619445
428,Kaigu ciems,kaigu ciems,hamlet,23.5722222,56.7941667
428,Skulte,skulte,village,24.4326752,57.3168816
428,Kaijas,kaijas,hamlet,26.1825,56.3683333
428,Kaijas,kaijas,hamlet,25.5733333,57.5944445
428,Kaijciems,kaijciems,hamlet,24.8127651,57.434945
428,Kaipi,kaipi,hamlet,27.4875,56.3952778
428,Kaipi,kaipi,hamlet,26.5269444,57.0561111
428,Kaireiši,kaireisi,hamlet,26.9180556,56.3297222
428,Kaires ciems,kaires ciems,hamlet,20.9952778,56.3266667
428,Kairi,kairi,hamlet,25.9508333,57.6011111
428,Kairiši,kairisi,hamlet,27.6847222,56.0919444
428,Kaive,kaive,village,25.6236111,57.0533333
428,Kaivēni,kaiveni,hamlet,25.6491667,56.7241667
428,Kakarvīši,kakarvisi,hamlet,27.1608333,56.6422222
428,Kakarāni,kakarani,hamlet,25.8627778,56.0980556
428,Kaki,kaki,hamlet,27.5227778,56.6677778
428,Kaktiņi,kaktini,hamlet,27.3266667,56.0633333
428,Kaktusala,kaktusala,hamlet,25.7944444,56.5708333
428,Kalabuhina,kalabuhina,hamlet,26.8772222,55.9680556
428,Kalastiņas,kalastinas,hamlet,27.2330556,56.6533333
428,Kalaņiški,kalaniski,hamlet,26.6816667,55.8302778
428,Kalaši,kalasi,hamlet,27.8477778,56.4027778
428,Kaldabruņa,kaldabruna,village,26.0613888,56.1030556
428,Kalendari,kalendari,hamlet,27.16,56.0425
428,Kališkas,kaliskas,hamlet,27.4252778,55.9775
428,Kalkūni,kalkuni,village,26.4881684,55.8472696
428,Kalna Gudļevski,kalna gudlevski,hamlet,26.7741667,56.4244445
428,Kalna Mičulīši,kalna miculisi,hamlet,26.8086111,56.4327778
428,Kalna Randari,kalna randari,hamlet,26.7613889,56.3391667
428,Kalna Romuļi,kalna romuli,hamlet,27.1155556,55.9588889
428,Kalna Vikaiņi,kalna vikaini,hamlet,27.2847222,55.8677778
428,Kalna Viški,kalna viski,hamlet,26.7666667,56.0469445
428,Kalna Škapari,kalna skapari,hamlet,26.87,56.0613889
428,Kalna Ūdenāni,kalna udenani,hamlet,25.8920087,56.3349784
428,Kalnacki,kalnacki,hamlet,26.7983333,56.2861111
428,Kalnagals,kalnagals,hamlet,26.7220028,56.7612027
428,Kalnageidāni,kalnageidani,hamlet,25.7222222,56.1858333
428,Kalnakrogs,kalnakrogs,hamlet,24.5686111,56.3627778
428,Kalnakrogs,kalnakrogs,hamlet,25.4647222,56.6238889
428,Kalnakrogs,kalnakrogs,hamlet,25.9588889,57.0422222
428,Kalnamačulāni,kalnamaculani,hamlet,26.0673559,56.0991215
428,Kalnamuiža,kalnamuiza,hamlet,25.1922222,56.2833333
428,Kalnamuiža,kalnamuiza,hamlet,24.6022222,56.345
428,Kalnamuiža,kalnamuiza,village,25.9108333,57.4291667
428,Kalnapededze,kalnapededze,hamlet,27.3719445,57.5119444
428,Kalnaraupi,kalnaraupi,hamlet,25.7413889,56.1808333
428,Kalnarāciņi,kalnaracini,hamlet,25.7097222,56.1933333
428,Kalnavērši,kalnaversi,hamlet,25.1916544,57.239667
428,Kalncempji,kalncempji,village,26.8846459,57.3233228
428,Kalnenieki,kalnenieki,village,21.6391667,56.4405556
428,Kalngali,kalngali,hamlet,26.0777086,56.6182232
428,Kalni,kalni,hamlet,26.3955556,55.9516667
428,Kalni,kalni,village,22.1277778,56.4438889
428,Kalniena,kalniena,village,26.9263889,57.2755556
428,Kalnieši,kalniesi,hamlet,25.6633333,56.2025
428,Kalniški,kalniski,hamlet,26.735,55.8752778
428,Kalniški,kalniski,hamlet,26.3791667,56.0366667
428,Kalniški,kalniski,hamlet,26.2197222,56.0472222
428,Kalniški,kalniski,hamlet,26.3741667,56.1302778
428,Kalnišķi,kalniski,village,21.1019444,56.2211111
428,Kalnjāņi,kalnjani,hamlet,22.6586111,56.4583333
428,Kalnmuiža,kalnmuiza,hamlet,22.9475,56.8802778
428,Kalnmuiža,kalnmuiza,hamlet,22.6597222,57.0116667
428,Kalnmuiža,kalnmuiza,hamlet,22.4962462,57.4459445
428,Kalnradži,kalnradzi,hamlet,22.6602778,57.4369445
428,Kalnrozes,kalnrozes,hamlet,23.5463889,56.3722222
428,Kalnstaldoti,kalnstaldoti,hamlet,25.9611111,57.7477778
428,Kalnvirsa,kalnvirsa,hamlet,26.1158333,56.7111111
428,Kalnāji,kalnaji,hamlet,26.2246486,56.7521451
428,Kalnēji,kalneji,hamlet,22.9505487,57.0533993
428,Kalpaki,kalpaki,hamlet,27.3763889,56.4122222
428,Kalpaki,kalpaki,hamlet,26.6833333,57.5166667
428,Kalpinka,kalpinka,hamlet,28.0961111,56.3222222
428,Kaltiņi,kaltini,hamlet,26.9961111,57.4008333
428,Kalvene,kalvene,hamlet,27.4486111,57.3494445
428,Kalvāni,kalvani,hamlet,26.1183333,55.9747222
428,Kalvāni,kalvani,hamlet,26.2552778,56.0363889
428,Kalvāni,kalvani,hamlet,26.3575,56.0994445
428,Kalvāni,kalvani,hamlet,26.7333333,56.1863889
428,Kalvāni,kalvani,hamlet,26.0844444,56.2613889
428,Kalvāni,kalvani,hamlet,26.2296028,56.3685936
428,Kalvīši,kalvisi,hamlet,26.4047222,57.1577778
428,Kalējiņi,kalejini,hamlet,26.2986111,57.4666667
428,Kalīši,kalisi,hamlet,26.4122355,55.8235629
428,Kamariški,kamariski,hamlet,26.3858333,55.7213889
428,Kamatauskas,kamatauskas,hamlet,26.3775,56.7775
428,Kamenka,kamenka,hamlet,26.845,56.2036111
428,Kamenka,kamenka,hamlet,28.0613889,56.3738889
428,Kampiški,kampiski,hamlet,27.2322222,56.4452778
428,Kampji,kampji,hamlet,27.0494444,57.5430556
428,Kampāni,kampani,hamlet,26.8680556,56.0238889
428,Kampāni,kampani,hamlet,25.3541667,56.5272222
428,Kanavališki,kanavaliski,hamlet,26.5997222,55.7752778
428,Kancepole,kancepole,hamlet,26.7733333,56.1752778
428,Kanciņi,kancini,hamlet,26.2672222,57.1080556
428,Kancāni,kancani,hamlet,26.9760893,56.3036183
428,Kandavas stacija,kandavas stacija,hamlet,22.8213848,57.0832847
428,Kandeļi,kandeli,hamlet,21.8572222,56.6633333
428,Kangari,kangari,hamlet,27.605,57.0841667
428,Kangari,kangari,hamlet,27.5947222,57.0919445
428,Kaniņas,kaninas,hamlet,26.1386922,56.9009677
428,Kankarīši,kankarisi,hamlet,26.2941667,56.1741667
428,Kankuļi,kankuli,hamlet,26.8127778,56.2683333
428,Kannenieki,kannenieki,hamlet,21.7052778,56.69
428,Kannova,kannova,hamlet,27.7769444,56.2119445
428,Kantinīki,kantiniki,hamlet,27.1558333,56.5769444
428,Kanāži,kanazi,hamlet,26.1441667,57.1247222
428,Kapenieki,kapenieki,hamlet,26.7355556,56.5172222
428,Kapinieki,kapinieki,hamlet,26.5863889,56.4533333
428,Kapiņi,kapini,hamlet,27.1122222,56.1408333
428,Kapiņi,kapini,hamlet,27.285,56.7858333
428,Kapiņu Ruskuļi,kapinu ruskuli,hamlet,27.1113889,56.1297222
428,Kaplava,kaplava,hamlet,27.0080556,55.8708333
428,Kaplava,kaplava,hamlet,25.3097222,56.6277778
428,Kaprani,kaprani,hamlet,27.605,56.7355556
428,Kapteines,kapteines,hamlet,23.5041667,56.4011111
428,Kapteiņi,kapteini,hamlet,25.8802778,56.1852778
428,Kaptiliški,kaptiliski,hamlet,26.6916667,55.7886111
428,Kapči,kapci,hamlet,26.8680556,56.0075
428,Kapčinīki,kapciniki,hamlet,26.5783333,56.1052778
428,Kapūņi,kapuni,hamlet,25.6888889,56.9347222
428,Karališkas,karaliskas,hamlet,26.9630556,56.0116667
428,Karališki,karaliski,hamlet,27.3558333,55.8941667
428,Karaļova,karalova,hamlet,27.5825,56.0252778
428,Karaši,karasi,hamlet,27.0747222,56.0916667
428,Kareitoni,kareitoni,hamlet,27.1613889,56.7383333
428,Karelova,karelova,hamlet,27.2291667,56.1791667
428,Kareļi,kareli,hamlet,26.9366667,56.1955556
428,Kareļi,kareli,village,22.2311791,56.4748841
428,Karigova,karigova,hamlet,27.6555556,57.2519445
428,Karklinova,karklinova,hamlet,27.5888889,55.9055556
428,Karnopole,karnopole,hamlet,27.1188889,56.365
428,Karogi,karogi,hamlet,24.7858333,57.8147222
428,Karolīna,karolina,hamlet,26.5736111,56.6622222
428,Karpiņje,karpinje,hamlet,27.6472222,56.3033333
428,Karpova,karpova,hamlet,27.65,56.9216667
428,Karpuškina,karpuskina,hamlet,27.4275,56.4316667
428,Karpušonki,karpusonki,hamlet,27.6172222,56.5066667
428,Karulāni,karulani,hamlet,26.61,56.4522222
428,Karva,karva,hamlet,26.8313413,57.4930851
428,Karļinova,karlinova,hamlet,26.9191667,55.825
428,Kaskāni,kaskani,hamlet,27.7286676,56.8010928
428,Kaspari,kaspari,hamlet,27.5227778,56.6575
428,Kastīre,kastire,village,26.8686111,56.2122222
428,Kastjuki,kastjuki,hamlet,27.0619445,56.0158333
428,Kastričina,kastricina,hamlet,28.1033333,56.3027778
428,Kastuļina,kastulina,hamlet,27.1591667,56.2
428,Katalova,katalova,hamlet,28.1475,56.2525
428,Kategrads,kategrads,hamlet,26.9269299,56.2361368
428,Katineļi,katineli,hamlet,26.7638889,55.7630556
428,Katkovski,katkovski,hamlet,27.5425,56.3144445
428,Katleši,katlesi,hamlet,27.7477849,57.3386722
428,Katlēri,katleri,hamlet,26.1566667,56.5980556
428,Katriņiški,katriniski,hamlet,27.7319444,56.0158333
428,Katrīnmuiža,katrinmuiza,hamlet,24.1891667,56.7855556
428,Katrīnsils,katrinsils,hamlet,23.8933333,56.635
428,Katuži,katuzi,hamlet,21.1708333,56.09
428,Kauguļi,kauguli,hamlet,25.8636111,57.0380556
428,Kaukuri,kaukuri,hamlet,25.6866667,56.7916667
428,Kaulači,kaulaci,hamlet,27.1894445,56.6230556
428,Kaulači,kaulaci,hamlet,27.1955555,56.6241667
428,Kaulači,kaulaci,hamlet,22.6491667,56.7077778
428,Kauline,kauline,hamlet,27.1725,56.4769445
428,Kaulinka,kaulinka,hamlet,27.1822222,56.4661111
428,Kauliņi,kaulini,hamlet,25.8433333,57.0833333
428,Kauliņi,kaulini,hamlet,25.6703497,57.3010829
428,Kaunacki,kaunacki,hamlet,26.7133333,56.3480556
428,Kauparnīki,kauparniki,hamlet,26.5588889,56.3119445
428,Kaupernieki,kaupernieki,hamlet,25.93422,56.5632862
428,Kaupieri,kaupieri,hamlet,26.8188889,56.4244445
428,Kaupiņēni,kaupineni,hamlet,26.0808333,57.0366667
428,Kaupiški,kaupiski,hamlet,26.1069444,56.015
428,Kaupuži,kaupuzi,hamlet,27.5841667,56.8058333
428,Kaučera Gailīši,kaucera gailisi,hamlet,26.8480556,56.2763889
428,Kaučeri,kauceri,hamlet,26.8480556,56.2702778
428,Kauļi,kauli,hamlet,25.4588889,56.5925
428,Kauļi,kauli,hamlet,25.2972222,57.1669444
428,Kauša,kausa,hamlet,26.7686111,56.3836111
428,Kaušeliški,kauseliski,village,26.7986641,55.9249792
428,Kauškaļi,kauskali,hamlet,27.2405556,56.1405556
428,Kavali,kavali,hamlet,27.0538889,56.1505556
428,Kavališki,kavaliski,hamlet,26.5275,55.6919444
428,Kaveriški,kaveriski,hamlet,27.5113889,55.9313889
428,Kazaki,kazaki,hamlet,28.1956888,56.2434682
428,Kazeiki,kazeiki,hamlet,27.5219445,56.365
428,Kazeiši,kazeisi,hamlet,26.7405556,56.3252778
428,Kazici,kazici,hamlet,27.7727778,56.2630556
428,Kazieri,kazieri,hamlet,26.6336111,56.1861111
428,Kazieri,kazieri,hamlet,26.4888889,56.2111111
428,Kazimiriški,kazimiriski,hamlet,26.3261111,56.0027778
428,Kazimirova,kazimirova,hamlet,27.3625,55.9283333
428,Kazimirova,kazimirova,hamlet,27.4672222,55.9702778
428,Kazimirova,kazimirova,hamlet,27.9822222,56.3208333
428,Kazimirovka,kazimirovka,hamlet,26.9530556,56.1127778
428,Kazimirovka,kazimirovka,hamlet,26.4238889,56.3575
428,Kazimirvāle,kazimirvale,hamlet,25.9541532,55.9989605
428,Kazinova,kazinova,hamlet,27.5861111,55.9561111
428,Kazmirova,kazmirova,hamlet,26.9866667,56.2886111
428,Kazradži,kazradzi,hamlet,27.0913889,56.5602778
428,Kazsalīši,kazsalisi,hamlet,26.6180555,56.5141667
428,Kazubrenči,kazubrenci,hamlet,25.8508333,56.5336111
428,Kazuliški,kazuliski,hamlet,27.0861111,56.0766667
428,Kazupe,kazupe,hamlet,23.3825,56.7611111
428,Kazusala,kazusala,hamlet,26.7475,56.6463889
428,Kazuļi,kazuli,hamlet,26.3897222,56.325
428,Kazuši,kazusi,hamlet,27.3580556,56.42
428,Kačupe,kacupe,hamlet,27.3816667,57.2433333
428,Kačāni,kacani,hamlet,27.3097222,55.9133333
428,Kaģeni,kageni,hamlet,24.4144272,56.417239
428,Kaģi,kagi,village,23.655308,56.8840928
428,Kaģumciems,kagumciems,hamlet,26.3477778,57.5719445
428,Kaķi,kaki,hamlet,27.1622222,57.3755556
428,Kaķīši,kakisi,hamlet,26.3933333,55.8975
428,Kaķīši,kakisi,hamlet,25.8455556,56.5725
428,Kaķīši,kakisi,hamlet,27.0208333,57.585
428,Kaļandri,kalandri,hamlet,25.4494444,56.5886111
428,Kaļedovka,kaledovka,hamlet,27.5047222,55.9325
428,Kaļinovka,kalinovka,hamlet,27.6283333,56.3105556
428,Kaļipova,kalipova,hamlet,27.5527778,56.0422222
428,Kalnāji,kalnaji,hamlet,27.4183333,56.3941667
428,Kaļpi,kalpi,hamlet,26.2852778,56.7166667
428,Kaļpi,kalpi,hamlet,26.3375,56.7911111
428,Kaļveiši,kalveisi,hamlet,27.03,55.9772222
428,Kaļveiši,kalveisi,hamlet,27.9272222,56.5127778
428,Kaļvi,kalvi,hamlet,27.1977778,56.0336111
428,Kaļvi,kalvi,hamlet,26.5811111,56.2138889
428,Kaļvi,kalvi,hamlet,27.0336111,56.315
428,Kaļvi,kalvi,hamlet,27.2738889,56.5483333
428,Kaļvi,kalvi,hamlet,27.7672222,56.5530556
428,Kaļvi,kalvi,hamlet,27.0119444,56.6308333
428,Kaļvi,kalvi,hamlet,26.1041667,56.8544445
428,Kaļvi,kalvi,hamlet,25.8383333,57.0333333
428,Kaļvieši,kalviesi,hamlet,27.7583333,56.1038889
428,Kaļvine,kalvine,hamlet,27.535,56.8544444
428,Kaļvāres,kalvares,hamlet,26.0830555,56.3197222
428,Kaļvīši,kalvisi,hamlet,27.6619444,56.1566667
428,Kaļķciems,kalkciems,hamlet,22.3822222,57.0994444
428,Kaļķes,kalkes,hamlet,26.8805556,56.0736111
428,Kaļķis,kalkis,village,23.5538591,56.8344213
428,Kaņepi,kanepi,hamlet,26.0569444,57.1569444
428,Kaņepsola,kanepsola,hamlet,27.0102778,57.0413889
428,Kaņepīne,kanepine,hamlet,27.039816,57.0283785
428,Kaņupaites,kanupaites,hamlet,25.7194444,56.1666667
428,Kašatnīki,kasatniki,village,26.6342663,55.9560291
428,Kaši,kasi,hamlet,27.1502778,56.5847222
428,Kaši,kasi,hamlet,27.5919444,56.9413889
428,Kašina,kasina,hamlet,27.4622222,56.4136111
428,Kaškuļova,kaskulova,hamlet,27.9211111,56.4383333
428,Kaštovņa,kastovna,hamlet,26.9147222,56.155
428,Kažemāki,kazemaki,hamlet,25.9077778,56.0922222
428,Kažemāki,kazemaki,hamlet,26.8058333,56.2163889
428,Kaži,kazi,hamlet,26.9136111,56.2747222
428,Kaži,kazi,hamlet,26.5797222,56.3191667
428,Kažuki,kazuki,hamlet,27.2677778,56.8761111
428,Kebzeri,kebzeri,hamlet,27.1622222,55.9908333
428,Keibinīki,keibiniki,hamlet,27.2852778,56.9127778
428,Keibinieki,keibinieki,hamlet,27.2188889,56.9467369
428,Keidāni,keidani,hamlet,27.1675,56.4869445
428,Keiki,keiki,hamlet,26.9494444,56.2086111
428,Keiri,keiri,hamlet,26.3619444,56.1194445
428,Keirāni,keirani,hamlet,26.855,55.8511111
428,Keiseļi,keiseli,hamlet,27.59,56.7416667
428,Keiseļova,keiselova,hamlet,27.3958333,56.8016667
428,Keiļi,keili,hamlet,27.4110867,57.0605468
428,Keiļova,keilova,hamlet,27.9172222,56.1125
428,Keiši,keisi,hamlet,27.6163889,56.9536111
428,Keiši,keisi,hamlet,27.6358333,57.1894445
428,Kelosovka,kelosovka,hamlet,27.0727778,56.5963889
428,Kelova,kelova,hamlet,27.5938889,55.8802778
428,Keramika,keramika,hamlet,21.2261111,56.5611111
428,Keukas,keukas,hamlet,26.2741667,56.3461111
428,Keukusileņi,keukusileni,hamlet,26.2708333,56.3383333
428,Kevreļeva,kevreleva,hamlet,27.5730556,55.8866667
428,Keņi,keni,hamlet,27.2183333,57.1125
428,Kikovščina,kikovscina,hamlet,27.4938889,55.9161111
428,Kipļuki,kipluki,hamlet,27.3027778,56.6325
428,Kipļuki,kipluki,hamlet,27.2952778,56.6380556
428,Kirili,kirili,hamlet,27.9238889,56.3175
428,Kirkiliški,kirkiliski,hamlet,27.0922222,56.205
428,Kirliški,kirliski,hamlet,26.7861111,55.7972222
428,Kirups,kirups,hamlet,26.3819444,56.0283333
428,Kises,kises,hamlet,27.1597222,56.67
428,Kiseļevci,kiselevci,hamlet,27.3955556,55.8105556
428,Kiseļi,kiseli,hamlet,27.8975,56.26
428,Kiseļi,kiseli,hamlet,27.8191667,56.4211111
428,Kiseļova,kiselova,hamlet,27.8680555,56.145
428,Kiseļovka,kiselovka,hamlet,27.1136111,56.3122222
428,Kisluhina,kisluhina,hamlet,27.4366667,56.4180556
428,Kitkova,kitkova,hamlet,27.8238889,56.5633333
428,Kitkova,kitkova,hamlet,27.7694444,56.705
428,Kiudalova,kiudalova,village,27.6605555,56.4552778
428,Kivki,kivki,hamlet,27.2946001,56.46
428,Kiuleņi,kiuleni,hamlet,27.2797222,56.3436111
428,Kiulinīki,kiuliniki,hamlet,26.4358333,56.4005556
428,Kiuliņauci,kiulinauci,hamlet,27.6488889,56.0591667
428,Kiureņi,kiureni,hamlet,26.8525,56.1194445
428,Kiuti,kiuti,hamlet,27.6069445,56.5786111
428,Kiuļi,kiuli,hamlet,27.5780556,56.4977778
428,Kiļauka,kilauka,hamlet,27.2363889,56.8566667
428,Kiški,kiski,hamlet,27.3319444,56.0411111
428,Klabani,klabani,hamlet,26.5113889,55.7569445
428,Klabauci,klabauci,hamlet,27.6530556,56.0133333
428,Glagači,glagaci,hamlet,27.3613889,56.0038889
428,Klagiši,klagisi,hamlet,27.9686111,56.2052778
428,Klampjuciems,klampjuciems,village,21.0108333,56.3561111
428,Klaudziņsala,klaudzinsala,hamlet,26.2961111,56.5019445
428,Klaugas,klaugas,hamlet,27.4058333,56.6508333
428,Klaškina,klaskina,hamlet,27.3844444,57.4677778
428,Kleberkalns,kleberkalns,hamlet,25.5883333,56.5252778
428,Kleivas,kleivas,hamlet,25.8121887,57.0942265
428,Kleivas,kleivas,hamlet,25.9194444,57.1211111
428,Kleivēni,kleiveni,hamlet,25.8497222,57.02
428,Klekeri,klekeri,hamlet,26.8036111,56.1141667
428,Klementine,klementine,hamlet,27.3872222,57.5188889
428,Klementinova,klementinova,hamlet,27.0911111,56.5994445
428,Kleperi,kleperi,hamlet,27.5325,56.5061111
428,Kleperova,kleperova,hamlet,27.3497222,56.5325
428,Kleķeri,klekeri,hamlet,25.5847222,57.2223837
428,Klešņiki,klesniki,hamlet,27.9775914,56.6364441
428,Klidziņa,klidzina,village,25.0858333,56.6252778
428,Klimentine,klimentine,hamlet,27.44,57.4702778
428,Klindžāni,klindzani,hamlet,26.6811111,56.3825
428,Klintaine,klintaine,hamlet,25.5972222,56.5852778
428,Klinti,klinti,hamlet,23.3402778,56.4161111
428,Klinči,klinci,hamlet,25.5705556,57.3033333
428,Kliņģerīši,klingerisi,hamlet,26.3969444,56.0188889
428,Kliši,klisi,hamlet,28.1813889,56.4411111
428,Kliškovas,kliskovas,hamlet,26.9125,56.24
428,Kloboni,kloboni,hamlet,26.6908333,56.0419444
428,Klomostova,klomostova,hamlet,27.4344445,56.6658333
428,Kloneites,kloneites,hamlet,27.3230556,56.7113889
428,Klonešnīki,klonesniki,hamlet,27.5519445,56.7336111
428,Kloni,kloni,hamlet,27.5670704,57.2125397
428,Kloveņi,kloveni,hamlet,26.8816667,56.0594445
428,Kloviņi,klovini,hamlet,27.0238889,55.9955556
428,Klumstova,klumstova,hamlet,27.8013889,56.3069445
428,Kluši,klusi,hamlet,26.6730556,56.6111111
428,Klāmaņi,klamani,hamlet,25.0258333,57.7666667
428,Klāvciems,klavciems,hamlet,22.825,56.9277778
428,Klāvi,klavi,hamlet,23.8425,56.3730556
428,Klāvi,klavi,hamlet,24.1445651,56.6687988
428,Klāvāni,klavani,hamlet,26.8436111,56.8516667
428,Klāņi,klani,hamlet,22.6994444,57.2836111
428,Klētnieki,kletnieki,hamlet,25.5990086,57.4197066
428,Klētnieki,kletnieki,hamlet,25.1080555,57.4225
428,Klīsmetes,klismetes,hamlet,27.4058333,56.1961111
428,Klīsmeti,klismeti,hamlet,27.475,56.1763889
428,Klīve,klive,hamlet,23.65,56.765
428,Klīves,klives,village,23.7790316,56.9099126
428,Klīvi,klivi,hamlet,24.6112093,56.5510846
428,Klīvmuiža,klivmuiza,hamlet,23.6083333,56.8061111
428,Klūnas,klunas,hamlet,23.2413889,56.4538889
428,Knutineica,knutineica,hamlet,26.3286111,56.3186111
428,Knutova,knutova,hamlet,27.4211111,56.42
428,Knīderi,knideri,hamlet,24.8819444,57.3241667
428,Kodori,kodori,hamlet,26.95,56.1547222
428,Koirovka,koirovka,hamlet,27.1611111,56.6191667
428,Kokanīši,kokanisi,hamlet,26.5088889,56.0277778
428,Kokanīši,kokanisi,hamlet,26.3652778,56.0788889
428,Kokapuze,kokapuze,hamlet,21.8722222,56.6855556
428,Kokari,kokari,village,26.7448861,56.6137814
428,Kokini,kokini,hamlet,27.4,55.8958333
428,Kokini,kokini,hamlet,26.8688889,56.0302778
428,Kokmuiža,kokmuiza,hamlet,22.7363249,56.496572
428,Kokori,kokori,hamlet,27.6616943,56.7357864
428,Kokorīši,kokorisi,hamlet,26.6952778,56.3322222
428,Koktagols,koktagols,hamlet,26.915,56.0363889
428,Kokāji,kokaji,hamlet,26.5352778,56.6538889
428,Kolaņģi,kolangi,hamlet,26.3430556,57.185
428,Kolberģis,kolbergis,village,27.1159623,57.4386127
428,Kolmusti,kolmusti,hamlet,26.7108333,56.1072222
428,Kolna Ančupāni,kolna ancupani,hamlet,27.3330556,56.5491667
428,Kolna Baški,kolna baski,hamlet,26.8736111,56.1744445
428,Kolna Boleņi,kolna boleni,hamlet,27.0386111,55.9727778
428,Kolna Driva,kolna driva,hamlet,26.8152778,56.165
428,Kolna Japini,kolna japini,hamlet,26.9788889,55.9677778
428,Kolna Kūdeņi,kolna kudeni,hamlet,27.0919445,56.0683333
428,Kolna Pūdnīki,kolna pudniki,hamlet,27.2436111,56.0533333
428,Kolna Pūrs,kolna purs,hamlet,26.2258333,56.4158333
428,Kolna Rubini,kolna rubini,hamlet,26.8663889,56.2280556
428,Kolna Sloboda,kolna sloboda,hamlet,27.1555556,56.5055556
428,Kolna Tūči,kolna tuci,hamlet,27.3444444,56.4447222
428,Kolnagreči,kolnagreci,hamlet,27.7780555,56.495
428,Kolnasāta,kolnasata,hamlet,26.6941667,56.4041667
428,Kolnasāta,kolnasata,hamlet,27.0294444,56.6330556
428,Kolnačova,kolnacova,hamlet,28.0856756,56.1755366
428,Kolnumeži,kolnumezi,hamlet,27.57,56.8955556
428,Kolomosti,kolomosti,hamlet,26.7108333,56.1113889
428,Kolītes,kolites,hamlet,27.5275,56.195
428,Komugreiva,komugreiva,hamlet,27.6658333,57.0347222
428,Komuļteņi,komulteni,hamlet,27.0305556,56.5630556
428,Kondaunīki,kondauniki,hamlet,26.6461111,56.0752778
428,Kondaunīki,kondauniki,hamlet,26.8916433,56.0902715
428,Kondrašova,kondrasova,hamlet,27.0594445,56.1766667
428,Kondrati,kondrati,hamlet,27.8961111,56.5322222
428,Kondroti,kondroti,hamlet,27.1580556,56.5575
428,Kondrāti,kondrati,hamlet,25.9759001,56.513133
428,Konecpole,konecpole,hamlet,27.8838889,56.2402778
428,Konogoļci,konogolci,hamlet,28.1066667,56.4752778
428,Kononi,kononi,hamlet,27.2377778,56.8925
428,Konopecka,konopecka,village,26.8387218,55.9179692
428,Konovalova,konovalova,hamlet,27.2327778,56.1341667
428,Konovalova,konovalova,hamlet,28.2275,56.2713889
428,Konstantinovka,konstantinovka,hamlet,27.685,56.4497222
428,Konuški,konuski,hamlet,27.5302778,56.2269445
428,Kooperators,kooperators,hamlet,26.4383333,55.9188889
428,Kooperators,kooperators,hamlet,24.7361111,56.8280556
428,Kopessils,kopessils,hamlet,27.4069444,56.8638889
428,Kopmaņi,kopmani,hamlet,27.1361111,57.3669445
428,Kopupļaides,kopuplaides,hamlet,26.495,57.0438889
428,Kopči,kopci,hamlet,27.5677778,56.7094445
428,Kordona,kordona,hamlet,27.0483333,57.1888889
428,Korecki,korecki,hamlet,27.5730556,56.8175
428,Korklinīki,korkliniki,hamlet,27.4744444,56.7372222
428,Kormiļceva,kormilceva,hamlet,27.1725,56.0452778
428,Kornova,kornova,hamlet,27.9544444,56.3636111
428,Koroļevščina,korolevscina,hamlet,26.7841667,56.0152778
428,Korsikova,korsikova,hamlet,26.8077778,56.2544445
428,Korsikova,korsikova,hamlet,26.4197222,56.3875
428,Korģene,korgene,village,24.5391667,57.7691667
428,Korģeļciems,korgelciems,hamlet,22.9030555,57.1252778
428,Korņovka,kornovka,hamlet,27.9772222,56.3466667
428,Koršinīki,korsiniki,hamlet,26.1755556,56.4413889
428,Koršupļova,korsuplova,hamlet,28.0722222,56.1661111
428,Kosa,kosa,hamlet,25.4191667,57.0919444
428,Kosmačovka,kosmacovka,hamlet,26.955,56.4041667
428,Kostigi,kostigi,hamlet,26.7808333,56.3266667
428,Kostigi,kostigi,hamlet,26.8658333,56.375
428,Kotleri,kotleri,hamlet,26.8008333,56.1505556
428,Kotlopi,kotlopi,hamlet,24.3630556,57.7213889
428,Kotlova,kotlova,hamlet,27.6352778,56.9586111
428,Kotoriški,kotoriski,hamlet,27.3408333,56.1202778
428,Kotoļnīki,kotolniki,hamlet,27.3802778,55.9838889
428,Kotāni,kotani,hamlet,26.8166667,56.2516667
428,Kotāni,kotani,hamlet,27.5544444,56.5463889
428,Kotļarova,kotlarova,hamlet,26.8941667,56.37
428,Kovališki,kovaliski,hamlet,26.6444445,55.8402778
428,Kovališki,kovaliski,hamlet,27.0763889,56.2716667
428,Kovališki,kovaliski,hamlet,27.8269444,56.3016667
428,Kovaļi,kovali,hamlet,27.4458333,56.4077778
428,Kovaļki,kovalki,hamlet,26.4891667,55.7986111
428,Kovaļki,kovalki,hamlet,27.5861111,55.99
428,Kovaļki,kovalki,hamlet,27.95,56.1611111
428,Kovaļki,kovalki,hamlet,27.7663889,56.5
428,Kovaļova,kovalova,hamlet,27.1022222,56.0463889
428,Kovaļovka,kovalovka,hamlet,27.5175,56.1875
428,Kovaļovka,kovalovka,hamlet,27.0444444,56.365
428,Kozindi,kozindi,hamlet,27.2766667,55.9138889
428,Kozliški,kozliski,hamlet,26.9719444,55.9911111
428,Kozlova,kozlova,hamlet,27.6772222,56.0044445
428,Kozlova,kozlova,hamlet,28.1038889,56.2072222
428,Kozlova,kozlova,hamlet,27.4036111,56.4675
428,Kozlova,kozlova,hamlet,27.4347222,56.6013889
428,Kozlova,kozlova,hamlet,27.5811111,57.09
428,Kozlova,kozlova,hamlet,27.1694445,57.1788889
428,Kozlovka,kozlovka,hamlet,26.5522222,55.78
428,Kozlovka,kozlovka,hamlet,27.9263889,56.1216667
428,Kozlovka,kozlovka,hamlet,27.0758333,56.3611111
428,Kozlovka,kozlovka,hamlet,27.4238889,56.6055556
428,Kozlovski,kozlovski,hamlet,27.9011111,56.5419445
428,Kozori,kozori,hamlet,27.2461111,56.5136111
428,Kozori,kozori,hamlet,27.0402778,56.695
428,Kozsola,kozsola,hamlet,26.6822222,56.6452778
428,Kozubierži,kozubierzi,hamlet,27.4797222,56.5916667
428,Kozudauņa,kozudauna,hamlet,27.4148685,56.6670279
428,Kozukolni,kozukolni,hamlet,27.4358333,56.59
428,Kozukolni,kozukolni,hamlet,27.65,56.6786111
428,Kozukolns,kozukolns,hamlet,27.5538889,56.8369444
428,Kozukolns,kozukolns,hamlet,27.7333333,57.1716667
428,Kozuleiši,kozuleisi,hamlet,26.7813889,56.1061111
428,Kozuli,kozuli,hamlet,27.56,56.6838889
428,Kozuliņi,kozulini,hamlet,26.3766667,56.5530556
428,Kozuliški,kozuliski,hamlet,27.4702778,56.2597222
428,Kozupe,kozupe,hamlet,27.1088889,57.0058333
428,Kozupi,kozupi,hamlet,26.7777778,56.1369445
428,Kozupka,kozupka,hamlet,27.3141667,56.28
428,Kozupīši,kozupisi,hamlet,26.3377778,56.1744445
428,Kozupūrs,kozupurs,hamlet,26.8869444,56.1572222
428,Kozusola,kozusola,hamlet,27.9783333,56.6272222
428,Kozuļi,kozuli,hamlet,26.835,56.3080556
428,Kozuļovka,kozulovka,hamlet,26.3216667,56.5447222
428,Kozuļi,kozuli,hamlet,26.7486111,56.4133333
428,Kozīne,kozine,hamlet,27.8138889,57.2744445
428,Kočergina,kocergina,hamlet,26.5055556,55.7088889
428,Kočkares,kockares,hamlet,26.2675,57.0086111
428,Kočujevka,kocujevka,hamlet,26.9905556,56.3844445
428,Koļesņiki,kolesniki,hamlet,28.2022222,56.3002778
428,Koņecpole,konecpole,hamlet,26.2927778,55.9894445
428,Koņecpole,konecpole,hamlet,26.8383333,56.0283333
428,Koņova,konova,hamlet,27.8730556,56.2975
428,Košeļova,koselova,hamlet,27.4744444,56.5222222
428,Koškina,koskina,hamlet,26.8322222,56.1011111
428,Koškina,koskina,hamlet,27.2163889,56.13
428,Košķele,koskele,hamlet,25.1963889,57.8005556
428,Kožanki,kozanki,hamlet,27.9516667,56.1516667
428,Kožas,kozas,hamlet,26.4225,57.2797222
428,Kožurki,kozurki,hamlet,27.6497222,56.8622222
428,Kradzes,kradzes,hamlet,21.3361111,56.5358333
428,Krampani,krampani,hamlet,26.6636111,57.2975
428,Krampenes,krampenes,hamlet,27.1316667,56.9283333
428,Krampines,krampines,hamlet,27.2916667,56.8455556
428,Krampji,krampji,hamlet,26.5722222,57.4319444
428,Krampova,krampova,hamlet,27.3644444,56.5791667
428,Krampāni,krampani,hamlet,26.4522222,57.0325
428,Kranciems,kranciems,hamlet,24.6297222,56.8780556
428,Krapa,krapa,village,26.6568613,57.1285398
428,Krapes muiža,krapes muiza,hamlet,25.1052778,56.7452778
428,Krapiški,krapiski,hamlet,26.7916667,56.2713889
428,Krapišku Buki,krapisku buki,hamlet,26.7858333,56.2669445
428,Krapāniški,krapaniski,hamlet,26.2597222,56.0697222
428,Krasiki,krasiki,hamlet,27.7494445,56.3433333
428,Krasnogorka,krasnogorka,hamlet,26.755,56.1322222
428,Krasnogorka,krasnogorka,hamlet,27.2902778,57.1433333
428,Krasnogļinka,krasnoglinka,hamlet,26.4455556,55.78
428,Krasnoje,krasnoje,hamlet,26.8625,55.9433333
428,Krasnopole,krasnopole,hamlet,27.8619445,56.1538889
428,Krasnorečka,krasnorecka,hamlet,26.6166667,55.8269445
428,Krasnoļenka,krasnolenka,hamlet,27.2530556,55.9111111
428,Krasta ciems,krasta ciems,hamlet,23.6408333,56.7591667
428,Krasti,krasti,hamlet,26.5775,55.7158333
428,Krasti,krasti,hamlet,24.9225,56.4394445
428,Krasti,krasti,hamlet,25.8511111,56.8536111
428,Krasutina,krasutina,hamlet,26.9705556,56.3777778
428,Kraujas,kraujas,village,25.7897222,56.1263889
428,Kraujas,kraujas,village,22.4268543,57.2374605
428,Kraujeļmi,kraujelmi,hamlet,26.4725,57.0427778
428,Kraujveideres,kraujveideres,hamlet,26.4572222,57.0430556
428,Kraukļi,kraukli,hamlet,26.2777632,55.7709513
428,Kraukļi,kraukli,hamlet,27.2766667,56.0883333
428,Kraukļi,kraukli,hamlet,27.0547222,56.7236111
428,Kraukļi,kraukli,hamlet,27.1086111,57.3458333
428,Kraukļova,krauklova,hamlet,27.2771471,57.0263597
428,Kraupeļi,kraupeli,hamlet,27.0991667,56.5525
428,Krauļi,krauli,hamlet,27.4833333,56.1669445
428,Krauļi,krauli,hamlet,27.3936111,56.1961111
428,Kravaļi,kravali,hamlet,27.5288889,56.4269444
428,Kravaļi,kravali,hamlet,27.8294444,56.4747222
428,Kravaļi,kravali,hamlet,27.3838889,56.6222222
428,Kravaļi,kravali,hamlet,27.6414679,57.178018
428,Kravažas,kravazas,hamlet,25.9322222,57.0797222
428,Kravcovka,kravcovka,hamlet,27.7852778,56.7216667
428,Kravčonki,kravconki,hamlet,27.58,55.8505556
428,Kreipāni,kreipani,village,26.8055236,55.9326014
428,Kreiči,kreici,hamlet,27.7666667,56.5252778
428,Kreiči,kreici,hamlet,27.8716667,56.6688889
428,Krejāni,krejani,hamlet,26.7055556,56.2586111
428,Krejāni,krejani,hamlet,26.745,56.3272222
428,Krekeliški,krekeliski,hamlet,26.9536111,55.97
428,Krekeļi,krekeli,hamlet,27.0825,56.01
428,Kreposte,kreposte,hamlet,26.2258333,56.0383333
428,Krepši,krepsi,hamlet,27.5061111,56.2480556
428,Krepšēni,krepseni,hamlet,25.9405556,57.0919444
428,Krevi,krevi,hamlet,26.8427778,56.3613889
428,Kriemeļi,kriemeli,hamlet,25.7851043,57.1145114
428,Kriepaste,kriepaste,hamlet,21.4633333,56.6566667
428,Krievbirze,krievbirze,hamlet,26.7077778,56.7683333
428,Krievciems,krievciems,hamlet,25.8875,56.6291667
428,Krievciems,krievciems,hamlet,25.9361111,56.6383333
428,Krieviņi,krievini,hamlet,26.2247222,56.8872222
428,Krievkalns,krievkalns,hamlet,27.3438889,57.0888889
428,Krievragciems,krievragciems,village,23.0585673,57.2886368
428,Krievēni,krieveni,hamlet,25.8355556,57.0830556
428,Krikši,kriksi,hamlet,27.6727778,56.4969444
428,Kristacalms,kristacalms,hamlet,27.5324055,57.2199206
428,Kristakrogs,kristakrogs,hamlet,26.5952778,56.5536111
428,Kristceļi,kristceli,hamlet,27.1733333,56.5605556
428,Kristceļi,kristceli,hamlet,26.885,56.5911111
428,Kristceļnīki,kristcelniki,hamlet,27.2175,56.265
428,Kristiņkas,kristinkas,hamlet,27.2888889,56.7591667
428,Kristužāni,kristuzani,hamlet,27.7077778,56.5888889
428,Krivanda,krivanda,hamlet,28.0458333,56.5433333
428,Krivina,krivina,hamlet,27.5613889,56.1522222
428,Kriviniški,kriviniski,hamlet,26.4419444,55.7711111
428,Krivoki,krivoki,hamlet,26.5219444,56.3313889
428,Krivoseļci,krivoselci,hamlet,27.3691169,55.826112
428,Krivošejeva,krivosejeva,hamlet,26.8322222,55.9816667
428,Krivošeji,krivoseji,hamlet,27.0438889,56.1094445
428,Kriņica,krinica,hamlet,27.5880556,56.0002778
428,Krišjāņi,krisjani,village,27.2875,56.8072222
428,Kriškalni,kriskalni,village,25.7224247,56.6231404
428,Kriškinova,kriskinova,hamlet,27.7386111,56.0930556
428,Kriškināni,kriskinani,hamlet,26.2647222,56.1613889
428,Kriškāni,kriskani,village,26.7308162,55.9688432
428,Kriškāni,kriskani,hamlet,25.7797222,56.1902778
428,Krištobi,kristobi,hamlet,26.7711111,56.4519445
428,Krištopeņi,kristopeni,hamlet,26.9652778,56.1711111
428,Križevņiki,krizevniki,hamlet,27.2783333,56.4158333
428,Križini,krizini,hamlet,27.5494444,56.5744444
428,Križovka,krizovka,hamlet,26.9677778,56.0372222
428,Križovka,krizovka,hamlet,26.7583333,56.1486111
428,Križuti,krizuti,hamlet,27.5219445,56.4761111
428,Krjakova,krjakova,hamlet,27.5330556,56.5233333
428,Krodzinieki,krodzinieki,hamlet,25.0483333,56.7988889
428,Krogsils,krogsils,village,24.1873974,56.8535026
428,Krogzemji,krogzemji,hamlet,25.1897222,57.4947222
428,Kroleiši,kroleisi,hamlet,27.4730555,56.6752778
428,Krolīši,krolisi,hamlet,25.3,56.5833333
428,Kromani,kromani,hamlet,27.4919444,56.1533333
428,Kromoni,kromoni,hamlet,27.4691667,56.0591667
428,Kromoni,kromoni,hamlet,27.6777778,56.3611111
428,Kromoniškas,kromoniskas,hamlet,27.6975,56.0836111
428,Kromāni,kromani,hamlet,27.8366667,56.0808333
428,Kroni,kroni,hamlet,27.6208333,57.0177778
428,Kropiškas,kropiskas,hamlet,27.1947222,56.01
428,Kropiški,kropiski,hamlet,27.1744444,56.0716667
428,Kropova,kropova,hamlet,26.9058333,56.1591667
428,Kroļauka,krolauka,hamlet,26.4411111,56.3013889
428,Kroņmuiža,kronmuiza,hamlet,26.4672222,56.9838889
428,Kroņmuiža,kronmuiza,village,22.6193216,57.3773031
428,Kroški,kroski,hamlet,27.7013889,56.4338889
428,Krumpāni,krumpani,hamlet,27.2355556,55.9388889
428,Krumpāni,krumpani,hamlet,27.2333333,55.9402778
428,Krumāni,krumani,hamlet,27.5547222,55.9941667
428,Krupeniški,krupeniski,hamlet,26.9877778,56.2383333
428,Krupi,krupi,village,27.2576195,56.5583901
428,Krupmuiža,krupmuiza,hamlet,21.4302778,56.5725
428,Krusti,krusti,hamlet,27.1727778,56.5994445
428,Krusti,krusti,hamlet,27.1605556,56.6841667
428,Krusāta,krusata,hamlet,21.6113326,56.5712582
428,Krutaruča,krutaruca,hamlet,26.5625,56.0511111
428,Kruteļi,kruteli,hamlet,26.7244444,56.0591667
428,Kruti,kruti,hamlet,27.5577778,57.3619445
428,Krutova,krutova,hamlet,27.5655556,56.8388889
428,Krutova,krutova,hamlet,27.4216667,56.9827778
428,Krutova,krutova,hamlet,27.6285544,57.0668965
428,Kručinova,krucinova,hamlet,27.5672222,57.0061111
428,Kručiņiški,kruciniski,hamlet,27.1563889,56.1091667
428,Kručki,krucki,hamlet,26.6252778,57.2955556
428,Krāces,kraces,hamlet,26.4541667,57.2419445
428,Krēsle,kresle,hamlet,27.1222222,56.7288889
428,Krīvasola,krivasola,hamlet,26.525,56.3505556
428,Krīveņi,kriveni,hamlet,27.0747222,56.0194444
428,Krīveņi,kriveni,hamlet,27.2297222,56.4744445
428,Krīveņi,kriveni,hamlet,27.8541667,56.5730556
428,Krīveņi,kriveni,hamlet,27.8188889,56.8138889
428,Krīvi,krivi,hamlet,23.1097222,56.9458333
428,Krīviņi,krivini,hamlet,27.1838889,55.8622222
428,Krīvmaizes,krivmaizes,hamlet,27.2288889,56.5941667
428,Krīvore,krivore,hamlet,26.4044444,56.2441667
428,Krīvu Balborži,krivu balborzi,hamlet,26.9308333,56.3522222
428,Krīvu Gorbuni,krivu gorbuni,hamlet,27.8147222,56.4316667
428,Krīvu Sloboda,krivu sloboda,hamlet,27.2011111,56.485
428,Krīvu Stiglova,krivu stiglova,hamlet,27.6705556,56.7191667
428,Krīvu Virauda,krivu virauda,hamlet,27.3963889,56.2363889
428,Krīvu Čakši,krivu caksi,hamlet,27.3483333,56.6302778
428,Krīvāni,krivani,village,26.6783679,55.9586008
428,Krīvāni,krivani,hamlet,26.5332019,56.0541371
428,Krīči,krici,hamlet,24.6788889,56.4894445
428,Krūmēni,krumeni,hamlet,25.8883333,57.0461111
428,Krūsāri,krusari,hamlet,25.345,57.0038889
428,Krūzes,kruzes,hamlet,25.3119063,57.6058052
428,Krūģeri,krugeri,hamlet,27.2586111,56.0236111
428,Krūškalne,kruskalne,hamlet,23.11,56.4586111
428,Ksaverina,ksaverina,hamlet,27.7652778,56.2502778
428,Ksaverinova,ksaverinova,hamlet,26.5438889,56.2333333
428,Ksaverinova,ksaverinova,hamlet,26.5425,56.2363889
428,Kseverova,kseverova,hamlet,27.6794444,55.9677778
428,Kubas,kubas,hamlet,26.2211111,57.0666667
428,Kubuliņi,kubulini,hamlet,25.7361111,57.0302778
428,Kubulova,kubulova,hamlet,27.8363889,56.5283333
428,Kubulova,kubulova,hamlet,27.4871874,56.6840516
428,Kubulova,kubulova,hamlet,27.7158755,57.0648483
428,Kubuļniški,kubulniski,hamlet,27.3661111,56.0361111
428,Kucines,kucines,hamlet,27.2088889,56.545
428,Kucines,kucines,hamlet,27.2986111,56.7088889
428,Kucini,kucini,hamlet,26.4975,55.9822222
428,Kuderi,kuderi,hamlet,27.21,56.7891667
428,Kudinava,kudinava,hamlet,27.4147222,57.3913889
428,Kudļi,kudli,hamlet,26.8005556,56.2288889
428,Kudļi,kudli,hamlet,27.1444445,56.5161111
428,Kuhališki,kuhaliski,hamlet,26.4827778,55.7305556
428,Kuhareva,kuhareva,hamlet,26.8922222,56.2533333
428,Kuhari,kuhari,hamlet,27.32,56.0775
428,Kuhtiški,kuhtiski,hamlet,27.6063889,55.9341667
428,Kuiki,kuiki,hamlet,27.5183333,56.1597222
428,Kuiķule,kuikule,hamlet,24.4944444,57.7166667
428,Kujerci,kujerci,hamlet,27.9952778,56.5269444
428,Kukalēni,kukaleni,hamlet,25.7511111,56.0969445
428,Kukari,kukari,hamlet,26.9369444,56.0794444
428,Kukari,kukari,hamlet,27.7441667,56.7352778
428,Kukliškas,kukliskas,hamlet,26.5044444,56.0819445
428,Kukujeva,kukujeva,hamlet,27.8086111,56.4141667
428,Kukuči,kukuci,hamlet,24.4215229,56.3313982
428,Kukuči,kukuci,hamlet,27.1133333,56.4794445
428,Kulakiški,kulakiski,hamlet,27.4983333,55.9608333
428,Kulakova,kulakova,hamlet,27.7341667,56.0505556
428,Kulakova,kulakova,hamlet,27.5788889,56.1705556
428,Kulakova,kulakova,hamlet,27.7083333,56.3413889
428,Kuliniški,kuliniski,hamlet,27.3886111,55.9830556
428,Kumalāni,kumalani,hamlet,27.3044444,56.1663889
428,Kumpani,kumpani,hamlet,24.4266667,57.4533333
428,Kumpiniški,kumpiniski,hamlet,26.2658333,55.7861111
428,Kumpiņi,kumpini,hamlet,27.6191667,56.2219444
428,Kumpoti,kumpoti,hamlet,26.45,55.7105556
428,Kundrati,kundrati,hamlet,26.8161111,57.3661111
428,Kundziniškas,kundziniskas,hamlet,27.02,56.0955556
428,Kundziņi,kundzini,hamlet,25.0763889,57.9883333
428,Kungadrivas,kungadrivas,hamlet,26.4422222,56.085
428,Kungudruvas,kungudruvas,hamlet,25.6872222,56.2255556
428,Kunči,kunci,hamlet,25.4130556,57.3094445
428,Kupciški,kupciski,hamlet,26.4236111,55.8319445
428,Kupkini,kupkini,hamlet,27.6327778,56.3630556
428,Kupriši,kuprisi,hamlet,27.9352778,56.21
428,Kupčinki,kupcinki,hamlet,27.4363889,56.4311111
428,Kurcums,kurcums,hamlet,26.3722222,55.7341667
428,Kurcums,kurcums,hamlet,26.4816667,55.7580556
428,Kurjanova,kurjanova,hamlet,27.9961111,56.5208333
428,Kurka,kurka,hamlet,26.9641667,56.2536111
428,Kurloviči,kurlovici,hamlet,26.9244444,56.0175
428,Kurma,kurma,hamlet,27.7844444,56.3994445
428,Kurmi,kurmi,hamlet,26.155,57.0327778
428,Kurmji,kurmji,hamlet,25.7105411,57.0811341
428,Kurna,kurna,hamlet,27.2047222,57.1477778
428,Kurnalina,kurnalina,hamlet,27.6444445,56.4138889
428,Kurpeniškas,kurpeniskas,hamlet,26.7502778,56.0083333
428,Kurpnīki,kurpniki,hamlet,27.3988889,55.9105556
428,Kursakciems,kursakciems,hamlet,22.6277928,57.1684978
428,Kursieši,kursiesi,hamlet,25.9117206,56.6045615
428,Kurteņi,kurteni,hamlet,27.1486111,56.4686111
428,Kurtiši,kurtisi,village,26.8808271,55.9334722
428,Kurtoša,kurtosa,hamlet,26.97,56.1969445
428,Kurzemnieki,kurzemnieki,hamlet,22.7156756,57.0295539
428,Kurčini,kurcini,hamlet,26.5377778,56.4583333
428,Kurļinova,kurlinova,hamlet,27.5558333,56.0325
428,Kurši,kursi,hamlet,22.5069444,56.64
428,Kurši,kursi,hamlet,22.4893796,57.2241613
428,Kuseņi,kuseni,hamlet,26.4752778,56.1066667
428,Kusiņi,kusini,hamlet,27.2719444,56.0027778
428,Kusiņi,kusini,hamlet,26.2902778,56.1905556
428,Kutki,kutki,hamlet,26.6997222,56.0822222
428,Kuzmina,kuzmina,hamlet,26.7566667,56.0216667
428,Kuzminci,kuzminci,hamlet,27.8975,56.0902778
428,Kuzmini,kuzmini,hamlet,27.4575,55.8894445
428,Kuzņecova,kuznecova,hamlet,27.6275,56.915
428,Kučenieki,kucenieki,hamlet,26.0711111,56.5027778
428,Kučkauški,kuckauski,hamlet,27.1333333,56.7386111
428,Kuģinīki,kuginiki,hamlet,27.3897222,56.8697222
428,Kuļbova,kulbova,hamlet,27.6180556,55.8238889
428,Kuļpine,kulpine,hamlet,27.5177778,57.1902778
428,Kuļči,kulci,hamlet,26.9563889,56.3486111
428,Kuļķi,kulki,hamlet,26.1980556,57.3447222
428,Kušaiņi,kusaini,village,22.0528282,56.6829307
428,Kušļi,kusli,hamlet,25.7852778,57.0091667
428,Kušņeri,kusneri,hamlet,27.5944444,56.3458333
428,Kušņeri,kusneri,hamlet,27.9,56.375
428,Kušņeri,kusneri,hamlet,27.9844444,56.5755556
428,Kušņerova,kusnerova,hamlet,27.6955555,56.5727778
428,Kužmi,kuzmi,hamlet,26.9752778,56.2541667
428,Kvasovka,kvasovka,hamlet,27.0361111,56.3802778
428,Kvašņova,kvasnova,hamlet,27.6137142,56.9819767
428,Kvedervacumi,kvedervacumi,hamlet,26.3777778,56.2294445
428,Kvietaines,kvietaines,hamlet,26.4025,56.4891667
428,Kākuči,kakuci,hamlet,27.4938889,56.6694445
428,Kāmieši,kamiesi,hamlet,26.3913889,57.1775
428,Kārkli,karkli,hamlet,26.2436111,57.0536111
428,Kārklinieki,karklinieki,hamlet,27.2241667,57.08
428,Kārkliņi,karklini,hamlet,26.645077,56.5554904
428,Kārklumuiža,karklumuiza,hamlet,23.1763889,56.4275
428,Kārklumuiža,karklumuiza,hamlet,26.2622222,56.9663889
428,Kārkļi,karkli,hamlet,26.9663889,57.5152778
428,Kārniņi,karnini,village,23.7878909,56.6322876
428,Kārnīte,karnite,hamlet,27.3380556,57.0744445
428,Kārsavas stacija,karsavas stacija,hamlet,27.6922747,56.8150881
428,Kārtupnieki,kartupnieki,hamlet,26.0716667,56.5341667
428,Kārļi,karli,hamlet,26.4480556,56.31
428,Kāķupi,kakupi,hamlet,26.2366667,57.1775
428,Kāķīši,kakisi,village,22.7855785,57.1473753
428,Kāņciems,kanciems,hamlet,22.3114014,57.1564544
428,Kļangova,klangova,hamlet,27.5433333,56.9266667
428,Kļasi,klasi,hamlet,27.5952778,55.8538889
428,Kļasica,klasica,hamlet,27.3188889,56.6391667
428,Kļavaisi,klavaisi,hamlet,26.1413889,57.3755556
428,Kļavas,klavas,village,24.6386111,57.1083333
428,Kļaveņi,klaveni,hamlet,27.2305556,56.8525
428,Kļavinski,klavinski,hamlet,26.3877778,56.3027778
428,Kļaviški,klaviski,hamlet,26.4066667,55.7675
428,Kļavsola,klavsola,hamlet,26.5,56.3183333
428,Kļavusola,klavusola,hamlet,27.5063889,56.9594444
428,Kļeščova,klescova,hamlet,27.7402778,56.2563889
428,Kļins,klins,hamlet,26.905,56.1741667
428,Kļišova,klisova,hamlet,27.1113889,56.0383333
428,Kļocki,klocki,hamlet,26.4561111,56.0013889
428,Kļonovka,klonovka,hamlet,26.9636111,56.37
428,Kļotčiški,klotciski,hamlet,26.5644444,55.8272222
428,Kļovi,klovi,hamlet,27.8075,56.545
428,Kļovi,klovi,hamlet,27.2180556,56.5644445
428,Kļovusola,klovusola,hamlet,27.4127778,56.935
428,Kļukuški,klukuski,hamlet,27.5208333,56.1775
428,Kļučki,klucki,hamlet,27.5863889,56.2558333
428,Kļučnīki,klucniki,hamlet,27.645,57.1580556
428,Kņāvi,knavi,hamlet,26.0366667,56.5541667
428,Kščeva,ksceva,hamlet,26.3983333,55.7397222
428,Kūdaicīši,kudaicisi,hamlet,26.3694444,56.0722222
428,Kūdiņi,kudini,hamlet,27.2225,55.9577778
428,Kūdiņi,kudini,hamlet,26.9116667,55.9736111
428,Kūdra,kudra,village,21.5730556,56.7286111
428,Kūdra,kudra,hamlet,23.3572222,56.9683333
428,Kūdras,kudras,hamlet,22.2952778,56.5133333
428,Kūdupe,kudupe,hamlet,27.4333333,57.4486111
428,Kūkas,kukas,village,26.0961111,56.5441667
428,Kūkoji,kukoji,hamlet,26.8986111,56.5266667
428,Kūkoji,kukoji,hamlet,27.4033333,56.655
428,Kūkova,kukova,hamlet,27.5383333,56.8388889
428,Kūku Pasile,kuku pasile,hamlet,26.0855556,56.5475
428,Kūliņi,kulini,hamlet,26.2719444,56.0194445
428,Kūrmi,kurmi,hamlet,26.7830556,56.145
428,Kūrpinīki,kurpiniki,hamlet,26.9561111,56.6575
428,Kūrseiši,kurseisi,hamlet,26.9797222,55.9386111
428,Kūrsīši,kursisi,hamlet,27.3055556,55.985
428,Kūrāni,kurani,hamlet,26.1280555,56.5075
428,Kūzmi,kuzmi,hamlet,27.1738889,56.6525
428,Labunščina,labunscina,hamlet,27.7166667,56.2572222
428,Ladiškina,ladiskina,hamlet,27.3186111,56.1597222
428,Laduši,ladusi,hamlet,27.36,56.3666667
428,Laduši,ladusi,hamlet,27.4680556,56.4702778
428,Lagoni,lagoni,hamlet,26.8916667,56.5022222
428,Lagzdiņas,lagzdinas,hamlet,22.5075,56.6875
428,Laides,laides,hamlet,25.9375,56.5544445
428,Laides,laides,hamlet,26.2302778,56.6036111
428,Laigolova,laigolova,hamlet,27.3141667,56.7680556
428,Laime,laime,hamlet,26.2813889,55.8333333
428,Laivacumi,laivacumi,hamlet,26.3247222,56.3308333
428,Laizāni,laizani,hamlet,27.3388889,56.2030556
428,Laizāni,laizani,hamlet,27.8316667,56.3936111
428,Laizāni,laizani,hamlet,27.2147222,56.4205556
428,Laizāni,laizani,hamlet,27.065,56.5266667
428,Laizāni,laizani,hamlet,27.3325,56.7327778
428,Laiņi,laini,hamlet,24.4036914,56.7354993
428,Lakauski,lakauski,hamlet,26.5972222,56.375
428,Lakstene,lakstene,hamlet,25.2805556,56.8805556
428,Lakstīgalas,lakstigalas,hamlet,26.4975,55.7202778
428,Lakšciems,laksciems,hamlet,22.6906111,57.4627306
428,Lakši,laksi,hamlet,27.0841667,56.5319444
428,Lakšinīki,laksiniki,hamlet,27.5286111,56.7105556
428,Lamaši,lamasi,hamlet,27.52,56.3052778
428,Lampuži,lampuzi,hamlet,24.5819445,57.8236111
428,Lamsteri,lamsteri,hamlet,26.2630556,57.4333333
428,Landskorona,landskorona,hamlet,28.0084535,56.150322
428,Landzāni,landzani,hamlet,26.0611111,56.2841667
428,Landzāni,landzani,hamlet,26.0958333,56.4547222
428,Lankaskalns,lankaskalns,hamlet,26.2047222,57.4136111
428,Lanksēži,lanksezi,hamlet,21.5955555,56.7933333
428,Lapas,lapas,hamlet,23.7172222,56.5705556
428,Lapati,lapati,hamlet,26.5809624,57.3174132
428,Lapatiškas,lapatiskas,hamlet,27.1408333,56.2688889
428,Lapatnīki,lapatniki,hamlet,27.7813889,56.7155556
428,Lapenieki,lapenieki,hamlet,26.5316667,57.0
428,Lapi,lapi,hamlet,27.4655556,56.1636111
428,Lapoški,laposki,hamlet,27.5778076,55.8424596
428,Lapsas,lapsas,hamlet,26.2977778,55.9247222
428,Lapsiņas,lapsinas,hamlet,24.4677778,57.5633333
428,Lapubirze,lapubirze,hamlet,27.1638889,57.0666667
428,Lapši,lapsi,hamlet,26.6738889,57.0158333
428,Lasenberga,lasenberga,hamlet,26.5873408,55.8545454
428,Lasinnaja,lasinnaja,hamlet,27.1694444,57.1855556
428,Lastovki,lastovki,hamlet,27.8372222,56.1144444
428,Latatujeva,latatujeva,hamlet,26.8780555,56.3411111
428,Latgale,latgale,hamlet,26.5428431,55.9354966
428,Latgaļi,latgali,hamlet,24.7177778,56.7233333
428,Latiši,latisi,hamlet,27.7052778,56.6380556
428,Latišonki,latisonki,hamlet,28.0602778,56.1541667
428,Latvasas,latvasas,hamlet,26.4019444,57.3494445
428,Latvīšu Balborži,latvisu balborzi,hamlet,26.9402778,56.3672222
428,Latvīšu Sloboda,latvisu sloboda,hamlet,27.2205555,56.4797222
428,Latvīšu Stiglova,latvisu stiglova,hamlet,27.6633333,56.6975
428,Latvīšu Virauda,latvisu virauda,hamlet,27.3836111,56.2208333
428,Laucese,laucese,village,26.5033333,55.8394445
428,Lauciene,lauciene,village,22.7526713,57.2277482
428,Laucienes pansionāts,laucienes pansionats,hamlet,22.7599454,57.2135314
428,Lauciņi,laucini,hamlet,26.15,56.3883333
428,Lauciņi,laucini,hamlet,25.5655556,56.5908333
428,Lauda,lauda,hamlet,26.4516667,56.3072222
428,Laude,laude,hamlet,25.9269445,56.1677778
428,Lauka Ļāperi,lauka laperi,hamlet,26.9238889,56.0280556
428,Laukgals,laukgals,hamlet,21.1452778,56.3638889
428,Lauki,lauki,hamlet,25.9966667,56.4916667
428,Laukmuiža,laukmuiza,hamlet,21.645,56.3508333
428,Laukmuiža,laukmuiza,hamlet,23.4738889,56.5625
428,Laukmuiža,laukmuiza,hamlet,21.87,56.6025
428,Laukmuiža,laukmuiza,hamlet,22.3619444,56.8502778
428,Laukmuiža,laukmuiza,hamlet,22.7118177,57.3794112
428,Lauku Ruskuļova,lauku ruskulova,hamlet,27.6605556,56.1308333
428,Vasarnīcas,vasarnicas,village,26.6456327,55.9217398
428,Laurciems,laurciems,hamlet,21.1119444,56.3808333
428,Laureņi,laureni,hamlet,26.7341667,56.0597222
428,Lauri,lauri,hamlet,26.2758333,56.2069444
428,Lauriški,lauriski,hamlet,26.5672222,56.1069444
428,Laurovka,laurovka,hamlet,27.0141667,56.5730556
428,Lauruti,lauruti,hamlet,27.7133333,56.9825
428,Lauski,lauski,hamlet,26.5730556,56.2
428,Lauski,lauski,hamlet,25.8583333,56.8830556
428,Lauskinīki,lauskiniki,hamlet,27.2155556,56.8341667
428,Lauzinīki,lauziniki,hamlet,26.9493555,56.5800887
428,Lauči,lauci,hamlet,27.6155556,56.59
428,Lauški,lauski,hamlet,28.1080556,56.4866667
428,Lavašnīks,lavasniks,hamlet,27.8480556,57.2902778
428,Laveri,laveri,village,24.2725954,57.1127526
428,Lavide,lavide,hamlet,26.0116667,55.9766667
428,Lazari,lazari,hamlet,27.9333333,56.2477778
428,Lazdas,lazdas,hamlet,22.9672222,57.0205556
428,Lazdinīki,lazdiniki,hamlet,26.8219444,56.5986111
428,Lazdiņas,lazdinas,hamlet,23.8561111,56.7388889
428,Lazdiņi,lazdini,hamlet,26.2188889,57.3105556
428,Lazdukalns,lazdukalns,hamlet,27.4033333,57.1147222
428,Lazdāni,lazdani,hamlet,26.5238889,56.1711111
428,Lazoviki,lazoviki,hamlet,27.5622222,55.8066667
428,Lazovka,lazovka,hamlet,26.5786337,55.8572133
428,Lazovka,lazovka,hamlet,26.7222222,56.0658333
428,Laļi,lali,hamlet,27.2369444,56.5286111
428,Laši,lasi,hamlet,26.1175,55.9616667
428,Lebenieši,lebeniesi,hamlet,24.2347222,56.8461111
428,Ledinski,ledinski,hamlet,27.6122222,56.7863889
428,Leidiuksna,leidiuksna,hamlet,27.9069445,56.4111111
428,Leidumi,leidumi,hamlet,27.5419444,56.9113889
428,Leidumnīki,leidumniki,hamlet,27.6333333,56.775
428,Leidumnīki,leidumniki,hamlet,27.1903446,56.8565869
428,Leikumi,leikumi,hamlet,26.9811111,55.9833333
428,Leimaniškas,leimaniskas,hamlet,27.1338889,56.5513889
428,Leimaniški,leimaniski,hamlet,27.1808333,56.3236111
428,Leimaņi,leimani,village,25.9252778,56.3108333
428,Leimaņi,leimani,hamlet,25.9789019,56.5544267
428,Leimaņi,leimani,hamlet,27.1463889,56.5569445
428,Leimaņi,leimani,hamlet,25.6377751,57.023675
428,Leinakolns,leinakolns,hamlet,26.9566667,56.3136111
428,Leiniški,leiniski,hamlet,26.8294444,56.36
428,Leitaniški,leitaniski,hamlet,27.1555556,56.2058333
428,Leitinova,leitinova,hamlet,27.8469444,56.2205556
428,Leitāni,leitani,hamlet,27.0191667,56.1061111
428,Leitāni,leitani,hamlet,26.8791667,56.3647222
428,Leitāni,leitani,hamlet,25.9644255,56.6168269
428,Līči,lici,village,26.6907608,56.3001111
428,Leiņi,leini,hamlet,27.5969444,56.3219445
428,Leišupi,leisupi,hamlet,26.0861967,56.4438556
428,Leišusils,leisusils,hamlet,26.1241667,56.5427778
428,Lejas Ančupāni,lejas ancupani,hamlet,27.3480556,56.5411111
428,Lejas Boleņi,lejas boleni,hamlet,27.0269445,55.9847222
428,Lejas Butkāni,lejas butkani,hamlet,27.2530556,56.1713889
428,Lejas Kūdeņi,lejas kudeni,hamlet,27.0936111,56.0563889
428,Lejas Pūdnīki,lejas pudniki,hamlet,27.2444445,56.0686111
428,Lejas Randari,lejas randari,hamlet,26.7802778,56.3458333
428,Lejas Romuļi,lejas romuli,hamlet,27.1033333,55.9630556
428,Lejas Sloboda,lejas sloboda,hamlet,27.1491667,56.5
428,Lejas Trušeļi,lejas truseli,hamlet,27.3769444,55.935
428,Lejas Tūči,lejas tuci,hamlet,27.3591667,56.4577778
428,Lejas,lejas,hamlet,26.9680555,57.3136111
428,Lejasandži,lejasandzi,hamlet,26.6852778,57.0955556
428,Lejaskrogs,lejaskrogs,hamlet,27.3275,57.4980556
428,Lejaslabiņi,lejaslabini,village,22.6705556,57.2236111
428,Lejasmačulāni,lejasmaculani,hamlet,26.0802778,56.1052778
428,Lejasozoli,lejasozoli,hamlet,24.5586111,57.3508333
428,Lejasstrazdi,lejasstrazdi,village,23.3135003,56.6606342
428,Lejastači,lejastaci,hamlet,27.5936111,57.0788889
428,Lejasšķiņķi,lejasskinki,hamlet,27.1072222,57.3830556
428,Lejieši,lejiesi,hamlet,26.2727778,57.0136111
428,Lejnīki,lejniki,hamlet,27.3986111,55.8502778
428,Lejnīki,lejniki,hamlet,27.1155556,56.3202778
428,Lekste,lekste,hamlet,27.0213889,56.9869445
428,Lekši,leksi,hamlet,21.5268828,56.6406164
428,Lembis,lembis,hamlet,25.8608591,57.3914002
428,Lemešauka,lemesauka,hamlet,27.1102778,55.9277778
428,Lemešava,lemesava,hamlet,27.3238889,57.1113889
428,Lemešava,lemesava,hamlet,27.3125,57.1213889
428,Lemeši,lemesi,hamlet,27.4633333,56.0455556
428,Lemešova,lemesova,hamlet,27.6961111,56.7538889
428,Lemešova,lemesova,hamlet,27.5877495,56.8952374
428,Lemešova,lemesova,hamlet,27.6002778,57.0536111
428,Lemki,lemki,hamlet,27.8230556,56.455
428,Lempi,lempi,hamlet,27.2125,56.635
428,Lenderņa,lenderna,hamlet,26.5013889,55.8255556
428,Lendži,lendzi,village,27.5089978,56.5833758
428,Lenkava,lenkava,hamlet,27.1705555,57.3841667
428,Lenči,lenci,village,25.1958025,57.3904397
428,Leonoviči,leonovici,hamlet,27.15,56.1486111
428,Leperi,leperi,hamlet,27.0183333,56.2638889
428,Lesinski,lesinski,hamlet,27.5052778,56.3033333
428,Letes,letes,village,26.8494444,57.3016667
428,Leukādijas,leukadijas,hamlet,25.3655556,57.3619445
428,Leveste,leveste,village,22.9783333,56.725
428,Leškas,leskas,hamlet,27.4144445,56.6941667
428,Leški,leski,hamlet,27.5011111,56.5761111
428,Leščinski,lescinski,hamlet,26.8686111,56.4183333
428,Lešķi,leski,hamlet,27.0077778,57.1738889
428,Libiņi,libini,hamlet,27.4402778,56.1811111
428,Lidlauka ciems,lidlauka ciems,hamlet,24.7536111,57.4969444
428,Lidoņi,lidoni,hamlet,26.7316667,55.8366667
428,Liedeskrogs,liedeskrogs,hamlet,26.5666667,56.9466667
428,Lielaisciems,lielaisciems,hamlet,23.2760832,57.013617
428,Lielapgulde,lielapgulde,hamlet,23.2488889,56.5463889
428,Lielborne,lielborne,hamlet,26.9716667,55.8661111
428,Lielbāta,lielbata,hamlet,21.8567165,56.4426468
428,Lielie Anspoki,lielie anspoki,village,26.6422222,56.3833333
428,Lielie Biernāni,lielie biernani,hamlet,27.0644444,56.1616667
428,Lielie Brici,lielie brici,hamlet,27.84,56.1741667
428,Lielie Doski,lielie doski,hamlet,27.2694444,56.0694445
428,Lielie Dzierkaļi,lielie dzierkali,hamlet,27.0661111,56.1238889
428,Lielie Garanči,lielie garanci,hamlet,27.3022222,56.5025
428,Lielie Gavari,lielie gavari,hamlet,26.7286111,56.3227778
428,Lielie Kokini,lielie kokini,hamlet,26.7011111,55.9825
428,Lielie Krīviņi,lielie krivini,hamlet,26.8236111,55.9441667
428,Lielie Kukuļi,lielie kukuli,hamlet,27.6247222,56.4125
428,Lielie Kuseņi,lielie kuseni,hamlet,26.8386111,56.0219444
428,Lielie Kusiņi,lielie kusini,hamlet,27.2338889,55.9266667
428,Lielie Kūrsīši,lielie kursisi,hamlet,26.4538889,56.2319445
428,Lielie Lauri,lielie lauri,hamlet,26.755,56.0422222
428,Lielie Leimaņi,lielie leimani,hamlet,26.665,56.5822222
428,Lielie Leiči,lielie leici,hamlet,26.6872222,56.2936111
428,Lielie Loči,lielie loci,hamlet,27.0313889,55.9911111
428,Lielie Lītaunīki,lielie litauniki,hamlet,27.5986111,56.6108333
428,Lielie Meroni,lielie meroni,hamlet,27.0959794,56.8889981
428,Lielie Mūrnieki,lielie murnieki,hamlet,26.7761111,56.2602778
428,Lielie Mukoni,lielie mukoni,hamlet,26.49,56.0530556
428,Lielie Murāni,lielie murani,hamlet,27.0375,55.9858333
428,Lielie Muļķi,lielie mulki,hamlet,26.9894444,55.9027778
428,Lielie Ondzuļi,lielie ondzuli,hamlet,26.9733333,55.96
428,Lielie Pokuļi,lielie pokuli,hamlet,27.0425,55.9586111
428,Lielie Pupoji,lielie pupoji,hamlet,26.6236111,56.3211111
428,Lielie Rumpi,lielie rumpi,hamlet,26.6783333,56.3372222
428,Lielie Stiuraiņi,lielie stiuraini,hamlet,27.0827778,55.9913889
428,Lielie Stradiški,lielie stradiski,hamlet,26.6361111,56.1391667
428,Lielie Strodi,lielie strodi,hamlet,26.7458333,56.6577778
428,Lielie Strodi,lielie strodi,hamlet,26.7447222,56.6688889
428,Lielie Sīļi,lielie sili,hamlet,26.1627778,56.0952778
428,Lielie Trukšāni,lielie truksani,hamlet,27.8452778,56.5488889
428,Lielie Trūļi,lielie truli,hamlet,27.0011111,55.9872222
428,Lielie Tūči,lielie tuci,hamlet,26.9169444,56.6122222
428,Lielie Unguri,lielie unguri,hamlet,27.2491667,56.0044445
428,Lielie Urči,lielie urci,hamlet,26.7630555,56.2494444
428,Lielie Vaiderīši,lielie vaiderisi,hamlet,26.44,56.0575
428,Lielie Valaiņi,lielie valaini,hamlet,26.9830556,55.9541667
428,Lielie Zīmaiži,lielie zimaizi,hamlet,27.1908333,56.0205556
428,Lielie Čakši,lielie caksi,hamlet,27.3358333,56.6377778
428,Lielie Ģeņģeri,lielie gengeri,hamlet,27.0511111,55.9775
428,Lielie Šķipuri,lielie skipuri,hamlet,26.9908333,55.9411111
428,Lielie Žureili,lielie zureili,hamlet,27.9902778,56.3805556
428,Lielindrica,lielindrica,hamlet,27.3197222,55.8616667
428,Lielkaļi,lielkali,hamlet,26.5088889,57.1411111
428,Liellauki,liellauki,hamlet,24.2452778,56.4063889
428,Liellazdas,liellazdas,hamlet,26.2944444,56.0188889
428,Lielmaņi,lielmani,hamlet,25.4597222,57.19
428,Lielmežnieki,lielmeznieki,hamlet,26.6991667,56.7811111
428,Lielmežnieki,lielmeznieki,hamlet,27.3469444,57.0969444
428,Lielmēmele,lielmemele,hamlet,24.9738889,56.3355556
428,Lielnieki,lielnieki,hamlet,26.3377778,56.7152778
428,Lielojuri,lielojuri,hamlet,26.2513889,56.3544445
428,Lielsatiķi,lielsatiki,village,22.5455556,56.8219445
428,Lielstāpeles,lielstapeles,hamlet,26.1466667,56.9527778
428,Lielsunākste,lielsunakste,hamlet,25.4625,56.4647222
428,Lielsvirkale,lielsvirkale,hamlet,24.0538889,56.3347222
428,Lielustes,lielustes,hamlet,25.4055556,57.9841667
428,Lielvasaraudzi,lielvasaraudzi,hamlet,26.2497222,57.1066667
428,Lielvirbi,lielvirbi,village,22.5762995,57.0864685
428,Lielvircava,lielvircava,village,23.7507068,56.5167869
428,Lielvārži,lielvarzi,hamlet,24.2425,56.7997222
428,Lielā Bandarova,liela bandarova,hamlet,27.7922222,56.7577778
428,Lielā Baranovska,liela baranovska,hamlet,26.8505556,56.0516667
428,Lielā Garavatka,liela garavatka,hamlet,27.6802778,56.1747222
428,Lielā Markovka,liela markovka,hamlet,27.1116667,56.5388889
428,Lielā Maļinovka,liela malinovka,hamlet,27.8141667,56.2019444
428,Lielā Medišova,liela medisova,hamlet,27.8205556,56.6125
428,Lielā Pūderova,liela puderova,hamlet,27.2169444,56.6097222
428,Lielā Zeļčova,liela zelcova,hamlet,27.7919444,56.7769445
428,Lielā Žogotova,liela zogotova,hamlet,27.7505556,56.1730556
428,Lielāmuiža,lielamuiza,hamlet,25.1311111,56.8355556
428,Lielās Zeizes,lielas zeizes,hamlet,27.6,56.0491667
428,Liepa,liepa,hamlet,26.1983333,56.8630556
428,Liepa,liepa,village,25.4254818,57.3848655
428,Liepaine,liepaine,village,24.4404666,57.2939959
428,Liepas,liepas,hamlet,26.4672222,56.2477778
428,Liepas,liepas,village,26.02,56.2530556
428,Liepas,liepas,hamlet,22.7770512,57.0482676
428,Liepas,liepas,hamlet,26.4094444,57.1330556
428,Liepas,liepas,hamlet,25.2601751,57.5395543
428,Liepasmuiža,liepasmuiza,hamlet,25.4363889,57.3705556
428,Liepava,liepava,hamlet,27.1638889,57.2188889
428,Liepieni,liepieni,hamlet,21.2441667,56.3152778
428,Liepkalni,liepkalni,hamlet,26.3661111,56.1147222
428,Liepkalni,liepkalni,hamlet,24.7119444,56.5027778
428,Liepkalni,liepkalni,hamlet,23.1402778,56.9866667
428,Liepnieki,liepnieki,hamlet,25.9588889,56.7691667
428,Liepsalas,liepsalas,hamlet,26.6252778,56.7891667
428,Liepukalns,liepukalns,hamlet,27.1277778,57.0488889
428,Liepupe,liepupe,village,24.4706618,57.4633646
428,Liepziedi,liepziedi,hamlet,26.4859575,55.9200043
428,Liepziedi,liepziedi,village,23.2644444,56.6247222
428,Lieļi,lieli,hamlet,27.6586111,57.1894445
428,Lilaste,lilaste,village,24.3431802,57.1874782
428,Lilienfelde,lilienfelde,hamlet,26.4208333,55.8963889
428,Limini,limini,hamlet,26.8830556,56.2691667
428,Limšeni,limseni,hamlet,24.7991667,57.8808333
428,Linaites Pūrs,linaites purs,hamlet,26.1069444,56.3511111
428,Linde,linde,hamlet,24.8425,56.7002778
428,Lindes,lindes,hamlet,26.2088889,57.3355556
428,Lindāni,lindani,hamlet,26.3777778,56.5658333
428,Lineja,lineja,hamlet,27.9344445,56.6272222
428,Linejciems,linejciems,village,22.640787,57.1981875
428,Lintopiški,lintopiski,hamlet,26.7463889,55.8327778
428,Lipinščina,lipinscina,hamlet,26.7463889,55.85
428,Lipski,lipski,hamlet,27.2236111,56.0780556
428,Lipski,lipski,hamlet,27.4039973,56.4971018
428,Lipski,lipski,hamlet,26.7232892,57.5300173
428,Lipsti,lipsti,hamlet,22.5936111,57.0411111
428,Lipuški,lipuski,hamlet,26.5691667,56.2997222
428,Lipuški,lipuski,hamlet,27.3211111,56.4141667
428,Lipuški,lipuski,hamlet,27.33,56.4177778
428,Lipši,lipsi,hamlet,25.3322222,56.6163889
428,Lisa,lisa,hamlet,25.6575,57.4261111
428,Lisa,lisa,hamlet,25.6055556,57.43
428,Liska,liska,hamlet,27.0461111,56.3297222
428,Lisova,lisova,hamlet,27.7744444,56.2505556
428,Lisovski,lisovski,hamlet,27.1325,56.4177778
428,Litiniški,litiniski,hamlet,26.6219444,56.1541667
428,Litovskie,litovskie,hamlet,27.95,56.335
428,Liudaniškas,liudaniskas,hamlet,26.9097222,56.1
428,Liudāni,liudani,hamlet,27.0212219,56.1345696
428,Liuki,liuki,hamlet,27.2722222,56.2247222
428,Liukāni,liukani,hamlet,27.0125,55.9436111
428,Liumoni,liumoni,hamlet,26.7580556,56.12
428,Liuza,liuza,hamlet,26.6119444,56.3425
428,Liuza,liuza,hamlet,27.4630556,56.5866667
428,Liuzi,liuzi,hamlet,26.9613889,56.6369445
428,Liuzinīki,liuziniki,hamlet,26.4147222,56.3116667
428,Liuzinīki,liuziniki,hamlet,27.7863889,56.3277778
428,Liuzinīki,liuziniki,hamlet,26.3994445,56.4166667
428,Liuzinīki,liuziniki,hamlet,27.4794444,56.5747222
428,Liuzinīki,liuziniki,hamlet,27.5347447,56.7185624
428,Liuzinīki,liuziniki,hamlet,27.4723823,56.7571844
428,Liuzinīki,liuziniki,hamlet,27.7960978,56.8312733
428,Liuzinīki,liuziniki,hamlet,27.6011111,56.8319445
428,Liučāni,liucani,hamlet,27.4297222,55.9030556
428,Liučāni,liucani,hamlet,27.2638889,55.9436111
428,Lizdiki,lizdiki,hamlet,27.2861111,56.6688889
428,Ličmurāni,licmurani,hamlet,27.5808333,56.1519445
428,Lobe,lobe,hamlet,25.1733333,56.7425
428,Loborži,loborzi,hamlet,27.7752778,56.2791667
428,Loborži,loborzi,hamlet,27.4216667,56.5736111
428,Lobovka,lobovka,hamlet,27.5480556,56.2694445
428,Loceiši,loceisi,hamlet,27.7705556,56.0872222
428,Loci,loci,hamlet,27.7927778,56.1102778
428,Loci,loci,hamlet,27.1866667,56.2125
428,Locinīki,lociniki,hamlet,26.6212375,56.3621585
428,Lociši,locisi,hamlet,27.6722222,56.4388889
428,Locova,locova,hamlet,27.6913889,56.3583333
428,Locukolns,locukolns,hamlet,27.1719444,56.3166667
428,Locupi,locupi,hamlet,26.4802778,56.4341667
428,Lode,lode,hamlet,25.6427173,57.1268549
428,Lode,lode,village,24.7677942,57.2724904
428,Loduma,loduma,hamlet,27.6589006,57.1126851
428,Lodēni,lodeni,hamlet,25.8827778,57.0405556
428,Logini,logini,hamlet,27.4938889,56.6852778
428,Logini,logini,hamlet,27.575,57.0777778
428,Logocki,logocki,hamlet,26.4719444,56.0802778
428,Lomi,lomi,hamlet,27.9,56.2527778
428,Lomoši,lomosi,hamlet,28.1529954,56.3600418
428,Lopdārzi,lopdarzi,hamlet,25.8458333,56.5452778
428,Lopoti,lopoti,hamlet,26.9619444,56.0930556
428,Lopsti,lopsti,hamlet,27.9669445,56.5222222
428,Loseva,loseva,hamlet,26.4827778,56.3238889
428,Losi,losi,hamlet,27.1844444,56.4452778
428,Losiški,losiski,hamlet,27.8119444,56.2686111
428,Lotuši,lotusi,hamlet,27.71,57.0241667
428,Lounīki,louniki,hamlet,27.2313889,56.5433333
428,Louzi,louzi,hamlet,27.3922222,57.1930556
428,Louzi,louzi,hamlet,27.7636111,57.2552778
428,Lozdas,lozdas,hamlet,26.8636111,56.0947222
428,Lozdas,lozdas,hamlet,26.5497222,56.1833333
428,Lozdi,lozdi,hamlet,27.3875,56.0458333
428,Lozdova,lozdova,hamlet,27.435,56.7883333
428,Lozdova,lozdova,hamlet,27.7330556,56.795
428,Lozdova,lozdova,hamlet,27.4883333,57.0552778
428,Lozdova,lozdova,hamlet,27.6180556,57.1625
428,Lozdukolns,lozdukolns,hamlet,27.1111111,56.9197222
428,Lozduļova,lozdulova,hamlet,27.6042186,57.0190936
428,Ločaunīki,locauniki,hamlet,27.2127778,56.8533333
428,Loci,loci,hamlet,27.3875,56.3761111
428,Loči,loci,hamlet,27.2433333,56.6672222
428,Loči,loci,hamlet,27.0283333,56.7008333
428,Ločukolni,locukolni,hamlet,27.6194445,56.7508333
428,Ločukrūgs,locukrugs,hamlet,26.6002778,56.085
428,Loņki,lonki,hamlet,27.4586111,55.9394445
428,Loņki,lonki,hamlet,27.4544444,55.9477778
428,Loši,losi,hamlet,27.155,56.4219445
428,Loškas,loskas,hamlet,26.4619444,56.5236111
428,Lošu Čači,losu caci,hamlet,27.1497222,56.4483333
428,Lubaņecs,lubanecs,hamlet,26.8377757,56.1147204
428,Lubeja,lubeja,hamlet,25.9619444,56.9386111
428,Lubeskrogs,lubeskrogs,hamlet,22.6530555,57.4491667
428,Lubezere,lubezere,village,22.621283,57.4139693
428,Lubgaņi,lubgani,hamlet,27.6001542,56.2116586
428,Luboni,luboni,hamlet,26.9422222,56.1905556
428,Lucatnīki,lucatniki,hamlet,27.3522222,56.6258333
428,Luciški,luciski,hamlet,27.4286111,56.2847222
428,Lucāni,lucani,hamlet,26.9147222,56.6025
428,Ludvigova,ludvigova,hamlet,26.1755556,56.0075
428,Ludvigova,ludvigova,hamlet,26.4875,56.33
428,Ludzeiši,ludzeisi,hamlet,27.1983333,55.9647222
428,Lugi,lugi,hamlet,27.8591667,56.8680556
428,Lugi,lugi,hamlet,27.8134024,57.1519931
428,Lugovaja,lugovaja,hamlet,26.3836111,55.8919445
428,Lukas,lukas,hamlet,22.0827778,56.5038889
428,Lukašiški,lukasiski,hamlet,26.8044444,56.36
428,Lukiniški,lukiniski,village,26.795579,55.9427664
428,Lukjanovka,lukjanovka,hamlet,27.6252778,56.5266667
428,Lukjanovka,lukjanovka,hamlet,27.5525,57.0302778
428,Lukjanska,lukjanska,hamlet,26.9166667,56.0091667
428,Lukna,lukna,hamlet,27.1413889,56.4847222
428,Lukne,lukne,hamlet,21.42,56.2447222
428,Lukneica,lukneica,hamlet,27.7955556,56.1880556
428,Luksofors,luksofors,hamlet,26.6432397,55.914742
428,Lukstinīki,lukstiniki,hamlet,27.6983333,56.7955556
428,Lukšova,luksova,hamlet,27.7647222,56.0238889
428,Lukštinīki,lukstiniki,hamlet,26.7441667,56.0822222
428,Lukštāni,lukstani,hamlet,27.3822222,55.8425
428,Lupandi,lupandi,hamlet,27.5436111,55.8072222
428,Lupiki,lupiki,hamlet,27.3522222,56.6144445
428,Lutanāni,lutanani,hamlet,27.4427168,56.9849823
428,Lutriņi,lutrini,village,22.3941667,56.7297222
428,Lučkines,luckines,hamlet,27.0591667,56.1352778
428,Luķes,lukes,hamlet,26.1325,57.2461111
428,Luņi,luni,hamlet,27.3438889,55.9983333
428,Luņi,luni,hamlet,27.1911111,56.1041667
428,Luņķi,lunki,hamlet,27.1612911,57.3696009
428,Lāci,laci,hamlet,26.0313889,56.5416667
428,Lāci,laci,hamlet,25.9366667,57.1152778
428,Lācumēri,lacumeri,hamlet,26.2680556,57.2116667
428,Lācupe,lacupe,hamlet,27.2305556,57.0669445
428,Lācupi,lacupi,hamlet,25.9677778,57.5616667
428,Lācupji,lacupji,hamlet,26.8594444,57.5483333
428,Lācītes,lacites,hamlet,26.2211111,57.2405556
428,Lādzere,ladzere,village,22.7269203,57.2966957
428,Lāpova,lapova,hamlet,27.6422222,56.7544445
428,Lāptava,laptava,hamlet,27.0394444,57.0202778
428,Lāči,laci,hamlet,25.1752778,56.4311111
428,Lāči,laci,hamlet,25.7747222,56.6258333
428,Lāči,laci,hamlet,25.8994967,56.7956101
428,Lāčkāji,lackaji,hamlet,26.2352778,56.3741667
428,Lāčplēsis,lacplesis,hamlet,24.7938889,56.5769445
428,Lāčplēši,lacplesi,hamlet,26.9051943,57.2030358
428,Lāčudārzs,lacudarzs,hamlet,27.3513889,57.4063889
428,Lāčugabali,lacugabali,hamlet,27.1227778,57.0911111
428,Lāčupurvs,lacupurvs,hamlet,26.2488889,56.5472222
428,Lāņi,lani,hamlet,24.4052174,57.6742048
428,Lāški,laski,hamlet,27.620346,57.105881
428,Lēdas,ledas,village,22.6697222,57.135
428,Lēdmanes muiža,ledmanes muiza,hamlet,25.0616667,56.7552778
428,Lēģernieki,legernieki,hamlet,27.0983333,57.2552778
428,Lībagi,libagi,village,22.658532,57.1711499
428,Lībe,libe,hamlet,22.6744497,57.4275222
428,Lībieši,libiesi,hamlet,24.13,56.2702778
428,Lībieši,libiesi,hamlet,25.6666667,57.0919445
428,Lībji,libji,hamlet,22.1597222,56.4725
428,Līce,lice,hamlet,21.9983333,56.5983333
428,Līciems,liciems,hamlet,24.8569444,57.9019445
428,Līcīši,licisi,hamlet,24.8147222,57.5511111
428,Līdumi,lidumi,hamlet,23.2391667,56.5608333
428,Līdumnīki,lidumniki,hamlet,27.2405556,57.2072222
428,Līdums,lidums,hamlet,23.1097222,56.9511111
428,Līgotnes,ligotnes 1,hamlet,25.3561111,57.5908333
428,Līgotnes,ligotnes,hamlet,25.3522222,57.5902778
428,Līkais tilts,likais tilts,hamlet,26.3838889,55.7675
428,Līkneite,likneite,hamlet,27.1613889,56.8772222
428,Līkupēni,likupeni,hamlet,22.5302778,56.4230556
428,Līnuži,linuzi,hamlet,27.5808333,56.7752778
428,Līpas Mukoni,lipas mukoni,hamlet,26.5088889,56.0427778
428,Līpeņi,lipeni,hamlet,27.4152778,56.0430556
428,Līpinīki,lipiniki,hamlet,26.3244444,56.3788889
428,Līpori,lipori,hamlet,27.1055556,56.8913889
428,Līpsaleņa,lipsalena,hamlet,26.3697222,56.3483333
428,Līpu sola,lipu sola,hamlet,28.08,56.5377778
428,Līpusola,lipusola,hamlet,27.1005556,56.7786111
428,Līpusola,lipusola,hamlet,27.5861111,56.8513889
428,Līpūri,lipuri,hamlet,27.2038889,56.5744444
428,Lītaunīki,litauniki,hamlet,26.8191667,56.0972222
428,Lītaunīki,litauniki,hamlet,27.3530556,56.1813889
428,Lītaunīki,litauniki,hamlet,26.7558333,56.2794444
428,Lītaunīki,litauniki,hamlet,26.2402778,56.3619445
428,Lītaunīki,litauniki,hamlet,27.5688889,56.6172222
428,Lītovnīki,litovniki,hamlet,27.3925792,56.5227652
428,Līves,lives,hamlet,26.6805556,57.1338889
428,Līves,lives,hamlet,26.470766,57.3866767
428,Līvesmuiža,livesmuiza,hamlet,23.4988889,56.7155556
428,Līvāni,livani,hamlet,27.1219445,57.0672222
428,Līči,lici,hamlet,24.3266667,56.4175
428,Līči,lici,hamlet,25.0855556,56.6622222
428,Līči,lici,village,22.4173128,57.1801628
428,Lūbenka,lubenka,hamlet,27.6127778,56.8252778
428,Lūjāni,lujani,hamlet,26.2202778,56.3722222
428,Lūkalni,lukalni,hamlet,25.8438889,57.485
428,Lūrupi,lurupi,hamlet,27.9213889,56.3786111
428,Lūza,luza,hamlet,26.3705556,56.8455556
428,Lūķi,luki,hamlet,25.8541667,57.4647222
428,Lūši,lusi,hamlet,22.5355555,57.0344445
428,Madalāni,madalani,hamlet,27.7419444,56.0533333
428,Madoļesje,madolesje,hamlet,27.5783333,56.4225
428,Madžuļi,madzuli,hamlet,26.7527778,56.5511111
428,Madžuļi,madzuli,hamlet,26.7658333,56.5627778
428,Magnusova,magnusova,hamlet,27.4330556,56.0747222
428,Magonas,magonas,hamlet,25.8530556,57.1888889
428,Mahoņina,mahonina,hamlet,27.3697222,56.4252778
428,Maigļi,maigli,hamlet,27.4377778,56.7169445
428,Mailīšciems,mailisciems,hamlet,24.5058333,57.875
428,Maisi,maisi,hamlet,25.9152778,56.7744444
428,Maisēļi,maiseli,hamlet,25.6130556,57.0933333
428,Maiziki,maiziki,hamlet,27.3308333,56.3030556
428,Maiziki,maiziki,hamlet,27.3377778,56.3111647
428,Maiļupe,mailupe,hamlet,27.6222222,56.9261111
428,Maiļupsala,mailupsala,hamlet,25.775,56.6222222
428,Majani,majani,hamlet,26.5636111,57.3197222
428,Majevka,majevka,hamlet,27.3536111,56.6391667
428,Makareņata,makarenata,hamlet,26.7477778,55.9811111
428,Makarova,makarova,hamlet,26.7752778,56.0125
428,Makarovka,makarovka,hamlet,26.8572222,56.4233333
428,Makleri,makleri,hamlet,27.9113889,56.3558333
428,Maksi,maksi,hamlet,27.7291667,56.9472222
428,Maksimova,maksimova,hamlet,27.6144444,55.9033333
428,Maksimova,maksimova,hamlet,27.6805556,55.98
428,Maksimovka,maksimovka,hamlet,26.6761111,56.3158333
428,Maksini,maksini,hamlet,25.9586111,56.4722222
428,Makuši,makusi,hamlet,27.2025,56.1136111
428,Makuši,makusi,hamlet,26.9569444,56.2672222
428,Makuži,makuzi,hamlet,26.9408333,56.6483333
428,Makņi,makni,hamlet,27.5874759,55.8224644
428,Makšinova,maksinova,hamlet,27.4794444,57.2494445
428,Makšinovas Strauti,maksinovas strauti,hamlet,27.4788889,57.2541667
428,Malcāni,malcani,hamlet,27.8552778,56.1191667
428,Malka,malka,hamlet,27.4413889,56.2033333
428,Melnais Dukstigals,melnais dukstigals,hamlet,27.4177778,56.3530556
428,Melnsala,melnsala,hamlet,27.2330556,56.9752778
428,Malnava,malnava,village,27.7233333,56.7733333
428,Malnavas fermas,malnavas fermas,hamlet,27.705,56.7683333
428,Malnusola,malnusola,hamlet,27.5166667,57.0544444
428,Malnīleidumi,malnileidumi,hamlet,27.2077778,57.0477778
428,Malta,malta,hamlet,26.9158333,56.5711111
428,Maltas Trūpi,maltas trupi,hamlet,26.9167483,56.4484007
428,Maltečka,maltecka,hamlet,27.335,56.2636111
428,Maltečka,maltecka,hamlet,27.2572222,56.3038889
428,Malukšta,maluksta,hamlet,27.4977778,56.2811111
428,Malzūbi,malzubi,hamlet,27.8130555,56.4683333
428,Mamoni,mamoni,hamlet,27.4891667,56.1419445
428,Mamonova,mamonova,hamlet,27.5122222,56.2347222
428,Mandegas,mandegas,village,24.4952778,57.3316667
428,Manuhina,manuhina,hamlet,27.4697222,56.4633333
428,Marcinpole,marcinpole,hamlet,28.1019444,56.3708333
428,Marenpole,marenpole,hamlet,27.9177778,56.5030556
428,Margas,margas,village,26.7736755,57.1595263
428,Margitava,margitava,hamlet,26.4430555,56.2605556
428,Marguči,marguci,hamlet,27.6344444,56.3416667
428,Marhileviči,marhilevici,hamlet,27.0125,56.065
428,Marianpole,marianpole,hamlet,27.0102778,56.2033333
428,Marientāle,marientale,hamlet,27.4486111,56.6158333
428,Marijas muiža,marijas muiza,hamlet,22.2569444,56.4313889
428,Marijas muiža,marijas muiza,hamlet,21.825,56.6186111
428,Marijkalns,marijkalns,hamlet,25.6308333,57.3166667
428,Marimonts,marimonts,hamlet,27.3130556,56.4586111
428,Marinova,marinova,hamlet,26.2619444,56.1919445
428,Marinski,marinski,hamlet,26.8911111,56.4691667
428,Mariņmuiža,marinmuiza,hamlet,23.1615722,56.7824593
428,Marjanova,marjanova,hamlet,27.0108333,56.1419445
428,Marjanova,marjanova,hamlet,26.8472222,56.1444444
428,Marki,marki,hamlet,27.4630556,55.8119445
428,Markitanti,markitanti,hamlet,26.7608333,56.0011111
428,Markova,markova,village,26.8923486,55.921223
428,Markova,markova,hamlet,26.9097222,56.3280556
428,Markovka,markovka,hamlet,27.3025,56.3661111
428,Marlina,marlina,hamlet,27.9638889,56.4252778
428,Martinovka,martinovka,hamlet,26.4961111,56.3033333
428,Martiši,martisi,village,27.7386111,56.5227778
428,Martušovka,martusovka,hamlet,27.3558333,56.3047222
428,Masandrovka,masandrovka,hamlet,27.6595284,57.0657594
428,Masalnieki,masalnieki,hamlet,27.1334215,56.8229792
428,Masaļski,masalski,hamlet,26.8930556,56.5769445
428,Masiški,masiski,hamlet,27.5897222,55.8941667
428,Maskališki,maskaliski,hamlet,26.6661111,55.8255556
428,Maskeviciški,maskeviciski,hamlet,26.7763889,56.1627778
428,Maslabojeva,maslabojeva,hamlet,27.0366667,56.0472222
428,Masli,masli,hamlet,27.4797222,56.6775
428,Maslova,maslova,hamlet,27.74,56.0730556
428,Maslova,maslova,hamlet,27.3130556,56.1269445
428,Maslova,maslova,hamlet,28.0613889,56.3497222
428,Mastareiga,mastareiga,hamlet,27.0922222,56.8758333
428,Mastari,mastari,hamlet,27.8902778,56.4944445
428,Masāni,masani,hamlet,27.6858333,55.9625
428,Masļenki,maslenki,hamlet,27.715,56.6127778
428,Mateiki,mateiki,hamlet,27.6258333,55.8755556
428,Mateļi,mateli,hamlet,27.2233333,56.0127778
428,Mateļi,mateli,hamlet,27.1288889,56.0338889
428,Beja,beja,village,27.2092092,57.4001012
428,Matisenki,matisenki,hamlet,28.0444444,56.4408333
428,Matisāni,matisani,hamlet,26.8863889,56.1030556
428,Matisāni,matisani,hamlet,26.9019444,56.1125
428,Matjunki,matjunki,hamlet,27.6611111,56.4408333
428,Matkunci,matkunci,hamlet,26.4691667,55.7044445
428,Matulaniški,matulaniski,hamlet,26.5647222,55.7922222
428,Matuliški,matuliski,hamlet,27.0322222,55.8319445
428,Matuļi,matuli,hamlet,27.6586111,56.3022222
428,Matuļi,matuli,hamlet,26.7719444,56.645
428,Matīši,matisi,village,25.1597222,57.6977778
428,Mauri,mauri,hamlet,22.3286111,56.4427778
428,Mazbiksti,mazbiksti,hamlet,22.9554158,56.682942
428,Mazblīdene,mazblidene,hamlet,22.8430555,56.6458333
428,Mazbojas,mazbojas,hamlet,21.6433333,56.6608333
428,Mazbrukna,mazbrukna,hamlet,24.4633333,56.4380556
428,Mazbērstele,mazberstele,village,23.99,56.355
428,Mazdzērve,mazdzerve,hamlet,21.4897222,56.7725
428,Mazdāma,mazdama,hamlet,21.6708333,56.3416667
428,Mazeleja,mazeleja,hamlet,23.69,56.4502778
428,Mazezeriņi,mazezerini,hamlet,27.1813889,56.9997222
428,Mazgavieze,mazgavieze,hamlet,21.2552778,56.4719444
428,Mazgramzda,mazgramzda,village,21.6420251,56.3994225
428,Mazie Andžāni,mazie andzani,hamlet,27.9419444,56.1297222
428,Mazie Apaļi,mazie apali,hamlet,27.7697222,56.0052778
428,Mazie Bareisi,mazie bareisi,hamlet,27.4691667,56.4055556
428,Mazie Biernāni,mazie biernani,hamlet,27.0861111,56.1530556
428,Mazie Brici,mazie brici,hamlet,27.8752778,56.165
428,Mazie Dzierkaļi,mazie dzierkali,hamlet,27.0833333,56.1302778
428,Mazie Garanči,mazie garanci,hamlet,27.3144444,56.5083333
428,Mazie Gavari,mazie gavari,hamlet,26.7005556,56.2808333
428,Mazie Joksti,mazie joksti,hamlet,26.9719444,56.2097222
428,Mazie Joniki,mazie joniki,hamlet,27.0627778,56.0247222
428,Mazie Kaulači,mazie kaulaci,hamlet,27.2075,56.5647222
428,Mazie Klapari,mazie klapari,hamlet,26.5558333,56.2572222
428,Mazie Kokini,mazie kokini,hamlet,26.6994444,55.9719444
428,Mazie Krīviņi,mazie krivini,village,26.7776437,55.943432
428,Mazie Kukuļi,mazie kukuli,hamlet,27.6569444,56.4108333
428,Mazie Kuseņi,mazie kuseni,hamlet,26.8525,56.0283333
428,Mazie Kusiņi,mazie kusini,hamlet,27.2138889,55.9072222
428,Mazie Kūrsīši,mazie kursisi,hamlet,26.4344444,56.2344444
428,Mazie Leimaņi,mazie leimani,hamlet,26.645,56.5869445
428,Mazie Leiči,mazie leici,hamlet,26.6694444,56.2894445
428,Mazie Loči,mazie loci,hamlet,27.0055556,55.9375
428,Mazie Lītaunīki,mazie litauniki,hamlet,27.5763889,56.6061111
428,Mazie Mazuri,mazie mazuri,hamlet,26.6627778,56.1427778
428,Mazie Meroni,mazie meroni,hamlet,27.1136751,56.906401
428,Mazie Mūrnieki,mazie murnieki,hamlet,26.7805555,56.2552778
428,Mazie Murāni,mazie murani,hamlet,27.0561111,55.9961111
428,Mazie Muļķi,mazie mulki,hamlet,27.0086111,55.9036111
428,Mazie Ondzuļi,mazie ondzuli,hamlet,27.0211111,55.9672222
428,Mazie Orīši,mazie orisi,hamlet,26.7027778,56.3236111
428,Mazie Pokuļi,mazie pokuli,hamlet,27.065,55.9661111
428,Mazie Pupoji,mazie pupoji,hamlet,26.6408333,56.3208333
428,Mazie Pīzāni,mazie pizani,hamlet,26.9938889,56.3019445
428,Mazie Rapši,mazie rapsi,hamlet,27.5602778,56.1230556
428,Mazie Ratnieki,mazie ratnieki,hamlet,26.4888889,56.0038889
428,Mazie Stiuraiņi,mazie stiuraini,hamlet,27.0608333,55.9672222
428,Mazie Stradiški,mazie stradiski,hamlet,26.6722222,56.1238889
428,Mazie Suveizdi,mazie suveizdi,hamlet,27.0461111,55.9705556
428,Mazie Sīļi,mazie sili,hamlet,26.1591667,56.0841667
428,Mazie Trukšāni,mazie truksani,hamlet,27.8197222,56.5444445
428,Mazie Trūļi,mazie truli,hamlet,27.1044444,55.9958333
428,Mazie Unguri,mazie unguri,hamlet,27.2311111,55.9994444
428,Mazie Vaivodi,mazie vaivodi,hamlet,26.6305556,56.2888889
428,Mazie Valaiņi,mazie valaini,hamlet,26.9980556,55.9491667
428,Mazie Veipi,mazie veipi,hamlet,26.7261111,56.6327778
428,Mazie Zīmaiži,mazie zimaizi,hamlet,27.1733333,56.0125
428,Mazie Čakši,mazie caksi,hamlet,27.3539099,56.6488847
428,Mazie Ģeņģeri,mazie gengeri,hamlet,27.0563889,55.9608333
428,Mazie Šķipuri,mazie skipuri,hamlet,27.0252778,55.9294445
428,Mazie Šņepsti,mazie snepsti,hamlet,26.7822222,56.2219444
428,Mazlamiņi,mazlamini,hamlet,22.9388889,57.0775
428,Mazlauki,mazlauki,village,23.8508357,56.5189054
428,Mazlāņi,mazlani,hamlet,21.5088889,56.6158333
428,Mazmežotne,mazmezotne,hamlet,24.0480556,56.4272222
428,Maznīkrāce,maznikrace,hamlet,21.8380556,56.5497222
428,Sidrabe,sidrabe,village,23.6386111,56.4366667
428,Mazplāņi,mazplani,hamlet,22.7094799,56.8288233
428,Mazpokrata,mazpokrata,hamlet,27.2058333,56.9583333
428,Mazrūmene,mazrumene,hamlet,22.6997222,57.0738889
428,Mazslate,mazslate,hamlet,25.9344444,56.2122222
428,Mazspāre,mazspare,hamlet,22.315757,57.2036341
428,Mazstende,mazstende,hamlet,22.5603597,57.1791023
428,Mazstraupe,mazstraupe,hamlet,24.9011111,57.3725
428,Mazstrazde,mazstrazde,hamlet,22.7215337,57.139739
428,Mazstroķi,mazstroki,hamlet,21.5472222,56.6130556
428,Mazsunākste,mazsunakste,hamlet,25.5052778,56.4455556
428,Mazsārcene,mazsarcene,hamlet,22.6890888,57.2791068
428,Mazsēņi,mazseni,hamlet,22.8530555,57.2027778
428,Mazupciems,mazupciems,hamlet,22.7677778,57.4825
428,Mazuri,mazuri,hamlet,27.3975,56.7519445
428,Mazvalle,mazvalle,hamlet,24.6827778,56.5016667
428,Mazvilce,mazvilce,hamlet,23.5880556,56.4425
428,Mazvirbi,mazvirbi,village,22.5711984,57.0659455
428,Mazzalve,mazzalve,hamlet,25.1152777,56.3355556
428,Mazzante,mazzante,hamlet,22.8075,56.8372222
428,Mazā Asūne,maza asune,hamlet,27.6086111,56.0333333
428,Mazā Bandarova,maza bandarova,hamlet,27.7869444,56.7663889
428,Mazā Baranovska,maza baranovska,hamlet,26.8161111,56.0372222
428,Mazā Fiļkina,maza filkina,hamlet,27.2713889,56.5613889
428,Mazā Jolza,maza jolza,hamlet,27.5969444,56.0266667
428,Mazā Kriņica,maza krinica,hamlet,27.8,56.2069445
428,Mazā Lukneica,maza lukneica,hamlet,27.8175,56.1755556
428,Mazā Markovka,maza markovka,hamlet,27.1016667,56.5127778
428,Mazā Medišova,maza medisova,hamlet,27.84,56.6175
428,Mazā Pīkova,maza pikova,hamlet,27.9827778,56.4283333
428,Mazā Pūderova,maza puderova,hamlet,27.2222222,56.6022132
428,Mazā Zeļčova,maza zelcova,hamlet,27.8015477,56.7749974
428,Mazā Žogotova,maza zogotova,hamlet,27.7311111,56.1633333
428,Mazās Kļockas,mazas klockas,hamlet,26.4688889,56.0063889
428,Mazās Zeizes,mazas zeizes,hamlet,27.6080556,56.0380556
428,Mači,maci,hamlet,27.9543334,56.1394216
428,Mačuli,maculi,hamlet,27.7991667,56.2311111
428,Mačusola,macusola,hamlet,27.6663889,56.9230556
428,Mačāni,macani,hamlet,26.4008333,56.2525
428,Mačāni,macani,hamlet,26.2216667,57.3736111
428,Maļiki,maliki,hamlet,27.4422222,56.6252778
428,Maļinovaja Gora,malinovaja gora,hamlet,27.1113889,56.2655556
428,Maļinovka,malinovka,hamlet,26.7636111,56.2097222
428,Maļinovka,malinovka,hamlet,27.6947222,56.2541667
428,Maļinovka,malinovka,hamlet,27.0197222,56.3405556
428,Maļinovka,malinovka,hamlet,27.6573636,57.070637
428,Maļivanka,malivanka,hamlet,26.5047222,56.0225
428,Maļutki,malutki,village,26.5724793,55.8595031
428,Medeņmuiža,medenmuiza,hamlet,27.5169444,56.6033333
428,Medikovski,medikovski,hamlet,26.8569444,56.2252778
428,Medinski,medinski,hamlet,26.9288889,56.6175
428,Medne,medne,hamlet,23.1872222,56.4461111
428,Mednieki,mednieki,hamlet,26.3791667,55.7141667
428,Medvecki,medvecki,hamlet,26.6961111,55.8466667
428,Medvednīki,medvedniki,hamlet,26.7444444,56.3477778
428,Medzes muiža,medzes muiza,hamlet,21.1297877,56.6556529
428,Medņauka,mednauka,hamlet,26.3980556,56.4530556
428,Medņi,medni,hamlet,27.1936111,57.0447222
428,Medņi,medni,hamlet,26.9333333,57.1847222
428,Medņova,mednova,hamlet,27.6752778,57.1247222
428,Medņu Rubeņi,mednu rubeni,hamlet,26.1358333,56.6208333
428,Medņukolns,mednukolns,hamlet,26.3547222,56.3733333
428,Mehanizators,mehanizators,hamlet,26.2922222,55.8297222
428,Meijermuiža,meijermuiza,village,25.2277778,57.2947221
428,Meikaļi,meikali,hamlet,27.4680556,56.7725
428,Meikulāni,meikulani,hamlet,27.5033333,56.7313889
428,Meikšāni,meiksani,hamlet,28.0944444,56.1747222
428,Meiniķi,meiniki,hamlet,22.9079106,57.0082855
428,Meiri,meiri,hamlet,21.5049398,56.3556181
428,Meirieļi,meirieli,hamlet,27.0944444,56.1266667
428,Meirišķe,meiriske,hamlet,21.1680556,56.1513889
428,Meirova,meirova,hamlet,27.6755029,57.2058728
428,Meirāni,meirani,hamlet,27.5238889,56.6405556
428,Meirāni,meirani,hamlet,27.1338889,56.7322222
428,Meirāni,meirani,hamlet,27.1788889,57.1416667
428,Meirēni,meireni,hamlet,25.8277778,57.0775
428,Meitri,meitri,hamlet,27.6733333,56.7291667
428,Melbārži,melbarzi,hamlet,24.4644445,57.5427778
428,Melderes,melderes,hamlet,25.7438889,56.5683333
428,Melderes,melderes,hamlet,26.1141701,56.6398307
428,Melderi,melderi,hamlet,24.4972222,56.4319445
428,Melāni,melani,hamlet,26.3511111,55.8658333
428,Mācītājmuiža,macitajmuiza,hamlet,23.2288889,56.7858333
428,Mācītājmuiža,macitajmuiza,hamlet,26.0106952,57.1572901
428,Mācītājmuiža,macitajmuiza,village,22.5752117,57.1891865
428,Mācītājmuiža,macitajmuiza,hamlet,25.875,57.4247222
428,Mācītājmāja,macitajmaja,hamlet,26.7486111,57.1533333
428,Mālejas,malejas,hamlet,26.1447222,57.3933333
428,Māliņi,malini,hamlet,27.1297222,55.8655556
428,Mālkalni,malkalni,hamlet,26.8738889,55.8625
428,Mālkalni,malkalni,hamlet,25.8355556,56.6430556
428,Mālnieki,malnieki,hamlet,26.6064946,56.7372423
428,Mālsala,malsala,hamlet,26.5791667,56.7319444
428,Māmuļnīki,mamulniki,hamlet,27.1727778,56.4094445
428,Mārci,marci,hamlet,26.1891667,57.535
428,Māre,mare,hamlet,26.6697222,55.8805556
428,Mārkalne,markalne,village,27.1944444,57.4911111
428,Mārkciems,markciems,hamlet,22.7209164,57.437215
428,Mārsnēni,marsneni,village,25.581004,57.4216229
428,Mārsnēnmuiža,marsnenmuiza,hamlet,25.6194444,57.4427778
428,Mārtiņi,martini,hamlet,27.2340326,57.3915161
428,Mārtiņēni,martineni,hamlet,25.9275,56.7283333
428,Māsāni,masani,hamlet,26.1819444,56.4194444
428,Māteji,mateji,hamlet,27.3216667,56.0416667
428,Ābari,abari,hamlet,22.1822222,56.675
428,Ābeles,abeles,hamlet,23.2605556,56.4786111
428,Ābeliški,abeliski,hamlet,26.2825,55.8163889
428,Ābelīte,abelite,village,24.5533603,57.2898891
428,Ābeļi,abeli,hamlet,22.6138889,57.2319445
428,Āboliņi,abolini,hamlet,26.9861111,57.2722222
428,Āboltiņi,aboltini,hamlet,24.4941667,57.6011111
428,Ālande,alande,hamlet,21.1980556,56.5208333
428,Ālave,alave,hamlet,23.2141667,56.5025
428,Āpēni,apeni,hamlet,25.7872222,56.6563889
428,Āraiši,araisi,hamlet,25.2778245,57.253096
428,Ārce,arce,hamlet,24.2647222,56.3816667
428,Ārciema stacija,arciema stacija,hamlet,24.7966667,57.6841667
428,Ārdava,ardava,village,26.8254986,56.1417862
428,Āres,ares,hamlet,21.2036111,56.5408333
428,Āriņi,arini,hamlet,26.2144444,56.2272222
428,Āriņi,arini,hamlet,23.9047222,56.535
428,Āriņi,arini,hamlet,26.3227778,56.665
428,Ārlava,arlava,hamlet,22.5984667,57.3946717
428,Ārlavciems,arlavciems,hamlet,23.2169444,56.9088889
428,Ārmaņi,armani,hamlet,28.0111111,56.5455556
428,Āņi,ani,village,24.4797222,57.0875
428,Āžudambis,azudambis,hamlet,27.2488889,57.0952778
428,Čabatrova,cabatrova,hamlet,27.6811111,57.2225
428,Čakši,caksi,hamlet,27.4025,56.6913889
428,Čakši,caksi,hamlet,27.2361111,56.7575
428,Čalkova,calkova,hamlet,27.6501795,57.0372989
428,Čalpi,calpi,hamlet,27.0963889,56.0175
428,Čapkova,capkova,hamlet,27.4280556,56.4794444
428,Čaplinščina,caplinscina,hamlet,27.48,55.9091667
428,Čaukciems,caukciems,village,23.4191305,57.0035647
428,Čaunāni,caunani,hamlet,26.8030556,56.4416667
428,Čaunāni,caunani,hamlet,26.6813889,56.5422222
428,Čaupi,caupi,hamlet,27.3669445,55.9025
428,Čaupi,caupi,hamlet,27.2380556,55.9513889
428,Čači,caci,hamlet,26.6722222,56.465
428,Čači,caci,hamlet,27.3647621,56.4902933
428,Čenčeva,cenceva,hamlet,27.9630556,56.7055556
428,Čenčupi,cencupi,hamlet,27.29,55.9683333
428,Čerbakova,cerbakova,hamlet,27.6633333,57.0561111
428,Čerepova,cerepova,hamlet,27.4858333,55.9525
428,Černiki,cerniki,hamlet,27.6266667,56.265
428,Černogorka,cernogorka,hamlet,27.61,56.4575
428,Černoste,cernoste,hamlet,27.1569444,56.2841667
428,Černoste,cernoste,hamlet,27.1241667,56.2858333
428,Červjakovka,cervjakovka,hamlet,27.0816667,56.33
428,Červonka,cervonka,hamlet,26.0208333,56.0866667
428,Červonka,cervonka,hamlet,26.7355556,56.1655556
428,Červonka,cervonka,hamlet,27.4830556,56.6422222
428,Červoņiki,cervoniki,hamlet,26.8713889,56.3594444
428,Čerņavski,cernavski,hamlet,27.9813889,56.2219445
428,Čeveri,ceveri,hamlet,26.8202778,56.6372222
428,Čeveri,ceveri,hamlet,27.2894445,56.6916667
428,Češļi,cesli,hamlet,27.1983333,56.6375
428,Čigani,cigani,hamlet,27.6872222,56.6183333
428,Čiganova,ciganova,hamlet,27.4838889,57.0369444
428,Čikstiņciems,cikstinciems,hamlet,22.7717764,57.2193417
428,Čikuli,cikuli,hamlet,27.4322222,56.6480556
428,Čilipīne,cilipine,hamlet,27.6119444,57.0288889
428,Činkuri,cinkuri,hamlet,27.5783333,56.4452778
428,Činkuri,cinkuri,hamlet,27.8672222,56.5130556
428,Čipati,cipati,hamlet,26.6191667,57.2975
428,Čipoti,cipoti,hamlet,27.5919444,56.4375
428,Čipāni,cipani,hamlet,26.4722222,56.2855556
428,Čirkas,cirkas,hamlet,27.2516667,56.6902778
428,Čirvoļnīki,cirvolniki,hamlet,26.4166667,56.4627778
428,Čistigi,cistigi,hamlet,27.4921044,57.4680206
428,Čiučiši,ciucisi,hamlet,27.94,56.1944445
428,Čiučiši,ciucisi,hamlet,28.0580751,56.32177
428,Čiučiši,ciucisi,hamlet,28.0488889,56.3230556
428,Čivžuļi,civzuli,hamlet,27.9866667,56.5605556
428,Čižiki,ciziki,hamlet,27.9694444,56.5291667
428,Čodorāni,codorani,hamlet,27.7936111,56.5905556
428,Čonkas,conkas,hamlet,26.6541667,57.3761111
428,Čornie,cornie,hamlet,27.2530556,56.7852778
428,Čudarīne,cudarine,hamlet,27.6430556,56.9330556
428,Čudarīne,cudarine,hamlet,27.6936111,57.1516667
428,Čudova,cudova,hamlet,27.6322222,56.2266667
428,Čuhnova,cuhnova,hamlet,27.7658333,56.2325
428,Čuhnāni,cuhnani,hamlet,27.0386111,56.1408333
428,Čuksti,cuksti,hamlet,27.1297222,56.2316667
428,Čukuri,cukuri,hamlet,26.5733333,56.1883333
428,Čulki,culki,hamlet,27.0819445,56.3836111
428,Čulkstēni,culksteni,hamlet,25.6994444,56.6419445
428,Čumine,cumine,hamlet,27.535,56.62
428,Čušļi,cusli,hamlet,27.2205556,57.005
428,Čāgas,cagas,hamlet,27.3669802,57.1750367
428,Čāvi,cavi,hamlet,27.7336111,56.8347222
428,Čērzenieki,cerzenieki,hamlet,26.6702778,56.7716667
428,Čūdari,cudari,hamlet,27.7355556,56.8177778
428,Čūdarāni,cudarani,hamlet,27.4152778,56.6633333
428,Ērgala,ergala,hamlet,26.8022264,56.9239094
428,Ērgļi,ergli,hamlet,26.3197222,55.8175
428,Ērmuižas,ermuizas,hamlet,25.5244445,57.8747222
428,Ēvarži,evarzi,village,22.4213519,56.5922645
428,Ēģipte,egipte,hamlet,26.3094534,55.7471025
428,Ģaurāni,gaurani,hamlet,25.9891667,56.1222222
428,Ģeistauti,geistauti,hamlet,21.1533333,56.0994444
428,Ģeisti,geisti,hamlet,25.8694444,57.1213889
428,Ģeriņi,gerini,hamlet,27.1875,55.9477778
428,Ģerķi,gerki,hamlet,27.2913889,55.9205556
428,Ģibuļi,gibuli,hamlet,25.7075,57.0697222
428,Ģibzde,gibzde,village,22.3052778,57.3997222
428,Ģipka,gipka,village,22.6524058,57.5698175
428,Ģipteri,gipteri,hamlet,23.4747222,56.7055556
428,Ģipterāni,gipterani,hamlet,26.15,56.3325
428,Ģērķāni,gerkani,hamlet,26.1052778,56.2725
428,Ģērķēni,gerkeni,hamlet,25.3798072,57.0872018
428,Ģībotkalns,gibotkalns,hamlet,23.61,56.5869445
428,Ģūģeri,gugeri,hamlet,25.4030556,57.3002778
428,Īdeņa,idena,hamlet,26.9551382,56.751285
428,Ījovka,ijovka,hamlet,27.7086111,56.7291667
428,Īlenāni,ilenani,hamlet,25.5936111,56.5088889
428,Īrubine,irubine,hamlet,27.7730556,56.7430556
428,Īsaļnīki,isalniki,hamlet,26.195,56.3322222
428,Īslīcas,islicas,hamlet,23.9791667,56.52
428,Īvaiši,ivaisi,hamlet,26.6097222,56.4258333
428,Īve,ive,village,22.5274875,57.4270651
428,Īvoni,ivoni,hamlet,27.3186111,56.6197222
428,Īvulāni,ivulani,hamlet,27.4061111,56.7
428,Īvuļi,ivuli,hamlet,27.99,56.2052778
428,Īvuškas,ivuskas,hamlet,27.3452778,56.4086111
428,Īvāni,ivani,village,25.6833333,56.6477778
428,Īvāni,ivani,hamlet,25.7452778,56.8097222
428,Īvāni,ivani,hamlet,25.8113889,57.0972222
428,Ķavari,kavari,hamlet,25.29,57.0372222
428,Ķebļi,kebli,hamlet,25.4036111,56.5138889
428,Ķeizarsils,keizarsils,hamlet,24.3688889,56.8519444
428,Ķeiši,keisi,hamlet,26.5466667,56.1158333
428,Ķeiži,keizi,hamlet,25.5497221,57.6283332
428,Ķelderi,kelderi,hamlet,25.0740069,57.6362489
428,Ķelles,kelles,hamlet,26.8502778,57.3230556
428,Ķemere,kemere,hamlet,25.5558333,57.7566667
428,Ķempes,kempes,hamlet,26.1819444,57.3472222
428,Ķempi,kempi,hamlet,26.3197222,57.1013889
428,Ķempēni,kempeni,hamlet,25.6027778,57.7125
428,Ķepova,kepova,hamlet,27.7644444,56.0455556
428,Ķepši,kepsi,hamlet,26.1030555,56.7152778
428,Ķeņģi,kengi,hamlet,26.0783333,57.3163889
428,Ķeži,kezi,hamlet,26.1172222,57.2305556
428,Ķibji,kibji,hamlet,21.5163889,56.7097222
428,Ķidēni,kideni,hamlet,25.8121651,57.0364391
428,Ķierkuži,kierkuzi,hamlet,26.6666667,56.0580556
428,Ķieģeļceplis,kiegelceplis,village,22.8263889,56.5402778
428,Ķieģeļceplis,kiegelceplis,hamlet,25.7302778,57.3116667
428,Ķikuri,kikuri,hamlet,26.0024076,56.5032024
428,Ķikuri,kikuri,hamlet,26.0361111,56.6872222
428,Ķila,kila,hamlet,24.7391667,57.8694444
428,Ķilkas,kilkas,hamlet,25.6516631,57.0947837
428,Ķilpani,kilpani,hamlet,26.5722222,57.3355556
428,Ķimstnieki,kimstnieki,hamlet,26.4255555,56.7411111
428,Ķingas,kingas,hamlet,25.2752778,57.3275
428,Ķinguti,kinguti,hamlet,22.3204954,56.8966238
428,Ķipatciems,kipatciems,hamlet,23.0598383,57.3329628
428,Ķipukalns,kipukalns,hamlet,25.6688889,56.5783333
428,Ķirbēni,kirbeni,hamlet,25.2357271,58.0064487
428,Ķivīļi,kivili,hamlet,23.7022222,56.5197222
428,Ķoderi,koderi,hamlet,25.9211111,56.5516667
428,Ķoniņciems,koninciems,hamlet,21.2258333,56.8080556
428,Ķopas,kopas,hamlet,25.0108333,57.2113889
428,Ķoņi,koni,hamlet,25.3519444,57.935
428,Ķunci,kunci,hamlet,26.0505556,56.5194445
428,Ķunci,kunci,hamlet,26.0761111,56.6822222
428,Ķunduri,kunduri,hamlet,23.3813889,56.8169445
428,Ķurbēni,kurbeni,hamlet,25.0025,57.8163889
428,Ķurzēni,kurzeni,hamlet,25.6975,56.7758333
428,Ķurši,kursi,hamlet,27.4608274,57.503024
428,Ķāķi,kaki,hamlet,25.8522222,57.0905556
428,Ķēvesdruva,kevesdruva,hamlet,27.6541667,56.9608333
428,Ķēvessola,kevessola,hamlet,26.5197222,56.4238889
428,Ķēči,keci,hamlet,25.3168098,57.1109152
428,Ķīburi,kiburi,hamlet,21.2436111,56.395
428,Ķītas,kitas,hamlet,24.8947222,57.4722222
428,Ķīši,kisi,hamlet,23.6762422,56.7328158
428,Ķūģi,kugi,hamlet,25.9663889,56.5069444
428,Ķūģi,kugi,village,25.8060652,56.642233
428,Ķūģi,kugi,hamlet,25.9475,57.1630556
428,Ļadi,ladi,hamlet,27.2580556,56.3666667
428,Ļadi,ladi,hamlet,27.2905556,56.6019445
428,Ļadina,ladina,hamlet,27.9397222,56.4222222
428,Lagušņiki,lagusniki,hamlet,28.0286111,56.5494445
428,Ļahi,lahi,hamlet,27.6538889,56.6297222
428,Ļakses,lakses,hamlet,27.4663889,55.9575
428,Ļakses,lakses,hamlet,27.2969444,55.9941667
428,Ļamoni,lamoni,hamlet,27.8783333,56.7411111
428,Ļamāni,lamani,hamlet,26.1975,56.5191667
428,Ļesinski,lesinski,hamlet,27.2475,56.1608333
428,Ļesnie,lesnie,village,26.7445068,55.9543953
428,Ļesniki,lesniki,hamlet,27.3861111,55.9658333
428,Ļesovščizna,lesovscizna,village,26.7798424,55.9089914
428,Ļesņicova,lesnicova,hamlet,27.0679137,56.9530712
428,Ļetkas,letkas,hamlet,27.4083333,56.6319444
428,Ļetkas,letkas,hamlet,27.4063889,56.6327778
428,Ļetņijkuts,letnijkuts,hamlet,27.6630556,56.3397222
428,Ļevaškova,levaskova,hamlet,27.6358333,56.9644445
428,Ļipovka,lipovka,hamlet,27.7086111,57.0625
428,Ļipņaki,lipnaki,hamlet,26.8625,56.1936111
428,Ļistaki,listaki,hamlet,27.7430556,56.4877778
428,Ļodāni,lodani,hamlet,26.8775,56.6763889
428,Ļovāni,lovani,hamlet,26.7205555,56.5936111
428,Ļoļi,loli,hamlet,27.4719444,56.2316667
428,Ļoļi,loli,hamlet,27.4816667,56.24
428,Ļubāni,lubani,hamlet,27.805,56.4594445
428,Ļudvikova,ludvikova,hamlet,26.8438889,56.2619444
428,Ļukas,lukas,hamlet,23.0977778,56.6516667
428,Ļukati,lukati,hamlet,27.3552778,55.925
428,Ļukati,lukati,hamlet,27.9327778,56.4516667
428,Ļumeniški,lumeniski,village,26.7834146,55.955811
428,Ļumāni,lumani,hamlet,27.5352778,55.9383333
428,Ļurbova,lurbova,hamlet,27.6621109,56.7826894
428,Ļustiki,lustiki,hamlet,27.7380556,56.5888889
428,Ļutauci,lutauci,hamlet,27.5719444,56.0447222
428,Ļuļevščina,lulevscina,hamlet,27.4930556,55.9963889
428,Ļuļiški,luliski,hamlet,26.835,56.0861111
428,Ļūbaste,lubaste,hamlet,26.4442127,55.9424235
428,Ļūdi,ludi,hamlet,25.7127778,57.1061111
428,Ļūdikas,ludikas,hamlet,21.8897222,56.6513889
428,Ļūdiņi,ludini,hamlet,25.8880556,57.0594445
428,Ļūļākas,lulakas,hamlet,25.9444444,56.5488889
428,Annas,annas,hamlet,24.8991554,56.7333118
428,Brenguļi,brenguli,hamlet,25.2006961,57.3209092
428,Skramāni,skramani,hamlet,25.9951423,56.5258577
428,Liberi,liberi,village,23.9342795,56.9345095
428,Mežciems,mezciems,hamlet,24.5495208,57.1049356
428,Mežgaļi,mezgali,hamlet,21.5754155,56.7433886
428,Punumuiža,punumuiza,hamlet,25.9230176,56.4841366
428,Šeļehova,selehova,hamlet,27.4305259,57.5239808
428,Rozītes,rozites,hamlet,24.9520111,56.7725134
428,Rēķi,reki,hamlet,26.0580194,56.4622727
428,Piķeļmuiža,pikelmuiza,hamlet,22.1037248,56.4367554
428,Vētras,vetras,village,23.9953358,56.8830269
428,Zvaigznes,zvaigznes,hamlet,23.2438112,56.6358257
428,Puksti,puksti,hamlet,27.4781187,56.6821335
428,Veterovka,veterovka,hamlet,27.4175689,55.9703546
428,Pleiki,pleiki,hamlet,27.4976954,55.945314
428,Eimuri,eimuri,village,24.2747152,57.0829895
428,Jaundundaga,jaundundaga,hamlet,22.3557599,57.5362768
428,Upenieki,upenieki,hamlet,22.9033384,56.6578568
428,Mūrmuiža,murmuiza,hamlet,23.5249041,56.4341793
428,Dzērumi,dzerumi,village,24.19741,56.7258232
428,Saulgoži,saulgozi,village,24.2650892,56.7928382
428,Mežkalni,mezkalni,hamlet,24.4042143,56.7765713
428,Zabiškiai,zabiskiai,village,24.8945431,56.4225162
428,Sūnupes,sunupes,village,24.3150041,56.7761354
428,Sūnas,sunas,hamlet,26.0483494,56.5467751
428,Ozolnieki,ozolnieki,village,23.2193693,56.9189913
428,Mūsa,musa,village,24.2444236,56.366013
428,Pamūša,pamusa,village,24.2380729,56.3856117
428,Radziņciems,radzinciems,hamlet,23.2609475,56.9832779
428,Abavnieki,abavnieki,village,22.9333588,56.9745862
428,Penkule,penkule,village,23.1868441,56.4854393
428,Līvāni,livani,town,26.177657,56.3531859
428,Zirņu sala,zirnu sala,hamlet,24.2715012,56.8567636
428,Skrīveri,skriveri,village,25.1197131,56.6476956
428,Oborūni,oboruni,hamlet,26.5543842,55.9805216
428,Grundzāle,grundzale,village,26.2661684,57.4573221
428,Drąsutaičiai,drasutaiciai,village,23.7284381,56.3450718
428,Sriauptai,sriauptai,village,21.3496957,56.215801
428,Saurieši,sauriesi,village,24.3587472,56.9166567
428,Margininkai,margininkai,village,21.2509267,56.1598025
428,Viršilai,virsilai,village,21.7498334,56.3260844
428,Trūbakiai,trubakiai,village,21.6226607,56.3158509
428,Ferma,ferma,village,22.2764307,56.3980407
428,Strėliškiai,streliskiai,village,21.9587834,56.374193
428,Juodkaičiai,juodkaiciai,village,21.8333854,56.3572918
428,Linkaičiai,linkaiciai,village,23.6454748,56.331924
428,Sēlija,selija,village,25.6378891,56.5592069
428,Muoriškiai,muoriskiai,village,24.8166185,56.4129494
428,Pagojai,pagojai,village,24.8049784,56.4021124
428,Noras,noras,hamlet,23.8185139,56.5792146
428,Rožkalni,rozkalni,hamlet,23.8190503,56.5838826
428,Bartkiškė I,bartkiske i,village,26.4495381,55.6896971
428,Franciškis,franciskis,village,25.0427714,56.2658407
428,Garjoniai,garjoniai,village,25.0223595,56.2732595
428,Geniai,geniai,hamlet,25.0159318,56.2772868
428,Kapinė,kapine,village,25.0407993,56.2675476
428,Puogeliškiai,puogeliskiai,village,25.0351331,56.2716117
428,Tamošiūnai II,tamosiunai ii,village,25.0519464,56.2620028
428,Kabaldikai,kabaldikai,village,22.3101194,56.3971376
428,Mežvidi,mezvidi,village,27.5334627,56.6931842
428,Otrie Mežvidi,otrie mezvidi,village,27.5899662,56.725527
428,Barystės,barystes,village,22.6032947,56.3808736
428,Kalniškiai,kalniskiai,village,22.6148272,56.3688197
428,Lendriškiai,lendriskiai,village,22.5284732,56.3834366
428,Pakliaupis,pakliaupis,village,22.5956927,56.375504
428,Bataičiai,bataiciai,village,22.0537932,56.4163242
428,Griežė,grieze,village,22.1989197,56.4144928
428,Palūšė,paluse,village,22.0209618,56.4133923
428,Rubeņi,rubeni,village,25.9852372,56.1378212
428,Minkiai,minkiai,village,23.0642503,56.30753
428,Viešučiai,viesuciai,village,23.0612851,56.3182203
428,Atpūtas,atputas,hamlet,23.0872666,56.9907934
428,Vecmokas,vecmokas,hamlet,23.0795958,56.9994086
428,Rēzesciems,rezesciems,hamlet,22.676695,57.0976323
428,Smaltiškiai,smaltiskiai,village,24.9871493,56.3021845
428,Zīlnieki,zilnieki,hamlet,27.0559073,56.0139099
428,Globinai,globinai,village,24.4702857,56.2506243
428,Skruzdėlynė,skruzdelyne,hamlet,24.4878785,56.2569701
428,Taupriai,taupriai,village,24.4928133,56.259197
428,Vilkynė,vilkyne,hamlet,24.4479069,56.255952
428,Virbalai,virbalai,village,24.4226454,56.2604321
428,Martyniškiai,martyniskiai,village,23.1178248,56.3033708
428,Nemeikšiai,nemeiksiai,village,23.7452797,56.3158547
428,Dilbinai,dilbinai,village,23.1545651,56.3138439
428,Pabaliai,pabaliai,village,23.3142385,56.3738457
428,Puikiai,puikiai,village,23.1434701,56.3202009
428,Žučiai,zuciai,village,23.4080215,56.3615459
428,Butaučiai,butauciai,village,23.6834448,56.3470639
428,Gudaičiai,gudaiciai,village,23.7151743,56.3526767
428,Kalviai,kalviai,village,23.6718751,56.3581933
428,Kulpiai,kulpiai,village,23.7019162,56.3607977
428,Medikuičiai,medikuiciai,village,23.7354154,56.3261355
428,Milvydžiai,milvydziai,village,23.6231161,56.347775
428,Mitkūnai,mitkunai,village,23.703904,56.3376705
428,Platoniai,platoniai,village,23.5954947,56.3377254
428,Svirpliai,svirpliai,village,23.6099453,56.3239276
428,Treigiai,treigiai,village,23.7312681,56.3637372
428,Vaineikiai,vaineikiai,village,23.567678,56.3291332
428,Šileliai,sileliai,village,23.6737003,56.3200398
428,Bikaičiai,bikaiciai,village,23.8488606,56.333195
428,Grigoniai,grigoniai,village,23.9461163,56.3229105
428,Malgūžiai,malguziai,village,23.9203726,56.3219143
428,Sodininkai,sodininkai,village,23.8872157,56.3240466
428,Stūri,sturi,village,22.7571029,56.5849218
428,Ulmale,ulmale,village,21.2755736,56.9363071
428,Poķi,poki,hamlet,25.4514514,57.5767496
428,Mežvidi,mezvidi,hamlet,25.452679,57.5614988
428,Krācītes,kracites,hamlet,25.4957718,56.7463291
428,Bogdoniškė,bogdoniske,village,26.4703936,55.6905667
428,Uguļeva,uguleva,hamlet,27.5614825,56.7941808
428,Salnava,salnava,village,27.5531521,56.8144928
428,Sala,sala,hamlet,27.5851202,56.7877087
428,Didysis Plonėnas,didysis plonenas,village,24.1161711,56.2450714
428,Gedeikoniai,gedeikoniai,village,24.0791034,56.2676943
428,Geručiai,geruciai,village,23.9893735,56.3237554
428,Nakrošiūnai,nakrosiunai,village,24.1084288,56.2581404
428,Šumyliai,sumyliai,village,24.14745,56.2507622
428,Tebras,tebras,village,21.6392083,56.6856362
428,Navikai,navikai,village,26.5809364,55.6720895
428,Navikai,navikai,hamlet,26.4317366,55.7048698
428,Rīdzene,ridzene,village,25.4281987,57.2619238
428,Rāmuļi,ramuli,village,25.4154133,57.2119958
428,Mežmaļi,mezmali,hamlet,25.4062912,57.2813081
428,Vijciems,vijciems,village,25.953187,57.5859411
428,Didėja,dideja,village,26.1790088,55.8606683
428,Patiltiniai,patiltiniai,village,26.1855908,55.8595998
428,Raudinė,raudine,village,26.1536193,55.8682788
428,Vilenka,vilenka,village,26.3813027,55.7029463
428,Ribickis,ribickis,village,25.4203074,56.141484
428,Eikiniškis,eikiniskis,village,25.4268734,56.1468394
428,Daliečiai,dalieciai,village,25.4211657,56.1365809
428,Virši,virsi,village,24.0903553,56.8273386
428,Strautiņi,strautini,village,26.8924322,57.4069857
428,Piliki,piliki,hamlet,27.5807991,56.3088407
428,Rezaka,rezaka,hamlet,26.8326985,57.4401942
428,Silaktis,silaktis,hamlet,26.8404971,57.4166183
428,Tūja,tuja,hamlet,26.9669287,57.417166
428,Jaunzeibārti,jaunzeibarti,hamlet,24.0010905,56.9856305
428,Nēķene,nekene,hamlet,26.9484871,57.3924854
428,Крывоўшчына,kryvoushchyna,hamlet,27.388048,55.803337
428,Бяляны,bialiany,hamlet,26.864538,55.7022634
428,Маранішкі,maranishki,hamlet,27.1843081,55.8240664
428,Качэргі,kachergi,hamlet,27.1747226,55.8202319
428,Velykionys,velykionys,village,24.6894813,56.3742349
428,Kukuliai,kukuliai,village,24.677916,56.3712228
428,Šengeida,sengeida,village,26.7428484,55.7541933
428,Robežniecki,robezniecki,hamlet,26.1734494,56.431104
428,Jaunrobežnieki,jaunrobeznieki,hamlet,26.1639349,56.4319571
428,Reči,reci,hamlet,27.1876588,57.1014345
428,Mēķi,meki,hamlet,27.2018989,57.1055757
428,Centramuiža,centramuiza,hamlet,27.2490846,57.123493
428,Rubeņi,rubeni,village,27.4009401,57.1587892
428,Straugaliai,straugaliai,village,24.6313644,56.3729899
428,Juljanava,juljanava,village,24.7415431,56.3984723
428,Leitiškiai,leitiskiai,village,24.7176454,56.39882
428,Parupė,parupe,village,24.7603245,56.395018
428,Nemunėlio Radviliškis,nemunelio radviliskis,village,24.7757799,56.3896316
428,Gužai,guzai,village,24.6622185,56.3664063
428,Didžioji Panemunė,didzioji panemune,village,24.630248,56.3454038
428,Antupė,antupe,village,24.8377001,56.3992384
428,Dauguviečiai,dauguvieciai,hamlet,24.952804,56.3717119
428,Lujėnai II,lujenai ii,village,24.9702001,56.3117735
428,Nemunėlis,nemunelis,village,24.9659331,56.3236445
428,Ruobežiai,ruobeziai,village,24.9440786,56.3662426
428,Strelniekai,strelniekai,hamlet,24.9450484,56.3638539
428,Upės Sėta,upes seta,hamlet,24.9675637,56.3398119
428,Tabokinė,tabokine,village,24.8466264,56.4113518
428,Beinoras,beinoras,village,24.8939801,56.4003559
428,Rigmantiškiai,rigmantiskiai,village,24.9370808,56.3778575
428,Sandariškiai,sandariskiai,hamlet,24.9210034,56.4014925
428,Bėnupė,benupe,village,24.857498,56.4017182
428,Putrinė,putrine,village,24.9115659,56.406225
428,Gailiai,gailiai,village,25.0118877,56.2866456
428,Kuokaviečiai,kuokavieciai,village,24.9939721,56.2952514
428,Punduriai,punduriai,village,25.010408,56.2924289
428,Vaskališkiai,vaskaliskiai,hamlet,24.9881389,56.2945631
428,Ločerai,locerai,village,24.8547299,56.4283508
428,Kuldūnai,kuldunai,village,24.6296883,56.3558558
428,Igauniai,igauniai,hamlet,24.8918419,56.4458688
428,Rumbos,rumbos,hamlet,24.8801593,56.448589
428,Mažoji Panemunė,mazoji panemune,hamlet,24.5910732,56.3326969
428,Pakalniečiai,pakalnieciai,village,24.6111788,56.3373998
428,Smilgeliai,smilgeliai,village,24.6094371,56.3240249
428,Smėlynė,smelyne,village,26.3069893,55.7438572
428,Gilupis,gilupis,hamlet,25.0685354,56.2108199
428,Gražiškiai,graziskiai,village,25.0704652,56.2204441
428,Jurginiškis,jurginiskis,hamlet,25.0571292,56.219544
428,Virškupėnai,virskupenai,village,25.0614443,56.2362997
428,Kalpokai,kalpokai,village,25.0994428,56.1824803
428,Pakriaušė,pakriause,hamlet,25.1034972,56.1746099
428,Rimšiai,rimsiai,village,25.0893214,56.1814193
428,Simaniai,simaniai,village,25.072671,56.197658
428,Joneliai,joneliai,village,24.570088,56.2841248
428,Dvargaliai,dvargaliai,village,24.5906985,56.2969349
428,Purviškiai II,purviskiai ii,village,24.585768,56.3081567
428,Keršiai,kersiai,village,24.5871912,56.2916473
428,Kuprėnai,kuprenai,village,24.5913103,56.3194781
428,Putriai,putriai,village,24.5153669,56.2646637
428,Kalnciema masīvs,kalnciema masivs,hamlet,23.7572886,56.8218144
428,Acone,acone,village,24.2740274,56.9162467
428,Silakrogs,silakrogs,village,24.4288738,56.964255
428,Zūras,zuras,village,21.6024141,57.256242
428,Tārgale,targale,village,21.6452773,57.3315271
428,Standzes ciems,standzes ciems,village,21.608715,57.3323902
428,Andrišonys,andrisonys,village,25.1564857,56.164529
428,Sprestišķi,sprestiski,hamlet,27.6930577,56.3053252
428,Putni,putni,village,24.622994,56.3556948
428,Landze,landze,hamlet,21.6259918,57.2388535
428,Vecmuižciems,vecmuizciems,hamlet,21.6559457,57.2648238
428,Ионики,ioniki,hamlet,27.9245577,56.7629397
428,Нивки,nivki,hamlet,27.938504,56.7363938
428,Лопушни,lopushni,hamlet,27.86975,56.8838666
428,Епики,epiki,hamlet,27.6615773,56.8573443
428,Зайково,zaikovo,hamlet,27.686514,56.898579
428,Привада,privada,hamlet,27.8332555,56.8817903
428,Дембово,dembovo,hamlet,27.7796269,57.1300379
428,Новая Лудонка,novaia ludonka,hamlet,27.7990911,57.1268918
428,Рассеки,rasseki,hamlet,27.7366245,57.0944335
428,Стульпино,stul'pino,hamlet,27.7641892,57.0919905
428,Силищи,silishchi,hamlet,27.7523319,56.9561953
428,Надежино,nadezhino,hamlet,27.7694859,57.0755689
428,Новиково,novikovo,hamlet,27.6729512,56.8688757
428,Ботвино,botvino,hamlet,27.4100462,57.5291803
428,Брунишево,brunishevo,hamlet,27.455948,57.535461
428,Евдокимово,evdokimovo,hamlet,27.454744,57.540749
428,Кендиши,kendishi,hamlet,27.466749,57.541908
428,Говсы,govsy,hamlet,27.577814,57.505478
428,Krievciems,krievciems,hamlet,21.8247331,57.2219227
428,Ūdrande,udrande,village,21.6482402,57.2826409
428,Kaļķi,kalki,village,22.4572459,57.5480017
428,Rembate,rembate,village,24.7839378,56.7552177
428,Siguļi,siguli,village,24.3166081,57.1265801
428,Pavasari,pavasari,village,23.6071154,56.9144779
428,Jūrmalciems,jurmalciems,village,20.996621,56.3007901
428,Kumpuočiai,kumpuociai,village,26.4485542,55.7007548
428,Mīlakšas,milaksas,hamlet,25.9440821,57.2557948
428,Puodžiūnai,puodziunai,village,24.1960492,56.2526492
428,Ozolaine,ozolaine,village,24.6832747,57.5187442
428,Rūnaiši,runaisi,village,22.002537,56.6883358
428,Smilgas,smilgas,village,22.0091438,56.6956726
428,Paneretys,paneretys,hamlet,25.1381147,56.1786974
428,Laukesa,laukesa,village,26.2877043,55.7527925
428,Juodeniai,juodeniai,village,26.0642816,55.915608
428,Križovka,krizovka,village,26.4607466,55.6849937
428,Koptiškė,koptiske,village,26.544956,55.669865
428,Vāle,vale,hamlet,25.6677746,57.5074296
428,Lēnu muiža,lenu muiza,hamlet,21.9823001,56.6103756
428,Sabutoniškė,sabutoniske,village,26.4661161,55.6964784
428,Gudiškė,gudiske,village,26.4670575,55.6854516
428,Gajuvka,gajuvka,village,26.3996383,55.694318
428,Ilgiškė,ilgiske,village,26.4321914,55.6950288
428,Varugiškės,varugiskes,village,26.4090839,55.6964925
428,Važeliškiai,vazeliskiai,village,26.3882384,55.7031889
428,Fedina,fedina,hamlet,26.238305,55.7874835
428,Strazde,strazde,village,22.7234275,57.131308
428,Pamaučiai,pamauciai,village,24.163193,56.2394709
428,Majėnai,majenai,village,24.2129739,56.2594288
428,Ratkūnai,ratkunai,village,24.2326035,56.2582315
428,Kebeliai,kebeliai,village,25.3749068,56.1531657
428,Saliniai,saliniai,village,26.1689137,55.8551595
428,Skirna,skirna,village,26.5912219,55.6687126
428,Medoliškės,medoliskes,village,26.1544801,55.8587916
428,Kadariškiai,kadariskiai,village,26.1811594,55.865454
428,Vyšniauka,vysniauka,village,26.3707103,55.7024027
428,Žiogiškės,ziogiskes,village,26.4040752,55.7035377
428,Paberžė,paberze,hamlet,26.5694404,55.6774664
428,Pasiekai,pasiekai,hamlet,26.571654,55.6731074
428,Paupinė,paupine,village,26.1934942,55.8558557
428,Matuliškė,matuliske,village,26.4260868,55.6988941
428,Saločiai,salociai,village,26.3906962,55.6965759
428,Aleininkai,aleininkai,village,26.241823,55.7842158
428,Mironiškis,mironiskis,village,26.1818218,55.8515547
428,Subatiškis,subatiskis,village,26.0916643,55.8904463
428,Ankudinovka,ankudinovka,hamlet,26.3356608,55.7393248
428,Antužiškės,antuziskes,village,26.2082595,55.8499098
428,Garavai,garavai,hamlet,26.3649744,55.7151549
428,Ažuožeriškiai,azuozeriskiai,village,26.2631596,55.7696921
428,Bliokmantas,bliokmantas,village,26.2115342,55.8426631
428,Ginočiai,ginociai,village,25.3890976,56.1314898
428,Klabutka,klabutka,hamlet,26.5156203,55.678395
428,Andumi,andumi,village,22.681414,57.1592814
428,Šalna,salna,hamlet,26.2287922,55.8118596
428,Kovenka,kovenka,hamlet,26.2477127,55.7860545
428,Paulauka,paulauka,hamlet,26.2387193,55.799129
428,Mateikiškė,mateikiske,hamlet,26.4115637,55.7032884
428,Pačeriaukštė,paceriaukste,village,24.4905334,56.2656769
428,Šarkiūnėliai,sarkiuneliai,village,25.2259162,56.1832939
428,Purgalciems,purgalciems,village,22.59723,57.1720537
428,Rustiškė,rustiske,hamlet,26.4409331,55.6950168
428,Skiduliškė,skiduliske,village,26.5608398,55.6729348
428,Vanagėliškė,vanageliske,village,26.4251816,55.6888632
428,Maliniškės,maliniskes,village,26.3484819,55.7388564
428,Venteleriškės,venteleriskes,village,26.3663621,55.7089508
428,Šapauka,sapauka,village,26.3370005,55.7302981
428,Smiltene,smiltene,town,25.9045413,57.4243197
428,Grīnvalti,grinvalti,village,21.0095238,56.4614677
428,Bemberi,bemberi,hamlet,26.1566975,57.5219841
428,Meža Miers,meza miers,village,24.5881402,57.0730971
428,Lācīši,lacisi,hamlet,25.7124432,57.0086271
428,Ruhnu,ruhnu,hamlet,23.2415817,57.8047117
428,Rauda,rauda,village,26.2513969,55.8567909
428,Pāle,pale,village,24.6666058,57.7007696
428,Vecumi,vecumi,village,27.7713055,57.2137293
428,Stari,stari,village,26.7285519,57.1192055
428,Saules,saules,hamlet,24.5114657,56.3218856
428,Uši,usi,village,22.5680104,57.7014472
428,Pūņas,punas,village,22.4948933,57.3440886
428,Panteļiški,panteliski,hamlet,26.9391833,55.9535326
428,Rude,rude,village,22.7290429,57.4911539
428,Struņķi,strunki,hamlet,25.3546167,57.4020568
428,Šķībusti,skibusti,hamlet,25.2958531,57.3676962
428,Nida,nida,village,21.0612059,56.0927758
428,Opoļi,opoli,hamlet,28.1749986,56.4001242
428,Čonkini,conkini,hamlet,28.1730644,56.4001105
428,Sproģi,sprogi,village,25.1736982,56.272889
428,Svajāni,svajani,hamlet,25.2706473,56.233123
428,Steķi,steki,hamlet,26.3778998,56.4486386
428,Troškas,troskas,hamlet,26.4353784,56.5190896
428,Marinzeja,marinzeja,hamlet,26.3813742,56.5587002
428,Ratītes,ratites,hamlet,26.1821929,56.5842516
428,Čolēni,coleni,hamlet,25.879057,57.0098203
428,Kaleši,kalesi,village,22.4046538,57.0960344
428,Bērzmuiža,berzmuiza,hamlet,24.1248738,56.4958044
428,Štakeldanga,stakeldanga,village,21.6037895,56.7381123
428,Rokaiži,rokaizi,village,21.6629587,56.7322359
428,Vaiņodes muiža,vainodes muiza,hamlet,21.8982206,56.4151497
428,Ozoli,ozoli,village,22.1268122,57.0401375
428,Vecgaiķi,vecgaiki,village,22.5657579,56.7851529
428,Vandzenes skola,vandzenes skola,village,22.8011357,57.3270247
428,Nogale,nogale,village,22.7337104,57.3724126
428,Ogresmuiža,ogresmuiza,hamlet,25.4819984,56.8699285
428,Vecogre,vecogre,hamlet,25.4902202,56.8856031
428,Dobromiļa,dobromila,hamlet,27.2933905,56.0076307
428,Satiķi,satiki,village,22.5281276,56.8067139
428,Skangaļi,skangali,hamlet,25.4944864,57.3985023
428,Sesile,sesile,village,22.3906639,56.6426244
428,Mordanga,mordanga,village,22.2781732,57.1513212
428,Mēmele,memele,village,24.5573276,56.3275319
428,Sārnate,sarnate,village,21.447849,57.1161034
428,Cirsnieki,cirsnieki,hamlet,26.1968935,56.2949585
428,Vecrundāle,vecrundale,village,24.0203373,56.3579245
428,Virsīte,virsite,hamlet,23.9149084,56.3460479
428,Vecvilgāle,vecvilgale,hamlet,21.8137385,56.8633259
428,Vanga,vanga,village,21.752633,56.7848824
428,Sumeinieki,sumeinieki,hamlet,26.5640116,56.7429114
428,Zaļmežnieki,zalmeznieki,hamlet,26.5816298,56.7560036
428,Priežukalns,priezukalns,hamlet,26.5616099,56.764204
428,Grošļi,grosli,hamlet,26.1610544,57.3005162
428,Krīvi,krivi,village,25.3278369,57.2746929
428,Braslava,braslava,village,25.0386893,57.7571782
428,Vecvārkava,vecvarkava,village,26.5117184,56.1973991
428,Mārciems,marciems,hamlet,24.6808934,57.8712359
428,Mežciems,mezciems,hamlet,24.5191002,57.5198642
428,Vilgāle,vilgale,village,21.8231597,56.8823782
428,Pope,pope,village,21.8526636,57.3969786
428,Stremki,stremki,hamlet,27.4779559,55.7976249
428,Grūbe,grube,hamlet,26.7752175,57.5264885
428,Zaļesje,zalesje,village,28.1401848,56.340228
428,Pape,pape,village,21.0301397,56.152147
428,Vecate,vecate,village,25.1348417,57.7958288
428,Pantene,pantene,hamlet,25.2051714,57.8649579
428,Zeltiņi,zeltini,village,26.7708707,57.3609036
428,Ukri,ukri,village,23.0585861,56.3419716
428,Meļņica,melnica,hamlet,26.9336228,55.9406444
428,Saksoni,saksoni,hamlet,27.1345787,55.9229792
428,Vilmaņi,vilmani,hamlet,27.0875797,55.9038004
428,Zabolova,zabolova,hamlet,27.4658742,57.5282616
428,Stuborova,stuborova,hamlet,27.4085298,57.5202411
428,Uzvaras Līdums,uzvaras lidums,village,23.8755976,56.772228
428,Veizes,veizes,hamlet,24.1651005,56.5025354
428,Skuķi,skuki,village,27.5652404,55.9346509
428,Rozes,rozes,village,25.6351475,57.3800605
428,Šņitki,snitki,hamlet,27.6708678,56.7795936
428,Acones dārzs,acones darzs,hamlet,24.3007922,56.8987735
428,Vildoga,vildoga,hamlet,24.9847877,57.2014457
428,Nurmiži,nurmizi,hamlet,24.9478322,57.1999026
428,Putreliai,putreliai,village,24.03645,56.29306
428,Jērcēni,jerceni,village,25.6514738,57.6892602
428,Skultes muiža,skultes muiza,village,24.4935239,57.3719747
428,Sieksāte,sieksate,village,21.8881237,56.6907802
428,Ezītis,ezitis,village,23.9671773,56.7779082
428,Varavīksne,varaviksne,hamlet,26.3804295,55.8322126
428,Šuškova,suskova,village,28.1086385,56.21282
428,Slutiški,slutiski,village,26.8830943,55.9128742
428,Mičurinietis,micurinietis,hamlet,26.4911055,55.8306194
428,Plešova,plesova,hamlet,27.6806545,57.2490474
428,Vecbāta,vecbata,hamlet,21.8768051,56.4409513
428,Tartaks,tartaks,hamlet,26.820535,55.8195081
428,Reģi,regi,hamlet,21.6217213,56.995588
428,Randene,randene,village,26.4650619,55.8484278
428,Skaņkalne,skankalne,village,25.040319,57.8569513
428,Lilaste,lilaste,village,24.3520256,57.18962
428,Pašuliene,pasuliene,village,26.2463069,55.9446234
428,Ļūbaste,lubaste 1,hamlet,26.4446587,55.9554377
428,Rutki,rutki,village,24.6930328,56.7436766
428,Valgalciems,valgalciems,village,22.9470605,57.4103871
428,Kraukļi,kraukli,village,26.3135368,57.0004811
428,Pūrciems,purciems,village,22.631804,57.5827468
428,Sīļukalns,silukalns,village,26.7536988,56.5204351
428,Dienvidstacija,dienvidstacija,hamlet,21.5495833,56.968497
428,Bērzkalni,berzkalni,hamlet,21.4995199,56.9513417
428,Stāķi,staki,village,26.7333144,57.1344723
428,Pakalnieši,pakalniesi,hamlet,27.3810592,57.2545243
428,Eglīte,eglite,village,26.6131375,55.9581331
428,Pļesņeva,plesneva,hamlet,27.742651,55.9876471
428,Ozolkrasti,ozolkrasti,hamlet,27.2772796,55.9610131
428,Plociņi,plocini,hamlet,27.257653,55.9635765
428,Soleimi,soleimi,hamlet,27.2712104,55.9866328
428,Padvariečiai,padvarieciai,village,24.7171783,56.3783218
428,Vaivodi,vaivodi,village,27.4921305,55.8453664
428,Pelči,pelci,village,21.968439,56.9212812
428,Rumbenieki,rumbenieki,village,22.045335,56.9910028
428,Sermīte,sermite,village,21.7815754,56.7327669
428,Rumba,rumba,hamlet,21.9987038,56.9526157
428,Ventas ciems,ventas ciems,village,22.007686,56.9673148
428,Novadnieki,novadnieki,village,22.0748256,56.8992259
428,Pleiriai,pleiriai,village,24.5258617,56.2718361
428,Upīškalns,upiskalns,village,21.9290837,56.9407124
428,Padure,padure,village,21.9080429,57.0179679
428,Bojas,bojas,village,21.6558337,56.6798316
428,Sila Ūdenāni,sila udenani,hamlet,25.8870598,56.3410009
428,Žoglova,zoglova,hamlet,28.1055033,56.2011964
428,Pinti,pinti,hamlet,28.1093997,56.1954672
428,Ustje,ustje,hamlet,28.0242619,56.219811
428,Škauna,skauna,hamlet,28.1350309,56.2199462
428,Pedeļova,pedelova,hamlet,28.1434117,56.2172618
428,Pirdova,pirdova,hamlet,28.177384,56.240399
428,Šeški,seski,hamlet,28.1452723,56.1849063
428,Zaborje,zaborje,hamlet,28.1288656,56.1774738
428,Ošupe,osupe,village,27.7487068,56.033644
428,Ojatnieki,ojatnieki,hamlet,27.3813214,56.0551296
428,Stūrīši,sturisi,village,22.6539521,57.2449432
428,Saka,saka,village,21.2112146,56.8528921
428,Lāņi,lani,village,24.3700581,57.6727635
428,Tērande,terande,hamlet,21.5821904,57.0942765
428,Vīganti,viganti,village,26.8334192,56.1086293
428,Uguņciems,ugunciems,village,22.960588,57.381655
428,Purpļi,purpli,hamlet,27.5473203,56.1113783
428,Škļarovščina,sklarovscina,hamlet,27.5975106,55.8008296
428,Ostrovna,ostrovna,hamlet,27.5461563,55.8298715
428,Namiķi,namiki,village,22.3956113,56.7182137
428,Spolāni,spolani,hamlet,25.9322465,56.4889841
428,Palejnieki,palejnieki,hamlet,25.9257269,56.5242601
428,Vārpa,varpa,hamlet,25.8921299,56.5208425
428,Buši,busi,hamlet,25.9350124,56.5041625
428,Zvidzāni,zvidzani,hamlet,25.8310043,56.5237021
428,Priži,prizi,village,25.8091476,56.5278936
428,Sīļukalns,silukalns,hamlet,25.895512,56.4664121
428,Veselība,veseliba,hamlet,25.9880527,56.4651635
428,Stulpiņi,stulpini,hamlet,25.9248395,56.4974418
428,Lauciņi,laucini,hamlet,25.9018406,56.5191813
428,Ābeļi,abeli,village,25.9160847,56.4780089
428,Platači,plataci,hamlet,25.9108356,56.4675263
428,Pabērži,paberzi,hamlet,26.3053333,55.7778905
428,Rudzīši,rudzisi,hamlet,25.9359523,56.4745527
428,Rogāļi,rogali,hamlet,25.9443791,56.4748674
428,Maksini,maksini,hamlet,25.9678274,56.4724766
428,Silavas,silavas,hamlet,25.9881683,56.4731886
428,Trepmuiža,trepmuiza,hamlet,26.0072336,56.4731137
428,Šumāni,sumani,hamlet,26.0020131,56.4872612
428,Lauki,lauki,hamlet,25.9945673,56.4932672
428,Strodu Oglenieki,strodu oglenieki,hamlet,25.9796756,56.4947479
428,Spēles,speles,hamlet,25.9709209,56.4952691
428,Veseļi,veseli,hamlet,25.9578532,56.4945939
428,Tīznūži,tiznuzi,hamlet,25.9758562,56.5001843
428,Ļamāni,lamani,hamlet,25.9694832,56.5113745
428,Piejūti,piejuti,hamlet,25.9606212,56.5321476
428,Dūcāni,ducani,hamlet,25.9757489,56.5373302
428,Pakalnes,pakalnes,hamlet,25.9783238,56.531402
428,Landzāni,landzani,hamlet,25.997743,56.5340527
428,Liesma,liesma,hamlet,25.8393218,56.4694893
428,Miegūze,mieguze,village,22.6011641,57.2652761
428,Rožupe,rozupe,village,26.3561173,56.3374905
428,Zundāni,zundani,hamlet,26.217521,56.4249445
428,Sunīši,sunisi,village,24.370827,56.974294
428,Spilve,spilve,village,23.9623716,56.963963
428,Krāgaskalns,kragaskalns,hamlet,26.9718162,57.430313
428,Pārolaine,parolaine,village,23.9311348,56.7774519
428,Mikņu ciems,miknu ciems,hamlet,21.2220815,56.2076022
428,Vīkuļi,vikuli,village,23.8691436,56.9381634
428,Vecanna,vecanna,hamlet,27.0679463,57.3479327
428,Trenči,trenci,village,23.7353274,56.9038608
428,Žarniškiai,zarniskiai,village,26.3236498,55.7400374
428,Varkaļi,varkali,village,23.8016409,56.9477282
428,Sīpolciems,sipolciems,village,23.7577141,56.939048
428,Silmalas,silmalas,village,23.7281567,56.9342982
428,Vengerski,vengerski,hamlet,27.0196119,57.4602019
428,Šķēde,skede,village,22.3840019,56.8568929
428,Raņķi,ranki,hamlet,24.1629831,56.6236952
428,Raņķi,ranki,village,21.9960429,56.7818456
428,Valgunde,valgunde,village,23.6776114,56.7484567
428,Pērnciems,pernciems,village,23.6728836,56.9195229
428,Straupciems,straupciems,village,23.6509924,56.9143424
428,Automobilists,automobilists,hamlet,25.8261561,56.4994637
428,Ādmināni,adminani,hamlet,25.791156,56.5250478
428,Sniķere,snikere,village,23.1148744,56.3987866
428,Vecstelpe,vecstelpe,hamlet,24.5025433,56.5316612
428,Pīrāgi,piragi,village,24.2502672,56.3355872
428,Nīzere,nizere,hamlet,24.4742655,56.5268308
428,Garkalne,garkalne,village,24.4225,57.0731371
428,Baltezers,baltezers,village,24.3075488,57.0182623
428,Priedkalne,priedkalne,village,24.2737507,57.0149878
428,Bukulti,bukulti,village,24.2622684,57.0201251
428,Priežlejas,priezlejas,village,24.1638699,57.0553114
428,Eimuri,eimuri,village,24.2326998,57.0772447
428,Berģi,bergi,village,24.3041368,56.9891872
428,Šķieneri,skieneri,village,26.7366312,57.1426328
428,Velēnmuiža,velenmuiza,hamlet,26.4063112,57.2166533
428,Rimstavas,rimstavas,village,26.6060114,57.1466591
428,Strutele,strutele,hamlet,23.0059096,56.7964101
428,Ziemeļblāzma,ziemelblazma,village,24.4257338,57.3397654
428,Upīte,upite,village,27.6746452,57.026292
428,Kažoki,kazoki,hamlet,24.2361113,56.7164107
428,Vērgale,vergale,village,21.1975238,56.6976729
428,Mirnijs,mirnijs,village,26.5975368,55.8222306
428,Ošāni,osani,village,25.7867303,56.4567616
428,Stuburi,stuburi,hamlet,25.7879123,56.4706358
428,Boķi,boki,hamlet,25.7771278,56.5045589
428,Salaspils,salaspils,hamlet,25.8273103,56.5129727
428,Kaļķi,kalki,hamlet,25.8084435,56.5195662
428,Putnukalni,putnukalni,village,25.7604398,56.5293235
428,Daugavas stacija,daugavas stacija,hamlet,25.7174574,56.5382794
428,Bajāri,bajari,hamlet,25.7124197,56.5601937
428,Ūdrāni,udrani,hamlet,25.7039789,56.5734509
428,Līkumi,likumi,hamlet,25.7327054,56.6109266
428,Spietiņi,spietini,hamlet,25.7076099,56.6042089
428,Plāteri,plateri,hamlet,25.7002773,56.5990765
428,Puļpāni,pulpani,hamlet,25.6894616,56.595328
428,Vecsēlpils,vecselpils,hamlet,25.6576355,56.5882033
428,Ezerciems,ezerciems,hamlet,25.6909728,56.5489147
428,Pāvuli,pavuli,hamlet,25.6612904,56.56085
428,Sēlpils,selpils,village,25.6141154,56.5279358
428,Priekšāni,prieksani,hamlet,25.619654,56.5321545
428,Naudīdzāni,naudidzani,hamlet,25.6201033,56.5673548
428,Zeļķi,zelki,hamlet,25.7757243,56.5390369
428,Meždārzi,mezdarzi,hamlet,25.7572369,56.5549669
428,Siliņi,silini,hamlet,25.767983,56.4406926
428,Pūteļi,puteli,hamlet,25.7064717,56.4088262
428,Miķelāni,mikelani,hamlet,25.7583275,56.3783868
428,Siliņu stacija,silinu stacija,hamlet,25.7778754,56.3880391
428,Radiņi,radini,hamlet,25.8100941,56.4088441
428,Vārzgūne,varzgune,hamlet,25.8913583,56.38694
428,Saldes,saldes,hamlet,26.0620215,56.4360152
428,Rubuļkalns,rubulkalns,hamlet,26.0597362,56.4189943
428,Podvinka,podvinka,hamlet,26.0748369,56.4231846
428,Urbāni,urbani,hamlet,26.0860963,56.4296738
428,Auzāni,auzani,hamlet,26.0857834,56.4335135
428,Trepe,trepe,hamlet,26.0773664,56.4375979
428,Ļovāni,lovani,hamlet,26.0802285,56.4448524
428,Rudzāti,rudzati,hamlet,26.0886225,56.4497838
428,Vēveri,veveri,hamlet,26.0990763,56.4486239
428,Daugavas Ķiķaukas,daugavas kikaukas,hamlet,26.0484223,56.4593437
428,Sankaļi,sankali,hamlet,25.8669983,56.5439209
428,Sietnieki,sietnieki,hamlet,25.8745194,56.5532793
428,Sprukti,sprukti,hamlet,25.9358966,56.5416231
428,Piņņi,pinni,hamlet,25.9524911,56.5593597
428,Smani,smani,hamlet,25.9938646,56.5505999
428,Stireni,stireni,hamlet,26.0014285,56.5474181
428,Ribāki,ribaki,hamlet,26.0216729,56.5500839
428,Sūnu Paleja,sunu paleja,hamlet,26.0623575,56.5417696
428,Plošlejas,ploslejas,hamlet,26.055711,56.5299216
428,Stipri,stipri,hamlet,25.9903509,56.5124685
428,Stukuli,stukuli,hamlet,26.0036439,56.5161504
428,Priednieki,priednieki,hamlet,26.0297901,56.5327439
428,Teiļi,teili,hamlet,26.0297935,56.5011748
428,Papoļi,papoli,hamlet,26.0470717,56.4988411
428,Žabenieki,zabenieki,hamlet,25.9186782,56.5711513
428,Purniņi,purnini,hamlet,25.8491904,56.5736854
428,Mežākas,mezakas,hamlet,25.8462828,56.5848312
428,Peņigas,penigas,hamlet,25.7648074,56.5937147
428,Klauģi,klaugi,hamlet,25.7527527,56.5866622
428,Uģērnieki,ugernieki,hamlet,25.7697139,56.586286
428,Produsala,produsala,hamlet,25.7686812,56.5805364
428,Upsargas,upsargas,hamlet,25.8875939,56.6005332
428,Vāguļi,vaguli,hamlet,25.899561,56.6001525
428,Rugātnieki,rugatnieki,hamlet,25.9002298,56.5860439
428,Vēri,veri,hamlet,25.939112,56.5936953
428,Pieterāni,pieterani,hamlet,25.9793276,56.6211228
428,Spāģi,spagi,hamlet,25.9965815,56.6260746
428,Lāci,laci,hamlet,26.0052897,56.6325373
428,Mostoviks,mostoviks,hamlet,25.960911,56.6499967
428,Uģēres,ugeres,hamlet,25.9549917,56.6456561
428,Rusuļi,rusuli,hamlet,25.9603827,56.5795408
428,Sarķi,sarki,hamlet,25.9851577,56.5789362
428,Rubeņi,rubeni,hamlet,25.9977119,56.5798722
428,Midzeņi,midzeni,hamlet,26.0021107,56.5744889
428,Ušāni,usani,hamlet,26.0222754,56.5807275
428,Rubeņsala,rubensala,hamlet,26.047091,56.5902694
428,Žagari,zagari,hamlet,26.0264222,56.6022929
428,Pāpuļi,papuli,hamlet,26.0789968,56.6290031
428,Priecumi,priecumi,hamlet,26.0967873,56.634477
428,Timsmales,timsmales,hamlet,26.1744577,56.6384225
428,Trākši,traksi,hamlet,26.1242098,56.6158919
428,Silabebri,silabebri,hamlet,26.1016332,56.5972859
428,Sīkstuļi,sikstuli,hamlet,26.1286472,56.5611949
428,Nīkuri,nikuri,hamlet,26.041534,56.5608988
428,Medīlas,medilas,hamlet,26.0462175,56.5645593
428,Vāglāni,vaglani,hamlet,26.0665448,56.5669157
428,Pumpusala,pumpusala,hamlet,26.2154659,56.6059505
428,Gustiņi,gustini,hamlet,25.7043642,56.5042125
428,Roži,rozi,hamlet,25.6779032,56.4919737
428,Zaķi,zaki,hamlet,25.6110034,56.481435
428,Negaidāni,negaidani,hamlet,25.5975151,56.452004
428,Jaundubeņi,jaundubeni,village,21.1784233,56.4837947
428,Rokasbirze,rokasbirze,village,21.5642255,56.7122984
428,Padures muiža,padures muiza,village,21.582998,56.749859
428,Pasiekste,pasiekste,village,21.5886265,57.3422329
428,Sunākste,sunakste,village,25.4828375,56.4593079
428,Zaļais Sils,zalais sils,village,26.6539595,55.8810589
428,Stūnīši,stunisi,village,24.0502305,56.8524139
428,Saulītes,saulites,hamlet,25.4160621,57.3760685
428,Sargu māja,sargu maja,hamlet,26.5715774,55.9381265
428,Pocelujevka,pocelujevka,hamlet,27.3604202,56.4833969
428,Dārzmala,darzmala,hamlet,27.3649102,56.479075
428,Staroščiki,starosciki,hamlet,27.3748398,56.474154
428,Račova,racova,hamlet,27.3857402,56.4883019
428,Pazareva,pazareva,hamlet,27.3999023,56.4905291
428,Tihanovka,tihanovka,hamlet,27.4139356,56.4870343
428,Mihalova,mihalova,hamlet,27.4141288,56.498631
428,Pilskalne,pilskalne,village,25.1717598,56.1929777
428,Pograniča,pogranica,hamlet,24.1724288,56.2722856
428,Skudras,skudras,hamlet,27.4224595,56.5380508
428,Obricki,obricki,hamlet,27.4021005,56.5350297
428,Voskāni,voskani,hamlet,27.4580555,56.5472197
428,Zemesgols,zemesgols,hamlet,27.438053,56.5219507
428,Rūņi,runi,hamlet,27.4771502,56.533832
428,Zabalotje,zabalotje,hamlet,27.4869537,56.5403209
428,Taudejāni,taudejani,hamlet,27.4398786,56.5373515
428,Skangaļi,skangali,hamlet,27.4576505,56.5356047
428,Annuška,annuska,hamlet,24.2033,56.8756
428,Pārupe,parupe,hamlet,23.1306422,56.9506905
428,Pūpoli,pupoli,hamlet,25.5612474,57.5757269
428,Vecpūņas,vecpunas,village,22.5083134,57.3469284
428,Zasa,zasa,village,25.9815499,56.2925522
428,Packules ciems,packules ciems,village,21.6294101,57.3664015
428,Otaņķi,otanki,village,21.1012613,56.4251373
428,Spiņņi,spinni,village,21.8758601,57.445918
428,Sumburciems,sumburciems,hamlet,22.2708142,57.434447
428,Pērkone,perkone,village,21.0052301,56.4193244
428,Strante,strante,village,21.2449708,56.9147429
428,Roceži,rocezi,village,22.6312059,57.282786
428,Sise,sise,hamlet,21.55136,57.1247044
428,Puikules stacija,puikules stacija,village,24.8911051,57.6564045
428,Draudavas,draudavas,hamlet,25.798865,56.5555168
428,Tiltnieki,tiltnieki,hamlet,25.7960185,56.5559892
428,Rumbula,rumbula,village,24.2552537,56.8816723
428,Dricāni,dricani,village,27.1843368,56.6520834
428,Spundžāni,spundzani,hamlet,27.2764608,56.5310735
428,Žogotas-Rasnupļi,zogotas-rasnupli,village,27.3668616,56.7190354
428,Petručonki,petruconki,hamlet,28.0097691,56.5908436
428,Vācu Kalni,vacu kalni,hamlet,28.0412447,56.5307971
428,Šnitniki,snitniki,hamlet,28.0720143,56.550568
428,Vacumnieki,vacumnieki,hamlet,27.975372,56.5114633
428,Platpirova,platpirova,hamlet,28.0331843,56.5592477
428,Ščastļivi,scastlivi,hamlet,27.9839028,56.5077275
428,Zeltiņi,zeltini,hamlet,27.8947349,56.5478915
428,Voiti,voiti,hamlet,27.8559,56.5628692
428,Meža Kocki,meza kocki,hamlet,27.8437381,56.5598601
428,Špegi,spegi,hamlet,27.8331594,56.5582401
428,Virpi,virpi,hamlet,27.8072914,56.5585953
428,Trūpi,trupi,hamlet,27.8096674,56.7400018
428,Strauja,strauja,hamlet,27.8352204,56.738084
428,Pudinava,pudinava,hamlet,27.7042027,56.7239078
428,Rudiņova,rudinova,hamlet,27.720608,56.7423428
428,Stabule,stabule,hamlet,27.656059,56.7414948
428,Zebrene,zebrene,village,22.8830842,56.6023703
428,Oglaine,oglaine,village,23.8237765,56.4921721
428,Tutāni,tutani,village,27.6324115,56.5388682
428,Stirnu ciems,stirnu ciems,hamlet,22.9305516,56.5354038
428,Valdgale,valdgale,village,22.570023,57.282619
428,Pluģuciems,pluguciems,village,23.8167125,56.9218326
428,Sikšņi,siksni,village,21.2508657,56.2626161
428,Ziedkalne,ziedkalne,village,23.47904,56.4364205
428,Turna,turna,village,25.7798005,57.7554312
428,Vējupīte,vejupite,village,24.9212499,57.1483931
428,Veselava,veselava,village,25.4772645,57.2900067
428,Melnbārži,melnbarzi,village,25.8428846,57.1704627
428,Podgurje,podgurje,hamlet,26.8187096,56.0790974
428,Zīperi,ziperi,hamlet,27.2331223,56.0438144
428,Ziedlejas,ziedlejas,hamlet,21.5609352,56.9872062
428,Girminiai,girminiai,village,23.7625763,56.3591293
428,Gailiūnai,gailiunai,village,23.8917474,56.3351128
428,Ziemeļi,ziemeli,hamlet,24.2109439,56.680382
428,Sāti,sati,village,22.9674754,56.9098463
428,Varavīksne,varaviksne,hamlet,24.3958038,56.9134907
428,Vanči,vanci,hamlet,24.1429406,56.6248315
428,Priežu sils,priezu sils,hamlet,26.5689928,55.9583276
428,Nahodka,nahodka,hamlet,26.5827396,55.9845369
428,Solnečnoje,solnecnoje,hamlet,26.5971554,55.927235
428,Ezerciems,ezerciems,hamlet,26.6022925,55.9314378
428,Ķīmiķis,kimikis,hamlet,26.5811618,55.9270897
428,Uzvara,uzvara,hamlet,26.5906184,55.927778
428,Jubilejas,jubilejas,hamlet,26.5932187,55.9364045
428,Sapnis D,sapnis d,hamlet,26.5829635,55.9317826
428,Pavasaris,pavasaris,hamlet,26.6262898,55.9742281
428,Spārīte,sparite,hamlet,26.6345975,55.9681754
428,Pērkons,perkons,hamlet,24.3160491,56.9176743
428,Pilsblīdene,pilsblidene,village,22.6885699,56.6973431
428,Ezernieki,ezernieki,village,23.1810664,57.1676644
428,Odre,odre,village,22.7035903,57.2301558
428,Ragbrūžciems,ragbruzciems,village,22.113161,57.1756386
428,Vīgrieze,vigrieze,village,22.5799083,57.2973181
428,Priedes,priedes,village,24.74267,57.5564576
428,Oleri,oleri,village,25.4009054,57.8033409
428,Vilpulka,vilpulka,village,25.2355098,57.9610933
428,Vērsis,versis,village,25.1171493,57.9661016
428,Mērnieki,mernieki,village,24.5085239,57.8593201
428,Līči,lici,village,24.4365228,57.248239
428,Pēterupe,peterupe,village,24.4450022,57.2527094
428,Silmala,silmala,village,24.4488072,57.2639263
428,Biķernieki,bikernieki,village,24.4689792,57.2414975
428,Ainava,ainava,village,24.4470669,57.2396029
428,Vizla,vizla,village,26.2785243,57.425084
428,Kamaldiņa,kamaldina,village,25.941081,57.4391757
428,Strautmaļi,strautmali,village,25.3116846,57.3447962
428,Matiņi,matini,village,24.8580264,57.1320008
428,Sērmūkši,sermuksi,village,25.5129146,57.1231959
428,Merķeļi,merkeli,hamlet,25.2973509,57.063942
428,Villasmuiža,villasmuiza,village,24.6843909,56.967907
428,Upespils,upespils,village,25.0112772,56.9304585
428,Rājumi,rajumi,village,24.038515,56.7053538
428,Vecsvirlauka,vecsvirlauka,village,23.8942766,56.6064919
428,Pastališķi,pastaliski,village,24.0998839,56.3165368
428,Zvaigzne,zvaigzne,village,24.3752074,56.4008776
428,Punslavas,punslavas,village,24.0489006,56.4579142
428,Ražotāji,razotaji,village,22.8638362,56.5120594
428,Vecmiķeļi,vecmikeli,village,23.0640149,56.4587797
428,Poķi,poki,village,23.6814593,56.5055708
428,Švirkale,svirkale,village,24.0698432,56.3741869
428,Poļvarka,polvarka,village,26.3606643,56.922449
428,Aizkraukle,aizkraukle,village,25.2230643,56.6166708
428,Mellēni,melleni,village,25.2968786,56.5784919
428,Zemkopības institūts,zemkopibas instituts,village,25.124359,56.6259734
428,Piliškas,piliskas,village,26.6541194,56.215487
428,Vārkava,varkava,village,26.5673445,56.2464976
428,Upenieki,upenieki,village,26.2104605,56.2942526
428,Turki,turki,village,26.2755202,56.4536694
428,Skujaiņi,skujaini,village,25.8071851,56.6123256
428,Veczosna,veczosna,village,27.3054884,56.3336697
428,Prezma,prezma,village,27.1333121,56.4007945
428,Pieniņi,pienini,village,26.7194365,56.3630633
428,Višķu tehnikums,visku tehnikums,village,26.7633819,56.0649926
428,Pilskalne,pilskalne,village,26.2635897,55.9764398
428,Krasnoje,krasnoje,village,26.8685245,55.9460999
428,Muitas,muitas,village,26.4657639,55.863741
428,Vitkuški,vitkuski,village,26.0519313,55.9601077
428,Mežgale,mezgale,village,25.856452,56.2781383
428,Vidsala,vidsala,village,25.8536624,56.3423284
428,Stūrīši,sturisi,village,22.650547,57.2416754
428,Sukturi,sukturi,village,22.6301622,57.2418611
428,Vendzavas,vendzavas,village,21.4461706,57.1605438
428,Putniņciems,putninciems,village,22.6811456,57.1932503
428,Puzes muiža,puzes muiza,village,22.0142798,57.3270442
428,Puzenieki,puzenieki,village,22.0435368,57.3268516
428,Topciems,topciems,village,21.9518411,57.3825708
428,Vaivariņi,vaivarini,village,24.4611454,57.2942922
428,Mežvidi,mezvidi,village,24.4510941,57.2871843
428,Saulīte,saulite,village,24.449923,57.27228
428,Gulbītis,gulbitis,village,26.6310309,57.0767614
428,Pilskalns,pilskalns,village,26.7884442,57.2883209
428,Sēļi,seli,village,26.0529183,57.7444116
428,Timšāni,timsani,hamlet,26.3051544,55.9128635
428,Sondori-Škeņeva,sondori-skeneva,village,27.3666858,56.5730549
428,Strupļi,strupli,village,26.9871425,56.5149008
428,Sakstagals,sakstagals,village,27.147045,56.5360151
428,Rikava,rikava,village,27.0394133,56.6213933
428,Pudinava,pudinava,village,27.7256298,56.711125
428,Skujetnieki,skujetnieki,village,27.1667432,56.9156794
428,Strūžāni,struzani,village,27.1837805,56.7455696
428,Vectilža,vectilza,village,27.401422,56.9625119
428,Peši,pesi,village,21.1364936,56.2141028
428,Rāva,rava,village,21.3446329,56.6409379
428,Virga,virga,village,21.4183616,56.4769509
428,Vecsaikava,vecsaikava,village,26.4245224,56.764697
428,Tetele,tetele,village,23.8365554,56.6399939
428,Raubēni,raubeni,village,23.8017081,56.6612271
428,Vārpa,varpa,village,23.6657738,56.6785822
428,Podkājas,podkajas,village,24.5360755,57.0122113
428,Jaunsaurieši,jaunsauriesi,village,24.3744563,56.896629
428,Račeva,raceva,village,27.5791166,56.014505
428,Rosica,rosica,village,27.5840948,56.4059239
428,Ozolkalni,ozolkalni,village,24.8253679,56.735449
428,Tīrumi,tirumi,village,23.9050483,56.3765158
428,Piebalgas,piebalgas,village,24.4134021,56.676036
428,Sadnieki,sadnieki,village,26.7001247,55.8766591
428,Tabore,tabore,village,26.6534328,55.8679431
428,Talsiņi,talsini,village,25.3129291,56.5455741
428,Purviņi,purvini,village,25.3770017,56.5087679
428,Plēsums,plesums,village,22.659173,57.2237674
428,Rinkule,rinkule,village,22.6189184,57.0461228
428,Lielziedi,lielziedi,village,25.2324629,56.5759389
428,Rimicāni,rimicani,village,26.4339852,56.2108332
428,Vanagi,vanagi,village,26.377058,56.2900608
428,Naudaskalns,naudaskalns,village,27.2361372,57.0851575
428,Verpuļeva,verpuleva,village,27.3053168,57.1353079
428,Veismaņi,veismani,village,25.3452658,57.3016769
428,Saltupi,saltupi,village,25.9379481,57.4219877
428,Silva,silva,village,25.93297,57.4141302
428,Vidzeme,vidzeme,village,25.8769654,57.4079124
428,Vecdome,vecdome,village,27.5537324,56.0981476
428,Pullans,pullans,village,27.0362806,57.4037049
428,Ceriņi,cerini,village,23.2941055,56.6173556
428,Saulaine,saulaine,village,21.574831,56.4503728
428,Vaivadi,vaivadi,village,24.066925,56.7140692
428,Sargeliški,sargeliski,village,26.8698119,55.9143895
428,Sprukti,sprukti,village,26.8681811,55.9224218
428,Putāni,putani,village,26.8692111,55.9339622
428,Melderiški,melderiski,village,26.9187354,55.9339141
428,Vecračina,vecracina,village,26.938219,55.9217485
428,Rukliški,rukliski,village,26.7869854,55.9238885
428,Maskaļāni,maskalani,village,26.7844104,55.9169869
428,Sandariški,sandariski,village,26.7630385,55.8994269
428,Nitiši,nitisi,village,26.7432117,55.8903791
428,Vecpils,vecpils,village,26.736431,55.9190071
428,Pritikina,pritikina,village,26.7547988,55.9486231
428,Virvjali,virvjali,village,26.763339,55.9631585
428,Strojenka,strojenka,village,26.7460441,55.9682025
428,Viļuši,vilusi,village,26.6929149,55.927952
428,Zastenki,zastenki,village,26.6991991,55.9515409
428,Stropica,stropica,village,26.6216415,55.9365848
428,Teivāni,teivani,village,26.6633759,55.9214633
428,Raščina,rascina,village,26.8069839,55.9186704
428,Zapoļniki,zapolniki,village,26.9491195,55.9102525
428,Peski,peski 1,village,26.5287208,55.8393739
428,Peski,peski 2,village,26.5264033,55.8276125
428,Svelberģis,svelbergis,village,26.7332983,57.1823668
428,Lielie Dreizi,lielie dreizi,village,27.3829078,56.5173158
428,Jaunie Čači,jaunie caci,village,27.3663425,56.4968071
428,Pleikšņi,pleiksni,village,27.3229121,56.4832074
428,Maļutki,malutki,village,26.5670442,55.8569611
428,Zaļumi,zalumi,hamlet,26.6280109,55.9926778
428,Vecā Zeļonovka,veca zelonovka,hamlet,26.5931153,55.9913486
428,Udzes muiža,udzes muiza,hamlet,23.4239364,56.6634448
428,Bērzes - Sīpeles meža,berzes - sipeles meza,hamlet,23.3970262,56.7186674
428,Iecavas stacija,iecavas stacija,hamlet,24.2337477,56.6275816
428,bij stacija 'Piebalga',bij stacija 'piebalga',hamlet,26.0036667,57.1669623
428,Ķīšupe,kisupe,village,24.4538418,57.2778589
428,Vecauce,vecauce,village,22.8910445,56.4670189
428,Svētiņi,svetini,hamlet,24.8524758,56.7154417
428,Glaudītāji,glauditaji,hamlet,24.870389,56.7105274
428,Senči,senci,hamlet,24.9081039,56.6921871
428,Alieši,aliesi,hamlet,26.0015669,57.792881
428,Mežvidi,mezvidi,hamlet,21.2764358,56.7520373
428,Šahmani,sahmani,hamlet,27.0024662,56.0086737
428,Rudāni,rudani,village,26.8478977,55.9115793
428,Ozoli,ozoli,village,26.8904086,56.1936523
428,Makarāni,makarani,village,26.7562022,55.9716132
