country_id,name,name_norm,place,lon,lat
499,Kotor,kotor,town,18.7713332,42.4249205
499,Budva,budva,city,18.8419505,42.2885656
499,Perast,perast,town,18.6988592,42.4862681
499,Bar,bar,city,19.0954528,42.0979745
499,Herceg Novi,herceg novi,town,18.5367516,42.4517622
499,Podgorica,podgorica,city,19.2621081,42.4415238
499,Ulcinj - Ulqin,ulcinj - ulqin,town,19.2055563,41.926012
499,Virpazar,virpazar,town,19.0906057,42.2462724
499,Bijela,bijela,town,18.6542346,42.4544318
499,Cetinje,cetinje,city,18.9246085,42.389633
499,Nikšić,niksic,city,18.9488097,42.7739388
499,Plužine,pluzine,town,18.8452248,43.1562282
499,Šćepan Polje,scepan polje,hamlet,18.8455038,43.3479224
499,Krute Ulcinjske - Krytha e Ulqinit,krute ulcinjske - krytha e ulqinit,village,19.1841934,41.9696582
499,Bratica - Braticë,bratica - bratice,village,19.1946791,41.9519175
499,Žabljak,zabljak,town,19.1208669,43.1550532
499,Kolašin,kolasin,town,19.5218005,42.8238387
499,Pljevlja,pljevlja,city,19.3584715,43.3565611
499,Rožaje,rozaje,town,20.1679653,42.8433181
499,Dobra Voda,dobra voda,village,19.1462648,42.0510559
499,Tivat,tivat,town,18.6988104,42.4303762
499,Brežine,brezine,village,19.11003,42.3926884
499,Bečići,becici,village,18.8725252,42.2838324
499,Bijelo Polje,bijelo polje,city,19.7473559,43.0341595
499,Mojkovac,mojkovac,town,19.5799899,42.9624908
499,Berane,berane,town,19.8728701,42.8435792
499,Andrijevica,andrijevica,town,19.7917886,42.7339619
499,Plav,plav,town,19.9441846,42.5968969
499,Mateševo,matesevo,village,19.5532677,42.7613687
499,Petnjica,petnjica,town,19.9637412,42.9090825
499,Pliješ,plijes,village,19.213913,43.4803694
499,Boljanići,boljanici,village,19.213736,43.4559937
499,Dolinice,dolinice,village,19.4398194,43.3428243
499,Dacići,dacici,village,20.1774483,42.8087929
499,Bać,bac,village,20.2978688,42.8854399
499,Katun Vulića,katun vulica,hamlet,19.6786908,42.7066697
499,Rovačko Trebaljevo,rovacko trebaljevo,hamlet,19.5284792,42.8622302
499,Radigojno,radigojno,village,19.5313007,42.8401188
499,Mali Bostur,mali bostur,village,18.8381544,42.3909947
499,Špiljari,spiljari,hamlet,18.7759777,42.4225844
499,Gornja Lastva,gornja lastva,hamlet,18.7076121,42.4539224
499,Gornji Stoliv,gornji stoliv,hamlet,18.7150364,42.4661878
499,Stari Bar,stari bar,town,19.1338353,42.093943
499,Katun Momonjevo,katun momonjevo,hamlet,19.5359995,42.5970119
499,Velji Bostur,velji bostur,village,18.8272228,42.393606
499,Ivanova korita,ivanova korita,hamlet,18.8320227,42.3803388
499,Dolovi,dolovi,village,18.8229687,42.3773306
499,Kuk,kuk,village,18.8024142,42.394781
499,Njeguši,njegusi,village,18.8247712,42.4312967
499,Erakovići,erakovici,village,18.8294919,42.4332606
499,Vrpolje,vrpolje,hamlet,18.8230474,42.4277776
499,Katun Zagon Milovića,katun zagon milovica,hamlet,19.6036945,42.6052332
499,Katun Krivodoljski,katun krivodoljski,hamlet,19.6075791,42.5925757
499,Katun Torač,katun torac,hamlet,19.5673493,42.5922966
499,Katun Jezero,katun jezero,hamlet,19.5591836,42.5984182
499,Katun Popoviča,katun popovica,hamlet,19.5536835,42.6073452
499,Mokro,mokro,hamlet,19.5707214,42.6056144
499,Dubraljevina,dubraljevina,village,18.7740643,42.2788814
499,Lastva Grbaljska,lastva grbaljska,village,18.8041275,42.3094854
499,Prijevor,prijevor,village,18.8197798,42.2915972
499,Radanovići,radanovici,village,18.7601169,42.3585879
499,Nalježići,naljezici,village,18.7761057,42.3730626
499,Bigova,bigova,village,18.7057448,42.3562677
499,Đuraševići,durasevici,village,18.6897762,42.3936099
499,Bjeloši,bjelosi,village,18.9012363,42.3723746
499,Očinići,ocinici,village,18.9185954,42.3540575
499,Brajići,brajici,village,18.897996,42.3048177
499,Kruševica,krusevica,hamlet,18.8658812,42.3973262
499,Trešnja,tresnja,hamlet,18.8521912,42.4036961
499,Bukovica,bukovica,village,18.8462689,42.4355356
499,Vrba,vrba,hamlet,18.8101425,42.4343761
499,Knež Do,knez do,hamlet,18.7985041,42.4302777
499,Velji Zalazi,velji zalazi,hamlet,18.7835114,42.456572
499,Donji Gačevići,donji gacevici,hamlet,18.7833979,42.4499136
499,Vuči Do,vuci do,hamlet,18.8103487,42.4169724
499,Ograđenica,ogradenica,hamlet,18.9206557,42.2558032
499,Rustovo,rustovo,hamlet,18.9115808,42.2690956
499,Čelobrdo,celobrdo,village,18.9079759,42.2678571
499,Marovići,marovici,hamlet,18.9087913,42.2660786
499,Pržno,przno,village,18.8938065,42.268107
499,Miločer,milocer,hamlet,18.8939965,42.2632424
499,Sveti Stefan,sveti stefan,town,18.89695,42.2556515
499,Klinci,klinci,hamlet,18.5672994,42.4214928
499,Zabrđe,zabrde,hamlet,18.5975675,42.4195152
499,Žanjev Do,zanjev do,village,18.7963429,42.4178
499,Zagora,zagora,village,18.7496065,42.302515
499,Dubovik,dubovik,village,18.8847828,42.4118631
499,Morinj,morinj,village,18.6481042,42.4891698
499,Risan,risan,town,18.6955649,42.5149792
499,Kamenari,kamenari,hamlet,18.673497,42.4668399
499,Gornić,gornic,village,18.8849219,42.3840673
499,Danilovgrad,danilovgrad,town,19.1053006,42.5524074
499,Zelenika,zelenika,town,18.5774346,42.4516792
499,Kumbor,kumbor,village,18.587667,42.4403576
499,Đenovići,denovici,village,18.6090956,42.4376417
499,Baošići,baosici,village,18.6266432,42.4425312
499,Glavatičići,glavaticici,village,18.7323137,42.3314297
499,Kubasi,kubasi,village,18.7560041,42.3243574
499,Kovači,kovaci,village,18.760699,42.3127339
499,Višnjevo,visnjevo,village,18.7778909,42.2973817
499,Pobrđe,pobrde,village,18.7460506,42.3505645
499,Njivice,njivice,hamlet,18.5135135,42.4360245
499,Spuž,spuz,town,19.1969185,42.5107033
499,Radovići,radovici,village,18.6713893,42.3964329
499,Vesla,vesla,hamlet,18.6109101,42.3692577
499,Rijeka Crnojevića,rijeka crnojevica,town,19.0226515,42.3563513
499,Markovići,markovici,village,18.8527737,42.3075766
499,Lepetane,lepetane,village,18.6866829,42.4658174
499,Godinje,godinje,village,19.1115984,42.2218695
499,Rose,rose,hamlet,18.5567837,42.4282969
499,Strp,strp,village,18.6708115,42.5050625
499,Dobrota,dobrota,town,18.7669566,42.4562399
499,Prčanj,prcanj,town,18.753071,42.4490017
499,Petrovac na Moru,petrovac na moru,town,18.9428248,42.2068358
499,Čanj,canj,village,18.9979865,42.1636138
499,Sutomore,sutomore,town,19.0429902,42.1426733
499,Vladimir - Katërkollë,vladimir - katerkolle,village,19.3052089,42.0050689
499,Кrute - Krythë,krute - krythe,village,19.2619899,42.0139861
499,Braiša - Brajsh,braisa - brajsh,village,19.3155004,42.0215545
499,Gështenja,geshtenja,village,19.2746848,42.0889152
499,Curajt Poshtë,curajt poshte,hamlet,19.3137174,42.0842605
499,Livari,livari,village,19.2149487,42.1280654
499,Arbnesh,arbnesh,village,19.34418,42.0766711
499,Besa,besa,village,19.2251022,42.1475511
499,Donji Murići,donji murici,village,19.2132737,42.1582551
499,Cerovo,cerovo,village,18.9751394,42.6706316
499,Kosanica,kosanica,village,19.3217827,43.1961149
499,Lopate,lopate,village,19.4853512,42.6550548
499,Bolesestra,bolesestra,village,19.4186581,42.5910734
499,Bioče,bioce,village,19.3514143,42.5130623
499,Prnjavor,prnjavor,hamlet,19.9502221,42.597707
499,Podi,podi,village,18.5443798,42.4617758
499,Meljine,meljine,village,18.5620922,42.4552565
499,Kostanjica,kostanjica,village,18.6671212,42.4859246
499,Lipci,lipci,village,18.6587801,42.4988977
499,Stoliv,stoliv,village,18.7095608,42.4721998
499,Valdanos - Valdanosi,valdanos - valdanosi,hamlet,19.1662524,41.9534783
499,Šas - Shas,sas - shas,village,19.3175121,41.9934607
499,Ljubanovići,ljubanovici,hamlet,19.3641335,42.0829375
499,Karuč,karuc,hamlet,19.1069368,42.3584773
499,Šavnik,savnik,town,19.0946043,42.957197
499,Pošćenje,poscenje,hamlet,19.0650347,42.9784526
499,Petnjica,petnjica,hamlet,19.0801473,42.9831515
499,Nedajno,nedajno,village,18.9845769,43.1983866
499,Mala Crna Gora,mala crna gora,village,19.0062228,43.2085897
499,Trsa,trsa,village,18.9357447,43.188051
499,Virak,virak,village,19.1112996,43.1173534
499,Motički gaj,moticki gaj,village,19.1115132,43.1315109
499,Međuriječje,medurijecje,village,19.3728698,42.7243121
499,Dražin Vrt,drazin vrt,village,18.7312543,42.4839811
499,Donji Orahovac,donji orahovac,village,18.7591846,42.4915061
499,Begovići,begovici,hamlet,18.6138013,42.3872937
499,Eraci,eraci,hamlet,18.5979119,42.4026981
499,Tići,tici,hamlet,18.5841474,42.4072674
499,Zambelići,zambelici,hamlet,18.597303,42.3942558
499,Mrkovi,mrkovi,hamlet,18.5757783,42.4130347
499,Mitrovići,mitrovici,hamlet,18.6031731,42.4201469
499,Krašići,krasici,village,18.6416706,42.4117583
499,Rafailovići,rafailovici,hamlet,18.8826887,42.280661
499,Stegvaši,stegvasi,hamlet,19.3664779,42.0585802
499,Mali Ostros,mali ostros,village,19.3104949,42.0868697
499,Tejani,tejani,village,19.24361,42.1029012
499,Đuravci,duravci,village,19.1909655,42.1742379
499,Gornja Seoca,gornja seoca,hamlet,19.1334277,42.2129582
499,Bistrice,bistrice,village,19.1873526,42.3048551
499,Gornji Vukovci,gornji vukovci,hamlet,19.2018045,42.3335857
499,Vranjina,vranjina,village,19.1346478,42.2785509
499,Komarno,komarno,village,19.0613909,42.2878664
499,Moračica,moracica,hamlet,19.3514449,42.5300157
499,Klopot,klopot,village,19.3793743,42.559476
499,Orah,orah,hamlet,19.4108281,42.5828453
499,Pelev Brijeg,pelev brijeg,village,19.3964396,42.5826838
499,Jablan,jablan,hamlet,19.4500194,42.6208472
499,Lijeva Rijeka,lijeva rijeka,village,19.4766565,42.6450028
499,Jabuka,jabuka,village,19.5267377,42.7376708
499,Pajkov vir,pajkov vir,hamlet,19.5160451,42.7272368
499,Kralje,kralje,village,19.7545733,42.7351097
499,Hakanje,hakanje,village,19.9038595,42.5707666
499,Višnjevo,visnjevo,village,19.8868506,42.5650694
499,Koljenoviće,koljenovice,village,19.8416074,42.5550096
499,Ćosovići,cosovici,hamlet,19.8350422,42.5424111
499,Vusanje,vusanje,village,19.8459712,42.5266292
499,Kruševo,krusevo,village,19.8658123,42.5608799
499,Lepenac,lepenac,village,19.5914137,43.000628
499,Zaton,zaton,village,19.7814531,43.0023468
499,Donje Zaostro,donje zaostro,village,19.8572182,42.8846499
499,Bioča,bioca,village,19.8579824,42.933073
499,Polja,polja,village,19.5410575,42.9715789
499,Gojakovici,gojakovici,village,19.4803134,42.9939328
499,Gornja Dobrilovina,gornja dobrilovina,village,19.3982594,43.0254484
499,Vilići,vilici,village,19.3712276,43.2601691
499,Njegovuđa,njegovuda,village,19.2262067,43.1235276
499,Aluge,aluge,village,19.2395947,43.1492148
499,Javorje,javorje,village,19.1237171,43.1086102
499,Ograde Kolibe,ograde kolibe,village,19.0106954,43.1863568
499,Ramovo Ždrijelo,ramovo zdrijelo,hamlet,19.2016301,43.1165776
499,Bosača,bosaca,village,19.0876115,43.1637907
499,Pitomine,pitomine,village,19.1056145,43.1611306
499,Šumanovac,sumanovac,village,19.1877303,43.1559466
499,Suvodo,suvodo,village,19.2090192,43.1357113
499,Nadgora,nadgora,hamlet,19.0928434,43.1835394
499,Uskoci,uskoci,hamlet,19.112518,43.1763788
499,Novakovići,novakovici,village,19.1627149,43.0890756
499,Pašina voda,pasina voda,village,19.1133456,43.0980679
499,Zaluci,zaluci,hamlet,19.152932,42.9770384
499,Skok,skok,hamlet,19.0737367,42.9729772
499,Mljetičak,mljeticak,village,19.1366036,42.9733701
499,Gornja Bukovica,gornja bukovica,village,19.138028,43.0398509
499,Mokro,mokro,village,19.0809562,42.9471969
499,Duži,duzi,village,19.0238561,42.9826493
499,Previš,previs,hamlet,19.1035204,42.9707641
499,Kosorići,kosorici,hamlet,19.135653,42.9561634
499,Tušinja,tusinja,village,19.1993746,42.9496226
499,Donja Bukovica,donja bukovica,village,19.1703002,43.0097244
499,Krnja Jela,krnja jela,village,19.2944026,42.9220714
499,Boan,boan,village,19.2111289,42.9415643
499,Jasenova,jasenova,village,19.3771794,42.7670216
499,Ocka Gora,ocka gora,hamlet,19.3528777,42.782402
499,Kuta,kuta,village,19.3113968,42.7780689
499,Kunak,kunak,hamlet,19.3254724,42.7638048
499,Liješnje,lijesnje,village,19.3177209,42.7726174
499,Velje Duboko,velje duboko,village,19.2642329,42.7796198
499,Cerovice,cerovice,village,19.3564294,42.7461456
499,Dromira,dromira,hamlet,19.3766368,42.6005454
499,Kupina,kupina,hamlet,19.3704815,42.624275
499,Stubica,stubica,hamlet,18.9806876,42.7021707
499,Prijespa,prijespa,hamlet,18.9653716,42.7275156
499,Donja Brezna,donja brezna,village,18.8978248,42.9975446
499,Seljani,seljani,hamlet,18.8461873,43.0845869
499,Zaborje,zaborje,hamlet,18.8636214,43.0245269
499,Goransko,goransko,village,18.815004,43.1254627
499,Pišče,pisce,village,18.9099124,43.1584293
499,Lice,lice,hamlet,18.9250793,43.172088
499,Rastovac,rastovac,village,18.9323745,42.8366633
499,Ćurjan,curjan,hamlet,19.3093073,42.0944981
499,Ckla,ckla,village,19.371187,42.0832914
499,Perovići,perovici,hamlet,19.360591,42.0857352
499,Demirovići,demirovici,hamlet,19.350645,42.0855425
499,Bljaca,bljaca,hamlet,19.2560573,42.1244584
499,Zabes,zabes,hamlet,19.09076,42.230859
499,Milovići,milovici,hamlet,19.0888035,42.2572943
499,Dubova,dubova,hamlet,19.0184767,42.3305853
499,Sotonići,sotonici,village,19.0519166,42.2334056
499,Poseljani,poseljani,hamlet,19.0522921,42.3074144
499,Mihailovici,mihailovici,hamlet,19.0692323,42.3183661
499,Boljevići,boljevici,village,19.0843874,42.2246369
499,Bijelo Polje,bijelo polje,village,19.2031618,42.3048683
499,Gagosi,gagosi,hamlet,19.0625871,42.3273597
499,Ponari,ponari,village,19.1817535,42.3171422
499,Orahovo,orahovo,village,19.0637464,42.2429631
499,Krnjice,krnjice,village,19.180242,42.2117654
499,Trnovi Do,trnovi do,hamlet,19.0694465,42.328692
499,Suvodo,suvodo,hamlet,19.072601,42.2411681
499,Donja Seoca,donja seoca,hamlet,19.1439317,42.2182954
499,Donji Vukovci,donji vukovci,hamlet,19.1975927,42.3261857
499,Karanikići,karanikici,village,19.1795094,42.1839991
499,Donja Briska,donja briska,village,19.2297927,42.1189865
499,Gornja Briska,gornja briska,village,19.221661,42.1148755
499,Dodoši,dodosi,hamlet,19.136381,42.3293303
499,Ribljak,ribljak,hamlet,19.0100818,42.6517594
499,Žabljak,zabljak,hamlet,19.1582905,42.3169323
499,Bare Kraljske,bare kraljske,village,19.6151357,42.7486196
499,Redice,redice,village,19.3004958,42.8802592
499,Miljkovac,miljkovac,hamlet,18.8497577,43.0525769
499,Miloševići,milosevici,hamlet,18.8186227,43.1623268
499,Mratinje,mratinje,hamlet,18.8135015,43.2605336
499,Babljak,babljak,village,19.5116263,42.8332472
499,Donji Štoj - Shtoji i Poshtëm,donji stoj - shtoji i poshtem,village,19.3015984,41.9061772
499,Vuksanlekići,vuksanlekici,village,19.3432257,42.3457769
499,Omerbožovići,omerbozovici,village,19.3175698,42.4214084
499,Lijevi Meteh,lijevi meteh,village,19.9720721,42.6305333
499,Desni Meteh,desni meteh,village,19.9986381,42.6284942
499,Igalo,igalo,town,18.5106652,42.4587283
499,Mali Zalazi,mali zalazi,hamlet,18.7810761,42.4716627
499,Glibaći,glibaci,village,19.2462947,43.2272359
499,Kameno,kameno,village,18.5338092,42.4801354
499,Krimovice,krimovice,village,18.7680819,42.2834527
499,Selita - Selitë,selita - selite,hamlet,19.3273642,42.0036497
499,Žvinje,zvinje,hamlet,18.5002956,42.44433
499,Andrići,andrici,hamlet,18.4939338,42.4813938
499,Badanovići,badanovici,hamlet,18.5104913,42.4942397
499,Gornje Selo,gornje selo,hamlet,18.4783781,42.4917641
499,Bratostan,bratostan,hamlet,18.5119814,42.5376454
499,Ceranići,ceranici,hamlet,18.5050534,42.4985668
499,Kape,kape,hamlet,18.497905,42.5644965
499,Konjevići,konjevici,hamlet,18.4633332,42.4928511
499,Kosići,kosici,hamlet,18.504954,42.4953738
499,Kovači,kovaci,hamlet,18.4892196,42.49133
499,Krnji Do,krnji do,hamlet,18.5050794,42.547875
499,Kruševice,krusevice,village,18.4947279,42.5349986
499,Kvekići,kvekici,hamlet,18.5450493,42.4581766
499,Lučići,lucici,hamlet,18.4715372,42.4787732
499,Malta,malta,hamlet,18.4505524,42.4972713
499,Mandići,mandici,hamlet,18.5307891,42.492712
499,Matkovići,matkovici,hamlet,18.5351862,42.4681437
499,Mirovići,mirovici,hamlet,18.4952247,42.4880912
499,Miševići,misevici,hamlet,18.4860797,42.4719264
499,Musići,musici,hamlet,18.541687,42.4647162
499,Nugline,nugline,hamlet,18.5037057,42.5530399
499,Obradovići,obradovici,hamlet,18.5391737,42.4830893
499,Pod Duge,pod duge,hamlet,18.5054312,42.5755933
499,Porobići,porobici,hamlet,18.4980347,42.4918101
499,Prijevor,prijevor,village,18.4538074,42.4929043
499,Prodoli,prodoli,hamlet,18.5200573,42.5361369
499,Ratiševina,ratisevina,village,18.5021008,42.4780599
499,Rustovo,rustovo,hamlet,18.4517052,42.4886744
499,Sitnica,sitnica,hamlet,18.4487298,42.5573287
499,Stjepčići,stjepcici,hamlet,18.5388509,42.4857138
499,Sušići,susici,hamlet,18.5334903,42.4633469
499,Sušćepan,suscepan,village,18.5065796,42.4667205
499,Tamnica,tamnica,hamlet,18.5295796,42.480071
499,Terzići,terzici,hamlet,18.5149667,42.489967
499,Tomaševići,tomasevici,hamlet,18.4869746,42.5295571
499,Trebesin,trebesin,village,18.5236462,42.4719332
499,Tušupi,tusupi,hamlet,18.5269703,42.4644985
499,Vlaovići,vlaovici,hamlet,18.4829339,42.485317
499,Vučji Do,vucji do,hamlet,18.5183643,42.532051
499,Šćepoševići,sceposevici,hamlet,18.4642502,42.4816876
499,Ždrijelo,zdrijelo,hamlet,18.5071592,42.5557695
499,Župkovići,zupkovici,hamlet,18.5106883,42.4722121
499,Begova Korita,begova korita,hamlet,18.5524261,42.6424402
499,Gojkovići,gojkovici,hamlet,18.4964036,42.5069634
499,Gornje Polje,gornje polje,village,18.615016,42.6586716
499,Jarčišta,jarcista,hamlet,18.5736893,42.6283306
499,Javora,javora,village,18.5651511,42.6747413
499,Nudo,nudo,village,18.5748762,42.6708552
499,Krivodo,krivodo,village,18.6145389,42.6816235
499,Kunska,kunska,hamlet,18.5472706,42.6934711
499,Kućišta,kucista,village,18.5739376,42.711253
499,Lazarevići,lazarevici,hamlet,18.4785514,42.5003057
499,Lepetići,lepetici,hamlet,18.5008041,42.5029859
499,Mokrine,mokrine,village,18.4951416,42.5032117
499,Nugo,nugo,village,18.6146514,42.6860348
499,Petijevići,petijevici,hamlet,18.4891309,42.514587
499,Sepalj Do,sepalj do,village,18.5546868,42.6766991
499,Svrčuge,svrcuge,hamlet,18.4783925,42.5071003
499,Vilusi,vilusi,village,18.59505,42.7278202
499,Vučija,vucija,village,18.5478034,42.6801864
499,Zaslap,zaslap,village,18.5932433,42.6784123
499,Zebljak,zebljak,hamlet,18.5783061,42.690249
499,Žugljaj,zugljaj,hamlet,18.5505758,42.6888281
499,Broćanac Viluški,brocanac viluski,village,18.5590108,42.757964
499,Petrovići,petrovici,village,18.5187785,42.7701708
499,Tuzi,tuzi,town,19.3300881,42.3661526
499,Sukobin - Sukobina,sukobin - sukobina,village,19.3620784,42.0119939
499,Žlijebi,zlijebi,hamlet,18.5696415,42.4812161
499,Marići,marici,hamlet,18.5331811,42.458032
499,Gornji Murići,gornji murici,village,19.2001068,42.1498778
499,Pinčići,pincici,village,19.1963075,42.1401786
499,Tuđemili,tudemili,village,19.1439335,42.1329482
499,Korita,korita,village,19.949531,42.6072856
499,Skić,skic,village,19.9404305,42.6087361
499,Staniselići,staniselici,village,19.1050752,42.4104481
499,Gradac,gradac,village,19.0929122,42.4127607
499,Mataruge,mataruge,village,19.4564433,43.264789
499,Vrulja,vrulja,village,19.4690835,43.2170383
499,Šušanj,susanj,village,19.0931387,42.1162811
499,Trešnjevo,tresnjevo,hamlet,18.7487098,42.6369349
499,Bata,bata,hamlet,18.8122553,42.5545529
499,Resna,resna,hamlet,18.8698971,42.4957922
499,Čevo,cevo,village,18.9175942,42.5445687
499,Orja Luka,orja luka,hamlet,19.0769533,42.5659089
499,Burtaiši,burtaisi,village,19.1113492,42.0994779
499,Golubovci,golubovci,village,19.2363048,42.3338914
499,Gusinje,gusinje,town,19.833253,42.5637693
499,Pikalj,pikalj,village,19.378611,42.404722
499,Seoca,seoca,village,19.281667,42.553333
499,Vranj,vranj,village,19.297778,42.325833
499,Kovren,kovren,village,19.562951,43.1798404
499,Lekovina,lekovina,village,19.6058041,43.1541429
499,Orahovica,orahovica,village,19.7334445,43.1138896
499,Ravna Rijeka,ravna rijeka,village,19.6422222,43.0058333
499,Sadići,sadici,hamlet,19.5938169,43.1726032
499,Ukropci,ukropci,hamlet,18.7486197,42.3409411
499,Kovačko Polje,kovacko polje,village,18.7858104,42.3201985
499,Trešnica,tresnica,hamlet,18.7590059,42.3323438
499,Glavati,glavati,village,18.7703001,42.308856
499,Dub,dub,village,18.758168,42.3898194
499,Boguti,boguti,village,18.9805169,42.3199034
499,Bokovo,bokovo,village,18.9694532,42.3984873
499,Ceklin,ceklin,village,18.9858732,42.3581466
499,Dobrsko selo,dobrsko selo,village,18.9613067,42.3782323
499,Donji Ulići,donji ulici,village,18.988027,42.379202
499,Gornji Ulići,gornji ulici,village,18.9968399,42.3829173
499,Lipa Dobrska,lipa dobrska,village,18.9525477,42.373563
499,Obzovica,obzovica,village,18.9348983,42.3142216
499,Riječani,rijecani,village,19.0534979,42.3427111
499,Strugari,strugari,village,18.977719,42.3683245
499,Ugnji,ugnji,village,18.9166038,42.3396525
499,Vrela,vrela,village,18.9270348,42.3268376
499,Vratkovići,vratkovici,village,18.6391539,43.041482
499,Vojkovići,vojkovici,village,18.8738246,42.4577094
499,Kornet,kornet,village,19.1404588,42.4107705
499,Muo,muo,village,18.7576593,42.4305136
499,Vrbanj,vrbanj,hamlet,18.508444,42.5582626
499,Okrugljak,okrugljak,hamlet,19.4083541,42.9554761
499,Laništa,lanista,hamlet,19.5924401,42.9223896
499,Katun Krnjače,katun krnjace,hamlet,19.6161211,42.903944
499,Katun Slađevac,katun sladevac,hamlet,19.6229339,42.8516803
499,Melaja,melaja,hamlet,19.5904899,42.8611574
499,Mušovića Rijeka,musovica rijeka,hamlet,19.5785566,42.8396514
499,Paljevine,paljevine,hamlet,19.6216007,42.8312016
499,Gornji Brčeli,gornji brceli,village,19.0109846,42.2408168
499,Utrg,utrg,village,18.9722045,42.2616364
499,Brijege,brijege,village,19.027538,42.2411133
499,Donji Brčeli,donji brceli,village,19.0104535,42.2484418
499,Lukići,lukici,village,19.1790593,42.1682409
499,Dedići,dedici,village,19.162921,42.174593
499,Dobrilovići,dobrilovici,hamlet,18.891132,43.1633909
499,Vojinovići,vojinovici,hamlet,18.8994361,43.1688686
499,Vojinovića katun,vojinovica katun,hamlet,18.937356,43.1652072
499,Milojevići,milojevici,hamlet,18.9952295,42.6354129
499,Tunjevo,tunjevo,hamlet,19.0184037,42.6290192
499,Vitasojevići,vitasojevici,hamlet,18.9928906,42.6253643
499,Bogetići,bogetici,hamlet,18.9774985,42.6807288
499,Drenovštica,drenovstica,hamlet,18.9926261,42.6529595
499,Građani,gradani,village,19.0050895,42.2745514
499,Riječani,rijecani,village,18.6462288,42.7660682
499,Vraćenovići,vracenovici,village,18.4938914,42.8423203
499,Počekovići,pocekovici,village,18.5099095,42.8065402
499,Grahovo,grahovo,village,18.6711976,42.6525727
499,Zagora,zagora,village,19.0660192,42.4128135
499,Gospoština,gospostina,village,19.0910281,42.3829596
499,Meterizi,meterizi,village,19.0573074,42.3785294
499,Gornja Brova,gornja brova,village,19.025947,42.3773009
499,Kamenica,kamenica,hamlet,19.1144009,42.3899133
499,Barutana,barutana,village,19.1452892,42.3943387
499,Dobrska Župa,dobrska zupa,village,19.0540812,42.3898391
499,Đinovići,dinovici,village,18.9931499,42.4128608
499,Štitari,stitari,village,19.0205053,42.4394267
499,Kosijeri,kosijeri,village,18.973572,42.4173137
499,Briđe,bride,village,19.1363284,42.3708978
499,Orasi,orasi,village,19.026124,42.4568899
499,Bigor,bigor,village,19.1347288,42.3989827
499,Kruse,kruse,village,19.1540975,42.4336138
499,Parci,parci,village,19.09322,42.401534
499,Liješnje,lijesnje,village,19.147158,42.4005153
499,Pribojevići,pribojevici,village,19.1098711,42.4020795
499,Buronji,buronji,village,19.0987131,42.4307773
499,Releze,releze,village,19.0522573,42.4301596
499,Beri,beri,village,19.1702745,42.4339606
499,Goljemadi,goljemadi,village,19.1398904,42.3887139
499,Ćepetići,cepetici,village,19.0487811,42.4353542
499,Vardišta,vardista,village,19.0300486,42.4375555
499,Progonovići,progonovici,village,19.0696401,42.4339938
499,Draževina,drazevina,village,19.1333673,42.4290826
499,Prigradina,prigradina,village,18.6506358,42.820055
499,Velimlje,velimlje,village,18.6336243,42.8202336
499,Gornja Trepča,gornja trepca,village,18.7668076,42.8311186
499,Balosave,balosave,village,18.6028495,42.7545775
499,Kamensko,kamensko,village,18.733532,42.7872649
499,Smrduša,smrdusa,village,18.707048,42.7943793
499,Tupan,tupan,village,18.632268,42.7930252
499,Donja Trepča,donja trepca,village,18.7784033,42.818574
499,Spila,spila,village,18.6422254,42.7232307
499,Rudine,rudine,village,18.7219181,42.7388198
499,Ośečenica,osecenica,hamlet,18.6386838,42.6917593
499,Broćanac Nikšićki,brocanac niksicki,village,18.849821,42.7287942
499,Bijele Poljane,bijele poljane,village,18.8579598,42.6834929
499,Trnjine,trnjine,village,18.8588429,42.5625906
499,Kašice,kasice,hamlet,19.0277629,42.3869278
499,Šinđon,sindon,village,19.0420006,42.3579098
499,Drušići,drusici,village,19.0809779,42.3602081
499,Rvaši,rvasi,village,19.0896629,42.3711681
499,Donje selo,donje selo,hamlet,19.0497355,42.31145
499,Riječki grad,rijecki grad,hamlet,19.0223591,42.3538532
499,Braćeni,braceni,village,19.0802315,42.2530879
499,Popratnica,popratnica,village,19.0488183,42.2680833
499,Radomir,radomir,village,19.0146528,42.270783
499,Zaštek,zastek,hamlet,19.0441887,42.3053088
499,Dupilo,dupilo,village,19.0402942,42.2584846
499,Lipovik,lipovik,village,19.0426167,42.3494221
499,Kruševica,krusevica,village,19.084688,42.267712
499,Prevlaka,prevlaka,village,19.0983586,42.3351363
499,Smokovci,smokovci,village,19.0192876,42.3199625
499,Začir,zacir,village,18.9964883,42.3446844
499,Rogani,rogani,village,19.1124778,42.3463576
499,Doljane,doljane,hamlet,19.1040664,42.3702122
499,Njive,njive,hamlet,19.0401654,42.3131153
499,Čućići,cucici,hamlet,18.8871507,42.2851197
499,Vukmirovići,vukmirovici,hamlet,18.9822286,42.3612395
499,Uglješići,ugljesici,hamlet,18.9100118,42.3025539
499,Stanišići,stanisici,village,18.8757546,42.299913
499,Đuraškovići,duraskovici,hamlet,18.9768438,42.3532638
499,Lopičići,lopicici,hamlet,18.9777665,42.3615091
499,Kuljače,kuljace,village,18.9048962,42.2778408
499,Podostrog,podostrog,village,18.8326148,42.3054747
499,Gostovići,gostovici,hamlet,18.7523317,42.2989841
499,Mažići,mazici,hamlet,18.8609052,42.3021891
499,Odži,odzi,hamlet,18.7779172,42.3645488
499,Pobori,pobori,village,18.8302003,42.3244331
499,Đuranovići,duranovici,hamlet,18.7703114,42.3564444
499,Šišići,sisici,village,18.783583,42.3603105
499,Lapčići,lapcici,village,18.8592711,42.3131873
499,Marovići,marovici,hamlet,18.7640308,42.2867256
499,Mezalini,mezalini,hamlet,18.7927972,42.3384934
499,Pelinovo,pelinovo,village,18.7738848,42.3618913
499,Gorovići,gorovici,village,18.7931947,42.3349744
499,Košljun,kosljun,hamlet,18.85894,42.2919236
499,Popovići,popovici,hamlet,18.754478,42.3057373
499,Neodi,neodi,hamlet,18.7625026,42.2950877
499,Kunjići,kunjici,hamlet,18.7696262,42.2864141
499,Bjeloševići,bjelosevici,hamlet,18.7669642,42.3158452
499,Prijeradi,prijeradi,village,18.7804621,42.3543425
499,Marovići,marovici,hamlet,18.7604432,42.3208113
499,Bogetići,bogetici,hamlet,18.7913693,42.3373372
499,Seoca,seoca,village,18.8150361,42.2869698
499,Gošići,gosici,village,18.6622522,42.3978019
499,Petrovići,petrovici,hamlet,18.6496744,42.4086068
499,Milovići,milovici,village,18.6741249,42.3995835
499,Franciskovići,franciskovici,hamlet,18.6535669,42.4081351
499,Bogišići,bogisici,village,18.6806758,42.3979472
499,Brguli,brguli,hamlet,18.6162262,42.3920626
499,Radovanići,radovanici,hamlet,18.5994611,42.39753
499,Bogdašići,bogdasici,village,18.7344103,42.4257529
499,Merdari,merdari,hamlet,18.6276425,42.3885972
499,Gradiošnica,gradiosnica,hamlet,18.7303396,42.4210902
499,Meštrovići,mestrovici,hamlet,18.6856634,42.3959113
499,Marići,marici,hamlet,18.6912615,42.3956045
499,Kavač,kavac,village,18.7407021,42.4168195
499,Sutvara,sutvara,village,18.7645845,42.3773465
499,Mirac,mirac,village,18.782286,42.383544
499,Pipoljevac,pipoljevac,hamlet,18.7707847,42.3917695
499,Škaljari,skaljari,village,18.7658634,42.4177352
499,Trojica,trojica,hamlet,18.7629875,42.4030674
499,Pržice,przice,hamlet,18.7559478,42.3959848
499,Odoljen,odoljen,hamlet,18.7548864,42.4002407
499,Velji Kraj,velji kraj,village,18.8243002,42.4387408
499,Gornji Gačevići,gornji gacevici,hamlet,18.7895398,42.4426672
499,Kranji Do,kranji do,village,18.860912,42.4478232
499,Barbakan,barbakan,hamlet,18.8094514,42.4242803
499,Dugi Do,dugi do,hamlet,18.8335699,42.4370931
499,Gornja Lovnica,gornja lovnica,village,20.1069816,42.8970877
499,Balotići,balotici,village,20.2244449,42.8330088
499,Bijela Crkva,bijela crkva,village,20.1956294,42.8759052
499,Paučina,paucina,village,20.1386593,42.9361804
499,Kalače,kalace,village,20.0902486,42.859628
499,Bogaje,bogaje,village,20.0884891,42.8438026
499,Seošnica,seosnica,village,20.1253748,42.8487583
499,Grahovo,grahovo,village,20.177723,42.8666867
499,Grižica,grizica,village,20.1463427,42.9056287
499,Donja Lovnica,donja lovnica,village,20.1366637,42.8689546
499,Bašča,basca,village,20.1311469,42.9105059
499,Plunci,plunci,village,20.198524,42.8415056
499,Koljeno,koljeno,village,20.1084447,42.8368797
499,Ibarac,ibarac,village,20.1528685,42.8255299
499,Vuča,vuca,village,20.2717285,42.9293975
499,Gornja Vrbica,gornja vrbica,village,20.0079027,42.8904302
499,Dapsiće,dapsice,village,19.9207008,42.8465841
499,Goražde,gorazde,hamlet,19.9227157,42.8845361
499,Donja Vrbica,donja vrbica,village,19.9903803,42.8851697
499,Bukovica,bukovica,village,20.1929815,42.9524274
499,Kalica,kalica,village,20.0404572,42.8864825
499,Lagatore,lagatore,village,19.9929928,42.9118849
499,Crnokrpe,crnokrpe,village,20.233043,42.9255427
499,Gornja Crnča,gornja crnca,village,20.3086448,42.9170434
499,Donja Crnča,donja crnca,village,20.3226352,42.9119203
499,Trpezi,trpezi,village,19.9932707,42.8981
499,Besnik,besnik,village,20.2551723,42.8768016
499,Zagrađe,zagrade,village,19.9398003,42.8688885
499,Tmušići,tmusici,village,19.9528091,42.8460909
499,Murovac,murovac,village,20.0465415,42.9187642
499,Dašča Rijeka,dasca rijeka,village,20.0820089,42.9440975
499,Jablanica,jablanica,village,20.3348232,42.8945678
499,Crkvičko Polje,crkvicko polje,village,18.8908853,43.3250009
499,Unač,unac,village,18.8642743,43.1909528
499,Borkovići,borkovici,village,18.8805148,43.0985603
499,Rudinice,rudinice,village,18.8599994,43.0819218
499,Vojvodići,vojvodici,hamlet,18.9346439,43.2241664
499,Kneževići,knezevici,village,18.950853,43.2373788
499,Bojati,bojati,village,18.9739415,43.2414111
499,Dubljevići,dubljevici,village,18.8883683,43.0861813
499,Seljani,seljani,village,18.8462168,43.1018113
499,Gnjijevi Do,gnjijevi do,hamlet,18.9212351,42.4140903
499,Podgor,podgor,hamlet,18.9890813,42.2632471
499,Skrbuša,skrbusa,village,19.5406573,42.791306
499,Selišta,selista,village,19.5435369,42.8285228
499,Poljane,poljane,hamlet,19.5006573,42.8244635
499,Klačine,klacine,hamlet,19.5456205,42.837511
499,Lugovi,lugovi,village,19.509018,42.8005092
499,Bakovići,bakovici,village,19.5201996,42.8472618
499,Drpe,drpe,village,19.5556439,42.8256509
499,Dulovine,dulovine,village,19.5308389,42.8167157
499,Rogobore,rogobore,hamlet,19.5223512,42.8384139
499,Smailagića Polje,smailagica polje,village,19.5406295,42.8238829
499,Jezerca,jezerca,hamlet,19.5194636,42.7936983
499,Pješčanica,pjescanica,village,19.5155304,42.788015
499,Riječani Ријечани,rijecani rijechani,village,18.653422,42.7459491
499,Gradac,gradac,town,19.1532752,43.3946117
499,Poblaće,poblace,village,19.2101837,43.5137587
499,Šula,sula,village,19.0653792,43.3879594
499,Metaljka,metaljka,village,19.1411237,43.5290166
499,Sarići,sarici,hamlet,19.0348657,43.2893971
499,Lukovići,lukovici,hamlet,19.0423007,43.28803
499,Kolibe,kolibe,hamlet,19.0426009,43.3986598
499,Lučice,lucice,hamlet,19.0560222,43.4124984
499,Vitine,vitine,hamlet,19.0300694,43.3999334
499,Kanje,kanje,village,19.7552628,43.1389724
499,Mladojevina,mladojevina,hamlet,19.6158521,43.1640896
499,Reljin Kam,reljin kam,village,19.4535644,43.1164924
499,Krčevina,krcevina,hamlet,19.0163484,43.5103125
499,Kosovi,kosovi,hamlet,19.1120839,43.4570505
499,Đuli,duli,hamlet,19.0958311,43.4982604
499,Hodžiči,hodzici,hamlet,19.2029654,43.3575668
499,Plani,plani,hamlet,19.3010565,43.4097809
499,Bistrica,bistrica,village,19.8462826,43.0689993
499,Madguž,madguz,village,19.2827865,42.0744071
499,Alibraimovići,alibraimovici,hamlet,19.2972466,42.0918778
499,Markovići,markovici,hamlet,19.2874274,42.0967792
499,Bobovište,boboviste,village,19.2710333,42.116812
499,Ramushajt,ramushajt,hamlet,19.300405,42.0898302
499,Kalicovići,kalicovici,hamlet,19.2875759,42.0933665
499,Peraševići,perasevici,hamlet,19.3191333,42.0792218
499,Grdoči,grdoci,hamlet,19.3226008,42.0847469
499,Dodići,dodici,hamlet,19.3434111,42.0723779
499,Kovačevići,kovacevici,hamlet,19.3480635,42.0775112
499,Đenčići,dencici,hamlet,19.3302744,42.0772165
499,Veleliejt,veleliejt,hamlet,19.2969489,42.0952689
499,Husići,husici,hamlet,19.2986374,42.1020125
499,Kaleci,kaleci,hamlet,19.2822504,42.0909299
499,Dragovići,dragovici,hamlet,19.2665829,42.0927433
499,Jabučno,jabucno,village,19.0995655,43.4114536
499,Nange,nange,village,19.09169,43.4162922
499,Petibor,petibor,village,19.0896524,43.3996085
499,Poros,poros,village,19.1401705,43.4054787
499,Brvenica,brvenica,village,19.2323704,43.3794565
499,Glisnica,glisnica,village,19.2087182,43.4062015
499,Borovica,borovica,village,19.3173401,43.3056293
499,Bratosavina,bratosavina,village,19.4214912,43.2374774
499,Kordovina,kordovina,village,19.3979948,43.2182921
499,Lijeska,lijeska,village,19.4143863,43.2261765
499,Maoče,maoce,village,19.4211253,43.2046289
499,Marina Šuma,marina suma,village,19.4512745,43.2163993
499,Mijakovići,mijakovici,village,19.3857011,43.2280963
499,Zenica,zenica,village,19.3461093,43.3079402
499,Šumani,sumani,village,19.3266608,43.2967886
499,Bistrica,bistrica,village,19.4406378,43.0009475
499,Crna Poda,crna poda,village,19.4192185,43.0109081
499,Kaludra,kaludra,village,19.452976,42.9995203
499,Lubnice,lubnice,village,19.7674159,42.8582714
499,Bobovo,bobovo,hamlet,19.1321286,43.266936
499,Krupice,krupice,village,19.4325206,43.1305823
499,Vaškovo,vaskovo,village,19.4056088,43.1000966
499,Ravno-Poljana,ravno-poljana,village,18.6688178,43.1706629
499,Pečurice,pecurice,village,19.1723657,42.0302874
499,Bjelila,bjelila,hamlet,18.6657567,42.4056669
499,Kruče - Kërruçi,kruce - kerruci,village,19.1540541,41.9862526
499,Drobnići,drobnici,village,18.9098174,42.2307354
499,Katun Reževići,katun rezevici,village,18.922188,42.2164468
499,Zagrađe,zagrade,village,19.0246069,42.1446314
499,Đurmani,durmani,village,19.0207637,42.1636304
499,Haj Nehaj,haj nehaj,hamlet,19.0367533,42.1505559
499,Gornje Crkvice,gornje crkvice,village,18.534964,43.0039319
499,Deleuša,deleusa,village,18.4832786,42.8679121
499,Miruše,miruse,village,18.4631591,42.8360962
499,Sasovići,sasovici,village,18.5671689,42.4662752
499,Donje Kruševo,donje krusevo,village,18.8466259,43.3359499
499,Mojdež,mojdez,village,18.488761,42.4874273
499,Donji Mojdež,donji mojdez,hamlet,18.4910864,42.4851916
499,Dečela,decela,hamlet,19.2202728,43.5051322
499,Đakovići,dakovici,hamlet,19.2172064,43.5092529
499,Babino,babino,village,19.9020396,42.9053275
499,Mašte,maste,village,19.8886804,42.878468
499,Dinoša,dinosa,village,19.3427886,42.4118779
499,Korita,korita,village,19.5325006,42.4881811
499,Desni Grnčar,desni grncar,village,19.7845621,42.5762299
499,Lijevi Grnčar,lijevi grncar,village,19.7900624,42.5818329
499,Dolja,dolja,village,19.8089204,42.5580229
499,Martinaj,martinaj,village,19.8802373,42.5779268
499,Vojno Selo,vojno selo,village,19.9145926,42.576497
499,Dosuđe,dosude,village,19.8426517,42.5738742
499,Kotrabudan,kotrabudan,village,19.3276384,42.318882
499,Sukurić,sukuric,village,19.3145711,42.3163579
499,Drešaj,dresaj,village,19.3362156,42.3206823
499,Podhum,podhum,village,19.3372456,42.3083059
499,Karabuško Polje,karabusko polje,hamlet,19.3098412,42.3817108
499,Šipčanik,sipcanik,hamlet,19.3156633,42.3684229
499,Donji Milješ,donji miljes,village,19.3244813,42.3906196
499,Rogami,rogami,hamlet,19.3110398,42.3930219
499,Vuljevići,vuljevici,hamlet,19.3308957,42.3739543
499,Gornji Vuljevići,gornji vuljevici,village,19.3516152,42.3897044
499,Krševo,krsevo,village,19.3641489,42.3928629
499,Tahiraj,tahiraj,hamlet,19.3351487,42.410307
499,Murahakaj,murahakaj,hamlet,19.3435013,42.4102965
499,Gornji Milješ,gornji miljes,village,19.3276692,42.3995795
499,Rakića Kuće,rakica kuce,village,19.2808861,42.3893798
499,Vladne,vladne,village,19.2863152,42.3422616
499,Dušići,dusici,village,19.3080116,42.3470244
499,Lovka,lovka,village,19.3968553,42.3985959
499,Selište,seliste,hamlet,19.4224185,42.4068252
499,Skorać,skorac,village,19.3872321,42.3664665
499,Prifti,prifti,village,19.3898869,42.4017258
499,Gurec,gurec,village,19.3861858,42.3873345
499,Mužečka,muzecka,hamlet,19.4383152,42.4289335
499,Nikmaraš,nikmaras,hamlet,19.4369985,42.4428868
499,Bisać,bisac,hamlet,19.4389011,42.4390766
499,Budža,budza,hamlet,19.4528362,42.4462167
499,Stjepovo,stjepovo,hamlet,19.4618209,42.4467387
499,Delaj,delaj,hamlet,19.4694559,42.4437267
499,Benkalj,benkalj,village,19.4849076,42.4449447
499,Poprat,poprat,village,19.5065976,42.4543433
499,Dobrčin,dobrcin,village,19.4378674,42.4090324
499,Cijevna,cijevna,village,19.4744338,42.4309351
499,Priftajt,priftajt,hamlet,19.3389754,42.0773541
499,Lepkerići,lepkerici,hamlet,19.3487291,42.0744243
499,Kanaći,kanaci,hamlet,19.3061937,42.083507
499,Đenaševići,denasevici,hamlet,19.3107693,42.0763873
499,Bolevići,bolevici,hamlet,19.322197,42.0731434
499,Berjaševići,berjasevici,hamlet,19.3119035,42.0748798
499,Gornji Curovići,gornji curovici,hamlet,19.3147246,42.0710145
499,Martići,martici,village,19.2936339,42.0926873
499,Dobreci,dobreci,hamlet,19.2204676,42.1237856
499,Bapsula,bapsula,hamlet,19.2153694,42.1448167
499,Podvrat,podvrat,hamlet,19.1941333,42.1904535
499,Dračevica,dracevica,village,19.1871701,42.1848888
499,Bardići,bardici,hamlet,19.1686552,42.1650103
499,Repsa,repsa,hamlet,19.1863131,42.1463531
499,Gurza,gurza,village,19.1703723,42.1611077
499,Bojovići,bojovici,hamlet,19.7891159,42.582553
499,Derviševići,dervisevici,hamlet,19.8146354,42.5776881
499,Vrela,vrela,hamlet,19.8353607,42.5744716
499,Gerani,gerani,hamlet,19.8288111,42.5337595
499,Zagrađe,zagrade,hamlet,19.8527583,42.5811422
499,Lazi,lazi,hamlet,19.7915128,42.5706385
499,Bucelj,bucelj,hamlet,19.7998222,42.5722622
499,Radončići,radoncici,hamlet,19.7994479,42.5806416
499,Dragija,dragija,hamlet,19.8267059,42.5536282
499,Hadžaj,hadzaj,hamlet,19.3526713,42.3972343
499,Botun,botun,village,19.2011266,42.3846458
499,Podrid,podrid,hamlet,19.2172543,43.5072854
499,Kapetanovina,kapetanovina,hamlet,19.2139021,43.5092066
499,Bakije,bakije,hamlet,19.2128347,43.513868
499,Priśevak,prisevak,hamlet,19.2186397,43.5105145
499,Paljevina,paljevina,hamlet,19.2170012,43.5129275
499,Mačak,macak,hamlet,19.219979,43.51385
499,Kujundžinica,kujundzinica,hamlet,19.223371,43.5112804
499,Podmećak,podmecak,hamlet,19.2039388,43.5144373
499,Obradov Brijeg,obradov brijeg,hamlet,19.2079105,43.5156432
499,Kunjevod,kunjevod,hamlet,19.2058932,43.5158145
499,Dekare,dekare,hamlet,19.2036156,43.5202987
499,Badino Brdo,badino brdo,hamlet,19.2016712,43.5284941
499,Kreće,krece,hamlet,19.1903581,43.5315749
499,Brdišta,brdista,hamlet,18.7136118,42.4029563
499,Moračko Trebaljevo,moracko trebaljevo,hamlet,19.5214221,42.864431
499,Orahovo,orahovo,village,19.4442958,42.4831812
499,Bezjovo,bezjovo,village,19.4219555,42.4952736
499,Ubli,ubli,village,19.3933311,42.4922183
499,Liješta,lijesta,village,19.3866334,42.4858414
499,Dučići,ducici,village,19.3895658,42.479317
499,Novo selo,novo selo,hamlet,19.3085447,42.425783
499,Crnodoli,crnodoli,village,18.8827094,42.788432
499,Jasenovo Polje,jasenovo polje,village,18.9668073,42.8927869
499,Riđani,ridani,village,18.8940367,42.7668913
499,Кусиде Kuside,kuside kuside,hamlet,18.8517867,42.776241
499,Sutorina,sutorina,village,18.4728379,42.4741858
499,Ubli,ubli,hamlet,18.6235682,42.511125
499,Medun,medun,village,19.3614332,42.471582
499,Velje Selo,velje selo,hamlet,18.7424451,42.513482
499,Pešića rupa,pesica rupa,hamlet,19.695837,42.8593001
499,Kržulje,krzulje,village,19.7963426,42.8530964
499,Praćevac,pracevac,village,19.7880063,42.8508792
499,Bastahe,bastahe,village,19.7948701,42.8640832
499,Crni vrh,crni vrh,village,19.8264575,42.8570916
499,Glavica,glavica,hamlet,19.7829822,42.8816434
499,Parike,parike,hamlet,19.8225909,42.862831
499,Rošca,rosca,hamlet,19.8129404,42.8664347
499,Paleža,paleza,village,19.7911468,42.8583819
499,Kurikuće,kurikuce,village,19.7466909,42.8776904
499,Površe,povrse,hamlet,19.8089063,42.8580358
499,Tutića katun,tutica katun,hamlet,19.6593577,42.8979677
499,Glavaca,glavaca,village,19.7721305,42.8831454
499,Desin do,desin do,hamlet,19.7335931,42.8782613
499,Zagrad,zagrad,village,19.782832,42.921945
499,Vuča,vuca,village,19.7860754,42.9022659
499,Katun Šiška,katun siska,hamlet,19.6772351,42.8961457
499,Katun Suvodo,katun suvodo,hamlet,19.6988051,42.8927406
499,Katun Livadice,katun livadice,hamlet,19.6865933,42.8879011
499,Katun Rasova,katun rasova,hamlet,19.7322402,42.892714
499,Katun Strmenica,katun strmenica,hamlet,19.7061467,42.8982424
499,Ržine,rzine,hamlet,19.7239395,42.883891
499,Jezerine,jezerine,hamlet,19.7108679,42.8848471
499,Katun Kojanovac,katun kojanovac,hamlet,19.6755706,42.9048511
499,Katun Lainska,katun lainska,hamlet,19.6829413,42.902517
499,Jelina katunina,jelina katunina,hamlet,19.6620699,42.9020283
499,Katun Vragodo,katun vragodo,hamlet,19.6555827,42.9081831
499,Lukin fir,lukin fir,village,19.824828,42.7674632
499,Bjelevine,bjelevine,hamlet,19.7290259,42.8375328
499,Ravna Jelovica,ravna jelovica,hamlet,19.701147,42.8256237
499,Senića katun,senica katun,hamlet,19.7035396,42.8571798
499,Komarevo,komarevo,hamlet,19.7126285,42.821249
499,Ljute,ljute,hamlet,19.8119083,42.8026441
499,Obradcki laz,obradcki laz,hamlet,19.7224126,42.8224604
499,Lokva,lokva,hamlet,19.7339333,42.8297799
499,Turija,turija,hamlet,19.7804615,42.8150223
499,Konjsko brdo,konjsko brdo,hamlet,19.7928165,42.8335497
499,Zabrđe,zabrde,village,19.7830499,42.7626263
499,Trepča,trepca,village,19.8122538,42.7790559
499,Salevići,salevici,village,19.7728596,42.741471
499,Vinicka,vinicka,village,19.8303855,42.8008643
499,Jugovine,jugovine,village,19.8207939,42.8187004
499,Studenica,studenica,hamlet,19.8191418,42.7891052
499,Navotina,navotina,village,19.8442472,42.7936059
499,Banjevac,banjevac,village,19.8177684,42.8276869
499,Rakovac,rakovac,hamlet,19.796417,42.7742971
499,Trešnjevo,tresnjevo,village,19.8083281,42.7718415
499,Površe,povrse,hamlet,19.7807314,42.7638227
499,Slatina,slatina,village,19.7834811,42.7522973
499,Savido,savido,village,19.7724283,42.7583104
499,Prisoja,prisoja,village,19.7797496,42.7453665
499,Šekular,sekular,village,19.8933005,42.7470597
499,Marsenića Rijeka,marsenica rijeka,village,19.8389131,42.7832908
499,Mezgalje,mezgalje,hamlet,19.8727215,42.754088
499,Ćetkovići,cetkovici,hamlet,19.880811,42.7605948
499,Kukalji,kukalji,hamlet,19.9003069,42.7520961
499,Ulica,ulica,hamlet,19.8851246,42.7528188
499,Donja Ržanica,donja rzanica,village,19.8754911,42.8088882
499,Laze,laze,hamlet,19.9272996,42.7372896
499,Rovca,rovca,village,19.8926771,42.7866774
499,Bjeloševac,bjelosevac,hamlet,19.922796,42.7849293
499,Gornja mala,gornja mala,hamlet,19.9338953,42.7879549
499,Kaludra,kaludra,village,19.9286003,42.7848423
499,Lužac,luzac,village,19.8474222,42.8326862
499,Zagorje,zagorje,village,19.902891,42.819204
499,Savići,savici,hamlet,19.9229223,42.7783779
499,Repište,repiste,hamlet,19.9311057,42.7773375
499,Babića mala,babica mala,hamlet,19.9350989,42.7798434
499,Bijedanj,bijedanj,village,19.8631288,42.8017932
499,Petnjik,petnjik,village,19.9040127,42.8330258
499,Veliđe,velide,village,19.8418861,42.8643747
499,Luke,luke,village,19.8493198,42.8708671
499,Strane,strane,village,19.8567831,42.8624912
499,Piperi,piperi,hamlet,19.8443824,42.8790185
499,Gornje Zaostro,gornje zaostro,village,19.8347407,42.8894381
499,Seoce,seoce,village,19.8387962,42.9095267
499,Beran Selo,beran selo,village,19.8628402,42.8570708
499,Dolac,dolac,village,19.8553072,42.8471672
499,Dragosava,dragosava,village,19.8885136,42.8880388
499,Budimlja,budimlja,village,19.8892217,42.8665246
499,Katun Kaludarske kape,katun kaludarske kape,hamlet,19.9910352,42.7589245
499,Jošanica,josanica,village,19.726234,42.688584
499,Krajišta,krajista,village,19.70739,42.7067859
499,Božiće,bozice,village,19.7856031,42.7278009
499,Gloštice,glostice,hamlet,19.7821506,42.7292881
499,Japan,japan,village,19.7177593,42.6906715
499,Miškovića Žar,miskovica zar,village,19.7297327,42.6850249
499,Površe,povrse,hamlet,19.7644051,42.7032436
499,Brod,brod,hamlet,19.7570019,42.6959109
499,Paljine,paljine,hamlet,19.7245883,42.7005092
499,Kočanske njive,kocanske njive,hamlet,19.7172315,42.7012961
499,Brijeg,brijeg,hamlet,19.7290868,42.6912692
499,Osoja,osoja,village,19.7206566,42.6934134
499,Javorovac,javorovac,hamlet,19.7024836,42.7050199
499,Dulipolje,dulipolje,hamlet,19.7508867,42.6968885
499,Crvljak,crvljak,hamlet,19.7393758,42.6935687
499,Konjuhe,konjuhe,village,19.7487244,42.6945906
499,Alje,alje,hamlet,19.747033,42.6885145
499,Mimići,mimici,hamlet,19.7542556,42.6928511
499,Savrdak,savrdak,hamlet,19.7676237,42.6954375
499,Košutići,kosutici,village,19.771808,42.6974877
499,Glavica,glavica,hamlet,19.7620233,42.6908008
499,Čečevo,cecevo,hamlet,19.7698118,42.6882143
499,Slatki laz,slatki laz,hamlet,19.7806357,42.6827897
499,Đulići,dulici,village,19.7860537,42.6906849
499,Krnjač,krnjac,hamlet,19.7927161,42.6941303
499,Luke,luke,hamlet,19.7837255,42.6835232
499,Đonca,donca,hamlet,19.7949823,42.6968884
499,Grbavice,grbavice,hamlet,19.7864314,42.7008625
499,Talanovci,talanovci,hamlet,19.783202,42.7036378
499,Laina Luka,laina luka,hamlet,19.7924696,42.7069823
499,Pepin krš,pepin krs,hamlet,19.7786208,42.7087703
499,Klekovac,klekovac,hamlet,19.7960659,42.704166
499,Bojoviće,bojovice,village,19.7961389,42.7071801
499,Obzovik,obzovik,hamlet,19.7814822,42.6681135
499,Begar,begar,hamlet,19.8014389,42.710034
499,Pasuljine,pasuljine,hamlet,19.7980507,42.7193099
499,Andželate,andzelate,village,19.7986676,42.7214743
499,Vrelo,vrelo,hamlet,19.8026856,42.7180802
499,Cecune,cecune,village,19.7884345,42.6784313
499,Kuti,kuti,village,19.7856879,42.6162134
499,Lugovi,lugovi,hamlet,19.787794,42.6384003
499,Krkori,krkori,hamlet,19.7853574,42.6272462
499,Brevica,brevica,hamlet,19.7827514,42.6442563
499,Katun Repišta,katun repista,hamlet,19.7686425,42.6385214
499,Kamena luka,kamena luka,hamlet,19.7807309,42.6497213
499,Lazi,lazi,hamlet,19.7762921,42.639521
499,Stolak,stolak,village,19.7777603,42.6831999
499,Omanov do,omanov do,hamlet,19.7630093,42.6774722
499,Katun Rupa,katun rupa,hamlet,19.7423498,42.6671968
499,Katun Pajovića Lomovi,katun pajovica lomovi,hamlet,19.7048053,42.6759451
499,Katun Gornje Ravni,katun gornje ravni,hamlet,19.7197557,42.6722235
499,Katun Varda,katun varda,hamlet,19.6908815,42.688569
499,Katun Mojanska rijeka,katun mojanska rijeka,hamlet,19.6826317,42.661626
499,Katun Božića,katun bozica,hamlet,19.6857942,42.7158765
499,Katun Kobil do,katun kobil do,hamlet,19.6773818,42.7137889
499,Oblo Brdo,oblo brdo,village,19.7376431,42.7257281
499,Gornja Čuka,gornja cuka,hamlet,19.7078873,42.7327059
499,Trešnjevik,tresnjevik,village,19.7023077,42.7438773
499,Donja Čuka,donja cuka,hamlet,19.7208639,42.7376942
499,Laništa,lanista,village,19.7139917,42.7430078
499,Međureč,medurec,village,19.2373386,42.0585103
499,Brežđe,brezde,hamlet,19.9609548,42.7659352
499,Bratešići,bratesici,village,18.7893449,42.3458306
499,Katun Mramorje,katun mramorje,hamlet,19.8839124,42.6231898
499,Savovića katun,savovica katun,hamlet,19.8054006,42.6077024
499,Murinski katun,murinski katun,hamlet,19.8421016,42.6185776
499,Katun Krivi do,katun krivi do,hamlet,19.660403,42.8036624
499,Murino,murino,village,19.8858324,42.6619082
499,Gornja Ržanica,gornja rzanica,village,19.9154133,42.6629543
499,Velika,velika,village,19.9557543,42.6641116
499,Firišta,firista,village,19.9204613,42.676296
499,Mašnica,masnica,village,19.8863786,42.6680526
499,Novšiće,novsice,village,19.9408972,42.639228
499,Pepiće,pepice,village,19.9040189,42.6556481
499,Papratište,papratiste,hamlet,19.9587564,42.6668799
499,Luke,luke,hamlet,19.8418191,42.7169198
499,Jagnjilo,jagnjilo,hamlet,19.835645,42.7095034
499,Luge,luge,village,19.8305165,42.7032249
499,Ulotina,ulotina,village,19.8454135,42.6842369
499,Zapodek,zapodek,hamlet,19.8529205,42.7137726
499,Krš,krs,hamlet,19.8475904,42.7169986
499,Plasa,plasa,hamlet,19.8496874,42.708213
499,Donje Grudice,donje grudice,hamlet,19.8438032,42.7023431
499,Gornje Grudice,gornje grudice,hamlet,19.8527258,42.6979923
499,Gračanica,gracanica,village,19.8442226,42.6966187
499,Mostine,mostine,hamlet,19.8591239,42.6865011
499,Karadžin brijeg,karadzin brijeg,hamlet,19.8757,42.6729353
499,Kruševo,krusevo,hamlet,19.8576004,42.6726513
499,Zoriće,zorice,hamlet,19.8671491,42.6793556
499,Baće,bace,hamlet,19.8793907,42.6592872
499,Cikuše,cikuse,hamlet,19.9957384,42.6667588
499,Katun Zaparenik,katun zaparenik,hamlet,19.8959515,42.6398308
499,Gunjaje,gunjaje,village,19.7995029,42.7481005
499,Bojov laz,bojov laz,hamlet,19.8017323,42.7357525
499,Bukva,bukva,hamlet,19.8084108,42.7305359
499,Kuti,kuti,hamlet,19.8084108,42.7323997
499,Seoce,seoce,village,19.8012538,42.7342431
499,Košarine,kosarine,hamlet,19.7962524,42.73991
499,Murva,murva,hamlet,19.7993931,42.7340865
499,Ubao,ubao,hamlet,19.806269,42.740793
499,Sućeska,suceska,village,19.8089229,42.7247394
499,Pode,pode,hamlet,19.7973143,42.7293267
499,Ljubaštica,ljubastica,hamlet,19.6605184,42.7288391
499,Bačko brdo,backo brdo,hamlet,19.6645818,42.7900359
499,Asanovića katun,asanovica katun,hamlet,19.6703142,42.7932737
499,Patkovica,patkovica,hamlet,19.7118327,42.7973383
499,Velje brdo,velje brdo,hamlet,19.7176069,42.7926124
499,Šarenjak,sarenjak,hamlet,19.7080754,42.7911338
499,Katun Okolišta,katun okolista,hamlet,19.724924,42.7978564
499,Magina rupa,magina rupa,hamlet,19.7122812,42.8005495
499,Prisojački katun,prisojacki katun,hamlet,19.6756856,42.7601053
499,ruins of Katun Popovića,ruins of katun popovica,hamlet,19.6390022,42.6689781
499,Gradišnica,gradisnica,hamlet,19.7421702,42.7764831
499,Cecunski katun,cecunski katun,hamlet,19.810572,42.6393717
499,Katun Ćeransko,katun ceransko,hamlet,19.8209943,42.6403677
499,Luški katun,luski katun,hamlet,19.8153453,42.6784027
499,Katun Bojovića,katun bojovica,hamlet,19.7844972,42.6010428
499,Vjeternik,vjeternik,hamlet,19.7498471,42.5826333
499,Čardak,cardak,hamlet,19.843768,42.5921221
499,Ljug Perim,ljug perim,hamlet,19.8530548,42.5880145
499,Katun Novovića,katun novovica,hamlet,19.6566472,42.7017424
499,Katun Martinovića,katun martinovica,hamlet,19.6549814,42.7000035
499,Katun Labovića,katun labovica,hamlet,19.6548655,42.7057356
499,Katun Valjevski laz,katun valjevski laz,hamlet,19.6493829,42.7056469
499,Katun Omando,katun omando,hamlet,19.6362294,42.7142058
499,Štavni do,stavni do,hamlet,19.7593653,42.659324
499,Katunište,katuniste,hamlet,19.8353708,42.6619048
499,Katun Gropa,katun gropa,hamlet,19.8333001,42.6486862
499,Katun Ravna,katun ravna,hamlet,19.8564167,42.609433
499,Valje,valje,hamlet,19.8461631,42.6006841
499,Duljov katun,duljov katun,hamlet,19.8335751,42.6081641
499,Katun,katun,hamlet,19.8698743,42.6027181
499,Klatovnica,klatovnica,hamlet,19.8776179,42.6516575
499,Goleški katuni,goleski katuni,hamlet,19.8448228,42.6424174
499,Katun Greben,katun greben,hamlet,19.8094868,42.5936284
499,Prisoje,prisoje,hamlet,19.7439725,42.728864
499,Ravni brijeg,ravni brijeg,hamlet,19.6506236,42.7234483
499,Miljevci,miljevci,hamlet,19.7292282,42.7287598
499,Krug,krug,hamlet,19.7346502,42.7240095
499,Odžaci,odzaci,hamlet,19.7305293,42.7217312
499,Velji potok,velji potok,hamlet,19.7328253,42.7199262
499,Kozalc,kozalc,hamlet,19.7387969,42.7214462
499,Śenožeta,senozeta,village,19.7345713,42.7538717
499,Miravčine,miravcine,village,19.7340793,42.7440195
499,Vjetroševice,vjetrosevice,hamlet,19.7513902,42.7239675
499,Peovac,peovac,hamlet,19.7750911,42.7341423
499,Klisura,klisura,hamlet,19.7646832,42.7337117
499,Barice,barice,hamlet,19.9750788,42.7420537
499,Katun Lijepi do,katun lijepi do,hamlet,20.011037,42.685032
499,Mašnički katun,masnicki katun,hamlet,19.9692117,42.7194316
499,Vulev katun,vulev katun,hamlet,19.9693286,42.7101495
499,Bulići,bulici,hamlet,19.9297391,42.7370186
499,Spalevići,spalevici,hamlet,19.9335047,42.7268679
499,Rmuši,rmusi,hamlet,19.9378995,42.745074
499,Izvori,izvori,hamlet,19.8225533,42.6243832
499,Gornji slatinski katun,gornji slatinski katun,hamlet,19.6978233,42.7717837
499,Donji slatinski katun,donji slatinski katun,hamlet,19.6958355,42.7651533
499,Katun Bindža Redžića,katun bindza redzica,hamlet,19.6494889,42.6243251
499,Bindža Orahovska,bindza orahovska,hamlet,19.637816,42.6266465
499,Katun Kurlaj Vujadinovića,katun kurlaj vujadinovica,hamlet,19.6225842,42.6325553
499,Katun Kurlaj Savovića,katun kurlaj savovica,hamlet,19.6221121,42.6364308
499,Katun Bijela voda,katun bijela voda,hamlet,19.6335197,42.6398454
499,Katun Luke,katun luke,hamlet,19.6376142,42.6430683
499,ruins of Katun Mijovića,ruins of katun mijovica,hamlet,19.6468416,42.6451291
499,ruins of Katun Petrovića,ruins of katun petrovica,hamlet,19.6466372,42.6578167
499,Katun Velja Ćura,katun velja cura,hamlet,19.6171554,42.6570751
499,Katun Pelevski,katun pelevski,hamlet,19.6009999,42.6741984
499,Katun Klopocki,katun klopocki,hamlet,19.6022423,42.672127
499,Katun Lazovića,katun lazovica,hamlet,19.6054819,42.6712202
499,Katun Vilački,katun vilacki,hamlet,19.5917946,42.6771016
499,Katun Preslo Popovića,katun preslo popovica,hamlet,19.5655996,42.7037893
499,Katun Seošcki,katun seoscki,hamlet,19.5892594,42.6766078
499,Katunište Kovačevića,katuniste kovacevica,hamlet,19.5844789,42.7001237
499,ruins of Katun Mrčanodo,ruins of katun mrcanodo,hamlet,19.6003433,42.7117772
499,Katun Velja rupa,katun velja rupa,hamlet,19.6093491,42.7037788
499,Katun Slana rupa,katun slana rupa,hamlet,19.6129961,42.6995048
499,Katun Margarita,katun margarita,hamlet,19.6089264,42.6930354
499,Katun Pričelje,katun pricelje,hamlet,19.6199949,42.678851
499,Limljani,limljani,village,19.0961627,42.1962644
499,Završ,zavrs,hamlet,19.9803579,42.734883
499,Vraćevo,vracevo,hamlet,19.9856477,42.7252234
499,Katun Petkov do,katun petkov do,hamlet,20.0414338,42.7896458
499,Katun Zagorska Lokva,katun zagorska lokva,hamlet,20.0361025,42.7904997
499,Katun Mokri do,katun mokri do,hamlet,20.0407998,42.7988404
499,Katun Murgaš,katun murgas,hamlet,20.0281614,42.7824718
499,Katun Glođija,katun glodija,hamlet,20.0200106,42.7598755
499,Katun Luke,katun luke,hamlet,20.0020198,42.7955005
499,Katun Goleš,katun goles,hamlet,19.5915654,42.8778547
499,Miolj katun,miolj katun,hamlet,19.7470858,42.8268977
499,Katun Prijedo,katun prijedo,hamlet,19.9409976,42.7078133
499,Katun Lekića,katun lekica,hamlet,19.6568848,42.7027772
499,Katun Trišina rupa,katun trisina rupa,hamlet,19.6525371,42.6978158
499,Katun Priljepačka rupa,katun priljepacka rupa,hamlet,19.6091417,42.7113713
499,Katun Kamenska rupa,katun kamenska rupa,hamlet,19.6114719,42.7142878
499,Katun Kajčina rupa,katun kajcina rupa,hamlet,19.6093318,42.730756
499,Katun Kurlaj Camovića,katun kurlaj camovica,hamlet,19.6040209,42.6350253
499,Katun Mala Ćura,katun mala cura,hamlet,19.6114945,42.6593481
499,Katun Ljekov brijeg,katun ljekov brijeg,hamlet,19.6302387,42.6492089
499,Gnjionik,gnjionik,hamlet,19.8506739,42.8529272
499,Sela,sela,hamlet,19.7393126,42.8553482
499,Vodotres,vodotres,hamlet,19.7485948,42.8613915
499,Orah,orah,hamlet,19.8935435,42.7498122
499,Livadica,livadica,hamlet,19.8952344,42.742227
499,Berkčići,berkcici,hamlet,19.9204692,42.7270573
499,Nadbarje,nadbarje,hamlet,19.9730656,42.8012742
499,Strug,strug,hamlet,19.8973407,42.7033176
499,Aluge,aluge,hamlet,19.8883282,42.798263
499,Radmuževići,radmuzevici,hamlet,19.911392,42.7500745
499,Ždrakovac,zdrakovac,hamlet,19.8932891,42.737151
499,Katun Lijepi do,katun lijepi do,hamlet,19.9161218,42.7019152
499,Radevići,radevici,hamlet,19.957571,42.6825726
499,Lijeva rijeka,lijeva rijeka,hamlet,19.9602015,42.6758376
499,Zakrš,zakrs,hamlet,19.9740452,42.672009
499,Jabuka,jabuka,hamlet,19.9811605,42.6745699
499,Krivače,krivace,hamlet,19.9033454,42.6638764
499,Crvena prla,crvena prla,hamlet,19.814635,42.7647518
499,Sitna luka,sitna luka,hamlet,19.8046787,42.762247
499,Čoveča glava,coveca glava,hamlet,19.802048,42.7697698
499,Osretke,osretke,hamlet,19.7537478,42.70276
499,Osredak,osredak,hamlet,19.7846967,42.7200236
499,Kamenica,kamenica,hamlet,19.7814454,42.7244384
499,Tovarnice,tovarnice,hamlet,19.7590833,42.7202869
499,Čujake,cujake,hamlet,19.7866639,42.7181169
499,Kovačice,kovacice,hamlet,19.7828799,42.7167083
499,Javorovica,javorovica,hamlet,19.7548132,42.7422586
499,Đekovići,dekovici,hamlet,19.7413453,42.7605362
499,Brežine,brezine,hamlet,19.7551994,42.7461352
499,Gnjili Potok,gnjili potok,village,19.720173,42.7452141
499,Krgovci,krgovci,hamlet,19.6746377,42.7461912
499,Han Drndarski,han drndarski,hamlet,19.6572998,42.7364986
499,Rastok,rastok,hamlet,19.7026485,42.8038411
499,Katun Bojovića,katun bojovica,hamlet,19.7005714,42.806245
499,Bjelega,bjelega,hamlet,19.7806085,42.7941835
499,Lazi Vidića,lazi vidica,hamlet,19.7179135,42.7822455
499,Padališta,padalista,hamlet,19.7012752,42.7865511
499,Katun Rudo brdo,katun rudo brdo,hamlet,19.7275223,42.770592
499,Bukve,bukve,hamlet,19.7324189,42.7826251
499,Cvijetnice,cvijetnice,hamlet,19.7651966,42.7921562
499,Ornice,ornice,hamlet,19.7750338,42.7798832
499,Katuništa,katunista,hamlet,19.7177547,42.8469135
499,Savine bare,savine bare,hamlet,19.6783043,42.8601538
499,Katun Sedlo,katun sedlo,hamlet,19.7096008,42.8426271
499,Katun Vranjak,katun vranjak,hamlet,19.6418162,42.8463981
499,Katun Padeža,katun padeza,hamlet,19.674863,42.8355066
499,Katun Riva,katun riva,hamlet,19.6410081,42.8906602
499,Ocka,ocka,hamlet,19.6590321,42.8793743
499,Katun Bubanjska rupa,katun bubanjska rupa,hamlet,19.7288516,42.914396
499,Katun Cmiljače,katun cmiljace,hamlet,19.6873964,42.9436504
499,Katun Brklje,katun brklje,hamlet,19.7409559,42.9273352
499,Katun Dolovi,katun dolovi,hamlet,19.6801008,42.9328411
499,Katun Žarski,katun zarski,hamlet,19.6692572,42.9333481
499,Katun Gudžaljane,katun gudzaljane,hamlet,19.6847357,42.9296675
499,Katun Senjak,katun senjak,hamlet,19.7336377,42.9262907
499,Katun Omar,katun omar,hamlet,19.699181,42.9264381
499,Bardov do,bardov do,hamlet,19.6956345,42.9215787
499,Katun Rupe,katun rupe,hamlet,19.6927469,42.9453809
499,Katun Torine,katun torine,hamlet,19.7412577,42.9324004
499,Rujišta,rujista,village,19.8168709,42.9209501
499,Katun Bunjevica,katun bunjevica,hamlet,19.7244978,42.9279244
499,Kaludra,kaludra,village,19.8101413,42.9324452
499,Crvljevine,crvljevine,village,19.8520537,42.9151968
499,Prijelozi,prijelozi,village,19.7875544,42.9519042
499,Jodole,jodole,hamlet,19.9214174,42.8911437
499,Raspori,raspori,hamlet,19.8584141,42.9165631
499,Popovići,popovici,hamlet,19.9152597,42.8903945
499,Skakavac,skakavac,village,19.8673405,42.9068209
499,Delevići,delevici,hamlet,19.9298016,42.8739512
499,Dinje,dinje,hamlet,19.9149652,42.8822548
499,Brzava,brzava,village,19.8110589,42.9633265
499,Lješnica,ljesnica,village,19.9085027,42.9200516
499,Štitari,stitari,village,19.8400377,42.9411442
499,Bubanje,bubanje,village,19.8349533,42.9585464
499,Radmance,radmance,village,19.9632756,42.9245046
499,Koraći,koraci,village,19.9544522,42.9127451
499,Lazi,lazi,hamlet,19.9561516,42.8985423
499,Pahulj,pahulj,village,19.934179,42.9115531
499,Prisoje,prisoje,hamlet,19.9585549,42.8951437
499,Selišta,selista,hamlet,19.9680692,42.8962284
499,Vukoderica,vukoderica,hamlet,19.9074514,42.8226907
499,Komarača,komaraca,village,19.9648248,42.6165707
499,Polja,polja,hamlet,19.9786865,42.6046792
499,Redžov do,redzov do,hamlet,19.9672206,42.6068484
499,Šarkinovići,sarkinovici,village,19.9137116,42.5938761
499,Završ,zavrs,hamlet,19.9395905,42.5853763
499,Bogajiće,bogajice,village,19.9527656,42.5842862
499,Ravna njiva,ravna njiva,hamlet,19.9547193,42.5873819
499,Malo selo,malo selo,hamlet,19.9505983,42.5923431
499,Gropa Smajlova,gropa smajlova,hamlet,19.9072485,42.5877033
499,Đurička rijeka,duricka rijeka,village,19.9346338,42.5772078
499,Ribare,ribare,hamlet,19.9372506,42.5938287
499,Rudo polje,rudo polje,hamlet,19.9317789,42.6077597
499,Koljenovića katun,koljenovica katun,hamlet,19.882695,42.5224893
499,Škala,skala,hamlet,19.7865839,42.5253441
499,Katun Popadija,katun popadija,hamlet,19.7665967,42.5357883
499,Godilja,godilja,hamlet,19.7538337,42.5749341
499,Budžaci,budzaci,hamlet,19.7974512,42.5518188
499,Ahmedmujovići,ahmedmujovici,hamlet,19.7952304,42.5544507
499,Ciri Kače,ciri kace,hamlet,19.8571727,42.5706186
499,Polica,polica,village,19.9093567,42.8933593
499,Trebačka previja,trebacka previja,hamlet,19.8039384,42.7962578
499,Barice,barice,hamlet,19.6808758,42.8837109
499,Vranještica,vranjestica,village,19.6259171,42.7868809
499,Lazi,lazi,hamlet,19.7109021,42.8152684
499,Potrk,potrk,hamlet,19.6715367,42.8254828
499,Katunište,katuniste,hamlet,19.9039624,42.7024001
499,Beljevine,beljevine,hamlet,19.8891729,42.7449297
499,Stupe,stupe,hamlet,19.8294656,42.7459461
499,Kostreš,kostres,hamlet,19.8836221,42.7316447
499,Katun Debeli Do,katun debeli do,hamlet,19.9424742,42.7231242
499,Pljančorski katun,pljancorski katun,hamlet,19.97855,42.7032054
499,Vukova stanina,vukova stanina,hamlet,19.9858311,42.6941059
499,Duguljak,duguljak,hamlet,19.9876478,42.6828842
499,Savići,savici,hamlet,19.9824605,42.6404114
499,Romikače,romikace,hamlet,19.9762141,42.6428157
499,Desen,desen,hamlet,19.961904,42.6611225
499,Volujnik,volujnik,hamlet,19.9828038,42.6699064
499,Krsno brdo,krsno brdo,hamlet,19.9911729,42.6383757
499,Kodre,kodre,hamlet,19.9070679,42.680647
499,Karađulje,karadulje,hamlet,19.8938283,42.6801269
499,Karadaci,karadaci,hamlet,19.8895799,42.6741683
499,Džudovići,dzudovici,hamlet,19.9304041,42.6645493
499,Bajrovića katun,bajrovica katun,hamlet,20.0311202,42.5953756
499,Vraćevo,vracevo,hamlet,20.0325179,42.6870494
499,Donji Rikavac,donji rikavac,hamlet,19.5955767,42.5694303
499,Dolovi,dolovi,hamlet,19.9755847,42.7940865
499,Velji laz,velji laz,hamlet,19.8596812,42.7652755
499,Paunovići,paunovici,hamlet,19.9406522,42.6620826
499,Debelo brdo,debelo brdo,hamlet,19.9620728,42.8076693
499,Banja,banja,hamlet,19.8290979,42.803933
499,Bare,bare,hamlet,19.7758477,42.8660615
499,Brod,brod,hamlet,19.7758288,42.7651411
499,Guvna,guvna,hamlet,19.7884784,42.7560086
499,Rasoje,rasoje,hamlet,19.7959028,42.7612549
499,Čokeš,cokes,hamlet,19.7927056,42.76502
499,Osoje,osoje,hamlet,19.8196108,42.8211781
499,Rupe Ćulafića,rupe culafica,hamlet,19.8512456,42.7274591
499,Jasen,jasen,hamlet,19.8497435,42.7341901
499,Kovčezi,kovcezi,hamlet,19.8438212,42.7327393
499,Suvodo,suvodo,hamlet,19.8546879,42.7367165
499,Selište,seliste,hamlet,19.8412155,42.7055857
499,Grahovo,grahovo,hamlet,19.871315,42.6886844
499,Selo,selo,hamlet,19.7975853,42.7096842
499,Poljanice,poljanice,hamlet,19.7872797,42.7259076
499,Sedlarica,sedlarica,hamlet,19.937912,42.812518
499,Molaš,molas,hamlet,19.9588742,42.8190452
499,Dolovi,dolovi,hamlet,19.9892331,42.8049649
499,Radunovići,radunovici,hamlet,19.8923855,42.8505752
499,Jankov do,jankov do,hamlet,19.9353421,42.8612566
499,Gusare,gusare,hamlet,19.9728931,42.8564194
499,Simovče,simovce,hamlet,19.9867765,42.8489871
499,Zdroljak,zdroljak,hamlet,19.9494541,42.8252137
499,Orahovi do,orahovi do,hamlet,19.9502552,42.8397047
499,Jerinjin krš,jerinjin krs,hamlet,19.8716736,42.8682069
499,Mimovići,mimovici,hamlet,19.739583,42.7549228
499,Štirno brdo,stirno brdo,hamlet,19.6512691,42.791338
499,Greda,greda,hamlet,19.7342854,42.8692382
499,Pojatište,pojatiste,hamlet,19.7517446,42.8658434
499,Vranjak,vranjak,hamlet,19.6281164,42.7373189
499,Jasenova klada,jasenova klada,hamlet,19.6219194,42.7413833
499,Kolumbara,kolumbara,hamlet,19.6521941,42.7444562
499,Dragovo katunište,dragovo katuniste,hamlet,19.6728578,42.7382156
499,Jelenak,jelenak,hamlet,19.6375052,42.734136
499,Osoja,osoja,hamlet,19.6387498,42.74624
499,Okoline,okoline,hamlet,19.637377,42.7411555
499,Jašovići,jasovici,hamlet,19.9048913,42.7463393
499,Javorak,javorak,hamlet,19.9853404,42.7452665
499,Bare,bare,hamlet,19.8840349,42.6882371
499,Bjeluha,bjeluha,hamlet,20.0371011,42.6733492
499,Javornik,javornik,hamlet,20.019678,42.6348115
499,Obarci,obarci,hamlet,19.9961696,42.724711
499,Ljušturna ravan,ljusturna ravan,hamlet,19.9979744,42.7319147
499,Vukino stanovište,vukino stanoviste,hamlet,19.9956164,42.7353859
499,Kočulati,koculati,hamlet,20.0097251,42.7396277
499,Malisorski katuni,malisorski katuni,hamlet,20.0635366,42.6785514
499,Nadgrad,nadgrad,hamlet,19.9203417,42.605231
499,Brezojevice,brezojevice,village,19.9223394,42.6196339
499,Šiljkaci,siljkaci,hamlet,19.9583368,42.612753
499,Vardište,vardiste,hamlet,19.9272945,42.5770887
499,Jasenica,jasenica,hamlet,19.9388414,42.5550985
499,Lovončelo,lovoncelo,hamlet,19.9601661,42.5600299
499,Zabelj,zabelj,hamlet,19.9572424,42.5442268
499,Jara,jara,hamlet,19.9931476,42.608974
499,Gradina,gradina,hamlet,19.9868873,42.6024643
499,Kukića katun,kukica katun,hamlet,19.8956654,42.5384997
499,Gropa Memina,gropa memina,hamlet,19.9005153,42.5461116
499,Baništa,banista,hamlet,19.9796131,42.5441327
499,Livotvirski,livotvirski,hamlet,19.9767807,42.5367886
499,Čekić,cekic,hamlet,19.9889853,42.5454872
499,Horolac,horolac,hamlet,19.984678,42.5542606
499,Kunjska kodra,kunjska kodra,hamlet,19.9692228,42.5539126
499,Kunj,kunj,hamlet,19.9702155,42.556671
499,Husejinović,husejinovic,hamlet,19.970757,42.5626061
499,Zabelj i Keć,zabelj i kec,hamlet,19.9358347,42.5209796
499,Kodra Ujkova,kodra ujkova,hamlet,19.8894646,42.590257
499,Bojovići,bojovici,hamlet,19.8036211,42.5793565
499,Strane,strane,hamlet,19.8482531,42.5867987
499,Luke,luke,hamlet,19.7970213,42.5448868
499,Dolja,dolja,hamlet,19.7949056,42.5375162
499,ruins of Katun Roman,ruins of katun roman,hamlet,19.8490564,42.503169
499,Stanovi,stanovi,hamlet,19.8602892,42.5086506
499,Zarunice,zarunice,hamlet,19.8511697,42.5220704
499,Ali pašini izvori,ali pasini izvori,hamlet,19.8262305,42.5499687
499,Katuni,katuni,hamlet,19.8630465,42.5376064
499,Huljeva livada,huljeva livada,hamlet,19.849378,42.5449891
499,Ljug i Valit,ljug i valit,hamlet,19.8557279,42.60147
499,ruins of Katun Balijica,ruins of katun balijica,hamlet,19.7642935,42.5578507
499,Katun Zastan,katun zastan,hamlet,19.8171438,42.4868945
499,Katun Bogićevica,katun bogicevica,hamlet,20.073772,42.5793591
499,Katun Muhaomerovića,katun muhaomerovica,hamlet,20.0737657,42.5850724
499,Katun Feratovića,katun feratovica,hamlet,20.0032727,42.5430386
499,Stari katun,stari katun,hamlet,20.000267,42.5397185
499,Katun Zavoje,katun zavoje,hamlet,20.0613787,42.6083601
499,Babino polje,babino polje,hamlet,20.0492133,42.6131374
499,Dedina bara,dedina bara,hamlet,20.0133053,42.5744131
499,Jelića katun,jelica katun,hamlet,20.0072757,42.5792955
499,Hridski stanovi,hridski stanovi,hamlet,20.0280896,42.6007951
499,Temska,temska,hamlet,19.9971047,42.6029747
499,Treskavac,treskavac,hamlet,20.0011817,42.5643776
499,Javorište,javoriste,hamlet,20.0045505,42.6168088
499,Redžepagića livade,redzepagica livade,hamlet,20.0189756,42.5642153
499,Koritski do,koritski do,hamlet,19.8452653,42.7488619
499,Gusarice,gusarice,hamlet,19.9912027,42.7469352
499,Slatina,slatina,hamlet,19.962598,42.7425769
499,Slijepač most,slijepac most,hamlet,19.6861254,42.9921871
499,Firovi,firovi,hamlet,20.0239892,42.8097371
499,Karakol,karakol,hamlet,20.0134707,42.8015254
499,Džakovica,dzakovica,hamlet,20.0344879,42.817558
499,Skrivena,skrivena,hamlet,20.0276429,42.8268445
499,Redžov laz,redzov laz,hamlet,20.0570228,42.8101213
499,Šarge,sarge,hamlet,19.998461,42.8171417
499,Skrobutača,skrobutaca,hamlet,20.0086314,42.7895035
499,Agovića bare,agovica bare,hamlet,20.0228731,42.861672
499,Babinski brijeg,babinski brijeg,hamlet,20.0048486,42.8443368
499,Rajevske ornice,rajevske ornice,hamlet,20.0519262,42.8523526
499,Đuranovica,duranovica,hamlet,20.0659703,42.8496232
499,Dvorišta,dvorista,hamlet,20.001726,42.8603197
499,Draglježine,dragljezine,hamlet,20.0103198,42.8745998
499,Skarepača,skarepaca,hamlet,20.1041102,42.8431494
499,Tuzova Luka,tuzova luka,hamlet,20.1122635,42.8729482
499,Radeva mahala,radeva mahala,hamlet,20.1097428,42.8459813
499,Gusnice,gusnice,hamlet,20.0947133,42.8727281
499,Kruške,kruske,hamlet,20.0944129,42.8484115
499,Kraljanski stanovi,kraljanski stanovi,hamlet,20.1972261,42.7585813
499,Baranski stanovi,baranski stanovi,hamlet,20.2042218,42.7595498
499,Dubovički stanovi,dubovicki stanovi,hamlet,20.2110727,42.7682868
499,Streočki stanovi,streocki stanovi,hamlet,20.2374179,42.7882473
499,Kula,kula,hamlet,20.2268489,42.7868769
499,Kaluđerski laz,kaluderski laz,hamlet,20.1926974,42.7844876
499,Gornji Bukelj,gornji bukelj,hamlet,20.1691273,42.7882867
499,Bandžov,bandzov,hamlet,20.1258064,42.7867427
499,Peškovići,peskovici,hamlet,20.1589563,42.8010091
499,Hailovići,hailovici,hamlet,20.1538279,42.8215034
499,Donji Bukelj,donji bukelj,hamlet,20.1712108,42.8001117
499,Sredani,sredani,hamlet,20.1346453,42.8536495
499,Giljevo polje,giljevo polje,hamlet,20.2409557,42.8384957
499,Buboviće,bubovice,hamlet,20.1220309,42.864676
499,Mekovski stanovi,mekovski stanovi,hamlet,20.2041966,42.8243638
499,Plunski stanovi,plunski stanovi,hamlet,20.198446,42.8292094
499,Bačevac,bacevac,hamlet,20.1302095,42.84226
499,Ljubuški stanovi,ljubuski stanovi,hamlet,20.226121,42.7940026
499,Ljocki stanovi,ljocki stanovi,hamlet,20.2203993,42.752276
499,Hajrat,hajrat,hamlet,20.2044562,42.8506249
499,Carine,carine,hamlet,20.1680329,42.8291677
499,Guđaljka,gudaljka,hamlet,20.2085547,42.8656936
499,Dimiškin most,dimiskin most,hamlet,20.145159,42.8307413
499,Njeguši,njegusi,hamlet,20.2416563,42.8631162
499,Bandžovo brdo,bandzovo brdo,hamlet,20.1760366,42.8410163
499,Zeljeni,zeljeni,hamlet,20.1880958,42.8557735
499,Lokve,lokve,hamlet,20.0259574,42.8290302
499,Katunina,katunina,hamlet,19.7423468,42.8405567
499,Katun Potrkovo,katun potrkovo,hamlet,19.7321145,42.9084271
499,Bubulovci,bubulovci,hamlet,19.6915799,42.8980607
499,Katun Jelar,katun jelar,hamlet,19.6208633,42.9249511
499,Ornica,ornica,hamlet,19.7339765,42.9644374
499,Medeno guvno,medeno guvno,hamlet,19.631389,42.953768
499,Tadića igrišta,tadica igrista,hamlet,19.6222051,42.9550012
499,Višnjice,visnjice,hamlet,19.6295222,42.9625857
499,Gilinoge,gilinoge,hamlet,19.6422257,42.9786235
499,Lisičine,lisicine,hamlet,19.6561946,42.9747929
499,Donja Rakita,donja rakita,hamlet,19.6763412,42.9798087
499,Majstorovina,majstorovina,village,19.6950512,42.9788354
499,Raljevci,raljevci,hamlet,19.6818129,42.9699808
499,Pribilovice,pribilovice,hamlet,19.6980692,42.9655507
499,Dio,dio,hamlet,19.7045924,42.9787232
499,Krmeće Bare,krmece bare,hamlet,19.6912972,42.9685355
499,Aluga,aluga,hamlet,19.704601,42.9664472
499,Milatovac,milatovac,hamlet,19.7248355,42.9661803
499,Pobrnjica,pobrnjica,hamlet,19.7253291,42.9799814
499,Ostrelj,ostrelj,hamlet,19.7420446,42.9725871
499,Ravna Rijeka,ravna rijeka,village,19.7273364,42.9896633
499,Bojišta,bojista,village,19.6898742,42.9946889
499,Katun Javorova voda,katun javorova voda,hamlet,19.7310186,42.9515139
499,Dolovi,dolovi,hamlet,19.6312709,42.899151
499,Male Nemanjine,male nemanjine,hamlet,19.8304451,42.9487931
499,Solila,solila,hamlet,19.7468031,42.9232341
499,Košutnjak,kosutnjak,hamlet,19.8077901,42.8965926
499,Kačmor,kacmor,hamlet,19.8279345,42.9562994
499,Biorići,biorici,hamlet,19.8351229,42.9401376
499,Poda,poda,village,19.8526098,42.9438297
499,Lukavica,lukavica,hamlet,19.8411739,42.9324408
499,Gojevići,gojevici,hamlet,19.857441,42.9408138
499,Krlje,krlje,hamlet,19.8443271,42.9213969
499,Dublje,dublje,hamlet,19.8427393,42.9007447
499,Međeđak,mededak,hamlet,19.7842472,42.9294239
499,Lokva,lokva,hamlet,19.7506501,42.9349314
499,Sajkovac,sajkovac,hamlet,19.8632109,42.957917
499,Paločak,palocak,hamlet,19.8564947,42.9538024
499,Srđevac,srdevac,hamlet,19.8537052,42.9583889
499,Žurena,zurena,hamlet,19.8286212,42.9740427
499,Potoci,potoci,hamlet,19.8394788,42.9752987
499,Slatina,slatina,hamlet,19.8387492,42.9681707
499,Brestovik,brestovik,hamlet,19.8126996,42.9718455
499,Pod Krš,pod krs,hamlet,19.7986255,42.969773
499,Mostine,mostine,hamlet,19.7878945,42.9785798
499,Krstaš,krstas,hamlet,19.794482,42.9823788
499,Previjna,previjna,hamlet,19.7921861,42.9744674
499,Krš Femića,krs femica,village,19.79092,42.978298
499,Grudevica,grudevica,hamlet,19.7716747,42.9850795
499,Kostići,kostici,hamlet,19.831887,42.995685
499,Kaševari,kasevari,hamlet,19.8405559,42.9915102
499,Kamine,kamine,hamlet,19.8094209,42.9899092
499,Crnča,crnca,village,19.8550299,42.9731921
499,Raščevići,rascevici,hamlet,19.8156822,42.9982784
499,Pašića Polje,pasica polje,hamlet,19.8105753,42.9802281
499,Raklja,raklja,hamlet,19.8250635,42.993064
499,Cepiće,cepice,hamlet,19.8665841,42.9992161
499,Brežđe,brezde,hamlet,19.8499973,42.9959675
499,Laholo,laholo,hamlet,19.8241151,42.9801347
499,Novo Selo,novo selo,hamlet,19.7607795,42.9923428
499,Joša,josa,hamlet,19.7646795,42.9875274
499,Ljuboviđa,ljubovida,hamlet,19.7510109,42.985063
499,Kisjelica,kisjelica,hamlet,19.7383133,42.9951836
499,Podgrađe,podgrade,hamlet,19.8717369,42.9162532
499,Tiganji,tiganji,hamlet,19.9811685,42.8877259
499,Šabotići,sabotici,hamlet,19.9414332,42.9274861
499,Tucanje,tucanje,village,19.9371846,42.9301272
499,Bare,bare,hamlet,19.9266703,42.9283031
499,Orahovo,orahovo,village,19.9221642,42.9388304
499,Babačići,babacici,hamlet,19.9357684,42.9349016
499,Crniš,crnis,village,19.9078722,42.9504338
499,Azane,azane,village,19.9417009,42.9537906
499,Ponor,ponor,village,19.9882045,42.9376036
499,Vrševo,vrsevo,village,19.9616828,42.9459288
499,Godočelje,godocelje,village,19.9425919,42.9156384
499,Ćemani,cemani,hamlet,19.9893621,42.8765821
499,Derače,derace,hamlet,19.8764304,42.9440667
499,Kosme,kosme,village,19.888127,42.952845
499,Lopare,lopare,hamlet,19.8931245,42.9544006
499,Krivolaze,krivolaze,hamlet,19.8753575,42.9338867
499,Trubina,trubina,village,19.8787714,42.9343847
499,Močila,mocila,hamlet,19.8714497,42.9388788
499,Lozna,lozna,village,19.8781706,42.9553743
499,Maline,maline,hamlet,19.8851465,42.9499669
499,Blatka,blatka,hamlet,19.8873094,42.9554999
499,Radulići,radulici,village,19.8885592,42.9841994
499,Goduša,godusa,village,19.9437181,42.9685968
499,Kolašinci,kolasinci,hamlet,19.966943,42.9774037
499,Šabotići,sabotici,hamlet,19.9400598,42.9717455
499,Mušovući,musovuci,hamlet,19.9341557,42.9736641
499,Bošnjaci,bosnjaci,hamlet,19.9498874,42.9720611
499,Mulići,mulici,hamlet,19.9341768,42.9676894
499,Kruge,kruge,hamlet,19.9283858,42.971072
499,Trubljani,trubljani,village,19.9663262,42.9699599
499,Durovići,durovici,hamlet,19.9493499,42.9654509
499,Dobrodole,dobrodole,village,19.9894786,42.9661148
499,Stojanovići,stojanovici,hamlet,19.9053831,42.9859386
499,Ladnići,ladnici,village,19.920897,42.9991757
499,Kradenik,kradenik,hamlet,19.9231512,42.9906145
499,Godijevo,godijevo,village,19.9006056,42.9971572
499,Vrbe,vrbe,hamlet,19.9144393,42.9863153
499,Ivanje,ivanje,village,19.8721377,43.003154
499,Rudine,rudine,hamlet,19.9795596,42.9458525
499,Pecko,pecko,hamlet,19.9606763,42.9365682
499,Laništa,lanista,hamlet,19.7938814,42.5475912
499,Rukatke,rukatke,hamlet,20.2900536,42.8492263
499,Lučanski stanovi,lucanski stanovi,hamlet,20.2459377,42.7973296
499,Gornji Besnik,gornji besnik,hamlet,20.2581992,42.8669447
499,Priftova livada,priftova livada,hamlet,20.3180615,42.86494
499,Česmina livada,cesmina livada,hamlet,20.3018012,42.8453791
499,Зогића станови,zogitsha stanovi,hamlet,20.3501802,42.8432383
499,Balotski put,balotski put,hamlet,20.255267,42.7831183
499,Muhovići,muhovici,hamlet,20.0046356,42.9037857
499,Cikotići,cikotici,hamlet,20.0012667,42.8932233
499,Skenderska Kalica,skenderska kalica,hamlet,20.0195379,42.9025008
499,Muratovići,muratovici,hamlet,20.0090129,42.9090509
499,Javorova,javorova,village,20.052689,42.9317309
499,Poroče,poroce,village,20.0288935,42.9230565
499,Trnavice,trnavice,hamlet,20.0131114,42.9330765
499,Savin Bor,savin bor,village,20.0527594,42.9541882
499,Kruščica,kruscica,village,20.0747882,42.9636136
499,Honsiće,honsice,village,20.1042089,42.8769348
499,Zloglavlje,zloglavlje,hamlet,20.1068996,42.8841519
499,Bojove bare,bojove bare,hamlet,20.0263615,42.9937862
499,Bor,bor,village,20.0202975,42.9454415
499,Lijepi sjenokosi,lijepi sjenokosi,hamlet,20.022799,42.8845607
499,Tarhanis,tarhanis,hamlet,20.0044425,42.8883663
499,Skenderovići,skenderovici,hamlet,20.0090129,42.8973262
499,Banduša,bandusa,hamlet,20.0605494,42.9937604
499,Haništa,hanista,village,20.0995713,42.96959
499,Ćosovica,cosovica,village,20.1050807,42.9058694
499,Džudevica,dzudevica,hamlet,20.3103109,42.8766216
499,Kajevići,kajevici,hamlet,20.3061594,42.8872344
499,Malindubrava,malindubrava,hamlet,20.2891097,42.9118583
499,Pripeć,pripec,hamlet,20.2963849,42.9008784
499,Radetina,radetina,village,20.2552076,42.8970131
499,Dračenovac,dracenovac,hamlet,20.3259446,42.9017125
499,Stupa,stupa,hamlet,20.3417375,42.9025935
499,Бовањ,bovanj,hamlet,20.3150656,42.9221114
499,Biševo,bisevo,village,20.2159393,42.9104953
499,Čoklije,coklije,hamlet,20.2093427,42.926681
499,Blace,blace,hamlet,20.1891172,42.9297601
499,Lučica,lucica,hamlet,20.1696143,42.8950445
499,Grablje,grablje,hamlet,20.2027214,42.9404262
499,Dublje,dublje,hamlet,20.2093518,42.9446838
499,Trnovača,trnovaca,hamlet,20.2072704,42.9544687
499,Reparica,reparica,hamlet,20.20017,42.9530246
499,Molitve,molitve,hamlet,20.1946554,42.949066
499,Stanovište,stanoviste,hamlet,20.1818452,42.9447541
499,Kačara,kacara,hamlet,20.1811564,42.940709
499,Razdolje,razdolje,hamlet,20.234395,42.9378193
499,Luke,luke,hamlet,20.2234924,42.8963179
499,Donje Biševo,donje bisevo,hamlet,20.2273977,42.8777188
499,Komkuće,komkuce,hamlet,20.2407014,42.8992267
499,Mahala,mahala,hamlet,20.2150595,42.8938506
499,Kladanci,kladanci,hamlet,20.1469979,42.9506052
499,Bukva,bukva,hamlet,20.1479206,42.9323987
499,Male Crnokrpe,male crnokrpe,hamlet,20.2324392,42.9095539
499,Gaj,gaj,hamlet,20.2177648,42.9418172
499,Kukavičak,kukavicak,hamlet,20.2114761,42.9198762
499,Klanac,klanac,hamlet,20.1410338,42.8764152
499,Repišta,repista,hamlet,20.1276952,42.9237943
499,Rijeka,rijeka,village,20.1729066,42.9605136
499,Tuzova luka,tuzova luka,hamlet,20.1251122,42.8775159
499,Staro selo,staro selo,hamlet,20.2393067,42.9295079
499,Brovići,brovici,village,19.9644047,43.010531
499,Gornja Korita,gornja korita,village,19.9714579,43.0096838
499,Sipanje,sipanje,village,19.9340177,42.9995204
499,Ličine,licine,village,19.9797813,43.0030274
499,Šipovica,sipovica,hamlet,19.8978902,43.0206349
499,Osmanbegovo selo,osmanbegovo selo,village,19.9563232,43.0395511
499,Đalovići,dalovici,village,19.9455179,43.0733031
499,Negobratina,negobratina,village,19.9220894,43.0298762
499,Mekići,mekici,village,19.9529034,43.0226727
499,Dupljaci,dupljaci,village,19.9774081,43.0400534
499,Čampari,campari,village,19.9630314,43.0613193
499,Mokri lug,mokri lug,hamlet,19.8759004,43.0683717
499,Glavača,glavaca,hamlet,19.8931738,43.0702363
499,Stubo,stubo,village,19.8818174,43.0368532
499,Batkov do,batkov do,hamlet,19.9712723,43.0582577
499,Vrh,vrh,village,19.9026817,43.0526486
499,Sajtovača,sajtovaca,hamlet,19.9031087,43.0852835
499,Soko,soko,hamlet,19.8219683,42.8454981
499,Tomovići,tomovici,hamlet,19.9284226,42.7313891
499,Njegnjevo,njegnjevo,village,19.7853432,43.0840751
499,Strojtanice,strojtanice,hamlet,19.7878174,43.0693028
499,Medaševine,medasevine,hamlet,19.7922241,42.9613189
499,Lukovište,lukoviste,hamlet,19.6904732,42.8590583
499,Kasovac,kasovac,hamlet,19.7886293,42.9164817
499,Fanjevica,fanjevica,hamlet,19.8335388,42.8649012
499,Gojnovac,gojnovac,hamlet,19.7505849,42.8949181
499,Čadorišta,cadorista,hamlet,19.7556145,42.8862446
499,Meka,meka,hamlet,19.7952053,42.8234822
499,Kutijevci,kutijevci,hamlet,19.6428391,42.9418657
499,Lokva,lokva,hamlet,19.8051055,42.8889107
499,Katun Prouški,katun prouski,hamlet,19.5929013,42.616651
499,Katun Rupe Ravanjske,katun rupe ravanjske,hamlet,19.6440378,42.8594843
499,Zatrlje,zatrlje,hamlet,19.7600455,42.8601889
499,Lisijevo Polje,lisijevo polje,hamlet,19.87853,42.8206248
499,Batune,batune,hamlet,19.8847153,42.8464801
499,Bare,bare,hamlet,19.8382421,42.8243642
499,Buče,buce,village,19.8494017,42.8240164
499,Riverside,riverside,hamlet,19.8744204,42.8594823
499,Polje,polje,village,19.109799,42.082534
499,Vrtijeljka,vrtijeljka,hamlet,19.7295866,42.8603173
499,Rušin krš,rusin krs,hamlet,19.979003,42.7083938
499,Milje,milje,hamlet,19.9410819,42.6316602
499,Franca - Mahala,franca - mahala,hamlet,19.7802652,43.0484655
499,Plani,plani,hamlet,19.7865866,43.0452133
499,Grabovnik,grabovnik,hamlet,19.7777246,43.0387521
499,Resnik,resnik,village,19.7768963,43.0448557
499,Brdo,brdo,hamlet,19.8030232,43.03469
499,Ornice,ornice,hamlet,19.7968863,43.0417946
499,Votnik,votnik,hamlet,19.7944616,43.0342187
499,Kilavice,kilavice,hamlet,19.7835199,43.0536569
499,Rastoka,rastoka,village,19.7728622,43.032381
499,Cerovac,cerovac,hamlet,19.7816728,43.0274435
499,Krušev do,krusev do,hamlet,19.7750456,43.0236795
499,Bukova voda,bukova voda,hamlet,19.7587367,43.0202894
499,Rosulje,rosulje,hamlet,19.7883247,43.0640581
499,Sljepašnica,sljepasnica,hamlet,19.7562905,43.0674262
499,Gornji Sutivan,gornji sutivan,hamlet,19.7573892,43.0870986
499,Ljetine,ljetine,hamlet,19.7498103,43.0091978
499,Odrin,odrin,hamlet,19.7813295,43.0113788
499,Kutlača,kutlaca,hamlet,19.8088363,43.0506759
499,Kisjele vode,kisjele vode,hamlet,19.7674893,43.0649681
499,Prestreke,prestreke,hamlet,19.7734331,43.0803911
499,Sutivan,sutivan,hamlet,19.771313,43.0913555
499,Oluja,oluja,hamlet,19.7813509,43.0981464
499,Brčve,brcve,hamlet,19.7936033,43.0923959
499,Lozna luka,lozna luka,hamlet,19.7929595,43.1022035
499,Gubavač,gubavac,village,19.7819169,43.103069
499,Konatari,konatari,hamlet,19.7747354,43.1039151
499,Kneževići,knezevici,hamlet,19.75799,43.0950746
499,Rodijelja,rodijelja,village,19.8033268,43.0949343
499,Ušanoviće,usanovice,hamlet,19.8104905,43.0925518
499,Draževine,drazevine,village,19.8102115,43.0882112
499,Žiljak,ziljak,village,19.823644,43.079153
499,Presečenik,presecenik,hamlet,19.8180436,43.0853748
499,Mirojevići,mirojevici,hamlet,19.8332141,43.0729619
499,Kave,kave,hamlet,19.8465393,43.0667239
499,Pobretići,pobretici,hamlet,19.8365615,43.0607659
499,Šolja,solja,hamlet,19.8526119,43.0823666
499,Radojeva glava,radojeva glava,hamlet,19.8440717,43.0742793
499,Boturići,boturici,village,19.8222698,43.0697926
499,Mojstir,mojstir,hamlet,19.8669381,43.0792619
499,Jablanovo,jablanovo,village,19.8560043,43.0946531
499,Komadine,komadine,village,19.8686622,43.0895754
499,Kostenica,kostenica,village,19.8579323,43.0535247
499,Dolac,dolac,hamlet,19.8432982,43.0560005
499,Medise,medise,hamlet,19.8491347,43.0526451
499,Visijane,visijane,hamlet,19.8416245,43.0583852
499,Gornji Vlah,gornji vlah,hamlet,19.8228705,43.056347
499,Crvioča,crvioca,hamlet,19.8314156,43.0432592
499,Donji Vlah,donji vlah,hamlet,19.8075497,43.055469
499,Kovačica,kovacica,hamlet,19.8288593,43.040511
499,Jankova voda,jankova voda,hamlet,19.8149085,43.0298816
499,Pučurice,pucurice,village,19.8431265,43.0368066
499,Raščevići,rascevici,hamlet,19.8141823,43.0013542
499,Zminac,zminac,village,19.8435986,43.0332008
499,Dubovo,dubovo,village,19.8214972,43.0079731
499,Spasojevica,spasojevica,hamlet,19.8106632,43.0270521
499,Kitine lazi,kitine lazi,hamlet,19.8194802,43.0146258
499,Rudevine,rudevine,hamlet,19.8011789,43.0060933
499,Metanjac,metanjac,hamlet,19.7709178,43.1264645
499,Unevine,unevine,village,19.7761078,43.1148146
499,Boljanina,boljanina,village,19.8009407,43.0332008
499,Uvezac,uvezac,hamlet,19.7555663,43.0188335
499,Jasen,jasen,village,19.8455298,43.0108931
499,Požeginja,pozeginja,hamlet,19.8668158,43.1043334
499,Bjelice,bjelice,village,19.8240292,43.1123243
499,Bijediće,bijedice,village,19.800297,43.1094091
499,Rove,rove,hamlet,19.8181927,43.104147
499,Unička ravan,unicka ravan,hamlet,19.8025286,43.1185585
499,Vranti polje,vranti polje,hamlet,19.7745005,43.1103628
499,Voljevac,voljevac,village,19.7866928,43.1144531
499,Kunovača,kunovaca,hamlet,19.7706846,43.1160373
499,Podbreže,podbreze,hamlet,19.7810516,43.1207512
499,Kraitine,kraitine,hamlet,19.7969303,43.1186509
499,Jablanovići,jablanovici,hamlet,19.7534635,43.101858
499,Ljajevići,ljajevici,hamlet,19.745403,43.1072353
499,Vukotići,vukotici,hamlet,19.7476699,43.1141711
499,Ljebarice,ljebarice,hamlet,19.7596207,43.1022825
499,Kajabeg,kajabeg,hamlet,19.7506311,43.1234122
499,Ugljak,ugljak,hamlet,19.7529076,43.0429533
499,Pećarska,pecarska,village,19.8166928,43.0997602
499,Prijeka,prijeka,hamlet,19.7768701,43.0683987
499,Pljeva,pljeva,hamlet,19.7576467,43.108629
499,Katun Gornji Rikavac,katun gornji rikavac,hamlet,19.5840098,42.5622
499,Katun Studenica,katun studenica,hamlet,19.6061142,42.5520806
499,Katun Kocki,katun kocki,hamlet,19.5407348,42.5373783
499,Katun Beljeva rupa,katun beljeva rupa,hamlet,19.5595103,42.5656424
499,Gladišta,gladista,hamlet,19.5385676,42.5720741
499,Katun Guzovalja,katun guzovalja,hamlet,19.5229894,42.582565
499,Katun Maglić,katun maglic,hamlet,19.5843116,42.6002728
499,Rupa Kosorska,rupa kosorska,hamlet,19.5906862,42.6245605
499,Katun Berovača,katun berovaca,hamlet,19.5216791,42.5244008
499,Katun Nikića,katun nikica,hamlet,19.5186814,42.511817
499,Radan,radan,hamlet,19.5044271,42.5348071
499,Katun Bokjen,katun bokjen,hamlet,19.5083448,42.5071169
499,Katun Dobri do,katun dobri do,hamlet,19.4973152,42.5471485
499,Katun Bljuštura,katun bljustura,hamlet,19.51208,42.5981575
499,Katun Velji do,katun velji do,hamlet,19.4978471,42.5896776
499,Zaugao,zaugao,hamlet,19.4983331,42.6086629
499,Brskut,brskut,village,19.5078174,42.6135253
499,Prisoja,prisoja,hamlet,19.5243398,42.6190205
499,Ubogi do,ubogi do,hamlet,19.539489,42.6136533
499,Katun Crna planina,katun crna planina,hamlet,19.5655321,42.6377906
499,Raškovo guvno,raskovo guvno,hamlet,19.5057146,42.6518253
499,Mićkovića katun,mickovica katun,hamlet,19.5644163,42.6468207
499,Katun Medžgalj,katun medzgalj,hamlet,19.5456194,42.6527848
499,Veruša,verusa,village,19.5178272,42.6479158
499,Katun Rupa Ljakova,katun rupa ljakova,hamlet,19.5866454,42.6264249
499,Opasanica,opasanica,village,19.544804,42.6794515
499,Cucevica,cucevica,hamlet,19.5209002,42.6702368
499,Han Garančića,han garancica,hamlet,19.5205998,42.6908714
499,Čestogaz,cestogaz,hamlet,19.5003072,42.7071931
499,Jasen,jasen,hamlet,19.5413279,42.747309
499,Zahgulina,zahgulina,hamlet,19.5340978,42.7448969
499,Katun Konačišta,katun konacista,hamlet,19.591277,42.7246125
499,Markovića laz,markovica laz,hamlet,19.4972581,42.7318033
499,Uvač,uvac,village,19.5054335,42.7133438
499,ruins of Katun Kotič,ruins of katun kotic,hamlet,19.5593952,42.7161312
499,Suvo Polje,suvo polje,hamlet,19.510063,42.6559269
499,Batai,batai,hamlet,19.5810469,42.7492484
499,Sunga,sunga,hamlet,19.6013823,42.7425324
499,Doline,doline,hamlet,19.609901,42.7466296
499,Bratoevica,bratoevica,hamlet,19.4974725,42.7286056
499,Crni Val,crni val,hamlet,19.5443575,42.7563387
499,Lazi Radevića,lazi radevica,hamlet,19.5508345,42.7546757
499,Do Adžića,do adzica,hamlet,19.5641769,42.7565412
499,Bukovi potok,bukovi potok,hamlet,19.5866044,42.7607973
499,Batal,batal,hamlet,19.5847161,42.751077
499,Lazi Đekića,lazi dekica,hamlet,19.5952089,42.753739
499,Kasin Do,kasin do,hamlet,19.6057232,42.7555832
499,Kovačica,kovacica,hamlet,19.6189347,42.7538785
499,Vladoš,vlados,hamlet,19.5186083,42.8062005
499,Breza,breza,village,19.5190217,42.8308944
499,Trunića Do,trunica do,hamlet,19.5376943,42.7970538
499,Pažanj,pazanj,hamlet,19.5150169,42.8187822
499,Stajište,stajiste,hamlet,19.5067422,42.8053811
499,Brinje,brinje,hamlet,19.508344,42.8191828
499,Drijenak,drijenak,village,19.5091262,42.8409902
499,Katun Rupe,katun rupe,hamlet,19.6168951,42.8193253
499,Raskrsnica Boškovića,raskrsnica boskovica,hamlet,19.5828633,42.8619009
499,Laze,laze,hamlet,19.6056095,42.7922951
499,Mujića Rečine,mujica recine,hamlet,19.6058884,42.797632
499,Smrčje,smrcje,hamlet,19.5829502,42.7981674
499,Brajića brijeg,brajica brijeg,hamlet,19.5903102,42.7988609
499,Rečine,recine,hamlet,19.5847097,42.8015366
499,Gornji Dolovi,gornji dolovi,hamlet,19.6153148,42.7791638
499,Bukova Poljana,bukova poljana,hamlet,19.603041,42.7703758
499,Gligorski Dolovi,gligorski dolovi,hamlet,19.6067757,42.7637598
499,Donja Planinica,donja planinica,hamlet,19.5623175,42.7720919
499,Crna poljana,crna poljana,hamlet,19.5423834,42.7767856
499,Bijeli Potok,bijeli potok,hamlet,19.5369975,42.7752114
499,Katun Rudi do,katun rudi do,hamlet,19.5162908,42.763744
499,Katun Jelića,katun jelica,hamlet,19.5077078,42.7567956
499,Buronje,buronje,hamlet,19.4963567,42.8061053
499,Ote,ote,hamlet,19.5224631,42.8673112
499,Plana,plana,hamlet,19.5061414,42.8576258
499,Đuraševica,durasevica,hamlet,19.5161192,42.8006738
499,Trnova poljana,trnova poljana,hamlet,19.525258,42.7875113
499,Gornja Planinica,gornja planinica,hamlet,19.573173,42.7723597
499,Laz,laz,hamlet,19.5625032,42.8064642
499,Paljevi,paljevi,hamlet,19.5643056,42.8116905
499,Numer,numer,hamlet,19.5693267,42.8195448
499,Plana,plana,hamlet,19.5739025,42.8109861
499,Izlasci,izlasci,village,19.5697344,42.816696
499,Papratina,papratina,hamlet,19.5512808,42.8605011
499,Međedac,mededac,hamlet,19.5615805,42.8745759
499,Varda,varda,hamlet,19.5493562,42.9605998
499,Žarovnica,zarovnica,hamlet,19.6077275,42.94336
499,Marića Luka,marica luka,village,19.6084571,42.9573688
499,Rudnica,rudnica,village,19.6010971,42.9592383
499,Paklješica,pakljesica,hamlet,19.5942736,42.9538981
499,Blatina,blatina,hamlet,19.6159051,42.9469876
499,Pržišta,przista,village,19.6075773,42.9472868
499,Donje Selo,donje selo,hamlet,19.5773649,42.9495956
499,Gornje Polje,gornje polje,village,19.5667434,42.9454805
499,Feratovo Polje,feratovo polje,hamlet,19.5669816,42.9386617
499,Ravni,ravni,hamlet,19.5867205,42.9674351
499,Babića Polje,babica polje,village,19.5665073,42.9597715
499,Pod Milojevića,pod milojevica,hamlet,19.5302621,42.9730677
499,Meljevice,meljevice,hamlet,19.5208594,42.9761731
499,Mekića Kula,mekica kula,village,19.5363312,42.9821375
499,Vukojevića krčevine,vukojevica krcevine,hamlet,19.5093473,42.9752531
499,Krasića Strana,krasica strana,village,19.5137397,42.9803803
499,Bjeloviće,bjelovice,village,19.5974912,42.9350808
499,Klekova poljana,klekova poljana,hamlet,19.499921,42.9816377
499,Lazovi,lazovi,hamlet,19.6082629,42.9335412
499,Katunina,katunina,hamlet,19.5959687,42.9088399
499,Lukovica,lukovica,hamlet,19.6169758,42.9139641
499,Male rupe,male rupe,hamlet,19.6056032,42.8811736
499,Velike rupe,velike rupe,hamlet,19.6063542,42.8782954
499,Šljive,sljive,hamlet,19.5676682,42.912156
499,Moračko Trebaljevo,moracko trebaljevo,village,19.5239536,42.879676
499,Veliki do,veliki do,hamlet,19.5077316,42.878797
499,Śerogošte,serogoste,village,19.5368792,42.9018035
499,Spomenik,spomenik,hamlet,19.5324937,42.9139774
499,Lještarje,ljestarje,hamlet,19.543079,42.9119712
499,Katun Gusar,katun gusar,hamlet,19.4940244,42.8956524
499,Rovačko brdo,rovacko brdo,hamlet,19.5551369,42.8857325
499,Pobrđice,pobrdice,hamlet,19.5309037,42.9230577
499,Šljivlje,sljivlje,hamlet,19.5223212,42.8978017
499,Gornja Štitarica,gornja stitarica,hamlet,19.5078646,42.9175156
499,Štitarica,stitarica,village,19.5297278,42.9204061
499,Katun Ckara,katun ckara,hamlet,19.5097443,42.9422565
499,Donja Štitarica,donja stitarica,hamlet,19.5412485,42.9269237
499,Ladišta,ladista,hamlet,19.5062724,42.9671014
499,Dolovi,dolovi,hamlet,19.4974319,42.9626106
499,Poljane,poljane,hamlet,19.528803,42.9343408
499,Donji Lepenac,donji lepenac,hamlet,19.6059584,42.9934084
499,Uloševina,ulosevina,hamlet,19.5825566,42.9798372
499,Raskrsnica,raskrsnica,hamlet,19.5645203,42.9808434
499,Slavkovo brdo,slavkovo brdo,hamlet,19.5956029,42.9875603
499,Gornji Lepenac,gornji lepenac,hamlet,19.5647467,42.992236
499,Mačkate,mackate,hamlet,19.6052685,42.9976694
499,Pobrsijeviće,pobrsijevice,hamlet,19.5334449,42.9870742
499,Siga,siga,hamlet,19.5454542,42.9936909
499,Kolarevo,kolarevo,hamlet,19.5837153,42.9897891
499,Bare,bare,hamlet,19.5230051,42.9956551
499,Slatina,slatina,village,19.5008694,42.9978875
499,Donja Polja,donja polja,hamlet,19.5238677,42.9770554
499,Stevanovac,stevanovac,village,19.5301334,42.99096
499,Gornja Polja,gornja polja,hamlet,19.5561251,42.961626
499,Papratine,papratine,hamlet,19.6087268,42.9631121
499,Migudovina,migudovina,hamlet,19.5846299,42.9980239
499,Šupilovine,supilovine,hamlet,19.6163175,42.9882522
499,Ispod Burena,ispod burena,hamlet,19.5672223,42.9963666
499,Stanića kosa,stanica kosa,hamlet,19.5955304,42.998275
499,Visibaba,visibaba,hamlet,19.5443935,42.9847511
499,Orlosjedina,orlosjedina,hamlet,19.5510432,42.9811721
499,Brišta,brista,hamlet,19.5174706,42.9909935
499,Palj,palj,hamlet,19.5140706,42.8862075
499,Lukačko brdo,lukacko brdo,hamlet,19.5231129,42.8878115
499,Kariman,kariman,hamlet,19.5779909,42.5692289
499,Jojovača,jojovaca,hamlet,19.6985715,42.9147797
499,Zakraje,zakraje,hamlet,19.7045808,42.9172472
499,Novakov Do,novakov do,hamlet,19.7128205,42.9178998
499,Lazine,lazine,hamlet,19.7203082,42.9209997
499,Đurđeva glava,durdeva glava,hamlet,19.7599032,42.9485776
499,Kurikućki katun,kurikucki katun,hamlet,19.7042419,42.8752449
499,Luški katun,luski katun,hamlet,20.0288202,42.8028261
499,Mušino brdo,musino brdo,hamlet,20.0165068,42.8147014
499,Ravna Mokra,ravna mokra,hamlet,19.9888177,42.7323553
499,Maglič,maglic,hamlet,19.9834846,42.690497
499,Padež,padez,hamlet,19.9563541,42.8073522
499,Golješ,goljes,hamlet,20.0096601,42.8138178
499,Grope,grope,hamlet,20.1439718,42.7642114
499,Štedim,stedim,hamlet,20.2112751,42.7648026
499,Groc,groc,hamlet,19.9883191,42.7285891
499,Breźe,breze,hamlet,20.0005908,42.8145783
499,Dugi Laz,dugi laz,hamlet,19.9780237,42.7891304
499,Platije,platije,hamlet,19.9771976,42.7872371
499,Brežđe,brezde,hamlet,19.9665446,42.7894064
499,Doline,doline,hamlet,19.9834093,42.7887525
499,Repišta,repista,hamlet,19.7848652,42.8298809
499,Zakom,zakom,hamlet,19.8003422,42.933486
499,Čukar,cukar,hamlet,19.9583776,42.7824757
499,Bardhaj,bardhaj,hamlet,19.4265521,42.3616265
499,Lauševići,lausevici,village,19.1685972,43.1622899
499,Borje,borje,village,19.190043,43.1655584
499,Divljaka,divljaka,hamlet,19.1566152,43.1702057
499,Meždo,mezdo,village,19.145778,43.1627733
499,Junčev Do,juncev do,village,19.1333368,43.148809
499,Pejov do,pejov do,hamlet,19.1345567,43.1596734
499,Kovačka Dolina,kovacka dolina,village,19.123506,43.1651037
499,Koča Do,koca do,village,19.1767629,43.1946299
499,Lever Tara,lever tara,village,19.2423375,43.1851477
499,Zauglina,zauglina,hamlet,19.249264,43.1191854
499,Raonići,raonici,hamlet,19.2197222,43.146899
499,Rudinovača,rudinovaca,village,19.1739734,43.1345001
499,Ninkovići,ninkovici,village,19.1966949,43.1816617
499,Podgora,podgora,village,19.1428597,43.1946909
499,Omarić,omaric,hamlet,19.1762388,43.1757924
499,Palež,palez,village,19.13359,43.1801737
499,Panjevi,panjevi,hamlet,19.1319818,43.1752298
499,Međužvalje,meduzvalje,hamlet,19.2131991,43.1699874
499,Selina,selina,hamlet,19.2380674,43.1713051
499,Lučino kućište,lucino kuciste,hamlet,19.2005605,43.1880898
499,Vrela,vrela,village,19.2199267,43.1566344
499,Meki Do,meki do,hamlet,19.1679552,43.2494313
499,Zasada,zasada,hamlet,19.1530528,43.2331004
499,Rončevići,roncevici,village,19.1186111,43.2371876
499,Vučje,vucje,hamlet,19.0692973,42.8291514
499,Katun Lokvice,katun lokvice,hamlet,19.0633833,43.1334753
499,Orin katun,orin katun,hamlet,19.0913759,43.1333885
499,Tepca,tepca,village,19.074111,43.2058365
499,Poljane,poljane,hamlet,19.0706765,43.1992777
499,Razvršje,razvrsje,village,19.1161271,43.1454151
499,Kaušići,kausici,hamlet,19.0863787,43.246596
499,Ograđenica,ogradenica,village,19.0914856,43.2424086
499,Džuveri,dzuveri,hamlet,19.1156041,43.2406251
499,Starčevići,starcevici,hamlet,19.1129862,43.2467226
499,Begovina,begovina,hamlet,19.1093609,43.1265347
499,Pošćenski kraj,poscenski kraj,hamlet,19.1066787,43.1078493
499,Pošćenski katun,poscenski katun,hamlet,19.1057131,43.090082
499,Vukodo,vukodo,hamlet,19.1195637,43.0715264
499,Šarban,sarban,hamlet,19.0173469,43.1033052
499,Robova greda,robova greda,hamlet,19.0292151,43.0505161
499,Trebljevina,trebljevina,hamlet,19.0421519,43.0371559
499,Kozarica,kozarica,village,19.0450364,43.0288354
499,Krivača,krivaca,village,19.0550469,43.0082441
499,Donja Čeoca,donja ceoca,hamlet,19.0722131,43.0047919
499,Komarnica,komarnica,village,19.0609692,43.0046036
499,Gornja Čeoca,gornja ceoca,hamlet,19.0632008,43.0117901
499,Godijelji,godijelji,village,19.087448,43.002595
499,Suvo polje,suvo polje,hamlet,19.015994,43.004668
499,Krnjača,krnjaca,hamlet,19.027152,43.013265
499,Košice,kosice,hamlet,19.0076298,43.0052957
499,Balača,balaca,hamlet,18.9992184,43.0296759
499,Poda,poda,hamlet,19.0804528,43.032278
499,Donja Grabovica,donja grabovica,hamlet,19.0814012,43.0165896
499,Gornja Grabovica,gornja grabovica,hamlet,19.0855597,43.0287034
499,Popov do,popov do,hamlet,19.1178568,43.0244814
499,Klađe,klade,hamlet,19.1126822,43.0468648
499,Repišta,repista,hamlet,19.1050658,43.0477736
499,Polje Perovića,polje perovica,hamlet,19.1132627,43.0550326
499,Provalija,provalija,village,19.1124154,43.0650327
499,Kršanje,krsanje,hamlet,19.0816984,43.0616496
499,Velika poljana,velika poljana,hamlet,19.0699697,43.0549981
499,Kovčica,kovcica,hamlet,19.1267387,43.0970265
499,Bare Žugića,bare zugica,hamlet,19.1709173,43.1089936
499,Jaukovića omar,jaukovica omar,hamlet,19.1309057,43.0667807
499,Borovac,borovac,hamlet,19.1868631,43.0082198
499,Dugi Do,dugi do,hamlet,19.2348424,43.0605115
499,Kulaš,kulas,hamlet,19.1219793,43.1207782
499,Glišin do,glisin do,hamlet,19.1547757,43.0773885
499,Nakršci,nakrsci,hamlet,19.1705311,43.1010033
499,Sjenička kosa,sjenicka kosa,hamlet,19.171684,43.0960056
499,Rađenovine,radenovine,hamlet,19.1881635,43.0863224
499,Dobri Nugo,dobri nugo,village,19.2127663,43.1000405
499,Lokvice,lokvice,hamlet,19.1474583,43.0715122
499,Smoljan,smoljan,hamlet,19.2285833,43.09235
499,Pribrane,pribrane,hamlet,19.1275692,43.0887365
499,Polje,polje,hamlet,19.1331246,43.0767318
499,Dugi do,dugi do,hamlet,19.169903,43.0696469
499,Ošlji do,oslji do,hamlet,19.1458919,43.067421
499,Previje,previje,hamlet,19.1260027,43.0749606
499,Merulja,merulja,hamlet,19.1695811,43.0511307
499,Vrtoč polje,vrtoc polje,hamlet,19.1456132,43.0553438
499,Grad,grad,hamlet,19.1301262,43.0514396
499,Dolovi Šušića,dolovi susica,hamlet,19.1731217,43.0456895
499,Palež,palez,hamlet,19.1239793,43.0598286
499,Suvo polje,suvo polje,hamlet,19.218569,43.046443
499,Šušići,susici,hamlet,19.1755249,43.041722
499,Lazine,lazine,hamlet,19.1324808,43.0250029
499,Popov do,popov do,hamlet,19.122591,43.0244225
499,Čurovića katun,curovica katun,hamlet,19.2264654,43.039386
499,Odrag polje,odrag polje,hamlet,19.2443289,43.0424841
499,Duga,duga,hamlet,19.2377092,43.0331282
499,Gornje bare,gornje bare,hamlet,19.2411629,43.1062982
499,Donje bare,donje bare,hamlet,19.2343822,43.111626
499,Zminica,zminica,hamlet,19.2479757,43.1054945
499,Smoljanska glava,smoljanska glava,hamlet,19.2410073,43.0879632
499,Grabila,grabila,hamlet,19.155183,43.0597228
499,Đuričin do,duricin do,hamlet,19.1218759,43.0436893
499,Gusarevci,gusarevci,hamlet,19.1410424,43.0213
499,Tramošnja,tramosnja,hamlet,19.1550049,43.0118349
499,Kaporovača,kaporovaca,hamlet,19.2221943,43.0098171
499,Bučam,bucam,hamlet,19.1592385,43.0392292
499,Duboki Do,duboki do,hamlet,19.3484844,43.0362728
499,Vojinovići,vojinovici,hamlet,19.3249228,43.0306883
499,Gomile,gomile,hamlet,19.3249228,43.0451798
499,Dugi Do,dugi do,hamlet,19.26064,43.0443659
499,Jelina Gora,jelina gora,hamlet,19.3610018,43.048788
499,Čolanov Do,colanov do,hamlet,19.302697,43.0454934
499,Okruglica,okruglica,hamlet,19.2665623,43.0263605
499,Mandića Do,mandica do,hamlet,19.2760895,43.0524243
499,Konate,konate,hamlet,19.3232062,43.0162577
499,Zaboj,zaboj,hamlet,19.3682244,43.013967
499,Đedovo Polje,dedovo polje,hamlet,19.2902515,43.0819891
499,Laovo Polje,laovo polje,hamlet,19.3204597,43.0830877
499,Pribranci,pribranci,hamlet,19.2748449,43.1006675
499,Zakrajci,zakrajci,hamlet,19.3012379,43.0901695
499,Selište,seliste,hamlet,19.3664906,43.0756572
499,Ponor,ponor,hamlet,19.2795227,43.0907352
499,Pašino Polje,pasino polje,village,19.2595274,43.0683179
499,Pogrižde,pogrizde,hamlet,19.2699955,43.1053363
499,Rudanci,rudanci,village,19.3607142,43.0647489
499,Jablan Bara,jablan bara,hamlet,19.2644165,43.1076235
499,Studenci,studenci,hamlet,19.3163398,43.0684469
499,Gradina,gradina,village,19.3447184,43.1042841
499,Poda,poda,hamlet,19.3557618,43.1008869
499,Špilje,spilje,hamlet,19.3511924,43.1116823
499,Metaljka,metaljka,hamlet,19.3320951,43.1020627
499,Reljino Brdo,reljino brdo,hamlet,19.3406127,43.098319
499,Crvena Stijena,crvena stijena,hamlet,19.3314932,43.1108521
499,Ćurkača,curkaca,hamlet,19.366319,43.0881026
499,Dovolja,dovolja,hamlet,19.3441489,43.1249159
499,Orašac,orasac,hamlet,19.3673232,43.1073117
499,Ogorelovac,ogorelovac,hamlet,19.3117757,43.1173354
499,Palež,palez,hamlet,19.3216034,43.1166274
499,Kandija,kandija,hamlet,19.3642762,43.1141416
499,Zlatica,zlatica,hamlet,19.2668198,43.1146413
499,Javorovača,javorovaca,hamlet,19.2868612,43.1220342
499,Sirovi Kraj,sirovi kraj,hamlet,19.2962168,43.1191225
499,Krš,krs,hamlet,19.2633007,43.1259198
499,Lipova Ravan,lipova ravan,hamlet,19.3221333,43.1227233
499,Mrčava,mrcava,hamlet,19.3462775,43.0852504
499,Šaransko polje,saransko polje,hamlet,19.3216656,43.0223447
499,Beč,bec,hamlet,19.2766903,43.0362406
499,Rasova,rasova,hamlet,19.2836308,42.9998024
499,Jasenovac,jasenovac,hamlet,19.3667063,43.0979421
499,Strunjaška glava,strunjaska glava,hamlet,19.3235935,43.0579448
499,Brajkovača,brajkovaca,village,19.3477581,43.0917396
499,Vis,vis,hamlet,19.2955633,43.1246152
499,Trešnjica,tresnjica,hamlet,19.3060896,43.1495979
499,Rasova,rasova,village,19.2732926,43.149228
499,Luka,luka,hamlet,19.2786348,43.1535007
499,Budečevica,budecevica,hamlet,19.2907476,43.1475443
499,Đurđevića Tara,durdevica tara,village,19.2938244,43.1512342
499,Poda,poda,hamlet,19.3053686,43.1559452
499,Krlje,krlje,hamlet,19.3170577,43.1603326
499,Kućišta,kucista,hamlet,19.3451672,43.155856
499,Begova ravan,begova ravan,hamlet,19.2965527,43.1591525
499,Pušanjski Do,pusanjski do,village,19.3372279,43.1622093
499,Čavanj,cavanj,hamlet,19.3686462,43.1697326
499,Poljane,poljane,hamlet,19.3251773,43.1649765
499,Kutuša,kutusa,hamlet,19.3267651,43.1729251
499,Čavanj,cavanj,village,19.3652559,43.1569626
499,Bačvenik,bacvenik,hamlet,19.2776185,43.1638386
499,Zlostud,zlostud,hamlet,19.2689153,43.1534876
499,Bogomolje,bogomolje,village,19.2894717,43.1326957
499,Košare,kosare,hamlet,19.3396398,43.2002732
499,Zaglavak,zaglavak,hamlet,19.2496892,43.2017138
499,Kriješterovina,krijesterovina,hamlet,19.3117448,43.2197286
499,Ornice,ornice,hamlet,19.3209716,43.2121912
499,Drljino Brdo,drljino brdo,village,19.336464,43.2165074
499,Zajedni Do,zajedni do,hamlet,19.350154,43.1855055
499,Vlaovići,vlaovici,village,19.2924329,43.2436812
499,Njivice,njivice,village,19.3377944,43.2401932
499,Bitine,bitine,hamlet,19.289682,43.209409
499,Javorak,javorak,village,19.3087407,43.234177
499,Palež,palez,hamlet,19.2723914,43.2206981
499,Stolac,stolac,hamlet,19.2780552,43.1269798
499,Premćani,premcani,village,19.3638826,43.1263064
499,Selac,selac,hamlet,19.3528577,43.134011
499,Zađuraševina,zadurasevina,hamlet,19.3645661,43.1462179
499,Kutuša,kutusa,hamlet,19.3194266,43.1738327
499,Oraš,oras,hamlet,19.2511601,43.1743397
499,Biteševina,bitesevina,hamlet,19.3539295,43.193485
499,Stajište,stajiste,hamlet,19.2962727,43.234911
499,Previja,previja,hamlet,19.368819,43.1958167
499,Kričaćko polje,kricacko polje,hamlet,19.3353686,43.1922961
499,Staračko polje,staracko polje,hamlet,19.3222257,42.9646008
499,Katun Podstarac,katun podstarac,hamlet,19.356243,42.9482907
499,Katun Vratlo,katun vratlo,hamlet,19.3631647,42.9036057
499,Katun Potrk,katun potrk,hamlet,19.3410295,42.9130191
499,Pribojsko polje,pribojsko polje,hamlet,19.3521875,42.9167907
499,Milački Priboj,milacki priboj,hamlet,19.3521022,42.931137
499,Grkovo,grkovo,hamlet,19.3629807,42.9351895
499,Katun Skočno,katun skocno,hamlet,19.3188106,42.9064981
499,Svrčke Bare,svrcke bare,hamlet,19.3254947,42.8915961
499,Katun Bokvica,katun bokvica,hamlet,19.3118492,42.8905908
499,Do Sekulića,do sekulica,hamlet,19.3320817,42.9334928
499,Polje Bijelića,polje bijelica,hamlet,19.2702305,42.9753468
499,Katun Planinica,katun planinica,hamlet,19.3638809,42.9986404
499,Poljije,poljije,hamlet,19.3440154,42.9306515
499,Katun Vrmac,katun vrmac,hamlet,19.300364,42.8915002
499,Raskrsnica,raskrsnica,hamlet,19.2792068,42.8906513
499,Aluga,aluga,hamlet,19.2904935,42.882696
499,Dobri Do,dobri do,hamlet,19.272469,42.8977207
499,Poljane Nastića,poljane nastica,hamlet,19.2803719,42.9051303
499,Bučum Javorje,bucum javorje,hamlet,19.2487433,42.8999418
499,Srpski Do,srpski do,hamlet,19.2592146,42.8953517
499,Donja Rijeka,donja rijeka,hamlet,19.275559,42.9256019
499,Gornja Rijeka,gornja rijeka,hamlet,19.2840991,42.9212337
499,Lazine,lazine,hamlet,19.2988169,42.9228365
499,Kosmača,kosmaca,hamlet,19.2668096,42.9315926
499,Bare,bare,hamlet,19.2406999,42.9361163
499,Ječišta,jecista,hamlet,19.2542568,42.9445839
499,Korita,korita,hamlet,19.264578,42.9403899
499,Uskoci,uskoci,village,19.2671111,42.9348902
499,Somina,somina,hamlet,19.3015657,42.9150094
499,Dugački do,dugacki do,hamlet,19.343539,42.9669313
499,Kolibštine,kolibstine,hamlet,19.3440138,42.9519349
499,Rudi do,rudi do,hamlet,19.3006698,42.9371217
499,Ljutovac,ljutovac,hamlet,19.2956702,42.9325973
499,Margita,margita,hamlet,19.4378669,42.9046902
499,Katun Potrk,katun potrk,hamlet,19.4552906,42.8977097
499,Katun Ubline,katun ubline,hamlet,19.4416467,42.9264558
499,Štitarički katun,stitaricki katun,hamlet,19.4458921,42.9207828
499,Katun Kovrčko Ždrijelo,katun kovrcko zdrijelo,hamlet,19.4570941,42.8846322
499,Katun Brajovića,katun brajovica,hamlet,19.4663198,42.8983714
499,Katun Osljak,katun osljak,hamlet,19.458403,42.8907794
499,Mala Katunina,mala katunina,hamlet,19.4287689,42.9177343
499,Katun Ćatovića Lokva,katun catovica lokva,hamlet,19.4742591,42.9089636
499,Grkovo,grkovo,hamlet,19.3870294,42.9232748
499,Knež Do,knez do,hamlet,19.4265384,42.9519973
499,Martinički katun,martinicki katun,hamlet,19.4142431,42.9487148
499,Borice,borice,hamlet,19.4363788,42.9529671
499,Štirni Do,stirni do,hamlet,19.4514293,42.9539126
499,Katun Provalija,katun provalija,hamlet,19.3789023,42.9686734
499,Buđevac,budevac,hamlet,19.4316013,42.9885314
499,Ljevak,ljevak,hamlet,19.4359787,42.9866164
499,Prišiklinac,prisiklinac,hamlet,19.4132046,42.988168
499,Ravnjak,ravnjak,hamlet,19.400081,42.9865387
499,Čavnica,cavnica,hamlet,19.3913038,42.998733
499,Ognjenovo polje,ognjenovo polje,hamlet,19.3769282,42.9642777
499,Pribranci,pribranci,hamlet,19.3939645,42.9601479
499,Prošćenje,proscenje,village,19.4810001,43.0131403
499,Dolovi,dolovi,hamlet,19.4555706,42.9636488
499,Javorovo brdo,javorovo brdo,hamlet,19.4653553,42.9659099
499,Katun Pilač,katun pilac,hamlet,19.3893522,42.907487
499,Previja,previja,hamlet,19.403878,42.9176699
499,Krajevi,krajevi,hamlet,19.3858964,42.9952191
499,Gornje Lipovo,gornje lipovo,village,19.4131477,42.8777446
499,Katun Ječmen Do,katun jecmen do,hamlet,19.3738429,42.9069584
499,Knež do,knez do,hamlet,19.3929571,42.8852611
499,Bistre vode,bistre vode,hamlet,19.4227403,42.9607917
499,Crveni laz,crveni laz,hamlet,19.4905165,42.930756
499,Vilin brijeg,vilin brijeg,hamlet,19.4924134,42.9270199
499,Zapoda,zapoda,hamlet,19.4905037,42.9229975
499,Rabrenov do,rabrenov do,hamlet,19.4750542,42.9443483
499,Katun Muleče,katun mulece,hamlet,19.4338554,42.9384413
499,Ivanovića katun,ivanovica katun,hamlet,19.4448203,42.932833
499,Pecerp,pecerp,hamlet,19.3963045,42.9448667
499,Spindiruš,spindirus,hamlet,19.3862408,42.9917035
499,Kulašica,kulasica,hamlet,19.4907826,42.9715938
499,Dolovi,dolovi,hamlet,19.4879288,42.9634761
499,Golubnjaci,golubnjaci,hamlet,19.4540685,42.9341691
499,Podstarac,podstarac,hamlet,19.3753393,42.9292658
499,Zurica,zurica,hamlet,19.4082779,42.8876501
499,Katunina,katunina,hamlet,19.3804172,42.8742041
499,Slatina,slatina,hamlet,19.49307,43.006984
499,Stričina,stricina,hamlet,19.4754533,43.00383
499,Kruške,kruske,hamlet,19.4545835,43.009828
499,Gostilovina,gostilovina,village,19.4636301,43.0060433
499,Donja Dobrilovina,donja dobrilovina,hamlet,19.3845371,43.0569885
499,Pusto Vaškovo,pusto vaskovo,hamlet,19.4091137,43.089531
499,Boškovići,boskovici,village,19.4810827,43.0939514
499,Ravni,ravni,hamlet,19.4736283,43.0787187
499,Čolanice,colanice,hamlet,19.4593675,43.1111208
499,Kaluđerske luke,kaluderske luke,hamlet,19.4355066,43.1009379
499,Lijepi do,lijepi do,hamlet,19.4826276,43.0865222
499,Lupoglav,lupoglav,hamlet,19.4319875,43.1142866
499,Doline,doline,hamlet,19.4374378,43.1095559
499,Šestovići,sestovici,hamlet,19.452544,43.124154
499,Zagrebac,zagrebac,hamlet,19.3806136,43.1265157
499,Barijevo selo,barijevo selo,hamlet,19.3719613,43.1201681
499,Lanište,laniste,hamlet,19.3930547,43.1176182
499,Metalica,metalica,hamlet,19.4016807,43.0736832
499,Crvena Lokva,crvena lokva,village,19.4281681,43.0553916
499,Ugarče,ugarce,hamlet,19.4505699,43.0511582
499,Osredina,osredina,hamlet,19.4824989,43.0209195
499,Veliki Do,veliki do,hamlet,19.4445617,43.0218922
499,Zaboj,zaboj,hamlet,19.4618995,43.0273512
499,Koprivnjača,koprivnjaca,hamlet,19.4303138,43.0277292
499,Ograde,ograde,hamlet,19.4750745,43.0328097
499,Stupsko Polje,stupsko polje,hamlet,19.4207866,43.044384
499,Ilijaševići,ilijasevici,hamlet,19.4780786,43.0083052
499,Krclje,krclje,hamlet,19.3774432,43.0352416
499,Jasici,jasici,hamlet,19.3993,43.0173709
499,Premćansko brdo,premcansko brdo,hamlet,19.3840522,43.1141605
499,Batina,batina,hamlet,19.4276756,43.0771048
499,Kunovica,kunovica,hamlet,19.4331473,43.0818489
499,Žari,zari,hamlet,19.4798381,43.0623543
499,Džukelska jama,dzukelska jama,hamlet,19.469466,43.0628399
499,Ornice,ornice,hamlet,19.4686801,43.0554559
499,Meki Do,meki do,hamlet,19.4922836,43.0541075
499,Golubinjak,golubinjak,village,19.4906099,43.0722599
499,Paljika,paljika,hamlet,19.4889158,43.0464085
499,Borisavljevica,borisavljevica,hamlet,19.4123462,43.1153
499,Bejtaška kosa,bejtaska kosa,hamlet,19.4240063,43.1188595
499,Ornice,ornice,hamlet,19.4602913,43.0798946
499,Matovina,matovina,hamlet,19.4771785,43.0878394
499,Mramor,mramor,hamlet,19.4712561,43.0893437
499,Pometnica,pometnica,hamlet,19.4565791,43.093309
499,Zmajevac,zmajevac,hamlet,19.4851178,43.0842977
499,Ubline,ubline,hamlet,19.447245,43.0961286
499,Sekulića jama,sekulica jama,hamlet,19.4881219,43.1139263
499,Ogradina,ogradina,hamlet,19.489581,43.1041504
499,Burev Do,burev do,hamlet,18.9850767,43.1903851
499,Gadževine,gadzevine,hamlet,18.9738114,43.2025866
499,Smailovići,smailovici,hamlet,18.9899476,43.1709822
499,Katuništa,katunista,hamlet,18.9854629,43.1843461
499,Rudo polje,rudo polje,hamlet,18.9742835,43.1631734
499,Dobričeva dola,dobriceva dola,hamlet,18.9658721,43.1887581
499,Nedajski zagorac,nedajski zagorac,hamlet,18.9737685,43.2164588
499,Pod Milogora,pod milogora,hamlet,18.9525254,43.2098898
499,Kneževića zagorac,knezevica zagorac,hamlet,18.9729317,43.2325777
499,Hercegova strana,hercegova strana,hamlet,18.9220126,43.2032271
499,Boričje,boricje,village,18.9140765,43.1342216
499,Nečulovac,neculovac,hamlet,18.9249974,43.1260675
499,Lokvice,lokvice,hamlet,18.9385157,43.1397223
499,Pelinovac,pelinovac,hamlet,18.9425682,43.1348794
499,Kaluđerski katun,kaluderski katun,hamlet,18.960615,43.1256298
499,Trešnjica,tresnjica,hamlet,18.9030655,43.162876
499,Stara gladišta,stara gladista,hamlet,18.9348443,43.1522164
499,Gornji Unac,gornji unac,hamlet,18.9004476,43.184846
499,Golubovi doli,golubovi doli,hamlet,18.8965853,43.1943118
499,Dondići,dondici,hamlet,18.9056189,43.1773512
499,Kulići,kulici,hamlet,18.9154466,43.1816393
499,Glišovići,glisovici,hamlet,18.9130433,43.1958284
499,Miljanov pod,miljanov pod,hamlet,18.9477833,43.2331248
499,Vučje selište,vucje seliste,hamlet,18.9377196,43.2327184
499,Lijepi pod,lijepi pod,hamlet,18.9616235,43.2321094
499,Podvoda,podvoda,hamlet,18.8775083,43.235938
499,Barni Do,barni do,hamlet,18.8736888,43.2393146
499,Kraji,kraji,hamlet,18.9289863,43.2445049
499,Rupe,rupe,hamlet,18.9490707,43.2217121
499,Brdo,brdo,hamlet,18.8988169,43.1292153
499,Blečića katun,blecica katun,hamlet,18.9706357,43.1179398
499,Boban,boban,hamlet,18.9918359,43.0917448
499,Nikolin do,nikolin do,hamlet,18.9276345,43.1014444
499,Duboki do,duboki do,hamlet,18.9299079,43.1158244
499,Staništa,stanista,hamlet,18.9107902,43.0919337
499,Stalište,staliste,hamlet,18.8968631,43.0635501
499,Seljkovac,seljkovac,hamlet,18.8973781,43.1126932
499,Nadublje,nadublje,hamlet,18.9036008,43.0588782
499,Zabrđe,zabrde,hamlet,18.9085361,43.0431981
499,Bukovac,bukovac,village,18.8710335,43.0436545
499,Dubrovsko,dubrovsko,village,18.9758274,43.0111653
499,Gornje Polje,gornje polje,hamlet,18.9725658,43.0168152
499,Donje Polje,donje polje,hamlet,18.9893886,43.0072426
499,Koštanice,kostanice,village,18.9224879,43.0193661
499,Kolibetine,kolibetine,hamlet,18.9071017,43.0791287
499,Mijatov do,mijatov do,hamlet,18.9285572,43.0749133
499,Omari,omari,hamlet,18.9617951,43.0349472
499,Pustopoljina,pustopoljina,hamlet,18.9827164,43.0307123
499,Dragaljevo,dragaljevo,hamlet,18.9497788,43.0410951
499,Modro polje,modro polje,hamlet,18.9861281,43.0699609
499,Medljen,medljen,hamlet,18.8760717,43.1059713
499,Paklina,paklina,hamlet,18.9924603,43.0197003
499,Bajovo Polje,bajovo polje,hamlet,18.8850228,43.0110508
499,Duba,duba,hamlet,18.9031127,43.0239461
499,Bezuje,bezuje,village,18.9007695,43.0500657
499,Katin do,katin do,hamlet,18.9284714,43.0553341
499,Jelića Dolina,jelica dolina,hamlet,19.2244551,42.9492167
499,Luke Jocovića,luke jocovica,hamlet,19.2221162,42.9337914
499,Seoca,seoca,hamlet,19.2026541,42.9350018
499,Puštala,pustala,hamlet,19.2156575,42.9322997
499,Cokotin,cokotin,hamlet,19.1913481,42.957666
499,Konjev do,konjev do,hamlet,19.1561693,42.8949895
499,Bučva na Javorju,bucva na javorju,hamlet,19.2387663,42.8988738
499,Cer,cer,hamlet,19.1825075,42.9643084
499,Riđi Do,ridi do,hamlet,19.204434,42.8815192
499,Donji Timar,donji timar,hamlet,19.19491,42.9775589
499,Meki Do,meki do,hamlet,19.1967951,42.9908851
499,Ljevičke bare,ljevicke bare,hamlet,19.2255913,42.8821795
499,Gornja Slatina,gornja slatina,hamlet,19.1665012,42.9730854
499,Štirin do,stirin do,hamlet,19.1599029,42.8773492
499,Miloševa voda,miloseva voda,hamlet,19.207525,42.9965046
499,Šorevac,sorevac,hamlet,19.1883129,42.886846
499,Zukva,zukva,hamlet,19.1626162,42.962706
499,Gornji Timar,gornji timar,hamlet,19.2120526,42.9746075
499,Tinkovac,tinkovac,hamlet,19.1521245,42.9691273
499,Gornja Bijela,gornja bijela,hamlet,19.1515344,42.9030376
499,Bijela,bijela,village,19.141621,42.9086659
499,Malinsko,malinsko,village,19.1557401,42.9434507
499,Donja Slatina,donja slatina,hamlet,19.170621,42.9836961
499,Kankuša,kankusa,hamlet,19.180748,42.9686892
499,Donja Bijela,donja bijela,hamlet,19.129948,42.9136934
499,Zagulj,zagulj,hamlet,19.1379624,42.9651391
499,Stičje,sticje,hamlet,19.2121813,42.9548856
499,Jasikovac,jasikovac,hamlet,19.1821427,42.9865859
499,Strug,strug,hamlet,19.1882678,42.9221161
499,Kostin do,kostin do,hamlet,19.2153571,42.9162722
499,Zakaplje,zakaplje,hamlet,19.1410084,42.9229348
499,Kravica,kravica,hamlet,19.1376299,42.9287482
499,Bljušturni Do,bljusturni do,hamlet,19.2363856,42.8759206
499,Gradina,gradina,village,19.4827479,43.1764237
499,Pandurica,pandurica,hamlet,19.4029919,43.1567619
499,Pitomina,pitomina,hamlet,19.4129053,43.2064229
499,Potkrajci,potkrajci,village,19.4368092,43.2284734
499,Brezojevica,brezojevica,hamlet,19.428269,43.2272523
499,Podborova,podborova,village,19.4541884,43.1957153
499,Tulovo,tulovo,hamlet,19.4592303,43.2055533
499,Kalipolje,kalipolje,hamlet,19.4551136,43.2195953
499,Bandukovina,bandukovina,hamlet,19.3914906,43.2120235
499,Mazarići,mazarici,hamlet,19.3988055,43.2034574
499,Vlahovina,vlahovina,hamlet,19.4804305,43.2220362
499,Mijačevići,mijacevici,hamlet,19.3746291,43.1822398
499,Poljana,poljana,hamlet,19.4752377,43.226569
499,Klopet,klopet,hamlet,19.4834281,43.2315158
499,Ljutići,ljutici,village,19.4428602,43.2475415
499,Kotlajići,kotlajici,hamlet,19.3993012,43.1370046
499,Kleke,kleke,hamlet,19.4709462,43.2474837
499,Poda,poda,hamlet,19.4313589,43.2188104
499,Dujići,dujici,hamlet,19.4747227,43.2122471
499,Raščevići,rascevici,hamlet,19.4902152,43.2070861
499,Babića polje,babica polje,hamlet,19.3940226,43.148902
499,Bamburi,bamburi,hamlet,19.4059101,43.215245
499,Varine,varine,village,19.3905078,43.1820176
499,Beljkovići,beljkovici,village,19.4182268,43.1751656
499,Petrova ravan,petrova ravan,hamlet,19.4496838,43.1445826
499,Gusino brdo,gusino brdo,hamlet,19.4743601,43.1411068
499,Peruničići,perunicici,village,19.4542757,43.1484652
499,Zećko brdo,zecko brdo,hamlet,19.3891731,43.1395411
499,Golubovići,golubovici,hamlet,19.4022194,43.1326812
499,Odžića brdo,odzica brdo,hamlet,19.3953347,43.1718472
499,Paljevine,paljevine,hamlet,19.4934767,43.2012364
499,Čavanj,cavanj,hamlet,19.3922201,43.1572315
499,Đuraševac,durasevac,hamlet,19.3814097,43.1506256
499,Đuranov do,duranov do,hamlet,19.478628,43.165311
499,Visibaba,visibaba,hamlet,19.4207599,43.1643359
499,Duboki do,duboki do,hamlet,19.4113185,43.1639768
499,Ravan,ravan,hamlet,19.3817295,43.1937741
499,Podmučanj,podmucanj,hamlet,19.3895626,43.1743041
499,Lazine,lazine,hamlet,19.39765,43.1750873
499,Šanac,sanac,hamlet,19.3822648,43.2237812
499,Vodno,vodno,hamlet,19.4901304,43.1828695
499,Đakovića brdo,dakovica brdo,hamlet,19.4155457,43.1631472
499,Perutin,perutin,hamlet,19.4821074,43.1898779
499,Rasno,rasno,hamlet,19.3824794,43.2389364
499,Dipalica,dipalica,hamlet,19.4632439,43.178738
499,Adžino brdo,adzino brdo,hamlet,19.403465,43.212398
499,Previja,previja,hamlet,19.371109,43.1951609
499,Jovovače,jovovace,hamlet,19.3817305,43.1994469
499,Dževdžića brdo,dzevdzica brdo,hamlet,19.4609699,43.2426957
499,Poetenik,poetenik,hamlet,19.4732024,43.1280154
499,Bilalovo brdo,bilalovo brdo,hamlet,19.4045808,43.1637733
499,Mijovića čečari,mijovica cecari,hamlet,19.4249849,43.1683323
499,Piskavac,piskavac,hamlet,19.4096663,43.2481527
499,Šljivansko,sljivansko,village,19.3081483,43.1180746
499,Bojke - Bojka,bojke - bojka,hamlet,19.2868357,42.0386499
499,Kosići - Kosiç,kosici - kosic,village,19.2743399,42.0264757
499,Donji Kozić - Sorzigaçe,donji kozic - sorzigace,hamlet,19.2807632,42.0200133
499,Suma - Sumë,suma - sume,hamlet,19.2919787,42.0276056
499,Аmbula - Amulë,ambula - amule,village,19.350655,41.981118
499,Bukumira - Bukmirë,bukumira - bukmire,hamlet,19.325605,41.9894058
499,Gornja Klezna - Kllezna e Epërme,gornja klezna - kllezna e eperme,hamlet,19.2612408,41.9980848
499,Donja Klezna - Kllezna e Poshtme,donja klezna - kllezna e poshtme,hamlet,19.280597,41.9859333
499,Pistula - Pistullë,pistula - pistulle,village,19.2668961,41.9435001
499,Darza - Darzë,darza - darze,village,19.3200964,41.9487454
499,Zоganje - Zogaj,zoganje - zogaj,hamlet,19.2864359,41.9458047
499,Sveti Đorđe - Shëngjergji,sveti dorde - shengjergji,village,19.3434571,41.9492711
499,Sutjel,sutjel,hamlet,19.3541645,41.9308998
499,Reč,rec,hamlet,19.3635147,41.920516
499,Gornji Štoj - Shtoji i Epërm,gornji stoj - shtoji i eperm,village,19.361959,41.8796206
499,Calpe Mahala - Mëhalla Çapre,calpe mahala - mehalla capre,hamlet,19.3559122,42.0374108
499,Gornji Kravari - Kravar i Sipërm,gornji kravari - kravar i siperm,hamlet,19.3607201,42.0406914
499,Donji Rastiš,donji rastis,hamlet,19.3432548,42.0316759
499,Donji Kravari - Kravar i Poshtëm,donji kravari - kravar i poshtem,hamlet,19.3654726,42.0327432
499,Curaj,curaj,hamlet,19.3216789,42.0437076
499,Borje,borje,village,19.1772188,43.1655694
499,Tepačko Polje,tepacko polje,village,19.1592119,43.1642736
499,Varine,varine,village,19.3388745,43.211033
499,Pendrek do,pendrek do,hamlet,19.1293643,43.1551082
499,Duga,duga,hamlet,19.3399007,42.5462271
499,Vuksanovići,vuksanovici,hamlet,18.7906897,42.3434567
499,Vujov katun,vujov katun,hamlet,20.0054374,42.6729139
499,Kolašinski katun,kolasinski katun,hamlet,20.0293983,42.6042734
499,Bakovića katun,bakovica katun,hamlet,20.0255743,42.5932169
499,Katun Surdup,katun surdup,hamlet,19.6778991,42.6508292
499,ruins of Katun Mali Mojan,ruins of katun mali mojan,hamlet,19.6713751,42.6366325
499,ruins of Katun Mojan,ruins of katun mojan,hamlet,19.6747027,42.639642
499,Jastrebič,jastrebic,hamlet,19.7040482,42.694324
499,Brdo,brdo,hamlet,19.7215296,42.690644
499,Breze,breze,hamlet,19.7135688,42.6923905
499,Nedina ploča,nedina ploca,hamlet,19.710318,42.7169549
499,Jasenovi Do,jasenovi do,hamlet,19.7110916,42.7108298
499,Orničice,ornicice,hamlet,19.7093417,42.7144013
499,Doline,doline,hamlet,19.7038925,42.70811
499,Parlozi,parlozi,hamlet,19.7117246,42.7031741
499,Milanovac,milanovac,hamlet,19.7183984,42.7131782
499,Peovi,peovi,hamlet,19.7354353,42.7073291
499,Dubačke glave,dubacke glave,hamlet,19.7140195,42.7148033
499,Nikolin Žar,nikolin zar,hamlet,19.7009314,42.7017632
499,Jokov Laz,jokov laz,hamlet,19.7335677,42.6951479
499,Katunište,katuniste,hamlet,19.7269906,42.6973087
499,Ravna bara,ravna bara,hamlet,19.7614838,42.7094269
499,Jarčujak,jarcujak,hamlet,19.755583,42.7167425
499,Milov laz,milov laz,hamlet,19.7694124,42.7204626
499,Podmetnica,podmetnica,hamlet,19.7790255,42.722543
499,Škale,skale,hamlet,19.7880098,42.697314
499,Zakršnica,zakrsnica,hamlet,19.784895,42.687932
499,Lugovi,lugovi,hamlet,19.7833763,42.689194
499,Ravno Đuliće,ravno dulice,hamlet,19.7834031,42.6901602
499,Ravni Stolak,ravni stolak,hamlet,19.78342,42.6871863
499,Lanište,laniste,hamlet,19.7764731,42.6844459
499,Karačice,karacice,hamlet,19.779637,42.6878931
499,Džukulin brijeg,dzukulin brijeg,hamlet,19.7739186,42.6796825
499,Votnjak,votnjak,hamlet,19.7763969,42.6822542
499,Polača,polaca,hamlet,19.8039609,42.6765043
499,Jovova voda,jovova voda,hamlet,19.8011494,42.6715896
499,Mirov katun,mirov katun,hamlet,19.8218231,42.6353439
499,Elezov katun,elezov katun,hamlet,19.8084701,42.6283896
499,Konačine,konacine,hamlet,19.7628357,42.6133934
499,Lug,lug,hamlet,19.7729218,42.6141431
499,Mekina Kosa,mekina kosa,hamlet,19.7706892,42.6366583
499,Biština,bistina,hamlet,19.7536467,42.6295265
499,Lekine rupe,lekine rupe,hamlet,19.7574283,42.6414175
499,Kovački katun,kovacki katun,hamlet,19.7581381,42.6513553
499,Srednji do,srednji do,hamlet,19.7554537,42.6586047
499,Dolovi Dragovića,dolovi dragovica,hamlet,19.753868,42.6669976
499,Gvozda,gvozda,hamlet,19.7912104,42.6762049
499,Kunj Markolin,kunj markolin,hamlet,19.7990809,42.5902629
499,Visoravan Turjak,visoravan turjak,hamlet,19.6040679,42.6753046
499,Pavićev Žar,pavicev zar,hamlet,19.7397075,42.7174719
499,Čuka,cuka,village,19.7130744,42.7362735
499,Bojati,bojati,hamlet,18.9566739,43.2568564
499,Korjenjača,korjenjaca,hamlet,18.9653444,43.2593637
499,Korita,korita,hamlet,18.9606436,43.2637156
499,Plavšini podi,plavsini podi,hamlet,18.9646776,43.2524336
499,Igrovo brdo,igrovo brdo,hamlet,18.9535953,43.2533159
499,Budoš,budos,hamlet,18.9531119,43.260356
499,Bojatski katun,bojatski katun,hamlet,18.946687,43.2583167
499,Šarići,sarici,hamlet,18.905993,43.2563094
499,Barni Do,barni do,hamlet,18.876081,43.2577776
499,Debelo Osoje,debelo osoje,hamlet,18.9095121,43.2638414
499,Jerenići,jerenici,hamlet,18.904491,43.278434
499,Katunište,katuniste,hamlet,18.918373,43.2685047
499,Kostića ograde,kostica ograde,hamlet,18.9013367,43.2720599
499,Dolovi,dolovi,hamlet,18.8757817,43.2817449
499,Babići,babici,hamlet,18.866968,43.2746103
499,Žeično,zeicno,hamlet,18.8732915,43.2955835
499,Pavlovina,pavlovina,hamlet,18.8880544,43.2935368
499,Stolaš,stolas,hamlet,18.9068492,43.3058753
499,Dolovi,dolovi,hamlet,18.9139967,43.3022354
499,Rudine,rudine,hamlet,18.8903729,43.327747
499,Donje Polje,donje polje,hamlet,18.9145342,43.3307751
499,Križevac,krizevac,hamlet,18.8947932,43.3247796
499,Marići,marici,hamlet,18.9161178,43.3267792
499,Podosoje,podosoje,hamlet,18.8920037,43.3200652
499,Pobrnjica,pobrnjica,hamlet,18.8862101,43.3225957
499,Ratkovići,ratkovici,hamlet,18.8771121,43.322001
499,Bjeluševac,bjelusevac,hamlet,18.9190125,43.3177766
499,Sokolina,sokolina,hamlet,18.9352189,43.3167489
499,Komanica,komanica,hamlet,18.9135043,43.3246235
499,Božurev Do,bozurev do,hamlet,18.9243975,43.3470407
499,Đemska luka,demska luka,hamlet,18.9560087,43.3304317
499,Koljeno,koljeno,hamlet,18.9516957,43.3385312
499,Vjernovići,vjernovici,hamlet,18.9367204,43.3487697
499,Grab,grab,hamlet,18.925365,43.3498206
499,Odžića Glavica,odzica glavica,hamlet,18.9113564,43.3577771
499,Škiljevića luka,skiljevica luka,hamlet,18.8982672,43.3557028
499,Likića Do,likica do,hamlet,18.9008217,43.3515455
499,Lijećevina,lijecevina,hamlet,18.8918084,43.3516306
499,Mačkov Do,mackov do,hamlet,18.9066357,43.3532064
499,Jasena,jasena,hamlet,18.8828606,43.3544227
499,Babino Brdo,babino brdo,hamlet,18.8777536,43.3531752
499,Lisa Stijena,lisa stijena,hamlet,18.8752216,43.3481042
499,Vraca,vraca,hamlet,18.9055424,43.3379849
499,Bukovik,bukovik,hamlet,18.843512,43.3511161
499,Paklice,paklice,hamlet,18.8504342,43.3376187
499,Džaferov Do,dzaferov do,hamlet,18.8597136,43.347823
499,Kružac,kruzac,hamlet,18.8649825,43.3449065
499,Brijeg,brijeg,village,18.8565808,43.3456228
499,Gornje Zagrađe,gornje zagrade,hamlet,18.8590913,43.3389905
499,Donje Zagrađe,donje zagrade,hamlet,18.8573532,43.3427203
499,Gornje Kruševo,gornje krusevo,village,18.8547258,43.318809
499,Papratište,papratiste,hamlet,18.8663011,43.3521444
499,Čokova Luka,cokova luka,hamlet,18.8478046,43.3102057
499,Brdo,brdo,hamlet,18.827217,43.2682856
499,Duži,duzi,hamlet,18.8092258,43.3351816
499,Prepeličje,prepelicje,hamlet,18.8209299,43.2855638
499,Blatina,blatina,hamlet,19.4776564,42.8545737
499,Donje Lipovo,donje lipovo,village,19.4449549,42.8653008
499,Čuke,cuke,hamlet,19.4166737,42.8645144
499,Migalovica,migalovica,hamlet,19.4567137,42.8639797
499,Bistrica Lipovska,bistrica lipovska,hamlet,19.4828492,42.8642313
499,Divorad,divorad,hamlet,19.4480448,42.8600775
499,Rajkov do,rajkov do,hamlet,19.3997222,42.863382
499,Kođača,kodaca,hamlet,19.4218085,42.8296551
499,Miočki katun,miocki katun,hamlet,19.4383889,42.839817
499,Bunar,bunar,hamlet,19.395201,42.833147
499,Katun Barski,katun barski,hamlet,19.4512635,42.8312886
499,Katun Ravanjski,katun ravanjski,hamlet,19.4612628,42.8291484
499,Bistrica Moračka,bistrica moracka,village,19.4384168,42.8166223
499,Kokoravac,kokoravac,hamlet,19.3728851,42.8474333
499,Javorak,javorak,hamlet,19.4655618,42.8204155
499,Široki do,siroki do,hamlet,19.4278392,42.8155213
499,Crkvine,crkvine,village,19.4527945,42.796394
499,Mioska,mioska,hamlet,19.4133338,42.8154268
499,Manastir Morača,manastir moraca,village,19.3917689,42.7675573
499,Stara Jasenova,stara jasenova,hamlet,19.3744311,42.7600587
499,Prisoja,prisoja,hamlet,19.3822846,42.7680622
499,Nikonovac,nikonovac,village,19.3901381,42.7746778
499,Debeli Lug,debeli lug,village,19.3915972,42.784836
499,Vočje,vocje,hamlet,19.3971698,42.7831951
499,Dugi Laz,dugi laz,hamlet,19.3994078,42.777686
499,Luge,luge,hamlet,19.4038495,42.7815761
499,Seoca,seoca,village,19.4062313,42.7987242
499,Okuka,okuka,hamlet,19.4032573,42.819239
499,Dubravice,dubravice,hamlet,19.3986568,42.8078703
499,Dubrava,dubrava,hamlet,19.3844443,42.8218147
499,Ljeskovca,ljeskovca,hamlet,19.3895802,42.8206524
499,Rosov laz,rosov laz,hamlet,19.3847726,42.7828998
499,Vrta,vrta,hamlet,19.3703101,42.7919057
499,Ostružnje,ostruznje,hamlet,19.3767045,42.8037788
499,Crnine,crnine,hamlet,19.3911241,42.7802839
499,Kamena Gora,kamena gora,hamlet,19.3740867,42.7950234
499,Ravanca,ravanca,hamlet,19.379494,42.7994335
499,Ravno,ravno,hamlet,19.3820689,42.7906476
499,Zakrilje,zakrilje,hamlet,19.3752336,42.7810068
499,Raško,rasko,village,19.3893216,42.826758
499,Otročkovina,otrockovina,hamlet,19.4475148,42.7643768
499,Gornje Ravni,gornje ravni,hamlet,19.4397901,42.7732909
499,Donje Ravni,donje ravni,hamlet,19.44288,42.7660781
499,Duđevina,dudevina,village,19.403827,42.7643122
499,Simače,simace,village,19.425113,42.779591
499,Rudo Polje,rudo polje,hamlet,19.4125817,42.7720639
499,Mala,mala,hamlet,19.4170449,42.7520251
499,Tori,tori,hamlet,19.4777702,42.7591465
499,Dedovine,dedovine,hamlet,19.4527945,42.804706
499,Batrićevac,batricevac,hamlet,19.4468507,42.8087676
499,Šarote,sarote,hamlet,19.477106,42.809524
499,Dobre strane,dobre strane,hamlet,19.4739518,42.8030538
499,Trebežine,trebezine,hamlet,19.468523,42.8067368
499,Potesi,potesi,hamlet,19.4119176,42.7792925
499,Donji Zagradac,donji zagradac,hamlet,19.3863186,42.7588622
499,Barice,barice,hamlet,19.3989787,42.7653686
499,Gornji Zagradac,gornji zagradac,hamlet,19.3814907,42.7548596
499,Mrčava,mrcava,hamlet,19.4844446,42.7782688
499,Vranici,vranici,hamlet,19.1610265,43.2554165
499,Meki Do,meki do,hamlet,19.1747369,43.2518853
499,Jovići,jovici,hamlet,19.1590299,43.2627931
499,Moraice,moraice,hamlet,19.1347398,43.2719461
499,Volujače,volujace,hamlet,19.2231454,43.2611352
499,Duboki do,duboki do,hamlet,19.122789,43.3107589
499,Višnjica,visnjica,village,19.1833499,43.3135446
499,Popovača,popovaca,hamlet,19.2264928,43.2844748
499,Primet,primet,hamlet,19.230484,43.2900105
499,Mala,mala,hamlet,19.243616,43.2870678
499,Kakmuži,kakmuzi,hamlet,19.2414445,43.2958844
499,Neviđen,neviden,hamlet,19.1934115,43.3207734
499,Orašac,orasac,hamlet,19.2219009,43.2998433
499,Vrbov Lug,vrbov lug,hamlet,19.1980893,43.3280804
499,Zaorine,zaorine,hamlet,19.2333164,43.3041845
499,Poljana,poljana,hamlet,19.2185599,43.3050979
499,Donja Tikova,donja tikova,hamlet,19.2323787,43.348244
499,Plješevina,pljesevina,village,19.2115218,43.3450904
499,Donja Brvenica,donja brvenica,hamlet,19.2285124,43.3601057
499,Hoćevina,hocevina,hamlet,19.2475172,43.3238022
499,Brezova Ravan,brezova ravan,hamlet,19.233709,43.3307027
499,Gradina,gradina,hamlet,19.2041404,43.3352586
499,Šljivansko,sljivansko,hamlet,19.2237441,43.3274873
499,Gornja Tikova,gornja tikova,hamlet,19.2331511,43.3600691
499,Njivica,njivica,hamlet,19.1763741,43.3572297
499,Trnovice,trnovice,hamlet,19.1889054,43.3534852
499,Odžak,odzak,hamlet,19.2401893,43.3664979
499,Mentovići,mentovici,hamlet,19.2348678,43.3662779
499,Metaljka,metaljka,hamlet,19.2164571,43.3687129
499,Lučići,lucici,hamlet,19.1688882,43.346354
499,Lokvice,lokvice,hamlet,19.1434152,43.3396285
499,Dujovići,dujovici,hamlet,19.1615254,43.3571688
499,Markovići,markovici,hamlet,19.1572768,43.3520513
499,Vrba,vrba,village,19.1330296,43.3449032
499,Bijedići,bijedici,hamlet,19.1188247,43.3663934
499,Orlja,orlja,village,19.2014367,43.373422
499,Donja Orlja,donja orlja,hamlet,19.1837985,43.3721742
499,Korita,korita,hamlet,19.2103202,43.3722381
499,Šljuke,sljuke,hamlet,19.1275365,43.3612875
499,Lugovi,lugovi,hamlet,19.2231519,43.3734532
499,Skenderovina,skenderovina,hamlet,19.2349965,43.3718622
499,Zahum,zahum,hamlet,19.159723,43.3280477
499,Krvaci,krvaci,hamlet,19.155174,43.3443102
499,Rijeka,rijeka,hamlet,19.2263866,43.3137418
499,Malo Brdo,malo brdo,hamlet,19.2438607,43.3124842
499,Bare,bare,hamlet,19.1254358,43.3499277
499,Slatina,slatina,village,19.0877084,43.2717264
499,Kolijevka,kolijevka,hamlet,19.0981411,43.2999454
499,Mlađenovići,mladenovici,hamlet,19.0207647,43.2661954
499,Bailovići,bailovici,hamlet,19.0251421,43.2641642
499,Jakovac,jakovac,hamlet,19.0410594,43.2791925
499,Vukovići,vukovici,hamlet,19.0349225,43.285722
499,Jelov Panj,jelov panj,hamlet,19.1142333,43.2766922
499,Podkokot,podkokot,hamlet,19.1116766,43.2849425
499,Stančev do,stancev do,hamlet,19.0712718,43.2514749
499,Duboki Do,duboki do,hamlet,19.0793828,43.2786301
499,Radovića kolibe,radovica kolibe,hamlet,19.0764645,43.3076157
499,Jesenište,jeseniste,hamlet,19.0799836,43.2879415
499,Popov Do,popov do,village,19.1031622,43.3710518
499,Zaguline,zaguline,hamlet,19.1177105,43.3592897
499,Velika Gropa,velika gropa,hamlet,19.8935614,42.6201621
499,Markovići,markovici,hamlet,19.031997,42.3737467
499,Katun Asanac,katun asanac,hamlet,19.7459439,42.6569184
499,Seferova kosa,seferova kosa,hamlet,19.6621202,42.7834632
499,Vuči Do,vuci do,village,18.8523856,42.4668149
499,ruins of Katun Bakočevića,ruins of katun bakocevica,hamlet,19.6455918,42.6490566
499,Katun Dedića,katun dedica,hamlet,19.644181,42.6244036
499,Konjski Do,konjski do,hamlet,19.6272135,42.6302437
499,Prasnica,prasnica,hamlet,19.5873006,42.5605248
499,Katun Brljaka,katun brljaka,hamlet,19.5856913,42.5577056
499,Gornji Katun Dučića,gornji katun ducica,hamlet,19.5798725,42.5592859
499,Grudski katun,grudski katun,hamlet,19.5831217,42.5588059
499,Katun Nelevića,katun nelevica,hamlet,19.5832505,42.5663191
499,Katun Boškovića,katun boskovica,hamlet,19.5812093,42.5670302
499,Katun Kariman,katun kariman,hamlet,19.5712181,42.5642014
499,Katun Ljakovića,katun ljakovica,hamlet,19.5609767,42.6055387
499,Katun Ivanovića,katun ivanovica,hamlet,19.5582242,42.6013846
499,Katun Prelevića,katun prelevica,hamlet,19.557033,42.5943559
499,Brskutski katun,brskutski katun,hamlet,19.56087,42.6136106
499,Katun Radevića,katun radevica,hamlet,19.5792643,42.6052757
499,Katun Božovića,katun bozovica,hamlet,19.580702,42.6038227
499,Katun Bakočevića,katun bakocevica,hamlet,19.5758685,42.5980794
499,Stari Krivodoljski katun,stari krivodoljski katun,hamlet,19.6013411,42.5938211
499,Katun Đokin Do,katun dokin do,hamlet,19.5982108,42.5910428
499,Katun Rupa Popovića,katun rupa popovica,hamlet,19.5798648,42.5859382
499,Katun Rupa Ljakina,katun rupa ljakina,hamlet,19.5732936,42.5884009
499,Katun Kostrovića,katun kostrovica,hamlet,19.5893532,42.5692519
499,Katun Rašovića,katun rasovica,hamlet,19.59439,42.5671642
499,Katun Perovića,katun perovica,hamlet,19.5921106,42.5679699
499,Stari Katun Jokanovića,stari katun jokanovica,hamlet,19.5944597,42.5723948
499,Katun Jokanovića,katun jokanovica,hamlet,19.5969005,42.5727741
499,Katun Vujoševića,katun vujosevica,hamlet,19.6043601,42.5682558
499,Katun Glavatovića,katun glavatovica,hamlet,19.6009162,42.5674969
499,Bindža Krivodoljska,bindza krivodoljska,hamlet,19.6311082,42.6310406
499,Katun Čarapića,katun carapica,hamlet,19.6336614,42.6376472
499,Koljati,koljati,hamlet,19.6407687,42.6376393
499,ruins of Katun Vuksanovića,ruins of katun vuksanovica,hamlet,19.6433143,42.6597881
499,ruins of Katun Ljakovića,ruins of katun ljakovica,hamlet,19.6419328,42.6621412
499,ruins of Katun Milačića,ruins of katun milacica,hamlet,19.6348893,42.6661885
499,ruins of Katun Ivanovića,ruins of katun ivanovica,hamlet,19.6392828,42.664571
499,ruins of Lješanski katun,ruins of ljesanski katun,hamlet,19.6457068,42.6457899
499,Stupče brdo,stupce brdo,hamlet,20.0205639,42.8377249
499,Pod Čair,pod cair,hamlet,19.8829738,42.8063727
499,Ledine,ledine,hamlet,19.8865306,42.8101939
499,Glavica,glavica,hamlet,19.8948608,42.8140301
499,Gornja Rakita,gornja rakita,hamlet,19.6634701,42.9697091
499,Rapušica,rapusica,hamlet,19.6700748,42.9507387
499,Paljike,paljike,hamlet,19.6846016,42.9578365
499,Đurđevice,durdevice,hamlet,19.6518819,42.9639929
499,Odolje,odolje,hamlet,19.6380524,42.9917209
499,Ravče Polje,ravce polje,hamlet,19.7381288,42.9919885
499,Vagani Kaljića,vagani kaljica,hamlet,19.6955783,42.9373607
499,Stožina,stozina,hamlet,19.6970374,42.9413507
499,Kofilovica,kofilovica,hamlet,19.7410256,42.8888318
499,Ostrikovac,ostrikovac,hamlet,19.7347171,42.924525
499,Jablanov do,jablanov do,hamlet,19.7299106,42.9041583
499,Lainska,lainska,hamlet,19.69369,42.9034188
499,Drenovača,drenovaca,hamlet,19.6730392,43.0039576
499,Kruševo,krusevo,hamlet,19.73946,43.0015989
499,Buče,buce,hamlet,19.7069691,43.0064008
499,Boroševine,borosevine,hamlet,19.6933027,43.0055692
499,Krstac,krstac,hamlet,19.7009824,43.0072003
499,Šumane,sumane,hamlet,19.7276458,43.0052749
499,Muminov krš,muminov krs,hamlet,19.7102522,43.0013644
499,Crnionica,crnionica,hamlet,19.7210239,43.0043774
499,Papratine,papratine,hamlet,19.6767299,43.0083026
499,Petolik,petolik,hamlet,19.632098,43.0084595
499,Palska Luka,palska luka,hamlet,19.6618168,43.0055417
499,Brojenovac,brojenovac,hamlet,19.6246951,43.0108445
499,Tustvo,tustvo,hamlet,19.6500151,43.0214032
499,Toševina,tosevina,hamlet,19.6650859,43.0132255
499,Žaljevo,zaljevo,hamlet,19.627506,43.0325561
499,Poznanovići,poznanovici,hamlet,19.6416037,43.0464043
499,Bučje,bucje,hamlet,19.6499722,43.043769
499,Duga Njiva,duga njiva,hamlet,19.6462815,43.0334651
499,Lopari,lopari,hamlet,19.6905701,43.0388603
499,Barice,barice,hamlet,19.6972842,43.0431731
499,Bučje,bucje,hamlet,19.6705501,43.0481919
499,Okladi,okladi,hamlet,19.6908061,43.0467806
499,Zapotočje,zapotocje,hamlet,19.7054027,43.034105
499,Jusovina,jusovina,hamlet,19.7142637,43.0262631
499,Ćokovići,cokovici,hamlet,19.6956534,43.0268937
499,Begovina,begovina,hamlet,19.6937968,43.0215035
499,Bijele vode,bijele vode,hamlet,19.6825685,43.0294662
499,Gužvine,guzvine,hamlet,19.7044361,43.0273282
499,Pepići,pepici,hamlet,19.6987841,43.0148752
499,Vranjevice,vranjevice,hamlet,19.7196249,43.0292152
499,Barice,barice,hamlet,19.7152078,43.0160331
499,Pape,pape,hamlet,19.6544023,43.0486533
499,Magovac,magovac,hamlet,19.7320746,43.0657951
499,Lećevište,leceviste,hamlet,19.7422241,43.074824
499,Livadice,livadice,hamlet,19.7248219,43.0685854
499,Stankovo Brdo,stankovo brdo,hamlet,19.731109,43.0696983
499,Krokočevo,krokocevo,hamlet,19.7191142,43.0616407
499,Priještrelj,prijestrelj,hamlet,19.7355636,43.0528646
499,Banje Selo,banje selo,hamlet,19.7193717,43.0538799
499,Đapanov grob,dapanov grob,hamlet,19.712527,43.0514801
499,Tiča,tica,hamlet,19.7261308,43.0573292
499,Dobre Vode,dobre vode,hamlet,19.7266802,43.0802971
499,Dubrave,dubrave,hamlet,19.7379755,43.0787267
499,Kukulje,kukulje,village,19.7377359,43.0853594
499,Stupa,stupa,hamlet,19.7333106,43.1157853
499,Gubce,gubce,hamlet,19.7208222,43.1051966
499,Raičevići,raicevici,hamlet,19.7224959,43.1127152
499,Kovačevići,kovacevici,hamlet,19.7244056,43.1066371
499,Sela,sela,hamlet,19.7111448,43.0845293
499,Čeoče,ceoce,hamlet,19.6935313,43.0707368
499,Skočigorina,skocigorina,hamlet,19.6747419,43.0720966
499,Glibavac,glibavac,hamlet,19.655165,43.0562357
499,Pavlovića most,pavlovica most,hamlet,19.628624,43.0920183
499,Kiprenik,kiprenik,hamlet,19.696147,43.0571129
499,Vukići,vukici,hamlet,19.6709814,43.123539
499,Savkovine,savkovine,hamlet,19.6811523,43.1126674
499,Bregovi,bregovi,hamlet,19.6766741,43.1018549
499,Ujniče,ujnice,village,19.6983571,43.1003555
499,Suševina,susevina,hamlet,19.6811094,43.0916751
499,Guvnjača,guvnjaca,hamlet,19.6760883,43.0988499
499,Dedovina,dedovina,hamlet,19.7100708,43.102046
499,Lazovi,lazovi,hamlet,19.6700373,43.0805157
499,Žujovića ornice,zujovica ornice,hamlet,19.6756592,43.0787306
499,Koševine,kosevine,hamlet,19.7066376,43.1186524
499,Muslić,muslic,village,19.6324413,43.0850927
499,Vranštica,vranstica,hamlet,19.6325486,43.0812688
499,Tomaševo,tomasevo,village,19.6386619,43.0690125
499,Potrk,potrk,village,19.6256199,43.0569726
499,Drndari,drndari,hamlet,19.6490924,43.0736985
499,Čokrlje,cokrlje,village,19.6289934,43.0991485
499,Rakonjska,rakonjska,hamlet,19.6584501,43.117993
499,Solila,solila,hamlet,19.6657028,43.1102237
499,Mijajlovina,mijajlovina,hamlet,19.6676769,43.110006
499,Podlisa,podlisa,hamlet,19.6848431,43.1199352
499,Selakovići,selakovici,village,19.645745,43.0898888
499,Babaići,babaici,village,19.6255962,43.1184018
499,Dobro brdo,dobro brdo,hamlet,19.7105429,43.1242281
499,Popratnica,popratnica,hamlet,19.4976659,43.0163198
499,Lugovi,lugovi,hamlet,19.5423386,43.0156608
499,Burenski Do,burenski do,hamlet,19.540299,43.0257018
499,Brezovac,brezovac,village,19.6129365,43.0092593
499,Podbrezovići,podbrezovici,hamlet,19.5320389,43.0031725
499,Jakovovići,jakovovici,hamlet,19.5198724,43.0157244
499,Potok,potok,hamlet,19.5112271,43.0151603
499,Gradina,gradina,hamlet,19.5030957,43.0385933
499,Prošćenje,proscenje,village,19.5098763,43.0218726
499,Vrelo,vrelo,hamlet,19.5892633,43.0207431
499,Meki Do,meki do,hamlet,19.5301506,43.0404611
499,Mrdovica,mrdovica,hamlet,19.4965286,43.0409622
499,Fuštići,fustici,hamlet,19.5602987,43.0379981
499,Rudo polje,rudo polje,hamlet,19.5455358,43.0531786
499,Golubnjak,golubnjak,hamlet,19.5019799,43.0704221
499,Katuni,katuni,hamlet,19.5431293,43.0643728
499,Zurnovice,zurnovice,hamlet,19.6005929,43.0288704
499,Sokolovica,sokolovica,hamlet,19.6082319,43.0330725
499,Podovi,podovi,hamlet,19.6124376,43.0264532
499,Rutovića vrhovi,rutovica vrhovi,hamlet,19.6170295,43.0329172
499,Obod,obod,hamlet,19.5902074,43.0262665
499,Cernica,cernica,hamlet,19.6115793,43.042296
499,Breza,breza,hamlet,19.5901645,43.0459953
499,Uljari,uljari,hamlet,19.6054424,43.0501367
499,Njive,njive,hamlet,19.5882762,43.0568773
499,Srednje Selo,srednje selo,hamlet,19.6061719,43.0639024
499,Suva Gora,suva gora,hamlet,19.5664752,43.0644966
499,Srebrenica,srebrenica,hamlet,19.5760454,43.0626467
499,Grad,grad,hamlet,19.6169244,43.0548876
499,Klisurice,klisurice,hamlet,19.5657478,43.0557178
499,Ska,ska,hamlet,19.5971597,43.0569713
499,ŽAR,zar,hamlet,19.6034275,43.0108621
499,Šljemena,sljemena,hamlet,19.5548688,43.0717552
499,Gola Šljemena,gola sljemena,hamlet,19.547423,43.071912
499,Kremenjača,kremenjaca,hamlet,19.5862195,43.0764113
499,Vukanovići,vukanovici,hamlet,19.6163879,43.0752663
499,Sokolac,sokolac,village,19.5764992,43.093649
499,Jelića dolina,jelica dolina,hamlet,19.5754692,43.0963754
499,Alića polje,alica polje,hamlet,19.5863054,43.0969552
499,Mrčajevac,mrcajevac,hamlet,19.5528958,43.0828834
499,Pisana Jela,pisana jela,hamlet,19.5490977,43.0872087
499,Kosovo polje,kosovo polje,hamlet,19.6093509,43.1064816
499,Rasulje,rasulje,hamlet,19.5584748,43.1074834
499,Stožer,stozer,village,19.5270629,43.1130609
499,Koritnik,koritnik,hamlet,19.5126658,43.1173668
499,Dolovi,dolovi,hamlet,19.5524237,43.1180576
499,Prisjeka,prisjeka,hamlet,19.5970546,43.1238518
499,Ljutac,ljutac,hamlet,19.5582816,43.120266
499,Vitkove Staje,vitkove staje,hamlet,19.5797178,43.1138277
499,Paljkovac,paljkovac,hamlet,19.5157525,43.1016406
499,Vranovina,vranovina,hamlet,19.5076008,43.1024396
499,Kameno Polje,kameno polje,hamlet,19.5262882,43.0800467
499,Barice,barice,hamlet,19.5108205,43.0783234
499,Đurino Brdo,durino brdo,hamlet,19.5516727,43.1242755
499,Pobornice,pobornice,hamlet,19.5021505,43.115943
499,Borjanica,borjanica,hamlet,19.5062918,43.1205158
499,Čokrlije,cokrlije,hamlet,19.6163665,43.1093006
499,Kulića brdo,kulica brdo,hamlet,19.5668883,43.1193733
499,Grubanova Gora,grubanova gora,hamlet,19.5800615,43.1309947
499,Bukovi Kraj,bukovi kraj,hamlet,19.583602,43.1382909
499,Bijeli Potok,bijeli potok,hamlet,19.6144131,43.1393251
499,Pantove krlje,pantove krlje,hamlet,19.5897389,43.1437403
499,Jelov Kraj,jelov kraj,hamlet,19.5582605,43.130384
499,Tegovina,tegovina,hamlet,19.5330263,43.1289425
499,Kršanje,krsanje,hamlet,19.5570567,43.1367423
499,Ramova livada,ramova livada,hamlet,19.5481732,43.1385109
499,Klještine,kljestine,hamlet,19.5163966,43.1298351
499,Ponikvice,ponikvice,hamlet,19.5304964,43.1460089
499,Mramor,mramor,hamlet,19.5677019,43.1526012
499,Draškovina,draskovina,hamlet,19.6162574,43.1748596
499,Ribarevine,ribarevine,hamlet,19.7449054,42.9941808
499,Podovi,podovi,hamlet,19.5390858,43.1556767
499,Ornice,ornice,hamlet,19.5367255,43.1523253
499,Bliškovo,bliskovo,village,19.5517458,43.1563013
499,Slatka,slatka,hamlet,19.520247,43.1740643
499,Vidića Brdo,vidica brdo,hamlet,19.5054305,43.1678922
499,Bare,bare,hamlet,19.5721317,43.1724368
499,Donje Gorice,donje gorice,hamlet,19.547906,43.1814508
499,Orlujica,orlujica,hamlet,19.5727325,43.187505
499,Vlaodo,vlaodo,hamlet,19.5683144,43.1694337
499,Bajića gaj,bajica gaj,hamlet,19.5993615,43.1767088
499,Kokotovina,kokotovina,hamlet,19.5912934,43.1809493
499,Pavlovina,pavlovina,hamlet,19.5891262,43.1780233
499,Vodno,vodno,hamlet,19.5022441,43.1822175
499,Gornje Gorice,gornje gorice,hamlet,19.5403733,43.1962039
499,Kruščice,kruscice,hamlet,19.5538916,43.1929485
499,Breza,breza,hamlet,19.5071568,43.2093409
499,Stupovi,stupovi,hamlet,19.5471764,43.1967819
499,Stuga,stuga,hamlet,19.562583,43.1983461
499,Pjasci,pjasci,hamlet,19.5148494,43.2316624
499,Mala lokva,mala lokva,hamlet,19.58668,43.207027
499,Nedića ornice,nedica ornice,hamlet,19.5859504,43.2192564
499,Jerinin grad,jerinin grad,hamlet,19.5087672,43.2366892
499,Раћево,ratshevo,hamlet,19.5597686,43.2307345
499,Donja Kozica,donja kozica,hamlet,19.5046248,43.2412686
499,Kozica,kozica,hamlet,19.520246,43.2435507
499,Smećeva kosa,smeceva kosa,hamlet,19.5565202,43.2368526
499,Bjeloborika,bjeloborika,hamlet,19.5217169,43.2323518
499,Pjanovo brdo,pjanovo brdo,hamlet,19.5250343,43.2452568
499,Jelovac,jelovac,hamlet,19.5002045,43.2472082
499,Osječki vrh,osjecki vrh,hamlet,19.4910861,43.1462832
499,Suvodanj,suvodanj,hamlet,19.6034599,43.228763
499,Дуга,duga,hamlet,19.6105302,43.2329928
499,Dauti,dauti,hamlet,19.6064854,43.2084667
499,Šabovina,sabovina,hamlet,19.6173216,43.1997547
499,Grab,grab,village,19.6119132,43.1896632
499,Breźe,breze,hamlet,19.5958735,43.1637752
499,Pobrnjica,pobrnjica,hamlet,19.5680333,43.1958589
499,Vergaševići,vergasevici,hamlet,19.5829464,43.1915264
499,Polje,polje,hamlet,19.4872977,43.1676879
499,Zebiće,zebice,hamlet,19.7232686,43.1291006
499,Mahala,mahala,hamlet,19.7272758,43.138283
499,Ograde,ograde,hamlet,19.7386945,43.1272988
499,Metalica,metalica,hamlet,19.737082,43.1384075
499,Johovac,johovac,hamlet,19.7214193,43.1342781
499,Gornje Selo,gornje selo,hamlet,19.7174053,43.1398644
499,Johovac,johovac,hamlet,19.7148518,43.1346025
499,Zakriževac,zakrizevac,hamlet,19.7256665,43.1450937
499,Kozarevci,kozarevci,hamlet,19.7005631,43.1379072
499,Korijen,korijen,hamlet,19.6688981,43.1329685
499,Busine,busine,hamlet,19.6779961,43.1264696
499,Gudure,gudure,hamlet,19.6653008,43.1299648
499,Grnčarevo,grncarevo,hamlet,19.6594867,43.1325305
499,Zaglavci,zaglavci,hamlet,19.7085915,43.1531498
499,Voljavac,voljavac,hamlet,19.7275977,43.155112
499,Dolina,dolina,hamlet,19.7277908,43.1575703
499,Ravni,ravni,hamlet,19.7161178,43.160153
499,Vukov Do,vukov do,hamlet,19.7067247,43.1599738
499,Dobrinje,dobrinje,village,19.7215949,43.1543395
499,Selišta,selista,hamlet,19.671753,43.1585165
499,Jasika,jasika,hamlet,19.6683627,43.1585165
499,Grubešići,grubesici,hamlet,19.6484929,43.1443994
499,Mahala,mahala,hamlet,19.6331292,43.1400155
499,Krstače,krstace,hamlet,19.6242446,43.1565779
499,Breza,breza,hamlet,19.6729106,43.168862
499,Fazlovići,fazlovici,hamlet,19.6826524,43.1698167
499,Breza,breza,hamlet,19.651454,43.1841798
499,Bjelosave,bjelosave,hamlet,19.6669036,43.1782028
499,Kičava,kicava,village,19.667734,43.1668964
499,Meki do,meki do,hamlet,19.6655453,43.1850482
499,Medovo brdo,medovo brdo,hamlet,19.6483212,43.1768571
499,Parazlame,parazlame,village,19.6302539,43.1879989
499,Krušnica,krusnica,hamlet,19.6240311,43.2154029
499,Alilovići,alilovici,hamlet,19.6387511,43.1309007
499,Zelenkov kamen,zelenkov kamen,hamlet,20.0917292,42.9422631
499,Sedleni do,sedleni do,hamlet,19.0521384,43.0926075
499,Rbatina,rbatina,hamlet,19.0396521,43.1373127
499,Kobilji do,kobilji do,hamlet,19.0453813,43.1424483
499,Radulova koliba,radulova koliba,hamlet,19.0673518,43.1362941
499,Sirni do,sirni do,hamlet,19.0385793,43.1598396
499,Jablan bara,jablan bara,hamlet,19.0676252,43.1675407
499,Ivan Do,ivan do,hamlet,19.0971826,43.1523264
499,Kužni do,kuzni do,hamlet,19.1056155,43.1519194
499,Poljana,poljana,hamlet,19.1022681,43.1243154
499,Ivov rt,ivov rt,hamlet,19.1014527,43.1279174
499,Ivan glavica,ivan glavica,hamlet,19.0258594,43.0970899
499,Katun pod ploču,katun pod plocu,hamlet,19.0351506,43.0895538
499,Valoviti do,valoviti do,hamlet,19.0507267,43.1118328
499,Krsta,krsta,hamlet,19.0589879,43.0970437
499,Poljica,poljica,hamlet,19.1068386,43.0816547
499,Duboki do,duboki do,hamlet,19.0101739,43.1089183
499,Škrka,skrka,hamlet,19.0052601,43.1338845
499,Jatare,jatare,hamlet,18.9925357,43.1527655
499,Zlatica,zlatica,hamlet,18.9998506,43.1673698
499,Pirine doline,pirine doline,hamlet,19.0272274,43.1697548
499,Crni klek,crni klek,hamlet,19.0712832,43.1810294
499,Katun Veliki Štuoc,katun veliki stuoc,hamlet,19.0605329,43.1813901
499,Barske kolibe,barske kolibe,hamlet,19.0687941,43.1444221
499,Mušova koliba,musova koliba,hamlet,19.0724998,43.1454006
499,Žlijeb,zlijeb,hamlet,19.0051913,43.1131265
499,Potpeće,potpece,village,19.3499658,43.2577333
499,Krš i livadeve,krs i livadeve,hamlet,19.8985023,42.5984537
499,Tomovi Lazi,tomovi lazi,hamlet,19.9046277,42.6329565
499,Odžak,odzak,village,19.3575321,43.2716576
499,Kosić,kosic,village,19.1476861,42.5335479
499,Donje Mrke,donje mrke,village,19.3371346,42.5119007
499,Katava Novosela,katava novosela,hamlet,19.0496136,43.157452
499,Kraljevo Kolo,kraljevo kolo,hamlet,19.5758826,42.9156758
499,Katun Tusta,katun tusta,hamlet,19.6667937,42.8331911
499,Bišnat,bisnat,hamlet,19.7397312,42.6360579
499,Gač - Gaçi,gac - gaci,hamlet,19.2731538,41.9585862
499,Paljevine,paljevine,hamlet,19.8820905,42.784542
499,Katunište,katuniste,hamlet,19.6785387,42.7614754
499,ruins of Katun Gornji Mojan,ruins of katun gornji mojan,hamlet,19.6798824,42.6385762
499,Berovë,berove,hamlet,19.7067386,42.6523012
499,Mareza,mareza,hamlet,19.1901297,42.4722492
499,Vučevo,vucevo,village,18.820138,43.3323578
499,Šapići,sapici,hamlet,19.0144318,43.5442768
499,Šarena ploča,sarena ploca,hamlet,19.8384675,42.8538039
499,Rijeke - Pažanja,rijeke - pazanja,hamlet,19.7872576,42.831124
499,Poljana,poljana,hamlet,19.7811004,42.8310929
499,Konjsko,konjsko,hamlet,19.789782,42.8304177
499,Berislavci,berislavci,village,19.2178975,42.3035117
499,Dubrava,dubrava,hamlet,19.2656182,42.3399337
499,Veliqi,veliqi,hamlet,19.3076914,42.0836551
499,Rastiš - Rastish,rastis - rastish,village,19.3347535,42.0405725
499,Gornji Rastiš,gornji rastis,hamlet,19.3377965,42.0477575
499,Gigovići,gigovici,hamlet,19.2672471,41.9800623
499,Zatrijebački katuni,zatrijebacki katuni,hamlet,19.5313342,42.4778993
499,Rastoci,rastoci,hamlet,19.7202552,42.8197754
499,Krstac,krstac,village,18.9097616,42.2211083
499,Ratac,ratac,hamlet,19.0657974,42.1252733
499,Petovica Zabio,petovica zabio,hamlet,19.1498898,41.9953194
499,Vranovići,vranovici,village,18.7310853,42.3616069
499,Lastva,lastva,hamlet,18.5864184,42.4744568
499,Kaluđerovina,kaluderovina,hamlet,18.67943,42.4039812
499,Nova Peć,nova pec,hamlet,18.6879638,42.4029997
499,Zaljevo,zaljevo,village,19.12698,42.0692591
499,Kunje,kunje,village,19.1764367,42.0114125
499,Donji Marovići,donji marovici,hamlet,19.11428,42.1034424
499,Mirište,miriste,hamlet,18.5824308,42.3937335
499,Mišići,misici,village,19.0129674,42.1646995
499,Blizikuće,blizikuce,village,18.906942,42.2457001
499,Buljarica,buljarica,village,18.9652623,42.1999711
499,Gornji Šćepoševići,gornji sceposevici,hamlet,18.4628068,42.4849717
499,Grahovača,grahovaca,hamlet,20.1612643,42.8742625
499,Laz,laz,hamlet,19.6858128,42.8905244
499,Novo naselje,novo naselje,hamlet,18.6707784,42.392677
499,Malovići,malovici,hamlet,18.6529788,42.4579903
499,Bartula,bartula,village,19.1338337,42.0834199
499,Bjeliši,bjelisi,village,19.1041585,42.0952483
499,Brca,brca,village,19.0671192,42.1321157
499,Bukovik,bukovik,village,19.0275426,42.2311032
499,Ahmetov Brijeg,ahmetov brijeg,hamlet,19.1106974,42.1026178
499,Gornji Bjeliši,gornji bjelisi,hamlet,19.1072203,42.1045798
499,Popovići,popovici,hamlet,19.110809,42.0893809
499,Rena,rena,hamlet,19.1119517,42.0965319
499,Ronkula,ronkula,hamlet,19.113772,42.0873243
499,Donja Čeluga,donja celuga,hamlet,19.119488,42.0852248
499,Gornja Čeluga,gornja celuga,hamlet,19.1271502,42.0880222
499,Čeluga,celuga,village,19.1237899,42.0866544
499,Jankovići,jankovici,hamlet,19.1375914,42.054831
499,Dapčevići,dapcevici,hamlet,19.19947,42.0425015
499,Lunje,lunje,hamlet,19.2000774,42.0505736
499,Vulići,vulici,hamlet,19.2114863,42.0423368
499,Leskovac,leskovac,village,19.2199279,42.0308763
499,Dabezići,dabezici,village,19.2121016,42.0308312
499,Boškovići,boskovici,hamlet,19.1590468,42.0513278
499,Nišice,nisice,hamlet,19.1425032,42.0436674
499,Pješkeze,pjeskeze,hamlet,19.1503634,42.0359314
499,Rolovići,rolovici,hamlet,19.0099415,42.2432214
499,Gojnići,gojnici,hamlet,19.013408,42.244277
499,Donja Poda,donja poda,village,19.1439075,42.0716934
499,Đinđinovići,dindinovici,village,19.0468576,42.148616
499,Rutke,rutke,hamlet,19.0462076,42.1472252
499,Bijelo Polje,bijelo polje,hamlet,19.0043607,42.2118245
499,Fijernje,fijernje,hamlet,19.0256296,42.2142523
499,Donje Selo,donje selo,hamlet,19.0454773,42.2067979
499,Reljići,reljici,hamlet,19.0568563,42.20077
499,Srednja Mah,srednja mah,hamlet,19.05136,42.1966322
499,Jasen,jasen,hamlet,19.0388981,42.1977986
499,Gluhi Do,gluhi do,village,19.0513615,42.1991022
499,Gornja Poda,gornja poda,village,19.1553642,42.0683718
499,Brkanovići,brkanovici,hamlet,19.1735181,42.0414292
499,Grdovići,grdovici,village,19.1853229,42.0305367
499,Relja,relja,hamlet,19.0841203,42.2937408
499,Raduš,radus,hamlet,19.15944,42.2247348
499,Gornje Krnjice,gornje krnjice,hamlet,19.16842,42.2134492
499,Donje Krnjice,donje krnjice,hamlet,19.1771176,42.209943
499,Brod,brod,hamlet,19.1833437,42.2108177
499,Alići,alici,hamlet,19.1739308,42.0153671
499,Duškići,duskici,hamlet,19.1937652,42.0096235
499,Karastanovići,karastanovici,hamlet,19.176531,42.002213
499,Kaplanovići,kaplanovici,hamlet,19.1830299,42.0074924
499,Komina,komina,hamlet,19.161733,42.0222648
499,Dolaza,dolaza,hamlet,19.1007484,42.1547392
499,Baša,basa,hamlet,19.1008926,42.1590133
499,Sutorman,sutorman,hamlet,19.1119803,42.1515119
499,Donji Kraj,donji kraj,hamlet,19.0867396,42.2067763
499,Sredina Sela,sredina sela,hamlet,19.094285,42.1942555
499,Karuči,karuci,hamlet,19.1067102,42.1853936
499,Donjepolje,donjepolje,hamlet,19.2155741,42.1298401
499,Mačuge,macuge,village,19.0318622,42.2309689
499,Mala Gorana,mala gorana,village,19.2011743,42.0023098
499,Kaluđerovići,kaluderovici,hamlet,18.7974565,42.3303826
499,Kralj,kralj,hamlet,18.7968175,42.3274068
499,Crkvice,crkvice,hamlet,18.6292621,42.5621818
499,Maxhurajt,maxhurajt,hamlet,19.3110075,42.0810591
499,Vučedabići,vucedabici,hamlet,19.1669025,42.1995094
499,Marstijepovići,marstijepovici,village,19.1678019,42.1939293
499,Runja,runja,hamlet,19.2889264,42.0953102
499,Pobrđe,pobrde,hamlet,19.0497293,42.1419573
499,Miljevci,miljevci,village,19.051561,42.142599
499,Biserna Obala,biserna obala,hamlet,19.0067269,42.1615993
499,Kufin,kufin,hamlet,19.0075884,42.1715135
499,Peroći,peroci,hamlet,19.0179448,42.1602106
499,Rudinske kolibe,rudinske kolibe,hamlet,18.71105,43.2469725
499,Ovtočići,ovtocici,village,18.9889081,42.2574465
499,Jelići,jelici,hamlet,19.0448392,42.1521464
499,Papani,papani,village,19.0422643,42.1543735
499,Ivanovići,ivanovici,hamlet,18.8707639,42.2927293
499,Boreti,boreti,village,18.8633493,42.2830463
499,Ravanj,ravanj,hamlet,19.1606837,42.0274333
499,Bištine,bistine,hamlet,19.153952,42.0329762
499,Bijela Glavica,bijela glavica,hamlet,19.1450514,42.0370183
499,Spahići,spahici,hamlet,19.226462,42.0085978
499,Vukići,vukici,hamlet,19.2222389,42.0178191
499,Pelinkovići,pelinkovici,village,19.2364862,42.0056279
499,Murvice,murvice,hamlet,19.0998123,42.0858085
499,Kapljeva,kapljeva,hamlet,19.1032472,42.0781704
499,Pristan,pristan,hamlet,19.147769,42.229502
499,Seoca,seoca,village,19.1390358,42.2140034
499,Popov Do,popov do,hamlet,19.0584766,42.1687444
499,Martinići,martinici,hamlet,19.0723849,42.167327
499,Sozina,sozina,village,19.0657815,42.1680414
499,Baukovo,baukovo,hamlet,19.1307145,42.0908662
499,Belveder,belveder,hamlet,19.1282726,42.0906515
499,Brbot,brbot,hamlet,19.135263,42.0952247
499,Gornja Rena,gornja rena,hamlet,19.1240333,42.092021
499,Gretva,gretva,hamlet,19.1304394,42.094018
499,Podgrad,podgrad,hamlet,19.1339912,42.090046
499,Kamenovo,kamenovo,hamlet,18.8909949,42.2729604
499,Divanovići,divanovici,hamlet,18.8913315,42.27476
499,Vrijesno,vrijesno,hamlet,18.895223,42.2732589
499,Podličak,podlicak,hamlet,18.8976759,42.270234
499,Smokov vijenac,smokov vijenac,hamlet,18.907463,42.2338434
499,Rijeka Reževići,rijeka rezevici,village,18.9095004,42.2266651
499,Tudorovići,tudorovici,village,18.9118979,42.2456727
499,Perazića Do,perazica do,hamlet,18.9266503,42.2123664
499,Prijevorac,prijevorac,hamlet,18.9559075,42.2031639
499,Bačvice,bacvice,hamlet,18.9599319,42.2055169
499,Đurovići,durovici,hamlet,18.97682,42.1978877
499,Mandarići,mandarici,hamlet,19.1099273,42.1100475
499,Podsustaš,podsustas,hamlet,19.1151865,42.1145742
499,Sustaš,sustas,village,19.1217771,42.112597
499,Mirošica,mirosica 1,hamlet,19.0442993,42.1420475
499,Mirošica,mirosica 2,hamlet,19.0402803,42.1449613
499,Staro Sutomore,staro sutomore,hamlet,19.0481267,42.1399356
499,Zelen,zelen,hamlet,19.0625376,42.1324655
499,Bukova Šuma,bukova suma,hamlet,19.1855574,43.5251043
499,Madžari,madzari,hamlet,19.0676041,42.127879
499,Katun Štedim,katun stedim,hamlet,20.2058468,42.7624638
499,Glođanski stanovi,glodanski stanovi,hamlet,20.2011917,42.7495335
499,Katun Kalač,katun kalac,hamlet,20.092784,42.89219
499,Ržanov Do,rzanov do,hamlet,20.1042001,42.9310305
499,Katun Honsića,katun honsica,hamlet,20.1040847,42.9421477
499,Mukovići,mukovici,hamlet,20.2133751,42.906643
499,Carević,carevic,hamlet,19.0987516,42.1227919
499,Glavanovići,glavanovici,hamlet,19.079752,42.1210363
499,Gromanići,gromanici,hamlet,19.1054883,42.1178263
499,Paladini,paladini,hamlet,19.079299,42.1272632
499,Vitići,vitici,hamlet,19.0825038,42.1222119
499,Zeleni pojas,zeleni pojas,hamlet,19.0810204,42.1176874
499,Perjakovići,perjakovici,hamlet,19.0970405,42.1217287
499,Peranovići,peranovici,hamlet,19.0776803,42.1220913
499,Tomba,tomba,village,19.1252379,42.0785896
499,Donja Tomba,donja tomba,hamlet,19.1194863,42.0773615
499,Gornja Tomba,gornja tomba,hamlet,19.1289855,42.0773005
499,Tomići,tomici,village,18.9994001,42.2524538
499,Trnovo,trnovo,village,19.0351994,42.2951229
499,Gornje Selo,gornje selo,hamlet,19.1474902,42.1340218
499,Višnjica,visnjica,hamlet,18.9503544,42.2874315
499,Velembusi,velembusi,village,19.1300824,42.1002648
499,Biskupada,biskupada,hamlet,19.1158023,42.0943439
499,Gornji Marovići,gornji marovici,hamlet,19.1164951,42.1044468
499,Veliki Mikulići,veliki mikulici,village,19.1896808,42.078948
499,Ostrosi i Madh,ostrosi i madh,village,19.3211856,42.0793789
499,Nikezići,nikezici,hamlet,19.2133888,41.9969358
499,Metanovići,metanovici,hamlet,19.2292954,41.987164
499,Velja Gorana,velja gorana,village,19.2495997,41.98585
499,Velje Selo,velje selo,village,19.1978477,42.0338198
499,Brežani,brezani,hamlet,19.0330197,42.1579061
499,Bjelila,bjelila,hamlet,19.0293514,42.1558843
499,Donje Zaljevo,donje zaljevo,hamlet,19.1203939,42.071822
499,Gornje Zaljevo,gornje zaljevo,hamlet,19.1301009,42.068759
499,Zankovići,zankovici,village,19.0501382,42.1467183
499,Gorelac,gorelac,hamlet,19.0484935,42.1455226
499,Zgrade,zgrade,village,19.0409747,42.1511675
499,Zupci,zupci,village,19.1198196,42.1287772
499,Glavatske Kućice,glavatske kucice,hamlet,18.7870318,42.3124381
499,Svinjišta,svinjista,hamlet,18.817154,42.3027726
499,Podlastva,podlastva,hamlet,18.8077976,42.3066709
499,Mracelji,mracelji,village,19.0345607,42.3424909
499,Bajraktari,bajraktari,hamlet,19.1947956,42.0448354
499,Knežlaz,knezlaz,hamlet,18.676926,42.5427212
499,Dubrava,dubrava,hamlet,19.4498269,43.2579044
499,Razdolje,razdolje,hamlet,19.4683438,43.2559823
499,Klade,klade,hamlet,19.4795447,43.2555775
499,Potok,potok,hamlet,19.4687311,43.2663745
499,Komarice,komarice,village,19.4470374,43.2696705
499,Goveđe Brdo,govede brdo,hamlet,19.4571439,43.2562792
499,Ćirovići,cirovici,village,19.4306437,43.2551548
499,Gačevića Dolina,gacevica dolina,village,19.4344846,43.2781226
499,Dubočica,dubocica,village,19.4120677,43.2752981
499,Kartali,kartali,hamlet,19.4454608,43.2640053
499,Milanojevica,milanojevica,hamlet,19.416782,43.2711079
499,Мијајловица,mijajlovitsa,hamlet,19.4653018,43.3481528
499,Šarac,sarac,village,19.4369093,43.2722953
499,Gačevići,gacevici,village,19.4436685,43.267687
499,Breza,breza,village,19.4752971,43.2642956
499,Vujkovići,vujkovici,village,19.4658976,43.2805127
499,Roganice,roganice,village,19.4736653,43.2748262
499,Vukovo Brdo,vukovo brdo,village,19.4922047,43.2701095
499,Kneževići,knezevici,village,19.457852,43.2917894
499,Zekavice,zekavice,village,19.382689,43.269983
499,Potpeće,potpece,hamlet,19.3735481,43.2653541
499,Krš,krs,hamlet,19.4462853,43.2852004
499,Šarančići,sarancici,hamlet,19.4199352,43.3306036
499,Podkrš,podkrs,hamlet,19.4090047,43.3359498
499,Podlitica,podlitica,hamlet,19.4244414,43.3240477
499,Ligatov Do,ligatov do,hamlet,19.4177723,43.3378829
499,Irino Brdo,irino brdo,hamlet,19.4125967,43.323236
499,Jasen,jasen,hamlet,19.3875342,43.2874263
499,Božinac,bozinac,hamlet,19.4593165,43.3197111
499,Lukavice,lukavice,hamlet,19.4164441,43.3127496
499,Otilovići,otilovici,village,19.4141889,43.3322924
499,Podovi,podovi,hamlet,19.4278746,43.2584842
499,Gradina,gradina,hamlet,19.4277458,43.3479578
499,Bukovik,bukovik,village,19.4089103,43.3511409
499,Dulanovina,dulanovina,village,19.4336102,43.3551695
499,Ravni,ravni,hamlet,19.4902735,43.2512954
499,Vijenac,vijenac,village,19.4453025,43.3282015
499,Delići,delici,hamlet,19.3752217,43.3365658
499,Tvrdaš,tvrdas,hamlet,19.3764234,43.3412938
499,Durutovići,durutovici,village,19.371016,43.3344744
499,Jagnjile,jagnjile,hamlet,19.3959499,43.3490812
499,Stative,stative,hamlet,19.419034,43.3004734
499,Omari,omari,hamlet,19.42816,43.30107
499,Podtrlica,podtrlica,hamlet,19.3760371,43.3495509
499,Rabitlje,rabitlje,village,19.3824402,43.3112601
499,Šip,sip,village,19.4219952,43.3453674
499,Crljenice,crljenice,hamlet,19.4067498,43.3583633
499,Miljevići,miljevici,village,19.4201393,43.3542756
499,Ručevac,rucevac,hamlet,19.3792625,43.3665846
499,Golubinja,golubinja,village,19.3893905,43.3634654
499,Njivice,njivice,hamlet,19.3811722,43.3732763
499,Lokvice,lokvice,hamlet,19.4257183,43.3645723
499,Bojovina,bojovina,village,19.4281001,43.3698767
499,Sažići,sazici,hamlet,19.441876,43.3547756
499,Lješće,ljesce,village,19.4173928,43.3687996
499,Javorje,javorje,village,19.4127794,43.3713734
499,Stajište,stajiste,village,19.4211693,43.3749772
499,Slatina,slatina,hamlet,19.4439144,43.3631222
499,Glavica,glavica,hamlet,19.3721385,43.3106052
499,Kuljapića Potok,kuljapica potok,hamlet,19.7419125,42.9028057
499,Krivalića polje,krivalica polje,hamlet,20.0331896,42.9804259
499,Dobri do,dobri do,hamlet,20.0918274,42.9577308
499,Kožarevo polje,kozarevo polje,hamlet,20.0245646,42.9784679
499,Pločnik,plocnik,hamlet,20.0352098,42.9712017
499,Katun Štit,katun stit,hamlet,19.7402205,42.9166657
499,Burići,burici,hamlet,19.1741838,43.5135177
499,Gornji Gradac,gornji gradac,hamlet,19.1633857,43.3865739
499,Donji Gradac,donji gradac,hamlet,19.1550507,43.3919728
499,Podosoje,podosoje,hamlet,19.1375261,43.394694
499,Prisoje,prisoje,village,19.173154,43.5210864
499,Katun Matovine,katun matovine,hamlet,19.6519935,42.9180233
499,Katun Smetine,katun smetine,hamlet,19.6963889,42.9103447
499,Вукотино поље,vukotino polje,hamlet,18.5374244,42.9743384
499,Брлози,brlozi,hamlet,18.5605876,42.9682698
499,Мала Гусарица,mala gusaritsa,hamlet,18.5480346,42.9559941
499,Велика Гусарица,velika gusaritsa,hamlet,18.5473621,42.953287
499,Доње Црквице,donje tsrkvitse,village,18.5397451,42.9575545
499,Гаревац,garevats,hamlet,18.5735108,42.9237191
499,Кртине,krtine,hamlet,18.584245,42.90418
499,Копривице,koprivitse,village,18.5904504,42.9069388
499,Мацаваре,matsavare,village,18.5766311,42.8560662
499,Мирковићи,mirkovitshi,hamlet,18.5814771,42.862445
499,Перовићи,perovitshi,hamlet,18.5754847,42.8515205
499,Обљај,obljaj,hamlet,18.5532869,42.8556843
499,Обљај,obljaj,hamlet,18.5456271,42.8425426
499,Кленак,klenak,village,18.5694309,42.8156603
499,Обљај,obljaj,hamlet,18.5419181,42.8255593
499,Баћовићи,batshovitshi,village,18.5679719,42.7961634
499,Зечевина,zechevina,hamlet,18.5558308,42.7934104
499,Глушчевина,glushchevina,hamlet,18.5613021,42.7828943
499,Тупан,tupan,hamlet,18.605802,42.7931427
499,Katun Maganik,katun maganik,hamlet,19.2710507,42.7254218
499,Katun Vragodo,katun vragodo,hamlet,19.2893197,42.7183419
499,Poljana,poljana,hamlet,19.2897489,42.7221304
499,Planinica,planinica,hamlet,19.3094352,42.7189113
499,Vrtovi,vrtovi,hamlet,19.3216232,42.7187063
499,Katun Zabrđe,katun zabrde,hamlet,19.2740547,42.7440667
499,Zeleni Vir,zeleni vir,hamlet,19.3627157,42.7261851
499,Međuriječki katun,medurijecki katun,hamlet,19.3163017,42.7356197
499,Katun Razbijena Jela,katun razbijena jela,hamlet,19.3019394,42.7501027
499,Smolice,smolice,hamlet,19.3496979,42.7264448
499,Pino Selo,pino selo,hamlet,19.3207102,42.7302475
499,Katunište,katuniste,hamlet,19.3160753,42.7284987
499,Šćepančevina,scepancevina,hamlet,19.3262891,42.7285775
499,Štit,stit,hamlet,19.3159798,42.7318678
499,Mrtvo Duboko,mrtvo duboko,village,19.3363861,42.7166411
499,Dolinice,dolinice,hamlet,19.3357638,42.7408984
499,Rekočica,rekocica,hamlet,19.2451201,42.7254289
499,Močila,mocila,hamlet,19.3611697,42.709514
499,Gornja Rovca,gornja rovca,village,19.340463,42.7009369
499,Gunjani,gunjani,hamlet,19.3458703,42.6939814
499,Mačišta,macista,hamlet,19.3303769,42.7024061
499,Aluge,aluge,hamlet,19.3441323,42.7089472
499,Mesnica,mesnica,hamlet,19.3499258,42.7110284
499,Granica,granica,hamlet,19.3185547,42.7078584
499,Andrijevo,andrijevo,hamlet,19.3521789,42.6948338
499,Bojska Gora,bojska gora,hamlet,19.3655256,42.6968202
499,Bulje,bulje,hamlet,19.3667487,42.7047521
499,Strane,strane,hamlet,19.3476299,42.705904
499,Smreka,smreka,hamlet,19.3451622,42.7219538
499,Stolak,stolak,hamlet,19.3643454,42.7484159
499,Kremeš,kremes,hamlet,19.3646029,42.7214494
499,Zalazba,zalazba,hamlet,19.3520072,42.7433576
499,Istače,istace,hamlet,19.3654612,42.7451533
499,Dumačine,dumacine,hamlet,19.3567065,42.7180442
499,Stanci,stanci,hamlet,19.3676928,42.7161682
499,Ždrijelo,zdrijelo,hamlet,19.3440614,42.7508866
499,Aluge,aluge,hamlet,19.3691948,42.7118002
499,Steverine,steverine,hamlet,19.3581508,42.7404177
499,Zavrh,zavrh,hamlet,19.3510846,42.719132
499,Kalac,kalac,hamlet,19.3556121,42.7319466
499,Dević Bor,devic bor,hamlet,19.2608685,42.699201
499,Crvena Rupa,crvena rupa,hamlet,19.2769086,42.6886506
499,Zamršten,zamrsten,hamlet,19.2717373,42.6855126
499,Kužnje Katunište,kuznje katuniste,hamlet,19.3165163,42.6862373
499,Śenokosi,senokosi,hamlet,19.3258503,42.6930202
499,Kameno Katunište,kameno katuniste,hamlet,19.2998029,42.6948008
499,Ravne paljevine,ravne paljevine,hamlet,19.3121389,42.6744861
499,Mićin Do,micin do,hamlet,19.3344334,42.6711565
499,Malo Polje,malo polje,hamlet,19.3434671,42.6507694
499,Jasenov Do,jasenov do,hamlet,19.3444541,42.6670551
499,Ljeskovi Do,ljeskovi do,hamlet,19.3349484,42.6591499
499,Jasenov Dočić,jasenov docic,hamlet,19.3222884,42.6706043
499,Mioljica,mioljica,hamlet,19.351666,42.6892754
499,Srijetež,srijetez,hamlet,19.3471578,42.6559938
499,Bogutov Do,bogutov do,hamlet,19.3522897,42.6861989
499,Velji Do,velji do,hamlet,19.3379525,42.6851174
499,Maničevo,manicevo,hamlet,19.3282536,42.6788874
499,Grad,grad,hamlet,19.3657616,42.6831931
499,Srednja Ponikvica,srednja ponikvica,hamlet,19.2674243,42.6759217
499,Brajovička Ponikvica,brajovicka ponikvica,hamlet,19.2760728,42.6687757
499,Štirnik,stirnik,hamlet,19.2494224,42.6841726
499,Suva Ponikvica,suva ponikvica,hamlet,19.2541002,42.6718049
499,Kalac,kalac,hamlet,19.3486813,42.6730978
499,Lazba,lazba,village,19.345909,42.7455317
499,Dugi do,dugi do,hamlet,19.2807925,42.6281175
499,Rtovni Do,rtovni do,hamlet,19.2789257,42.6340061
499,Jamski katun,jamski katun,hamlet,19.2957914,42.6284333
499,Kozja,kozja,hamlet,19.3065846,42.6355539
499,Široki do,siroki do,hamlet,19.3533806,42.6269658
499,Rujište,rujiste,hamlet,19.2465675,42.6256238
499,Ivečev Do,ivecev do,hamlet,19.3033016,42.6496807
499,Vukotice,vukotice,hamlet,19.2453659,42.636138
499,Donje polje,donje polje,hamlet,19.3456773,42.6373527
499,Trmanje,trmanje,village,19.3459766,42.6477544
499,Brezove rupe,brezove rupe,hamlet,19.3401627,42.6278183
499,Ograđenik,ogradenik,hamlet,19.2842217,42.7714951
499,Pod,pod,hamlet,19.2794581,42.791874
499,Rovine,rovine,hamlet,19.2914444,42.7922834
499,Doli,doli,hamlet,19.2917545,42.8150489
499,Klisurica,klisurica,hamlet,19.2687722,42.8019523
499,Lomovi,lomovi,hamlet,19.3394763,42.8016524
499,Ropušnica,ropusnica,hamlet,19.3395836,42.7982517
499,Subotišta,subotista,hamlet,19.3146616,42.8017933
499,Brnjik,brnjik,hamlet,19.2639228,42.7990224
499,Kotla,kotla,hamlet,19.3292539,42.8012565
499,Crni Vrh,crni vrh,hamlet,19.2956372,42.7664245
499,Poljana,poljana,hamlet,19.3499906,42.7978888
499,Gornje Velje Duboko,gornje velje duboko,hamlet,19.2539664,42.7818271
499,Donje Velje Duboko,donje velje duboko,hamlet,19.2817241,42.7811486
499,Đedov Do,dedov do,hamlet,19.2615324,42.7547648
499,Kokaravac,kokaravac,hamlet,19.3655892,42.8515564
499,Ljevišta,ljevista,hamlet,19.2676264,42.8692638
499,Bojići,bojici,village,19.2888995,42.8695485
499,Staro Selo,staro selo,hamlet,19.3599684,42.8102628
499,Jasenova,jasenova,hamlet,19.2931192,42.7886286
499,Starče,starce,village,19.3080011,42.8549212
499,Višnje,visnje,hamlet,19.2822476,42.795716
499,Svrke,svrke,village,19.3307849,42.8659313
499,Dolovi,dolovi,hamlet,19.350968,42.8562739
499,Trnovica,trnovica,hamlet,19.3389817,42.856244
499,Markov Mramor,markov mramor,hamlet,19.2613489,42.8278759
499,Katun Vragodo,katun vragodo,hamlet,19.2718192,42.8488191
499,Dolovi,dolovi,hamlet,19.2585154,42.8312899
499,Kovačevac,kovacevac,hamlet,19.2980416,42.8261605
499,Katun Čuke,katun cuke,hamlet,19.2852517,42.849321
499,Studenički Potok,studenicki potok,hamlet,19.3541737,42.8260024
499,Topli Potok,topli potok,hamlet,19.3507834,42.8297179
499,Krušev lug,krusev lug,hamlet,19.3275662,42.8487562
499,Orovac,orovac,hamlet,19.3538304,42.8406381
499,Vukotina gora,vukotina gora,hamlet,19.2498476,42.785324
499,Milin Do,milin do,hamlet,19.2454703,42.7965977
499,Brdeljak,brdeljak,hamlet,19.274481,42.8302993
499,Dragovića Polje,dragovica polje,village,19.3189006,42.8609919
499,Podine,podine,hamlet,19.3467934,42.7748036
499,Gornja Previna,gornja previna,hamlet,19.3337257,42.7715746
499,Zaprevorje,zaprevorje,hamlet,19.3269236,42.7695419
499,Previna,previna,hamlet,19.3380816,42.7694474
499,Velja Gora,velja gora,hamlet,19.3672769,42.7724236
499,Međupotočje,medupotocje,hamlet,19.344197,42.7833713
499,Donja Ibrija,donja ibrija,hamlet,19.3620498,42.7525275
499,Selišta,selista,hamlet,19.3489391,42.7589084
499,Gornja Ibrija,gornja ibrija,hamlet,19.3543679,42.7609258
499,Kruševlje,krusevlje,hamlet,19.3604823,42.7919386
499,Jasičje,jasicje,hamlet,19.3472644,42.7810082
499,Jagodina njiva,jagodina njiva,hamlet,19.3664915,42.7628793
499,Rijeka,rijeka,hamlet,19.3649466,42.7573968
499,Trešnjica,tresnjica,hamlet,19.3532951,42.7692749
499,Telač Do,telac do,hamlet,19.2768972,42.8694211
499,Zalom,zalom,hamlet,19.2618768,42.8646408
499,Poda,poda,hamlet,19.2951877,42.8455775
499,Devica,devica,hamlet,19.3375795,42.7936998
499,Tustica,tustica,hamlet,19.3274944,42.7884877
499,Lužak,luzak,hamlet,19.3316013,42.8554882
499,Vlahovići,vlahovici,village,19.3517863,42.6879701
499,Bijelske Kruševice,bijelske krusevice,village,18.6537128,42.468529
499,Gornja Jošica,gornja josica,hamlet,18.6637084,42.4658174
499,Đurići,durici,village,18.6750048,42.4687248
499,Vala,vala,hamlet,18.6475952,42.4616533
499,Kobilji Do,kobilji do,village,18.7782369,42.637471
499,Duboki Do,duboki do,village,18.7220475,42.6417309
499,Vuko-Do,vuko-do,hamlet,18.7688092,42.5843209
499,Gornja Zaljut,gornja zaljut,village,18.7699803,42.565944
499,Машин До,mashin do,hamlet,18.7601546,42.5541937
499,Jabuka,jabuka,hamlet,18.7941709,42.541643
499,Obod,obod,hamlet,18.7851672,42.5322008
499,Krajišta,krajista,hamlet,18.7957774,42.5256206
499,Blizna,blizna,village,18.8034735,42.5082171
499,Горин До,gorin do,village,18.7952917,42.5014692
499,Jezer,jezer,village,18.8047064,42.4941145
499,Dragomi Do,dragomi do,village,18.8285096,42.4821432
499,Uba,uba,hamlet,18.8441756,42.4751724
499,Proseni Do,proseni do,hamlet,18.8549694,42.5288551
499,Lipa,lipa,hamlet,18.854409,42.5396467
499,Gradina,gradina,village,18.8384563,42.527093
499,Grab,grab,hamlet,18.8261052,42.5329163
499,Ržani Do,rzani do,village,18.8415945,42.5121134
499,Плитки До,plitki do,hamlet,18.8040234,42.7235943
499,Sladojev Do,sladojev do,hamlet,18.7593026,42.6641261
499,Stanojev Do,stanojev do,hamlet,18.7496328,42.6592607
499,Prijeki Do,prijeki do,hamlet,18.7742662,42.6465329
499,Околишта,okolishta,hamlet,18.6775313,42.7186332
499,Jabuke,jabuke,village,18.7525156,42.7105502
499,Tomići,tomici,village,18.9465529,42.4654939
499,Mikulići,mikulici,village,18.9689451,42.4531268
499,Češljari,cesljari,village,19.0392374,42.3983345
499,Piperi,piperi,hamlet,19.0668789,42.3847853
499,Banjamovica,banjamovica,village,18.9804324,42.502219
499,Velestovo,velestovo,village,18.9580959,42.5219443
499,Markovina,markovina,village,19.0074242,42.5423512
499,Musterovići,musterovici,hamlet,19.0487455,42.5263398
499,Đuričkovići,durickovici,hamlet,19.0514627,42.5175405
499,Zagarać,zagarac,village,19.0543472,42.5188876
499,Lazarev Krst,lazarev krst,hamlet,19.0924702,42.5072274
499,Jastreb,jastreb,village,19.1357353,42.5287141
499,Gornji Rogami,gornji rogami,hamlet,19.2894004,42.4868281
499,Piperi,piperi,village,19.2756871,42.493652
499,Đurkovići,durkovici,hamlet,19.287003,42.5065907
499,Radeća,radeca,hamlet,19.2836784,42.5191538
499,Petrovići,petrovici,village,19.2985413,42.5273829
499,Blizna,blizna,village,19.3067806,42.5362852
499,Gornje Mrke,gornje mrke,village,19.326256,42.5208985
499,Prediš,predis,village,18.8868751,42.5170395
499,Lješev Stub,ljesev stub,hamlet,18.9135825,42.5137879
499,Malošin Do,malosin do,hamlet,18.9080205,42.5053756
499,Pejovići,pejovici,hamlet,18.8708122,42.5226939
499,Miške,miske,hamlet,18.9177061,42.5387356
499,Zaljuće,zaljuce,hamlet,18.9098905,42.5400075
499,Petrov Do,petrov do,village,18.8909478,42.4323245
499,Milijevići,milijevici,village,18.886155,42.4464641
499,Kućišta,kucista,village,18.862579,42.4628497
499,Raći,raci,village,19.3777585,42.5170778
499,Ubli,ubli,village,19.2569732,42.5843384
499,Kopilje,kopilje,village,19.2574882,42.5584228
499,Ožezi,ozezi,village,19.2690432,42.5382201
499,Zavala,zavala,hamlet,19.2992449,42.5084575
499,Sjenice,sjenice,village,19.3325901,42.4653858
499,Viđjenje,vidjenje,hamlet,19.324007,42.4932861
499,Smokovac,smokovac,hamlet,19.3054032,42.4797411
499,Krnjan,krnjan,hamlet,19.3135786,42.4778578
499,Cerje,cerje,village,19.3672657,42.4988077
499,Kosor,kosor,village,19.3714714,42.4954379
499,Kupusci,kupusci,hamlet,19.3338829,42.4864111
499,Cvarin,cvarin,hamlet,19.3208313,42.4871311
499,Dubrave,dubrave,hamlet,19.3167794,43.4159576
499,Narak,narak,hamlet,19.2976005,43.4062013
499,Čolovići,colovici,hamlet,19.3269437,43.4154288
499,Kovljec,kovljec,hamlet,19.2997463,43.4125909
499,Badnjišta,badnjista,hamlet,19.2517669,43.4084133
499,Srdanov Grob,srdanov grob,village,19.3019779,43.392918
499,Stupine,stupine,hamlet,19.3031366,43.4009943
499,Gagine kleke,gagine kleke,hamlet,19.3235171,43.3775435
499,Gotovuša,gotovusa,village,19.2873867,43.4071039
499,Cvijovića Dolina,cvijovica dolina,hamlet,19.2944677,43.4220672
499,Ravna Njiva,ravna njiva,hamlet,19.2737825,43.4122495
499,Jazbine,jazbine,hamlet,19.2774292,43.4197934
499,Demići,demici,hamlet,19.2461021,43.4311697
499,Sjenokos,sjenokos,hamlet,19.2545135,43.4209778
499,Dabovina,dabovina,hamlet,19.3008621,43.4332873
499,Velike Krče,velike krce,village,19.258848,43.4202905
499,Omeđak,omedak,hamlet,19.2600067,43.4306072
499,Podgradina,podgradina,hamlet,19.292235,43.4146647
499,Ovčarevo,ovcarevo,hamlet,19.2856261,43.411626
499,Stub,stub,hamlet,19.2515094,43.4154916
499,Podkovačica,podkovacica,hamlet,19.2730529,43.4301413
499,Male Krče,male krce,village,19.2895324,43.4276152
499,Rovčani,rovcani,village,19.3560898,43.3874619
499,Gajine,gajine,hamlet,19.2842109,43.3994649
499,Milići,milici,hamlet,19.2918928,43.3948202
499,Damjanovići,damjanovici,hamlet,19.3212367,43.4081434
499,Podmilodijeva,podmilodijeva,hamlet,19.2800911,43.377637
499,Ograde,ograde,hamlet,19.3460476,43.4067001
499,Brazda,brazda,hamlet,19.3282378,43.4007745
499,Vraneši,vranesi,hamlet,19.3066557,43.378604
499,Tošići,tosici,hamlet,19.286228,43.3831267
499,Gajevi,gajevi,hamlet,19.3187535,43.3791951
499,Josovići,josovici,hamlet,19.3045957,43.3828772
499,Milićevići,milicevici,hamlet,19.2828376,43.3803492
499,Donja Rudnica,donja rudnica,hamlet,19.3285382,43.3822206
499,Vijalice,vijalice,hamlet,19.3056257,43.3970031
499,Donje Jugovo,donje jugovo,hamlet,19.3196976,43.395974
499,Gornja Rudnica,gornja rudnica,hamlet,19.3621838,43.3947579
499,Milunići,milunici,village,19.3400204,43.3924457
499,Smrdan,smrdan,hamlet,19.3655312,43.3989052
499,Gradina,gradina,hamlet,19.2788465,43.3900817
499,Sedlar,sedlar,hamlet,19.2474325,43.3769196
499,Podosoje,podosoje,hamlet,19.2491491,43.3863376
499,Rijeka,rijeka,hamlet,19.2506511,43.39376
499,Radov Do,radov do,hamlet,19.2473466,43.3997455
499,Beljkaši,beljkasi,hamlet,19.3295953,43.4057923
499,Radeta,radeta,hamlet,19.2655599,43.3895499
499,Rasadnik,rasadnik,hamlet,19.2682883,43.4310287
499,Загора,zagora,hamlet,19.296931,43.4512648
499,Drvnici,drvnici,hamlet,19.2899187,43.4055154
499,Dub,dub,hamlet,19.2533119,43.391641
499,Barica,barica,hamlet,19.2835661,43.4058108
499,Bušnje,busnje,village,19.2783305,43.3807703
499,Jugovo,jugovo,hamlet,19.3262237,43.4082527
499,Brvenica,brvenica,village,19.2536541,43.3844039
499,Omećak,omecak,hamlet,19.2700693,43.4085076
499,Vis,vis,hamlet,19.2473466,43.4607694
499,Kotline,kotline,village,19.3152773,43.383094
499,Svrkote,svrkote,hamlet,19.3503632,43.3400351
499,Mrzovići,mrzovici,hamlet,19.3662419,43.321415
499,Čepići,cepici,hamlet,19.3056476,43.3705988
499,Podrogatac,podrogatac,hamlet,19.311571,43.3172928
499,Zbljevo,zbljevo,village,19.3046176,43.3299215
499,Guke,guke,hamlet,19.3376603,43.3571057
499,Ljuće,ljuce,village,19.3073642,43.3099868
499,Opaljenik,opaljenik,hamlet,19.3057119,43.3640488
499,Radosavac,radosavac,hamlet,19.3272533,43.3470262
499,Potrlica,potrlica,hamlet,19.3692803,43.3508124
499,Moljevicne,moljevicne,hamlet,19.3635168,43.3413772
499,Deveta,deveta,hamlet,19.3278037,43.3652663
499,Zabrđe,zabrde,village,19.3303861,43.3168713
499,Bakrenjače,bakrenjace,hamlet,19.3415366,43.3731732
499,Židovići,zidovici,hamlet,19.3174922,43.3573405
499,Krejovina,krejovina,hamlet,19.3187303,43.370304
499,Kraljevci,kraljevci,hamlet,19.2757141,43.2613306
499,Vranjača,vranjaca,hamlet,19.3424228,43.2592202
499,Crnobori,crnobori,village,19.3102406,43.2589077
499,Gornje Selo,gornje selo,village,19.2972791,43.2677526
499,Katun,katun,hamlet,19.3415645,43.2770337
499,Ristovina,ristovina,hamlet,19.3667558,43.2744091
499,Zadublje,zadublje,hamlet,19.282381,43.3543621
499,Markovići,markovici,hamlet,19.2692918,43.3525522
499,Ametovina,ametovina,hamlet,19.2725105,43.34812
499,Borovići,borovici,hamlet,19.2841191,43.3462327
499,Goločevci,golocevci,village,19.3005621,43.3473071
499,Vidre,vidre,village,19.298588,43.3528307
499,Naplav,naplav,hamlet,19.2766583,43.350335
499,Bučje,bucje,hamlet,19.2723603,43.3443601
499,Komine,komine,village,19.312514,43.3416589
499,Doganje,doganje,hamlet,19.3548693,43.3422051
499,Kalušići,kalusici,village,19.3401923,43.3372423
499,Pantovići,pantovici,village,19.2499585,43.3532543
499,Kukanj,kukanj,village,19.2582197,43.3620691
499,Podkukanj,podkukanj,village,19.2573034,43.367699
499,Prisoje,prisoje,hamlet,19.2634832,43.3743118
499,Ropoč,ropoc,village,19.2826235,43.3715659
499,Rondovići,rondovici,village,19.2938458,43.3655307
499,Svinjčevina,svinjcevina,hamlet,19.2475767,43.3611331
499,Doline,doline,hamlet,19.2637193,43.3388958
499,Podkruša,podkrusa,hamlet,19.2929382,43.3382739
499,Svrkote,svrkote,hamlet,19.2775101,43.3419413
499,Repište,repiste,hamlet,19.2572734,43.3558115
499,Krnjevina,krnjevina,hamlet,19.2518103,43.3741239
499,Sakovo Brdo,sakovo brdo,hamlet,19.2527759,43.3341365
499,Bjelovo Brdo,bjelovo brdo,hamlet,19.2727744,43.3374756
499,Lađana,ladana,village,19.2692554,43.3084559
499,Potoci,potoci,village,19.2583484,43.3581837
499,Vrbica,vrbica,village,19.2862498,43.2981661
499,Pauče,pauce,village,19.2852628,43.3208679
499,Gradina,gradina,village,19.3010771,43.3008209
499,Luke,luke,hamlet,19.318652,43.2696268
499,Trkači,trkaci,hamlet,19.3666281,43.2550172
499,Kujava,kujava,hamlet,19.3594398,43.253438
499,Vodoplav,vodoplav,hamlet,19.3439688,43.2682831
499,Rastovac,rastovac,hamlet,19.246683,43.3015556
499,Bare,bare,hamlet,19.2805861,43.3114553
499,Sastavci,sastavci,hamlet,19.2758654,43.29306
499,Ploče,ploce,hamlet,19.2594707,43.3273148
499,Mala,mala,hamlet,19.2465113,43.28247
499,Mulovina,mulovina,hamlet,19.2610585,43.3211957
499,Miradovići,miradovici,hamlet,19.2799853,43.2765025
499,Suljkovac,suljkovac,hamlet,19.2967855,43.3745146
499,Grevo,grevo,hamlet,19.3478312,43.3244591
499,Nabojište,nabojiste,hamlet,19.3280687,43.3708959
499,Klačnica,klacnica,hamlet,19.2470467,43.3339336
499,Rujevice,rujevice,hamlet,19.2464244,43.3386617
499,Uremovići,uremovici,hamlet,19.3309644,43.2607844
499,Zmajevac,zmajevac,hamlet,19.3460706,43.253127
499,Alići,alici,hamlet,19.3604472,43.262533
499,Kruševo,krusevo,village,19.2713164,43.2815936
499,Rašinovići,rasinovici,hamlet,19.3356422,43.2656268
499,Dragaši,dragasi,village,19.2556952,43.2698158
499,Koruge,koruge,village,19.3147885,43.3469801
499,Prženica,przenica,village,19.2843401,43.2539069
499,Kruševlje,krusevlje,hamlet,19.293524,43.352269
499,Mali Kaliman,mali kaliman,hamlet,19.2224759,42.0438454
499,Srednja gora,srednja gora,hamlet,19.9446493,42.710867
499,Urvani Do,urvani do,hamlet,20.0095925,42.7831003
499,Mala Zagreda,mala zagreda,hamlet,19.084754,42.528994
499,Velja Zagreda,velja zagreda,hamlet,19.0647447,42.550978
499,Povrhpoljina,povrhpoljina,hamlet,19.0755272,42.5069231
499,Zamršten,zamrsten,hamlet,19.0159392,42.5363623
499,Donji Markovina,donji markovina,hamlet,19.0098989,42.5298162
499,Dolovi,dolovi,hamlet,19.0558719,42.5335242
499,Pokrajak,pokrajak,hamlet,19.2818212,42.5876955
499,Radecki katun,radecki katun,hamlet,19.2728734,42.5933115
499,Begova Glavica,begova glavica,village,19.1440415,42.3699751
499,Sinjac,sinjac,hamlet,19.1507953,42.3664873
499,Grbavci,grbavci,village,19.1867637,42.3656787
499,Čeprnjića krivine,ceprnjica krivine,hamlet,18.4930822,42.4566873
499,Provodina,provodina,village,18.5076879,42.4400744
499,Jošice,josice,village,18.6714499,42.4632294
499,Miočevići,miocevici,hamlet,18.5879458,42.4420357
499,Žanjice,zanjice,hamlet,18.5845358,42.4005627
499,Stojkovići,stojkovici,hamlet,18.5934007,42.4211248
499,Kuti,kuti,village,18.5810284,42.4616095
499,Donji Sasovići,donji sasovici,hamlet,18.5717351,42.4541423
499,Gornji Sasovići,gornji sasovici,hamlet,18.5630372,42.4724612
499,Mrčevac,mrcevac,village,18.7187127,42.4205556
499,Kostići,kostici,hamlet,18.6685095,42.3986043
499,Balabani,balabani,village,19.2395095,42.3246822
499,Velji Breg,velji breg,hamlet,19.2128726,42.3813772
499,Gošići,gosici,hamlet,19.2607544,42.3179334
499,Goričani,goricani,village,19.2135797,42.3250256
499,Gostilj,gostilj,village,19.2391038,42.3021055
499,Kurilo,kurilo,village,19.1820694,42.2984575
499,Ljajkovići,ljajkovici,village,19.2176667,42.3672776
499,Mahala,mahala,village,19.2180189,42.3542048
499,Mataguži,mataguzi,village,19.2740185,42.3231624
499,Mitrovići,mitrovici,village,19.2176661,42.3643644
499,Mojanovići,mojanovici,village,19.2252576,42.3399741
499,Kurioci,kurioci,hamlet,19.1924412,42.3113642
499,Srpska,srpska,village,19.2181165,42.3742561
499,Šušunja,susunja,village,19.2234718,42.3186453
499,Vukovci,vukovci,village,19.1980367,42.3309309
499,Božaj,bozaj,hamlet,19.3808267,42.3109835
499,Čavori,cavori,hamlet,18.8049965,42.3639324
499,Kamenarovići,kamenarovici,hamlet,18.7661447,42.454019
499,Radimiri,radimiri,hamlet,18.7657709,42.458258
499,Tripkovići,tripkovici,hamlet,18.7652549,42.46269
499,Biliđin Potok,bilidin potok,hamlet,19.6722146,42.9119561
499,Torište,toriste,hamlet,19.7346371,42.8140861
499,Liverovići,liverovici,village,19.073395,42.7417709
499,Glušje Selo,glusje selo,village,19.0687945,42.7374969
499,Bastaji,bastaji,village,19.0890048,42.7330055
499,Jugovići,jugovici,village,19.104832,42.7190206
499,Kuta,kuta,village,19.1150115,42.7366368
499,Vasiljevići,vasiljevici,village,19.1222041,42.7247966
499,Staro Selo,staro selo,village,19.1159041,42.7176207
499,Dučice,ducice,village,19.1226332,42.7170027
499,Bjeloševina,bjelosevina,village,19.137379,42.7206854
499,Morakovo,morakovo,village,19.1849938,42.7053984
499,Zagrad,zagrad,village,19.0941962,42.750147
499,Oblatno,oblatno,village,19.0714004,42.7584947
499,Bršno,brsno,village,19.0240223,42.7314667
499,Ozrinići,ozrinici,village,19.0003193,42.7442422
499,Lukovo,lukovo,village,19.0215375,42.8048674
499,Ivanje,ivanje,village,19.0326574,42.8286772
499,Pučpolja,pucpolja,hamlet,20.0704926,42.8950072
499,Vlahovi,vlahovi,hamlet,20.0951228,42.9244428
499,Jasiča,jasica,hamlet,20.0254734,42.9075724
499,Mrtvica,mrtvica,hamlet,20.0445428,42.9810846
499,Katun Konjska rijeka,katun konjska rijeka,hamlet,20.0774664,42.9819147
499,Miličina ravan,milicina ravan,hamlet,20.0175979,42.6459609
499,Klešića glava,klesica glava,hamlet,20.0071743,42.6438305
499,Fundina,fundina,village,19.365417,42.4505853
499,Zatrijebač,zatrijebac,village,19.4421376,42.4414157
499,Jasikovica,jasikovica,hamlet,18.7130889,42.9575223
499,Goslić,goslic,hamlet,18.7148656,42.9860496
499,Presjeka,presjeka,hamlet,18.872361,42.8823806
499,Riđani,ridani,hamlet,18.8858352,42.7762957
499,Ligunar,ligunar,hamlet,18.8640282,42.7056503
499,Stabna,stabna,hamlet,18.7504232,43.1721508
499,Mala Lukavica,mala lukavica,village,19.210186,42.8061335
499,Kapetanovo Jezero,kapetanovo jezero,village,19.2328906,42.8118525
499,Bojovića bare,bojovica bare,village,19.1847769,42.8097918
499,Lukavica,lukavica,village,19.1685016,42.8152028
499,Piperski katun,piperski katun,hamlet,19.1864151,42.8282275
499,Zagarački katun,zagaracki katun,village,19.190206,42.823545
499,Lazovići,lazovici,village,19.993327,43.0200788
499,Crna Vrela,crna vrela,hamlet,20.0289827,42.9837922
499,Čiste livade,ciste livade,hamlet,20.0641956,42.9781504
499,Sušica,susica,village,19.9588696,43.027363
499,Vaganci,vaganci,hamlet,20.045727,42.996973
499,Krnja Jela,krnja jela,hamlet,20.0370914,42.9908944
499,Džugulin krš,dzugulin krs,hamlet,20.0694893,42.9615895
499,Donja Glavica,donja glavica,hamlet,20.0586478,42.9628551
499,Ćafa,cafa,hamlet,20.0666998,42.9731764
499,Ciglensko brdo,ciglensko brdo,hamlet,19.9737273,42.9512516
499,Gutavice,gutavice,hamlet,20.047788,42.9907791
499,Bumbulovac,bumbulovac,hamlet,20.0025456,42.9775612
499,Ostrmica,ostrmica,hamlet,20.0527651,42.9981445
499,Vuknići,vuknici,hamlet,19.9917696,43.0347076
499,Musina jama,musina jama,hamlet,20.1059732,42.942239
499,Vučkovo brdo,vuckovo brdo,hamlet,20.0152486,42.979843
499,LAĐEVAC,ladevac,hamlet,20.0146037,42.9845578
499,Dragutinovići,dragutinovici,hamlet,19.9987026,43.0163206
499,Lokve,lokve,hamlet,20.1127995,42.9335247
499,Donja Korita,donja korita,village,19.972226,43.0481366
499,Staništa,stanista,hamlet,20.0988971,42.9333593
499,Jagoče,jagoce,hamlet,19.8969996,42.9713457
499,Crhalj,crhalj,village,19.9245961,42.9788492
499,Vrsajke,vrsajke,hamlet,19.9805654,42.9703131
499,Borovac,borovac,hamlet,19.8269138,43.0482553
499,Međeđa dolina,mededa dolina,hamlet,19.6054683,42.8236473
499,Katun Potoci,katun potoci,hamlet,19.6151157,42.8440374
499,Bakovića Klisura,bakovica klisura,hamlet,19.5284782,42.8522093
499,Škale,skale,hamlet,19.650216,42.8185696
499,Bare Korunske,bare korunske,hamlet,19.9893847,42.6634729
499,Brezovice,brezovice,hamlet,19.8046289,43.029558
499,Čardak,cardak,hamlet,19.0703731,43.4772498
499,Bukovica,bukovica,village,19.0167083,43.4721632
499,Raščići,rascici,hamlet,19.0493888,43.4725969
499,Piperi,piperi,hamlet,19.0585472,43.46535
499,Crni vrh,crni vrh,village,19.4001538,43.3876934
499,Tvrdakovići,tvrdakovici,hamlet,19.0510248,43.4580772
499,Kržava,krzava,hamlet,18.9964528,43.4739091
499,Kukavice,kukavice,hamlet,19.081011,43.5003855
499,Borjanica,borjanica,hamlet,19.0245551,43.4885817
499,Gunjičići,gunjicici,hamlet,19.0324565,43.4845993
499,Potpal,potpal,hamlet,19.0449142,43.4828868
499,Romač,romac,hamlet,19.0431509,43.446311
499,Tatarovine,tatarovine,hamlet,19.0109394,43.442768
499,Lugovi,lugovi,hamlet,19.0293628,43.4596336
499,Sirčići,sircici,hamlet,19.0586534,43.4574935
499,Rosulje,rosulje,hamlet,19.0693544,43.4495372
499,Jahovići,jahovici,hamlet,19.0589628,43.4503544
499,Kovačevići,kovacevici,hamlet,19.017092,43.4730656
499,Borišići,borisici,hamlet,19.0202655,43.488797
499,Marinac,marinac,hamlet,19.0083112,43.4924163
499,Babići,babici,hamlet,19.014372,43.4594853
499,Gaj,gaj,hamlet,19.1071114,43.4883664
499,Umkovina,umkovina,hamlet,19.0700065,43.4949509
499,Dugi Do,dugi do,hamlet,19.0573344,43.4829265
499,Oborci,oborci,hamlet,19.0597019,43.4454258
499,Puzići,puzici,hamlet,19.1061004,43.4611286
499,Plakali,plakali,hamlet,19.0876157,43.4565206
499,Prehari,prehari,hamlet,19.0839536,43.4696249
499,Donji Dubac,donji dubac,hamlet,19.0983762,43.4671424
499,Ljuta Bara,ljuta bara,hamlet,19.0697019,43.4599792
499,Tupci,tupci,hamlet,19.0311448,43.4701538
499,Ivovići,ivovici,hamlet,19.0868801,43.4474357
499,Prošće,prosce,hamlet,19.0924237,43.4434171
499,Gornji Dubac,gornji dubac,hamlet,19.1140686,43.4782341
499,Čitluk,citluk,hamlet,19.1190165,43.4898234
499,Rajišići,rajisici,hamlet,19.1110008,43.4954466
499,Selišta,selista,hamlet,19.0497836,43.4908003
499,Lokva,lokva,hamlet,19.1053314,43.5050871
499,Vujačića Mahala,vujacica mahala,hamlet,19.2325537,42.3423056
499,Pajka,pajka,hamlet,19.1783866,42.0759594
499,Velja Lazina,velja lazina,village,19.0142348,42.4325836
499,Komačev Laz,komacev laz,village,19.0112622,42.4367671
499,Arbanaški do,arbanaski do,village,19.0317237,42.4204092
499,Podsoko,podsoko,village,19.0117063,42.4194423
499,Orašani,orasani,village,18.9864087,42.4310111
499,Selišta,selista,village,18.9784057,42.4341559
499,Tusta,tusta,hamlet,19.6656775,42.8361707
499,Zečke,zecke,hamlet,19.7089652,42.8357466
499,Mican,mican,hamlet,19.6630678,42.843026
499,Ċurke - Qurkaj,curke - qurkaj,village,19.3398187,41.9375361
499,Kodra Dake,kodra dake,hamlet,19.3400718,41.9215814
499,Shënkoll,shenkoll,hamlet,19.3747595,41.8807222
499,Katun Canovića,katun canovica,hamlet,20.0593565,42.601494
499,Barlaj,barlaj,hamlet,19.4194574,42.358966
499,Ljubotinj,ljubotinj,hamlet,18.9833724,42.3229463
499,Fraskanjel - Freskanjel,fraskanjel - freskanjel,hamlet,19.3790969,41.9681119
499,Anovi,anovi,hamlet,19.220479,42.3314712
499,Rađenovići,radenovici,village,18.9083401,42.2531775
499,Vrba,vrba,hamlet,18.9052067,42.2526814
499,Rajićeviči,rajicevici,village,18.8272285,42.4284406
499,Džupani,dzupani,hamlet,18.826411,42.4255053
499,Kopito,kopito,village,18.8209348,42.4258559
499,Crna Greda,crna greda,village,18.9377014,42.3895386
499,Studenjak,studenjak,hamlet,19.1106319,42.3593129
499,Radevići,radevici,hamlet,19.2486852,42.4842846
499,Zečevo selo,zecevo selo,village,18.8330277,42.3225864
499,Ublica,ublica,village,19.1388917,42.8188252
499,Konjsko,konjsko,village,19.1386235,42.808885
499,Kutsko Brdo,kutsko brdo,village,19.1177773,42.7672574
499,Pribranci,pribranci,hamlet,19.1313386,42.8052643
499,Stojaga,stojaga,hamlet,19.1125309,42.7825827
499,Goveđi Do,govedi do,hamlet,19.0858054,42.859325
499,Ćeranića gora,ceranica gora,village,19.1040659,42.8650973
499,Bojovića luke,bojovica luke,hamlet,19.1595769,42.7958651
499,Ckladna,ckladna,village,19.1304374,42.8265843
499,Gvozd,gvozd,village,19.0701198,42.8637447
499,Katun Ledinski,katun ledinski,hamlet,19.5833161,42.5380214
499,Stubica,stubica,hamlet,18.7206837,43.1753751
499,Mramor,mramor,hamlet,18.6856292,43.1664479
499,Zukva,zukva,hamlet,18.712398,43.1647009
499,Miletići,miletici,hamlet,18.6742459,43.1757637
499,Štirno,stirno,hamlet,18.7989889,43.1867784
499,Orljevo,orljevo,village,19.3483454,42.4646537
499,Gornja Vrbica,gornja vrbica,village,19.3483508,42.4615867
499,Donja Vrbica,donja vrbica,village,19.3350041,42.455294
499,Peuta,peuta,hamlet,19.3258095,42.459038
499,Račići,racici,hamlet,18.9539158,43.4595232
499,Jabuka,jabuka,hamlet,18.9147099,42.4222609
499,Gornji Pobori,gornji pobori,hamlet,18.8178527,42.3327171
499,Cerovi Pod,cerovi pod,village,19.1430922,42.3444679
499,Katun Zanoge,katun zanoge,hamlet,19.7524689,42.9256258
499,Brnjaci,brnjaci,village,19.7959422,42.9466553
499,Luke,luke,village,19.7740747,42.9477088
499,Pavljevine,pavljevine,village,19.783348,42.9449736
499,Korlati,korlati,hamlet,18.7375174,43.1237957
499,Zabrđe,zabrde,hamlet,18.8073122,43.1412351
499,Sinjac,sinjac,hamlet,18.814567,43.1094614
499,Smriječno,smrijecno,hamlet,18.7781657,43.1293342
499,Ljeljenak,ljeljenak,hamlet,18.9488263,43.1971413
499,Dubljevića katun,dubljevica katun,hamlet,18.9089296,43.0845901
499,Adžića ravno,adzica ravno,hamlet,18.717934,43.1365953
499,Grabač vrh,grabac vrh,hamlet,18.9303513,43.3054698
499,Todorov Do,todorov do,hamlet,18.9873072,43.1277319
499,Zakamen,zakamen,hamlet,18.8386624,43.0798416
499,Pakline,pakline,hamlet,18.9875861,43.0228316
499,Dubovac,dubovac,hamlet,18.977751,43.0316792
499,Orujica,orujica,hamlet,19.2041335,43.0615569
499,Trčinoge,trcinoge,hamlet,19.1980897,42.9810601
499,Biljezi,biljezi,hamlet,19.3225974,42.9241187
499,Studena,studena,hamlet,18.9937587,43.0748575
499,Dobri Do,dobri do,hamlet,19.0191898,43.1045314
499,Jasenje,jasenje,hamlet,19.0925142,43.00352
499,Korman,korman,hamlet,19.3082389,43.0451455
499,Bučam,bucam,hamlet,19.1656741,43.0457414
499,Kučajevica,kucajevica,hamlet,19.2661998,43.0729976
499,Grma,grma,hamlet,19.1531678,43.033817
499,Portonovi,portonovi,village,18.5995766,42.4349234
499,Dobrakovo,dobrakovo,village,19.774859,43.1373216
499,Ostojic,ostojic,hamlet,19.0971947,42.8546081
499,Zakraji,zakraji,hamlet,19.1156478,42.8457615
499,Kocani,kocani,hamlet,18.9077636,42.7932159
499,Studenci,studenci,hamlet,18.929088,42.7669167
499,Orah,orah,hamlet,18.9825035,42.8605391
499,Vidrovan,vidrovan,village,18.936226,42.8502131
499,Šipačno,sipacno,village,18.9419286,42.8718708
499,Miločani,milocani,village,18.9049706,42.8289264
499,Trojanovići,trojanovici,hamlet,18.5968246,42.4205393
499,Katun Stanjevica rupa,katun stanjevica rupa,hamlet,19.2190172,42.7414566
499,Velje Brdo,velje brdo,village,19.2169509,42.4915137
499,Presjeka,presjeka,hamlet,18.5739449,42.4689042
499,Donji Izvor,donji izvor,hamlet,18.7680616,42.6107634
499,Gornji Izvor,gornji izvor,hamlet,18.7788928,42.6048455
499,Trabojin,trabojin,hamlet,19.4525027,42.3986468
499,Zagreda,zagreda,hamlet,19.392568,42.5276743
499,Donje Momče,donje momce,hamlet,19.4021249,42.5320232
499,Gornje Momče,gornje momce,hamlet,19.4151013,42.5424017
499,Ubalac,ubalac,village,19.3940614,42.5215732
499,Gornja Kržanja,gornja krzanja,hamlet,19.4401579,42.5403066
499,Momče,momce,hamlet,19.4119898,42.5388919
499,Donje Stravče,donje stravce,hamlet,19.4662974,42.5798698
499,Cvilin,cvilin,hamlet,19.420755,42.5067881
499,Potrk,potrk,hamlet,19.4338884,42.5304889
499,Donja Kržanja,donja krzanja,hamlet,19.4366576,42.5282887
499,Seoštica,seostica,hamlet,19.4242177,42.5752112
499,Gornji Medun,gornji medun,hamlet,19.3655875,42.4730928
499,Ptikalj,ptikalj,hamlet,19.4537937,42.5224646
499,Brezevice,brezevice,hamlet,19.4637951,42.5511987
499,Gornje Stravče,gornje stravce,hamlet,19.46317,42.5639412
499,Katun Kuline,katun kuline,hamlet,19.3353398,42.9128712
499,Kastrat,kastrat,hamlet,19.4933329,42.5769116
499,Leovo brdo,leovo brdo,hamlet,19.1089401,43.3835878
499,Mahala,mahala,hamlet,19.1139314,43.3812743
499,Dolina,dolina,hamlet,19.1094631,43.3863029
499,Polja Pejovića,polja pejovica,village,18.8469034,43.0286509
499,Ubalac,ubalac,hamlet,18.7181886,42.5046498
499,Veljinici,veljinici,hamlet,18.7084685,42.502613
499,Cerovik,cerovik,hamlet,18.6657361,42.5435317
499,Lijeca,lijeca,hamlet,18.655435,42.5457939
499,Dragosevo Selo,dragosevo selo,hamlet,18.6510854,42.5414508
499,Polje,polje,hamlet,18.6303727,42.5408395
499,Miskov Do,miskov do,hamlet,18.6241833,42.5447718
499,Scepov Do,scepov do,hamlet,18.6368134,42.5465845
499,Grab,grab,hamlet,18.6293358,42.5486035
499,Jelovi Do,jelovi do,hamlet,18.6197446,42.5594302
499,Podi,podi,hamlet,18.6570094,42.5542086
499,Malov Do,malov do,hamlet,18.636311,42.5744512
499,Koritni Do,koritni do,hamlet,18.6424734,42.5718187
499,Poljana,poljana,hamlet,18.6430682,42.5743115
499,Jasen,jasen,hamlet,18.6408025,42.5862742
499,Macija Stopa,macija stopa,hamlet,18.6498106,42.5994344
499,Slatkovici,slatkovici,hamlet,18.8500914,42.4836924
499,Aluga,aluga,hamlet,18.8426449,42.4862385
499,Tatulov Do,tatulov do,hamlet,18.8484849,42.4760934
499,Dolovi,dolovi,hamlet,18.8569662,42.494869
499,Ploca,ploca,hamlet,19.0876044,42.3233399
499,Dubravcevina,dubravcevina,village,18.6937002,42.4008146
499,Mandegaj,mandegaj,village,18.588787,42.4213243
499,Zlokovici,zlokovici,hamlet,18.6540894,42.4623844
499,Vukovici,vukovici,hamlet,18.6515811,42.4625451
499,Djurici,djurici,hamlet,18.6692749,42.4705053
499,Zelalici,zelalici,hamlet,18.6490657,42.4571712
499,Todorovici,todorovici,hamlet,18.6441545,42.4525331
499,Kovacina,kovacina,hamlet,18.6412833,42.4509279
499,Perovici,perovici,hamlet,18.6427676,42.4546697
499,Zausje,zausje,hamlet,18.6296588,42.448938
499,Ivovici,ivovici,hamlet,18.6225144,42.4503772
499,Pavlovici,pavlovici,hamlet,18.6599598,42.4688304
499,Bakoci,bakoci,hamlet,18.6063445,42.47636
499,Lucici,lucici,hamlet,18.6145388,42.486606
499,Dragomanovici,dragomanovici,hamlet,18.6202645,42.4895573
499,Nakicenovici,nakicenovici,hamlet,18.5806564,42.4657464
499,Nogulovici,nogulovici,hamlet,18.573789,42.4725226
499,Glogovik,glogovik,hamlet,18.5970777,42.4614842
499,Marici,marici,hamlet,18.5862998,42.4615706
499,Vuckovici,vuckovici,hamlet,18.5658761,42.4738468
499,Brajkovina,brajkovina,village,18.5551223,42.4675431
499,Kvekići,kvekici,hamlet,18.5466595,42.4606526
499,Sušići,susici,hamlet,18.5345888,42.4594193
499,Djurovići,djurovici,hamlet,18.5645284,42.481959
499,Dizdarev do,dizdarev do,hamlet,18.4790549,42.5226408
499,Drenovac,drenovac,hamlet,18.4705682,42.5274138
499,Dugi do,dugi do,hamlet,18.4532647,42.5422381
499,Rupe,rupe,hamlet,18.4592524,42.5456532
499,Trubjela,trubjela,hamlet,18.7944714,42.7504021
499,Krušćica,kruscica,hamlet,18.7894881,42.7568784
499,Krstac,krstac,hamlet,18.8019187,42.7690299
499,Grebice,grebice,village,18.9232404,42.7943955
499,Ribnjak,ribnjak,village,18.9170739,42.795554
499,Zavraca,zavraca,hamlet,18.8831704,42.8257531
499,Kruškovi do,kruskovi do,hamlet,18.8819284,42.8347131
499,Sjenokosi,sjenokosi,hamlet,18.8757661,42.844827
499,Karnagića Duga,karnagica duga,hamlet,18.880948,42.844618
499,Jasikovac,jasikovac,hamlet,18.8771865,42.8563434
499,Gornja Tisa,gornja tisa,hamlet,18.8796815,42.8589476
499,Donja Tisa,donja tisa,hamlet,18.8864367,42.8652421
499,Ljujzi,ljujzi,hamlet,19.4373653,42.4465407
499,Poda,poda,hamlet,18.8099231,42.3633664
499,Koložun,kolozun,hamlet,18.8127542,42.3556544
499,Stanjevići,stanjevici,hamlet,18.8322952,42.3318998
499,Kneževići,knezevici,hamlet,18.8119321,42.3345205
499,Majstori,majstori,hamlet,18.8367036,42.3511049
499,Šumarev Dub,sumarev dub,hamlet,18.8124609,42.3274735
499,Pobrdje,pobrdje,village,18.7354647,42.3579348
499,Lješevići,ljesevici,village,18.7268498,42.3668714
499,Gobovići,gobovici,hamlet,18.7244271,42.369406
499,Turija,turija,hamlet,18.7629598,42.2928658
499,Brijeg Vuksanovića,brijeg vuksanovica,hamlet,19.3473469,42.5077269
499,Pavličići,pavlicici,hamlet,19.3584459,42.5378374
499,Jelin Dub,jelin dub,hamlet,19.3561351,42.5282923
499,Sviba,sviba,hamlet,19.3268806,42.545942
499,Mirin Do,mirin do,hamlet,19.4627164,42.6163435
499,Lazi,lazi,hamlet,19.4713147,42.6120955
499,Bradašica,bradasica,hamlet,19.4850078,42.6149609
499,Begovići,begovici,hamlet,19.4927038,42.6169553
499,Potkrš,potkrs,hamlet,19.3725863,42.545617
499,Živkovići,zivkovici,hamlet,19.394721,42.5015516
499,Gluvčev Do,gluvcev do,hamlet,19.3777219,42.5683298
499,Vilac,vilac,hamlet,19.3945837,42.5766207
499,Kisjelica,kisjelica,hamlet,19.3924642,42.5855503
499,Zmijinac,zmijinac,hamlet,19.3865727,42.5830858
499,Vidačica,vidacica,hamlet,19.410169,42.5933488
499,Vjeternik,vjeternik,hamlet,19.4225771,42.6030014
499,Ivanbegov katun,ivanbegov katun,hamlet,19.2179452,42.8478988
499,Crveno Zdrijelo,crveno zdrijelo,hamlet,19.2003288,42.8576606
499,Šljeme,sljeme,hamlet,19.1962352,42.8509174
499,Vodnji Do,vodnji do,hamlet,19.1874238,42.8547289
499,Prisoje,prisoje,hamlet,19.4102565,42.6785692
499,Jasika,jasika,hamlet,19.418035,42.6735929
499,Kruševica,krusevica,hamlet,19.4322081,42.6615131
499,Suvodo,suvodo,hamlet,19.4173565,42.6777656
499,Ostružina,ostruzina,hamlet,19.4117247,42.6862288
499,Poljanice,poljanice,hamlet,19.4331036,42.6833509
499,Dijonice,dijonice,hamlet,19.494438,42.6869767
499,Ljeskovci,ljeskovci,hamlet,19.4925003,42.694027
499,Siralija,siralija,hamlet,19.4535922,42.6998255
499,Donja Trebešica,donja trebesica,hamlet,19.4673431,42.7027849
499,Glogovik,glogovik,hamlet,19.4328468,42.711047
499,Uljara,uljara,hamlet,19.4141536,42.7071293
499,Rijeka,rijeka,hamlet,19.4208638,42.7111446
499,Petine,petine,hamlet,19.0632738,43.4175492
499,Mekote,mekote,hamlet,19.0652594,43.4232171
499,Mjedenik,mjedenik,hamlet,19.0457385,43.4227609
499,Omerovići,omerovici,hamlet,19.0312184,43.4234698
499,Selo,selo,hamlet,19.0260416,43.4232678
499,Brdo,brdo,hamlet,19.0312249,43.4176944
499,Orah,orah,hamlet,19.1266638,43.3859367
499,Cerovci,cerovci,hamlet,19.1260246,43.3815425
499,Osoje,osoje,hamlet,19.1295817,43.3789525
499,Crnci,crnci,hamlet,19.1245705,43.3985692
499,Madžari,madzari,hamlet,18.9701906,43.5088303
499,Bavčići,bavcici,hamlet,18.9674935,43.5129011
499,Stovrazi,stovrazi,hamlet,18.9729467,43.5134278
499,Vukšići,vuksici,hamlet,18.9767005,43.5146194
499,Budojevići,budojevici,hamlet,18.9748684,43.5068537
499,Torine,torine,hamlet,18.979778,43.5146999
499,Ograde,ograde,hamlet,18.9846024,43.5134761
499,Cejirenci,cejirenci,hamlet,18.9848923,43.5087321
499,Ðenovići,denovici,hamlet,18.9907684,43.5062639
499,Meljena,meljena,hamlet,18.9920434,43.5120557
499,Geusi,geusi,village,18.9217683,43.5010369
499,Močevići,mocevici,hamlet,18.9931787,43.5426232
499,Rudići,rudici,hamlet,18.9959428,43.5365907
499,Plansko,plansko,hamlet,18.9943884,43.5296611
499,Zastave,zastave,hamlet,19.022305,43.5127504
499,Radevići,radevici,hamlet,19.0151834,43.5408022
499,Kruševci,krusevci,hamlet,19.0081233,43.5420503
499,Ravni,ravni,hamlet,19.0282547,43.5341204
499,Bavčići,bavcici,hamlet,19.0139621,43.5326894
499,Dužica,duzica,hamlet,19.0237499,43.5292868
499,Kave,kave,hamlet,19.0168099,43.5220929
499,Repci,repci,hamlet,19.0138808,43.5158336
499,Stranice,stranice,hamlet,19.002567,43.5105248
499,Klakorina,klakorina,hamlet,19.0375645,43.5125401
499,Заселак Ранче,zaselak ranche,hamlet,19.4675863,43.3426256
499,Mlakva,mlakva,hamlet,19.2140874,43.4904123
499,Pjevćeva Glava,pjevceva glava,hamlet,19.2197546,43.4884551
499,Dubrava,dubrava,hamlet,19.2211016,43.4933978
499,Skenderovina,skenderovina,hamlet,19.2047917,43.4953451
499,Osoje,osoje,hamlet,19.198662,43.4975633
499,Bogomilovići,bogomilovici,hamlet,19.0118226,42.6122473
499,Ćurćići,curcici,hamlet,19.0029081,42.5988566
499,Matkovići,matkovici,hamlet,19.0106629,42.5941388
499,Do Pješivaćki,do pjesivacki,hamlet,19.0246555,42.5920703
