country_id,name,name_norm,place,lon,lat
528,Nuenen,nuenen,town,5.5490439,51.4743021
528,Geldrop,geldrop,town,5.5607546,51.4226684
528,Assen,assen,city,6.560498,52.9952273
528,Ter Aard,ter aard,hamlet,6.5456226,53.025384
528,Ubbena,ubbena,village,6.5746403,53.0523969
528,Taarlo,taarlo,village,6.626097,53.0329813
528,Balloërveld,balloerveld,village,6.6344703,53.0229941
528,Loon,loon,village,6.6129259,53.0143458
528,Rhee,rhee,hamlet,6.5711192,53.0315583
528,Anreep,anreep,hamlet,6.5833876,52.9764239
528,Schieven,schieven,hamlet,6.590799,52.9811334
528,Oudemolen,oudemolen,village,6.6385813,53.0489404
528,Zeijerveld,zeijerveld,hamlet,6.5228963,53.0362039
528,Zeijen,zeijen,village,6.5459547,53.0495004
528,Eleveld,eleveld,hamlet,6.5813088,52.9576181
528,Witten,witten,hamlet,6.5167455,52.9816627
528,Kanne,kanne,village,5.6692203,50.8141622
528,Hemden,hemden,village,6.5867973,51.8926364
528,Hoog-Caestert,hoog-caestert,hamlet,5.7061681,50.7688951
528,Wahlwiller,wahlwiller,village,5.937193,50.8101795
528,Vlengendaal,vlengendaal,hamlet,6.0041324,50.8106025
528,Sinselbeek,sinselbeek,hamlet,5.9191369,50.810901
528,Zandberg,zandberg,hamlet,6.0069486,50.8229458
528,Overeys,overeys,hamlet,5.9492172,50.8241513
528,Prickart,prickart,hamlet,6.0018128,50.8253116
528,Klein Welsden,klein welsden,hamlet,5.7935063,50.832479
528,Sweyer,sweyer,hamlet,5.9913696,50.8383311
528,Trintelen,trintelen,hamlet,5.9482065,50.8408408
528,Molsberg,molsberg,hamlet,5.9862501,50.8411189
528,Maastricht,maastricht,city,5.6909768,50.8512438
528,Spekholzerheide,spekholzerheide,neighbourhood,6.0245403,50.8597413
528,Berg en Terblijt,berg en terblijt,village,5.7863647,50.8602927
528,Heilust,heilust,neighbourhood,6.0318824,50.8611359
528,Ransdaal,ransdaal,village,5.8909625,50.8632996
528,Rolduckerveld,rolduckerveld,neighbourhood,6.0741095,50.8692249
528,Lanakerveld,lanakerveld,neighbourhood,5.6694769,50.8699681
528,Valkenburg,valkenburg,town,5.8312518,50.8647531
528,Mariënwaard,marienwaard,neighbourhood,5.7216031,50.8716057
528,Douve Weien,douve weien,neighbourhood,5.9844896,50.8732683
528,Klimmen,klimmen,village,5.88231,50.8762065
528,Schiffelerveld,schiffelerveld,neighbourhood,6.0002992,50.8800572
528,Molenbergpark,molenbergpark,neighbourhood,5.9930232,50.8851466
528,Hulsberg,hulsberg,village,5.8575404,50.889865
528,Hopel,hopel,neighbourhood,6.0469862,50.8914969
528,Schandelen,schandelen,neighbourhood,5.98133,50.89319
528,Meezenbroek,meezenbroek,neighbourhood,5.9889916,50.8977566
528,Grasbroek,grasbroek,neighbourhood,5.97403,50.89791
528,Musschemig,musschemig,neighbourhood,5.9685783,50.8991635
528,Husken,husken,neighbourhood,5.95354,50.9013
528,Vliek,vliek,neighbourhood,5.7728749,50.9029501
528,Musschenbroek,musschenbroek,hamlet,5.9733169,50.9033661
528,Palemig,palemig,hamlet,5.9879232,50.9029894
528,Vrank,vrank,hamlet,5.95509,50.90458
528,Broekhuizen,broekhuizen,hamlet,6.080969,50.9114463
528,Groot Rennemig,groot rennemig,neighbourhood,5.9523494,50.9126547
528,Overbroek,overbroek,neighbourhood,5.9228138,50.9131579
528,Pronsebroek,pronsebroek,neighbourhood,5.9636208,50.9138114
528,Nieuw Lotbroek-Noord,nieuw lotbroek-noord,neighbourhood,5.9285034,50.9152946
528,Westbroek,westbroek,hamlet,5.7394487,50.9164706
528,Terschuren,terschuren,hamlet,5.902083,50.9181782
528,Kamp,kamp,hamlet,5.8803155,50.9215762
528,Versiliënbosch,versilienbosch,neighbourhood,5.9736955,50.9223839
528,Hulsen,hulsen,neighbourhood,5.7500585,50.9226767
528,De Dem,de dem,neighbourhood,5.9383266,50.9237699
528,Snijdersberg,snijdersberg,neighbourhood,5.7577683,50.9245897
528,Kathagen,kathagen,hamlet,5.8947931,50.9291644
528,Broekhoven,broekhoven,hamlet,5.7489575,50.9294467
528,Mariarade-Zuid,mariarade-zuid,neighbourhood,5.9317237,50.9301644
528,Treebeek,treebeek,neighbourhood,5.93884,50.93341
528,Op de Vos,op de vos,neighbourhood,5.9495886,50.9369687
528,Rumpen,rumpen,neighbourhood,5.9682197,50.9390813
528,Kruisberg,kruisberg,neighbourhood,5.96322,50.94115
528,Terhagen,terhagen,hamlet,5.7589768,50.9431535
528,Kerkeveld,kerkeveld,neighbourhood,5.969762,50.946279
528,De Egge,de egge,neighbourhood,5.9799827,50.9487759
528,De Kling,de kling,neighbourhood,5.96338,50.95281
528,Rozengaard,rozengaard,neighbourhood,5.9724756,50.9536723
528,Oeloven,oeloven,neighbourhood,5.9790268,50.9551537
528,Klein-Doenrade,klein-doenrade,hamlet,5.9117727,50.9586658
528,Haagsittardpark,haagsittardpark,neighbourhood,5.9001493,50.9934274
528,Kempehof,kempehof,neighbourhood,5.8882527,51.0012017
528,Limbricht,limbricht,village,5.8384433,51.0120795
528,Obbicht,obbicht,village,5.782166,51.0270923
528,Born,born,village,5.8098471,51.033889
528,Hondsbroek,hondsbroek,neighbourhood,5.8145471,51.034926
528,Buchten,buchten,village,5.8108175,51.0421576
528,Munsterveld,munsterveld,neighbourhood,5.8487091,51.0644284
528,Susteren,susteren,village,5.8518902,51.0654229
528,Gebroek,gebroek,hamlet,5.8719913,51.0948139
528,Ophoven,ophoven,hamlet,5.8473975,51.0968334
528,Schilberg,schilberg,neighbourhood,5.8816265,51.1007197
528,Aasterberg,aasterberg,hamlet,5.8403068,51.1013024
528,Voorst,voorst,hamlet,6.042062,51.1030804
528,Sint Joost,sint joost,village,5.8994169,51.1172126
528,Het Vonderen,het vonderen,hamlet,5.8982656,51.1302806
528,Bilt,bilt,hamlet,5.8537344,51.127963
528,Montfort,montfort,village,5.94533,51.1294393
528,Reutje,reutje,hamlet,6.0094138,51.1298509
528,Eiland,eiland,hamlet,5.8561171,51.1313448
528,Stevensweert,stevensweert,village,5.8460462,51.1311936
528,Roskam,roskam,hamlet,5.9998587,51.1312167
528,Vlodrop,vlodrop,village,6.0778915,51.1320628
528,Zittard,zittard,hamlet,5.9993444,51.1365295
528,Brandt,brandt,hamlet,5.8625278,51.1373369
528,Etsberg,etsberg,hamlet,6.0944894,51.1375643
528,Aan het Broek,aan het broek,hamlet,6.089234,51.1392525
528,Maasbracht,maasbracht,village,5.8830683,51.1428567
528,Wessem,wessem,village,5.8813984,51.1620059
528,Lerop,lerop,hamlet,5.9881091,51.1681008
528,Baarstraat,baarstraat,hamlet,5.850787,51.1704482
528,Panheel,panheel,hamlet,5.8721713,51.1763715
528,Santfort,santfort,hamlet,5.8408564,51.1767219
528,Uffelsen,uffelsen,hamlet,5.7909325,51.1821918
528,Straat,straat,hamlet,6.0312039,51.1870919
528,Crixhoek,crixhoek,hamlet,5.70044,51.18856
528,Houtbroek,houtbroek,hamlet,5.725901,51.1885684
528,Ool,ool,hamlet,5.9497728,51.1880763
528,De Horst,de horst,hamlet,5.711092,51.1892383
528,Hei,hei,hamlet,5.6891111,51.1898306
528,Spik,spik,hamlet,6.0327117,51.1946582
528,Geneijgen,geneijgen,hamlet,5.84236,51.19652
528,Heiakker,heiakker,hamlet,5.8559613,51.206643
528,Hoogstraat,hoogstraat,hamlet,5.8020141,51.2101177
528,Ellerhei,ellerhei,hamlet,5.7778614,51.2126441
528,Heide,heide,hamlet,5.9302021,51.21278
528,Oler,oler,hamlet,5.8291339,51.2151176
528,Boukoul,boukoul,village,6.0458373,51.2157268
528,Oude Polder,oude polder,hamlet,3.8675261,51.2172778
528,Rode Sluis,rode sluis,hamlet,3.9217951,51.217879
528,Ell,ell,village,5.7949461,51.2197788
528,Altweerterheide,altweerterheide,village,5.6796111,51.2199645
528,Kelpen,kelpen,hamlet,5.8250931,51.2219058
528,De Sterre,de sterre,hamlet,3.8885433,51.2231123
528,Haelense Broek,haelense broek,hamlet,5.9607262,51.2215134
528,De Beekkant,de beekkant,hamlet,5.8995679,51.2256862
528,Asselt,asselt,hamlet,6.0133945,51.2266227
528,Swalmen,swalmen,village,6.0356507,51.231394
528,Koewacht,koewacht,village,3.9702283,51.2289816
528,Berik,berik,hamlet,5.9713806,51.2302033
528,Einde,einde,hamlet,6.0129397,51.2336048
528,Buggenum,buggenum,village,5.9763366,51.2338794
528,De Ratte,de ratte,hamlet,3.8901385,51.2342898
528,Haelen,haelen,village,5.9539366,51.236691
528,Vestjenshoek,vestjenshoek,hamlet,5.8597038,51.2381553
528,Budel-Dorplein,budel-dorplein,village,5.5785545,51.2373689
528,Heide,heide,hamlet,6.0451071,51.2411398
528,Mildert,mildert,hamlet,5.79501,51.24139
528,De Muis,de muis,hamlet,3.8985614,51.2420245
528,Locht,locht,hamlet,5.5590024,51.2433917
528,Moershoofde,moershoofde,hamlet,3.5092328,51.2450283
528,Biezen,biezen,hamlet,3.463401,51.247372
528,Budel-Schoot,budel-schoot,village,5.5666945,51.2503213
528,Maxet,maxet,hamlet,5.8628367,51.2511116
528,Klein-Schoot,klein-schoot,hamlet,5.5743692,51.2548648
528,Op de Bos,op de bos,hamlet,5.9365118,51.256033
528,Leveroijse Bergen,leveroijse bergen,hamlet,5.8487695,51.2565244
528,Drieschouwen,drieschouwen,hamlet,3.9111666,51.256883
528,Rijkel,rijkel,hamlet,6.0215861,51.2568113
528,Meerlebroek,meerlebroek,hamlet,6.0866628,51.2582983
528,Hanssum,hanssum,hamlet,6.0001172,51.259363
528,Achter het Klooster,achter het klooster,hamlet,5.8776569,51.259498
528,Heikant,heikant,hamlet,5.5850596,51.2598559
528,Bakheide,bakheide,hamlet,6.0359681,51.2602901
528,Bussereind,bussereind,hamlet,6.051613,51.2632101
528,Schoor,schoor,hamlet,5.7618564,51.2639499
528,Neer,neer,village,5.9883704,51.2620493
528,Roligt,roligt,hamlet,5.90117,51.26441
528,Aan de Bergen,aan de bergen,hamlet,5.8726528,51.2653639
528,Zandstraat,zandstraat,hamlet,3.8115648,51.2656526
528,Smedekensbrugge,smedekensbrugge,hamlet,3.4527891,51.2664324
528,Venne,venne,hamlet,5.9751336,51.2664065
528,Heille,heille,hamlet,3.4130438,51.2665308
528,Absdale,absdale,hamlet,4.0023518,51.2671887
528,Ophoven,ophoven,hamlet,5.9479032,51.2673257
528,Keizersbos,keizersbos,hamlet,5.9733038,51.2685614
528,Gerhegge,gerhegge,hamlet,5.9858254,51.2694878
528,Brumholt,brumholt,hamlet,5.9663311,51.2698144
528,Toom,toom,hamlet,5.5592403,51.2698531
528,Roeven,roeven,hamlet,5.7509656,51.2701365
528,Vlaas,vlaas,hamlet,5.9692368,51.2707255
528,Sint Kruis,sint kruis,village,3.4947805,51.2727714
528,Kappert,kappert,hamlet,5.9938976,51.2732833
528,Strubben,strubben,hamlet,5.9046018,51.2747778
528,Aardenburg,aardenburg,village,3.4496895,51.2736623
528,Heide,heide,hamlet,5.86763,51.27656
528,Hulsen,hulsen,hamlet,5.7629167,51.2764515
528,Bouchauterhaven,bouchauterhaven,hamlet,3.7240704,51.2740974
528,Schoordijk,schoordijk,hamlet,5.5920494,51.2781459
528,Braakpeel,braakpeel,hamlet,5.7994526,51.2783854
528,Kijkuit,kijkuit,hamlet,3.9726234,51.2786418
528,Boscheind,boscheind,hamlet,5.3017208,51.281225
528,Philippine,philippine,village,3.7580032,51.2812037
528,Reuver,reuver,village,6.0779742,51.2839322
528,Broekkant,broekkant,hamlet,5.59002,51.28362
528,De Aa,de aa,hamlet,5.3496659,51.2834775
528,Hollander,hollander,hamlet,5.852243,51.2845096
528,Gastel,gastel,village,5.5562736,51.2851283
528,Heide,heide,hamlet,5.9198615,51.2875031
528,Spurkt,spurkt,hamlet,6.0304924,51.2887991
528,Kreijel,kreijel,hamlet,5.7703115,51.2891828
528,Boeket,boeket,hamlet,5.7289744,51.2892842
528,Het Fort,het fort,hamlet,3.9575273,51.2903865
528,Klaarstraat,klaarstraat,hamlet,5.7678239,51.2922294
528,Veldzicht,veldzicht,hamlet,3.6261876,51.2936639
528,Rijt,rijt,hamlet,5.3102078,51.2954628
528,Dijk,dijk,hamlet,6.028504,51.2955748
528,Patrijzenhoek,patrijzenhoek,hamlet,4.0243181,51.2980501
528,Caluna,caluna,hamlet,5.8611654,51.2980082
528,Ospel,ospel,village,5.7835928,51.2980272
528,Draaibrug,draaibrug,hamlet,3.4287503,51.2987838
528,Nieuw- en Winnerstraat,nieuw- en winnerstraat,hamlet,5.76089,51.29922
528,Steenovens,steenovens,hamlet,3.9237104,51.3001368
528,Mauritsfort,mauritsfort,hamlet,3.7780443,51.2991792
528,Zandplaat,zandplaat,hamlet,3.7741646,51.3007144
528,De Sluis,de sluis,hamlet,3.942569,51.3009039
528,Laar,laar,hamlet,5.6073335,51.3010953
528,Egchelheide,egchelheide,hamlet,5.9688849,51.3010869
528,Schuddebeurs,schuddebeurs,hamlet,4.0676296,51.3014991
528,Luntershoek,luntershoek,hamlet,3.9833607,51.3017144
528,Stroopuit,stroopuit,hamlet,3.5633609,51.3037854
528,Bakkersdam,bakkersdam,hamlet,3.4910902,51.3039493
528,De Rund,de rund,hamlet,5.3280379,51.3051969
528,Hoek,hoek,hamlet,5.4247825,51.3065283
528,Bolenberg,bolenberg,hamlet,6.120112,51.3062389
528,Hout,hout,hamlet,6.0762185,51.3065486
528,Balhofstede,balhofstede,hamlet,3.6151423,51.3068075
528,Kapitalendam,kapitalendam,hamlet,3.6829831,51.3070728
528,Zandberg,zandberg,hamlet,4.1030474,51.3071638
528,Hoek,hoek,village,3.7789931,51.3093842
528,Belfeld,belfeld,village,6.1128183,51.310963
528,Zaamslagveer,zaamslagveer,hamlet,3.9433289,51.3122113
528,Egchel,egchel,village,5.9704733,51.3126324
528,Keup,keup,hamlet,5.9860357,51.3127712
528,Ponte,ponte,hamlet,3.6192941,51.312957
528,Witrijt,witrijt,hamlet,5.2647769,51.3132105
528,Lage Berkt,lage berkt,hamlet,5.3283653,51.3139486
528,Horickheide,horickheide,hamlet,5.7805969,51.3136954
528,Klein Borkel,klein borkel,hamlet,5.41364,51.3141
528,Koninginnehaven,koninginnehaven,hamlet,3.7097122,51.3147141
528,Sint Anna ter Muiden,sint anna ter muiden,hamlet,3.3638239,51.3146875
528,Terhole,terhole,village,4.0361963,51.3160604
528,Molenhoek,molenhoek,hamlet,4.0513958,51.3180394
528,Turkeye,turkeye,hamlet,3.5822574,51.3172926
528,Egchelhoek,egchelhoek,hamlet,5.9733844,51.3186629
528,Hugten,hugten,hamlet,5.6637688,51.3197119
528,Helden,helden,village,6.000166,51.3203339
528,Hub,hub,hamlet,5.9574315,51.3209329
528,Geloo,geloo,hamlet,6.1314135,51.3213346
528,IJzendijke,ijzendijke,village,3.6163355,51.3221596
528,Scheldevaartshoek,scheldevaartshoek,hamlet,4.08136,51.3242
528,Vogelwaarde,vogelwaarde,village,3.9723356,51.3249192
528,Emmadorp,emmadorp,hamlet,4.1456417,51.325208
528,Stogger,stogger,hamlet,5.9947249,51.3253888
528,Zelen,zelen,hamlet,5.9584038,51.3257664
528,Onder,onder,hamlet,6.00874,51.32606
528,Steenhoven,steenhoven,hamlet,3.5375922,51.3265366
528,Hooge Berkt,hooge berkt,hamlet,5.3389585,51.3262976
528,Leemhorst,leemhorst,hamlet,6.1385414,51.3266094
528,Katsberg,katsberg,hamlet,5.8955058,51.32666
528,Reuzenhoek,reuzenhoek,hamlet,3.91309,51.32788
528,Groeze,groeze,hamlet,5.933883,51.3281973
528,Eindt,eindt,hamlet,6.0264348,51.3284216
528,Spijkert,spijkert,hamlet,5.2998921,51.3283608
528,Biervliet,biervliet,village,3.6881359,51.3291608
528,Bruggerhuizen,bruggerhuizen,hamlet,5.4793876,51.3288609
528,Boerengat,boerengat,hamlet,3.7884759,51.3294695
528,Graauw,graauw,village,4.1040731,51.330728
528,Paradijs,paradijs,isolated_dwelling,3.7621476,51.3318363
528,Vergelt,vergelt,hamlet,6.1055997,51.3318053
528,Schapershoek,schapershoek,hamlet,3.9631493,51.3319406
528,Steyl,steyl,village,6.1212152,51.3322348
528,Nederweerterdijk,nederweerterdijk,hamlet,5.8374268,51.332826
528,Bong,bong,hamlet,6.0767361,51.3336673
528,Leenderstrijp,leenderstrijp,village,5.5431524,51.3338226
528,Kwakkel,kwakkel,hamlet,3.9291043,51.3338695
528,Pauluspolder,pauluspolder,hamlet,4.008863,51.3340042
528,Oostburgsche Brug,oostburgsche brug,hamlet,3.4659629,51.3346994
528,Val,val,hamlet,3.89155,51.3348211
528,Venbergen,venbergen,hamlet,5.446041,51.3370298
528,Keizerrijk,keizerrijk,hamlet,3.9612334,51.3369823
528,Zandberg,zandberg,hamlet,6.0204718,51.3370382
528,Steenoven,steenoven,hamlet,5.8690354,51.337536
528,Slikkenburg,slikkenburg,isolated_dwelling,3.4381049,51.3389378
528,Terhofstede,terhofstede,hamlet,3.3916689,51.3389425
528,Soeterbeek,soeterbeek,hamlet,6.0809395,51.3391195
528,Rinkesfort,rinkesfort,hamlet,6.0615068,51.3394089
528,Maaidijk,maaidijk,isolated_dwelling,3.50332,51.33946
528,Poonhaven,poonhaven,hamlet,3.9439,51.33954
528,Loo,loo,hamlet,5.9975904,51.3394904
528,Deelshurk,deelshurk,hamlet,5.4502041,51.3398055
528,Hoef aan de Pan,hoef aan de pan,hamlet,5.6750293,51.3400433
528,Vosberg,vosberg,hamlet,5.9776,51.3402956
528,Nieuwland,nieuwland,hamlet,3.6409685,51.3411754
528,Zuidzande,zuidzande,village,3.4506465,51.3413262
528,Roverberg,roverberg,hamlet,4.0694571,51.3414868
528,Dekeshorst,dekeshorst,hamlet,6.0192368,51.3422113
528,Tegelen,tegelen,village,6.1362198,51.3429314
528,Zevenhuizen,zevenhuizen,hamlet,5.5607665,51.3430059
528,Braambosch,braambosch,hamlet,5.4130423,51.3437147
528,Hert,hert,hamlet,6.0885062,51.3435139
528,Molenhuizen,molenhuizen,hamlet,6.0605233,51.3439122
528,Hengstdijk,hengstdijk,village,3.9929221,51.3439801
528,Berg,berg,hamlet,5.8611193,51.3456808
528,Meijel,meijel,village,5.8855232,51.3442546
528,Boshoven,boshoven,hamlet,5.3750604,51.3452124
528,Lange Hout,lange hout,hamlet,6.03483,51.34534
528,Boevenheuvel,boevenheuvel,hamlet,5.3419211,51.3447194
528,In de Hoeven,in de hoeven,hamlet,5.94185,51.34559
528,Voorste Heikant,voorste heikant,hamlet,5.1516075,51.3456806
528,Kamperhoek,kamperhoek,isolated_dwelling,3.9598614,51.3461145
528,Griete,griete,hamlet,3.8864927,51.3466909
528,De Pan,de pan,hamlet,5.2710423,51.3474531
528,Oude Stoof,oude stoof,hamlet,3.9793638,51.3478284
528,Schafelt,schafelt,hamlet,6.0961817,51.348099
528,Ten Vorsel,ten vorsel,hamlet,5.2224594,51.3486141
528,Retranchement,retranchement,village,3.3855581,51.3482072
528,Stokkelen,stokkelen,hamlet,5.3273888,51.3491711
528,Kippereind,kippereind,hamlet,5.1648831,51.3494249
528,Achterste Heikant,achterste heikant,hamlet,5.1412314,51.3493261
528,Heiereind,heiereind,hamlet,5.397664,51.3497533
528,Tragel,tragel,hamlet,3.529828,51.3504479
528,Valkenswaard,valkenswaard,town,5.4594497,51.350688
528,'t Heeske,'t heeske,hamlet,6.0285583,51.3510699
528,Zandberg,zandberg,hamlet,6.06572,51.3514754
528,Vieruitersten,vieruitersten,hamlet,5.9017162,51.3519773
528,Eind,eind,hamlet,5.3962406,51.3523856
528,Dalem,dalem,hamlet,5.2600694,51.3526429
528,Weijereind,weijereind,hamlet,5.1720285,51.3528289
528,Hof,hof,hamlet,5.8735245,51.3530487
528,Dubbroek,dubbroek,hamlet,6.0802259,51.3543464
528,Walik,walik,hamlet,5.3643335,51.3538971
528,Marolleput,marolleput,hamlet,3.4817889,51.3553539
528,Egypte,egypte,hamlet,5.2212618,51.3556605
528,Hoogstraat,hoogstraat,hamlet,5.3344135,51.3557849
528,Houthei,houthei,hamlet,6.0691941,51.3565969
528,Schans,schans,hamlet,5.8766586,51.3569354
528,Tasdijk,tasdijk,hamlet,4.021703,51.3577203
528,Maasbree,maasbree,village,6.047488,51.3586733
528,Euvelwegen,euvelwegen,hamlet,5.595139,51.3589729
528,Roodenhoek,roodenhoek,hamlet,3.624892,51.3591396
528,Ossenbocht,ossenbocht,hamlet,5.2314341,51.359157
528,Klakbaan,klakbaan,isolated_dwelling,3.6077366,51.3591853
528,Putte,putte,village,4.3957625,51.3593981
528,Eendragt,eendragt,isolated_dwelling,3.9147545,51.3595271
528,Vliegert,vliegert,hamlet,5.9598088,51.3615396
528,Baalhoek,baalhoek,hamlet,4.088,51.36169
528,Schelm,schelm,hamlet,5.8695189,51.3619426
528,Broekhoven,broekhoven,hamlet,5.3799266,51.3623253
528,Keersop,keersop,hamlet,5.4186898,51.3636722
528,Schoorveld,schoorveld,hamlet,6.0156315,51.3663182
528,Kruisdorp,kruisdorp,hamlet,4.039386,51.3664264
528,Ven,ven,hamlet,5.5631805,51.3669377
528,Kloosterzande,kloosterzande,village,4.0104928,51.3675144
528,Korte Heide,korte heide,hamlet,6.048129,51.3688636
528,Nieuwvliet,nieuwvliet,village,3.4723482,51.372222
528,Duizel,duizel,village,5.2996185,51.369895
528,Mosik,mosik,hamlet,5.2865964,51.3699058
528,Meer,meer,hamlet,5.3111026,51.3715355
528,Ginderover,ginderover,hamlet,5.5876102,51.3718723
528,Tongerlo,tongerlo,hamlet,6.0234219,51.3729535
528,Hoogeweg,hoogeweg,hamlet,3.6443844,51.3729922
528,Sasput,sasput,hamlet,3.6043018,51.3733944
528,Groenendijk,groenendijk,neighbourhood,4.0094387,51.3734413
528,Heezerenbosch,heezerenbosch,hamlet,5.5513599,51.3740368
528,Heikant,heikant,hamlet,5.4475544,51.3744426
528,Behelp,behelp,hamlet,5.7591379,51.374709
528,Lemel,lemel,hamlet,5.2595158,51.3750993
528,Franse Hoef,franse hoef,hamlet,5.1998377,51.3760918
528,Slijkplaat,slijkplaat,hamlet,3.6026702,51.3774748
528,Plaatsluis,plaatsluis,hamlet,4.3334,51.3784464
528,Steensel,steensel,village,5.3523546,51.3779973
528,Timmereind,timmereind,hamlet,5.43331,51.37903
528,Loon,loon,hamlet,5.4409347,51.3792524
528,De Hoef,de hoef,hamlet,5.2974352,51.3807309
528,Heitrak,heitrak,hamlet,5.8584407,51.3814039
528,Walsoorden,walsoorden,village,4.0275286,51.3824292
528,Achtereind,achtereind,hamlet,5.4906389,51.3822436
528,Nummer Een,nummer een,hamlet,3.595594,51.3824538
528,De Hoef,de hoef,hamlet,5.1851767,51.38355
528,Boerenhol,boerenhol,hamlet,3.5371447,51.3837285
528,Landorp,landorp,hamlet,5.2697357,51.3845432
528,Driehuis,driehuis,hamlet,5.32341,51.3848853
528,Most,most,hamlet,6.01501,51.38507
528,Someren,someren,town,5.7133677,51.3858887
528,Waalre,waalre,village,5.4476871,51.3876404
528,Strabrecht,strabrecht,hamlet,5.5801266,51.3870953
528,Sneidershoek,sneidershoek,hamlet,5.32862,51.38813
528,Ossenisse,ossenisse,village,3.9778566,51.3883662
528,St. Pierre,st pierre,hamlet,3.4511263,51.3891703
528,Den Broek,den broek,hamlet,6.0266787,51.3901766
528,Helenaveen,helenaveen,village,5.9178418,51.388689
528,Het Bosch,het bosch,hamlet,5.220083,51.3908278
528,Heikant,heikant,hamlet,5.2909765,51.3924061
528,Vooreind,vooreind,hamlet,5.1662001,51.3923099
528,Genooi,genooi,hamlet,6.1608771,51.3946151
528,Rul,rul,hamlet,5.5770314,51.3946287
528,Casteren,casteren,village,5.2381619,51.3964221
528,Twisselt,twisselt,hamlet,5.1210773,51.3971708
528,Heikant,heikant,hamlet,5.1816054,51.396508
528,Hoogeloon,hoogeloon,village,5.2683632,51.3970303
528,Wolfshoek,wolfshoek,hamlet,5.3552961,51.3989832
528,Knegsel,knegsel,village,5.3472854,51.3995457
528,De Krosselt,de krosselt,hamlet,6.1699366,51.3997991
528,Bath,bath,hamlet,4.2090132,51.4012453
528,Steeg,steeg,hamlet,6.0196511,51.4016784
528,Voordeldonk,voordeldonk,hamlet,5.7724958,51.4016445
528,Vinkepas,vinkepas,hamlet,6.0377263,51.4039186
528,Braakhoek,braakhoek,hamlet,5.1763093,51.403824
528,Sloot,sloot,hamlet,5.8340154,51.4043302
528,Asten,asten,town,5.7458688,51.404091
528,Biezenheuvel,biezenheuvel,hamlet,5.3033844,51.4049919
528,Heieind,heieind,hamlet,5.2516275,51.4068845
528,Nieuwesluis,nieuwesluis,hamlet,3.5114364,51.4066488
528,Lage Mierde,lage mierde,village,5.1491649,51.4066691
528,Het Vorst,het vorst,hamlet,6.156493,51.407987
528,Leensel,leensel,hamlet,5.8060382,51.40776
528,Rinkveld,rinkveld,hamlet,5.785478,51.4083044
528,Mispeleind,mispeleind,hamlet,5.1643668,51.4086234
528,Calfven,calfven,hamlet,4.3157859,51.4089301
528,Koekoek,koekoek,hamlet,3.815209,51.4090752
528,Stegen,stegen,hamlet,5.7634371,51.4127575
528,Driehuizen,driehuizen,hamlet,5.2971519,51.4139375
528,De Hees,de hees,hamlet,6.0134188,51.4145268
528,Velden,velden,village,6.1633231,51.4155926
528,Kronenberg,kronenberg,village,5.9994823,51.4157547
528,Veneind,veneind,hamlet,5.2969642,51.4164776
528,Halfmijl,halfmijl,hamlet,5.32573,51.41742
528,Maaskant,maaskant,hamlet,5.3005796,51.4179439
528,Vessem,vessem,village,5.2882066,51.419252
528,Vilgert,vilgert,hamlet,6.1706626,51.4195021
528,Waarde,waarde,village,4.068992,51.4196626
528,Californië,californie,hamlet,6.1076159,51.4206237
528,Schandelo,schandelo,hamlet,6.1875624,51.4224182
528,Ulfterhoek,ulfterhoek,hamlet,6.0491299,51.4242372
528,Lovendaal,lovendaal,hamlet,6.1335812,51.4249753
528,Hasselderheide,hasselderheide,hamlet,6.1735367,51.4258483
528,Gorpeind,gorpeind,hamlet,4.905197,51.4262767
528,Hasselt,hasselt,hamlet,6.1610328,51.4260809
528,Eiland,eiland,hamlet,4.3657068,51.4270071
528,Hoogeind,hoogeind,hamlet,5.365684,51.4277715
528,Broekeind,broekeind,hamlet,6.1381066,51.428414
528,Ovezande,ovezande,village,3.8224077,51.4285139
528,Eikelenbosch,eikelenbosch,hamlet,4.9003006,51.431081
528,Liefkenshoek,liefkenshoek,hamlet,4.955475,51.4316933
528,Bong,bong,hamlet,6.1743436,51.4323027
528,Kwadendamme,kwadendamme,village,3.8776854,51.4325784
528,Baarschot,baarschot,hamlet,5.7672322,51.4339323
528,Eindhoven,eindhoven,city,5.478633,51.4392648
528,Hoogeind,hoogeind,hamlet,4.9015181,51.4343563
528,Reth,reth,hamlet,4.9498448,51.4347325
528,Heimolen,heimolen,hamlet,5.7898309,51.4376691
528,Urkhoven,urkhoven,hamlet,5.5331321,51.4364644
528,Voort,voort,hamlet,6.1706775,51.4371043
528,Heesboom,heesboom,hamlet,4.889356,51.4379801
528,Meerven,meerven,hamlet,5.2648205,51.4394491
528,Nieuwe Strumpt,nieuwe strumpt,hamlet,4.8500459,51.4399051
528,Belgeren,belgeren,hamlet,5.7479873,51.4402785
528,Veldbraak,veldbraak,hamlet,4.9610105,51.4402473
528,Oude Strumpt,oude strumpt,hamlet,4.83545,51.4407
528,Schoelieberg,schoelieberg,hamlet,4.3837193,51.4390796
528,Scherpenering,scherpenering,hamlet,5.3572769,51.4418394
528,Keizershoek,keizershoek,hamlet,4.9543965,51.44183
528,Heieind,heieind,hamlet,5.77876,51.44195
528,Voorste Beersdonk,voorste beersdonk,hamlet,5.7265887,51.4418475
528,Westelbeers,westelbeers,hamlet,5.2133001,51.4413349
528,Beersdonk,beersdonk,hamlet,5.7142388,51.4430405
528,Reuth,reuth,hamlet,4.8937194,51.4436023
528,Oostdijk,oostdijk,village,4.0792204,51.443454
528,Breemortel,breemortel,hamlet,5.81277,51.44387
528,Griendtsveen,griendtsveen,village,5.8818198,51.4438463
528,Vloeieind,vloeieind,hamlet,5.7722345,51.4449086
528,Overberg,overberg,hamlet,4.371701,51.4451535
528,Lomm,lomm,village,6.1718143,51.4486337
528,Heikant,heikant,hamlet,4.9650313,51.4460203
528,Pannenschop,pannenschop,hamlet,5.83251,51.44629
528,Ostaaien,ostaaien,hamlet,4.6047446,51.44769
528,Hondseind,hondseind,hamlet,5.7695308,51.4477504
528,Voske,voske,hamlet,4.9735612,51.4494003
528,Hoogeind,hoogeind,hamlet,5.1381335,51.4501057
528,Hanik,hanik,hamlet,6.2115412,51.4517336
528,Bijsterveld,bijsterveld,hamlet,5.3526023,51.4517166
528,'s-Heerenhoek,'s-heerenhoek,village,3.7690429,51.4536144
528,Heikant,heikant,hamlet,4.8467894,51.4533261
528,Driehuizen,driehuizen,hamlet,4.965485,51.4533124
528,Wernhout,wernhout,village,4.6420179,51.4540976
528,Achtmaal,achtmaal,village,4.5842818,51.4537245
528,Meterik,meterik,village,6.0245901,51.4557618
528,'t Vlaandertje,'t vlaandertje,hamlet,3.8063622,51.4563483
528,Vleet,vleet,hamlet,4.3993423,51.456932
528,Klein-Bedaf,klein-bedaf,hamlet,4.9847999,51.457288
528,De Weijer,de weijer,hamlet,5.7107427,51.4572344
528,Ulicoten,ulicoten,village,4.8563379,51.4579504
528,De Steegh,de steegh,hamlet,6.1517601,51.4580634
528,Middelijk,middelijk,neighbourhood,6.0421237,51.4580398
528,Baarschot,baarschot,village,5.1870449,51.4583983
528,'s-Gravenpolder,'s-gravenpolder,village,3.9022882,51.4591155
528,Merlenberg,merlenberg,hamlet,5.8249077,51.45934
528,Zwaanenheike,zwaanenheike,hamlet,6.1414272,51.4596058
528,Rijkebuurt,rijkebuurt,hamlet,3.7840693,51.4613141
528,Wildert,wildert,hamlet,4.6686841,51.4610494
528,Melderslo,melderslo,village,6.0854082,51.4617228
528,Kuikseind,kuikseind,hamlet,5.2548107,51.4617635
528,Esbeek,esbeek,village,5.1371625,51.4618953
528,Schorebrug,schorebrug,hamlet,4.0115547,51.4620289
528,Kulert,kulert,hamlet,5.8160399,51.462389
528,Maaijkant,maaijkant,hamlet,4.868212,51.4631118
528,Driehoek,driehoek,hamlet,4.62686,51.4634393
528,Boshoven,boshoven,hamlet,4.9458117,51.4636537
528,De Buis,de buis,hamlet,4.6045623,51.4651165
528,Huygevoort,huygevoort,hamlet,5.231013,51.4658865
528,Veld-Oostenrijk,veld-oostenrijk,hamlet,6.0364651,51.4665056
528,Schadijk,schadijk,hamlet,6.0199189,51.466768
528,Homberg,homberg,hamlet,6.1461043,51.4668381
528,Heihoefke,heihoefke,hamlet,4.3322378,51.4668861
528,Het Oudeland,het oudeland,hamlet,3.8005382,51.467424
528,Heimolen,heimolen,hamlet,4.3151519,51.4677526
528,Terover,terover,hamlet,4.9738405,51.4690238
528,Nieuwacht,nieuwacht,hamlet,5.4083064,51.4712455
528,Het Sas,het sas,hamlet,4.9841478,51.469713
528,Kerkeind,kerkeind,hamlet,5.7867868,51.4708147
528,Knaphof,knaphof,hamlet,3.760757,51.4718711
528,Diessen,diessen,village,5.1751483,51.4762167
528,Sinoutskerke,sinoutskerke,hamlet,3.8647695,51.4726459
528,Lingsfort,lingsfort,hamlet,6.2020097,51.474307
528,Hoog Spul,hoog spul,hamlet,5.1331826,51.474725
528,Biezelinge,biezelinge,village,3.9599069,51.4754285
528,Voorteind,voorteind,hamlet,5.2419916,51.4757702
528,Eikelenbosch,eikelenbosch,hamlet,6.0855422,51.4767813
528,Nieuwe Abeele,nieuwe abeele,hamlet,3.5992659,51.4768568
528,Groot Bruggen,groot bruggen,hamlet,5.7611905,51.4776661
528,Waterstraat,waterstraat,hamlet,5.1614588,51.47844
528,Voort,voort,hamlet,5.7869931,51.4791499
528,Stokt,stokt,hamlet,6.15096,51.47894
528,Klein Bruggen,klein bruggen,hamlet,5.7561761,51.4792581
528,Klein Zundert,klein zundert,village,4.656172,51.4793859
528,Hei-Oostenrijk,hei-oostenrijk,hamlet,6.05833,51.47945
528,De Groe,de groe,hamlet,3.9042301,51.4812805
528,Koudekerke,koudekerke,village,3.5542879,51.4821967
528,Langeschouw,langeschouw,hamlet,4.5392653,51.4828594
528,Baarsdorp,baarsdorp,hamlet,3.8397842,51.483369
528,Klein Loo,klein loo,hamlet,5.1241546,51.4840134
528,Nispense Achterhoek,nispense achterhoek,hamlet,4.4939225,51.4842737
528,Veld,veld,hamlet,6.1827921,51.4847737
528,Brandemolen,brandemolen,hamlet,6.1934626,51.4850547
528,Heijbeek,heijbeek,hamlet,4.4847335,51.4850975
528,Molenhof,molenhof,hamlet,5.739364,51.484326
528,Schouw,schouw,hamlet,5.7299709,51.485947
528,Heidveld,heidveld,hamlet,5.7385513,51.4867596
528,Broekhuizen,broekhuizen,village,6.1631772,51.4877108
528,Kuundert,kuundert,hamlet,5.7481804,51.488727
528,Hilakker,hilakker,hamlet,5.7447419,51.4887655
528,Ysselsteyn,ysselsteyn,village,5.8961579,51.4899045
528,Steegsbroek,steegsbroek,hamlet,5.938677,51.4903593
528,Bokt,bokt,hamlet,5.5002163,51.4905084
528,Lage Haghorst,lage haghorst,hamlet,5.1964465,51.4913487
528,Ravensgat,ravensgat,hamlet,5.7246745,51.4919466
528,Zoomvliet,zoomvliet,hamlet,4.36041,51.49511
528,Tienray,tienray,village,6.0928198,51.4952892
528,Klein-Oirlo,klein-oirlo,hamlet,6.0556243,51.4952454
528,Bankert,bankert,hamlet,5.7930274,51.4954699
528,Broekhuizenvorst,broekhuizenvorst,village,6.1566406,51.4958387
528,Schoor,schoor,hamlet,5.9951596,51.4961782
528,Brembosch,brembosch,hamlet,4.4285915,51.4963429
528,Mathijseind,mathijseind,hamlet,5.7155025,51.4974054
528,Theetuin,theetuin,hamlet,5.3108194,51.4983961
528,Muizenhol,muizenhol,hamlet,5.71166,51.49839
528,Everland,everland,hamlet,4.44772,51.49872
528,Biggekerke,biggekerke,village,3.5258851,51.4993073
528,Arnemuiden,arnemuiden,village,3.6762457,51.5000009
528,Raamberg,raamberg,hamlet,4.6739355,51.500149
528,Meijsberg,meijsberg,hamlet,4.874479,51.5002445
528,Breehees,breehees,hamlet,5.0671346,51.5001585
528,Strijp,strijp,hamlet,5.6276149,51.500395
528,Nederheide,nederheide,hamlet,4.51285,51.50052
528,Hooge Haghorst,hooge haghorst,hamlet,5.2056031,51.5006383
528,Hoeven,hoeven,hamlet,5.7903528,51.5009324
528,Strijbeek,strijbeek,hamlet,4.7980106,51.5010092
528,Molenhoek,molenhoek,hamlet,6.043213,51.5016812
528,Legert,legert,hamlet,6.1318422,51.5017889
528,Keuter,keuter,hamlet,6.1069982,51.5021922
528,Terlucht,terlucht,isolated_dwelling,3.8353379,51.5026111
528,Scheepstal,scheepstal,hamlet,5.6870746,51.5039166
528,Milheeze,milheeze,village,5.7792877,51.5027775
528,De Heiberg,de heiberg,hamlet,4.5535232,51.5036165
528,Bakel,bakel,village,5.7397091,51.5036525
528,Rixtel,rixtel,hamlet,5.6454265,51.5045771
528,Wolfsput,wolfsput,hamlet,5.6797121,51.504729
528,Elshout,elshout,hamlet,6.0904437,51.5050964
528,Gun,gun,hamlet,6.1169648,51.5060472
528,Klein-Oekel,klein-oekel,hamlet,4.7174147,51.5054904
528,Chaam,chaam,village,4.8611725,51.5052547
528,Houtens,houtens,hamlet,5.4748911,51.5067053
528,Vijfhoek,vijfhoek,hamlet,4.3647185,51.5068343
528,Nuijeneind,nuijeneind,hamlet,5.71705,51.50742
528,Krommenhoeke,krommenhoeke,isolated_dwelling,3.5413661,51.507638
528,Bijsterveld,bijsterveld,hamlet,5.3376478,51.5077941
528,Ooijen,ooijen,hamlet,6.1516078,51.5080633
528,Kersel,kersel,hamlet,4.7782533,51.5080134
528,Den Opslag,den opslag,hamlet,5.19835,51.50834
528,Breedschot,breedschot,hamlet,4.7146855,51.5086302
528,Biest-Houtakker,biest-houtakker,village,5.1579564,51.5077884
528,Kruisstraat,kruisstraat,hamlet,4.4680798,51.5100241
528,Tiggelt,tiggelt,hamlet,4.687349,51.5098614
528,Deense Hoek,deense hoek,hamlet,5.5813036,51.5109995
528,Westerwijk,westerwijk,hamlet,5.13052,51.51019
528,Zand,zand,hamlet,5.7483166,51.5103701
528,'t Hof,'t hof,hamlet,5.5911331,51.5104527
528,Nachtegaal,nachtegaal,hamlet,6.13761,51.51107
528,Visdonk,visdonk,hamlet,4.4850719,51.5111865
528,Aarle-Rixtel,aarle-rixtel,village,5.6375541,51.5093107
528,Sint Janskerke,sint janskerke,hamlet,3.4955577,51.5115257
528,Heikant,heikant,hamlet,5.6690378,51.5118575
528,Notel,notel,hamlet,5.3208429,51.5123532
528,Boddenbroek,boddenbroek,hamlet,6.04967,51.51264
528,Lubberstraat,lubberstraat,hamlet,5.2760875,51.5122447
528,Megelsum,megelsum,hamlet,6.1051094,51.5141265
528,Meliskerke,meliskerke,village,3.5103558,51.514325
528,Neerstraat,neerstraat,hamlet,5.72437,51.51481
528,Dassemus,dassemus,hamlet,4.8500973,51.5149632
528,Spinolaberg,spinolaberg,hamlet,4.2646174,51.5149949
528,Lieveld,lieveld,hamlet,5.2823317,51.5152393
528,Speurgt,speurgt,hamlet,5.69177,51.51565
528,Heikant,heikant,hamlet,4.8731191,51.5163715
528,Ven,ven,hamlet,5.7483485,51.5164372
528,de Schietbaan,de schietbaan,isolated_dwelling,4.5279251,51.5168184
528,Zaarvlaas,zaarvlaas,hamlet,5.73561,51.51732
528,Langendijk,langendijk,hamlet,4.510594,51.5173846
528,Kattenberg,kattenberg,hamlet,5.2531868,51.5175026
528,Son,son,suburb,5.4881903,51.5176506
528,Pandgat,pandgat,hamlet,5.2825355,51.5177162
528,Spoordonk,spoordonk,village,5.2726892,51.5176094
528,Esp,esp,hamlet,5.72228,51.51812
528,Hedel,hedel,hamlet,5.2984893,51.5193619
528,Evenheuvel,evenheuvel,hamlet,5.310451,51.5190959
528,Boudewijnskerke,boudewijnskerke,isolated_dwelling,3.4695574,51.5203909
528,Broekzijde,broekzijde,hamlet,5.1784283,51.5212178
528,Eind,eind,hamlet,5.5222992,51.5200528
528,Tiggeltscheberg,tiggeltscheberg,hamlet,4.6750605,51.5209418
528,Grotel,grotel,hamlet,5.6919017,51.521446
528,Kalishoek,kalishoek,hamlet,4.8716318,51.5221594
528,Mosselaar,mosselaar,hamlet,5.3592414,51.5222826
528,Polsdonken,polsdonken,hamlet,5.2941012,51.5237595
528,Heuvelstraat,heuvelstraat,hamlet,5.1601236,51.5254517
528,Beemdkant,beemdkant,hamlet,5.6005624,51.5255502
528,Riel,riel,village,5.023454,51.5258394
528,Tregelaar,tregelaar,hamlet,5.3033307,51.5247174
528,Zelt,zelt,hamlet,5.1790425,51.5261334
528,Zwijnsbergen,zwijnsbergen,hamlet,5.5069667,51.5268585
528,De Biezen,de biezen,hamlet,5.6706711,51.5271819
528,Klooster,klooster,hamlet,4.8627857,51.5276488
528,Sonniuswijk,sonniuswijk,hamlet,5.4685276,51.5277979
528,Tereyken,tereyken,hamlet,5.6855779,51.5283632
528,Slikkenburg,slikkenburg,hamlet,4.2503972,51.5281611
528,Boeiink,boeiink,hamlet,4.4167624,51.5283797
528,Hoogen-Aarle,hoogen-aarle,hamlet,5.7197233,51.5293162
528,Heikant,heikant,hamlet,4.62821,51.53028
528,Helling,helling,hamlet,6.0834988,51.5303478
528,Vinkenberg,vinkenberg,hamlet,5.1772201,51.5315117
528,De Vleut,de vleut,hamlet,5.4167231,51.5320893
528,Milschot,milschot,hamlet,5.7003996,51.5308274
528,Bakertand,bakertand,hamlet,5.0806617,51.5336067
528,Couwelaar,couwelaar,hamlet,4.806455,51.5368375
528,De Rotting,de rotting,hamlet,4.3728511,51.5348476
528,Valkenberg,valkenberg,hamlet,4.8394124,51.5349315
528,Broekkant,broekkant,hamlet,5.6522244,51.5353715
528,Kleindorp,kleindorp,hamlet,5.9309037,51.5352031
528,Wellerlooi,wellerlooi,village,6.1388583,51.5354124
528,Daland,daland,hamlet,5.9119393,51.5356235
528,Beek,beek,hamlet,5.9432482,51.5360921
528,Ren,ren,hamlet,5.7046429,51.5360817
528,Hellegat,hellegat,hamlet,4.691941,51.5363975
528,Boschkens,boschkens,hamlet,5.0626354,51.5362723
528,Steenenkruis,steenenkruis,hamlet,4.1936526,51.5367117
528,Boshuizen,boshuizen,hamlet,6.0015565,51.5371082
528,Vernhout,vernhout,hamlet,5.4381841,51.5374003
528,Sprundel,sprundel,village,4.5967155,51.5372409
528,Hild,hild,hamlet,5.1978381,51.5374378
528,Het Oosteind,het oosteind,hamlet,4.6296135,51.5378488
528,Donkersvoort,donkersvoort,hamlet,5.5993147,51.5383589
528,Heereind,heereind,hamlet,5.6160548,51.5383062
528,Jodenpeel,jodenpeel,hamlet,5.8424992,51.5385772
528,De Mortel,de mortel,village,5.7089062,51.5403294
528,Mariahout,mariahout,village,5.5713434,51.5410252
528,Moerstraten,moerstraten,village,4.342207,51.5413067
528,Zwarteklef,zwarteklef,hamlet,5.9626686,51.5415376
528,Vroenhout,vroenhout,hamlet,4.4196122,51.5421201
528,Karstraat,karstraat,hamlet,5.6108111,51.5418379
528,Klappenberg,klappenberg,hamlet,4.6660076,51.5419821
528,Endepoel,endepoel,hamlet,5.93949,51.54312
528,'t Schoor,'t schoor,hamlet,5.4513323,51.5432391
528,Heiligeboom,heiligeboom,hamlet,5.1967344,51.5450974
528,Waterkant,waterkant,hamlet,4.2601085,51.5453359
528,Munnikenheide,munnikenheide,hamlet,4.6162097,51.5467512
528,Lepelstraat,lepelstraat,village,4.276559,51.5490246
528,Bemmer,bemmer,hamlet,5.6238466,51.5506166
528,De Rips,de rips,village,5.8106171,51.5507901
528,Buiten de Veste,buiten de veste,hamlet,3.6570055,51.5503237
528,Brakkenstraat,brakkenstraat,hamlet,4.6566965,51.5509115
528,Geijsteren,geijsteren,village,6.0501116,51.5506829
528,Stokske,stokske,hamlet,5.1904768,51.551549
528,Nijnsel,nijnsel,village,5.4822405,51.5522342
528,Visberg,visberg,hamlet,4.4172786,51.552964
528,Elsteren,elsteren,hamlet,6.07907,51.5552
528,Knikkerdorp,knikkerdorp,hamlet,6.10271,51.5558785
528,Zegge,zegge,village,4.5167245,51.5558698
528,De Rand,de rand,hamlet,4.1158283,51.5563161
528,Botshoofd,botshoofd,hamlet,4.2287608,51.5578164
528,Boerdonk,boerdonk,village,5.6263531,51.5595751
528,De Bus,de bus,hamlet,5.4204074,51.5587661
528,Molenperk,molenperk,hamlet,3.6053665,51.559675
528,Nieuwenberg,nieuwenberg,hamlet,4.4820117,51.5594751
528,Moerenburg,moerenburg,hamlet,5.1149396,51.5600641
528,Kladde,kladde,hamlet,4.264544,51.5612548
528,Heesterbosch,heesterbosch,hamlet,4.5093812,51.5614191
528,Domburg,domburg,village,3.4967277,51.5632141
528,Pitteperk,pitteperk,hamlet,3.6071987,51.5639681
528,Malland,malland,hamlet,4.1004404,51.5641422
528,Vrilkhoven,vrilkhoven,hamlet,5.3523947,51.5640317
528,Pandelaarse Kampen,pandelaarse kampen,hamlet,5.6651561,51.5646821
528,Bremberg,bremberg,hamlet,4.6836,51.56476
528,Loobeek,loobeek,hamlet,5.9961097,51.5652467
528,Sint-Oedenrode,sint-oedenrode,town,5.4610004,51.5646434
528,Wolfsbosch,wolfsbosch,hamlet,5.7108341,51.5659469
528,Noordhoek,noordhoek,hamlet,4.5160469,51.5661909
528,Hezelaar,hezelaar,hamlet,5.3892433,51.566085
528,Smakt,smakt,village,6.0041863,51.5662858
528,Vossenberg,vossenberg,hamlet,5.7867999,51.5663495
528,Bosscherheide,bosscherheide,hamlet,6.08304,51.56766
528,Kruisland,kruisland,village,4.4068222,51.5688408
528,Lijndonk,lijndonk,hamlet,4.8587661,51.5692223
528,Deelse Kampen,deelse kampen,hamlet,5.6833697,51.5702121
528,Rolaf,rolaf,hamlet,4.2482348,51.5730066
528,Lies,lies,hamlet,4.71174,51.57141
528,Vorst,vorst,hamlet,5.3292782,51.5719296
528,Liempde,liempde,village,5.3713218,51.5705349
528,Hondsberg,hondsberg,hamlet,5.1873735,51.5725704
528,De Bocht,de bocht,hamlet,4.3339326,51.5731219
528,Koks,koks,hamlet,5.6573276,51.573506
528,Holthees,holthees,village,6.0052246,51.5740299
528,Hoogeind,hoogeind,hamlet,5.1288798,51.5747375
528,Berg,berg,hamlet,5.3623903,51.5761894
528,Tervoort,tervoort,hamlet,4.83761,51.57643
528,Verreheide,verreheide,hamlet,5.6909301,51.5772642
528,Pelsendijk,pelsendijk,hamlet,4.2340661,51.5772339
528,Koevering,koevering,hamlet,4.2681741,51.5773117
528,Hoeven,hoeven,village,4.5875432,51.5802562
528,De Roond,de roond,hamlet,5.2921838,51.5789112
528,Zondveld,zondveld,hamlet,5.5523033,51.5790483
528,Elsendorp,elsendorp,village,5.7686983,51.5813308
528,Olland,olland,village,5.4062833,51.5805072
528,Esdonk,esdonk,hamlet,5.6692237,51.5811137
528,Handel,handel,village,5.7135574,51.5794077
528,Westerbeek,westerbeek,village,5.8637438,51.5822192
528,Lage Donk,lage donk,hamlet,4.60478,51.58244
528,Haansberg,haansberg,hamlet,4.6312336,51.5827206
528,Kasteren,kasteren,hamlet,5.3703114,51.5831805
528,Op den Bosch,op den bosch,hamlet,6.0203015,51.5837485
528,Hurkske,hurkske,hamlet,5.6215007,51.58402
528,Aijen,aijen,village,6.0426989,51.5841428
528,Kuivezand,kuivezand,hamlet,4.4962089,51.5850114
528,Goorstraat,goorstraat,hamlet,4.6203033,51.5853103
528,Stavenisse,stavenisse,village,4.0126377,51.5859884
528,Sander,sander,hamlet,4.6312366,51.5869476
528,De Laren,de laren,hamlet,5.6068334,51.5871356
528,Keldonk,keldonk,village,5.585635,51.5879378
528,Hazennest,hazennest,hamlet,5.10791,51.58802
528,Slagveld,slagveld,hamlet,4.6414801,51.5883738
528,Schafferden,schafferden,hamlet,5.9897872,51.5884811
528,Huize Padua,huize padua,hamlet,5.7063138,51.5887013
528,Heuvelberg,heuvelberg,hamlet,5.6246084,51.5908251
528,Luissel,luissel,hamlet,5.2593827,51.5903894
528,Tongeren,tongeren,hamlet,5.291126,51.5910934
528,Breukelen,breukelen,locality,5.3146306,51.5913031
528,Leurke,leurke,hamlet,5.6745304,51.5917208
528,Rugdijk,rugdijk,hamlet,5.0973072,51.5922508
528,Zijtaart,zijtaart,village,5.5413528,51.5928622
528,Peelstraat,peelstraat,hamlet,5.6815892,51.592559
528,Spekklef,spekklef,hamlet,5.855733,51.5933705
528,Veluwe,veluwe,hamlet,5.6469478,51.5959683
528,Stoof,stoof,hamlet,4.4739166,51.5963068
528,Bus,bus,hamlet,5.4977375,51.5963609
528,Brem,brem,hamlet,5.1476231,51.5964647
528,Huifke,huifke,hamlet,5.6632134,51.5976018
528,Nergena,nergena,hamlet,5.2865087,51.5976908
528,Holleneind,holleneind,hamlet,5.2019875,51.5980764
528,'t Eind,'t eind,neighbourhood,5.2350551,51.5983141
528,Zandhoek,zandhoek,hamlet,5.6612688,51.598399
528,Belvert,belvert,hamlet,5.2468273,51.5988172
528,Bergen,bergen,village,6.0469005,51.6012568
528,Blauwenhoek,blauwenhoek,hamlet,5.8721812,51.5999188
528,Doornhoek,doornhoek,hamlet,5.5377974,51.6038919
528,Langenberg,langenberg,hamlet,5.3481182,51.6006549
528,Erp,erp,village,5.6064592,51.6004767
528,Kouwenberg,kouwenberg,hamlet,5.0885764,51.6008901
528,Driehoek,driehoek,hamlet,5.8801273,51.6012633
528,Donk,donk,neighbourhood,5.6865978,51.6043476
528,Eerde,eerde,village,5.4980051,51.6034376
528,Achterste Hermalen,achterste hermalen,hamlet,5.4035448,51.6043454
528,Verloren Hoek,verloren hoek,hamlet,4.68569,51.60564
528,Bolst,bolst,hamlet,5.6010774,51.6058118
528,Hermalen,hermalen,hamlet,5.4028358,51.6088261
528,Schans,schans,hamlet,4.5162242,51.6063034
528,Kreitenmolen,kreitenmolen,hamlet,5.1598779,51.6063683
528,Vijfhuizen,vijfhuizen,hamlet,5.0956377,51.6072198
528,Oploo,oploo,village,5.8738463,51.6072833
528,Burgt,burgt,hamlet,5.6807174,51.6102706
528,Venrode,venrode,hamlet,5.322361,51.61323
528,Steenoven,steenoven,hamlet,4.9028789,51.6087928
528,Seters,seters,hamlet,4.86791,51.60943
528,Roonsestraat,roonsestraat,hamlet,5.2364552,51.6096322
528,Houtsestraat,houtsestraat,hamlet,5.1099917,51.6099054
528,Teteringen,teteringen,village,4.8214856,51.6103716
528,Neerbroek,neerbroek,hamlet,5.6642584,51.6106231
528,Venushoeve,venushoeve,hamlet,5.43186,51.61044
528,Heesakker,heesakker,hamlet,5.2576761,51.6108116
528,Morsche Hoef,morsche hoef,hamlet,5.6113087,51.6120791
528,Winkel,winkel,hamlet,5.1692,51.61237
528,Noenes,noenes,hamlet,5.2460247,51.6127445
528,Bovenstehuis,bovenstehuis,hamlet,5.6798794,51.6149236
528,Vlagberg,vlagberg,hamlet,5.84852,51.61523
528,Hooghout,hooghout,hamlet,5.196383,51.6170852
528,Landhorst,landhorst,village,5.7898257,51.6176945
528,Elde,elde,hamlet,5.4133585,51.6163949
528,Beukelaar,beukelaar,hamlet,5.5626666,51.616695
528,Besselaar,besselaar,hamlet,5.3651986,51.6166272
528,Smal,smal,hamlet,6.0523,51.6167432
528,Raam,raam,hamlet,5.221172,51.6175124
528,Schorvert,schorvert,hamlet,5.2719981,51.6175044
528,Klein-Vortum,klein-vortum,hamlet,5.9927952,51.6178783
528,Wijbosch,wijbosch,village,5.4642086,51.6184786
528,Gemonde,gemonde,village,5.3556223,51.6204012
528,Boompjesdijk,boompjesdijk,hamlet,4.3140112,51.6182378
528,Borne,borne,hamlet,5.4173447,51.6198018
528,Peelkant,peelkant,hamlet,5.8689791,51.6197918
528,Elzen,elzen,hamlet,5.6608177,51.6206288
528,Vortum-Mullem,vortum-mullem,village,5.978192,51.6208345
528,Molenstraat,molenstraat,hamlet,5.2375241,51.621229
528,Biezenmortel,biezenmortel,village,5.1784928,51.6238393
528,Wielsche Hoeven,wielsche hoeven,hamlet,5.3534482,51.6251695
528,Dorshout,dorshout,hamlet,5.5240043,51.6255167
528,Gijzel,gijzel,hamlet,5.2166779,51.6255943
528,De Kaatse Hoeve,de kaatse hoeve,hamlet,5.3673934,51.6261327
528,Zwartenberg,zwartenberg,hamlet,4.6336319,51.6267477
528,Loon op Zand,loon op zand,village,5.07407,51.6271273
528,Biesthoek,biesthoek,hamlet,5.6528374,51.6275129
528,Kreek,kreek,hamlet,4.5137485,51.6275488
528,Kraanmeer,kraanmeer,hamlet,5.6106046,51.6271286
528,Hazeldonk,hazeldonk,hamlet,4.6284955,51.6297301
528,Bergenshuizen,bergenshuizen,hamlet,5.2778224,51.630805
528,Hal,hal,hamlet,5.3119433,51.6306751
528,Bogaard,bogaard,hamlet,5.43641,51.63128
528,Kwartier,kwartier,hamlet,4.4346848,51.6319437
528,Maatsehei,maatsehei,hamlet,5.6503147,51.6317207
528,Hezelaar,hezelaar,hamlet,5.3660797,51.6342039
528,Helvoirt,helvoirt,village,5.2290649,51.6336388
528,Laar,laar,hamlet,5.1988412,51.6337675
528,Hoogendijk,hoogendijk,hamlet,4.902289,51.6348713
528,Schadron,schadron,hamlet,5.6585253,51.6351865
528,Vossenberg,vossenberg,hamlet,5.42944,51.63526
528,Kooldert,kooldert,hamlet,5.620905,51.636333
528,Mariaheide,mariaheide,village,5.5798484,51.6343392
528,Beekheuvel,beekheuvel,hamlet,6.0958648,51.6377273
528,Noordkant,noordkant,hamlet,5.8920013,51.6380313
528,Weeg,weeg,hamlet,5.6315186,51.6382604
528,Strepen,strepen,hamlet,5.6378596,51.6388371
528,Anna Jacobapolder,anna jacobapolder,village,4.1290093,51.6383706
528,Duifhuis,duifhuis,hamlet,5.595316,51.6391903
528,Zandkant,zandkant,hamlet,5.1638391,51.639383
528,Beugt,beugt,hamlet,5.5122558,51.6395715
528,Hazelberg,hazelberg,hamlet,5.540411,51.6395829
528,Ven,ven,hamlet,5.5530285,51.6404566
528,Teraalst,teraalst,hamlet,4.8049215,51.6405985
528,Niemeskant,niemeskant,hamlet,5.643059,51.6407202
528,Kleine Horst,kleine horst,hamlet,6.0756217,51.6423218
528,Houterd,houterd,hamlet,5.4392019,51.6425921
528,Park,park,hamlet,5.8243733,51.6430554
528,De Bus,de bus,hamlet,5.3835453,51.6434208
528,Driehuizen,driehuizen,hamlet,5.56865,51.64374
528,Volkel,volkel,village,5.6557033,51.6440771
528,Odiliapeel,odiliapeel,village,5.7035012,51.644061
528,Vloet,vloet,hamlet,5.6493027,51.6444801
528,Oosteind,oosteind,village,4.9006071,51.645052
528,Lamperen,lamperen,hamlet,5.8416909,51.6461486
528,Vaart,vaart,hamlet,4.9645604,51.6459877
528,Roestenburg,roestenburg,hamlet,5.5347458,51.6462894
528,Nieuwerkerk,nieuwerkerk,village,4.0006743,51.6492243
528,Tielse Hoeve,tielse hoeve,hamlet,5.3759106,51.6468397
528,Pelikaan,pelikaan,hamlet,4.5680016,51.646908
528,Papenvoort,papenvoort,hamlet,5.8682922,51.6482871
528,Halder,halder,hamlet,5.3228913,51.649224
528,Lakei,lakei,hamlet,6.0589738,51.649002
528,Doodenhoek,doodenhoek,hamlet,5.496249,51.6493329
528,Velmolen,velmolen,hamlet,5.6365463,51.6493091
528,Siebengewald,siebengewald,village,6.1065773,51.6494766
528,Heeswijk-Dinther,heeswijk-dinther,village,5.4739859,51.6493848
528,Oudemolen,oudemolen,village,4.4658477,51.650327
528,Nieuwe Molenheide,nieuwe molenheide,hamlet,5.4326512,51.6488321
528,Hoeven,hoeven,hamlet,5.8112073,51.6515396
528,Vorstenbosch,vorstenbosch,village,5.5523875,51.653954
528,'t Woud,'t woud,hamlet,5.3770147,51.6521892
528,Rijkevoort-De Walsert,rijkevoort-de walsert,hamlet,5.8539027,51.6530777
528,Wilbertoord,wilbertoord,village,5.7739021,51.6553303
528,Loveren,loveren,hamlet,5.2349901,51.654397
528,Noord,noord,hamlet,5.805231,51.6543917
528,Woud,woud,hamlet,5.3791427,51.655902
528,Groenendijk,groenendijk,hamlet,4.9220534,51.6564208
528,Wanroij,wanroij,village,5.8201853,51.6569768
528,Rijkevoort,rijkevoort,village,5.885017,51.6576195
528,Plein,plein,hamlet,5.3356958,51.6577312
528,Lariestraat,lariestraat,hamlet,5.4639816,51.6574591
528,Heische Wal,heische wal,hamlet,5.5134952,51.6577519
528,Hoogeind,hoogeind,hamlet,5.897899,51.6582927
528,Heloren,heloren,hamlet,5.4714703,51.6578751
528,Muggenhoek,muggenhoek,hamlet,5.4782858,51.6589316
528,Fokkershoek,fokkershoek,hamlet,5.4582149,51.6585539
528,Hoogveld,hoogveld,hamlet,5.6671368,51.6593974
528,Vrij,vrij,hamlet,6.07366,51.65987
528,Zwingelspaan,zwingelspaan,hamlet,4.4951744,51.6604441
528,Distelberg,distelberg,hamlet,5.2159475,51.6603648
528,Bedaf,bedaf,hamlet,5.5756339,51.6610597
528,Hommelse Hoeven,hommelse hoeven,hamlet,5.501296,51.6617207
528,Verlorenhoek,verlorenhoek,hamlet,5.8166239,51.6625313
528,Zandschel,zandschel,hamlet,4.98502,51.66335
528,Oranjeoord,oranjeoord,hamlet,4.4047334,51.6630025
528,Laageind,laageind,hamlet,5.8671758,51.6634963
528,Horzik,horzik,hamlet,5.358613,51.663553
528,Broekkant,broekkant,hamlet,5.8316317,51.6645061
528,Hoek,hoek,hamlet,5.3914357,51.6644012
528,Stadse Dijk,stadse dijk,hamlet,4.4413621,51.6651606
528,Op de Belt,op de belt,hamlet,6.04116,51.66552
528,Hespelaar,hespelaar,hamlet,4.8121069,51.6657997
528,Den Dungen,den dungen,village,5.3712805,51.6656003
528,Startwijk,startwijk,hamlet,5.93244,51.66596
528,Bernische Hoeven,bernische hoeven,hamlet,5.4963237,51.665768
528,De Hoef,de hoef,hamlet,5.80788,51.66632
528,Sprang,sprang,neighbourhood,5.0451108,51.6688242
528,De Boer,de boer,hamlet,5.8087982,51.6689825
528,De Berg,de berg,hamlet,5.821535,51.669348
528,Heibloem,heibloem,hamlet,5.4886901,51.6695926
528,Sprang-Capelle,sprang-capelle,village,5.0252983,51.6705258
528,Hersend,hersend,hamlet,5.3969221,51.6709428
528,Loo,loo,hamlet,5.5929403,51.6721289
528,Laar,laar,hamlet,5.4236891,51.6737836
528,Beugen,beugen,village,5.9400104,51.6738498
528,Vrijhoeve,vrijhoeve,neighbourhood,5.0082636,51.6740721
528,Beekveld,beekveld,hamlet,5.3895794,51.6749407
528,Rukven,rukven,hamlet,5.4763337,51.6751963
528,Rakt,rakt,hamlet,5.5814962,51.6759197
528,Waspik-Zuid,waspik-zuid,neighbourhood,4.9572004,51.6749803
528,Heikantse Hoeve,heikantse hoeve,hamlet,5.4458576,51.6767594
528,Plein,plein,hamlet,5.4168514,51.6775638
528,Sint Hubert,sint hubert,village,5.8101427,51.6781972
528,Oventje,oventje,hamlet,5.6723303,51.6775317
528,Berlicum,berlicum,village,5.3991284,51.6783377
528,Helwijk,helwijk,village,4.4317324,51.6762525
528,Donk,donk,hamlet,5.4959398,51.6783297
528,Hultje,hultje,hamlet,5.6320502,51.6794059
528,Loosbroek,loosbroek,village,5.509359,51.6797186
528,Trent,trent,hamlet,5.6974947,51.6804389
528,Hengstheuvel,hengstheuvel,hamlet,5.6134753,51.680362
528,Molengat,molengat,hamlet,5.7898174,51.6808184
528,Strooiendorp,strooiendorp,hamlet,4.6920663,51.6814788
528,Helbroek,helbroek,hamlet,5.9384813,51.6819524
528,Putselaar,putselaar,hamlet,5.8540741,51.6821818
528,Ooltgensplaat,ooltgensplaat,village,4.3491363,51.6835834
528,Steelhoven,steelhoven,hamlet,4.8266512,51.6823913
528,Roodevaart,roodevaart,hamlet,4.6190563,51.6825011
528,Beldert,beldert,hamlet,3.9876196,51.6824756
528,De Dellen,de dellen,hamlet,5.7312959,51.6830399
528,Hooge Zwaluwe,hooge zwaluwe,village,4.7492114,51.6841483
528,Witte Dellen,witte dellen,hamlet,5.7185152,51.6851702
528,De Haart,de haart,hamlet,5.91088,51.6856
528,Deuteren,deuteren,hamlet,5.2669439,51.6860266
528,Kerkwerve,kerkwerve,village,3.8994996,51.6863988
528,Brand,brand,hamlet,5.6719172,51.6875431
528,Moriaanshoofd,moriaanshoofd,hamlet,3.8500199,51.6894999
528,Dreischor,dreischor,village,3.9834208,51.6895481
528,Werveld,werveld,hamlet,5.9295615,51.6889214
528,Statendam,statendam,hamlet,4.8404041,51.6914362
528,Kuiksche Heide,kuiksche heide,hamlet,5.1613587,51.6901287
528,Hoekske,hoekske,locality,4.651815,51.6907223
528,Krolhoek,krolhoek,hamlet,5.9239716,51.6911997
528,De Laan,de laan,hamlet,4.8989006,51.693455
528,De Looi,de looi,hamlet,6.0085352,51.693737
528,Graspeel,graspeel,hamlet,5.6958961,51.6940643
528,Hoogeind,hoogeind,hamlet,5.9427014,51.6945416
528,Kaathoven,kaathoven,hamlet,5.4557741,51.694051
528,Menzel,menzel,hamlet,5.5832615,51.6953158
528,Oud-Drimmelen,oud-drimmelen,hamlet,4.7763238,51.6964791
528,Hooge Heide,hooge heide,hamlet,5.4193604,51.6960427
528,Haring,haring,hamlet,5.8648711,51.6965154
528,Zuid-Carolina,zuid-carolina,hamlet,5.7363448,51.6962597
528,Slabroek,slabroek,hamlet,5.6010834,51.6968561
528,Heide,heide,hamlet,5.9166288,51.6994865
528,Binnen Moerdijk,binnen moerdijk,hamlet,4.6693959,51.6995531
528,Zelder,zelder,hamlet,6.0153351,51.6996229
528,Gaete,gaete,hamlet,4.7134885,51.6997195
528,Bruggen,bruggen,hamlet,5.7766144,51.7001285
528,Kantje,kantje,hamlet,5.5493322,51.7000791
528,Nieuwerkerke Schutje,nieuwerkerke schutje,hamlet,3.890623,51.7003134
528,Elshout,elshout,village,5.139724,51.7011713
528,Meliestraat,meliestraat,locality,5.2330981,51.7023839
528,Moerdijk,moerdijk,village,4.6256771,51.7030216
528,Langenboom,langenboom,village,5.7286805,51.7005575
528,De Gagel,de gagel,hamlet,5.7631795,51.7050295
528,Vinkel,vinkel,village,5.4614965,51.7055171
528,Nistelrode,nistelrode,village,5.5614154,51.7046122
528,Voederheil,voederheil,hamlet,5.6652668,51.7080347
528,Loo,loo,hamlet,5.5786782,51.7076182
528,Voordijk,voordijk,locality,5.2253857,51.7081551
528,De Rijtjes,de rijtjes,hamlet,5.9328559,51.7082663
528,Lage Zwaluwe,lage zwaluwe,village,4.7043226,51.708939
528,Haarsteeg,haarsteeg,village,5.1998801,51.7103299
528,Kreitsberg,kreitsberg,hamlet,5.67735,51.71123
528,Nabbegat,nabbegat,hamlet,5.6582057,51.7106506
528,Nieuw-Haamstede,nieuw-haamstede,hamlet,3.7074035,51.7139224
528,Berkt,berkt,hamlet,5.5026912,51.7140013
528,Strijensas,strijensas,village,4.5854294,51.7152087
528,Zevenhutten,zevenhutten,hamlet,5.8759706,51.7145334
528,Hekkens,hekkens,hamlet,6.0400072,51.7145373
528,Donzel,donzel,hamlet,5.5487555,51.7147555
528,Vianen,vianen,village,5.8572731,51.7177828
528,De Maurik,de maurik,hamlet,5.7401156,51.7177999
528,Doeveren,doeveren,hamlet,5.0902487,51.7208285
528,Keizersveer,keizersveer,hamlet,4.8955653,51.7218249
528,Sint Jozefoord,sint jozefoord,locality,5.4257826,51.7230718
528,Peerenboom,peerenboom,hamlet,4.91008,51.72268
528,Lage Wijst,lage wijst,hamlet,5.5193013,51.7237163
528,Middelaar,middelaar,village,5.9156266,51.7240439
528,Elkerzee,elkerzee,hamlet,3.844271,51.7250486
528,Beers,beers,village,5.8299124,51.724853
528,Brouwershaven,brouwershaven,village,3.9125451,51.7256011
528,Zoggel,zoggel,locality,5.50145,51.72745
528,Papendijk,papendijk,village,5.4655802,51.7282111
528,Herpt,herpt,village,5.1551789,51.7292186
528,Dussen,dussen,village,4.9630508,51.7308649
528,De Baan,de baan,hamlet,4.9862964,51.7297684
528,Willemsdorp,willemsdorp,hamlet,4.6306005,51.7313608
528,Eethen,eethen,village,5.0535259,51.7307562
528,Hank,hank,village,4.8986026,51.7360352
528,De Klem,de klem,hamlet,4.5130968,51.7331883
528,Broekhoek,broekhoek,hamlet,5.5135462,51.7337878
528,De Plaats,de plaats,hamlet,5.81674,51.734146
528,Hedikhuizen,hedikhuizen,village,5.1855629,51.7336475
528,Cuijk,cuijk,town,5.8800458,51.729939
528,Dommelsvoort,dommelsvoort,hamlet,5.8316344,51.7346212
528,Lagekant,lagekant,hamlet,5.4466867,51.7355934
528,Riethorst,riethorst,hamlet,5.9175415,51.7358439
528,Heeseind,heeseind,hamlet,5.4230028,51.7359655
528,Driehuis,driehuis,hamlet,5.71767,51.73676
528,Bokhoven,bokhoven,village,5.2339892,51.7369317
528,De Bolt,de bolt,hamlet,5.736171,51.7372332
528,Heeswijk,heeswijk,hamlet,5.8503302,51.739827
528,Escharen,escharen,village,5.7471396,51.743408
528,Babyloniënbroek,babylonienbroek,village,5.0252689,51.7426404
528,Tiengemeten,tiengemeten,isolated_dwelling,4.3198296,51.742248
528,Elst,elst,hamlet,5.4489445,51.7442846
528,Den Engel,den engel,hamlet,4.6436874,51.7442512
528,Hedel,hedel,village,5.2597063,51.7448817
528,Well,well,village,5.2055468,51.7448571
528,Korn,korn,hamlet,4.9529142,51.7452864
528,Hill,hill,hamlet,4.994276,51.7455014
528,Reek,reek,village,5.6827761,51.7466241
528,Vierbannen,vierbannen,hamlet,4.9057934,51.7485816
528,Ammerzoden,ammerzoden,village,5.2251819,51.7488717
528,Linden,linden,village,5.828159,51.7485207
528,Gewande,gewande,village,5.3468067,51.7492566
528,Dirksland,dirksland,village,4.10147,51.7480583
528,De Elft,de elft,hamlet,5.7311599,51.7498312
528,Zaalheuvel,zaalheuvel,hamlet,5.7154991,51.7513053
528,Grafwegen,grafwegen,hamlet,5.942938,51.7519726
528,Hoenzadriel,hoenzadriel,village,5.3289646,51.7533468
528,Slijkwell,slijkwell,hamlet,5.1927634,51.7511176
528,Jong Dordrecht,jong dordrecht,hamlet,4.6881522,51.7562684
528,Bisselt,bisselt,hamlet,5.9043361,51.7588509
528,Breedeweg,breedeweg,village,5.9428952,51.7586427
528,Het Bergsche Veld,het bergsche veld,hamlet,4.6953204,51.7602996
528,Velp,velp,village,5.7165116,51.7613792
528,Wellseind,wellseind,hamlet,5.1799223,51.7631538
528,Heuvels,heuvels,hamlet,5.6349134,51.763856
528,Tweede Tol,tweede tol,hamlet,4.6433115,51.766
528,Sleeburg,sleeburg,hamlet,5.7993894,51.7675759
528,Spijk,spijk,hamlet,5.1210397,51.767761
528,'t Vosseneind,'t vosseneind,hamlet,5.829451,51.767727
528,Koolwijk,koolwijk,hamlet,5.606911,51.7698658
528,Delwijnen,delwijnen,village,5.187993,51.7699993
528,Velddriel,velddriel,village,5.3047013,51.770235
528,Berghem,berghem,village,5.5721927,51.7709604
528,Kerkdriel,kerkdriel,village,5.33749,51.7712409
528,Molenhoek,molenhoek,hamlet,5.7575226,51.7713122
528,Almkerk,almkerk,village,4.9606525,51.7705707
528,Nieuwendijk,nieuwendijk,village,4.9190121,51.7764266
528,Herpen,herpen,village,5.6422866,51.7728234
528,Kleine Koolwijk,kleine koolwijk,hamlet,5.5952733,51.7733192
528,Nederasselt,nederasselt,village,5.7468864,51.7733818
528,Groesbeek,groesbeek,town,5.9305385,51.7741022
528,De Horst,de horst,village,5.9699602,51.7743794
528,De Rietschoof,de rietschoof,hamlet,5.1370802,51.7744874
528,Overlangel,overlangel,village,5.6726017,51.7748043
528,Hoorzik,hoorzik,hamlet,5.3235385,51.7756788
528,Duurendseind,duurendseind,hamlet,5.5898931,51.7767469
528,Waardhuizen,waardhuizen,village,5.0062673,51.7768222
528,Valenberg,valenberg,hamlet,5.7916037,51.7771454
528,Zandwijk,zandwijk,hamlet,4.9752872,51.7776738
528,Veen,veen,village,5.1080632,51.7785316
528,Berm,berm,hamlet,5.3227258,51.7787606
528,Op-Andel,op-andel,hamlet,5.0679334,51.778908
528,Gement,gement,hamlet,5.5670374,51.7798846
528,Balgoij,balgoij,village,5.7150445,51.7800559
528,Kille,kille,hamlet,4.9126752,51.7805062
528,Heide,heide,hamlet,5.8195773,51.7804641
528,'s-Gravendeel,'s-gravendeel,village,4.6198749,51.7806608
528,Bronkhorst,bronkhorst,hamlet,5.0501017,51.7809983
528,Eng,eng,hamlet,5.012359,51.7830033
528,Aalst,aalst,village,5.1270132,51.7830377
528,Bullenkamp,bullenkamp,hamlet,5.7817639,51.7877356
528,Alem,alem,village,5.339046,51.7879324
528,Boskant,boskant,hamlet,5.7636639,51.7875854
528,Uppel,uppel,hamlet,4.9394978,51.7882916
528,Westmaas,westmaas,village,4.4737754,51.7877888
528,Neerloon,neerloon,village,5.6749025,51.789609
528,Bruchem,bruchem,village,5.2363614,51.7871821
528,Malden,malden,village,5.8539184,51.7802241
528,Maren,maren,hamlet,5.3824934,51.7933451
528,Rome,rome,hamlet,5.3226131,51.7940236
528,Heiveld,heiveld,hamlet,5.7825325,51.794625
528,Ravenstein,ravenstein,village,5.6515519,51.797005
528,Maren-Kessel,maren-kessel,village,5.3933914,51.7966592
528,Klispoel,klispoel,hamlet,5.70607,51.79727
528,Teeffelen,teeffelen,hamlet,5.491585,51.7979323
528,Mijnsheerenland,mijnsheerenland,village,4.4874953,51.7987352
528,Lithoijen,lithoijen,village,5.4637374,51.8013283
528,Gameren,gameren,village,5.2057359,51.8000907
528,Alverna,alverna,village,5.7561832,51.8034978
528,Duizend Morgen,duizend morgen,hamlet,5.00701,51.8018662
528,Rossum,rossum,village,5.3320894,51.8019318
528,Stougjesdijk,stougjesdijk,hamlet,4.4357513,51.8014484
528,Sint Andries,sint andries,hamlet,5.3653266,51.8026469
528,Macharen,macharen,village,5.5447825,51.804411
528,Kessel,kessel,hamlet,5.40195,51.80415
528,Oensel,oensel,hamlet,5.28379,51.80456
528,Zaltbommel,zaltbommel,town,5.2410285,51.8067075
528,Nieuwaal,nieuwaal,village,5.1789736,51.80728
528,Hoogbroek,hoogbroek,hamlet,5.7683645,51.8099123
528,Zuilichem,zuilichem,village,5.1368031,51.8101222
528,Doorning,doorning,hamlet,5.3244176,51.8104812
528,Oudendijk,oudendijk,village,4.9809641,51.8103996
528,Hurwenen,hurwenen,village,5.312866,51.8118087
528,Lienden,lienden,hamlet,5.66352,51.81354
528,Sleeuwijk,sleeuwijk,village,4.9519913,51.8141355
528,Moleneind,moleneind,hamlet,5.463476,51.8154965
528,Teersdijk,teersdijk,hamlet,5.7687591,51.8174964
528,Crob,crob,hamlet,5.1937005,51.8176382
528,Heerewaarden,heerewaarden,village,5.3894088,51.8182082
528,Goedereede,goedereede,village,3.9776752,51.8181316
528,Haaften,haaften,village,5.2127103,51.8179601
528,Megen,megen,village,5.5632234,51.8206116
528,Maasbommel,maasbommel,village,5.5342917,51.8215176
528,Vijcie,vijcie,hamlet,4.9155691,51.8216809
528,Woezikrot,woezikrot,hamlet,5.7555712,51.8218848
528,Tuil,tuil,village,5.240333,51.8236456
528,Alphen,alphen,village,5.4708078,51.8233464
528,Varik,varik,village,5.3679909,51.823471
528,Kerkeinde,kerkeinde,hamlet,4.9378228,51.8234958
528,Berghuizen,berghuizen,hamlet,5.51623,51.82375
528,Voorne,voorne,hamlet,5.4071432,51.8243681
528,Dalem,dalem,village,5.0080684,51.824519
528,Oijen,oijen,village,5.5020948,51.8249276
528,Den Hoef,den hoef,hamlet,5.6367198,51.8258476
528,Kijfhoek,kijfhoek,hamlet,4.5916387,51.8253468
528,Hellouw,hellouw,village,5.1802952,51.8274501
528,Herwijnen,herwijnen,village,5.1296799,51.8267226
528,Opijnen,opijnen,village,5.3003459,51.8281504
528,Greffeling,greffeling,hamlet,5.4783064,51.8293935
528,Veluwe,veluwe,hamlet,5.4049363,51.8298935
528,Velddijk,velddijk,hamlet,5.5380142,51.8309019
528,Appeltern,appeltern,village,5.5833037,51.8309609
528,Hernen,hernen,village,5.6793188,51.8348809
528,Wezel,wezel,hamlet,5.7245923,51.8360622
528,Moleneind,moleneind,hamlet,5.5429093,51.8371619
528,Nieuwe Schans,nieuwe schans,hamlet,5.4966049,51.8373481
528,Ubbergen,ubbergen,village,5.9009111,51.8368015
528,Leuth,leuth,village,5.9934728,51.838195
528,Mun,mun,hamlet,5.5634952,51.8403014
528,Wercheren,wercheren,hamlet,5.94841,51.84086
528,Persingen,persingen,hamlet,5.9183645,51.8412874
528,Ophemert,ophemert,village,5.3873509,51.8450612
528,Schelluinen,schelluinen,village,4.9243314,51.8457445
528,Hattelaar,hattelaar,hamlet,5.3581309,51.8464266
528,Snelleveld,snelleveld,hamlet,5.28281,51.8475
528,Dreumel,dreumel,village,5.4304165,51.8478027
528,Hucht,hucht,hamlet,5.3201413,51.8481043
528,Rhoonse Veer,rhoonse veer,hamlet,4.4218557,51.8481093
528,Erlecom,erlecom,hamlet,5.9634177,51.8487803
528,Groote Haar,groote haar,hamlet,4.9576512,51.8496875
528,Bergharen,bergharen,village,5.6657647,51.8505107
528,Altforst,altforst,village,5.5662221,51.8509599
528,Woerd,woerd,hamlet,5.55077,51.85146
528,Den Heppert,den heppert,hamlet,5.5797029,51.8526813
528,Tolkamer,tolkamer,village,6.1026538,51.8531599
528,2e Vlotbrug,2e vlotbrug,hamlet,4.1952022,51.853582
528,Ooij,ooij,village,5.9389526,51.8544267
528,Neersteind,neersteind,hamlet,5.5940731,51.8578663
528,Oud-Alblas,oud-alblas,village,4.7035311,51.8582469
528,Beuningen,beuningen,town,5.767357,51.8586611
528,Zennewijnen,zennewijnen,hamlet,5.4118529,51.8587463
528,Kedichem,kedichem,village,5.0499604,51.8602907
528,Smitshoek,smitshoek,suburb,4.4820362,51.8593252
528,Lobith,lobith,village,6.1176754,51.8615431
528,Passewaaij,passewaaij,hamlet,5.4143253,51.8640219
528,Kekerdom,kekerdom,village,6.0090762,51.8645223
528,Molenhoek,molenhoek,hamlet,5.6158874,51.8647303
528,Hoogvliet,hoogvliet,town,4.3641111,51.8652855
528,Kortland,kortland,hamlet,4.684637,51.8674232
528,Muisbroek,muisbroek,hamlet,4.9076735,51.8676128
528,Nederslingeland,nederslingeland,hamlet,4.9106014,51.8686058
528,Pinkenveer,pinkenveer,hamlet,4.908053,51.8686622
528,Ewijk,ewijk,village,5.7391267,51.8691291
528,Wieken,wieken,hamlet,6.3626356,51.8690847
528,Hofwegen,hofwegen,hamlet,4.7854374,51.8703516
528,Kommerdijk,kommerdijk,hamlet,5.9570398,51.8716632
528,Heukelum,heukelum,village,5.0750348,51.8724724
528,Gendringen,gendringen,village,6.3750059,51.8722058
528,Doornik,doornik,hamlet,5.8848309,51.8723627
528,Achterdijk,achterdijk,hamlet,5.0227485,51.8749701
528,Vossenpels,vossenpels,hamlet,5.8772953,51.8755564
528,Kijfwaard,kijfwaard,hamlet,6.0504985,51.875993
528,'t Zand,'t zand,hamlet,5.8740646,51.8765936
528,Puiflijk,puiflijk,village,5.5911031,51.8778684
528,Geitenwaard,geitenwaard,hamlet,6.0688317,51.8775409
528,'s-Heerenberg,'s-heerenberg,village,6.2548363,51.8779448
528,Voorst,voorst,hamlet,6.4083917,51.8779818
528,Molenaarsgraaf,molenaarsgraaf,village,4.8281412,51.8782056
528,Zandvoort,zandvoort,hamlet,5.947313,51.878947
528,Milt,milt,hamlet,6.3521328,51.8793923
528,Gendt,gendt,village,5.9707861,51.8800155
528,Oosterhout,oosterhout,village,5.8270267,51.8800369
528,Hoornaar,hoornaar,village,4.9463797,51.8803846
528,Beneden-Leeuwen,beneden-leeuwen,village,5.5096395,51.8809765
528,Afferden,afferden,village,5.6367377,51.8809642
528,Hulhuizen,hulhuizen,hamlet,5.9827159,51.8820948
528,De Pas,de pas,hamlet,5.8897156,51.8822122
528,Veldhunten,veldhunten,hamlet,6.3449581,51.8838168
528,Lengel,lengel,village,6.2665629,51.8836637
528,Kapel,kapel,hamlet,5.9725985,51.8840981
528,Boven-Leeuwen,boven-leeuwen,village,5.5515886,51.8845134
528,Druten,druten,town,5.6048981,51.8885167
528,Slijk-Ewijk,slijk-ewijk,village,5.7903119,51.8875245
528,Loenen,loenen,hamlet,5.7756163,51.8876651
528,Azewijn,azewijn,village,6.3045083,51.8860697
528,Flieren,flieren,hamlet,5.9591415,51.8895117
528,Deest,deest,village,5.666026,51.8894979
528,Klein Baal,klein baal,hamlet,5.9264494,51.8895813
528,Ottoland,ottoland,village,4.8591301,51.8898735
528,Doornenburg,doornenburg,village,6.0015443,51.8901756
528,Pannerden,pannerden,village,6.0367585,51.8905258
528,Wolferen,wolferen,hamlet,5.7297449,51.8909357
528,Ressen,ressen,hamlet,5.8680658,51.8910249
528,Bemmel,bemmel,village,5.8984809,51.8915382
528,De Pas,de pas,hamlet,6.0121236,51.8931832
528,Bontebrug,bontebrug,hamlet,6.3966429,51.8933858
528,Groot Breedenbroek,groot breedenbroek,hamlet,6.4461259,51.8936133
528,Leerdam,leerdam,town,5.0924352,51.8937356
528,Krimpen aan de Lek,krimpen aan de lek,village,4.6375491,51.8954222
528,Helhoek,helhoek,hamlet,4.0880608,51.8965864
528,Lekkerkerk,lekkerkerk,village,4.6832671,51.8969648
528,Lichtenberg,lichtenberg,hamlet,6.4110422,51.8971596
528,Den Akker,den akker,hamlet,5.46068,51.89801
528,Reeth,reeth,hamlet,5.8302503,51.8979973
528,Ulft,ulft,village,6.384324,51.8909559
528,Baal,baal,hamlet,5.9188053,51.8982983
528,Klein-Azewijn,klein-azewijn,hamlet,6.302604,51.8987613
528,Ooij,ooij,hamlet,5.4916,51.90048
528,Zeddam,zeddam,village,6.2575837,51.9029083
528,Loosdorp,loosdorp,hamlet,5.0897884,51.9015644
528,Nieuwland,nieuwland,village,5.0133496,51.9018805
528,Honderdmorgen,honderdmorgen,hamlet,5.9974574,51.9022165
528,Streefkerk,streefkerk,village,4.7435071,51.9002412
528,Rafelder,rafelder,hamlet,6.33258,51.90287
528,Noordeloos,noordeloos,village,4.9427289,51.9038757
528,Sinderen,sinderen,village,6.460831,51.9044651
528,Vinkwijk,vinkwijk,hamlet,6.2685177,51.904793
528,Recht van ter Leede,recht van ter leede,hamlet,5.0711622,51.9048826
528,Eimeren,eimeren,hamlet,5.80736,51.9057252
528,Kwartier,kwartier,hamlet,6.1417921,51.9057617
528,IJsselhunten,ijsselhunten,hamlet,6.34898,51.9061
528,Babberich,babberich,village,6.111876,51.9069333
528,Andelst,andelst,village,5.7289373,51.9073627
528,Leerbroek,leerbroek,village,5.0512151,51.9074743
528,Merm,merm,hamlet,5.8609915,51.9055357
528,Wely,wely,hamlet,5.6917804,51.9082324
528,Hien,hien,hamlet,5.6655846,51.9088133
528,Echteld,echteld,village,5.4989961,51.9093134
528,Herveld-Noord,herveld-noord,neighbourhood,5.7376907,51.9102137
528,Vlaardingen,vlaardingen,town,4.3402639,51.9097536
528,De Hoek,de hoek,hamlet,4.7511495,51.9118345
528,Holthuizen,holthuizen,hamlet,6.1037079,51.910993
528,Weverwijk,weverwijk,hamlet,5.0135592,51.9127943
528,Hoogbroek,hoogbroek,hamlet,5.5085501,51.9128419
528,Vethuizen,vethuizen,hamlet,6.2957774,51.9130685
528,Silvolde,silvolde,village,6.386857,51.9134729
528,Eldik,eldik,hamlet,5.5954648,51.9136904
528,Dodewaard,dodewaard,village,5.6569388,51.9140052
528,Hoogeind,hoogeind,hamlet,5.0845042,51.9153848
528,Oud-Zevenaar,oud-zevenaar,village,6.0806098,51.9161086
528,Silvolderbuurt,silvolderbuurt,hamlet,6.3996774,51.9162253
528,Lijnden,lijnden,hamlet,5.8165848,51.9179352
528,Loerbeek,loerbeek,village,6.1985107,51.9196971
528,Terborg,terborg,village,6.3614794,51.9211908
528,Middelkoop,middelkoop,hamlet,5.0603471,51.9208797
528,Bergerden,bergerden,hamlet,5.9271911,51.921879
528,Rotterdam,rotterdam,city,4.47775,51.9244424
528,Graafland,graafland,hamlet,4.8516231,51.9228768
528,Lintelo,lintelo,hamlet,6.5147327,51.9255078
528,Overheicop,overheicop,hamlet,5.1001703,51.9242602
528,Braamt,braamt,village,6.2654688,51.9245379
528,Ammerstol,ammerstol,village,4.8094558,51.9270064
528,’t Zand-Tabakshof,'t zand-tabakshof,neighbourhood,5.9329937,51.9269491
528,Loet,loet,hamlet,4.6863986,51.9263586
528,Oud-Dijk,oud-dijk,hamlet,6.1355048,51.9265933
528,Snodenhoek,snodenhoek,hamlet,5.8354595,51.9281944
528,Aalten,aalten,town,6.5810265,51.9285963
528,Heide,heide,locality,6.1769746,51.9289252
528,Opheusden,opheusden,village,5.6356558,51.9295769
528,Kortgerecht,kortgerecht,hamlet,5.1280413,51.9318211
528,Asch,asch,village,5.3127288,51.9304301
528,Nieuw-Dijk,nieuw-dijk,village,6.1553049,51.9314584
528,Leutes,leutes,hamlet,5.54872,51.93173
528,Broek,broek,hamlet,4.967706,51.9330124
528,Raayen,raayen,hamlet,5.8378314,51.9330282
528,Ommerenveld,ommerenveld,hamlet,5.47924,51.93292
528,Homoet,homoet,hamlet,5.7927429,51.9337435
528,Bovenstad,bovenstad,hamlet,4.8209074,51.9348402
528,Hoogmeien,hoogmeien,hamlet,5.5068655,51.9353174
528,Wijnbergen,wijnbergen,hamlet,6.2782532,51.9359546
528,Zevenaar,zevenaar,town,6.0789395,51.9357252
528,Bergambacht,bergambacht,village,4.7827247,51.9314474
528,Kesteren,kesteren,village,5.5740706,51.9363785
528,Looveer,looveer,hamlet,5.9585407,51.9368377
528,Gaanderen,gaanderen,village,6.3513556,51.9370522
528,Didam,didam,village,6.1275981,51.937228
528,Langerak,langerak,village,4.8913085,51.9374243
528,Kilder,kilder,village,6.2325918,51.9368058
528,Overboeicop,overboeicop,hamlet,5.0998558,51.9397003
528,Hollenberg,hollenberg,hamlet,6.6015475,51.9404169
528,Lede en Oudewaard,lede en oudewaard,hamlet,5.5547323,51.9406153
528,Dale,dale,hamlet,6.5598541,51.9409732
528,Kotten,kotten,village,6.7686321,51.9419967
528,Kadijk,kadijk,hamlet,4.7839,51.9423
528,Zijderveld,zijderveld,village,5.1378562,51.9425334
528,Varsseveld,varsseveld,village,6.4636359,51.943751
528,Miste,miste,village,6.6595521,51.9446123
528,Lienden,lienden,village,5.5152908,51.9457517
528,Het Broek,het broek,locality,6.2406709,51.9485009
528,Greffelkamp,greffelkamp,hamlet,6.1101043,51.9486875
528,Holthuizen,holthuizen,hamlet,6.1599367,51.9491564
528,Zwarte Paard,zwarte paard,hamlet,5.4498799,51.9499205
528,Beusichem,beusichem,village,5.2923487,51.9486044
528,Schoonhoven,schoonhoven,town,4.8516431,51.9463984
528,Plantage,plantage,hamlet,6.2124681,51.951488
528,De Mars,de mars,hamlet,5.5354714,51.9525962
528,Keulse Kamp,keulse kamp,hamlet,5.8147805,51.9526621
528,Brinkheurne,brinkheurne,hamlet,6.7510105,51.952695
528,Heidekant,heidekant,hamlet,6.2057159,51.9534422
528,Loil,loil,village,6.1409792,51.9540767
528,Zouteveen,zouteveen,hamlet,4.3298074,51.9560913
528,Sluis,sluis,hamlet,4.9771543,51.9563461
528,Barlo,barlo,hamlet,6.5921509,51.9565446
528,Rijswijk,rijswijk,village,5.3583136,51.9589936
528,Driel,driel,village,5.8162241,51.9591611
528,Scherpenhoek,scherpenhoek,neighbourhood,5.2229257,51.959304
528,Oude Nude,oude nude,hamlet,5.6367829,51.9590578
528,Meerenbroek,meerenbroek,hamlet,6.2332553,51.9596553
528,Zweekhorst,zweekhorst,hamlet,6.083903,51.9602893
528,Goilberdingen,goilberdingen,hamlet,5.179671,51.9607756
528,Westervoort,westervoort,town,5.9672548,51.9627099
528,Tienhoven,tienhoven,hamlet,5.1378009,51.96205
528,Wehl,wehl,village,6.2119757,51.9629701
528,Zevenmorgen,zevenmorgen,hamlet,5.50143,51.96289
528,Lexmond,lexmond,village,5.0364321,51.9631624
528,Schoonouwen,schoonouwen,hamlet,4.7916875,51.963307
528,Leedjes,leedjes,hamlet,5.821803,51.9640705
528,Cabauw,cabauw,village,4.897778,51.9642565
528,Laareind,laareind,hamlet,5.5998789,51.964058
528,Bontemorgen,bontemorgen,hamlet,5.52114,51.96439
528,Hoog Kana,hoog kana,hamlet,5.4968627,51.964467
528,Groot Deunk,groot deunk,hamlet,6.5845442,51.9660843
528,Everdingen,everdingen,village,5.1551481,51.9665685
528,Klinkenberg,klinkenberg,hamlet,5.4899,51.96717
528,Kleindorp,kleindorp,hamlet,6.196163,51.9676195
528,Bonrepas,bonrepas,hamlet,4.8355667,51.9680346
528,Kortenhoeven,kortenhoeven,hamlet,5.0436409,51.9687464
528,Eck en Wiel,eck en wiel,village,5.4581895,51.9697852
528,Nieuw-Wehl,nieuw-wehl,village,6.1724975,51.9688151
528,Luchtenberg,luchtenberg,hamlet,5.4885,51.96957
528,Honswijk,honswijk,hamlet,5.1795933,51.9701918
528,Jaarsveld,jaarsveld,village,4.9773682,51.9695118
528,Den Oord,den oord,hamlet,5.2695838,51.9713785
528,Essenbroek,essenbroek,hamlet,5.48003,51.97149
528,Heelweg-West,heelweg-west,hamlet,6.4651161,51.9724546
528,Nieuwgraaf,nieuwgraaf,hamlet,6.0008454,51.9738036
528,Vlist,vlist,village,4.8224887,51.9750267
528,Achterberg,achterberg,village,5.5862984,51.9726942
528,Winterswijk,winterswijk,town,6.7224185,51.9746432
528,Wageningen,wageningen,town,5.6662814,51.9663016
528,Wijk bij Duurstede,wijk bij duurstede,town,5.337435,51.9751858
528,Renkum,renkum,village,5.7335691,51.9751065
528,Ratum,ratum,hamlet,6.7998796,51.9754107
528,Heveadorp,heveadorp,village,5.8091779,51.9757641
528,Meinerswijk/De Praets,meinerswijk de praets,neighbourhood,5.8944164,51.9779093
528,Harreveld,harreveld,village,6.5161187,51.9785595
528,Helsdingen,helsdingen,hamlet,5.0688079,51.9777809
528,Polsbroek,polsbroek,village,4.8574054,51.9791304
528,Halle-Nijman,halle-nijman,hamlet,6.4103572,51.9796059
528,Doorwerth,doorwerth,village,5.8048446,51.9788681
528,Henxel,henxel,hamlet,6.7559584,51.9805732
528,Hagestein,hagestein,village,5.1220284,51.9810496
528,De Heul,de heul,hamlet,5.2269349,51.9806136
528,'t Beijersche,'t beijersche,hamlet,4.7279629,51.9819963
528,Kievitsdel,kievitsdel,hamlet,5.7843914,51.9830406
528,Wassinkbrink,wassinkbrink,hamlet,6.3322127,51.981867
528,Elst,elst,village,5.4993755,51.9841808
528,Meuhoek,meuhoek,hamlet,6.4416,51.98473
528,Bahr,bahr,hamlet,6.0450611,51.9846289
528,Blaker,blaker,hamlet,4.2659447,51.9854549
528,Langerak,langerak,hamlet,6.2542543,51.9859646
528,Eldrik,eldrik,hamlet,6.19656,51.98616
528,Vragender,vragender,village,6.6117029,51.9863387
528,De Kruisberg,de kruisberg,hamlet,6.2873855,51.9861403
528,Vianen,vianen,town,5.0939178,51.9889916
528,De Schutterij,de schutterij,hamlet,6.5209353,51.9893706
528,Halle,halle,village,6.4284297,51.9905212
528,Berkel en Rodenrijs,berkel en rodenrijs,town,4.4739077,51.9914412
528,Ossenwaard,ossenwaard,hamlet,5.1370673,51.9916187
528,Bingerden,bingerden,hamlet,6.1022349,51.9922771
528,Schalkwijk,schalkwijk,village,5.1907825,51.9931917
528,De Steenen Brug,de steenen brug,hamlet,5.3574223,51.9983827
528,Bevermeer,bevermeer,hamlet,6.1570148,51.9945147
528,Angerlo,angerlo,village,6.137023,51.995328
528,Laag-Keppel,laag-keppel,village,6.2220115,51.9969245
528,Cothen,cothen,village,5.3118293,51.9987415
528,Huppel,huppel,hamlet,6.7351166,51.9991922
528,Den Hoorn,den hoorn,village,4.330869,52.0001043
528,Amerongen,amerongen,village,5.4600535,52.000487
528,Haastrecht,haastrecht,village,4.7740369,52.0007892
528,Winkelshoek,winkelshoek,hamlet,6.3091884,52.0012563
528,Tull en 't Waal,tull en 't waal,village,5.1341008,52.0017023
528,Bennekom,bennekom,town,5.6759233,51.9980005
528,De Wopereis,de wopereis,hamlet,6.49508,52.00363
528,Rozendaal,rozendaal,village,5.9601408,52.0030774
528,Rheden,rheden,town,6.0302806,52.0043836
528,Hoog-Keppel,hoog-keppel,village,6.1990651,52.0052598
528,Halle-Heide,halle-heide,hamlet,6.4419292,52.0088875
528,Drempt,drempt,village,6.17455,52.00824
528,Leersum,leersum,village,5.4332757,52.0102642
528,De Meene,de meene,hamlet,6.3816565,52.0109146
528,Langbroek,langbroek,village,5.3259578,52.011277
528,Mariënvelde,marienvelde,village,6.4717324,52.011484
528,Oosterwijk,oosterwijk,hamlet,6.3014545,52.0136245
528,Meddo,meddo,village,6.708816,52.0137815
528,Hekendorp,hekendorp,village,4.8103482,52.0146517
528,Doesburg,doesburg,town,6.1393699,52.0139605
528,Wolfersveen,wolfersveen,hamlet,6.3937674,52.0218917
528,De Kade,de kade,locality,5.5959073,52.0236304
528,Poeldijk,poeldijk,village,4.218242,52.0225167
528,Snelrewaard,snelrewaard,village,4.9168158,52.0273703
528,Oosterwijk,oosterwijk,hamlet,6.3430174,52.0281183
528,Keijenborg,keijenborg,village,6.2968665,52.0306125
528,Heurne,heurne,hamlet,6.44908,52.03192
528,Zwolle,zwolle,hamlet,6.6542608,52.0312324
528,Doorn,doorn,village,5.3455956,52.0333163
528,Ellecom,ellecom,village,6.0860127,52.0320242
528,Dunsborg,dunsborg,hamlet,6.3275027,52.0352213
528,Achtersloot,achtersloot,hamlet,5.0226929,52.0354067
528,Heemstede,heemstede,hamlet,5.1242745,52.0355579
528,Houten,houten,town,5.1620637,52.0271433
528,Eefsele,eefsele,hamlet,6.5903968,52.0372722
528,Blokland,blokland,hamlet,4.9721896,52.0390159
528,Overberg,overberg,village,5.4964645,52.0390484
528,Oud-Wulven,oud-wulven,hamlet,5.149353,52.0407499
528,Groenlo,groenlo,town,6.6170412,52.0425903
528,Lange Linschoten,lange linschoten,hamlet,4.88834,52.04173
528,Oud-Reemst,oud-reemst,hamlet,5.8094403,52.0434247
528,Waddinxveen,waddinxveen,town,4.6558527,52.0443308
528,Valkenheide,valkenheide,hamlet,5.4174009,52.0399207
528,Papekop,papekop,village,4.8527748,52.0451335
528,Reeuwijk,reeuwijk,village,4.7224789,52.0449873
528,Olburgen,olburgen,village,6.12463,52.04545
528,De Klomp,de klomp,village,5.5733919,52.0469644
528,Bekveld,bekveld,locality,6.2652389,52.0598923
528,Odijk,odijk,village,5.2345455,52.0493994
528,Wayen,wayen,hamlet,5.1353909,52.0496369
528,Emminkhuizen,emminkhuizen,hamlet,5.53135,52.0513
528,Driebergen-Rijsenburg,driebergen-rijsenburg,town,5.2834752,52.0522872
528,Hengelo,hengelo,village,6.3112579,52.0522752
528,Diemerbroek,diemerbroek,neighbourhood,4.86295,52.05314
528,De Haar,de haar,hamlet,6.43763,52.05368
528,Zwilbroek,zwilbroek,hamlet,6.6853362,52.0538149
528,Toldijk,toldijk,village,6.2223119,52.0545868
528,Rijnenburg,rijnenburg,hamlet,5.0412224,52.0483253
528,Dieren,dieren,village,6.1014431,52.0526703
528,De Groep,de groep,hamlet,5.5048935,52.0562096
528,Maarsbergen,maarsbergen,village,5.4034953,52.057368
528,Terlet,terlet,hamlet,5.9412879,52.0589721
528,De Krim,de krim,locality,5.2727825,52.0619564
528,Beerschoten,beerschoten,hamlet,5.2561853,52.0629981
528,Linschoten,linschoten,village,4.9128416,52.0643061
528,Bunnik,bunnik,village,5.1940676,52.0663713
528,Beltrum,beltrum,village,6.5630936,52.0670884
528,Driesprong,driesprong,hamlet,5.6893572,52.066667
528,Noordink,noordink,hamlet,6.3109508,52.0700432
528,Avest,avest,hamlet,6.6003244,52.0714143
528,Renswoude,renswoude,village,5.5393463,52.073995
528,Baak,baak,village,6.2253899,52.0767538
528,Reijerscop,reijerscop,hamlet,4.975396,52.0773452
528,Hupsel,hupsel,hamlet,6.6132019,52.0773296
528,Benthuizen,benthuizen,village,4.5412547,52.0775659
528,Holterhoek,holterhoek,hamlet,6.672408,52.077947
528,Austerlitz,austerlitz,village,5.3160068,52.078001
528,Woudenberg,woudenberg,village,5.4134327,52.0805478
528,Bodegraven,bodegraven,town,4.7510872,52.0834347
528,Lunteren,lunteren,village,5.6190737,52.0864617
528,Brummen,brummen,village,6.1568633,52.087327
528,Delden,delden,hamlet,6.2925442,52.0864625
528,Ruurlo,ruurlo,village,6.4493595,52.087683
528,Harmelerwaard,harmelerwaard,hamlet,4.9823883,52.0886487
528,Zeist,zeist,town,5.2276307,52.0892832
528,Lintvelde,lintvelde,hamlet,6.5418795,52.0907366
528,'t Kip,'t kip,hamlet,6.714347,52.0926781
528,Olden Eibergen,olden eibergen,hamlet,6.60713,52.09419
528,Gelderswoude,gelderswoude,hamlet,4.5286543,52.0896456
528,Rekken,rekken,village,6.7229304,52.096195
528,Medler,medler,hamlet,6.3865006,52.0968339
528,Cortenoever,cortenoever,hamlet,6.1746021,52.0970761
528,Rhienderen,rhienderen,hamlet,6.1542031,52.0995751
528,Voskuilen,voskuilen,hamlet,5.4531878,52.1016558
528,Nederwoud,nederwoud,hamlet,5.5725749,52.1020191
528,Dijkhoek,dijkhoek,hamlet,6.504357,52.1026136
528,Eibergen,eibergen,town,6.6511683,52.1032685
528,Schependom,schependom,hamlet,6.5209976,52.1043822
528,Bent,bent,hamlet,4.5566437,52.1056512
528,Woeste Hoeve,woeste hoeve,hamlet,5.9515468,52.105255
528,Loo,loo,hamlet,6.6739402,52.1067877
528,Den Treek,den treek,hamlet,5.3917631,52.1070118
528,Vierakker,vierakker,hamlet,6.235466,52.1071758
528,De Bilt,de bilt,town,5.178706,52.1097009
528,Mossel,mossel,hamlet,6.3670935,52.1104357
528,Bosch en Duin,bosch en duin,village,5.237917,52.1115616
528,Mallem,mallem,hamlet,6.6590935,52.1127593
528,Boschheurne,boschheurne,hamlet,6.4577186,52.1115064
528,Borculo,borculo,town,6.5180361,52.114854
528,Themaat,themaat,hamlet,5.0091961,52.1161021
528,De Glind,de glind,village,5.5064387,52.1197382
528,Heure,heure,hamlet,6.5029118,52.1232455
528,Beerendrecht,beerendrecht,neighbourhood,4.6695291,52.1224429
528,De Krim,de krim,hamlet,5.8998894,52.1227028
528,Overwoud,overwoud,hamlet,5.6349039,52.1232946
528,Groenekan,groenekan,village,5.1513413,52.1234194
528,Wildenborch,wildenborch,hamlet,6.3803315,52.1244704
528,Barchem,barchem,village,6.4437256,52.1253892
528,Hoonte,hoonte,locality,6.602079,52.1256987
528,Snorrenhoef,snorrenhoef,hamlet,5.4699332,52.1263983
528,Hazerswoude-Rijndijk,hazerswoude-rijndijk,village,4.5922382,52.1269925
528,Spilbroek,spilbroek,hamlet,6.6198176,52.1274084
528,Westeneng,westeneng,hamlet,5.715474,52.1277371
528,Oud-Zuilen,oud-zuilen,village,5.0696241,52.1281213
528,Ter Huurne,ter huurne,locality,6.8681839,52.1283911
528,Respelhoek,respelhoek,hamlet,6.5167701,52.1281007
528,Harmole,harmole,hamlet,6.8498922,52.1285418
528,Ockhuizen,ockhuizen,hamlet,4.994381,52.1292164
528,Laag-Nieuwkoop,laag-nieuwkoop,hamlet,4.9783846,52.1307942
528,Kisveld,kisveld,hamlet,6.5886186,52.131508
528,Schutterhoef,schutterhoef,hamlet,5.4007605,52.1315716
528,Harskamp,harskamp,village,5.75085,52.1316634
528,Nederbiel,nederbiel,hamlet,6.5459217,52.1354823
528,Achterveld,achterveld,village,5.4965611,52.1357411
528,Gieltjesdorp,gieltjesdorp,hamlet,4.9841655,52.1367686
528,Den Braam,den braam,hamlet,6.8512601,52.1375184
528,Tonden,tonden,hamlet,6.1308713,52.1378895
528,Esveld,esveld,hamlet,5.6240988,52.1381331
528,Warken,warken,hamlet,6.2674512,52.1388201
528,Voorstonden,voorstonden,hamlet,6.1529663,52.1279699
528,Nieuwe Wetering,nieuwe wetering,hamlet,5.1653458,52.1398139
528,Rietmolen,rietmolen,village,6.6625951,52.1405464
528,Barneveld,barneveld,town,5.5869635,52.1397035
528,Oosterveld,oosterveld,hamlet,6.5347161,52.1431873
528,Soestduinen,soestduinen,hamlet,5.2961857,52.1454081
528,Noordijk,noordijk,village,6.5712002,52.1459035
528,Musschendorp,musschendorp,hamlet,5.4536008,52.1464526
528,Achttienhoven,achttienhoven,hamlet,5.1383928,52.148621
528,Zwiep,zwiep,hamlet,6.4458391,52.1497114
528,Achterwetering,achterwetering,hamlet,5.1540202,52.1502
528,Kootwijkerbroek,kootwijkerbroek,village,5.6631504,52.1513512
528,Kallenbroek,kallenbroek,hamlet,5.52761,52.15147
528,Klein Dochteren,klein dochteren,hamlet,6.3674234,52.1519087
528,De Horst,de horst,hamlet,6.5179202,52.1531901
528,Klein Amsterdam,klein amsterdam,hamlet,6.0991664,52.151624
528,Stoutenburg,stoutenburg,village,5.4330688,52.1537285
528,Portengen,portengen,hamlet,4.9654268,52.1541299
528,Empe,empe,village,6.1404026,52.1553831
528,Brammelo,brammelo,hamlet,6.6784596,52.1557602
528,Almen,almen,village,6.3015597,52.1572821
528,Essen,essen,hamlet,5.6889224,52.1580407
528,Maartensdijk,maartensdijk,village,5.1731443,52.158276
528,Lochem,lochem,town,6.4144888,52.158471
528,Kortrijk,kortrijk,hamlet,4.9828541,52.1588332
528,Oud-Maarsseveen,oud-maarsseveen,hamlet,5.088259,52.1605499
528,Noord-Empe,noord-empe,hamlet,6.1206508,52.1634557
528,Garderbroek,garderbroek,hamlet,5.653855,52.1639685
528,Terschuur,terschuur,village,5.5195463,52.165412
528,Noordijkerveld,noordijkerveld,hamlet,6.57672,52.16565
528,Gelselaar,gelselaar,village,6.5274624,52.1692171
528,Woubrugge,woubrugge,village,4.6392252,52.1696062
528,Nettelhorst,nettelhorst,hamlet,6.47516,52.16966
528,Ampsen,ampsen,hamlet,6.4264175,52.1704166
528,Groot Dochteren,groot dochteren,hamlet,6.3573016,52.1719571
528,Markvelde,markvelde,hamlet,6.6083747,52.1726383
528,Exel-Tol,exel-tol,hamlet,6.3919499,52.1740107
528,Pijnenburg,pijnenburg,hamlet,5.2475448,52.1743158
528,Armhoede,armhoede,hamlet,6.447033,52.1745446
528,Soest,soest,town,5.2909674,52.174595
528,Hoevelaken,hoevelaken,town,5.4577033,52.1757138
528,Sint Isidorushoeve,sint isidorushoeve,village,6.7022899,52.1761223
528,Breukeleveen,breukeleveen,hamlet,5.0691739,52.1773793
528,Hollandsche Rading,hollandsche rading,village,5.1773424,52.178205
528,Broekheurne,broekheurne,hamlet,6.8663004,52.1787594
528,Zwartebroek,zwartebroek,village,5.5038312,52.1789369
528,Egelshoek,egelshoek,hamlet,5.1459414,52.1809346
528,Rutbeek,rutbeek,locality,6.8007154,52.1819661
528,Appen,appen,hamlet,6.12829,52.18236
528,Exel,exel,hamlet,6.4139789,52.183482
528,Gietelo,gietelo,hamlet,6.1337023,52.1838956
528,Kootwijk,kootwijk,village,5.7703284,52.1847669
528,Quatre Bras,quatre bras,hamlet,6.211115,52.1853122
528,Stroe,stroe,village,5.6920842,52.1862447
528,Appel,appel,hamlet,5.5412628,52.1866614
528,Eppenzolder,eppenzolder,hamlet,6.71045,52.186884
528,Hoogland,hoogland,village,5.3762224,52.1872469
528,Boomhoek,boomhoek,hamlet,5.0960398,52.1878489
528,Rijnsburg,rijnsburg,village,4.438952,52.1893268
528,Oud Ade,oud ade,village,4.5666022,52.1916032
528,Nieuwer ter Aa,nieuwer ter aa,village,4.9796143,52.1909236
528,Donkereind,donkereind,hamlet,4.9265127,52.1939186
528,Stepelo,stepelo,hamlet,6.73354,52.19445
528,Nijkerkerveen,nijkerkerveen,village,5.4673875,52.195727
528,Mijnden,mijnden,hamlet,5.013799,52.1962336
528,De Kar,de kar,hamlet,6.0555094,52.1970525
528,Rijnsaterwoude,rijnsaterwoude,village,4.6711374,52.1973079
528,Diepenheim,diepenheim,village,6.554879,52.1993005
528,Gorssel,gorssel,village,6.2002185,52.1996486
528,Holkerveen,holkerveen,village,5.45124,52.19973
528,Zeldert,zeldert,hamlet,5.3614577,52.1998114
528,Assel,assel,hamlet,5.8375182,52.20006
528,Kruishaar,kruishaar,hamlet,5.5402408,52.2003403
528,Hengevelde,hengevelde,village,6.6382793,52.1995378
528,Demmerik,demmerik,hamlet,4.9296984,52.1998255
528,De Hoef,de hoef,village,4.8147637,52.2016402
528,Oukoop,oukoop,hamlet,4.9753778,52.202751
528,Warmond,warmond,village,4.5028721,52.1979528
528,Roelofarendsveen,roelofarendsveen,village,4.6312402,52.2027173
528,Nieuw-Loosdrecht,nieuw-loosdrecht,village,5.1391839,52.1997662
528,Slichtenhorst,slichtenhorst,hamlet,5.4905524,52.2051074
528,Oud-Loosdrecht,oud-loosdrecht,village,5.0840517,52.206766
528,Driedorp,driedorp,hamlet,5.5191277,52.2070928
528,Harfsen,harfsen,village,6.297922,52.2075015
528,Palestina,palestina,hamlet,5.4306339,52.207799
528,Joppe,joppe,village,6.2310317,52.2083685
528,Oolde,oolde,hamlet,6.3462212,52.208673
528,Wilp-Achterhoek,wilp-achterhoek,village,6.0741745,52.210374
528,Zevenhuizen,zevenhuizen,hamlet,5.3889281,52.2108972
528,Baarn,baarn,town,5.2931841,52.2111182
528,Beckum,beckum,village,6.7412836,52.2122651
528,Stokkum,stokkum,hamlet,6.5076505,52.2139308
528,Vinkeveen,vinkeveen,village,4.9348062,52.2153192
528,Oude Wetering,oude wetering,village,4.6454613,52.2149902
528,Veenhuizerveld,veenhuizerveld,hamlet,5.6193311,52.216443
528,Boeschoten,boeschoten,hamlet,5.66792,52.21811
528,Hoog Soeren,hoog soeren,village,5.8732642,52.2185009
528,Wilp,wilp,village,6.1468559,52.2185102
528,De Veenhuizen,de veenhuizen,hamlet,5.4297322,52.2184661
528,Gerven,gerven,hamlet,5.5929706,52.2202823
528,Nieuw-Milligen,nieuw-milligen,hamlet,5.777902,52.2208329
528,Waverveen,waverveen,village,4.899972,52.2213612
528,Nijkerk,nijkerk,town,5.4824871,52.2219471
528,Sassenheim,sassenheim,village,4.5199218,52.2246356
528,Ouwendorp,ouwendorp,hamlet,5.7353716,52.2249349
528,Het Wansink,het wansink,neighbourhood,6.1971751,52.2253515
528,Epse,epse,village,6.2000576,52.2253703
528,Eembrugge,eembrugge,hamlet,5.310993,52.2261528
528,Bentelo,bentelo,village,6.6835984,52.2264165
528,Beusbergen,beusbergen,hamlet,6.5000641,52.2282503
528,Twekkelo,twekkelo,hamlet,6.8139186,52.2284857
528,Baambrugse Zuwe,baambrugse zuwe,hamlet,4.9505281,52.2287001
528,De Ha,de ha,hamlet,6.5469005,52.2288171
528,Duistervoorde,duistervoorde,hamlet,6.092579,52.2291248
528,Loenersloot,loenersloot,village,4.9989774,52.2297811
528,Doornsteeg,doornsteeg,hamlet,5.45069,52.23053
528,Hell,hell,hamlet,5.5367519,52.2308281
528,Dijkerhoek,dijkerhoek,locality,6.4710414,52.2310777
528,Glane,glane,village,7.004706,52.2313265
528,Dortherhoek,dortherhoek,hamlet,6.2772399,52.231532
528,Zuidloo,zuidloo,hamlet,6.3076612,52.2318896
528,De Schoolt,de schoolt,hamlet,6.35135,52.23208
528,Goor,goor,town,6.5809004,52.2321562
528,Garderen,garderen,village,5.714073,52.2331839
528,Calslagen,calslagen,hamlet,4.7324794,52.2335587
528,Koudhoorn,koudhoorn,hamlet,5.6624612,52.2331832
528,Meerveld,meerveld,hamlet,5.7692385,52.2344429
528,Teuge,teuge,village,6.0466638,52.2335934
528,Wiene,wiene,hamlet,6.6496763,52.2347185
528,Botshol,botshol,hamlet,4.9247219,52.2347692
528,Overdinkel,overdinkel,village,7.0368297,52.2350581
528,Rooversbroek,rooversbroek,isolated_dwelling,4.5536262,52.2351696
528,Bunschoten,bunschoten,suburb,5.3734101,52.2391743
528,De Wippert,de wippert,hamlet,6.388244,52.2412578
528,Twello,twello,town,6.1042772,52.2356369
528,Steenenkamer,steenenkamer,village,6.1488138,52.2440094
528,Oele,oele,hamlet,6.7524459,52.2452777
528,Houtdorp,houtdorp,hamlet,5.7072403,52.2458289
528,Achterhoek,achterhoek,hamlet,6.4863707,52.2465879
528,Pothoek,pothoek,hamlet,6.5085894,52.2471553
528,Baambrugge,baambrugge,village,4.990877,52.2475895
528,Herike,herike,hamlet,6.5365809,52.2490767
528,Bathmen,bathmen,village,6.2844941,52.2501611
528,Vrouwentroost,vrouwentroost,hamlet,4.7586325,52.2500948
528,Horstermeer,horstermeer,hamlet,5.078724,52.2512326
528,Loo,loo,hamlet,6.338945,52.2526892
528,Eemnes,eemnes,village,5.2601016,52.2533698
528,Wiesel,wiesel,village,5.9432977,52.2535857
528,Wenum,wenum,village,5.9632909,52.2546727
528,De Beek,de beek,hamlet,5.7492265,52.2557416
528,Schoolbuurt,schoolbuurt,hamlet,6.534065,52.2558483
528,Laren,laren,town,5.2251925,52.2565894
528,Waver,waver,hamlet,4.9168797,52.2569564
528,Apenhuizen,apenhuizen,hamlet,6.3022708,52.2575332
528,Uddel,uddel,village,5.7840992,52.2593938
528,Spekhoek,spekhoek,hamlet,6.0928493,52.2598903
528,Zeldam,zeldam,hamlet,6.6230385,52.2614687
528,Steenenkamer,steenenkamer,hamlet,5.5447158,52.2619063
528,Delden,delden,village,6.7091147,52.2620407
528,Losser,losser,town,7.0046452,52.2620369
528,Driene,driene,locality,6.8406436,52.2627518
528,Noordwijkerhout,noordwijkerhout,village,4.490519,52.2629093
528,Nederhorst den Berg,nederhorst den berg,village,5.0452103,52.2638961
528,Broekland,broekland,hamlet,6.0065295,52.2672042
528,Hengelo,hengelo,town,6.7924049,52.2658726
528,Drie,drie,hamlet,5.6774124,52.267236
528,Beuseberg,beuseberg,hamlet,6.4251268,52.267316
528,Stokkelaarsbrug,stokkelaarsbrug,hamlet,4.9301238,52.2687461
528,De Wijk,de wijk,hamlet,6.1115839,52.2691068
528,Pieriksmars,pieriksmars,hamlet,6.334337,52.2702649
528,Elsen,elsen,hamlet,6.5373534,52.2692177
528,De Haere,de haere,hamlet,5.95567,52.2694974
528,Holterbroek,holterbroek,hamlet,6.3818711,52.2703142
528,Ambt Delden,ambt delden,hamlet,6.7132161,52.2711052
528,Borkeld,borkeld,hamlet,6.465615,52.2748211
528,Nigtevecht,nigtevecht,village,5.0285271,52.2738229
528,Deldeneresch,deldeneresch,hamlet,6.6939862,52.2758314
528,Lettele,lettele,village,6.2717777,52.2771273
528,Bussum,bussum,town,5.1630646,52.2773656
528,Look,look,hamlet,6.4475753,52.2790168
528,Voetangelbrug,voetangelbrug,hamlet,4.925969,52.2793077
528,Dijkerhoek,dijkerhoek,village,6.3490459,52.2802115
528,Terwolde,terwolde,village,6.0998032,52.2816866
528,Kleine Kolonie,kleine kolonie,hamlet,5.7667188,52.282052
528,Deldenerbroek,deldenerbroek,hamlet,6.6518387,52.2843329
528,Jonas,jonas,hamlet,5.9919794,52.2851061
528,Neerdorp,neerdorp,hamlet,6.3928682,52.286718
528,Diepenveen,diepenveen,village,6.1458629,52.2881111
528,Frieswijk,frieswijk,hamlet,6.2123173,52.2884243
528,Vaassen,vaassen,town,5.9686728,52.2901716
528,Geerstraat,geerstraat,hamlet,6.0244578,52.2914578
528,Rande,rande,hamlet,6.1289743,52.2917595
528,Hillegom,hillegom,town,4.5834571,52.2922753
528,Leuvenum,leuvenum,hamlet,5.7212333,52.2933717
528,Enter,enter,village,6.5772427,52.2952203
528,Huizen,huizen,town,5.2567209,52.2958122
528,Grote Kolonie,grote kolonie,hamlet,5.7690185,52.2975685
528,Tjoene,tjoene,hamlet,6.1611866,52.2983675
528,Hegge,hegge,hamlet,5.9717981,52.2984527
528,Azelo,azelo,hamlet,6.7139969,52.299
528,Telgt,telgt,hamlet,5.580993,52.2992908
528,Ermelo,ermelo,town,5.6231259,52.300088
528,Averlo,averlo,hamlet,6.21773,52.3005
528,Weerestein,weerestein,hamlet,4.5829906,52.3016604
528,Enterbroek,enterbroek,hamlet,6.6253661,52.3016558
528,Borne,borne,town,6.7502395,52.3018287
528,De Hooge Wegen,de hooge wegen,hamlet,6.263936,52.3057799
528,Espelo,espelo,hamlet,6.3615064,52.3064123
528,Bornerbroek,bornerbroek,village,6.6553464,52.3084978
528,Zwaanshoek,zwaanshoek,village,4.6188179,52.3114013
528,Hengforden,hengforden,hamlet,6.1395872,52.3113992
528,Oldenzaal,oldenzaal,town,6.9241615,52.3116616
528,Oosteinde,oosteinde,hamlet,4.588476,52.3134401
528,'t Withag,'t withag,locality,6.7988631,52.3132449
528,Gortel,gortel,hamlet,5.8960864,52.3139201
528,De Lutte,de lutte,village,6.9905783,52.3143672
528,Welsumerveld,welsumerveld,hamlet,6.0875881,52.3155896
528,Eikelhof,eikelhof,hamlet,6.1654986,52.3156003
528,Loobrink,loobrink,hamlet,5.9953038,52.3167458
528,'t Vonder,'t vonder,locality,6.79516,52.31715
528,Emst,emst,village,5.9759134,52.3182269
528,Helhuizen,helhuizen,hamlet,6.3854778,52.3187106
528,Ligtenberg,ligtenberg,hamlet,6.4709763,52.3197367
528,Gammelke,gammelke,hamlet,6.8564925,52.3200738
528,Hertme,hertme,village,6.7613581,52.3215355
528,Tusveld,tusveld,hamlet,6.692286,52.3214971
528,Bennebroek,bennebroek,village,4.5937366,52.322419
528,Wijnbergen,wijnbergen,hamlet,6.0170864,52.3224513
528,Schaveren,schaveren,hamlet,5.9510125,52.3235324
528,Westendorp,westendorp,hamlet,5.9860178,52.3253064
528,Rectum,rectum,hamlet,6.5711923,52.328578
528,Laarstraat,laarstraat,hamlet,5.9757572,52.3292422
528,Zuna,zuna,hamlet,6.508893,52.3296709
528,Weleveld,weleveld,locality,6.7388671,52.3299829
528,Wesepe,wesepe,village,6.2138669,52.3302536
528,Muiden,muiden,village,5.0692658,52.3301851
528,De Glip,de glip,hamlet,4.6112388,52.3305023
528,Heeten,heeten,village,6.2811501,52.3326307
528,Saasveld,saasveld,village,6.8068009,52.3327009
528,Cruquius,cruquius,village,4.6367765,52.3364776
528,Zoeke,zoeke,hamlet,6.81212,52.33521
528,Notter,notter,hamlet,6.52095,52.33528
528,Zuuk,zuuk,hamlet,5.9988,52.3357
528,Welsum,welsum,village,6.0929325,52.3363058
528,Lemselo,lemselo,hamlet,6.894479,52.3376271
528,'t Loo,'t loo,hamlet,6.78025,52.33942
528,Dulder,dulder,hamlet,6.8028141,52.3408145
528,Boshoek,boshoek,hamlet,6.0311885,52.341192
528,Hexel,hexel,hamlet,6.4683176,52.3418619
528,Wissel,wissel,hamlet,5.9596431,52.342948
528,Epe,epe,town,5.9836383,52.3484545
528,Harderwijk,harderwijk,town,5.618933,52.3490693
528,Duinen,duinen,hamlet,5.6802347,52.3500015
528,Ooster-Oene,ooster-oene,hamlet,6.05523,52.3503734
528,Noordijk,noordijk,hamlet,6.8167513,52.3507073
528,Weerselo,weerselo,village,6.8539238,52.3508632
528,Rossum,rossum,village,6.9261892,52.3511823
528,Middel,middel,hamlet,6.1749566,52.3517349
528,Tongeren,tongeren,hamlet,5.9216791,52.3536127
528,Beekdorp,beekdorp,hamlet,6.8331662,52.3546128
528,Dijkhuizen,dijkhuizen,hamlet,6.0139069,52.3552575
528,Hierden,hierden,village,5.6760734,52.355868
528,Het Stift,het stift,hamlet,6.8443805,52.3562924
528,Mekkelhorst,mekkelhorst,hamlet,7.019925,52.3581631
528,Den Nul,den nul,village,6.1102352,52.3579366
528,Hulshorst,hulshorst,village,5.7205644,52.3607721
528,Boesingheliede,boesingheliede,hamlet,4.7233995,52.3616574
528,Vemde,vemde,hamlet,6.0146177,52.3628187
528,Duur,duur,hamlet,6.1147275,52.3669803
528,Fortmond,fortmond,hamlet,6.0896536,52.3676187
528,Berghum,berghum,hamlet,7.02195,52.36883
528,Het Loo,het loo,hamlet,6.5754279,52.3694576
528,Volthe,volthe,hamlet,6.94355,52.37012
528,Markluiden,markluiden,hamlet,6.041365,52.3721758
528,Boerhaar,boerhaar,village,6.1509959,52.3757244
528,Aadorp,aadorp,village,6.6296026,52.3758825
528,Klossehoek,klossehoek,hamlet,6.7198243,52.3760992
528,Denekamp,denekamp,town,7.005301,52.3746915
528,Nunspeet,nunspeet,town,5.780886,52.378571
528,Hulsen,hulsen,village,6.4732386,52.3799205
528,Mariënheem,marienheem,village,6.3223839,52.3815136
528,Fleringen,fleringen,village,6.8037056,52.381652
528,Tongeren,tongeren,hamlet,6.19093,52.38252
528,Harbrinkhoek,harbrinkhoek,village,6.72099,52.38464
528,Raalte,raalte,town,6.271781,52.385675
528,Oosteinde,oosteinde,hamlet,5.8118749,52.3891027
528,Hellendoorn,hellendoorn,village,6.4475132,52.3899376
528,Reutum,reutum,village,6.845769,52.391015
528,Groot Agelo,groot agelo,hamlet,6.8864808,52.3922219
528,Kolthoorn,kolthoorn,hamlet,6.0298464,52.3954819
528,Linderte,linderte,hamlet,6.3220657,52.3972269
528,Hoge Hexel,hoge hexel,hamlet,6.561623,52.3968964
528,Velnerhoek,velnerhoek,hamlet,6.25045,52.39778
528,De Kolonie,de kolonie,hamlet,6.5280756,52.3961475
528,Klein-Agelo,klein-agelo,hamlet,6.9003833,52.3998921
528,Overwater,overwater,hamlet,6.4855972,52.400247
528,Hoorn,hoorn,hamlet,6.0605853,52.4015755
528,Hoornerveen,hoornerveen,hamlet,6.0332858,52.4024165
528,Haarle,haarle,hamlet,6.8412095,52.402835
528,Weitemanslanden,weitemanslanden,hamlet,6.6919476,52.4038755
528,Bloemendaal,bloemendaal,village,4.6197687,52.4036594
528,Tilligte,tilligte,village,6.9509071,52.40488
528,Raarhoek,raarhoek,hamlet,6.2900497,52.4061351
528,Ootmarsum,ootmarsum,village,6.8968922,52.4075801
528,Schuilenburg,schuilenburg,hamlet,6.461472,52.407156
528,Wijnvoorden,wijnvoorden,hamlet,6.1686744,52.4079203
528,Tubbergen,tubbergen,town,6.7816649,52.4081149
528,Piksen,piksen,hamlet,6.5231693,52.406771
528,Wessinge,wessinge,hamlet,5.8336705,52.4083621
528,Vriezenveen,vriezenveen,town,6.6148049,52.4086697
528,De Wolbert,de wolbert,hamlet,6.0816622,52.4139108
528,Eelen,eelen,hamlet,6.453877,52.4171673
528,'t Harde,'t harde,village,5.8732451,52.4178552
528,Doornspijk,doornspijk,village,5.8208683,52.4194984
528,Geesteren,geesteren,village,6.7362453,52.4210066
528,Westerhoeven,westerhoeven,hamlet,6.5820741,52.4223398
528,Marle,marle,hamlet,6.4819807,52.4233499
528,Nutter,nutter,hamlet,6.88168,52.42441
528,Bovenveen,bovenveen,hamlet,5.8984373,52.4250786
528,Aperloo,aperloo,hamlet,5.8597,52.42602
528,Lattrop,lattrop,village,6.976317,52.4268336
528,Hoge Enk,hoge enk,village,5.8342472,52.4298748
528,Herxen,herxen,village,6.1331712,52.4313354
528,West Geesteren,west geesteren,hamlet,6.6947021,52.4315481
528,Velserbroek,velserbroek,village,4.6603416,52.4311302
528,Daarle,daarle,village,6.5374304,52.4327847
528,Broek in Waterland,broek in waterland,village,4.9977184,52.4331998
528,Hancate,hancate,hamlet,6.4388048,52.433752
528,De Pollen,de pollen,village,6.6687401,52.4349997
528,Lierderholthuis,lierderholthuis,village,6.1935133,52.4360429
528,Heino,heino,village,6.2337581,52.4361877
528,Bovenstreek,bovenstreek,hamlet,5.8998064,52.4366435
528,Mullegen,mullegen,hamlet,5.9257132,52.4379466
528,Watergang,watergang,village,4.9509883,52.4393529
528,Hezingen,hezingen,hamlet,6.8511021,52.4393642
528,Buitenhuizen,buitenhuizen,hamlet,4.716863,52.4393184
528,Nauerna,nauerna,hamlet,4.7529392,52.4403211
528,Nieuwstad,nieuwstad,neighbourhood,5.8308619,52.4403672
528,Egede,egede,hamlet,6.4539957,52.4399823
528,Hofgeest,hofgeest,hamlet,4.6616736,52.4424238
528,Mander,mander,hamlet,6.8243811,52.4440999
528,Lemelerveld,lemelerveld,village,6.3396317,52.4442642
528,Elburg,elburg,town,5.8403894,52.4449771
528,Strenkhaar,strenkhaar,hamlet,6.3178521,52.4473247
528,Hallerhoek,hallerhoek,hamlet,6.4712168,52.4493151
528,Linde,linde,hamlet,6.5026194,52.4510652
528,Berghuizen,berghuizen,hamlet,6.0787168,52.4516366
528,Overleek,overleek,hamlet,4.9975671,52.4539763
528,Westerhaar-Vriezenveensewijk,westerhaar-vriezenveensewijk,village,6.6199584,52.4548041
528,Biddinghuizen,biddinghuizen,village,5.6921598,52.4552216
528,Grotewerf,grotewerf,hamlet,5.1114837,52.4557686
528,Wittewerf,wittewerf,hamlet,5.1069705,52.4562789
528,Moeniswerf,moeniswerf,hamlet,5.1195505,52.4570633
528,Eekt,eekt,hamlet,5.88813,52.45725
528,Wezep,wezep,town,5.9995423,52.4579135
528,Vroomshoop,vroomshoop,town,6.5705931,52.4601585
528,Meer,meer,locality,6.4610793,52.4597013
528,Harculo,harculo,hamlet,6.1126482,52.4626558
528,Oosterwolde,oosterwolde,village,5.8946206,52.4632906
528,Den Ham,den ham,village,6.4951532,52.4643296
528,De Garstelanden,de garstelanden,hamlet,6.6281937,52.4653626
528,Magele,magele,hamlet,6.5186736,52.4672528
528,Noord-Meer,noord-meer,hamlet,6.4641701,52.4700648
528,Hoog Zuthem,hoog zuthem,hamlet,6.12917,52.47265
528,Duivedans,duivedans,hamlet,5.9780418,52.4731491
528,Velsen-Noord,velsen-noord,village,4.6379311,52.4738528
528,Posthoorn,posthoorn,hamlet,5.92975,52.47486
528,Assendelft,assendelft,village,4.7449605,52.4681109
528,Archem,archem,hamlet,6.4390722,52.4759266
528,Hattemerbroek,hattemerbroek,village,6.0256402,52.4765252
528,Geerdijk,geerdijk,village,6.5706174,52.4766276
528,Hattem,hattem,town,6.0560015,52.4773176
528,Vennenberg,vennenberg,hamlet,6.3330924,52.4795328
528,Sibculo,sibculo,village,6.6362056,52.4812228
528,Oldeneel,oldeneel,hamlet,6.0889149,52.4822379
528,Zedde,zedde,hamlet,5.0285357,52.4825309
528,Lenthe,lenthe,hamlet,6.1993008,52.4831562
528,Zuideinde,zuideinde,hamlet,5.9319118,52.4832092
528,Beverwijk,beverwijk,town,4.6578632,52.4857561
528,Wijthmen,wijthmen,hamlet,6.1710414,52.4876673
528,Kerkdorp,kerkdorp,hamlet,5.8929189,52.488449
528,Nieuwebrug,nieuwebrug,hamlet,6.4240611,52.4889198
528,Millingen,millingen,isolated_dwelling,6.2637198,52.4901433
528,Giethmen,giethmen,hamlet,6.40825,52.49061
528,Rechteren,rechteren,hamlet,6.2900618,52.4940383
528,Beerzerveld,beerzerveld,village,6.5753569,52.4943928
528,Kloosterhaar,kloosterhaar,village,6.6716299,52.4958806
528,Emmen,emmen,hamlet,6.2311149,52.4979525
528,Wormer,wormer,village,4.8123847,52.4983267
528,'t Zand,'t zand,hamlet,6.019095,52.4986461
528,Mataram,mataram,hamlet,6.2168191,52.4985857
528,Wijdewormer,wijdewormer,village,4.8922785,52.5002304
528,Zalne,zalne,hamlet,6.1326122,52.5012524
528,Kloosterdijk,kloosterdijk,hamlet,6.5886114,52.5013788
528,Besthmen,besthmen,hamlet,6.4303887,52.5041045
528,Spoolde,spoolde,hamlet,6.0554827,52.5070573
528,Herfte,herfte,hamlet,6.1590949,52.5072656
528,Jisp,jisp,village,4.8496555,52.5077409
528,De Marshoek,de marshoek,hamlet,6.1996365,52.5080361
528,Mariënberg,marienberg,village,6.575102,52.5104023
528,Dalfsen,dalfsen,town,6.253911,52.5111721
528,De Heuvels,de heuvels,hamlet,5.89817,52.51221
528,Zeesse,zeesse,hamlet,6.4325054,52.5123825
528,Hogeweg,hogeweg,hamlet,5.9253541,52.512546
528,Gerner,gerner,hamlet,6.2638658,52.5183234
528,Krommeniedijk,krommeniedijk,hamlet,4.7580096,52.5176538
528,Junne,junne,hamlet,6.4908726,52.5189541
528,Ommen,ommen,town,6.4251941,52.5208023
528,Frankhuis,frankhuis,hamlet,6.0679775,52.521842
528,Ankum,ankum,village,6.2440941,52.5214404
528,Welsum,welsum,hamlet,6.291427,52.5226677
528,Diffelen,diffelen,hamlet,6.5605757,52.5235248
528,Stegeren,stegeren,hamlet,6.50892,52.52366
528,Berkum,berkum,neighbourhood,6.1376761,52.5238255
528,Oud-Bergentheim,oud-bergentheim,hamlet,6.5841,52.52534
528,Engeland,engeland,hamlet,6.2507379,52.5256215
528,Halfweg,halfweg,hamlet,4.9288326,52.5265223
528,Holt,holt,hamlet,6.3387841,52.5268551
528,Uitgeest,uitgeest,village,4.7090367,52.5303233
528,Bruchterveld,bruchterveld,village,6.6614936,52.53027
528,Oudleusen,oudleusen,village,6.312253,52.533426
528,Stierop,stierop,hamlet,4.770397,52.5351004
528,Nieuwstad,nieuwstad,hamlet,5.9639562,52.5352427
528,Ebbenbroek,ebbenbroek,hamlet,6.6841563,52.5361882
528,Middelie,middelie,village,5.0142215,52.538075
528,Spijkerboor,spijkerboor,village,4.833466,52.538377
528,Hoogengraven,hoogengraven,hamlet,6.4818405,52.5423627
528,Starnmeer,starnmeer,village,4.7943057,52.5412157
528,Oost-Graftdijk,oost-graftdijk,village,4.819179,52.5441551
528,Roggebotsluis,roggebotsluis,hamlet,5.8516453,52.5459399
528,Hobrede,hobrede,village,4.980036,52.5450365
528,Haerst,haerst,hamlet,6.1361518,52.5460153
528,De Woude,de woude,village,4.7760304,52.5465575
528,Langenholte,langenholte,hamlet,6.1098036,52.5478337
528,Rheeze,rheeze,village,6.5809701,52.5482138
528,Brucht,brucht,hamlet,6.6100721,52.5502909
528,West-Graftdijk,west-graftdijk,village,4.7959627,52.5543238
528,De Rijp,de rijp,village,4.8441501,52.5549246
528,Oude Wetering,oude wetering,hamlet,6.0358952,52.5554547
528,Hardenbergerveld,hardenbergerveld,hamlet,6.6575625,52.5561713
528,Kampen,kampen,town,5.9033303,52.5559484
528,Ranserveen,ranserveen,hamlet,6.2849101,52.5576909
528,Oosterholt,oosterholt,hamlet,5.9570813,52.5589139
528,Klaterbuurt,klaterbuurt,hamlet,4.8609059,52.5600975
528,Venebrugge,venebrugge,hamlet,6.6719305,52.5608656
528,Witharen,witharen,village,6.3957813,52.5616329
528,IJsselmuiden,ijsselmuiden,village,5.9403387,52.5633577
528,Warder,warder,village,5.0310213,52.5639228
528,Rheezerveen,rheezerveen,hamlet,6.5235402,52.5660789
528,Ruitenveen,ruitenveen,hamlet,6.2548563,52.5668202
528,Bisschopswetering,bisschopswetering,hamlet,5.9901926,52.5677441
528,Genne-Overwaters,genne-overwaters,hamlet,6.0992193,52.5677583
528,Oosthuizen,oosthuizen,village,4.9934757,52.5692214
528,Swifterbant,swifterbant,village,5.6385192,52.5696313
528,Radewijk,radewijk,village,6.7106128,52.5708036
528,Noordeinde,noordeinde,hamlet,4.83569,52.57191
528,Holten,holten,hamlet,6.1121982,52.5726459
528,Mastenbroek,mastenbroek,hamlet,6.0235341,52.5741404
528,Stegerveld,stegerveld,hamlet,6.5039,52.57443
528,Hardenberg,hardenberg,town,6.6188242,52.5754706
528,Hanekamp,hanekamp,hamlet,6.6965216,52.5772917
528,Nieuwe Wetering,nieuwe wetering,hamlet,6.0552759,52.5781218
528,Vinkenbuurt,vinkenbuurt,hamlet,6.3522166,52.5791388
528,Noordbeemster,noordbeemster,village,4.9323168,52.5795047
528,Grafhorst,grafhorst,village,5.9356722,52.5827015
528,Heemserveen,heemserveen,hamlet,6.5699029,52.5827547
528,Nieuwleusen,nieuwleusen,village,6.286441,52.5831257
528,Kampereiland,kampereiland,hamlet,5.8923062,52.5835245
528,Streukel,streukel,hamlet,6.1121187,52.5854398
528,Beets,beets,village,4.9779412,52.5882114
528,Hasselt,hasselt,village,6.0956717,52.5914949
528,Rollecate,rollecate,hamlet,6.2470532,52.5914563
528,Bollendorp,bollendorp,hamlet,4.6954243,52.5916819
528,Den Hulst,den hulst,hamlet,6.2922166,52.5917575
528,Collendoorn,collendoorn,hamlet,6.6110582,52.5921989
528,Loozen,loozen,hamlet,6.6647461,52.5933437
528,Collendoornerveen,collendoornerveen,hamlet,6.5874135,52.5964433
528,Schardam,schardam,hamlet,5.0176445,52.5962939
528,Kamperzeedijk-West,kamperzeedijk-west,hamlet,5.9884079,52.5973006
528,Anevelde,anevelde,hamlet,6.652346,52.5973606
528,Schermerhorn,schermerhorn,village,4.8890099,52.6010597
528,Oudendijk,oudendijk,village,4.9661237,52.6014461
528,Den Velde,den velde,hamlet,6.6903318,52.6013599
528,Heiloo,heiloo,town,4.7125066,52.6050033
528,Engeland,engeland,hamlet,6.63233,52.60443
528,Oostmijzen,oostmijzen,hamlet,4.928782,52.605844
528,Sluis 7,sluis 7,hamlet,6.5267518,52.6081029
528,Gramsbergen,gramsbergen,village,6.6687883,52.6096404
528,Rinnegom,rinnegom,hamlet,4.6495872,52.6103104
528,Roebollingehoek,roebollingehoek,hamlet,6.0803554,52.6103397
528,Noord-Stegeren,noord-stegeren,hamlet,6.4687549,52.6122171
528,Stompetoren,stompetoren,village,4.8201023,52.6124729
528,Holtheme,holtheme,hamlet,6.6892402,52.6125818
528,Punthorst,punthorst,village,6.2634786,52.6134275
528,De Tippe,de tippe,hamlet,6.5128318,52.6137483
528,'t Bergje,'t bergje,hamlet,6.4789456,52.6169048
528,Avenhorn,avenhorn,village,4.9488205,52.6178901
528,Zwartewatersklooster,zwartewatersklooster,hamlet,6.1048172,52.6194597
528,De Velde,de velde,hamlet,6.09342,52.62034
528,Oud-Lutten,oud-lutten,hamlet,6.61283,52.62057
528,Kievitshaar,kievitshaar,hamlet,6.3119841,52.6207734
528,Egmond aan Zee,egmond aan zee,village,4.6256307,52.6183093
528,Omval,omval,hamlet,4.7738431,52.6214327
528,Drogteropslagen,drogteropslagen,village,6.49682,52.62233
528,De Meene,de meene,hamlet,6.6792479,52.622426
528,Scharwoude,scharwoude,village,5.0132636,52.622457
528,Genemuiden,genemuiden,village,6.0424311,52.6228834
528,De Schans,de schans,hamlet,6.6294051,52.6237482
528,Paardelanden,paardelanden,hamlet,6.4629382,52.6257954
528,Keiendorp,keiendorp,hamlet,6.57925,52.62586
528,Wildenberg,wildenberg,hamlet,6.3932057,52.6242581
528,Slagharen,slagharen,village,6.554592,52.6276515
528,Ursem,ursem,village,4.8909738,52.6276935
528,Witman,witman,hamlet,6.528649,52.630046
528,De Hulk,de hulk,hamlet,5.0096132,52.6302919
528,Anerveen,anerveen,hamlet,6.6588293,52.6321838
528,Westerhuizingerveld,westerhuizingerveld,hamlet,6.31672,52.63275
528,Schrapveen,schrapveen,hamlet,6.4440178,52.6328726
528,Vuile Riete,vuile riete,hamlet,6.475356,52.6330886
528,Lutterhartje,lutterhartje,hamlet,6.6247875,52.63558
528,Nolde,nolde,hamlet,6.4176093,52.6357714
528,Oterleek,oterleek,village,4.8345173,52.6367171
528,Ens,ens,village,5.8269247,52.6366994
528,De Belte,de belte,hamlet,6.5394049,52.6383734
528,Oosterleek,oosterleek,village,5.1977367,52.6386602
528,Linde,linde,village,6.4475505,52.6393486
528,Holthone,holthone,hamlet,6.6830336,52.6408044
528,Oosteinde,oosteinde,hamlet,5.0120094,52.6416125
528,Linderveld,linderveld,hamlet,6.4941967,52.6416632
528,Berkhout,berkhout,village,4.9967877,52.640243
528,Leekerweg,leekerweg,hamlet,5.1834843,52.643135
528,Lutten Oever,lutten oever,hamlet,6.3540646,52.6430144
528,Schuinesloot,schuinesloot,village,6.5533434,52.6446874
528,Braamberg,braamberg,hamlet,6.5139354,52.6466388
528,Staphorst,staphorst,town,6.2074792,52.647276
528,Nieuw-Schoonebeek,nieuw-schoonebeek,village,6.9876963,52.6489408
528,Wogmeer,wogmeer,village,4.9088472,52.6504736
528,De Leijen,de leijen,hamlet,6.23828,52.6507996
528,Groot Oever,groot oever,hamlet,6.3409615,52.6508616
528,Bloemberg,bloemberg,hamlet,6.3485695,52.6516991
528,Wijmers,wijmers,hamlet,5.144382,52.6520797
528,Fort,fort,village,6.3857246,52.652329
528,Klooster,klooster,hamlet,6.7157738,52.6547203
528,Lutterveld,lutterveld,hamlet,6.5685568,52.6542832
528,Bazuin,bazuin,hamlet,6.4146905,52.6545417
528,Koelveen,koelveen,locality,6.9398571,52.6554283
528,Bobeldijk,bobeldijk,hamlet,5.0041512,52.653571
528,De Krieger,de krieger,hamlet,6.011762,52.6553098
528,Barsbeek,barsbeek,hamlet,6.0176202,52.6562829
528,Oosterse Bos,oosterse bos,hamlet,6.9088112,52.6568857
528,Schottershuizen,schottershuizen,hamlet,6.4314216,52.6569654
528,Weijerswold,weijerswold,hamlet,6.81197,52.6570354
528,Pikveld,pikveld,hamlet,6.771293,52.6572904
528,Hensbroek,hensbroek,village,4.8846322,52.6585279
528,Vlieghuis,vlieghuis,hamlet,6.8377757,52.6588371
528,Drogt,drogt,hamlet,6.4062113,52.6604081
528,Hem,hem,village,5.1835446,52.6607793
528,Middelveen,middelveen,hamlet,6.421639,52.6610793
528,Blokker,blokker,village,5.0899695,52.6614748
528,Padhuis,padhuis,hamlet,6.84996,52.66164
528,Heetveld,heetveld,village,6.0106185,52.662472
528,Venhuizen,venhuizen,village,5.1997975,52.6626396
528,Kraggenburg,kraggenburg,village,5.8993238,52.6624599
528,Baarlo,baarlo,hamlet,6.1066582,52.6637338
528,Zuidermeer,zuidermeer,village,4.976139,52.663998
528,Schoonebeek,schoonebeek,village,6.8847692,52.6642696
528,Middendorp,middendorp,hamlet,6.8976951,52.6641151
528,Draai,draai,hamlet,4.8676354,52.6641565
528,Urk,urk,town,5.5987894,52.6654515
528,Wemmenhove,wemmenhove,hamlet,6.4191777,52.6665628
528,Halfweg,halfweg,hamlet,6.2618458,52.6665824
528,Nieuwe Krim,nieuwe krim,hamlet,6.6510522,52.6663924
528,Kerkenveld,kerkenveld,village,6.5008322,52.6685225
528,De Stapel,de stapel,hamlet,6.33207,52.6682
528,Zwaag,zwaag,village,5.0711709,52.667378
528,Oosterblokker,oosterblokker,village,5.119071,52.6692493
528,Belt-Schutsloot,belt-schutsloot,village,6.0626898,52.6693772
528,Westerse Bos,westerse bos,hamlet,6.8621005,52.6698782
528,Lekermeer,lekermeer,hamlet,5.0075324,52.6700296
528,Steenwijksmoer,steenwijksmoer,village,6.6992513,52.6702856
528,Nieuw Moscou,nieuw moscou,hamlet,6.5365149,52.6703581
528,Kadoelen,kadoelen,hamlet,6.0076325,52.6693024
528,Eemten,eemten,hamlet,6.3314,52.67075
528,Veeningen,veeningen,village,6.3709908,52.6707757
528,Haalweide,haalweide,hamlet,6.3136856,52.6717374
528,De Wijk,de wijk,village,6.2886884,52.6721062
528,Hamingen,hamingen,hamlet,6.144051,52.6721735
528,Weiteveen,weiteveen,village,6.9910891,52.6721857
528,Oosterwijk,oosterwijk,hamlet,6.296184,52.6727353
528,De Hout,de hout,hamlet,5.1884655,52.6738398
528,Alteveer,alteveer,village,6.48892,52.674388
528,Ballast,ballast,hamlet,6.7196445,52.6748807
528,Broek op Langedijk,broek op langedijk,village,4.8031094,52.675121
528,Oud Veeningen,oud veeningen,hamlet,6.3668761,52.6752739
528,Zwaagdijk-West,zwaagdijk-west,village,5.05641,52.67559
528,Obdam,obdam,village,4.9083961,52.6761592
528,Zittend,zittend,hamlet,5.1352768,52.6765865
528,De Buurt,de buurt,hamlet,5.2247831,52.6769171
528,Slingenberg,slingenberg,hamlet,6.1852906,52.6773151
528,Oostergouw,oostergouw,hamlet,5.2377243,52.6780826
528,Lankhorst,lankhorst,hamlet,6.2209398,52.678149
528,Binnenwijzend,binnenwijzend,hamlet,5.1458065,52.6801644
528,Stieltjeskanaal,stieltjeskanaal,hamlet,6.8400662,52.6790417
528,Doosje,doosje,hamlet,6.1367647,52.6792285
528,Vossebelt,vossebelt,hamlet,6.7015759,52.6807943
528,Vollenhove,vollenhove,village,5.9491128,52.6807305
528,Wognum,wognum,village,5.0247378,52.6810981
528,Steenbergen,steenbergen,hamlet,6.4302586,52.6811913
528,Dalerend,dalerend,hamlet,6.6100788,52.6813085
528,Hoogehaar,hoogehaar,hamlet,6.7175578,52.6815497
528,Elim,elim,village,6.5807927,52.682346
528,De Schiphorst,de schiphorst,hamlet,6.2516547,52.6827408
528,Zandwerven,zandwerven,hamlet,4.9473521,52.6824984
528,Noordwijk,noordwijk,hamlet,6.2980038,52.6839566
528,Zuideropgaande,zuideropgaande,hamlet,6.5380837,52.6848279
528,Oudijk,oudijk,hamlet,5.1217552,52.6860232
528,Hoge Linthorst,hoge linthorst,hamlet,6.3147649,52.6864643
528,Westerwijzend,westerwijzend,hamlet,5.1689378,52.687471
528,Moespot,moespot,hamlet,5.9654986,52.687267
528,Broekerhaven,broekerhaven,hamlet,5.2532261,52.6881749
528,De Bente,de bente,hamlet,6.74763,52.68857
528,Rogat,rogat,village,6.2662958,52.6886343
528,De Stuw,de stuw,hamlet,6.417642,52.6898086
528,Oosterwijzend,oosterwijzend,hamlet,5.1829563,52.6899974
528,Oshaar,oshaar,hamlet,6.3622538,52.6903647
528,Leeuwte,leeuwte,hamlet,5.9905706,52.6907691
528,Nibbixwoud,nibbixwoud,village,5.0599481,52.6903753
528,Lubbinge,lubbinge,hamlet,6.4305077,52.6910756
528,Zuid-Scharwoude,zuid-scharwoude,village,4.8093553,52.6916739
528,Leenders,leenders,hamlet,6.1571198,52.6920369
528,Meppel,meppel,town,6.197767,52.6938237
528,De Bolder,de bolder,hamlet,6.0912873,52.6938621
528,Dalerveen,dalerveen,village,6.80933,52.69486
528,Westeinde,westeinde,hamlet,6.0993543,52.6961298
528,Pannekeet,pannekeet,hamlet,4.8258794,52.6966588
528,Grootebroek,grootebroek,village,5.2260217,52.6974447
528,Ten Arlo,ten arlo,hamlet,6.434602,52.6978776
528,Lutjebroek,lutjebroek,village,5.2075612,52.698395
528,Schutwijk,schutwijk,locality,6.9619468,52.6989859
528,Broekhuizen,broekhuizen,hamlet,6.2626324,52.6991915
528,Dalen,dalen,village,6.7557789,52.6995362
528,Lunssloten,lunssloten,hamlet,6.4151455,52.6995186
528,Schimmelarij,schimmelarij,locality,6.8171938,52.7006612
528,Barger-Oosterveen,barger-oosterveen,hamlet,6.9769,52.7018
528,De Haar,de haar,hamlet,6.8076121,52.7018191
528,Koekange,koekange,village,6.3180238,52.7017754
528,Veenhuizen,veenhuizen,hamlet,4.8836195,52.7020384
528,Noord-Scharwoude,noord-scharwoude,village,4.8111118,52.7031261
528,Opmeer,opmeer,village,4.9478361,52.7031902
528,Wanneperveen,wanneperveen,village,6.1248677,52.7038958
528,Veenhuizen,veenhuizen,hamlet,6.7048462,52.7040351
528,Benningbroek,benningbroek,village,5.0130229,52.7042862
528,Zwaagdijk-Oost,zwaagdijk-oost,village,5.1336218,52.7047349
528,De Buurt,de buurt,hamlet,5.0578875,52.705195
528,Struikberg,struikberg,hamlet,6.342817,52.7059998
528,Nijstad,nijstad,hamlet,6.4103722,52.7074652
528,Hollandscheveld,hollandscheveld,village,6.5337912,52.7062897
528,De Mars,de mars,hamlet,6.72963,52.70697
528,Dinxterveen,dinxterveen,village,6.1411619,52.7079271
528,Valsteeg,valsteeg,hamlet,6.74229,52.70926
528,Kraloo,kraloo,hamlet,6.24584,52.7097663
528,Sijbekarspel,sijbekarspel,village,4.9832707,52.7107276
528,Frik,frik,hamlet,4.8656264,52.7109282
528,De Kolk,de kolk,hamlet,6.145583,52.7115348
528,Blijdenstein,blijdenstein,hamlet,6.2491441,52.7129999
528,Langereis,langereis,hamlet,4.9061868,52.7145258
528,Berghuizen,berghuizen,hamlet,6.2880894,52.7146088
528,Oudkarspel,oudkarspel,village,4.8013695,52.7149563
528,Nieuw-Amsterdam,nieuw-amsterdam,village,6.8589395,52.7152155
528,Koekangerveld,koekangerveld,hamlet,6.3347627,52.715666
528,Erica,erica,village,6.9268231,52.7158405
528,Buitenhuizen,buitenhuizen,hamlet,6.25586,52.71582
528,Hoogwoud,hoogwoud,village,4.9318637,52.7163451
528,Den Hool,den hool,hamlet,6.8007974,52.7170094
528,Eldijk,eldijk,hamlet,6.775867,52.716988
528,Oude-Niedorp,oude-niedorp,village,4.8752314,52.7185016
528,Haakswold,haakswold,hamlet,6.237461,52.7186202
528,Weerwille,weerwille,hamlet,6.3045549,52.7187586
528,Roekebosch,roekebosch,hamlet,6.1381753,52.720106
528,Hoogeveen,hoogeveen,town,6.4759313,52.7202393
528,Noordscheschut,noordscheschut,village,6.5345138,52.7208497
528,Zuideinde,zuideinde,hamlet,6.0888198,52.7211944
528,Krakeel,krakeel,hamlet,6.5200103,52.7214502
528,Ruinerwold,ruinerwold,village,6.2459797,52.7216745
528,Warmenhuizen,warmenhuizen,village,4.73452,52.7224072
528,Zwartemeer,zwartemeer,village,7.0425992,52.7224507
528,Wachtum,wachtum,village,6.7521097,52.7236823
528,Terdiek,terdiek,hamlet,4.8938915,52.7241097
528,Klazienaveen,klazienaveen,town,6.9852072,52.725393
528,Nieuweroord,nieuweroord,village,6.5649064,52.7254455
528,Broerdijk,broerdijk,hamlet,5.0726215,52.7261623
528,Blokzijl,blokzijl,village,5.9614191,52.7261494
528,Langerak,langerak,hamlet,6.6117868,52.7264817
528,Wervershoof,wervershoof,village,5.1505431,52.7267711
528,Barger-Erfscheidenveen,barger-erfscheidenveen,hamlet,6.8687404,52.7271887
528,Zwinderen,zwinderen,village,6.6768343,52.7274317
528,Geesbrug,geesbrug,village,6.6338274,52.7282834
528,Holsloot,holsloot,hamlet,6.8024556,52.7282224
528,Veldhuis,veldhuis,hamlet,5.1069783,52.7289601
528,De Leijen,de leijen,hamlet,4.8694378,52.7299908
528,Ruinerweide,ruinerweide,hamlet,6.3351221,52.7302609
528,Dijkhuizen,dijkhuizen,hamlet,6.27307,52.73071
528,Nijeveen,nijeveen,village,6.1685657,52.7335989
528,Zijpersluis,zijpersluis,hamlet,4.6903349,52.7333314
528,Ermerveen,ermerveen,hamlet,6.8419317,52.7346385
528,De Weel,de weel,hamlet,4.847897,52.7347391
528,Bangert,bangert,hamlet,5.1771157,52.736256
528,Fluitenberg,fluitenberg,village,6.4524098,52.736545
528,'t Veld,'t veld,village,4.8565498,52.7379936
528,Kalenberg,kalenberg,hamlet,6.44044,52.73802
528,Grevenberg,grevenberg,hamlet,6.7436407,52.7397958
528,Giethoorn,giethoorn,village,6.077431,52.741105
528,Oranjedorp,oranjedorp,village,6.9453085,52.7411715
528,Muggenbeet,muggenbeet,hamlet,5.9930688,52.7415302
528,Onderdijk,onderdijk,village,5.14,52.7416755
528,Wilhelmsoord,wilhelmsoord,hamlet,6.8508585,52.7421312
528,Kolderveense Bovenboer,kolderveense bovenboer,hamlet,6.1402129,52.7411346
528,Achterste-Erm,achterste-erm,hamlet,6.8263216,52.7435408
528,Zijdewind,zijdewind,village,4.8381928,52.7437161
528,Nijeveense Bovenboer,nijeveense bovenboer,hamlet,6.1690098,52.7494196
528,Oosterdijk,oosterdijk,hamlet,5.2641267,52.7449568
528,Andijk,andijk,village,5.2217929,52.7467338
528,Lambertschaag,lambertschaag,village,5.0178515,52.746266
528,Veendijk,veendijk,hamlet,6.2054075,52.7468029
528,Nieuw-Dordrecht,nieuw-dordrecht,village,6.9675691,52.7488866
528,De Kampen,de kampen,hamlet,4.8624909,52.7487982
528,Dirkshorn,dirkshorn,village,4.7790622,52.7498379
528,Gijsselte,gijsselte,hamlet,6.408397,52.7513397
528,Blokhuizen,blokhuizen,hamlet,4.8300683,52.7521199
528,Oldenhave,oldenhave,hamlet,6.3473215,52.7536898
528,Zuidbarge,zuidbarge,village,6.9032343,52.7544205
528,Pollesteeg,pollesteeg,hamlet,5.9209094,52.7540745
528,Barger-Compascuum,barger-compascuum,village,7.042117,52.754792
528,Winkel,winkel,village,4.9028072,52.7545469
528,Nederland,nederland,hamlet,5.9639743,52.755107
528,Oosterhesselen,oosterhesselen,village,6.7194646,52.7553154
528,Scheerwolde,scheerwolde,village,6.0143485,52.7570898
528,Zwartschaap,zwartschaap,hamlet,6.5047886,52.7565414
528,Wetering,wetering,village,5.9911278,52.7635813
528,Tolke,tolke,hamlet,4.8045277,52.7636878
528,Moerbeek,moerbeek,hamlet,4.8569012,52.7642746
528,Busselte,busselte,hamlet,6.2092815,52.7655574
528,Blankenham,blankenham,village,5.8960671,52.7654383
528,Leeuwte,leeuwte,hamlet,6.3969659,52.7659326
528,Eursinge,eursinge,hamlet,6.2214486,52.7662806
528,Lutjewinkel,lutjewinkel,village,4.8854989,52.7673581
528,Engeland,engeland,hamlet,6.3686039,52.7678044
528,Armweide,armweide,hamlet,6.3231764,52.768186
528,Hogebieren,hogebieren,hamlet,4.8417869,52.7694224
528,Tjallewal,tjallewal,hamlet,4.7937432,52.7712399
528,Sleen,sleen,village,6.8031287,52.772368
528,Sint Maarten,sint maarten,village,4.7448352,52.7736657
528,Haringhuizen,haringhuizen,village,4.8286253,52.7745939
528,Valkkoog,valkkoog,hamlet,4.7732871,52.7754047
528,Benneveld,benneveld,village,6.7484634,52.7753081
528,Eursinge,eursinge,hamlet,6.4443946,52.7773647
528,Havelte,havelte,village,6.235975,52.7712967
528,Benderse,benderse,hamlet,6.368626,52.7794382
528,Sint Maartensbrug,sint maartensbrug,village,4.7280994,52.7802902
528,Tin,tin,hamlet,4.8278488,52.783429
528,Kraloo,kraloo,hamlet,6.4335603,52.7843511
528,Barsingerhorn,barsingerhorn,village,4.85292,52.78467
528,Kuinre,kuinre,village,5.8403637,52.7869627
528,Sint Maartensvlotbrug,sint maartensvlotbrug,village,4.7078227,52.7863128
528,Westenesch,westenesch,hamlet,6.8720611,52.7866213
528,Schagen,schagen,town,4.8044607,52.7882395
528,Steenwijk,steenwijk,town,6.1210477,52.7895502
528,Foxel,foxel,hamlet,7.0211649,52.7895989
528,Drijber,drijber,village,6.5401445,52.7920296
528,Sint Maartenszee,sint maartenszee,hamlet,4.6874748,52.7922288
528,De Strook,de strook,hamlet,4.8933846,52.7925022
528,Noord-Sleen,noord-sleen,village,6.7979352,52.7931962
528,Kolhorn,kolhorn,village,4.8898816,52.7948037
528,Het Schier,het schier,hamlet,6.21159,52.7956982
528,Kallenkote,kallenkote,village,6.1740336,52.7965922
528,Holtinge,holtinge,hamlet,6.2514747,52.7964583
528,Tuk,tuk,village,6.0951866,52.7966976
528,Kreil,kreil,hamlet,4.8659885,52.8005431
528,Schagerbrug,schagerbrug,village,4.7592741,52.8021696
528,Molenhoek,molenhoek,hamlet,6.0435341,52.803516
528,Basse,basse,village,6.033807,52.8043102
528,Steenwijkerwold,steenwijkerwold,village,6.0646127,52.8046237
528,Poolland,poolland,hamlet,4.8464379,52.8046456
528,Emmer-Erfscheidenveen,emmer-erfscheidenveen,hamlet,6.9896811,52.8059266
528,Slijkenburg,slijkenburg,village,5.8443044,52.8061828
528,IJsselham,ijsselham,hamlet,5.9577345,52.8079119
528,Ossenzijl,ossenzijl,village,5.9195441,52.8084097
528,Gracht,gracht,hamlet,5.8738714,52.8085938
528,Noordervenerbosch,noordervenerbosch,hamlet,5.9390183,52.8108879
528,Middenmeer,middenmeer,village,4.9948462,52.8111468
528,Emmer-Compascuum,emmer-compascuum,village,7.046206,52.8115315
528,Stolpen,stolpen,hamlet,4.7314537,52.8119659
528,Basserveld,basserveld,hamlet,6.0385846,52.8135669
528,Baars,baars,hamlet,6.0921344,52.8137819
528,Marijenkampen,marijenkampen,hamlet,6.0598961,52.8141133
528,De Bult,de bult,hamlet,6.1245789,52.8141063
528,'t Haantje,'t haantje,hamlet,6.82346,52.8149954
528,Bruntinge,bruntinge,hamlet,6.5822123,52.8170719
528,Spanga,spanga,hamlet,5.8848877,52.8188735
528,Spier,spier,village,6.4675608,52.8191947
528,Weerdinge,weerdinge,village,6.9188172,52.8205819
528,Kibbelveen,kibbelveen,hamlet,6.8045329,52.8216995
528,Oldemarkt,oldemarkt,village,5.9734672,52.8217263
528,Wapserveen,wapserveen,village,6.2158906,52.8252174
528,Munsterscheveld,munsterscheveld,locality,7.0659518,52.8239508
528,Eesveen,eesveen,village,6.1418966,52.824671
528,Willemsoord,willemsoord,village,6.0614965,52.8254515
528,Westeinde,westeinde,hamlet,6.3527425,52.82687
528,Lhee,lhee,village,6.3939776,52.8255802
528,Wittelte,wittelte,hamlet,6.3070857,52.8292431
528,Blesdijke,blesdijke,village,6.0142772,52.8308118
528,Het Moer,het moer,hamlet,6.2742984,52.8314211
528,Klijndijk,klijndijk,village,6.8605861,52.8315094
528,Nieuwesluis,nieuwesluis,hamlet,4.8941892,52.8311294
528,Scherpenzeel,scherpenzeel,village,5.87509,52.83299
528,Oudesluis,oudesluis,village,4.8111749,52.8334013
528,Odoornerveen,odoornerveen,village,6.8073864,52.8336863
528,Dwingeloo,dwingeloo,village,6.3669053,52.8333073
528,Callantsoog,callantsoog,village,4.697128,52.836343
528,Eese,eese,hamlet,6.1142512,52.8365062
528,Nijensleek,nijensleek,village,6.1671817,52.8369612
528,Wieringerwaard,wieringerwaard,village,4.8623809,52.8389768
528,Kreileroord,kreileroord,village,5.0812679,52.8407282
528,Holtland,holtland,hamlet,6.3486654,52.841036
528,Frederiksoord,frederiksoord,village,6.1836237,52.8424196
528,Terhorst,terhorst,hamlet,6.50914,52.8426614
528,Valthe,valthe,village,6.890953,52.8428322
528,Munnekemoer,munnekemoer,hamlet,7.0832548,52.8426423
528,Orvelte,orvelte,village,6.6589487,52.8429601
528,De Blesse,de blesse,village,6.0398854,52.8442131
528,Lheebroek,lheebroek,hamlet,6.428166,52.8460549
528,Slootdorp,slootdorp,village,4.9716032,52.8434661
528,Overburen,overburen,hamlet,6.0612809,52.8471552
528,Dieverbrug,dieverbrug,village,6.3420135,52.8474383
528,Schoonoord,schoonoord,village,6.7556906,52.8478546
528,Oldendiever,oldendiever,hamlet,6.3155186,52.8491846
528,Holtien,holtien,hamlet,6.395545,52.8488768
528,Westerbork,westerbork,town,6.6103067,52.8492168
528,Munnekeburen,munnekeburen,village,5.8863908,52.8492866
528,Ten Have,ten have,hamlet,6.2617135,52.849907
528,Smalbroek,smalbroek,hamlet,6.5027244,52.8504986
528,Wieringerwerf,wieringerwerf,village,5.0228696,52.8515867
528,Odoorn,odoorn,village,6.8463701,52.85161
528,Eemster,eemster,hamlet,6.3820428,52.8518685
528,Valtherblokken,valtherblokken,hamlet,6.9183189,52.8524868
528,Barnflair,barnflair,hamlet,7.0819052,52.8533321
528,Kalteren,kalteren,hamlet,6.2943801,52.8539579
528,Nijemardum,nijemardum,village,5.5669463,52.8555739
528,Molenstad,molenstad,hamlet,6.3695356,52.8565104
528,Leggeloo,leggeloo,hamlet,6.3609284,52.8564116
528,Wilhelminaoord,wilhelminaoord,village,6.1621231,52.8567873
528,Steggerda,steggerda,village,6.0753721,52.857337
528,Wapse,wapse,village,6.2669921,52.8592652
528,Nieuw-Weerdinge,nieuw-weerdinge,village,6.9878143,52.8573979
528,Vledder,vledder,village,6.2101824,52.8574791
528,Zoerte,zoerte,hamlet,6.2781233,52.8576003
528,De Maten,de maten,hamlet,7.0602686,52.8594169
528,De Bruil,de bruil,hamlet,7.0872121,52.8604827
528,Beilen,beilen,town,6.5124319,52.8610999
528,Anna Paulowna,anna paulowna,town,4.8246904,52.8602975
528,Veenhuizen,veenhuizen,hamlet,6.2674776,52.8627031
528,De Kiel,de kiel,village,6.7459407,52.8626885
528,Beilervaart,beilervaart,hamlet,6.4584265,52.8632601
528,Tacozijl,tacozijl,hamlet,5.6486184,52.8633597
528,Boterveen,boterveen,hamlet,6.3873804,52.8644665
528,Zuidveld,zuidveld,hamlet,6.6361355,52.8661711
528,Spoorbuurt,spoorbuurt,hamlet,4.8144284,52.8670265
528,Nij Amerika,nij amerika,hamlet,5.5715413,52.867209
528,Alting,alting,locality,6.538632,52.8671009
528,Eesterga,eesterga,hamlet,5.7290579,52.8680159
528,Bakhuzen,bakhuzen,village,5.4583305,52.8677087
528,Skarl,skarl,hamlet,5.3920239,52.8673585
528,Geeuwenbrug,geeuwenbrug,village,6.3732666,52.8689759
528,Oosterzee-Buren,oosterzee-buren,village,5.7525057,52.8697173
528,Zevenbuurt,zevenbuurt,hamlet,5.8547505,52.8705446
528,Vinkega,vinkega,village,6.1137183,52.8719582
528,Klatering,klatering,hamlet,6.5437898,52.8728972
528,Sonnega,sonnega,village,5.9737367,52.8713123
528,Dikbroeken,dikbroeken,locality,7.00339,52.87301
528,Lombok,lombok,hamlet,6.1429828,52.8733003
528,Ter Apel,ter apel,town,7.0617746,52.8742433
528,Gelderse Buurt,gelderse buurt,hamlet,4.796825,52.874665
528,Vledderveen,vledderveen,village,6.1880842,52.8768553
528,Rheeveld,rheeveld,locality,6.5030329,52.8771066
528,Hemelum,hemelum,village,5.4576975,52.8811491
528,Eursinge,eursinge,hamlet,6.5273669,52.8817686
528,Westerein,westerein,hamlet,5.5230219,52.8824471
528,Exloo,exloo,village,6.8643091,52.882455
528,Van Ewijcksluis,van ewijcksluis,hamlet,4.8751979,52.8838147
528,Follega,follega,hamlet,5.7369664,52.8864241
528,Doldersum,doldersum,village,6.2459153,52.8853046
528,Boermastreek,boermastreek,hamlet,6.9013215,52.88627
528,Valthermond,valthermond,village,6.9751675,52.8869891
528,Nijelamer,nijelamer,hamlet,5.957905,52.8870935
528,Breezand,breezand,village,4.8029941,52.8884022
528,Eesergroen,eesergroen,hamlet,6.7809374,52.8899703
528,Laudermarke,laudermarke,hamlet,7.1099261,52.8897655
528,Roelage,roelage,hamlet,7.1001048,52.8899413
528,Ellertshaar,ellertshaar,hamlet,6.736068,52.8924182
528,Tweede Valthermond,tweede valthermond,hamlet,7.0278425,52.89329
528,Exloërkijl,exloerkijl,hamlet,6.9242419,52.8946337
528,Oude Willem,oude willem,hamlet,6.3068604,52.8947943
528,Exloerveen,exloerveen,hamlet,6.8954236,52.8968982
528,Ter Haar,ter haar,hamlet,7.0845726,52.8971917
528,Oosterklief,oosterklief,hamlet,4.9589217,52.8974156
528,Kolderwolde,kolderwolde,hamlet,5.5053464,52.895306
528,Hollebalg,hollebalg,hamlet,4.9394335,52.8978166
528,Boschoord,boschoord,hamlet,6.2273919,52.8989883
528,Oosterstreek,oosterstreek,village,6.1686289,52.8999072
528,Oudega,oudega,village,5.5224873,52.9042449
528,Westdorp,westdorp,hamlet,6.7667047,52.9043488
528,Belt,belt,hamlet,4.9513417,52.9044421
528,Rode Dorp,rode dorp,hamlet,6.1389307,52.9057148
528,Kavelingen,kavelingen,hamlet,7.0093663,52.9062346
528,Oldeholtwolde,oldeholtwolde,hamlet,6.0094703,52.906395
528,Ees,ees,village,6.8056074,52.9079628
528,Elft,elft,hamlet,4.9778488,52.9082197
528,Ter Apelkanaal,ter apelkanaal,village,7.0482534,52.9093231
528,Valthermussel,valthermussel,hamlet,7.0199649,52.9101292
528,Slegge,slegge,hamlet,7.0793022,52.9109601
528,Ter Wisch,ter wisch,hamlet,7.0996873,52.9147015
528,Rohel,rohel,hamlet,5.8313052,52.917097
528,Wessingtange,wessingtange,hamlet,7.1438437,52.9176087
528,Jipsingboermussel,jipsingboermussel,hamlet,7.0408143,52.9186867
528,Veerste Veldhuis,veerste veldhuis,hamlet,7.1077058,52.9190025
528,Hooghalen,hooghalen,village,6.541676,52.9207892
528,Lauderbeetse,lauderbeetse,hamlet,7.08814,52.92172
528,Laaghalen,laaghalen,hamlet,6.5316051,52.9218563
528,Oldeouwer,oldeouwer,hamlet,5.8008181,52.9229329
528,Ter Walslage,ter walslage,hamlet,7.1201439,52.922167
528,Finkeburen,finkeburen,hamlet,5.7216517,52.9221003
528,Zorgvlied,zorgvlied,village,6.2544957,52.9219234
528,Sint Nicolaasga,sint nicolaasga,village,5.7418907,52.9227657
528,1e Exloërmond,1e exloermond,village,6.920624,52.9228724
528,Lauderzwarteveen,lauderzwarteveen,hamlet,7.1056046,52.9230998
528,Borger,borger,town,6.7905566,52.9240717
528,Smerp,smerp,hamlet,4.9911162,52.924944
528,Noordstroe,noordstroe,hamlet,4.9737369,52.9257687
528,Stroe,stroe,hamlet,4.9758249,52.926333
528,Rotsterhaule,rotsterhaule,village,5.8500924,52.9275658
528,Rijsberkampen,rijsberkampen,hamlet,6.2067167,52.927606
528,Zuidveld,zuidveld,hamlet,7.1502401,52.9278057
528,Idskenhuizen,idskenhuizen,village,5.716075,52.9281588
528,De Heid,de heid,hamlet,5.0118162,52.9286654
528,De Gest,de gest,hamlet,5.0268245,52.9285999
528,De Rijlst,de rijlst,hamlet,5.7542238,52.9293541
528,Ouwster-Nijega,ouwster-nijega,hamlet,5.8041345,52.9298166
528,Musselkanaal,musselkanaal,village,7.0221573,52.930435
528,Borgerveld,borgerveld,hamlet,7.1140925,52.9301039
528,Sellingerbeetse,sellingerbeetse,hamlet,7.0808573,52.9321091
528,Oosterland,oosterland,hamlet,5.0104469,52.931882
528,Heide,heide,hamlet,5.7664147,52.9322409
528,Buinen,buinen,village,6.8399482,52.9324083
528,Nieuweschoot,nieuweschoot,village,5.928442,52.9331359
528,Annebuorren,annebuorren,hamlet,5.9691676,52.9332734
528,Den Oever,den oever,village,5.0308692,52.9335602
528,Grolloo,grolloo,village,6.6727367,52.936205
528,Braamberg,braamberg,hamlet,7.045915,52.936445
528,Rottum,rottum,village,5.8920325,52.9364102
528,Ouwsterhaule,ouwsterhaule,village,5.8126613,52.9378867
528,Legemeer,legemeer,hamlet,5.7265645,52.9385511
528,Ter Borg,ter borg,hamlet,7.1325532,52.9388262
528,Borgertange,borgertange,hamlet,7.1098699,52.9403924
528,Laaghalerveen,laaghalerveen,hamlet,6.5135634,52.9413367
528,Amen,amen,hamlet,6.6120845,52.9423721
528,Scharsterbrug,scharsterbrug,village,5.7797885,52.9451345
528,Hasseberg,hasseberg,hamlet,7.1641747,52.9444578
528,Horsten,horsten,hamlet,7.0077458,52.945294
528,Katlijk,katlijk,village,6.0133808,52.9461987
528,Elsloo,elsloo,village,6.2356913,52.9466446
528,Bronneger,bronneger,hamlet,6.8156177,52.9468714
528,Deddingabuurt,deddingabuurt,hamlet,6.1490996,52.9479713
528,Vredenheim,vredenheim,hamlet,6.6570795,52.9482827
528,Indijk,indijk,hamlet,5.6037057,52.9479262
528,Dijken,dijken,hamlet,5.7088308,52.9493814
528,Oranjewoud,oranjewoud,village,5.9622367,52.950123
528,It Heidenskip,it heidenskip,village,5.5002665,52.9508244
528,Smilde,smilde,village,6.4510463,52.9509174
528,Papenvoort,papenvoort,hamlet,6.7033895,52.9511775
528,Drouwen,drouwen,village,6.7965034,52.9525301
528,De Hel,de hel,hamlet,5.5024926,52.9526769
528,Ekehaar,ekehaar,village,6.6030734,52.9533206
528,Haskerhorne,haskerhorne,village,5.8294486,52.9535519
528,Leemdobben,leemdobben,hamlet,7.1545528,52.9544455
528,Mussel,mussel,village,7.0388205,52.9568001
528,Sellingerzwarteveen,sellingerzwarteveen,hamlet,7.1455241,52.9568361
528,1e Oomsberg,1e oomsberg,hamlet,7.0089287,52.956805
528,Langweer,langweer,village,5.7232144,52.9572272
528,Zuideind,zuideind,hamlet,6.869155,52.9576134
528,Tronde,tronde,hamlet,6.220811,52.9580134
528,Smallebrugge,smallebrugge,hamlet,5.6362003,52.9581657
528,Nijeberkoop,nijeberkoop,village,6.1904235,52.9588643
528,Boornzwaag,boornzwaag,hamlet,5.7358507,52.9604815
528,Appelscha,appelscha,village,6.3441136,52.9524178
528,Kopstukken,kopstukken,hamlet,7.0579272,52.9605858
528,Marwijksoord,marwijksoord,hamlet,6.6604523,52.9613469
528,Nijehaske,nijehaske,hamlet,5.8951158,52.9613102
528,Rijsdam,rijsdam,hamlet,7.1447962,52.9630164
528,Bontebok,bontebok,village,6.0260841,52.9630932
528,Veneburen,veneburen,locality,6.23897,52.96404
528,Gaastmeer,gaastmeer,village,5.5435,52.9641839
528,Jipsingboertange,jipsingboertange,village,7.1040636,52.9646685
528,Eldersloo,eldersloo,hamlet,6.617777,52.9650738
528,Nieuw-Buinen,nieuw-buinen,village,6.9539192,52.9662192
528,Oomsberg,oomsberg,hamlet,7.0242977,52.9666312
528,Ceresdorp,ceresdorp,hamlet,6.9713241,52.966796
528,Lammerweg,lammerweg,hamlet,7.1532126,52.9676862
528,Nooitgedacht,nooitgedacht,village,6.6617269,52.9702697
528,Willemstad,willemstad,hamlet,6.3458434,52.9682618
528,Lippenwâlde,lippenwalde,hamlet,5.65528,52.96887
528,Kleine Gaastmeer,kleine gaastmeer,hamlet,5.5387906,52.969529
528,Twijtel,twijtel,hamlet,6.1921368,52.9698516
528,Heeg,heeg,village,5.6109457,52.970948
528,Over de Dijk,over de dijk,hamlet,7.1709829,52.9720682
528,Gasselte,gasselte,village,6.7921853,52.971916
528,Nijlande,nijlande,hamlet,6.6266065,52.9737657
528,Zaadstukken,zaadstukken,hamlet,7.0445591,52.9735673
528,Jubbega-Schurega,jubbega-schurega,hamlet,6.109987,52.973834
528,Boekhorst,boekhorst,locality,6.292595,52.974287
528,Laag-Duurswoude,laag-duurswoude,hamlet,6.2526,52.97502
528,Hoog-Duurswoude,hoog-duurswoude,hamlet,6.2614895,52.9765631
528,Drouwenermond,drouwenermond,village,6.8997601,52.9767927
528,Osingahuzen,osingahuzen,hamlet,5.6219101,52.9772756
528,Idzega,idzega,hamlet,5.5586788,52.9781265
528,Hommerts,hommerts,village,5.6498408,52.9786502
528,Venekoten,venekoten,hamlet,6.3084027,52.9786024
528,Jipsinghuizen,jipsinghuizen,village,7.1537074,52.9800823
528,Jonkerslân,jonkerslan,village,6.0430578,52.9801818
528,Buttinga,buttinga,locality,6.2781274,52.9802018
528,Terband,terband,village,5.9182016,52.9810263
528,Langezwaag,langezwaag,village,6.0060659,52.9818898
528,Lytshuzen,lytshuzen,hamlet,5.5909392,52.9832307
528,Rolde,rolde,village,6.6487151,52.9843788
528,Schreierswijk,schreierswijk,hamlet,6.8565867,52.9850548
528,Vledderveen,vledderveen,hamlet,7.0091245,52.9855091
528,Nieuwe Vaart,nieuwe vaart,locality,6.0174199,52.9856289
528,Plaggenborg,plaggenborg,hamlet,7.1564441,52.9864337
528,Broek,broek,village,5.7782551,52.9808767
528,Hoek Makkinga,hoek makkinga,locality,6.2356022,52.9878847
528,Oosterwolde,oosterwolde,town,6.2908202,52.9892251
528,Nieuwebrug,nieuwebrug,village,5.8850891,52.9906507
528,Blekslage,blekslage,hamlet,7.0646328,52.990341
528,Weenderveld,weenderveld,hamlet,7.1013276,52.9905055
528,Medhuizen,medhuizen,locality,6.3207336,52.9906548
528,Aldegea,aldegea,village,5.5528684,52.9921271
528,Vosseberg,vosseberg,hamlet,7.0502293,52.9919862
528,Stadskanaal,stadskanaal,town,6.9624466,52.9925618
528,Luinjeberd,luinjeberd,village,5.9290974,52.9931447
528,Haskerdijken,haskerdijken,village,5.8798524,52.9935572
528,Wollinghuizen,wollinghuizen,hamlet,7.1486334,52.9946251
528,Scharneburen,scharneburen,hamlet,5.4353981,52.9953005
528,Balloo,balloo,village,6.6314459,52.9960173
528,Kortezwaag,kortezwaag,hamlet,6.0708448,52.9963241
528,Luxwoude,luxwoude,village,5.9817374,52.9967018
528,Gasselternijveenschemond,gasselternijveenschemond,village,6.9122833,52.9974299
528,Spitsendijk,spitsendijk,locality,5.9170031,52.9977992
528,Hoornsterzwaag,hoornsterzwaag,village,6.1700503,52.9978563
528,Tweede Dwarsdiep,tweede dwarsdiep,hamlet,6.8934917,53.0011103
528,Harpel,harpel,hamlet,7.0890074,53.0001825
528,Gasselterboerveen,gasselterboerveen,hamlet,6.8414635,53.0007896
528,Wollingboermarke,wollingboermarke,hamlet,7.1671543,53.0006746
528,Anderen,anderen,village,6.686086,53.0011806
528,Weende,weende,hamlet,7.1291128,53.0015954
528,Ballingbuur,ballingbuur,hamlet,5.7682598,53.0019121
528,Bonnen,bonnen,hamlet,6.7807908,53.0025755
528,Veenhof,veenhof,hamlet,6.8102065,53.0035429
528,Akmarijp,akmarijp,village,5.7884469,53.0046898
528,Jubbega,jubbega,village,6.1220155,53.0033704
528,Gieten,gieten,town,6.7638462,53.0033134
528,Draaisterhuizen,draaisterhuizen,hamlet,5.6005788,53.0041979
528,Uitwellingerga,uitwellingerga,village,5.7028686,53.0043051
528,Gersloot,gersloot,village,5.961468,53.0049107
528,Gorredijk,gorredijk,town,6.0641634,53.0059606
528,Ter Maarsch,ter maarsch,hamlet,6.9990045,53.0064665
528,Vledderhuizen,vledderhuizen,hamlet,7.0391939,53.0066871
528,Renneborg,renneborg,hamlet,7.1377766,53.0067165
528,Nijezijl,nijezijl,hamlet,5.6052566,53.0072338
528,Torenveen,torenveen,hamlet,6.8357531,53.0068205
528,De Knolle,de knolle,locality,6.32553,53.00768
528,Gasselterboerveenschemond,gasselterboerveenschemond,hamlet,6.8841845,53.0078489
528,Hieslum,hieslum,village,5.488852,53.0084798
528,Bourtange,bourtange,village,7.1920883,53.0067206
528,Jardinga,jardinga,locality,6.2822578,53.0092347
528,IJlst,ijlst,village,5.6233237,53.0101372
528,Atzeburen,atzeburen,hamlet,5.4968988,53.0101962
528,Pikesyl,pikesyl,hamlet,5.5848282,53.0104156
528,Haneburen,haneburen,locality,6.096667,53.0118828
528,Oppenhuizen,oppenhuizen,village,5.6965417,53.0122247
528,Barlage,barlage,hamlet,7.05405,53.01234
528,Vlagtwedder-Veldhuis,vlagtwedder-veldhuis,hamlet,7.1308886,53.0130707
528,Westhem,westhem,village,5.5502434,53.0143343
528,Wonneburen,wonneburen,hamlet,5.438358,53.0145163
528,Bonnerveen,bonnerveen,hamlet,6.8326245,53.0141083
528,Stakenborg,stakenborg,hamlet,7.1783241,53.0156955
528,Veenhuizen,veenhuizen,hamlet,7.0156724,53.0169203
528,Ellersinghuizen,ellersinghuizen,hamlet,7.1115389,53.0175997
528,Vosseburen,vosseburen,locality,6.1118271,53.0176265
528,Lippenhuizen,lippenhuizen,village,6.0924192,53.017862
528,Weperpolder,weperpolder,hamlet,6.3391851,53.0182855
528,Parrega,parrega,village,5.4792292,53.0183623
528,Terwispel,terwispel,village,6.0506909,53.0189885
528,Eext,eext,village,6.7354152,53.0193989
528,Breezanddijk,breezanddijk,hamlet,5.2094217,53.0199135
528,It Ges,it ges,neighbourhood,5.6981833,53.0208992
528,Oudewegstervaart,oudewegstervaart,locality,5.9661,53.02088
528,Nieuw Weper,nieuw weper,hamlet,6.345098,53.0209195
528,Huis ter Heide,huis ter heide,hamlet,6.48253,53.0212084
528,Houkesloot,houkesloot,neighbourhood,5.6844498,53.0222053
528,Bosje,bosje,hamlet,6.8685821,53.02272
528,Bovenstreek,bovenstreek,hamlet,6.8579063,53.0229926
528,Blauwhuis,blauwhuis,village,5.5325947,53.0229532
528,Dedgum,dedgum,village,5.4923471,53.0232135
528,Stobben,stobben,hamlet,7.1660101,53.0232523
528,Smeerling,smeerling,hamlet,7.0747229,53.0246997
528,Dwarsdiep,dwarsdiep,hamlet,6.9386709,53.0242446
528,Hemrikerverlaat,hemrikerverlaat,locality,6.1300471,53.025702
528,Weite,weite,hamlet,7.1390348,53.0262698
528,Gieterveen,gieterveen,village,6.8364563,53.0263009
528,Streek,streek,hamlet,6.8590001,53.0275056
528,Sythuizen,sythuizen,hamlet,5.8566329,53.02814
528,Gieterzandvoort,gieterzandvoort,hamlet,6.8011607,53.0285147
528,Wildeplaats,wildeplaats,hamlet,6.9314986,53.0293487
528,Arkum,arkum,hamlet,5.499409,53.0294885
528,Tijnje,tijnje,village,5.9935,53.0302245
528,Poldert,poldert,hamlet,7.14151,53.0304
528,Wijnjeterpverlaat,wijnjeterpverlaat,hamlet,6.1596531,53.0304389
528,Kooihuizen,kooihuizen,hamlet,5.4222625,53.031253
528,Gersloot-Polder,gersloot-polder,hamlet,5.9438776,53.0317227
528,Jousterp,jousterp,hamlet,5.4850781,53.0320535
528,Hemrik,hemrik,village,6.1385424,53.0321377
528,Boven Pekela,boven pekela,village,6.9290686,53.0321619
528,Offingawier,offingawier,village,5.6972663,53.0320945
528,Jonkershuizen,jonkershuizen,hamlet,5.5102426,53.0337982
528,Zuiderkolonie,zuiderkolonie,hamlet,6.9338429,53.0346716
528,Eexterzandvoort,eexterzandvoort,village,6.7837233,53.0355703
528,Lekkerterp,lekkerterp,locality,5.8681,53.03546
528,Fiifhús,fiifhus,hamlet,5.5548433,53.0363018
528,Sparjebird,sparjebird,hamlet,6.15008,53.03633
528,Wolsum,wolsum,village,5.5448865,53.0365695
528,Sterenborg,sterenborg,hamlet,7.0646452,53.0366064
528,Onstwedde,onstwedde,village,7.0388943,53.0367909
528,Koudenburg,koudenburg,locality,6.3304672,53.0371182
528,Folsgare,folsgare,village,5.605641,53.0371957
528,Moskou,moskou,hamlet,6.2149288,53.0375132
528,Petersburg,petersburg,hamlet,6.21795,53.03806
528,Haule,haule,village,6.3063466,53.0366149
528,Ter Wupping,ter wupping,hamlet,7.07316,53.03857
528,Rytseterp,rytseterp,hamlet,5.4856814,53.0390057
528,Hoetmansmeer,hoetmansmeer,hamlet,6.9119915,53.0392802
528,Vlagtwedder-Barlage,vlagtwedder-barlage,hamlet,7.119704,53.0393476
528,De Hilte,de hilte,hamlet,6.8254304,53.0405663
528,Höchte,hochte,hamlet,7.0060655,53.0409564
528,Wolsumerketting,wolsumerketting,hamlet,5.5486566,53.0409944
528,Hebrecht,hebrecht,hamlet,7.17582,53.04109
528,Tjerkwerd,tjerkwerd,village,5.5002915,53.0414583
528,Veele,veele,hamlet,7.095797,53.0418184
528,Idsegahuizum,idsegahuizum,village,5.4190261,53.0425366
528,Anloo,anloo,village,6.697949,53.0426712
528,Tange,tange,hamlet,7.0241582,53.0427418
528,Nieuwediep,nieuwediep,village,6.8554647,53.043736
528,Vierhuizen,vierhuizen,hamlet,5.4529628,53.0446084
528,Driehuizen,driehuizen,isolated_dwelling,4.7743297,53.0460881
528,Tjalhuizum,tjalhuizum,hamlet,5.6123921,53.046569
528,De Westen,de westen,hamlet,4.7552232,53.0469881
528,Aldeboarn,aldeboarn,village,5.8883892,53.0468455
528,Baburen,baburen,hamlet,5.4936741,53.047862
528,Loënga,loenga,hamlet,5.683048,53.0482745
528,Janssenstichting,janssenstichting,locality,6.2673152,53.0495632
528,Höfte,hofte,hamlet,7.06103,53.0502
528,Alteveer,alteveer,village,6.9949973,53.0523292
528,Oosterboorn,oosterboorn,hamlet,5.929622,53.0508777
528,Ulesprong,ulesprong,hamlet,5.9681061,53.052314
528,Wessinghuizen,wessinghuizen,hamlet,7.07327,53.05251
528,Nes,nes,village,5.8517459,53.0528427
528,Numero Dertien,numero dertien,hamlet,6.9183123,53.0531348
528,Westervelde,westervelde,village,6.4438135,53.0533807
528,Jinshuzen,jinshuzen,hamlet,5.811288,53.053765
528,Eexterveen,eexterveen,village,6.8007209,53.0541249
528,Goënga,goenga,village,5.6928661,53.0545751
528,Breeland,breeland,hamlet,6.7566563,53.0547624
528,Eexterveenschekanaal,eexterveenschekanaal,village,6.8373906,53.0552403
528,Den Burg,den burg,town,4.7967379,53.055232
528,Annen,annen,village,6.7275703,53.056286
528,Holte,holte,hamlet,7.0492899,53.0563465
528,Veelerveen,veelerveen,village,7.1258875,53.0564268
528,Exmorra,exmorra,village,5.4644266,53.0550108
528,Makkum,makkum,village,5.4048682,53.0572965
528,Opperburen,opperburen,locality,6.2144481,53.0578027
528,Wijnjewoude,wijnjewoude,village,6.2037444,53.057865
528,Beetsterzwaag,beetsterzwaag,village,6.0820739,53.0591283
528,Tirns,tirns,village,5.6257384,53.0593178
528,Peest,peest,village,6.4970493,53.0598727
528,Oud Beets,oud beets,hamlet,6.0468605,53.0605049
528,Heidehuizen,heidehuizen,locality,6.12884,53.0615
528,Wildervanksterdallen,wildervanksterdallen,hamlet,6.8899978,53.0622317
528,Poppenhuizen,poppenhuizen,hamlet,5.9164639,53.0627727
528,Exmorrazijl,exmorrazijl,hamlet,5.4615634,53.063136
528,Abbenwier,abbenwier,hamlet,5.7902294,53.0646821
528,Haulerwijk,haulerwijk,village,6.3310325,53.065367
528,Kruiselwerk,kruiselwerk,hamlet,6.9900298,53.0658038
528,Oude Schouw,oude schouw,hamlet,5.8098252,53.0650162
528,Ongeren,ongeren,isolated_dwelling,4.8061881,53.0661892
528,Norg,norg,village,6.4594921,53.0663318
528,Nieuw Annerveen,nieuw annerveen,hamlet,6.7763063,53.0664824
528,Wedderheide,wedderheide,hamlet,7.0983797,53.066663
528,Annabuorren,annabuorren,hamlet,5.6220042,53.0670152
528,Tienhoven,tienhoven,isolated_dwelling,4.8084046,53.0674768
528,Speers,speers,hamlet,5.7050963,53.0673578
528,Sibrandabuorren,sibrandabuorren,village,5.7211774,53.067908
528,Zeegse,zeegse,village,6.647078,53.0683057
528,Hoornderveen,hoornderveen,hamlet,7.048494,53.0687766
528,De Stripe,de stripe,locality,6.2284743,53.0696793
528,Longerhouw,longerhouw,village,5.4789359,53.0698757
528,Nijkleaster,nijkleaster,hamlet,5.6974211,53.0703256
528,Warniahuizen,warniahuizen,hamlet,5.9292326,53.0711168
528,Nij Beets,nij beets,village,6.0004216,53.0706866
528,Engwier,engwier,hamlet,5.40834,53.0716
528,Birstum,birstum,locality,5.8470042,53.0717774
528,Schipborg,schipborg,village,6.6683103,53.0718486
528,Kornwerderzand,kornwerderzand,village,5.3371672,53.0722459
528,Spang,spang,hamlet,4.8491979,53.0724726
528,De Waal,de waal,village,4.8230519,53.0726729
528,Een,een,village,6.3931283,53.0747383
528,Tersoal,tersoal,village,5.7364224,53.0748693
528,Viersprong,viersprong,hamlet,5.4841792,53.075555
528,Hidaarderzijl,hidaarderzijl,hamlet,5.59667,53.07571
528,Spijkdorp,spijkdorp,hamlet,4.8616956,53.0764063
528,Spijkerboor,spijkerboor,village,6.7649773,53.076277
528,Vries,vries,village,6.5780129,53.0766668
528,Vriescheloo,vriescheloo,village,7.1194247,53.0771541
528,Hoekens,hoekens,hamlet,5.6169044,53.0767143
528,Jirnsum,jirnsum,village,5.7927534,53.0778724
528,Nieuwe Pekela,nieuwe pekela,village,6.9684353,53.0786257
528,Tynaarlo,tynaarlo,village,6.6175495,53.0770194
528,Molenbuurt,molenbuurt,isolated_dwelling,4.8411722,53.0792167
528,Hidaard,hidaard,village,5.6036831,53.0791688
528,Schraard,schraard,village,5.4504508,53.0802433
528,De Nes,de nes,hamlet,4.8622853,53.0808556
528,Greate Wierrum,greate wierrum,hamlet,5.6613595,53.0817017
528,Annerveenschekanaal,annerveenschekanaal,village,6.7958855,53.0814868
528,Goëngahuizen,goengahuizen,hamlet,5.8851126,53.0817055
528,Hichtum,hichtum,village,5.5262256,53.0820235
528,Suorein,suorein,hamlet,5.81609,53.08207
528,Schettens,schettens,village,5.48358,53.08274
528,Boornbergum,boornbergum,village,6.0469919,53.0830547
528,Cornwerd,cornwerd,village,5.390885,53.0831368
528,Goatum,goatum,hamlet,5.8456171,53.0839948
528,Een-West,een-west,hamlet,6.3385963,53.0845635
528,Trijehuzen,trijehuzen,hamlet,5.6113905,53.0844008
528,Wons,wons,village,5.423996,53.0844283
528,Kortehemmen,kortehemmen,village,6.0640578,53.0851437
528,Wildervank,wildervank,village,6.8664148,53.0852546
528,Oosterend,oosterend,village,4.8731736,53.0857473
528,Wedderveer,wedderveer,village,7.0691595,53.0860765
528,Flânsum,flansum,hamlet,5.7675681,53.0866087
528,Harkebuurt,harkebuurt,hamlet,4.86171,53.08678
528,It Súd,it sud,hamlet,6.099714,53.0886873
528,Sjungadijk,sjungadijk,hamlet,5.5407325,53.0907351
528,Selmien,selmien,hamlet,6.1320131,53.0908583
528,Langelo,langelo,village,6.4464547,53.0918625
528,Hayum,hayum,hamlet,5.4086742,53.0924371
528,Harkezijl,harkezijl,hamlet,5.4510335,53.0922643
528,De Burd,de burd,locality,5.8587766,53.0936056
528,Grou,grou,village,5.8322342,53.0936536
528,Lutjeloo,lutjeloo,hamlet,7.0868677,53.0941043
528,Zuidlaren,zuidlaren,town,6.687165,53.0940913
528,Amerika,amerika,hamlet,6.365966,53.09465
528,Rien,rien,village,5.6577786,53.0956157
528,Foarwurk,foarwurk,hamlet,6.2494738,53.1004691
528,Donderen,donderen,village,6.5457558,53.0959958
528,De Veenhoop,de veenhoop,village,5.9515408,53.0968238
528,Easterein,easterein,village,5.6174182,53.0970152
528,Koudehuizum,koudehuizum,hamlet,5.447895,53.0972179
528,Zandstroom,zandstroom,hamlet,7.073296,53.0978565
528,Hemert,hemert,hamlet,5.523378,53.0983796
528,Friens,friens,village,5.7973034,53.0987656
528,De Wilgen,de wilgen,village,6.0331474,53.0993733
528,Steenbergen,steenbergen,village,6.4085269,53.0998173
528,Gooium,gooium,hamlet,5.4009197,53.1022099
528,Itens,itens,village,5.6433419,53.1009875
528,Sytebuorren,sytebuorren,locality,5.89644,53.10284
528,Veendam,veendam,town,6.8694863,53.1028443
528,Zuidlaarderveen,zuidlaarderveen,village,6.7491326,53.1033499
528,Smalle Ee,smalle ee,hamlet,6.0181129,53.1036506
528,Tjabbesoord,tjabbesoord,hamlet,7.0447132,53.1042763
528,Witmarsum,witmarsum,village,5.4673456,53.1023772
528,De Haspel,de haspel,hamlet,6.3378885,53.1044771
528,Bronsveen,bronsveen,hamlet,7.0313814,53.105154
528,Halfweg,halfweg,hamlet,6.6045273,53.1054104
528,Kampen,kampen,hamlet,5.4532039,53.1056224
528,Tsienzerbuorren,tsienzerbuorren,hamlet,5.7730791,53.1065541
528,Skrok,skrok,hamlet,5.6216502,53.106783
528,Oude Pekela,oude pekela,town,7.013857,53.1074318
528,Frieschepalen,frieschepalen,village,6.2041466,53.1075532
528,Wommels,wommels,village,5.5881055,53.1090078
528,Montsamabuorren,montsamabuorren,hamlet,5.6413607,53.111486
528,Blijham,blijham,village,7.0714359,53.1097631
528,Waaksens,waaksens,village,5.5382682,53.1099658
528,Midlaren,midlaren,village,6.6769183,53.1101221
528,Easterwierrum,easterwierrum,village,5.7330009,53.1101703
528,Westeind,westeind,hamlet,7.0367204,53.1104309
528,Alteveer,alteveer,hamlet,6.4331278,53.1110132
528,Keuningswijk,keuningswijk,hamlet,6.2874514,53.1113614
528,Borgercompagnie,borgercompagnie,village,6.8227564,53.1124966
528,Ureterp aan de Vaart,ureterp aan de vaart,hamlet,6.1842675,53.1130897
528,Veldstreek,veldstreek,hamlet,6.3284998,53.1132457
528,Kibbelgaarn,kibbelgaarn,hamlet,6.9606637,53.113896
528,Egbertsgaasten,egbertsgaasten,hamlet,6.0347446,53.1139673
528,Boerenstreek,boerenstreek,hamlet,6.3461125,53.1143701
528,Yde,yde,village,6.5934801,53.1144982
528,De Lethe,de lethe,hamlet,7.1883124,53.1149393
528,Roderesch,roderesch,village,6.4228689,53.1149219
528,Lieveren,lieveren,village,6.4539724,53.1152798
528,Hinnaard,hinnaard,village,5.6296066,53.1158402
528,Reduzum,reduzum,village,5.7824966,53.1168095
528,De Punt,de punt,village,6.6036309,53.1171166
528,De Koai,de koai,hamlet,5.9789662,53.1169758
528,Bunne,bunne,village,6.5334615,53.1178423
528,Heineburen,heineburen,hamlet,6.2922079,53.1180855
528,Zuiderveen,zuiderveen,hamlet,7.0227018,53.1181028
528,Idaerd,idaerd,village,5.8138302,53.1188133
528,De Gaasten,de gaasten,locality,5.9862849,53.1188829
528,Kûbaard,kubaard,village,5.5710197,53.1196308
528,Noordlaren,noordlaren,village,6.6667661,53.1208645
528,Iens,iens,village,5.6137129,53.121992
528,Korte Akkers,korte akkers,hamlet,6.9050336,53.1231869
528,Skillaerd,skillaerd,hamlet,5.7051198,53.1232026
528,Skrins,skrins,hamlet,5.6476185,53.1223383
528,Zevenhuizen,zevenhuizen,village,6.349367,53.1254057
528,Boven Veensloot,boven veensloot,locality,6.9183611,53.1260779
528,Zuideinde,zuideinde,hamlet,6.5679006,53.126273
528,Oudega,oudega,village,6.0003605,53.1264634
528,Wolfsbarge,wolfsbarge,hamlet,6.7215098,53.1265786
528,Lula,lula,hamlet,6.7906904,53.1265289
528,Lollum,lollum,village,5.531569,53.1254565
528,Midden-Eierland,midden-eierland,hamlet,4.8604995,53.1266771
528,Jonkersvaart,jonkersvaart,hamlet,6.2919753,53.1278456
528,Mantgum,mantgum,village,5.7184896,53.1293548
528,Wammert,wammert,hamlet,5.665908,53.1284053
528,Blauw,blauw,hamlet,6.3683834,53.1285009
528,Arum,arum,village,5.4757726,53.1300655
528,Nieuwe Compagnie,nieuwe compagnie,hamlet,6.7590178,53.1306382
528,Wieuwens,wieuwens,hamlet,5.6502128,53.1312532
528,Nieuw-Roden,nieuw-roden,village,6.3978463,53.1309475
528,Eagum,eagum,hamlet,5.8286622,53.1307126
528,Tsjeintgum,tsjeintgum,hamlet,5.7101368,53.130993
528,De Linde,de linde,hamlet,6.2710775,53.1317105
528,Uiteinde,uiteinde,hamlet,5.9867219,53.1319261
528,De Haar,de haar,hamlet,6.224694,53.1321391
528,Altena,altena,village,6.4749061,53.1323749
528,Boerelaan,boerelaan,hamlet,6.4909676,53.132357
528,Earnewâld,earnewald,village,5.9406531,53.1322349
528,Bonkwerd,bonkwerd,hamlet,5.6072652,53.1324248
528,Middelburen,middelburen,hamlet,6.0307237,53.1329027
528,Bovenstreek,bovenstreek,hamlet,6.9461894,53.1332743
528,Oosterbroek,oosterbroek,hamlet,6.5952296,53.1335734
528,Domwier,domwier,hamlet,5.83985,53.13423
528,Opeinde,opeinde,village,6.0600722,53.1342977
528,Tritzum,tritzum,hamlet,5.566096,53.134478
528,Willemstad,willemstad,hamlet,6.2887903,53.134409
528,Muntendam,muntendam,village,6.8706286,53.1351684
528,Den Ham,den ham,hamlet,7.1658043,53.1354945
528,Weakens,weakens,hamlet,5.6305978,53.1354677
528,De Him,de him,hamlet,5.6885444,53.1366015
528,Dijksterburen,dijksterburen,hamlet,5.4124123,53.1363318
528,Tripscompagnie,tripscompagnie,village,6.8257735,53.1383944
528,Meeden,meeden,village,6.9282183,53.1387389
528,Glimmen,glimmen,village,6.6282244,53.1387046
528,Trimunt,trimunt,hamlet,6.2117779,53.1395319
528,Duurkenakker,duurkenakker,hamlet,6.9044942,53.1400696
528,Nijega,nijega,village,6.0313444,53.1400729
528,Kalkwijk,kalkwijk,hamlet,6.7802516,53.1403318
528,Roden,roden,town,6.4275196,53.1405378
528,Wytgaard,wytgaard,village,5.7837808,53.1417654
528,Baard,baard,village,5.6684773,53.141952
528,Winschoten,winschoten,town,7.0380717,53.143001
528,Spannum,spannum,village,5.6073618,53.1430187
528,Skyldum,skyldum,hamlet,5.6280014,53.1438126
528,Meerwijck,meerwijck,hamlet,6.7117487,53.1439057
528,Tusschenklappen,tusschenklappen,hamlet,6.8660983,53.1443315
528,Westerlee,westerlee,village,6.9876111,53.1452623
528,Koudehoek,koudehoek,hamlet,7.1447858,53.1465655
528,Napels,napels,hamlet,7.0097387,53.1477488
528,Iniaheide,iniaheide,hamlet,5.9903,53.14815
528,Weidum,weidum,village,5.7426471,53.1462078
528,Bikkershorn,bikkershorn,hamlet,6.9930802,53.1485791
528,Terheijl,terheijl,hamlet,6.3815399,53.1488793
528,Wierren,wierren,hamlet,6.0176254,53.1489218
528,Peize,peize,village,6.4933571,53.148934
528,De Tike,de tike,village,6.037727,53.1497655
528,Wirdum,wirdum,village,5.8051023,53.1502491
528,De Bult,de bult,hamlet,7.1287883,53.1509175
528,Nuis,nuis,village,6.3011876,53.1514836
528,Sigerswâld,sigerswald,hamlet,5.9718647,53.1502542
528,Wergea,wergea,village,5.8448045,53.1516566
528,Napels,napels,hamlet,7.0093844,53.1524716
528,Winsum,winsum,village,5.6324887,53.1526714
528,Zethuis,zethuis,hamlet,6.237353,53.1531874
528,Foxwolde,foxwolde,hamlet,6.45151,53.1534432
528,Swichum,swichum,village,5.8211221,53.1539044
528,Klein-Ulsda,klein-ulsda,hamlet,7.1460776,53.1548076
528,Heiligerlee,heiligerlee,village,7.0074743,53.1554458
528,Tusschenloegen,tusschenloegen,hamlet,6.8635945,53.1559172
528,Kleinemeer,kleinemeer,village,6.7867532,53.1564922
528,Leutingewolde,leutingewolde,hamlet,6.4299141,53.1571112
528,Onnen,onnen,village,6.64126,53.1576456
528,Tzum,tzum,village,5.5634514,53.1586562
528,Hamrik,hamrik,hamlet,6.278758,53.1598875
528,Martenshoek,martenshoek,hamlet,6.73979,53.1592643
528,Ulsda,ulsda,hamlet,7.1372394,53.1593611
528,Nietap,nietap,village,6.4004454,53.1592746
528,Hesens,hesens,hamlet,5.6974277,53.1596089
528,Húns,huns,village,5.6672359,53.1599607
528,Boelenslaan,boelenslaan,village,6.146872,53.1605659
528,Warstiens,warstiens,village,5.8630845,53.160996
528,Niebert,niebert,village,6.3260329,53.1607509
528,Hamdijk,hamdijk,hamlet,7.1673786,53.1618874
528,Opende-Zuid,opende-zuid,locality,6.1974319,53.1626091
528,Jellum,jellum,village,5.7436539,53.1636842
528,Felland,felland,hamlet,6.6309532,53.1636991
528,Westeind,westeind,hamlet,6.8214662,53.1636005
528,Sumarreheide,sumarreheide,hamlet,6.0001402,53.1635019
528,Sappemeer,sappemeer,village,6.7960954,53.1642791
528,Sopsum,sopsum,hamlet,5.4966053,53.1647237
528,Doijum,doijum,hamlet,5.5305555,53.1645798
528,Westerein,westerein,hamlet,5.5947715,53.1643466
528,Hilaard,hilaard,village,5.7110954,53.1651999
528,Zuidbroek,zuidbroek,village,6.8624774,53.1655615
528,Hitzum,hitzum,village,5.517496,53.166074
528,Wjelsryp,wjelsryp,village,5.606938,53.1666428
528,Foxhol,foxhol,village,6.7211866,53.1671992
528,Foxham,foxham,hamlet,6.735203,53.1675924
528,Roderwolde,roderwolde,village,6.4685809,53.1676143
528,It Wytfean,it wytfean,hamlet,6.1014513,53.1685504
528,Hoptille,hoptille,hamlet,5.6836349,53.1688903
528,De Holm,de holm,hamlet,6.3460502,53.1697461
528,Topweer,topweer,locality,6.1900031,53.1703409
528,Rewert,rewert,hamlet,5.6663096,53.1710405
528,Jagerswijk,jagerswijk,hamlet,6.8119794,53.1716433
528,Scheemdermeer,scheemdermeer,hamlet,6.9898374,53.1711172
528,Lutjelollum,lutjelollum,hamlet,5.5704349,53.1719322
528,Opende,opende,village,6.1985839,53.1734428
528,Eelderwolde,eelderwolde,village,6.5463307,53.1734552
528,Koningsbuurt,koningsbuurt,neighbourhood,5.4446383,53.1731839
528,Foxholsterbosch,foxholsterbosch,hamlet,6.6971636,53.1737014
528,Eastermar,eastermar,village,6.0620458,53.1742132
528,Sappemeer-Noord,sappemeer-noord,neighbourhood,6.7876035,53.1746369
528,Uiterburen,uiterburen,hamlet,6.87464,53.17544
528,Spitsbergen,spitsbergen,hamlet,6.8343495,53.1756827
528,Borgweg,borgweg,hamlet,6.7121161,53.1774389
528,De Snipperij,de snipperij,hamlet,6.2521061,53.1775529
528,Scheemda,scheemda,village,6.971654,53.177619
528,Boksum,boksum,village,5.7284328,53.1766859
528,Suwâld,suwald,village,5.9265687,53.178501
528,Hoek,hoek,locality,5.8455732,53.1790206
528,Tsjeppenbûr,tsjeppenbur,hamlet,5.604,53.17906
528,Meerland,meerland,hamlet,7.04282,53.17979
528,Scheemderzwaag,scheemderzwaag,hamlet,6.9495509,53.1798526
528,Bad Nieuweschans,bad nieuweschans,village,7.2093739,53.1799334
528,Surhuisterveen,surhuisterveen,village,6.1701295,53.1802681
528,Blessum,blessum,village,5.7103386,53.1813206
528,Kornhorn,kornhorn,village,6.2428642,53.1812445
528,Salverd,salverd,hamlet,5.58312,53.1816167
528,Kiesterzijl,kiesterzijl,hamlet,5.5056274,53.1813844
528,Ungabuurt,ungabuurt,hamlet,5.464394,53.1830378
528,Lucaswolde,lucaswolde,hamlet,6.3003283,53.1840912
528,Harkema,harkema,village,6.1368138,53.1843251
528,Kingmatille,kingmatille,hamlet,5.6031132,53.1838928
528,Veenhuizen,veenhuizen,hamlet,6.82773,53.1853
528,Koartwâld,koartwald,hamlet,6.185052,53.1884672
528,Niesoord,niesoord,hamlet,7.02614,53.1866
528,Oudezijl,oudezijl,hamlet,7.1997035,53.1867473
528,Boerakker,boerakker,village,6.32931,53.18701
528,Hamsherne,hamsherne,hamlet,6.1192426,53.1895887
528,De Blynse,de blynse,hamlet,5.441549,53.1900642
528,Lettelbert,lettelbert,village,6.410145,53.1901502
528,Zweins,zweins,village,5.6059456,53.1907201
528,Kromme-Elleboog,kromme-elleboog,hamlet,7.070879,53.1907897
528,Roodehaan,roodehaan,hamlet,6.6384,53.19097
528,Essen,essen,hamlet,6.6024219,53.1911945
528,Stootshorn,stootshorn,hamlet,6.8391178,53.1915189
528,Deinum,deinum,village,5.7243881,53.1918199
528,Arkens,arkens,hamlet,5.5527171,53.1936834
528,De Jammer,de jammer,hamlet,6.34013,53.1931599
528,Dronryp,dronryp,village,5.6452024,53.1939405
528,Froombosch,froombosch,village,6.7824939,53.194331
528,Midwolda,midwolda,village,7.012616,53.1949414
528,Wijnaldum,wijnaldum,village,5.4609159,53.1953337
528,Foarryp,foarryp,hamlet,5.4805086,53.1965638
528,Peebos,peebos,hamlet,6.23122,53.19733
528,Lytse Geast,lytse geast,hamlet,5.8955699,53.1974094
528,Finsterwolde,finsterwolde,village,7.083378,53.1983282
528,Modderland,modderland,hamlet,7.11118,53.1994688
528,Matsloot,matsloot,hamlet,6.4664757,53.2006284
528,Oude Statenzijl,oude statenzijl,hamlet,7.2077464,53.2007285
528,Skingen,skingen,village,5.6170365,53.2016997
528,Bouwekleaster,bouwekleaster,hamlet,6.1263765,53.2021702
528,Ruiten,ruiten,hamlet,6.7647511,53.2009558
528,Oostwold,oostwold,village,7.0451128,53.2027266
528,Noardermar,noardermar,hamlet,6.0147571,53.2035328
528,Surhuizum,surhuizum,village,6.1772465,53.2060614
528,Pasop,pasop,hamlet,6.3885008,53.2067235
528,Scharmer,scharmer,village,6.7069125,53.2074831
528,De Poffert,de poffert,hamlet,6.4614967,53.207777
528,Tytsjerk,tytsjerk,village,5.9153733,53.2090671
528,Oude Roodehaan,oude roodehaan,hamlet,6.6215633,53.208196
528,Finsterwolderhamrik,finsterwolderhamrik,hamlet,7.1347422,53.2086836
528,Ganzedijk,ganzedijk,hamlet,7.1200295,53.2087195
528,Grootegast,grootegast,village,6.2744862,53.2115071
528,Marsum,marsum,village,5.7296008,53.212242
528,Noordbroeksterhamrik,noordbroeksterhamrik,hamlet,6.9093516,53.2125334
528,Jistrum,jistrum,village,6.0638845,53.2130137
528,Slappeterp,slappeterp,village,5.6207326,53.2128274
528,Harkstede,harkstede,village,6.7003533,53.2137257
528,Oudedijk,oudedijk,hamlet,7.1643098,53.2139213
528,Kostverloren,kostverloren,hamlet,7.1610465,53.21396
528,Kuzemer,kuzemer,hamlet,6.3345663,53.2142204
528,Hurdegaryp,hurdegaryp,village,5.9413122,53.2147926
528,Hongerige Wolf,hongerige wolf,hamlet,7.1315,53.2150345
528,Hoogkerk,hoogkerk,village,6.5014133,53.2150401
528,Oostwolderpolder,oostwolderpolder,hamlet,7.0515801,53.2163554
528,Korengarst,korengarst,hamlet,6.8803342,53.217743
528,Slochteren,slochteren,village,6.8061724,53.2188327
528,Lagemeeden,lagemeeden,hamlet,6.4640325,53.2185741
528,Augustinusga,augustinusga,village,6.1640429,53.2192703
528,Quatrebras,quatrebras,hamlet,5.981755,53.219813
528,Sebaldeburen,sebaldeburen,village,6.3067102,53.2201881
528,Snakkerburen,snakkerburen,village,5.8106355,53.2202366
528,Noardburgum,noardburgum,village,6.00707,53.22126
528,Middelbert,middelbert,hamlet,6.6371399,53.2213525
528,Ryptsjerk,ryptsjerk,village,5.9175056,53.2222774
528,Ried,ried,village,5.5908822,53.2230112
528,'t Waar,'t waar,village,6.9518003,53.2249696
528,Lekkum,lekkum,village,5.8194535,53.2252413
528,Niekerk,niekerk,village,6.3511772,53.2255401
528,Ingelum,ingelum,village,5.7164311,53.2258664
528,De Wieren,de wieren,hamlet,6.257872,53.2266714
528,Denemarken,denemarken,hamlet,6.783569,53.2283489
528,Bernoullipleinbuurt,bernoullipleinbuurt,neighbourhood,6.5674366,53.2278107
528,Klooster-Lidlum,klooster-lidlum,hamlet,5.5262731,53.2303986
528,Oppenheimbuurt,oppenheimbuurt,neighbourhood,6.5711124,53.2293889
528,Mieden,mieden,hamlet,6.2483156,53.229572
528,Diepswal,diepswal,hamlet,6.3992824,53.2303088
528,Oud-Indische buurt,oud-indische buurt,neighbourhood,6.5637007,53.2306633
528,Professorenbuurt,professorenbuurt,neighbourhood,6.5739881,53.2308383
528,Hoogemeeden,hoogemeeden,hamlet,6.4627046,53.2309931
528,Zevenhuizen,zevenhuizen,hamlet,6.0043931,53.2309964
528,Twijzel,twijzel,village,6.0881075,53.2320384
528,Nieuwbrug,nieuwbrug,hamlet,6.473667,53.2321171
528,Schildwolde,schildwolde,village,6.8160591,53.2329904
528,Oosterbierum,oosterbierum,village,5.5123258,53.2341496
528,Schaaphok,schaaphok,hamlet,6.7402491,53.2347143
528,Bitgummole,bitgummole,village,5.7073681,53.2350193
528,Lutjegast,lutjegast,village,6.2570248,53.2348869
528,Miedum,miedum,hamlet,5.8384675,53.2354902
528,Westerzand,westerzand,hamlet,6.30732,53.235757
528,Jelsum,jelsum,village,5.7830626,53.2340503
528,Lageland,lageland,hamlet,6.7126648,53.2361973
528,Feanwâlden,feanwalden,village,5.9944367,53.2371902
528,Tzummarum,tzummarum,village,5.5465025,53.2371003
528,Hellum,hellum,village,6.8384474,53.2386461
528,Dorp,dorp,hamlet,6.233847,53.2386966
528,Westeind,westeind,hamlet,6.9644501,53.2390748
528,Heidenschap,heidenschap,hamlet,6.6616845,53.2398517
528,Gerkesklooster,gerkesklooster,village,6.207652,53.2403934
528,Gytsjerksterhoeke,gytsjerksterhoeke,hamlet,5.87661,53.2396895
528,Slaperstil,slaperstil,hamlet,6.4942213,53.2415824
528,Twijzelerheide,twijzelerheide,village,6.046059,53.242037
528,Gytsjerk,gytsjerk,village,5.8904824,53.2422241
528,Berltsum,berltsum,village,5.6484978,53.2428463
528,Koarnjum,koarnjum,village,5.7812296,53.2440615
528,Nieuwolda,nieuwolda,village,6.9747794,53.2447094
528,Hilmahuis,hilmahuis,hamlet,6.2380045,53.2449977
528,Sweagerbosk,sweagerbosk,village,6.0468015,53.2450474
528,Selwerd,selwerd,hamlet,6.5509011,53.2463685
528,Siddeburen,siddeburen,village,6.8644944,53.2470954
528,Garmerwolde,garmerwolde,village,6.6486168,53.2474709
528,Eibersburen,eibersburen,hamlet,6.2563041,53.2479247
528,Nieuwolda-Oost,nieuwolda-oost,hamlet,6.9996407,53.2480467
528,Zuidhorn,zuidhorn,town,6.4049853,53.2480736
528,Oostwolderhamrik,oostwolderhamrik,hamlet,7.0150816,53.2495782
528,Dorkwerd,dorkwerd,hamlet,6.5134013,53.250464
528,Minnertsga,minnertsga,village,5.5949542,53.2513904
528,Noordhornerga,noordhornerga,hamlet,6.3698565,53.2518875
528,Wyns,wyns,village,5.8318353,53.2522713
528,Lageweg,lageweg,hamlet,6.6468573,53.2531183
528,Mûnein,munein,village,5.9176598,53.2533077
528,Zevenhuisjes,zevenhuisjes,hamlet,6.6697365,53.2538966
528,Buitenpost,buitenpost,town,6.1442343,53.2540348
528,Noordhornertolhek,noordhornertolhek,hamlet,6.3788509,53.2557612
528,Aduard,aduard,village,6.4601862,53.2559602
528,Paddepoel,paddepoel,locality,6.5238981,53.2561182
528,Readtsjerk,readtsjerk,village,5.9319198,53.2563822
528,De Westereen,de westereen,village,6.0388695,53.2564712
528,Wagenborgen,wagenborgen,village,6.933403,53.2547005
528,Noordhorn,noordhorn,village,6.3957891,53.2594179
528,Tichelwurk,tichelwurk,hamlet,5.8316611,53.2617121
528,Aduarder Voorwerk,aduarder voorwerk,hamlet,6.4763331,53.2607529
528,Zuidwolde,zuidwolde,village,6.5918683,53.2607112
528,Dijkshoek,dijkshoek,hamlet,5.5462601,53.2612458
528,Blokum,blokum,hamlet,6.7190784,53.2599607
528,De Falom,de falom,village,6.0092119,53.2613545
528,Steentil,steentil,hamlet,6.4826672,53.261981
528,Kollumersweach,kollumersweach,village,6.0799102,53.2628072
528,Okswerd,okswerd,hamlet,6.36206,53.26273
528,Harssens,harssens,hamlet,6.5382196,53.2628077
528,Grijpskerk,grijpskerk,village,6.3061336,53.2638942
528,Gaarland,gaarland,hamlet,6.8553126,53.2660911
528,Thesinge,thesinge,village,6.6507974,53.2664193
528,Tolhek,tolhek,hamlet,6.4388251,53.2666856
528,Niezijl,niezijl,village,6.3392923,53.2668528
528,Wierum,wierum,hamlet,6.5127683,53.2670642
528,Bovenrijge,bovenrijge,hamlet,6.6665688,53.2695795
528,Wierumerschouw,wierumerschouw,hamlet,6.507314,53.2699011
528,Noorderburen,noorderburen,hamlet,6.3919079,53.2701425
528,Fransumer Voorwerk,fransumer voorwerk,hamlet,6.4675194,53.2694865
528,Wilderhof,wilderhof,hamlet,6.9045532,53.2718492
528,Balmahuizen,balmahuizen,hamlet,6.3699415,53.2719864
528,Noordwolde,noordwolde,village,6.5886012,53.2720701
528,Zomerdijk,zomerdijk,hamlet,6.9640058,53.2721055
528,Plattenburg,plattenburg,hamlet,6.6026022,53.2723369
528,Steendam,steendam,village,6.8434432,53.2726819
528,Woldendorp,woldendorp,village,7.0297936,53.2735639
528,Sint-Jacobiparochie,sint-jacobiparochie,village,5.6078097,53.2728453
528,Bouwerschap,bouwerschap,hamlet,6.7233646,53.2728132
528,Den Ham,den ham,village,6.4271387,53.2738959
528,Broeksterwâld,broeksterwald,village,5.9948257,53.274171
528,Adorp,adorp,village,6.536082,53.2761783
528,Westhoek,westhoek,village,5.569997,53.276231
528,Opmeeden,opmeeden,hamlet,6.9160024,53.2768076
528,Ten Boer,ten boer,village,6.6951182,53.2773154
528,Ellerhuizen,ellerhuizen,hamlet,6.60647,53.27865
528,Oostum,oostum,hamlet,6.494076,53.2787668
528,Aldwâld,aldwald,village,6.1144629,53.279782
528,Schaapbulten,schaapbulten,hamlet,6.9314316,53.279737
528,Tjuchem,tjuchem,village,6.8782112,53.280316
528,Frytum,frytum,hamlet,6.38297,53.28114
528,Pieterzijl,pieterzijl,village,6.2685435,53.2811713
528,Overschild,overschild,village,6.7849065,53.2820672
528,Heereburen,heereburen,hamlet,6.3576145,53.2824853
528,Baamsum,baamsum,hamlet,7.0407343,53.2835489
528,Hardeweer,hardeweer,hamlet,6.4394823,53.2837189
528,Beswerd,beswerd,hamlet,6.4612698,53.2848189
528,Oosterdijkshorn,oosterdijkshorn,hamlet,6.7063165,53.2858179
528,Meedhuizen,meedhuizen,village,6.9114813,53.2859718
528,Kommerzijl,kommerzijl,village,6.3236103,53.286311
528,Tergrêft,tergreft,hamlet,5.8484881,53.2861834
528,Suttum,suttum,hamlet,6.4371622,53.2865186
528,Hekkum,hekkum,hamlet,6.516062,53.2873107
528,Brillerij,brillerij,hamlet,6.4833766,53.2874871
528,Dallingeweer,dallingeweer,hamlet,7.0690592,53.2902219
528,Damwâld,damwald,village,5.9993197,53.2903211
528,Lalleweer,lalleweer,hamlet,7.00764,53.29068
528,Hijum,hijum,village,5.765493,53.2910036
528,Niehove,niehove,village,6.3678673,53.2910273
528,Westergeast,westergeast,village,6.0860127,53.2911011
528,Barnwerd,barnwerd,hamlet,6.4213398,53.2923917
528,Het Reidland,het reidland,hamlet,6.6317604,53.2927725
528,Laskwerd,laskwerd,hamlet,6.8483736,53.2933399
528,Lutjewolde,lutjewolde,hamlet,6.6498154,53.2936282
528,Selwerd,selwerd,hamlet,6.40016,53.29464
528,Nij Altoenae,nij altoenae,village,5.6540108,53.2953772
528,Termunten,termunten,village,7.0465238,53.2963932
528,Driezum,driezum,village,6.0449213,53.29681
528,Oudebildtdijk,oudebildtdijk,hamlet,5.6723598,53.2969334
528,Borgsweer,borgsweer,village,7.0148694,53.2982809
528,Rinsumageast,rinsumageast,village,5.9489599,53.2973486
528,Kröddeburen,kroddeburen,hamlet,6.7249282,53.3007507
528,De Kolk,de kolk,hamlet,6.2453145,53.2989626
528,Termunterzijl,termunterzijl,village,7.0358513,53.2989829
528,Bolshuizen,bolshuizen,hamlet,6.4807833,53.2997195
528,Eastwâld,eastwald,hamlet,6.0639515,53.3002661
528,Krassum,krassum,hamlet,6.4921233,53.3000321
528,Lellens,lellens,village,6.7107904,53.3012134
528,Ikum,ikum,hamlet,6.3622,53.30121
528,De Ruigewaard,de ruigewaard,hamlet,6.3116808,53.3013906
528,Wânswert,wanswert,village,5.8501698,53.30182
528,Sint Annerhuisjes,sint annerhuisjes,hamlet,6.6264215,53.302305
528,Kenwerd,kenwerd,hamlet,6.384872,53.303508
528,Garnwerd,garnwerd,village,6.4938463,53.3048388
528,Korhorn,korhorn,hamlet,6.35617,53.30488
528,Kollumerpomp,kollumerpomp,village,6.1893762,53.3045058
528,Feerwerd,feerwerd,village,6.4656801,53.3056571
528,Schifpot,schifpot,hamlet,6.4790911,53.3067663
528,Hallumerhoek,hallumerhoek,hamlet,5.7610524,53.307054
528,Krabburen,krabburen,hamlet,6.257482,53.3069264
528,Amsweer,amsweer,hamlet,6.9023271,53.3086825
528,Klein Garnwerd,klein garnwerd,hamlet,6.5040252,53.3077999
528,Geefsweer,geefsweer,hamlet,6.9344329,53.3070204
528,Nieuwe Bildtdijk,nieuwe bildtdijk,hamlet,5.6703759,53.3081964
528,Ezinge,ezinge,village,6.4415753,53.3089139
528,Hemert,hemert,hamlet,6.7129576,53.3088971
528,Zwarte Haan,zwarte haan,hamlet,5.6275753,53.3089992
528,Ruigezand,ruigezand,hamlet,6.3261128,53.3097296
528,Westerdijkshorn,westerdijkshorn,hamlet,6.5755722,53.3104356
528,Weiwerd,weiwerd,hamlet,6.9472782,53.3111831
528,Garrelsweer,garrelsweer,village,6.7700401,53.3112224
528,Englum,englum,hamlet,6.4037876,53.3114569
528,Garreweer,garreweer,hamlet,6.8216269,53.3111544
528,Lutjewijtwerd,lutjewijtwerd,hamlet,6.69736,53.31175
528,Lammerburen,lammerburen,hamlet,6.3659538,53.3117628
528,Lauwerzijl,lauwerzijl,village,6.2975658,53.3118046
528,Sibrandahûs,sibrandahus,hamlet,5.9432349,53.3113521
528,Jislum,jislum,village,5.8777319,53.3122973
528,Electra,electra,hamlet,6.3570858,53.3129813
528,Alinghuizen,alinghuizen,hamlet,6.5033982,53.3135081
528,Wirdumerdraai,wirdumerdraai,hamlet,6.7881976,53.3136478
528,Antum,antum,hamlet,6.47849,53.31388
528,Het Schoor,het schoor,hamlet,6.4407613,53.31398
528,Groote Kampen,groote kampen,isolated_dwelling,6.3902222,53.3150101
528,Nieuwe Kampen,nieuwe kampen,isolated_dwelling,6.3823071,53.3160617
528,Appingedam,appingedam,town,6.8577654,53.3203563
528,Lutje Kampen,lutje kampen,isolated_dwelling,6.3979108,53.3169696
528,Allersma,allersma,hamlet,6.45392,53.3175286
528,Merum,merum,hamlet,6.7580865,53.3177567
528,Dokkumer Nije Silen,dokkumer nije silen,hamlet,6.1568993,53.318202
528,Ingwierrum,ingwierrum,village,6.1356872,53.3212483
528,Tjamsweer,tjamsweer,hamlet,6.834749,53.3218846
528,Dokkum,dokkum,town,5.9992306,53.3243515
528,Farmsum,farmsum,village,6.9286233,53.3226566
528,Wirdum,wirdum,village,6.7861392,53.3231655
528,De Palen,de palen,hamlet,6.6521439,53.3238533
528,Stienfek,stienfek,hamlet,6.1027926,53.3241866
528,Schilligeham,schilligeham,hamlet,6.4871184,53.3245294
528,Raard,raard,village,5.9446912,53.3263869
528,Westernijtsjerk,westernijtsjerk,hamlet,5.7947355,53.3268315
528,Roodehaan,roodehaan,hamlet,6.4261218,53.3284385
528,Winsum,winsum,town,6.5163966,53.328409
528,Nijlân,nijlan,hamlet,6.1541889,53.3289915
528,Schaphalsterzijl,schaphalsterzijl,hamlet,6.4643247,53.3294219
528,Schouwen,schouwen,hamlet,6.4389906,53.3302092
528,Ie,ie,village,6.1040719,53.3300465
528,Eastrum,eastrum,village,6.0608026,53.3305927
528,Schouwerzijl,schouwerzijl,village,6.4494205,53.3310296
528,Betterwird,betterwird,hamlet,5.9688138,53.3317654
528,Delfzijl,delfzijl,town,6.9135144,53.3325644
528,Loppersum,loppersum,village,6.7469502,53.3320144
528,Hegebeintum,hegebeintum,village,5.8507119,53.3367554
528,Tilbuorren,tilbuorren,hamlet,6.0529155,53.3333504
528,Westerwijtwerd,westerwijtwerd,village,6.645661,53.3332212
528,Ewer,ewer,hamlet,6.3594686,53.3355627
528,Jukwerd,jukwerd,hamlet,6.8468845,53.3358109
528,Houwerzijl,houwerzijl,village,6.341464,53.3359324
528,Boarnwerthuzen,boarnwerthuzen,hamlet,5.9805962,53.3369683
528,Zoutkamp,zoutkamp,village,6.3011339,53.3369602
528,De Tibben,de tibben,hamlet,6.1156779,53.3377121
528,Zuurdijk,zuurdijk,village,6.3777449,53.3373866
528,Fraamklap,fraamklap,hamlet,6.6296656,53.3379988
528,Oosterwijtwerd,oosterwijtwerd,village,6.8140125,53.3382406
528,Groot Maarslag,groot maarslag,hamlet,6.45279,53.3385625
528,Klein Medhuizen,klein medhuizen,hamlet,6.0791945,53.3397941
528,Boerdam,boerdam,hamlet,6.6359541,53.3394706
528,Marsum,marsum,hamlet,6.8771602,53.3405853
528,Wierhuizen,wierhuizen,hamlet,6.8377231,53.3408028
528,Menkeweer,menkeweer,hamlet,6.5824307,53.3410183
528,Groot Medhuizen,groot medhuizen,hamlet,6.0882899,53.3426686
528,Maarhuizen,maarhuizen,hamlet,6.4947197,53.3422754
528,Ranum,ranum,hamlet,6.5073434,53.3431802
528,Stork,stork,hamlet,6.7339298,53.3440233
528,Nijenklooster,nijenklooster,hamlet,6.8473114,53.3441703
528,Foudgum,foudgum,village,5.9412402,53.3447859
528,Dykshoarne,dykshoarne,hamlet,6.1360843,53.3448364
528,Westeremden,westeremden,village,6.7121369,53.345165
528,Huizinge,huizinge,village,6.6747415,53.3457671
528,Leermens,leermens,village,6.7978482,53.3460889
528,Zeerijp,zeerijp,village,6.7630532,53.3475732
528,De Rijp,de rijp,hamlet,5.8434323,53.3478304
528,Middelstum,middelstum,village,6.6439511,53.3482129
528,Jouswier,jouswier,village,6.0737751,53.3501366
528,Douwen,douwen,hamlet,6.3920046,53.3504736
528,Boatebuorren,boatebuorren,hamlet,5.8520516,53.350916
528,Brantgum,brantgum,village,5.930391,53.3521043
528,Arwerd,arwerd,hamlet,6.8376052,53.3532666
528,'t Stort,'t stort,hamlet,6.3915946,53.3529805
528,Krewerd,krewerd,village,6.8491039,53.3542816
528,Dingen,dingen,hamlet,6.5073925,53.35447
528,Toornwerd,toornwerd,village,6.6373408,53.3551557
528,Lutjerijp,lutjerijp,hamlet,6.8044361,53.3557924
528,Nansum,nansum,hamlet,6.8871537,53.3582981
528,Ulrum,ulrum,village,6.3344129,53.3593259
528,Ezumazijl,ezumazijl,hamlet,6.1497985,53.3601186
528,Hantumerútbuorren,hantumerutbuorren,hamlet,6.0051522,53.3603975
528,Westeremder Voorwerk,westeremder voorwerk,hamlet,6.7157264,53.3605416
528,Vierhuizen,vierhuizen,village,6.2918351,53.360658
528,De Houw,de houw,hamlet,6.3617206,53.3612084
528,West-Terschelling,west-terschelling,village,5.2160421,53.3613027
528,Stitswerd,stitswerd,village,6.5990331,53.3613281
528,Baflo,baflo,village,6.51596,53.36176
528,Hantumerhoeke,hantumerhoeke,hamlet,5.9807998,53.3631251
528,Hantum,hantum,village,5.9641586,53.3628417
528,Fjildbuorren,fjildbuorren,hamlet,5.9358266,53.363433
528,Nijewier,nijewier,village,6.0477108,53.3635507
528,Oldenklooster,oldenklooster,hamlet,6.8555599,53.3658803
528,Teard,teard,hamlet,6.1338387,53.3659262
528,Holwert,holwert,village,5.9051004,53.3684202
528,Klei,klei,hamlet,6.3480473,53.3667125
528,Rasquert,rasquert,village,6.5166867,53.3686618
528,Garsthuizen,garsthuizen,village,6.7142115,53.369869
528,Uiteinde,uiteinde,hamlet,6.8820906,53.370533
528,Stiem,stiem,hamlet,6.1431076,53.3704998
528,Dijkum,dijkum,isolated_dwelling,6.7357081,53.371536
528,Hantumhuzen,hantumhuzen,village,5.9984547,53.3723922
528,Moarre,moarre,village,6.089505,53.3729858
528,Eanjum,eanjum,village,6.1277868,53.3738667
528,Grijssloot,grijssloot,hamlet,6.3909563,53.3743152
528,Losdorp,losdorp,village,6.8371694,53.3747092
528,Kinnum,kinnum,hamlet,5.2747411,53.3749232
528,Hee,hee,hamlet,5.2547749,53.3751712
528,Kaard,kaard,hamlet,5.2709728,53.3765143
528,Baaiduinen,baaiduinen,village,5.2746154,53.3773205
528,Nijenklooster,nijenklooster,hamlet,6.4207578,53.3772276
528,Horp,horp,neighbourhood,5.2659662,53.3782237
528,Easternijtsjerk,easternijtsjerk,village,6.0534064,53.3790518
528,Jewier,jewier,hamlet,6.1463637,53.3793306
528,Bollingawier,bollingawier,hamlet,6.0353433,53.3797474
528,Ljussens,ljussens,village,6.088585,53.3805662
528,Eppenhuizen,eppenhuizen,village,6.6965647,53.3811075
528,Teyebourren,teyebourren,hamlet,5.9366468,53.3810809
528,Ternaard,ternaard,village,5.9639038,53.3819925
528,Rottum,rottum,village,6.6207837,53.3821165
528,Midsland,midsland,village,5.2856494,53.3828387
528,Bierum,bierum,village,6.8565604,53.3823925
528,Bethlehem,bethlehem,hamlet,6.6104782,53.3833296
528,Honderd,honderd,hamlet,6.7434592,53.3849511
528,Zevenhuizen,zevenhuizen,hamlet,6.6916984,53.3850413
528,De Knijp,de knijp,hamlet,6.66656,53.38553
528,Landerum,landerum,village,5.2988095,53.3865578
528,Molenrij,molenrij,village,6.40466,53.3871535
528,Kloosterburen,kloosterburen,village,6.3923371,53.3869998
528,Hornhuizen,hornhuizen,village,6.3590916,53.3879761
528,Westerklooster,westerklooster,hamlet,6.3808358,53.3882332
528,Kruisweg,kruisweg,village,6.3733041,53.3874813
528,Midsland Noord,midsland noord,hamlet,5.2847545,53.3884427
528,Den Andel,den andel,village,6.5086566,53.3889644
528,Warffum,warffum,village,6.5588495,53.3911179
528,Hoogwatum,hoogwatum,hamlet,6.8802309,53.3916339
528,Helwerd,helwerd,hamlet,6.6174749,53.3922628
528,Westerhorn,westerhorn,hamlet,6.5972659,53.3932676
528,Lies,lies,village,5.326432,53.3939078
528,Holwinde,holwinde,hamlet,6.654344,53.3949496
528,Kleine Huisjes,kleine huisjes,village,6.4075506,53.3950183
528,Hoorn,hoorn,village,5.3416593,53.3967004
528,Kolhol,kolhol,hamlet,6.7763013,53.3971435
528,Paapstil,paapstil,hamlet,6.7238089,53.3975079
528,Bokum,bokum,hamlet,6.3930344,53.3980826
528,Oostervalge,oostervalge,hamlet,6.5672341,53.3986346
528,Oosternieland,oosternieland,village,6.7549446,53.400039
528,Pieterburen,pieterburen,village,6.4492506,53.4005626
528,Westernieland,westernieland,village,6.4836978,53.4005626
528,Wierum,wierum,village,6.015071,53.4013438
528,Peazens,peazens,village,6.0844557,53.4017656
528,Wadwerd,wadwerd,hamlet,6.5911786,53.4020314
528,Wierhuizen,wierhuizen,hamlet,6.425677,53.4031294
528,Oldörp,oldorp,hamlet,6.6526383,53.4034221
528,Moddergat,moddergat,village,6.0797873,53.4036253
528,Midsland aan Zee,midsland aan zee,hamlet,5.2870952,53.4030734
528,Oosterend,oosterend,village,5.3806919,53.4043867
528,Kaakhorn,kaakhorn,hamlet,6.4790856,53.4043994
528,Oudedijk,oudedijk,hamlet,6.4653,53.40544
528,Vierhuizen,vierhuizen,hamlet,6.8591058,53.4055921
528,Dekkershuizen,dekkershuizen,hamlet,6.8365243,53.4070696
528,Tweehuizen,tweehuizen,hamlet,6.8498039,53.4066538
528,Uithuizen,uithuizen,town,6.6732202,53.4074413
528,De Streek,de streek,hamlet,6.6379274,53.4077172
528,Polen,polen,hamlet,6.8581296,53.412784
528,Uithuizermeeden,uithuizermeeden,village,6.7255446,53.4159396
528,Nooitgedacht,nooitgedacht,hamlet,6.8476794,53.4178313
528,Roodeschool,roodeschool,village,6.7663766,53.419813
528,Hefswal,hefswal,hamlet,6.7363882,53.4214045
528,Noordpolderzijl,noordpolderzijl,hamlet,6.5822547,53.4320687
528,Oudeschip,oudeschip,village,6.8221933,53.4301184
528,Valom,valom,hamlet,6.7116019,53.4438702
528,Nes,nes,village,5.7697769,53.4464044
528,Ballum,ballum,village,5.6868744,53.4435679
528,Buren,buren,village,5.7967586,53.4471324
528,Langlaar,langlaar,hamlet,5.5578793,51.4834835
528,Alvershool,alvershool,hamlet,5.5671306,51.4840018
528,Hool,hool,hamlet,5.5511593,51.4914922
528,Laar,laar,hamlet,5.55387,51.49284
528,Geelbroek,geelbroek,hamlet,6.5724072,52.9505917
528,Oosterbeek,oosterbeek,town,5.8420484,51.9884489
528,Opwetten,opwetten,hamlet,5.5302277,51.4604393
528,Oegstgeest,oegstgeest,town,4.4738856,52.185433
528,Boord,boord,hamlet,5.5225051,51.4686613
528,Lottum,lottum,village,6.1617184,51.4610426
528,'s-Hertogenbosch,'s-hertogenbosch,city,5.303116,51.6889387
528,Leimuiden,leimuiden,village,4.6724358,52.2239922
528,Nederwetten,nederwetten,village,5.5242783,51.4922059
528,Lemiers,lemiers,hamlet,5.9996203,50.7873543
528,Stad van Gerwen,stad van gerwen,hamlet,5.5399445,51.5078059
528,Hillensberg,hillensberg,village,5.9147388,50.98102
528,Vriezekoop,vriezekoop,hamlet,4.6968656,52.2198026
528,Wyler,wyler,village,5.9652393,51.8085203
528,Breukelen,breukelen,village,5.002675,52.171959
528,Worm,worm,hamlet,6.0798447,50.8884891
528,Apeldoorn,apeldoorn,city,5.9639485,52.2156457
528,Sneek,sneek,town,5.6611029,53.033548
528,Drachten,drachten,town,6.0948102,53.1091111
528,Joure,joure,town,5.8026709,52.9644286
528,Heerenveen,heerenveen,town,5.9270052,52.9568246
528,Franeker,franeker,town,5.5409648,53.1880505
528,Harlingen,harlingen,town,5.4141998,53.1752103
528,Leeuwarden,leeuwarden,city,5.7918548,53.2005936
528,Wolvega,wolvega,town,6.001764,52.8762872
528,Den Haag,den haag,city,4.3113461,52.0799838
528,Utrecht,utrecht,city,5.1215634,52.0907006
528,Leiden,leiden,city,4.4908843,52.1594747
528,Alphen aan den Rijn,alphen aan den rijn,town,4.6561357,52.1343369
528,Dordrecht,dordrecht,city,4.6692438,51.814429
528,Bolsward,bolsward,town,5.5228964,53.0620178
528,Zwolle,zwolle,city,6.0943765,52.5089759
528,Oost-Vlieland,oost-vlieland,village,5.0648962,53.2954847
528,Enkhuizen,enkhuizen,town,5.2901222,52.7036282
528,Hoorn,hoorn,town,5.0735802,52.653272
528,Lelystad,lelystad,city,5.4768915,52.5150949
528,Zundert,zundert,town,4.6609892,51.4703878
528,Beekbergen,beekbergen,village,5.9637625,52.1592697
528,Almere Haven,almere haven,suburb,5.2199258,52.3406187
528,Muziekwijk,muziekwijk,neighbourhood,5.1882003,52.3703024
528,Literatuurwijk,literatuurwijk,neighbourhood,5.1828584,52.3557672
528,Stedenwijk,stedenwijk,neighbourhood,5.206095,52.3620882
528,Kruidenwijk,kruidenwijk,neighbourhood,5.2040148,52.3823385
528,Staatsliedenwijk,staatsliedenwijk,neighbourhood,5.2175132,52.3789432
528,Bouwmeesterbuurt,bouwmeesterbuurt,neighbourhood,5.2569049,52.3965485
528,Filmwijk,filmwijk,neighbourhood,5.2370429,52.3672971
528,Parkwijk,parkwijk,neighbourhood,5.2478558,52.3723728
528,Danswijk,danswijk,neighbourhood,5.2573391,52.3648723
528,Verzetswijk,verzetswijk,neighbourhood,5.2425192,52.3792415
528,Tussen de Vaarten,tussen de vaarten,neighbourhood,5.260575,52.3785504
528,Landgoederenbuurt,landgoederenbuurt,neighbourhood,5.2675342,52.3902604
528,Faunabuurt,faunabuurt,neighbourhood,5.2734214,52.3863649
528,Bloemenbuurt,bloemenbuurt,neighbourhood,5.2835731,52.3896227
528,Molenbuurt,molenbuurt,neighbourhood,5.2705722,52.3999018
528,Seizoenenbuurt,seizoenenbuurt,neighbourhood,5.2874127,52.4032383
528,Oostvaardersbuurt,oostvaardersbuurt,neighbourhood,5.2948742,52.406937
528,Regenboogbuurt,regenboogbuurt,neighbourhood,5.2956727,52.3946913
528,Eilandenbuurt,eilandenbuurt,neighbourhood,5.306105,52.3974171
528,Stripheldenbuurt,stripheldenbuurt,neighbourhood,5.3191918,52.4033688
528,Tuute,tuute,hamlet,6.5404805,52.0059871
528,Nivelle,nivelle,hamlet,5.6831651,50.7648922
528,Huisvennen,huisvennen,hamlet,4.9128123,51.4632537
528,Rijswijk,rijswijk,town,4.3188215,52.0446265
528,Amsterdam,amsterdam,city,4.8924534,52.3730796
528,Delft,delft,city,4.35839,52.0114017
528,Voorburg,voorburg,town,4.3558561,52.0703201
528,Moeren,moeren,hamlet,4.6107315,51.4843117
528,De Halmen,de halmen,hamlet,6.1428829,52.1824967
528,Wassenaarse Slag,wassenaarse slag,locality,4.3485453,52.162776
528,Suytkade,suytkade,neighbourhood,5.6597673,51.4720645
528,Zunderdorp,zunderdorp,village,4.965291,52.4071461
528,Durgerdam,durgerdam,village,4.9904908,52.3779446
528,Ransdorp,ransdorp,village,4.9946364,52.3937331
528,Holysloot,holysloot,village,5.0257663,52.4136947
528,Schellingwoude,schellingwoude,village,4.9643217,52.3837449
528,Uithof,uithof,locality,4.2465321,52.0347919
528,Broeklanden A,broeklanden a,neighbourhood,6.6429251,52.5545366
528,Broeklanden B,broeklanden b,neighbourhood,6.6478607,52.5525466
528,Hoekpolder,hoekpolder,locality,4.3100312,52.0184324
528,Heerhugowaard,heerhugowaard,town,4.8326672,52.6631484
528,Den Helder,den helder,town,4.760279,52.957976
528,Purmerend,purmerend,city,4.9614827,52.5024789
528,Zaandam,zaandam,town,4.8298607,52.4424926
528,Haarlem,haarlem,city,4.6388048,52.3885317
528,Hilversum,hilversum,city,5.1719396,52.2241375
528,'t Woudt,'t woudt,hamlet,4.2931405,51.9954619
528,De Schatkuil,de schatkuil,hamlet,5.7845353,51.7819324
528,Helmond,helmond,city,5.6557686,51.4790956
528,Diphoorn,diphoorn,hamlet,6.8197829,52.7703714
528,Overslag,overslag,hamlet,3.8885789,51.2004418
528,Nieuw-Sloten,nieuw-sloten,neighbourhood,4.8115265,52.3465237
528,Santpoort-Noord,santpoort-noord,village,4.6401104,52.4332634
528,Isabellahaven,isabellahaven,hamlet,3.714901,51.2775119
528,Bieslandse Benedenpolder,bieslandse benedenpolder,locality,4.396221,52.0277794
528,Bieslandse Bovenpolder,bieslandse bovenpolder,locality,4.3831406,52.0171409
528,Heesch,heesch,town,5.5266331,51.73519
528,Getelomoor,getelomoor,hamlet,6.7679308,52.46817
528,Balderhaarmoor,balderhaarmoor,hamlet,6.718049,52.5014351
528,Rotte,rotte,hamlet,4.5377563,51.9705244
528,Zandburen,zandburen,hamlet,6.0797243,53.088353
528,Schokland,schokland,hamlet,5.7735767,52.6338792
528,Baarle,baarle,village,4.9308932,51.442616
528,Hahnentange,hahnentange,hamlet,7.0990264,52.859394
528,De Engel,de engel,hamlet,4.5375066,52.2428587
528,Baarle-Hertog,baarle-hertog,village,4.9316995,51.4383589
528,De Kwakel,de kwakel,village,4.7932514,52.2388539
528,Olterterp,olterterp,village,6.101207,53.0658794
528,Allardsoog,allardsoog,hamlet,6.3084698,53.0945757
528,Wetsinge,wetsinge,village,6.5289751,53.3028111
528,Schipluiden,schipluiden,village,4.3156816,51.9774012
528,Oud Verlaat,oud verlaat,hamlet,4.5532874,51.9784026
528,Gaag,gaag,hamlet,4.2677187,51.9489844
528,Bleijerheide,bleijerheide,neighbourhood,6.0664961,50.8528002
528,Aerdenhout,aerdenhout,village,4.5909112,52.3629912
528,Wateringen,wateringen,town,4.2745855,52.0235098
528,Zaandijk,zaandijk,village,4.8080282,52.4744145
528,Koog aan de Zaan,koog aan de zaan,village,4.8071394,52.4620521
528,Westzaan,westzaan,village,4.771537,52.4644351
528,Galamadammen,galamadammen,hamlet,5.4610097,52.9008022
528,Watergraafsmeer,watergraafsmeer,neighbourhood,4.9382992,52.349809
528,Indische Buurt,indische buurt,neighbourhood,4.3547624,52.0230831
528,Col de Hans Spekman,col de hans spekman,locality,5.0594652,52.0382017
528,Mindergangelt,mindergangelt,hamlet,5.9778626,50.9837135
528,Veerse Gatdam,veerse gatdam,locality,3.6346349,51.5880795
528,Haarlemmerliede,haarlemmerliede,village,4.6876442,52.3887744
528,Zandvoort,zandvoort,town,4.5302209,52.3719838
528,Marken,marken,village,5.1068263,52.4578746
528,Medemblik,medemblik,town,5.106195,52.768691
528,Beinsdorp,beinsdorp,village,4.5949361,52.2865938
528,Lisserbroek,lisserbroek,village,4.5732,52.2566546
528,Huigsloot,huigsloot,hamlet,4.5965641,52.2166499
528,Vredeburg,vredeburg,hamlet,4.619316,52.2152308
528,'t Kabel,'t kabel,hamlet,4.652862,52.2538664
528,Nieuwe Wetering,nieuwe wetering,village,4.6184686,52.2095871
528,Duivendrecht,duivendrecht,village,4.9363478,52.3301502
528,Amstel III,amstel iii,neighbourhood,4.9449664,52.303915
528,Ruigoord,ruigoord,hamlet,4.7494222,52.4099167
528,De Vecht,de vecht,village,6.0400461,52.2581259
528,Deelerwoud,deelerwoud,locality,5.9517751,52.1003448
528,Sloterdijk,sloterdijk,neighbourhood,4.8465234,52.3871325
528,Blauwestad,blauwestad,village,7.039041,53.1680971
528,Waterrijk,waterrijk,neighbourhood,5.3979159,51.4372467
528,Grasrijk,grasrijk,neighbourhood,5.4161635,51.4365885
528,Bosrijk,bosrijk,neighbourhood,5.415523,51.4447992
528,Meerrijk,meerrijk,neighbourhood,5.4056306,51.4414812
528,Zandrijk,zandrijk,neighbourhood,5.4077303,51.4468251
528,Hakkelaarsbrug,hakkelaarsbrug,hamlet,5.1025735,52.3193727
528,Mariëndijk,mariendijk,hamlet,4.2375059,52.0107362
528,'s-Gravenzande,'s-gravenzande,town,4.1603759,52.0028294
528,Purmer,purmer,hamlet,5.0202646,52.5025354
528,Purmer,purmer,hamlet,4.9990307,52.4794481
528,Katwoude,katwoude,village,5.044006,52.4678939
528,Monnickendam,monnickendam,town,5.0373214,52.4570766
528,Middelburg,middelburg,village,3.4148228,51.2557439
528,Kaag,kaag,village,4.5583307,52.2132601
528,Overwhere Noord,overwhere noord,neighbourhood,4.9638138,52.5238217
528,Gestel,gestel,suburb,5.4463826,51.4199928
528,Strijp,strijp,suburb,5.4474888,51.4442801
528,Woensel-Noord,woensel-noord,suburb,5.4727098,51.4798418
528,Woensel-Zuid,woensel-zuid,suburb,5.4762102,51.4609539
528,Tongelre,tongelre,suburb,5.5014867,51.4405469
528,Stratum,stratum,suburb,5.4982393,51.4220225
528,Slag Rechtestraat,slag rechtestraat,locality,4.1139538,51.9930454
528,Slag Stuifkenszand,slag stuifkenszand,locality,4.1195924,51.9969018
528,Fort Soleil,fort soleil,hamlet,3.5399472,51.3972944
528,Scheldeveste,scheldeveste,hamlet,3.5410468,51.4024658
528,De Bangert,de bangert,hamlet,5.0884634,52.6675738
528,Dellewal,dellewal,neighbourhood,5.2234937,53.3660054
528,Hoofdstrand 7,hoofdstrand 7,locality,6.1951353,53.4997054
528,Hoofdstrand 8,hoofdstrand 8,locality,6.209469,53.4999352
528,Hoofdstrand 10,hoofdstrand 10,locality,6.2460758,53.5013902
528,Hoofdstrand 9,hoofdstrand 9,locality,6.2281372,53.5008031
528,Hoofdstrand 16,hoofdstrand 16,locality,6.3296749,53.5062399
528,Hoofdstrand 14,hoofdstrand 14,locality,6.2986739,53.505069
528,Hoofdstrand 6,hoofdstrand 6,locality,6.1798145,53.4997054
528,Hoofdstrand 5,hoofdstrand 5,locality,6.1636354,53.498378
528,Hoofdstrand 4,hoofdstrand 4,locality,6.1499025,53.4933487
528,Hoofdstrand 3,hoofdstrand 3,locality,6.140547,53.488855
528,Hoofdstrand 2,hoofdstrand 2,locality,6.1323501,53.477823
528,Gouwe,gouwe,hamlet,4.9616406,52.7264721
528,Ter Lucht,ter lucht,hamlet,4.2702991,51.9255782
528,Burgersdijk,burgersdijk,hamlet,4.261962,51.9686431
528,Oostbuurt,oostbuurt,hamlet,4.2771962,51.9791566
528,La Frayère du Petit Gravier,la frayere du petit gravier,locality,5.6929082,50.7959366
528,Ilpendam,ilpendam,village,4.9514315,52.466399
528,Slag Beukel,slag beukel,locality,4.1409971,52.0116541
528,Slag Vlugtenburg,slag vlugtenburg,locality,4.1282847,52.0023717
528,Bomenwijk,bomenwijk,neighbourhood,4.3655045,52.0188206
528,Chinatown,chinatown,locality,4.3136634,52.0755746
528,Badhoevedorp,badhoevedorp,village,4.7844704,52.3388803
528,Stationsbuurt,stationsbuurt,neighbourhood,4.3175392,52.0705271
528,Breklenkamp,breklenkamp,hamlet,6.9877787,52.4544112
528,Rothenbach,rothenbach,hamlet,6.1201968,51.1399149
528,Nijstad,nijstad,hamlet,6.8647092,52.3516397
528,De Weere,de weere,village,4.99338,52.730035
528,Geervliet,geervliet,village,4.2590568,51.8602806
528,Berkheide,berkheide,locality,4.3650584,52.1681978
528,Den Ruygen Hoek,den ruygen hoek,locality,4.6862699,52.2600966
528,Terweijde,terweijde,neighbourhood,5.2401626,51.9517024
528,Gouda,gouda,town,4.7106094,52.0114922
528,Prosperpolder,prosperpolder,hamlet,4.2132557,51.3278789
528,Bregtdorp,bregtdorp,hamlet,4.6880402,52.7119758
528,Hargen,hargen,hamlet,4.659849,52.723007
528,Groet,groet,village,4.6684187,52.7210122
528,Catrijp,catrijp,hamlet,4.6789105,52.715153
528,Violendel,violendel,locality,4.318475,52.1280863
528,Suderwick,suderwick,village,6.4994486,51.8605859
528,Amersfoort,amersfoort,city,5.3896944,52.1562499
528,Scherpenzeel,scherpenzeel,village,5.4904134,52.0795901
528,Schuitenschuiverskwartier,schuitenschuiverskwartier,neighbourhood,6.5751772,53.2181228
528,Kerckebosch,kerckebosch,neighbourhood,5.2669704,52.0767058
528,Castricum,castricum,town,4.6696185,52.5496739
528,Archipelbuurt,archipelbuurt,neighbourhood,4.3028412,52.0922013
528,Harles,harles,hamlet,5.9783785,50.7816171
528,Terhorst,terhorst,hamlet,5.8160049,50.7874055
528,Gerendal,gerendal,locality,5.8534698,50.8399298
528,Bemelen,bemelen,village,5.7638971,50.847264
528,Terblijt,terblijt,hamlet,5.786139,50.8535385
528,Sint Antoniusbank,sint antoniusbank,hamlet,5.7643563,50.8428867
528,'t Rooth,'t rooth,hamlet,5.7876812,50.8379699
528,Westerdiepsterdallen,westerdiepsterdallen,hamlet,6.8187452,53.0797346
528,Hoek van Holland,hoek van holland,town,4.1314526,51.9771615
528,Walderveen,walderveen,hamlet,5.5541183,52.1132262
528,Gees,gees,village,6.6904973,52.7490156
528,Meinfeld,meinfeld,hamlet,6.179451,51.1877506
528,De Steeg,de steeg,village,6.0606008,52.0199779
528,Tienhoven,tienhoven,village,5.081889,52.1681803
528,Ede,ede,city,5.6702011,52.0458265
528,Schiedam,schiedam,town,4.4019149,51.91718
528,Bergen op Zoom,bergen op zoom,town,4.2871541,51.4944756
528,Doetinchem,doetinchem,town,6.2891093,51.9655192
528,Prinsenkamp,prinsenkamp,hamlet,5.6189447,52.203843
528,Holten,holten,village,6.4216444,52.2819676
528,Bleiswijk,bleiswijk,village,4.5310837,52.0109579
528,Nieuwkuijk,nieuwkuijk,village,5.1805252,51.6913468
528,Weteringbrug,weteringbrug,village,4.6451007,52.2223652
528,Coevorden,coevorden,town,6.7407359,52.6612281
528,Sterreschans,sterreschans,hamlet,6.0224956,51.8895557
528,Oostknollendam,oostknollendam,village,4.7919823,52.5172247
528,Schiphol-Oost,schiphol-oost,locality,4.8101019,52.3093038
528,Heilige Geestpolder,heilige geestpolder,locality,4.6584702,52.214108
528,Capelle aan den IJssel,capelle aan den ijssel,town,4.5883596,51.9312552
528,Fiifhuzen,fiifhuzen,hamlet,5.7491447,53.3122096
528,Maassluis,maassluis,town,4.2541194,51.9219917
528,Maasland,maasland,village,4.2740314,51.9367248
528,Maasdijk,maasdijk,village,4.2149056,51.9575497
528,Leiderdorp,leiderdorp,town,4.5340923,52.1617952
528,De Lier,de lier,town,4.2471322,51.9751843
528,Naaldwijk,naaldwijk,town,4.2074197,51.9930016
528,Monster,monster,town,4.1715344,52.0223028
528,Ter Heijde,ter heijde,village,4.167942,52.0300423
528,Binnenheurne,binnenheurne,hamlet,6.4402734,51.9266071
528,Heuven,heuven,hamlet,6.3147599,51.9260334
528,Heenweg,heenweg,village,4.181223,51.981699
528,Ouderkerk aan de Amstel,ouderkerk aan de amstel,village,4.9042702,52.2968417
528,Nijmegen,nijmegen,city,5.8637771,51.8474946
528,Breda,breda,city,4.7760237,51.5887845
528,Zoetermeer,zoetermeer,city,4.4901218,52.0622531
528,Emmen,emmen,city,6.8939001,52.788937
528,Wassenaar,wassenaar,town,4.4010893,52.1428381
528,Voorschoten,voorschoten,town,4.4465727,52.1275236
528,Katwijk,katwijk,town,4.4146372,52.2005078
528,Valkenburg,valkenburg,village,4.4285918,52.1809225
528,Voorhout,voorhout,village,4.4886562,52.2244226
528,Lisse,lisse,town,4.5630329,52.2576098
528,Vennebrügge,vennebrugge,hamlet,6.6851981,52.552156
528,Hollum,hollum,village,5.6377723,53.4412172
528,Blauwe Slenk,blauwe slenk,locality,5.2492107,53.231927
528,Vaargeul langs Pollendam,vaargeul langs pollendam,locality,5.3617892,53.183228
528,Pannengat,pannengat,locality,5.1820335,53.238339
528,Wolfshoek,wolfshoek,locality,5.1627384,53.231071
528,Gronden van Stortemelk,gronden van stortemelk,locality,5.0656362,53.33417
528,Vlieree,vlieree,locality,5.1646977,53.302477
528,Boomkensdiep,boomkensdiep,locality,5.1433581,53.353423
528,Zwartsluis,zwartsluis,village,6.0720879,52.6425446
528,Abbenes,abbenes,village,4.5913726,52.2342597
528,Buitenkaag,buitenkaag,village,4.5602315,52.2199397
528,Noordwijk,noordwijk,town,4.4461969,52.2410856
528,De Zilk,de zilk,village,4.543193,52.3023715
528,Overveen,overveen,village,4.6115554,52.3934144
528,Lage Vuursche,lage vuursche,village,5.2224661,52.1793308
528,Leek,leek,town,6.377119,53.1632327
528,Velsen-Zuid,velsen-zuid,village,4.6514217,52.4600386
528,Zwanenburg,zwanenburg,village,4.7436402,52.3779288
528,Halfweg,halfweg,village,4.7546903,52.3826063
528,Diemen,diemen,town,4.960825,52.3421489
528,Rijsbergen,rijsbergen,village,4.7005455,51.5158877
528,Steenpaal,steenpaal,hamlet,4.4864827,51.4782892
528,Rolpaal,rolpaal,hamlet,4.216271,52.0114222
528,Wijk aan Zee,wijk aan zee,village,4.593759,52.4939272
528,Breskens,breskens,village,3.5551696,51.3957804
528,Groede,groede,village,3.5067157,51.3793344
528,Nieuw-Vennep,nieuw-vennep,town,4.6340331,52.2646243
528,Hoofddorp,hoofddorp,town,4.6926644,52.305554
528,Zuidland,zuidland,village,4.2577294,51.8220839
528,Wieldrecht,wieldrecht,hamlet,4.6322272,51.7841026
528,Aalsmeer,aalsmeer,town,4.7493384,52.2669442
528,Kudelstaart,kudelstaart,village,4.7497339,52.2342834
528,'t Duyfrak,'t duyfrak,neighbourhood,4.4456325,52.1741155
528,Opwierde,opwierde,hamlet,6.8734747,53.3152263
528,Solwerd,solwerd,hamlet,6.8712327,53.3248002
528,Lijnden,lijnden,village,4.7606676,52.3515013
528,Mijdrecht,mijdrecht,town,4.8648168,52.2060181
528,Wilnis,wilnis,village,4.899067,52.195378
528,Rijsenhout,rijsenhout,village,4.7153681,52.2587713
528,Uithoorn,uithoorn,town,4.8251096,52.2411412
528,Kraaiebosje,kraaiebosje,locality,5.7712601,50.7908878
528,Kalleberg,kalleberg,locality,5.7700745,50.7909624
528,De Pley,de pley,locality,5.7681862,50.7899587
528,Heerkuil,heerkuil,locality,5.7747201,50.791071
528,De Tatert,de tatert,locality,5.7812647,50.790915
528,Abcoude,abcoude,village,4.9710427,52.270281
528,Amstelhoek,amstelhoek,village,4.8349238,52.2312243
528,Nieuwkoop,nieuwkoop,village,4.7761706,52.1500947
528,Ter Aar,ter aar,village,4.709364,52.1655725
528,Noorden,noorden,village,4.8270914,52.1662661
528,Kamerik,kamerik,village,4.8935533,52.1112741
528,Zegveld,zegveld,village,4.8359618,52.1164586
528,Vierverlaten,vierverlaten,hamlet,6.485299,53.2131296
528,Maarssen,maarssen,town,5.040082,52.1384846
528,Nootdorp,nootdorp,town,4.3930456,52.0426094
528,Trichterberg,trichterberg,locality,5.7480645,50.8124548
528,Roelshoek,roelshoek,hamlet,4.1257132,51.4335627
528,Haarzuilens,haarzuilens,village,4.9980509,52.1209809
528,Nieuwegein,nieuwegein,town,5.0836117,52.0367152
528,Nijverdal,nijverdal,town,6.4654075,52.3592015
528,Woeste Polder,woeste polder,locality,5.3712511,51.2736714
528,IJsselstein,ijsselstein,town,5.0458792,52.0246381
528,Benschop,benschop,village,4.978901,52.0090111
528,Stationsbuurt,stationsbuurt,hamlet,4.1576875,51.4237881
528,Montfoort,montfoort,village,4.9514009,52.0441945
528,Huis ter Heide,huis ter heide,village,5.2593905,52.114017
528,Reitdiephaven,reitdiephaven,neighbourhood,6.5222906,53.2374689
528,Gaaikemadijk,gaaikemadijk,hamlet,6.4877567,53.2528856
528,Fiemel,fiemel,hamlet,7.0715879,53.2989483
528,AWG-1,awg-1,locality,5.9415097,53.4911832
528,Lierhand,lierhand,hamlet,4.2822479,51.9866414
528,Fransum,fransum,hamlet,6.4475369,53.2780708
528,Meijendel,meijendel,locality,4.3335825,52.1287658
528,Zuidoostbeemster,zuidoostbeemster,village,4.9428991,52.5153527
528,Schiphol-Centrum,schiphol-centrum,locality,4.757462,52.3069839
528,Nieuwebrug,nieuwebrug,hamlet,4.6758402,52.3724693
528,Sellingen,sellingen,village,7.1505197,52.9459295
528,Abbenbroek,abbenbroek,village,4.2435913,51.8491758
528,Kwintsheul,kwintsheul,village,4.2555884,52.0152893
528,De Tenten,de tenten,hamlet,6.2948312,53.2012829
528,Eest,eest,hamlet,6.2341019,53.2270631
528,Burgemeester Beinsdorp,burgemeester beinsdorp,neighbourhood,7.0788668,52.862169
528,Noorddijk,noorddijk,hamlet,6.6289589,53.2421216
528,Waal,waal,hamlet,4.9007405,51.9392507
528,Bocholtz,bocholtz,village,6.0065275,50.8184796
528,Kinderdijk,kinderdijk,village,4.6356972,51.8886955
528,Huibeven,huibeven,neighbourhood,5.0124706,51.5785908
528,De Blaak,de blaak,suburb,5.044247,51.5467745
528,Dalem,dalem,neighbourhood,4.9810566,51.5832977
528,Dongewijk,dongewijk,neighbourhood,4.990219,51.5783508
528,Gesworen Hoek,gesworen hoek,neighbourhood,5.0188843,51.5828563
528,Witbrant,witbrant,neighbourhood,5.005411,51.5701225
528,Zorgvlied,zorgvlied,neighbourhood,5.0546993,51.5533546
528,Koolhoven,koolhoven,neighbourhood,4.9837835,51.571853
528,Stokhasselt,stokhasselt,neighbourhood,5.0753185,51.5895562
528,Heikant,heikant,neighbourhood,5.087581,51.5857366
528,Tuindorp de Kievit,tuindorp de kievit,neighbourhood,4.9928368,51.588844
528,Het Zand,het zand,neighbourhood,5.0556864,51.5708153
528,Campenhoef,campenhoef,neighbourhood,5.0002183,51.5759764
528,Quirijnstok,quirijnstok,neighbourhood,5.0991575,51.5842237
528,Vossenberg,vossenberg,suburb,5.01835,51.594243
528,Kraaiven,kraaiven,suburb,5.057036,51.5854176
528,De Reit,de reit,neighbourhood,5.053841,51.5597316
528,Wandelbos,wandelbos,neighbourhood,5.037104,51.575257
528,Heerevelden,heerevelden,neighbourhood,5.0012482,51.5823503
528,Tilburg,tilburg,city,5.0886014,51.5562404
528,Guttecoven,guttecoven,village,5.8183276,51.0140645
528,Het Hol,het hol,locality,5.0877357,52.2171771
528,Heemskerk,heemskerk,town,4.6723536,52.5104331
528,Scheveningen,scheveningen,suburb,4.2736937,52.1067449
528,Hazerswoude-Dorp,hazerswoude-dorp,village,4.5915103,52.0962664
528,Boskoop,boskoop,town,4.6631166,52.0742348
528,Meerstad,meerstad,village,6.652031,53.2324864
528,Oostereinde,oostereinde,hamlet,7.0563763,53.157266
528,Vierburen,vierburen,hamlet,6.6999939,53.3527722
528,Koffieboonenplaat,koffieboonenplaat,locality,5.5444843,53.4278398
528,Geeserveld,geeserveld,hamlet,6.6275112,52.7401836
528,Holthe,holthe,hamlet,6.5405615,52.8428784
528,Pesse,pesse,village,6.4504732,52.7724338
528,Nieuw-Zwinderen,nieuw-zwinderen,locality,6.6670898,52.7129595
528,Vlijmen,vlijmen,town,5.2091225,51.694263
528,Kraaienburg,kraaienburg,hamlet,5.143826,52.6234948
528,Grosthuizen,grosthuizen,village,4.9765085,52.6177167
528,Ridderkerk,ridderkerk,town,4.5999778,51.8714812
528,Tersluis,tersluis,hamlet,5.2370702,52.665827
528,Westerbuurt,westerbuurt,hamlet,5.2139058,52.6759883
528,Munnickaij,munnickaij,hamlet,5.1057768,52.635639
528,Leuken,leuken,hamlet,6.0632876,51.5642878
528,Breede,breede,hamlet,6.5375707,53.385883
528,De Haar,de haar,hamlet,6.4361097,52.0699936
528,Munnikij,munnikij,hamlet,5.1896963,52.7423832
528,Ernstheem,ernstheem,hamlet,6.4748755,53.3619785
528,Lutke Saaxum,lutke saaxum,hamlet,6.489248,53.3646331
528,Lutje Marne,lutje marne,hamlet,6.5261969,53.3789226
528,Striep,striep,hamlet,5.2931073,53.3773932
528,Veenoord,veenoord,village,6.8464587,52.7133963
528,Tinallinge,tinallinge,village,6.534989,53.3577276
528,Snauwenberg,snauwenberg,locality,5.7810249,50.7689178
528,Schelberg,schelberg,locality,5.7408717,50.7720157
528,Slekkendel,slekkendel,locality,5.7685224,50.8182448
528,Eijsderbosch,eijsderbosch,locality,5.7522918,50.7898194
528,Caestert Beemden,caestert beemden,locality,5.690156,50.7635833
528,Maasveld,maasveld,locality,5.7048438,50.7927618
528,Panneslager,panneslager,locality,5.7201646,50.7837609
528,Eijsderweiden,eijsderweiden,locality,5.7068715,50.7843717
528,De Bak,de bak,locality,5.7058201,50.7893703
528,Heteren,heteren,village,5.7573215,51.9554341
528,Ven-Zelderheide,ven-zelderheide,village,6.0233684,51.7118916
528,Zetten,zetten,village,5.7134529,51.9283579
528,Aalst,aalst,village,5.4774758,51.3970369
528,Nieuwerkerk aan den IJssel,nieuwerkerk aan den ijssel,town,4.6116776,51.9675284
528,Eemdijk,eemdijk,village,5.3292827,52.2539143
528,Blaricum,blaricum,village,5.2441379,52.2725049
528,Honselersdijk,honselersdijk,village,4.2300007,52.0093169
528,Puinduinen,puinduinen,locality,4.2177871,52.0621448
528,Oude Molen,oude molen,hamlet,4.2847985,51.5417684
528,Klutsdorp,klutsdorp,hamlet,4.2947312,51.5530616
528,Amsterdamscheveld,amsterdamscheveld,hamlet,6.9142803,52.6882884
528,Hoge Devel,hoge devel,locality,4.6226547,51.8171557
528,Leusden,leusden,town,5.4286989,52.130355
528,Rosmalen,rosmalen,town,5.3629244,51.71866
528,Kolderveen,kolderveen,village,6.1547563,52.723533
528,Terwisscha,terwisscha,hamlet,6.3121444,52.9545751
528,Wehe-den Hoorn,wehe-den hoorn,village,6.4170762,53.3610112
528,De Donk,de donk,hamlet,4.7871341,51.8938449
528,Haansberg,haansberg,neighbourhood,4.9354628,51.579517
528,Wolfsweide,wolfsweide,neighbourhood,4.9206841,51.5955521
528,Vliegende Vennen,vliegende vennen,neighbourhood,4.9284676,51.5869836
528,Achter het gemeentehuis,achter het gemeentehuis,neighbourhood,4.9080139,51.5909566
528,Zuid,zuid,neighbourhood,4.9219432,51.5824955
528,Vijf Eiken,vijf eiken,hamlet,4.9057681,51.5863137
528,Heerjansdam,heerjansdam,village,4.561677,51.8353451
528,Zandeweer,zandeweer,village,6.6802326,53.3881342
528,Marum,marum,village,6.2647308,53.1442439
528,Spijk,spijk,village,6.836352,53.3889462
528,Hendrik-Ido-Ambacht,hendrik-ido-ambacht,town,4.635647,51.8438893
528,Abtswoude,abtswoude,hamlet,4.3560796,51.978191
528,Woltersum,woltersum,village,6.7327923,53.2711193
528,Vrouwenparochie,vrouwenparochie,village,5.703139,53.2797922
528,Hoeksmeer,hoeksmeer,hamlet,6.7841555,53.2978398
528,Kortenbos,kortenbos,neighbourhood,4.3020487,52.0771294
528,Zijldijk,zijldijk,village,6.7572785,53.3932824
528,Drieborg,drieborg,village,7.1806822,53.2058545
528,Plaspoelpolder,plaspoelpolder,neighbourhood,4.3307794,52.0367713
528,Oldehove,oldehove,village,6.3958119,53.3036857
528,Centrum,centrum,suburb,4.3151231,52.0775985
528,Loosduinen,loosduinen,suburb,4.2348285,52.0531565
528,Notenbuurt,notenbuurt,neighbourhood,4.254995,52.0627568
528,Nieuw Waldeck,nieuw waldeck,neighbourhood,4.2402496,52.0592504
528,Vogelwijk,vogelwijk,neighbourhood,4.2528473,52.0793789
528,Bloemenbuurt,bloemenbuurt,neighbourhood,4.2570727,52.0726638
528,Bomenbuurt,bomenbuurt,neighbourhood,4.2702106,52.07884
528,Zwijndrecht,zwijndrecht,town,4.6405166,51.8162227
528,Wittewierum,wittewierum,hamlet,6.7474713,53.2858794
528,De Jouwer,de jouwer,hamlet,6.3108346,53.2090574
528,Midwolde,midwolde,village,6.3920721,53.1803748
528,Papendrecht,papendrecht,town,4.6937293,51.8348695
528,Balkbrug,balkbrug,village,6.3929761,52.5994353
528,Ruinen,ruinen,village,6.3600084,52.7641537
528,Anholt,anholt,hamlet,6.417774,52.7751916
528,Haardijk E,haardijk e,neighbourhood,6.5905708,52.577746
528,Sliedrecht,sliedrecht,town,4.7741716,51.8250939
528,Dedemsvaart,dedemsvaart,town,6.4593207,52.5996262
528,Hardinxveld-Giessendam,hardinxveld-giessendam,village,4.8435197,51.8297356
528,Alblasserdam,alblasserdam,village,4.6653953,51.865799
528,Moordrecht,moordrecht,village,4.6698314,51.9865065
528,Hauwert,hauwert,village,5.100031,52.7080779
528,Goingarijp,goingarijp,village,5.7717539,53.0110656
528,Ysbrechtum,ysbrechtum,village,5.6330657,53.0422507
528,Akkrum,akkrum,village,5.8362304,53.0501248
528,Ferwert,ferwert,village,5.824363,53.3382099
528,Scharnegoutum,scharnegoutum,village,5.6774853,53.0602293
528,Hartwerd,hartwerd,village,5.5678158,53.0678844
528,Poppenwier,poppenwier,village,5.7478884,53.0846704
528,Remswerd,remswerd,hamlet,5.5548993,53.0431658
528,Raerd,raerd,village,5.7589946,53.0985526
528,Warten,warten,village,5.8980352,53.1503951
528,Garyp,garyp,village,5.9691424,53.1666242
528,Ritsumasyl,ritsumasyl,village,5.7385229,53.199341
528,Britsum,britsum,village,5.7839431,53.2524934
528,Oudebildtzijl,oudebildtzijl,village,5.7177453,53.301339
528,Lichtaard,lichtaard,village,5.9128683,53.3260107
528,Reitsum,reitsum,village,5.8894552,53.3212446
528,Marknesse,marknesse,village,5.8626733,52.7086116
528,Kolham,kolham,village,6.7446258,53.182169
528,Westerbroek,westerbroek,village,6.6862623,53.1840328
528,Lent,lent,village,5.8670372,51.8644627
528,Poortugaal,poortugaal,village,4.3914097,51.8577532
528,Rhoon,rhoon,village,4.4236815,51.8569948
528,Bladel,bladel,town,5.2154317,51.3667765
528,Spijkenisse,spijkenisse,town,4.3287681,51.8464881
528,Winschoterhoogebrug,winschoterhoogebrug,hamlet,7.051516,53.126052
528,Wedde,wedde,village,7.0762777,53.0690643
528,Rozenburg,rozenburg,village,4.2415465,51.9056445
528,Veldwijk Zuid,veldwijk zuid,neighbourhood,6.8077788,52.2497756
528,Glane-Beekhoek,glane-beekhoek,hamlet,6.9770173,52.2241384
528,Eendragtspolder,eendragtspolder,locality,4.569995,51.999212
528,Kessel,kessel,village,6.05734,51.2912483
528,Brielle,brielle,town,4.1626292,51.901662
528,Oostvoorne,oostvoorne,village,4.1038932,51.914271
528,Bohemen,bohemen,neighbourhood,4.2384151,52.0672188
528,Zuid-Beijerland,zuid-beijerland,village,4.3666202,51.7506951
528,Elfentuin,elfentuin,locality,5.0454124,51.6524442
528,Hemelburchten,hemelburchten,locality,5.0455661,51.6522599
528,Kastelenrijk,kastelenrijk,locality,5.0456138,51.6524905
528,Wonderwoud,wonderwoud,locality,5.0453631,51.6526358
528,Zompenwoud,zompenwoud,locality,5.045287,51.6522618
528,Droommoeras,droommoeras,locality,5.0456213,51.6523479
528,Hodenpijl,hodenpijl,hamlet,4.3213557,51.9873386
528,Hoekpolder,hoekpolder,neighbourhood,4.3141081,52.0240437
528,Muziekbuurt,muziekbuurt,neighbourhood,4.3218593,52.0330049
528,Stervoorde,stervoorde,neighbourhood,4.3117713,52.0287258
528,Eerste Dwarsdiep,eerste dwarsdiep,hamlet,6.9239081,52.9997353
528,Putte,putte,village,4.3946713,51.3558594
528,Helle,helle,hamlet,5.8520458,50.9103911
528,Gildenwijk,gildenwijk,neighbourhood,4.3360044,51.8446565
528,Sterrenbos,sterrenbos,locality,6.3587288,51.9638743
528,Californië,californie,hamlet,5.2364733,51.7481854
528,Kwelderland,kwelderland,neighbourhood,6.9179288,53.3386655
528,Oude Leede,oude leede,hamlet,4.4215271,51.9854191
528,Oude Meer,oude meer,hamlet,4.7870184,52.2893011
528,Bloemendaal aan Zee,bloemendaal aan zee,hamlet,4.5449103,52.4026223
528,Leidschendam,leidschendam,town,4.3946774,52.0861654
528,Spaarndam,spaarndam,village,4.6820132,52.4127958
528,Penningsveer,penningsveer,hamlet,4.6761437,52.3922616
528,Overhaelen,overhaelen,neighbourhood,5.9515795,51.2281969
528,Broeckland,broeckland,neighbourhood,5.0028934,52.1663754
528,Blitterswijck,blitterswijck,village,6.1091021,51.5314915
528,Horst,horst,town,6.0539238,51.4525002
528,Leunen,leunen,village,5.9798475,51.5081628
528,Maashees,maashees,village,6.0348645,51.5707591
528,Meerlo,meerlo,village,6.0869555,51.51187
528,Op Buuren Park,op buuren park,neighbourhood,5.0635577,52.1318886
528,Barendrecht,barendrecht,town,4.5368567,51.8566651
528,Ommel,ommel,village,5.7484872,51.4224766
528,Ommelse Bos,ommelse bos,hamlet,5.7508121,51.4285392
528,De Berken,de berken,hamlet,5.7679133,51.4203503
528,De Stroet,de stroet,hamlet,5.6009672,52.0863041
528,Dwarsdijk,dwarsdijk,hamlet,5.2820208,51.9875966
528,Laagheide,laagheide,hamlet,6.0010566,51.3452518
528,Statievelden,statievelden,neighbourhood,4.4528512,51.4674277
528,In de Mehre,in de mehre,neighbourhood,5.8568986,51.0601124
528,Kralingen,kralingen,suburb,4.5082547,51.9259281
528,Bosleeuw,bosleeuw,neighbourhood,4.8455934,52.3808237
528,Uitwierde,uitwierde,hamlet,6.8958896,53.3417263
528,Biessum,biessum,hamlet,6.8957671,53.3341169
528,Kessel-Eik,kessel-eik,village,6.0236623,51.2801042
528,Vaals,vaals,town,6.019049,50.7710157
528,De Dijken,de dijken,neighbourhood,4.4030681,52.0575454
528,Lanen,lanen,neighbourhood,4.3945277,52.0628163
528,Regentessekwartier,regentessekwartier,neighbourhood,4.2806983,52.078224
528,Valkenboskwartier,valkenboskwartier,neighbourhood,4.2734924,52.0725898
528,Zeeheldenkwartier,zeeheldenkwartier,neighbourhood,4.2960465,52.0808813
528,Centrum,centrum,suburb,4.9006605,52.3682393
528,Grafwegen,grafwegen,hamlet,5.956963,51.7494724
528,Yerseke,yerseke,town,4.0452502,51.4935791
528,Booneschans,booneschans,hamlet,7.189698,53.1598432
528,Haagoord,haagoord,hamlet,4.4011522,52.0611068
528,Koudekerk aan den Rijn,koudekerk aan den rijn,village,4.5908325,52.1319621
528,Rijpwetering,rijpwetering,village,4.5818375,52.1935379
528,Im Eiländchen,im eilandchen,locality,5.9118122,51.0627204
528,Bergen aan Zee,bergen aan zee,village,4.6316645,52.6607662
528,Oene,oene,village,6.0472267,52.3438804
528,Baarlo,baarlo,village,6.0967255,51.3319545
528,Molenbaan,molenbaan,hamlet,5.8873635,51.357188
528,Laren,laren,village,6.3663172,52.1922028
528,Langenberg,langenberg,hamlet,4.4965982,51.5782602
528,Willemstad,willemstad,village,4.4383531,51.6923601
528,Oostendorp,oostendorp,village,5.8550114,52.4436619
528,Kortgene,kortgene,village,3.8019249,51.5561698
528,Kamperland,kamperland,village,3.7017099,51.5680028
528,Wissenkerke,wissenkerke,village,3.746796,51.585685
528,Geersdijk,geersdijk,village,3.7701671,51.5653533
528,Kats,kats,village,3.8856727,51.5675769
528,Colijnsplaat,colijnsplaat,village,3.8473503,51.5999062
528,Wolphaartsdijk,wolphaartsdijk,village,3.8217163,51.5310535
528,Oud-Sabbinge,oud-sabbinge,village,3.8008822,51.5327359
528,Kattendijke,kattendijke,village,3.9441928,51.5236573
528,Zuidzijde,zuidzijde,hamlet,4.2592322,51.7017152
528,Numansdorp,numansdorp,village,4.4374377,51.7266233
528,Achthuizen,achthuizen,village,4.2808201,51.6874816
528,'s-Heer Hendrikskinderen,'s-heer hendrikskinderen,village,3.8622919,51.5017248
528,Wissekerke,wissekerke,hamlet,3.8468499,51.5013845
528,'s-Heer Arendskerke,'s-heer arendskerke,village,3.8233773,51.4920398
528,Oostendam,oostendam,village,4.637784,51.8521989
528,Wolfheze,wolfheze,village,5.7925941,52.0050085
528,Ingen,ingen,village,5.4854896,51.9592106
528,IJzendoorn,ijzendoorn,village,5.5329136,51.9068091
528,Zoelen,zoelen,village,5.4037092,51.9104965
528,De Heuvel,de heuvel,hamlet,5.2857461,51.9428125
528,Mariënwaerdt,marienwaerdt,hamlet,5.2199826,51.8890303
528,Schoonrewoerd,schoonrewoerd,village,5.1156505,51.920458
528,Hei- en Boeicop,hei- en boeicop,village,5.0813816,51.9448538
528,Groot-Ammers,groot-ammers,village,4.8243822,51.9243571
528,Bergstoep,bergstoep,hamlet,4.785559,51.9225606
528,Vuilendam,vuilendam,hamlet,4.8483515,51.8840883
528,Berkenwoude,berkenwoude,village,4.7084018,51.9452551
528,Gouderak,gouderak,village,4.6755692,51.9850806
528,Woerdense Verlaat,woerdense verlaat,village,4.8638607,52.1547365
528,Achterbos,achterbos,hamlet,4.9318915,52.2202756
528,Lieren,lieren,village,5.9877177,52.1618915
528,Hoek,hoek,hamlet,5.6882931,51.8836722
528,Olst,olst,village,6.110796,52.3370093
528,Spaubeek,spaubeek,village,5.8404042,50.9383065
528,Thull,thull,hamlet,5.8942415,50.9362155
528,Maris,maris,hamlet,5.9389237,51.3557385
528,Nessersluis,nessersluis,hamlet,4.867079,52.2507369
528,Uitdam,uitdam,village,5.0707855,52.4195869
528,Zuiderwoude,zuiderwoude,village,5.035318,52.4314816
528,Purmerland,purmerland,village,4.9259755,52.4813713
528,Middenbeemster,middenbeemster,village,4.9146226,52.5489163
528,Graft,graft,village,4.8320733,52.56136
528,Driehuizen,driehuizen,village,4.8061921,52.578255
528,Egmond aan den Hoef,egmond aan den hoef,village,4.6525624,52.6212361
528,Kathoek,kathoek,hamlet,4.95542,52.6148441
528,Spierdijk,spierdijk,village,4.9427206,52.6505022
528,Blokdijk,blokdijk,hamlet,5.1431126,52.6564562
528,De Weed,de weed,hamlet,5.2195447,52.6501054
528,Bovenkarspel,bovenkarspel,village,5.2497934,52.6988258
528,Westwoud,westwoud,village,5.1316965,52.6858274
528,Abbekerk,abbekerk,village,5.0209003,52.7305223
528,Spanbroek,spanbroek,village,4.9612207,52.6978541
528,Nieuwe-Niedorp,nieuwe-niedorp,village,4.8925528,52.7375152
528,Broek,broek,hamlet,6.4233843,53.3939445
528,Stroet,stroet,hamlet,4.7574595,52.7537586
528,Burgerbrug,burgerbrug,village,4.7032065,52.7483558
528,Mennonietenbuurt,mennonietenbuurt,hamlet,4.6748393,52.7562653
528,Petten,petten,village,4.6626091,52.7685974
528,Westerland,westerland,village,4.9310859,52.8940753
528,Laaxum,laaxum,hamlet,5.4127781,52.8527935
528,Murns,murns,hamlet,5.4601715,52.8614096
528,Warns,warns,village,5.404105,52.883382
528,Sluis de Piet,sluis de piet,hamlet,3.752846,51.5184419
528,Lemmer,lemmer,town,5.7099136,52.8444859
528,Harich,harich,village,5.5642127,52.902242
528,Wikel,wikel,village,5.6231667,52.8890055
528,Trophorne,trophorne,hamlet,5.5720444,52.9350961
528,Bantega,bantega,village,5.7974895,52.8428171
528,Echtenerbrug,echtenerbrug,village,5.8217252,52.8719151
528,Rotstergaast,rotstergaast,hamlet,5.8936953,52.9009268
528,Oudehaske,oudehaske,village,5.8725929,52.9561086
528,Tjalleberd,tjalleberd,village,5.9444715,52.9975743
528,Nijeholtpade,nijeholtpade,village,6.0785117,52.9129243
528,De Hoeve,de hoeve,village,6.0879439,52.88651
528,Thij,thij,hamlet,6.0725345,52.8001918
528,Sumar,sumar,village,6.0003895,53.178614
528,Drogeham,drogeham,village,6.1124335,53.201859
528,Wâlterswâld,walterswald,village,6.0283177,53.2923399
528,Reidswal,reidswal,hamlet,6.0805209,53.3553156
528,Mitselwier,mitselwier,village,6.0669173,53.3593212
528,Nes,nes,village,6.048178,53.3962371
528,Den Horn,den horn,village,6.4414052,53.2263513
528,De Zande,de zande,hamlet,5.9607558,52.513496
528,Molenbelt,molenbelt,neighbourhood,6.1474612,52.302333
528,Broekland,broekland,village,6.1989253,52.3629152
528,Luttenberg,luttenberg,village,6.3654828,52.4063996
528,Albergen,albergen,village,6.7637994,52.3708449
528,Beuningen,beuningen,village,6.9984823,52.3590176
528,Lonneker,lonneker,village,6.9117355,52.2506045
528,Kring van Dorth,kring van dorth,hamlet,6.2678613,52.220694
528,Drimmelen,drimmelen,village,4.8045903,51.7080688
528,Capelle,capelle,neighbourhood,4.9855445,51.6918045
528,Cromvoirt,cromvoirt,village,5.2330368,51.6605431
528,Bern,bern,hamlet,5.1655953,51.7481467
528,Kop van 't Land,kop van 't land,hamlet,4.7573007,51.7882375
528,Stad aan 't Haringvliet,stad aan 't haringvliet,village,4.243347,51.7397291
528,Nieuwe-Tonge,nieuwe-tonge,village,4.1648177,51.7141928
528,Zwartewaal,zwartewaal,village,4.2233039,51.8813541
528,Vijfhuizen,vijfhuizen,hamlet,4.9865859,51.5217173
528,Druisdijk,druisdijk,hamlet,4.9786276,51.5145136
528,Kwaalburg,kwaalburg,hamlet,4.9396365,51.476124
528,Hondseind,hondseind,hamlet,4.972117,51.4731111
528,Groot-Bedaf,groot-bedaf,hamlet,5.0025771,51.4502407
528,Nieuwkerk,nieuwkerk,hamlet,5.0320662,51.4868928
528,Gorp,gorp,hamlet,5.0838702,51.4833845
528,Castelré,castelre,hamlet,4.7849361,51.4223205
528,Honesch,honesch,hamlet,6.7451874,52.1469914
528,Oeken,oeken,hamlet,6.1467496,52.1133813
528,Varssel,varssel,hamlet,6.3813771,52.0596343
528,Ruurlosebroek,ruurlosebroek,hamlet,6.5043371,52.0476637
528,Groessen,groessen,village,6.0289483,51.9320005
528,Worsum,worsum,hamlet,5.8065513,51.7659762
528,Gennep,gennep,town,5.969107,51.7012798
528,Vinkenbroek,vinkenbroek,hamlet,4.4129065,51.5229507
528,Haiink,haiink,hamlet,4.4167806,51.5073563
528,Tiengeboden,tiengeboden,hamlet,5.9017434,51.8581411
528,Libeek,libeek,hamlet,5.770509,50.7856733
528,Scheulder,scheulder,village,5.8432208,50.8292699
528,Nieuwdorp,nieuwdorp,village,3.7397709,51.4709009
528,Geulle aan de Maas,geulle aan de maas,village,5.7394105,50.9279528
528,Geulhem,geulhem,hamlet,5.7835485,50.868789
528,Haamstede,haamstede,village,3.7433719,51.6974872
528,Douvergenhout,douvergenhout,hamlet,5.9282466,50.9564872
528,Op den Hering,op den hering,hamlet,6.0263744,50.9814891
528,Dieteren,dieteren,village,5.8431869,51.075977
528,Diergaarde,diergaarde,hamlet,5.9649144,51.0830135
528,Haler,haler,village,5.7795977,51.1877952
528,Raaieind,raaieind,hamlet,6.1422227,51.3976911
528,Veulen,veulen,village,5.9553905,51.4822898
528,Burgh,burgh,village,3.7326374,51.6908211
528,Well,well,village,6.0931309,51.5545649
528,Stevensbeek,stevensbeek,village,5.915441,51.6040629
528,Oostappen,oostappen,hamlet,5.716598,51.4359271
528,Looieind,looieind,hamlet,5.6187206,51.6086724
528,Heikant,heikant,hamlet,5.6683651,51.6348014
528,Lankes,lankes,hamlet,5.6588214,51.6509984
528,Zevenhuis,zevenhuis,hamlet,5.6590366,51.7002377
528,Munnekens-Vinkel,munnekens-vinkel,hamlet,5.4989286,51.7085428
528,Kruisstraat,kruisstraat,village,5.395511,51.7321399
528,Poeldonk,poeldonk,hamlet,5.3667107,51.6790386
528,Haanwijk,haanwijk,hamlet,5.3226737,51.6542835
528,Esch,esch,village,5.2915143,51.6117634
528,Heikant,heikant,hamlet,5.2221866,51.5484893
528,Weebosch,weebosch,village,5.294634,51.3086636
528,Heers,heers,hamlet,5.3990572,51.3938761
528,Wintelre,wintelre,village,5.3405347,51.4447969
528,Donk,donk,hamlet,5.2700951,51.4323426
528,Netersel,netersel,village,5.2080391,51.4042728
528,De Munte,de munte,hamlet,3.4938026,51.3090304
528,Hoogedijk,hoogedijk,hamlet,3.8074028,51.3001044
528,Zeedorp,zeedorp,hamlet,3.9669061,51.3894124
528,Nieuw Namen,nieuw namen,village,4.1622821,51.2932047
528,Kloetinge,kloetinge,village,3.9130606,51.4984694
528,Wilhelminadorp,wilhelminadorp,village,3.8972913,51.5301616
528,Eindewege,eindewege,hamlet,3.815282,51.4978202
528,Ellewoutsdijk,ellewoutsdijk,village,3.8160901,51.3896185
528,Hoedekenskerke,hoedekenskerke,village,3.9142697,51.4248944
528,Hei,hei,hamlet,6.0167242,51.2832678
528,Rothem,rothem,village,5.7395351,50.8776499
528,'t Haantje,'t haantje,hamlet,4.3451305,52.0220473
528,Sion,sion,neighbourhood,4.3285496,52.0168906
528,Oud-Beijerland,oud-beijerland,town,4.4164728,51.8214436
528,De Tuut,de tuut,hamlet,5.5978734,51.834039
528,Herkingen,herkingen,village,4.0873287,51.7103863
528,Engelbert,engelbert,village,6.6476823,53.2080674
528,Westerlee,westerlee,hamlet,4.2185832,51.9729192
528,Zuidschermer,zuidschermer,village,4.779619,52.5841732
528,Vierpolders,vierpolders,village,4.1791729,51.8790314
528,Kelmond,kelmond,hamlet,5.7959654,50.9228915
528,Ooij,ooij,hamlet,6.0597538,51.9191933
528,Millingen aan de Rijn,millingen aan de rijn,village,6.0457927,51.8642776
528,Duttendel,duttendel,neighbourhood,4.3054321,52.1074372
528,Belgisch Park,belgisch park,neighbourhood,4.2914921,52.1097166
528,Duinzigt,duinzigt,neighbourhood,4.3251667,52.1035371
528,Tonnekreek,tonnekreek,hamlet,4.4948007,51.6784991
528,Heukelom,heukelom,village,5.1565668,51.5762515
528,Marlot,marlot,neighbourhood,4.3598216,52.1021814
528,Mariahoeve,mariahoeve,neighbourhood,4.3581345,52.0937664
528,Elspeet,elspeet,village,5.7884632,52.2910649
528,Termaar,termaar,village,5.8868245,50.8695771
528,Hansweert,hansweert,village,4.0037349,51.4490517
528,Leegkerk,leegkerk,hamlet,6.4905757,53.230245
528,Stein,stein,town,5.7669713,50.9694381
528,Kaumeshoek,kaumeshoek,hamlet,5.9551086,51.3413047
528,D-buurt,d-buurt,neighbourhood,4.9519637,52.3209149
528,F-buurt,f-buurt,neighbourhood,4.9572184,52.3184627
528,Spiesberg,spiesberg,hamlet,5.9350675,51.3722185
528,Vroonermeer Zuid,vroonermeer zuid,neighbourhood,4.7712146,52.6510815
528,De Nollen,de nollen,neighbourhood,4.776693,52.6466245
528,Westbeemster,westbeemster,village,4.8990905,52.5750545
528,Nieuw Poelveld,nieuw poelveld,neighbourhood,5.720303,50.7782404
528,Overbiel,overbiel,hamlet,6.5580326,52.1228755
528,Landgoed Klein Vollenhoven,landgoed klein vollenhoven,locality,5.2014579,52.0902922
528,Halfweg,halfweg,neighbourhood,5.234313,53.370071
528,Bleskensgraaf,bleskensgraaf,village,4.7825711,51.8721978
528,Oekel,oekel,hamlet,4.7121353,51.4916982
528,Hazeldonk,hazeldonk,hamlet,4.734977,51.5024268
528,Horstergrub,horstergrub,locality,5.7876785,50.7752634
528,Eijsden,eijsden,town,5.7075337,50.7782686
528,Noorbeek,noorbeek,village,5.8121291,50.7687986
528,Mheer,mheer,village,5.7919568,50.780682
528,Santpoort-Zuid,santpoort-zuid,village,4.6300706,52.4191463
528,Bokhörn,bokhorn,hamlet,6.7205559,53.2421393
528,Overdiepse Polder,overdiepse polder,locality,4.9502265,51.7151059
528,K-buurt,k-buurt,neighbourhood,4.9800428,52.3169079
528,G-buurt,g-buurt,neighbourhood,4.974496,52.3234797
528,Kandelaar,kandelaar,hamlet,4.3974264,51.9570999
528,Schilberg,schilberg,hamlet,5.8443446,50.766919
528,Landsrade,landsrade,hamlet,5.8858008,50.7867602
528,Kosberg,kosberg,hamlet,5.89971,50.7817493
528,Transvaal,transvaal,neighbourhood,4.4792503,52.161614
528,Raadsherenbuurt,raadsherenbuurt,neighbourhood,4.4744915,52.1751146
528,Vogelwijk,vogelwijk,neighbourhood,4.4709373,52.1718339
528,Harmelen,harmelen,village,4.9639631,52.0914501
528,Selissen,selissen,neighbourhood,5.3265668,51.6038526
528,Oosterdokseiland,oosterdokseiland,neighbourhood,4.9073075,52.3762496
528,Hulsveld,hulsveld,neighbourhood,5.9766905,50.837877
528,Hellevoetsluis,hellevoetsluis,town,4.1436739,51.833921
528,Europapark,europapark,neighbourhood,5.9006852,50.9992297
528,Waterval,waterval,hamlet,5.7770472,50.8937082
528,Engelen,engelen,suburb,5.2696273,51.7208065
528,Delfgauw,delfgauw,village,4.3956354,52.0095838
528,Anderrijk,anderrijk,locality,5.0478872,51.6477535
528,Marerijk,marerijk,locality,5.048329,51.6525228
528,Reizenrijk,reizenrijk,locality,5.0529515,51.6511723
528,Ruigrijk,ruigrijk,locality,5.0523573,51.6481709
528,Middelharnis,middelharnis,town,4.1656476,51.7576172
528,De Wildernis,de wildernis,locality,6.8532666,52.2630616
528,Achter Maerksfeld,achter maerksfeld,locality,6.1759363,51.3310036
528,An der Venloer Grenze,an der venloer grenze,locality,6.2264883,51.3638248
528,An der Venloer Straße,an der venloer strasse,locality,6.191562,51.333336
528,Bruch hinter Körschges Bongart,bruch hinter korschges bongart,locality,6.0834419,51.2285591
528,Erbenkamp,erbenkamp,locality,6.1706728,51.3319223
528,Führsteinsberg,fuhrsteinsberg,locality,6.1144331,51.2652367
528,Henkentomp,henkentomp,locality,6.1722761,51.1924337
528,Hohe Stall,hohe stall,locality,6.1390582,51.292975
528,Hühnerkamp,huhnerkamp,locality,6.1584842,51.3132158
528,Kalenscherpenberg,kalenscherpenberg,locality,6.0801034,51.1752699
528,Kleine Vossendell,kleine vossendell,locality,6.1450554,51.2959654
528,Kreuzackersfeld,kreuzackersfeld,locality,6.1807641,51.331506
528,Sternenbusch,sternenbusch,locality,6.1614137,51.3183801
528,Venloer Heide,venloer heide,locality,6.2109905,51.3491162
528,Vicariefeld,vicariefeld,locality,6.1936703,51.3322707
528,Hooglanderveen,hooglanderveen,village,5.4323119,52.1876688
528,Hoogmade,hoogmade,village,4.5836828,52.1692267
528,Arriën,arrien,hamlet,6.4474107,52.5260751
528,De Witte Paal,de witte paal,locality,6.5364822,52.5542399
528,Glanerbrug,glanerbrug,village,6.9701111,52.2155505
528,Elsloo,elsloo,village,5.7711166,50.9503183
528,Pernis,pernis,village,4.3877215,51.8890881
528,Cronenburgh,cronenburgh,neighbourhood,5.0151931,52.208085
528,Landgoed Wildyck,landgoed wildyck,neighbourhood,6.7647443,52.3042517
528,Steurgat,steurgat,hamlet,4.871262,51.8006145
528,De Schans,de schans,hamlet,4.916388,51.8041336
528,Buurtje,buurtje,hamlet,4.9221969,51.8240255
528,Slag Schelpenpad,slag schelpenpad,locality,4.1834234,52.0440727
528,Usselo,usselo,village,6.8331587,52.203173
528,Loenen aan de Vecht,loenen aan de vecht,village,5.0216458,52.2097841
528,Elst,elst,town,5.8452555,51.9187914
528,Visserweert,visserweert,hamlet,5.8003814,51.0681778
528,Het Heem,het heem,hamlet,3.5379634,51.397643
528,Duinovergang 27,duinovergang 27,locality,3.5306087,51.4052198
528,Duinovergang 28,duinovergang 28,locality,3.5343564,51.4050179
528,Duinovergang 29,duinovergang 29,locality,3.5372621,51.4046989
528,Oosterland,oosterland,village,4.0345105,51.6492234
528,Scherpenisse,scherpenisse,village,4.1066192,51.5465661
528,Sint-Maartensdijk,sint-maartensdijk,village,4.0782993,51.548799
528,Sint Philipsland,sint philipsland,village,4.1663627,51.6169203
528,Puth,puth,village,5.8703358,50.9556369
528,Oirsbeek,oirsbeek,village,5.9081569,50.9500389
528,Amstenrade,amstenrade,village,5.9219975,50.9406552
528,Schinnen,schinnen,village,5.8861938,50.9425257
528,Sweikhuizen,sweikhuizen,village,5.8463253,50.953322
528,Sittard,sittard,town,5.8666627,50.9974235
528,Einighausen,einighausen,village,5.8264272,51.0026446
528,Leiffender Ven,leiffender ven,locality,5.9885787,50.9804615
528,Schweiberg,schweiberg,hamlet,5.9085547,50.786099
528,Höfke,hofke,hamlet,5.9179864,50.7894493
528,Elkenrade,elkenrade,hamlet,5.9193747,50.8408754
528,Vilt,vilt,village,5.8096244,50.8575849
528,Eys,eys,village,5.9352312,50.8252689
528,Camerig,camerig,hamlet,5.9259207,50.7732682
528,Epen,epen,village,5.912373,50.7766712
528,Vijlen,vijlen,village,5.9643838,50.7878116
528,Lemiers,lemiers,village,5.992226,50.7863048
528,Partij,partij,village,5.9190973,50.8093414
528,Wijlre,wijlre,village,5.8947023,50.8319039
528,Elzet,elzet,hamlet,5.9392165,50.7901603
528,Groot Welsden,groot welsden,hamlet,5.814389,50.8301648
528,Euverem,euverem,hamlet,5.8686869,50.8035061
528,Jabeek,jabeek,village,5.9400248,50.9809058
528,Margraten,margraten,village,5.8216625,50.8201564
528,De Pal,de pal,hamlet,5.8607888,52.4451006
528,Hunnecum,hunnecum,hamlet,5.8695259,50.9098235
528,Tervoorst,tervoorst,hamlet,5.8707056,50.9150898
528,Grijzegrubben,grijzegrubben,hamlet,5.8671056,50.9186332
528,Nijskoel,nijskoel,locality,5.7067055,51.2129924
528,Nagelbeek,nagelbeek,hamlet,5.8728122,50.937129
528,Hegge,hegge,hamlet,5.8628287,50.9394641
528,Sint Geertruid,sint geertruid,village,5.7649963,50.7955431
528,Herkenrade,herkenrade,hamlet,5.7763934,50.7956027
528,De Klinge,de klinge,village,4.0898144,51.2564526
528,Illikhoven,illikhoven,hamlet,5.8049022,51.061516
528,Mamelis,mamelis,hamlet,5.9734871,50.7975608
528,Vaesrade,vaesrade,village,5.9060991,50.9306896
528,Berg aan de Maas,berg aan de maas,village,5.7712932,51.0047813
528,Rozewerf,rozewerf,hamlet,5.1131628,52.4547911
528,Nattenhoven,nattenhoven,hamlet,5.7746166,51.0103077
528,Munstergeleen,munstergeleen,village,5.8628416,50.9765279
528,Abshoven,abshoven,hamlet,5.8530885,50.9704857
528,Doenrade,doenrade,village,5.9066669,50.9678901
528,Viel,viel,hamlet,5.9272437,50.9702931
528,Arensgenhout,arensgenhout,hamlet,5.8408141,50.8888771
528,Windraak,windraak,hamlet,5.8884482,50.972665
528,Kuttingen,kuttingen,hamlet,5.9212445,50.758564
528,Terziet,terziet,hamlet,5.9112023,50.7603039
528,Sterrenbos,sterrenbos,locality,6.080976,52.0447934
528,Hoge Dennen,hoge dennen,neighbourhood,5.2593076,52.0799412
528,Lamswaarde,lamswaarde,village,4.0556401,51.3433245
528,Nierhoven,nierhoven,hamlet,5.8748027,50.9180329
528,Rodeput,rodeput,hamlet,5.9931685,50.8354816
528,Schone Grub,schone grub,locality,5.7479258,50.7966059
528,Hellebroek,hellebroek,neighbourhood,5.8940051,50.91192
528,Kraaienbos,kraaienbos,locality,5.7859018,50.8135339
528,Wolfskop,wolfskop,locality,5.7773947,50.820258
528,Schurenberg,schurenberg,hamlet,5.8989995,50.9223147
528,Oostbroek,oostbroek,hamlet,5.7453923,50.9165815
528,Koulen,koulen,hamlet,5.8793614,50.8662165
528,Oud-Valkenburg,oud-valkenburg,hamlet,5.8539723,50.8548234
528,Eckelrade,eckelrade,village,5.7663579,50.8064361
528,Cadier en Keer,cadier en keer,village,5.7680045,50.8279655
528,Banholt,banholt,village,5.8096799,50.7902027
528,Dorregrubbe,dorregrubbe,locality,5.7471675,50.8151495
528,Riesenberg,riesenberg,locality,5.7443963,50.8158328
528,Bosschenhuizen,bosschenhuizen,hamlet,5.9584806,50.8361211
528,Heerlen,heerlen,city,5.9773285,50.8876735
528,Kerkrade,kerkrade,town,6.0632022,50.8654924
528,Rijssen,rijssen,town,6.5213004,52.3080276
528,Bekelaar,bekelaar,hamlet,5.6334012,51.4454193
528,Loeswijk,loeswijk,hamlet,5.6295983,51.4435113
528,Mierlo,mierlo,town,5.6187496,51.4437624
528,Oudven,oudven,neighbourhood,5.6153059,51.4475509
528,De Smaale,de smaale,neighbourhood,5.6237099,51.447133
528,Neerakkers,neerakkers,neighbourhood,5.626121,51.4383807
528,Kerkakkers,kerkakkers,neighbourhood,5.6128863,51.4389126
528,Heidepark,heidepark,neighbourhood,5.6012913,51.4399228
528,Luchen,luchen,neighbourhood,5.6019043,51.443993
528,Stepekolk,stepekolk,neighbourhood,5.6095281,51.4538103
528,De Veste,de veste,neighbourhood,5.6103884,51.4600659
528,Brand,brand,neighbourhood,5.6170421,51.4587418
528,Schutsboom,schutsboom,neighbourhood,5.6228279,51.4615525
528,Mingersborg,mingersborg,hamlet,5.947092,50.8446712
528,Schin op Geul,schin op geul,village,5.8692069,50.852459
528,Ubachsberg,ubachsberg,village,5.9483541,50.8540418
528,Weustenrade,weustenrade,hamlet,5.915882,50.8997479
528,Aerdt,aerdt,village,6.0844773,51.8937415
528,Herwen,herwen,village,6.1007867,51.8845201
528,Spijk,spijk,village,6.1530754,51.8491529
528,Kroon,kroon,neighbourhood,5.6291104,51.4707975
528,Ashorst,ashorst,neighbourhood,5.629526,51.4650066
528,De Akkers,de akkers,neighbourhood,5.6364461,51.4566776
528,Ganzewinkel,ganzewinkel,hamlet,5.6413492,51.4590241
528,Houtse Akker,houtse akker,neighbourhood,5.6314572,51.4561695
528,De Bergen,de bergen,neighbourhood,5.6429478,51.4658889
528,Houtsdonk,houtsdonk,neighbourhood,5.649546,51.4692909
528,Diepenbroek,diepenbroek,hamlet,5.6038291,51.464412
528,Berenbroek,berenbroek,hamlet,5.6081425,51.467467
528,Medevoort,medevoort,hamlet,5.6160676,51.4664153
528,Bijenkorf,bijenkorf,neighbourhood,5.6088819,51.443295
528,Haagje,haagje,neighbourhood,5.6460136,51.4758188
528,Randwijk,randwijk,village,5.7096895,51.9533676
528,Middelbeers,middelbeers,village,5.2508063,51.4677566
528,Gildewijk,gildewijk,neighbourhood,5.682496,51.4144496
528,Empel,empel,suburb,5.3249058,51.7296032
528,Rott,rott,hamlet,5.9477831,50.7873572
528,Berghem,berghem,hamlet,5.8934555,50.8066014
528,Heijenrath,heijenrath,hamlet,5.8750547,50.775948
528,Huis te Lande,huis te lande,neighbourhood,4.317591,52.0437586
528,De Erk,de erk,neighbourhood,5.9930075,50.8789917
528,Aamsveen,aamsveen,locality,6.9509758,52.1841171
528,Heenvliet,heenvliet,village,4.2445237,51.8637036
528,Hekelingen,hekelingen,village,4.3438804,51.8263985
528,Nieuw-Beijerland,nieuw-beijerland,village,4.3417551,51.8103814
528,Simonshaven,simonshaven,village,4.2896471,51.82192
528,Wijchen,wijchen,town,5.7261657,51.8071658
528,Knalhutte,knalhutte,locality,6.914188,52.1797352
528,Landgoed Groot Brunink,landgoed groot brunink,locality,6.8757976,52.1758763
528,Landgoed Smalenbroek,landgoed smalenbroek,locality,6.8940237,52.1800376
528,Recreatiepark Het Rutbeek,recreatiepark het rutbeek,locality,6.8380042,52.178354
528,'t Bouwhuis,'t bouwhuis,locality,6.9115015,52.2431114
528,Landgoed de Hoge Boekel,landgoed de hoge boekel,locality,6.9379186,52.2330542
528,Zuidkamp,zuidkamp,locality,6.8913646,52.2472697
528,Boekeler Veld,boekeler veld,locality,6.9434367,52.2275723
528,'t Schipper,'t schipper,locality,6.9691044,52.2436294
528,Bonekamp,bonekamp,locality,6.9611179,52.2393722
528,Achterhoek,achterhoek,locality,6.9380541,52.2540734
528,Het Hooge Veld,het hooge veld,locality,6.9605643,52.2342487
528,Penninkskotten,penninkskotten,locality,6.9624708,52.2536334
528,Kuipershoek,kuipershoek,locality,6.9529253,52.2516695
528,Linder Maten,linder maten,locality,6.9637829,52.2467838
528,Uden,uden,town,5.6148605,51.6590888
528,Strootbos,strootbos,locality,6.816311,52.220434
528,Zwarte Vennen,zwarte vennen,locality,6.8131265,52.2203708
528,Landgoed het Stroot,landgoed het stroot,locality,6.8217723,52.224216
528,Het Fleijer,het fleijer,locality,7.0523924,52.2460445
528,Roterman,roterman,locality,7.0141988,52.2357038
528,Dingeman,dingeman,locality,7.0195633,52.2280813
528,Het Welpelo,het welpelo,locality,7.0423717,52.2483305
528,Geurmeij,geurmeij,locality,7.0428663,52.2299476
528,Het Witte Zand,het witte zand,locality,7.0403868,52.2333534
528,Overdinkelse es,overdinkelse es,locality,7.0214934,52.247424
528,Beemink,beemink,locality,7.0278234,52.25503
528,Overdinkels veld,overdinkels veld,locality,7.0258718,52.2320754
528,Meujenboersveld,meujenboersveld,locality,6.802408,52.1651589
528,Steenhaarplassen,steenhaarplassen,locality,6.780607,52.1588934
528,Siberië,siberie,locality,6.7840402,52.1252066
528,Teesink,teesink,locality,6.8107645,52.1972828
528,Vijfhuizen,vijfhuizen,village,4.6782318,52.3507789
528,Biert,biert,hamlet,4.2849012,51.8346107
528,Derkingsmaten,derkingsmaten,locality,6.9434542,52.2095315
528,Merkelbeek,merkelbeek,village,5.9338765,50.9545486
528,Reusel,reusel,town,5.1615312,51.3614392
528,Moergestel,moergestel,village,5.1805818,51.5448378
528,Hommert,hommert,village,5.9157724,50.9340496
528,Go Planet,go planet,locality,6.8339467,52.2387646
528,Het Roessingh,het roessingh,locality,6.8787005,52.231319
528,Schuttersveld,schuttersveld,neighbourhood,6.8818737,52.2236997
528,Trijntje Wiel,trijntje wiel,locality,5.7716743,52.9798222
528,Paasloo,paasloo,village,6.0140375,52.8130673
528,Gapinge,gapinge,village,3.6240929,51.5443241
528,Usselerveld,usselerveld,locality,6.8275652,52.1840244
528,Allemans Veld,allemans veld,locality,6.9197683,52.1858155
528,De Voshaar,de voshaar,locality,6.8268785,52.1898128
528,Hölterhof,holterhof,locality,6.9419786,52.1943634
528,'t Horster,'t horster,locality,6.9156275,52.189989
528,Bingelrade,bingelrade,village,5.9408558,50.968842
528,Helmerzijde,helmerzijde,locality,6.8633563,52.1955877
528,Woudbloem,woudbloem,hamlet,6.738377,53.2177545
528,'t Zand,'t zand,neighbourhood,5.4782798,51.508392
528,De Gentiaan,de gentiaan,neighbourhood,5.4813837,51.525134
528,Sonniuspark,sonniuspark,neighbourhood,5.4835012,51.5319626
528,Heesterakker,heesterakker,neighbourhood,5.4974098,51.4841674
528,Vaartbroek,vaartbroek,neighbourhood,5.4966274,51.4790314
528,'t Hofke,'t hofke,neighbourhood,5.5195531,51.4495947
528,'t Hool,'t hool,neighbourhood,5.4752537,51.4735271
528,Achtse Barrier-Gunterslaer,achtse barrier-gunterslaer,neighbourhood,5.447367,51.4804095
528,Achtse Barrier-Hoeven,achtse barrier-hoeven,neighbourhood,5.4455989,51.4901182
528,Achtse Barrier-Spaaihoef,achtse barrier-spaaihoef,neighbourhood,5.4372812,51.4856895
528,Barrier,barrier,neighbourhood,5.4591313,51.4607755
528,Blixembosch-Oost,blixembosch-oost,neighbourhood,5.4767514,51.4895612
528,Blixembosch-West,blixembosch-west,neighbourhood,5.4621356,51.4860504
528,Castiliëlaan,castilielaan,neighbourhood,5.457493,51.4923949
528,Driehoeksbos,driehoeksbos,neighbourhood,5.4489209,51.4718293
528,Eckart,eckart,neighbourhood,5.4930801,51.4718148
528,Fellenoord,fellenoord,neighbourhood,5.4761535,51.44422
528,Generalenbuurt,generalenbuurt,neighbourhood,5.4809501,51.462704
528,Gildebuurt,gildebuurt,neighbourhood,5.4753148,51.450239
528,Groenewoud,groenewoud,neighbourhood,5.4571221,51.4545912
528,Hemelrijken,hemelrijken,neighbourhood,5.4707741,51.449087
528,Hondsheuvels,hondsheuvels,neighbourhood,5.4901468,51.455142
528,Jagershoef,jagershoef,neighbourhood,5.4673779,51.4721255
528,Kapelbeemd,kapelbeemd,neighbourhood,5.4219281,51.4835599
528,Karpen,karpen,neighbourhood,5.5060992,51.4527883
528,Acht,acht,neighbourhood,5.4312906,51.4768532
528,Koudenhoven,koudenhoven,neighbourhood,5.5143367,51.4548666
528,Kronehoef,kronehoef,neighbourhood,5.4682929,51.4551671
528,Limbeek-Noord,limbeek-noord,neighbourhood,5.4639431,51.4485611
528,Limbeek-Zuid,limbeek-zuid,neighbourhood,5.4679212,51.4447295
528,Luytelaer,luytelaer,neighbourhood,5.5014381,51.4695621
528,Mensfort,mensfort,neighbourhood,5.4659763,51.4620136
528,Oude Gracht-Oost,oude gracht-oost,neighbourhood,5.4954911,51.4631036
528,Oude Gracht-West,oude gracht-west,neighbourhood,5.4884591,51.4620021
528,Oude Toren,oude toren,neighbourhood,5.4808781,51.4552197
528,Prinsejagt,prinsejagt,neighbourhood,5.458377,51.468446
528,Rapenland,rapenland,neighbourhood,5.4724261,51.4624208
528,Tempel,tempel,neighbourhood,5.4800354,51.4803094
528,Vlokhoven,vlokhoven,neighbourhood,5.4830491,51.471725
528,Vredeoord,vredeoord,neighbourhood,5.4439539,51.4655967
528,Woenselse Heide,woenselse heide,neighbourhood,5.4632391,51.4797338
528,Woenselse Watermolen,woenselse watermolen,neighbourhood,5.4796143,51.4499385
528,Bloemenplein,bloemenplein,neighbourhood,5.4881319,51.425309
528,Burghplan,burghplan,neighbourhood,5.506652,51.4278247
528,Doornakkers-Oost,doornakkers-oost,neighbourhood,5.5165895,51.4383435
528,Doornakkers-West,doornakkers-west,neighbourhood,5.508912,51.439935
528,Eikenburg,eikenburg,neighbourhood,5.4862885,51.412128
528,Elzent-Noord,elzent-noord,neighbourhood,5.4815332,51.4309074
528,Elzent-Zuid,elzent-zuid,neighbourhood,5.4780461,51.4270378
528,Genneperzijde,genneperzijde,neighbourhood,5.4818684,51.4207737
528,Gerardusplein,gerardusplein,neighbourhood,5.4878154,51.4199719
528,Gijzenrooi,gijzenrooi,neighbourhood,5.513246,51.4197965
528,Irisbuurt,irisbuurt,neighbourhood,5.4943367,51.434295
528,Joriskwartier,joriskwartier,neighbourhood,5.4902214,51.4270628
528,Kerstroosplein,kerstroosplein,neighbourhood,5.4935615,51.4184934
528,Kruidenbuurt,kruidenbuurt,neighbourhood,5.4995839,51.4192703
528,Lakerlopen,lakerlopen,neighbourhood,5.4991877,51.4384787
528,Looiakkers,looiakkers,neighbourhood,5.4831091,51.4264615
528,"Muschberg, Geestenberg",muschberg geestenberg,neighbourhood,5.5214794,51.4444948
528,Nieuwe Erven,nieuwe erven,neighbourhood,5.4959675,51.4231542
528,Rochusbuurt,rochusbuurt,neighbourhood,5.4877869,51.4321155
528,Roosten,roosten,neighbourhood,5.4944456,51.4120779
528,Schuttersbosch,schuttersbosch,neighbourhood,5.5032807,51.4154863
528,Sintenbuurt,sintenbuurt,neighbourhood,5.5011108,51.4242567
528,Tivoli,tivoli,neighbourhood,5.5073391,51.4207237
528,Tuindorp,tuindorp,neighbourhood,5.4951403,51.4291594
528,Villapark,villapark,neighbourhood,5.4920781,51.4411237
528,Bennekel-Oost,bennekel-oost,neighbourhood,5.4632712,51.4197912
528,"Bennekel-West, Gagelbosch",bennekel-west gagelbosch,neighbourhood,5.4524855,51.4179243
528,Bergen,bergen,neighbourhood,5.4749591,51.4355679
528,Blaarthem,blaarthem,neighbourhood,5.4578579,51.424599
528,Drents Dorp,drents dorp,neighbourhood,5.4439579,51.4464807
528,"Eliasterrein, Vonderkwartier",eliasterrein vonderkwartier,neighbourhood,5.4647785,51.4369761
528,Engelsbergen,engelsbergen,neighbourhood,5.4569171,51.4355145
528,Flight Forum,flight forum,neighbourhood,5.4003592,51.4526366
528,Genderbeemd,genderbeemd,neighbourhood,5.4384191,51.4224253
528,Genderdal,genderdal,neighbourhood,5.4528546,51.4266702
528,Hagenkamp,hagenkamp,neighbourhood,5.4602775,51.4318351
528,Hanevoet,hanevoet,neighbourhood,5.4409617,51.4160317
528,Het Ven,het ven,neighbourhood,5.4433427,51.4392724
528,Lievendaal,lievendaal,neighbourhood,5.4342385,51.4426722
528,Meerbos,meerbos,neighbourhood,5.4171789,51.4504708
528,Mispelhoef,mispelhoef,neighbourhood,5.4135642,51.4706719
528,Ooievaarsnest,ooievaarsnest,neighbourhood,5.4330468,51.4124252
528,Oude Spoorbaan,oude spoorbaan,neighbourhood,5.4661829,51.4312727
528,Park Forum,park forum,neighbourhood,5.3877085,51.4411831
528,Philipsdorp,philipsdorp,neighbourhood,5.4629865,51.4412408
528,Rapelenburg,rapelenburg,neighbourhood,5.466347,51.4249825
528,Schoot,schoot,neighbourhood,5.4529801,51.4436691
528,Schouwbroek,schouwbroek,neighbourhood,5.4540874,51.4390424
528,Schrijversbuurt,schrijversbuurt,neighbourhood,5.4720884,51.4293295
528,Strijp S,strijp s,neighbourhood,5.4576561,51.4466339
528,Wielewaal,wielewaal,neighbourhood,5.4273501,51.4553116
528,Zwaanstraat,zwaanstraat,neighbourhood,5.4492482,51.4516946
528,Schiermonnikoog,schiermonnikoog,village,6.1610076,53.4782844
528,Roolvink Esch,roolvink esch,locality,6.903648,52.2566374
528,Roolvink,roolvink,locality,6.8971662,52.259876
528,Spaarpot,spaarpot,neighbourhood,5.5649117,51.4376273
528,Braakhuizen-Noord,braakhuizen-noord,neighbourhood,5.568288,51.4314505
528,Braakhuizen-Zuid,braakhuizen-zuid,neighbourhood,5.5687966,51.4240366
528,De Kievit,de kievit,neighbourhood,5.5617356,51.4316839
528,Goolkate,goolkate,locality,6.9576332,52.1990384
528,Sloebosch,sloebosch,locality,6.932316,52.2120116
528,Erve Berenbroek,erve berenbroek,locality,6.9027641,52.1751704
528,Verwoold,verwoold,locality,6.9002771,52.1962604
528,Groot Holzik,groot holzik,locality,6.9106841,52.2014942
528,Het Broek,het broek,locality,6.8222162,52.1953272
528,Het Haverkate,het haverkate,locality,6.8655371,52.1855923
528,Huttenpeters Kamp,huttenpeters kamp,locality,6.932381,52.1947346
528,Coevering,coevering,neighbourhood,5.5760359,51.4180851
528,Zuiderval,zuiderval,neighbourhood,6.8893988,52.2088157
528,Eilermarke,eilermarke,neighbourhood,6.9621373,52.2110665
528,Eekmaat oost,eekmaat oost,neighbourhood,6.9492144,52.2127708
528,Eekmaat west,eekmaat west,neighbourhood,6.9419,52.2149089
528,Aquadrille,aquadrille,neighbourhood,6.9437725,52.2128627
528,Dolphia,dolphia,neighbourhood,6.943821,52.218419
528,Voskamp,voskamp,neighbourhood,6.962433,52.218115
528,Koningsoord,koningsoord,hamlet,6.7976151,53.4361159
528,Katershorn,katershorn,hamlet,6.6627247,53.4156618
528,Akert,akert,neighbourhood,5.5600898,51.4153576
528,Genoenhuis,genoenhuis,neighbourhood,5.5438065,51.4110407
528,Hoog Geldrop,hoog geldrop,neighbourhood,5.5421228,51.4186197
528,Hout,hout,hamlet,5.5578933,51.4101268
528,Hulst,hulst,neighbourhood,5.5413757,51.4295221
528,Papenvoort,papenvoort,neighbourhood,5.5422849,51.4236786
528,Skandia,skandia,neighbourhood,5.5504935,51.4277863
528,Meerssen,meerssen,village,5.7529708,50.8850867
528,Deurningen,deurningen,village,6.8368748,52.3008411
528,Oudenhoorn,oudenhoorn,village,4.191577,51.827767
528,Rockanje,rockanje,village,4.0699129,51.8706546
528,Strype,strype,hamlet,4.0918395,51.8879485
528,De Klosse,de klosse,hamlet,6.1219074,52.73807
528,Nieuwe Hoeven,nieuwe hoeven,neighbourhood,5.5639433,51.3839484
528,Driehoek,driehoek,hamlet,5.4971986,51.5034491
528,Eygelshoven,eygelshoven,village,6.0600452,50.8939883
528,Hohenbusch,hohenbusch,locality,6.0149227,50.9605232
528,Leur,leur,village,5.6935717,51.8181973
528,Heioord,heioord,hamlet,5.7827493,51.1677663
528,Vierlingsbeek,vierlingsbeek,village,6.0091527,51.5964398
528,Hohenbusch,hohenbusch,isolated_dwelling,6.0188509,50.9672788
528,Hitsberg,hitsberg,hamlet,5.7837871,51.0256729
528,Baneheide,baneheide,hamlet,5.9744834,50.8185262
528,Bocholtzerheide,bocholtzerheide,hamlet,5.9896683,50.8167076
528,Fromberg,fromberg,hamlet,5.890846,50.8454636
528,Oudeschans,oudeschans,village,7.1412807,53.1380596
528,Wolfhagen,wolfhagen,hamlet,5.8910303,50.9481229
528,Hummelo,hummelo,village,6.2350264,52.0053791
528,Ohé en Laak,ohe en laak,village,5.8301484,51.114697
528,Herten,herten,village,5.9654489,51.1806454
528,Roosteren,roosteren,village,5.8166448,51.082724
528,Hessum,hessum,hamlet,6.3116227,52.5120522
528,Holtum,holtum,village,5.8208674,51.0469859
528,Kelpen-Oler,kelpen-oler,village,5.8243958,51.2189944
528,Oost West en Middelbeers,oost west en middelbeers,village,5.2614142,51.4699379
528,Son en Breugel,son en breugel,town,5.500838,51.5173136
528,Wijnandsrade,wijnandsrade,village,5.8838104,50.9055119
528,Wapenveld,wapenveld,village,6.072898,52.4314896
528,Brijdorpe,brijdorpe,hamlet,3.8744376,51.7201108
528,Kreielt,kreielt,hamlet,5.3148001,51.4480875
528,Naarden,naarden,village,5.1633636,52.2957628
528,Zutphen,zutphen,town,6.194772,52.1396933
528,Andel,andel,village,5.0539136,51.7836518
528,Maurik,maurik,village,5.4233334,51.9608641
528,Ochten,ochten,village,5.5670692,51.9075735
528,Waardenburg,waardenburg,village,5.2575135,51.8313424
528,Laag Heukelom,laag heukelom,hamlet,5.1543012,51.5675977
528,Molenheide,molenheide,hamlet,5.7877763,51.6820355
528,Keutenberg,keutenberg,hamlet,5.8733395,50.8431035
528,Ingber,ingber,hamlet,5.8584526,50.8182352
528,Brommelen,brommelen,hamlet,5.9117345,50.908011
528,Tijum,tijum,isolated_dwelling,6.522056,53.3180239
528,Valcum,valcum,isolated_dwelling,6.5247707,53.312941
528,Grote Melm,grote melm,isolated_dwelling,5.3091007,52.1917672
528,Kleine Melm,kleine melm,hamlet,5.3239504,52.1819479
528,Honhof,honhof,locality,6.914933,52.2043457
528,'t Mors,'t mors,locality,6.8471863,52.2049181
528,De Zwede,de zwede,locality,6.8231661,52.2042025
528,Boekelerhoek,boekelerhoek,locality,6.7904247,52.2166493
528,Beldershoek,beldershoek,locality,6.7715403,52.2277892
528,Vloeiweiden,vloeiweiden,locality,6.7883202,52.222151
528,Greve,greve,locality,6.7641771,52.1945379
528,Asbroek,asbroek,locality,6.7549503,52.2004301
528,Kamerinksveen,kamerinksveen,locality,6.7549503,52.2025343
528,Sluitersveld,sluitersveld,locality,6.7593524,52.2250816
528,Wijcherinshoek,wijcherinshoek,locality,6.7804893,52.1981943
528,Wollenhoek,wollenhoek,locality,6.7828678,52.2269092
528,Eetgerink,eetgerink,locality,6.7596936,52.2135796
528,Oude maten,oude maten,locality,6.7679548,52.2097003
528,Stemlanden,stemlanden,locality,6.7916902,52.2098705
528,Kleijan,kleijan,locality,6.787139,52.1991939
528,Kerkzijde,kerkzijde,locality,6.7550405,52.2050868
528,Waldeck,waldeck,neighbourhood,4.2289803,52.0597558
528,Tuinenbuurt,tuinenbuurt,neighbourhood,4.2468414,52.0581135
528,Schutsluis Hengelo,schutsluis hengelo,locality,6.8047269,52.2460859
528,Paterswolde,paterswolde,village,6.5665406,53.1463999
528,'t Grote veld,'t grote veld,locality,6.794112,52.2381309
528,Het Wullen,het wullen,locality,6.7806999,52.2273352
528,Het Schukkink,het schukkink,locality,6.7997983,52.2433144
528,Het Brunink,het brunink,locality,6.806352,52.2338056
528,De Broak,de broak,locality,6.8068139,52.2390379
528,Helloeks,helloeks,locality,6.802576,52.24204
528,Wilgenkamp,wilgenkamp,locality,6.8233371,52.2202863
528,Posjan,posjan,locality,6.832079,52.2211147
528,Lutje Es,lutje es,locality,6.814433,52.2343326
528,'n Brook,'n brook,locality,6.8303049,52.2237466
528,Het Reef,het reef,locality,6.8063096,52.2365146
528,Rougoor,rougoor,locality,6.7964294,52.2418363
528,Elkmans Wönner,elkmans wonner,locality,6.8108372,52.2342412
528,Maasvlakte,maasvlakte,locality,4.0197987,51.9543525
528,Terpoorten,terpoorten,hamlet,5.9176324,50.7719311
528,Hulst,hulst,town,4.0532016,51.2822909
528,'t Jagertje,'t jagertje,hamlet,4.0711886,51.2922378
528,Rietschot-noord,rietschot-noord,locality,6.8129332,52.1633495
528,Rietschot-zuid,rietschot-zuid,locality,6.810766,52.1548461
528,Rietschot-oost,rietschot-oost,locality,6.8145484,52.1592364
528,Rietschot-west,rietschot-west,locality,6.8092103,52.1570179
528,'t Horntje,'t horntje,hamlet,4.785465,53.0056434
528,Schoneveld,schoneveld,locality,3.533235,51.4011461
528,Nuland,nuland,village,5.4339809,51.7276714
528,Kimswerd,kimswerd,village,5.4376572,53.1412169
528,Houtwijk,houtwijk,neighbourhood,4.2484003,52.0551739
528,Statenkwartier,statenkwartier,neighbourhood,4.2737502,52.0938542
528,Bloemenbuurt,bloemenbuurt,neighbourhood,4.4694883,52.1895131
528,Oldebroek,oldebroek,village,5.8990319,52.4456068
528,Nieuwersluis,nieuwersluis,village,5.0077712,52.196668
528,Kweepeerhof,kweepeerhof,neighbourhood,3.458584,51.3835838
528,Moerbeihof,moerbeihof,neighbourhood,3.4613113,51.3842946
528,Kriekhof,kriekhof,neighbourhood,3.458386,51.3844809
528,Wijnpeerhof,wijnpeerhof,neighbourhood,3.4609892,51.3853777
528,Pruimenhof,pruimenhof,neighbourhood,3.461037,51.3863587
528,Appelhof,appelhof,neighbourhood,3.4574418,51.3862786
528,Kersenhof,kersenhof,neighbourhood,3.4616857,51.3869296
528,Perenhof,perenhof,neighbourhood,3.456981,51.3873292
528,Gassel,gassel,village,5.7805024,51.7404033
528,Someren-Heide,someren-heide,village,5.6961906,51.3497562
528,Heusden,heusden,village,5.7645319,51.3843889
528,Beesd,beesd,village,5.1916361,51.884089
528,Deil,deil,village,5.2432724,51.8855663
528,Enspijk,enspijk,village,5.2129943,51.8837507
528,Rhenoy,rhenoy,village,5.155117,51.88398
528,Acquoy,acquoy,village,5.1342796,51.8802989
528,Meerkerk,meerkerk,village,4.9973222,51.9213105
528,Hoogblokland,hoogblokland,village,4.9747285,51.8742188
528,Artiestenbuurt,artiestenbuurt,neighbourhood,4.3183381,52.0381065
528,Bomenbuurt,bomenbuurt,neighbourhood,4.3396768,52.0502784
528,Cromvliet,cromvliet,neighbourhood,4.3395347,52.0592656
528,De Strijp,de strijp,neighbourhood,4.2978752,52.0347855
528,Kleurenbuurt,kleurenbuurt,neighbourhood,4.3122785,52.0413584
528,Leeuwendaal,leeuwendaal,neighbourhood,4.3428619,52.0559494
528,Ministerbuurt,ministerbuurt,neighbourhood,4.3081116,52.0345209
528,Oud Rijswijk,oud rijswijk,neighbourhood,4.3349801,52.0556752
528,Presidentenbuurt,presidentenbuurt,neighbourhood,4.3027799,52.0388882
528,Rembrandtkwartier,rembrandtkwartier,neighbourhood,4.3339775,52.0503529
528,Stationskwartier,stationskwartier,neighbourhood,4.3214411,52.0402994
528,Te Werve,te werve,neighbourhood,4.3269207,52.0440224
528,Vlissingen,vlissingen,town,3.5697992,51.4480929
528,Oostburg,oostburg,town,3.4895533,51.3271917
528,Veere,veere,village,3.6660882,51.5475163
528,Middelburg,middelburg,city,3.6137371,51.4996784
528,Zierikzee,zierikzee,town,3.9208365,51.6497688
528,Tholen,tholen,town,4.2232813,51.5354462
528,Goes,goes,town,3.8897596,51.5031033
528,Kapelle,kapelle,village,3.96063,51.4879711
528,Heinkenszand,heinkenszand,village,3.8168553,51.4723969
528,Kruiningen,kruiningen,village,4.0340991,51.4488064
528,Roosendaal,roosendaal,town,4.4561276,51.5331484
528,Steenbergen,steenbergen,town,4.3151027,51.5859752
528,Woensdrecht,woensdrecht,village,4.304716,51.4293059
528,Oudenbosch,oudenbosch,town,4.5278916,51.5889415
528,Rucphen,rucphen,village,4.5589604,51.5330913
528,Zevenbergen,zevenbergen,town,4.6061538,51.6450443
528,Etten-Leur,etten-leur,town,4.6360813,51.5692065
528,Baarle-Nassau,baarle-nassau,suburb,4.9317413,51.4441976
528,Alphen,alphen,village,4.9553103,51.4829194
528,Oosterhout,oosterhout,town,4.8609931,51.6447493
528,Geertruidenberg,geertruidenberg,village,4.8611502,51.7008333
528,Made,made,village,4.7931811,51.6773008
528,Goirle,goirle,town,5.0660312,51.5231816
528,Dongen,dongen,town,4.9368837,51.6247509
528,Waalwijk,waalwijk,town,5.0705122,51.6852544
528,Werkendam,werkendam,town,4.8987346,51.8079227
528,Wijk en Aalburg,wijk en aalburg,village,5.1282689,51.7564268
528,Woudrichem,woudrichem,village,5.0033435,51.8168214
528,Drunen,drunen,town,5.130986,51.6862832
528,Kaatsheuvel,kaatsheuvel,town,5.0319484,51.6598038
528,Oisterwijk,oisterwijk,town,5.1938101,51.5778742
528,Haaren,haaren,village,5.227508,51.6022563
528,Oss,oss,town,5.5253912,51.7696387
528,Vught,vught,town,5.2893308,51.656821
528,Veldhoven,veldhoven,town,5.4045572,51.4190691
528,Hilvarenbeek,hilvarenbeek,town,5.1356804,51.4851583
528,Oirschot,oirschot,town,5.310242,51.5035638
528,Eersel,eersel,village,5.3201315,51.3586373
528,Bergeijk,bergeijk,village,5.3569427,51.3211501
528,Boxtel,boxtel,town,5.3247837,51.5883055
528,Sint-Michielsgestel,sint-michielsgestel,village,5.3515392,51.6391001
528,Geffen,geffen,village,5.4621199,51.7422509
528,Schijndel,schijndel,town,5.4362541,51.6176954
528,Wie,wie,hamlet,6.0302445,53.384701
528,Grave,grave,town,5.7411125,51.7596504
528,Mook,mook,village,5.8842244,51.752582
528,Zeeland,zeeland,village,5.6729081,51.6946426
528,Sint Anthonis,sint anthonis,village,5.8816763,51.626921
528,Mill,mill,village,5.7841148,51.6863207
528,Veghel,veghel,town,5.5446938,51.6134544
528,Boxmeer,boxmeer,town,5.9450972,51.6486483
528,Boekel,boekel,village,5.6726793,51.6029009
528,Venray,venray,town,5.9753635,51.5270258
528,Gemert,gemert,town,5.6864592,51.5589833
528,Terneuzen,terneuzen,town,3.8403111,51.3254737
528,Beek en Donk,beek en donk,village,5.6329857,51.5337801
528,Heeze,heeze,village,5.5715902,51.3832098
528,Leende,leende,village,5.5518897,51.3484037
528,Deurne,deurne,town,5.7946304,51.4638535
528,Panningen,panningen,village,5.9819406,51.3287995
528,Budel,budel,village,5.5744905,51.2744706
528,Heythuysen,heythuysen,village,5.9009266,51.2501987
528,Nederweert,nederweert,village,5.7496037,51.2856418
528,Nederweert-Eind,nederweert-eind,village,5.7800524,51.2756338
528,Weert,weert,town,5.7065678,51.2538446
528,Heel,heel,village,5.8947908,51.179622
528,Sint Odiliënberg,sint odilienberg,village,6.0014301,51.1430524
528,Roermond,roermond,city,5.9882649,51.1933903
528,Echt,echt,village,5.8719765,51.1073016
528,Schinveld,schinveld,village,5.9773288,50.9696955
528,Beek,beek,village,5.7977204,50.9413527
528,Brunssum,brunssum,town,5.9705675,50.9431108
528,Voerendaal,voerendaal,village,5.926962,50.8804521
528,Simpelveld,simpelveld,village,5.9827262,50.8355496
528,Gulpen,gulpen,village,5.8899585,50.8139879
528,Beesel,beesel,village,6.0418854,51.2688403
528,Landgraaf,landgraaf,town,6.0264604,50.9080845
528,Best,best,town,5.3938665,51.5033671
528,Groningen,groningen,city,6.5680077,53.2190652
528,Oudeschild,oudeschild,village,4.8456912,53.0383886
528,Eede,eede,village,3.4433794,51.2469881
528,Cadzand-Bad,cadzand-bad,village,3.388391,51.3771811
528,Nieuwvliet-Bad,nieuwvliet-bad,neighbourhood,3.4470824,51.3830283
528,Kruisdijk,kruisdijk,hamlet,3.5471972,51.3774768
528,Ratte Kaai,ratte kaai,hamlet,4.1980722,51.4349821
528,Heikant,heikant,village,4.0234522,51.2491943
528,Zeegat,zeegat,hamlet,4.0919774,51.2822731
528,Statenboom,statenboom,hamlet,4.1151848,51.2886114
528,Middenhof,middenhof,hamlet,4.1934283,51.4300943
528,Tonnekreek,tonnekreek,hamlet,4.4963837,51.6659123
528,Plantage Centrum,plantage centrum,hamlet,4.3756821,51.4624873
528,Kruiningergors,kruiningergors,hamlet,4.1176867,51.9214931
528,Hoogeland,hoogeland,neighbourhood,4.2156448,51.9868277
528,Boswijk,boswijk,neighbourhood,4.364881,52.04683
528,De Bras,de bras,neighbourhood,4.3837539,52.0332006
528,De Venen,de venen,neighbourhood,4.3821413,52.0451403
528,Singels,singels,neighbourhood,4.3733021,52.044773
528,Waterwijk,waterwijk,neighbourhood,4.3678672,52.0349274
528,Ruigenhoek,ruigenhoek,hamlet,4.5275139,52.2916548
528,Zuid-Schalkwijk,zuid-schalkwijk,hamlet,4.6434662,52.3440345
528,Westermient,westermient,hamlet,4.7523737,53.0599623
528,Dijkmanshuizen,dijkmanshuizen,hamlet,4.8719426,53.0559076
528,Nieuweschild,nieuweschild,hamlet,4.8814475,53.0761846
528,Wartumerklap,wartumerklap,hamlet,7.0231138,53.2943859
528,Kopaf,kopaf,hamlet,6.9537844,53.2601956
528,Middendorp,middendorp,hamlet,7.0182218,52.6403699
528,Plak,plak,hamlet,5.9848643,51.7703271
528,Vlodrop-Station,vlodrop-station,hamlet,6.153086,51.1520125
528,Eperheide,eperheide,hamlet,5.893298,50.7726905
528,Groenstraat,groenstraat,hamlet,5.1474096,51.4569218
528,Buttinge,buttinge,hamlet,3.5730355,51.5189222
528,Wernhoutsburg,wernhoutsburg,neighbourhood,4.623385,51.4307479
528,Maalbergen,maalbergen,hamlet,4.6561036,51.4386745
528,De Lent,de lent,hamlet,4.6443606,51.4425616
528,Ritthem,ritthem,village,3.6260715,51.4515013
528,Dishoek,dishoek,hamlet,3.5232737,51.4737844
528,De Zandput,de zandput,hamlet,3.4721201,51.512276
528,Het Kustlicht,het kustlicht,hamlet,3.4743584,51.5087277
528,Joossesweg,joossesweg,hamlet,3.4584371,51.5142997
528,Werendijke,werendijke,hamlet,3.5038731,51.5033127
528,Groot Valkenisse,groot valkenisse,hamlet,3.5067789,51.4924267
528,Klein Valkenisse,klein valkenisse,isolated_dwelling,3.5128809,51.4877807
528,Zoutelande,zoutelande,village,3.4872245,51.5018348
528,Grijpskerke,grijpskerke,village,3.5613136,51.5341554
528,Aagtekerke,aagtekerke,village,3.5102569,51.5465241
528,Westkapelle,westkapelle,village,3.4407863,51.5293313
528,Poppendamme,poppendamme,hamlet,3.554097,51.5205618
528,Serooskerke,serooskerke,village,3.5959454,51.5498773
528,Geldtienden,geldtienden,locality,3.6112591,51.5564063
528,Gr. Pitteperk,gr pitteperk,locality,3.6140464,51.5565179
528,Kleverskerke,kleverskerke,hamlet,3.6643747,51.5193345
528,Schellach,schellach,hamlet,3.6411052,51.5232761
528,Molembaix,molembaix,hamlet,3.5623346,51.5439489
528,Brigdamme,brigdamme,hamlet,3.6054281,51.5143091
528,Sint Laurens,sint laurens,village,3.6039692,51.527434
528,Noord Molenperk,noord molenperk,locality,3.5927044,51.5657419
528,Breezand,breezand,hamlet,3.6163317,51.5854808
528,Vrouwenpolder,vrouwenpolder,village,3.6165776,51.576602
528,Rancho Grande,rancho grande,hamlet,3.6911427,51.5609709
528,Ruiterplaat,ruiterplaat,hamlet,3.6701537,51.567639
528,Schotsman,schotsman,hamlet,3.6788111,51.5612072
528,Plankendorp,plankendorp,hamlet,3.7231941,51.568671
528,Stroodorp,stroodorp,hamlet,3.7276651,51.560186
528,Blauwewijk,blauwewijk,hamlet,3.8526022,51.5194486
528,Roodewijk,roodewijk,hamlet,3.8624929,51.5302182
528,Monnikendijk,monnikendijk,hamlet,3.9491592,51.5113934
528,Schuddebeurs,schuddebeurs,hamlet,3.943017,51.6774833
528,Goese Sas,goese sas,hamlet,3.9278699,51.5389103
528,Ouwerkerk,ouwerkerk,village,3.983732,51.6252777
528,Capelle,capelle,hamlet,3.9675249,51.6451535
528,Den Osse,den osse,hamlet,3.8910307,51.7396992
528,Bommenede,bommenede,hamlet,3.9364882,51.7256197
528,Dijkhuisjes,dijkhuisjes,isolated_dwelling,3.9467377,51.7261464
528,Burghsluis,burghsluis,hamlet,3.7520289,51.6746686
528,Langstraat,langstraat,hamlet,4.2799346,51.6760772
528,Westenschouwen,westenschouwen,hamlet,3.7095332,51.674739
528,Stuifakker,stuifakker,hamlet,4.0671864,51.8886571
528,Mariekerke,mariekerke,hamlet,3.5284449,51.5273889
528,Rijswijk Zuid,rijswijk zuid,neighbourhood,4.3513061,52.0250061
528,Breedenbroek,breedenbroek,village,6.4723596,51.8730662
528,Heaburgen,heaburgen,hamlet,5.5894141,52.8566085
528,Farebuorren,farebuorren,hamlet,5.8767855,53.3470595
528,Broekoord,broekoord,hamlet,5.2127627,52.7539005
528,Zeldenrust,zeldenrust,neighbourhood,3.8594965,51.313285
528,Hoofdplaat,hoofdplaat,village,3.6610641,51.3692476
528,De Loofaert,de loofaert,hamlet,5.3923183,51.6968194
528,Nijvelaar,nijvelaar,hamlet,5.3766207,51.6822948
528,Kinderbos,kinderbos,locality,5.3126182,51.5603225
528,Drie Hoefijzers,drie hoefijzers,hamlet,4.0040733,51.2429592
528,Baarland,baarland,village,3.8852409,51.4084332
528,Bakendorp,bakendorp,hamlet,3.9042654,51.4090214
528,Knuitershoek,knuitershoek,hamlet,3.9676235,51.3987316
528,Schoondorp,schoondorp,hamlet,4.1424919,51.5306899
528,Westkerke,westkerke,hamlet,4.0942423,51.5366063
528,Het Oudeland,het oudeland,hamlet,4.1968442,51.5213509
528,Mosselhoek,mosselhoek,hamlet,4.2017149,51.5152892
528,de Logt,de logt,hamlet,5.2519173,51.5496979
528,Haghorst,haghorst,village,5.2063262,51.4959421
528,'t Wild,'t wild,hamlet,5.3674522,51.7651226
528,Den Hoek,den hoek,hamlet,5.1055732,51.6304295
528,Dinthersehoek,dinthersehoek,hamlet,5.5366249,51.652966
528,Middelrode,middelrode,village,5.4193349,51.6648165
528,Maaskantje,maaskantje,village,5.3700125,51.6588733
528,Schoorstraat,schoorstraat,hamlet,5.1189606,51.6267331
528,Leebrug,leebrug,neighbourhood,5.1772785,52.0165773
528,Loerik,loerik,neighbourhood,5.1885091,52.0196381
528,Kluis,kluis,neighbourhood,5.8498445,51.794141
528,Lesterhuis,lesterhuis,isolated_dwelling,7.0245962,53.2825199
528,Planketent,planketent,isolated_dwelling,3.8441609,51.5060098
528,Reijmerstok,reijmerstok,village,5.8373921,50.8003866
528,Cartils,cartils,hamlet,5.9082474,50.8214243
528,Rijckholt,rijckholt,village,5.732183,50.7980765
528,Terlinden,terlinden,hamlet,5.8317603,50.7856348
528,Mesch,mesch,village,5.7336876,50.7640157
528,Rosengarten,rosengarten,neighbourhood,5.8241839,50.9941648
528,Abdissenbosch,abdissenbosch,neighbourhood,6.0370569,50.9222103
528,Nieuwe Meer,nieuwe meer,neighbourhood,4.8177879,52.3252573
528,Tuindorp,tuindorp,hamlet,6.1605965,51.5477254
528,Kleuter,kleuter,hamlet,5.652225,51.6599012
528,Mariaparochie,mariaparochie,village,6.7067663,52.37947
528,Over de Dijk,over de dijk,locality,7.1696606,52.9640531
528,Rhederveld,rhederveld,hamlet,7.186424,53.0605799
528,Abbestede,abbestede,hamlet,4.7169555,52.8507977
528,De Heul,de heul,hamlet,4.8665843,52.4580135
528,Hout,hout,locality,5.5627843,51.4087741
528,De Meern,de meern,town,5.0363571,52.0811781
528,Vleuten,vleuten,town,5.0135224,52.1073555
528,Koufurderrige,koufurderrige,hamlet,5.6528831,52.9539332
528,Midlum,midlum,village,5.4476394,53.1822521
528,Marrum,marrum,village,5.8017153,53.3235573
528,Hoornsedijk,hoornsedijk,hamlet,6.586442,53.1657068
528,Bovensmilde,bovensmilde,village,6.4814495,52.9760223
528,Kamperzeedijk-Oost,kamperzeedijk-oost,hamlet,6.0035734,52.5980376
528,Mark,mark,hamlet,5.2834523,51.8568969
528,Naardermeer,naardermeer,locality,5.0949202,52.3149047
528,Veldhuizen,veldhuizen,hamlet,6.2530646,52.8549707
528,Grote Voort,grote voort,hamlet,5.1222045,51.5003324
528,Kleine Voort,kleine voort,hamlet,5.1327592,51.5002141
528,Westeraam,westeraam,neighbourhood,5.8601638,51.9226248
528,Indoornik,indoornik,hamlet,5.7134251,51.9442644
528,Poederoijensehoek,poederoijensehoek,hamlet,5.0562477,51.7949104
528,Haarmühle,haarmuhle,isolated_dwelling,6.8764787,52.132683
528,Paal 18,paal 18,locality,4.7409109,53.0878305
528,Paal 19,paal 19,locality,4.7480765,53.0950887
528,Konings Hoeven,konings hoeven,hamlet,5.1139322,51.5481776
528,Borgharen,borgharen,village,5.6883533,50.8786076
528,Itteren,itteren,village,5.70293,50.8977326
528,Driewegen-Huygersluys,driewegen-huygersluys,neighbourhood,3.8477012,51.3116866
528,Sint Annapolder,sint annapolder,neighbourhood,3.8581149,51.3071337
528,Park Leeuwenbergh,park leeuwenbergh,neighbourhood,4.3568204,52.058596
528,Paal 8,paal 8,locality,4.7147195,53.0035268
528,De Hors,de hors,locality,4.7292732,52.9936541
528,Paal 9,paal 9,locality,4.7092488,53.0207162
528,Paal 12,paal 12,locality,4.7117164,53.0359506
528,Paal 15,paal 15,locality,4.7226997,53.0634208
528,Paal 21,paal 21,locality,4.7636816,53.1104804
528,Paal 28,paal 28,locality,4.8206141,53.1630971
528,Paal 23,paal 23,locality,4.7793999,53.1247989
528,Paal 22,paal 22,locality,4.7704735,53.116918
528,Paal 17,paal 17,locality,4.7348676,53.0802342
528,Zorgvliet,zorgvliet,neighbourhood,4.2885056,52.086588
528,Gasthuis,gasthuis,hamlet,5.7882831,50.8433232
528,Paal 16,paal 16,locality,4.7287445,53.0727906
528,Op 't Torentje,op 't torentje,hamlet,5.7172498,51.2109551
528,Ulestraten,ulestraten,village,5.7815344,50.905681
528,Batadorp,batadorp,neighbourhood,5.3956476,51.491117
528,Centrum,centrum,neighbourhood,5.3936248,51.5113931
528,De Leeuwerik,de leeuwerik,neighbourhood,5.395984,51.5071897
528,Dijkstraten,dijkstraten,neighbourhood,5.3819447,51.5121764
528,Heivelden,heivelden,neighbourhood,5.3711897,51.5043968
528,Heuveleind,heuveleind,neighbourhood,5.3772957,51.498033
528,Hoge Akker,hoge akker,neighbourhood,5.401905,51.5113643
528,Kantonnier,kantonnier,neighbourhood,5.3888939,51.4953219
528,Naastenbest,naastenbest,neighbourhood,5.3855633,51.5042488
528,Salderes,salderes,neighbourhood,5.3911269,51.516624
528,Schutboom,schutboom,neighbourhood,5.3822453,51.5078231
528,Speelheide,speelheide,neighbourhood,5.4061607,51.5063548
528,Villawijk,villawijk,neighbourhood,5.4146134,51.4970498
528,Wilhelminadorp,wilhelminadorp,neighbourhood,5.3914969,51.4981194
528,Oude Hopel,oude hopel,hamlet,6.0387521,50.89019
528,Limmen,limmen,village,4.6937182,52.5718803
528,Dusseldorp,dusseldorp,neighbourhood,4.7000798,52.5699697
528,Aalsmeerderbrug,aalsmeerderbrug,village,4.74967,52.2740065
528,Schiphol-Rijk,schiphol-rijk,hamlet,4.7525241,52.2784339
528,Rozenburg,rozenburg,hamlet,4.7379273,52.2821363
528,Radio Kootwijk,radio kootwijk,hamlet,5.8335719,52.1770547
528,Natuurgebied Oranjezon,natuurgebied oranjezon,locality,3.6092918,51.5905394
528,De Kraan,de kraan,hamlet,5.1309791,51.5892964
528,Houthem,houthem,village,5.7952042,50.8724875
528,Dolberg,dolberg,hamlet,5.8766414,50.8734564
528,Aalbeek,aalbeek,hamlet,5.8523331,50.9013148
528,Sibbe,sibbe,village,5.8271216,50.8432206
528,Honthem,honthem,hamlet,5.7993863,50.8145145
528,Nieuwenhoorn,nieuwenhoorn,suburb,4.1438594,51.8545745
528,Eyserheide,eyserheide,hamlet,5.9329147,50.8395538
528,De Piepert,de piepert,hamlet,5.9224348,50.827
528,Walem,walem,hamlet,5.8683009,50.8684373
528,Reeshof,reeshof,suburb,4.9944238,51.5820337
528,Hagelkruis,hagelkruis,neighbourhood,5.0694732,51.5587454
528,Korvel,korvel,neighbourhood,5.0716942,51.550493
528,Rooi Harten,rooi harten,neighbourhood,5.0700653,51.5548741
528,Oud-Zuid,oud-zuid,suburb,5.0800993,51.5493465
528,Oude Dijk,oude dijk,neighbourhood,5.0852235,51.5515208
528,Trouwlaan,trouwlaan,neighbourhood,5.0784241,51.5493614
528,Broekhoven,broekhoven,neighbourhood,5.0944204,51.5486329
528,Hoevenseweg,hoevenseweg,neighbourhood,5.1059443,51.5524787
528,Jeruzalem,jeruzalem,neighbourhood,5.109655,51.554152
528,Armhoef,armhoef,neighbourhood,5.1071182,51.5587164
528,Tivoli,tivoli,neighbourhood,5.0978818,51.5576738
528,Oud-Noord,oud-noord,suburb,5.0807712,51.5668756
528,Besterd,besterd,neighbourhood,5.0853863,51.5661931
528,Koestraat; Loven,koestraat loven,neighbourhood,5.0926952,51.5657505
528,Loven,loven,neighbourhood,5.0957306,51.5640581
528,Lovense-Kanaaldijk,lovense-kanaaldijk,neighbourhood,5.0992729,51.5697165
528,Bouwmeester,bouwmeester,neighbourhood,5.0706475,51.5651059
528,Goirke-Kanaaldijk,goirke-kanaaldijk,neighbourhood,5.0817265,51.5774151
528,Hasselt,hasselt,neighbourhood,5.07199,51.5709473
528,Groeseind,groeseind,neighbourhood,5.0854249,51.5753848
528,Het Goirke,het goirke,neighbourhood,5.0806361,51.5725297
528,Hoefstraat,hoefstraat,neighbourhood,5.0900316,51.5719107
528,West,west,suburb,5.0503715,51.5617899
528,De Lijnse Hoek,de lijnse hoek,neighbourhood,5.0829027,51.5802667
528,Noord,noord,suburb,5.0842643,51.5845601
528,Groenewoud,groenewoud,suburb,5.0958072,51.5407411
528,Berkel,berkel,hamlet,5.1434132,51.5906416
528,Berkelse Akkers,berkelse akkers,neighbourhood,5.1519747,51.5904565
528,Eikenbosch,eikenbosch,neighbourhood,5.1404947,51.5833617
528,'t Ven,'t ven,neighbourhood,5.0604864,51.5257322
528,Abcoven,abcoven,neighbourhood,5.0718365,51.5209057
528,Hoogeind,hoogeind,neighbourhood,5.0526369,51.5207319
528,Wildackers,wildackers,neighbourhood,5.0628692,51.5197991
528,Enschot,enschot,hamlet,5.1354473,51.5784465
528,De Hellen,de hellen,neighbourhood,5.0482401,51.5254922
528,De Nieuwe Erven,de nieuwe erven,neighbourhood,5.0437135,51.5190859
528,Grobbendonck,grobbendonck,neighbourhood,5.0674587,51.527157
528,Groote Akkers,groote akkers,neighbourhood,5.0776358,51.5269731
528,Hoge Wal,hoge wal,neighbourhood,5.0844071,51.5301816
528,Barrier,barrier,hamlet,5.8996716,50.8790004
528,Craubeek,craubeek,hamlet,5.8949534,50.8758781
528,IJzeren,ijzeren,hamlet,5.8319009,50.8390802
528,Kleingenhout,kleingenhout,hamlet,5.8404472,50.8839288
528,Terstraten,terstraten,hamlet,5.8596868,50.9140659
528,Kootstertille,kootstertille,village,6.0950871,53.2135692
528,Ronkenstein,ronkenstein,hamlet,6.0956221,51.2929225
528,Deventer,deventer,city,6.1584725,52.2532272
528,Geesteren,geesteren,village,6.5255713,52.1392401
528,Polder Nes,polder nes,locality,5.7908334,53.4422424
528,Grootslegt,grootslegt,locality,5.6759277,53.4523723
528,Ballumermieden,ballumermieden,locality,5.6965041,53.4389056
528,Kiekduun,kiekduun,locality,5.8007388,53.4543652
528,Noordakkers,noordakkers,locality,5.8093004,53.4499575
528,Kooiplaats,kooiplaats,hamlet,5.8367112,53.4489496
528,Groot Vaarwater,groot vaarwater,locality,5.8206086,53.4531252
528,Zuidakkers,zuidakkers,locality,5.8131843,53.4470822
528,Klein vaarwater,klein vaarwater,locality,5.8120224,53.4525875
528,Kooigrie,kooigrie,locality,5.8493426,53.4465448
528,Buurdergrie,buurdergrie,locality,5.8156734,53.4447556
528,Kooilanden,kooilanden,locality,5.8339339,53.4469033
528,Westergie,westergie,locality,5.6346452,53.4314327
528,De Blieke,de blieke,locality,5.6344828,53.4479234
528,Haarlo,haarlo,village,6.580833,52.1126272
528,Land van Essche,land van essche,neighbourhood,4.5508744,51.7388368
528,Etten,etten,village,6.3404632,51.9161169
528,Vorden,vorden,village,6.3126099,52.1041075
528,Molenbuurt,molenbuurt,neighbourhood,4.5663567,51.8006263
528,Sterrenplan,sterrenplan,neighbourhood,4.5682959,51.8029517
528,Schildersbuurt,schildersbuurt,neighbourhood,4.5664866,51.8060828
528,Oude Dorp,oude dorp,neighbourhood,4.5685411,51.808252
528,Oranjebuurt,oranjebuurt,neighbourhood,4.5733655,51.8058269
528,Plan Zijdewinde,plan zijdewinde,neighbourhood,4.5777927,51.8051626
528,Havenbuurt,havenbuurt,neighbourhood,4.5770273,51.8068414
528,Rivierenbuurt,rivierenbuurt,neighbourhood,4.5538,51.7904
528,Driemanschap,driemanschap,neighbourhood,4.550194,51.7881122
528,Vogelbuurt,vogelbuurt,neighbourhood,4.5595155,51.7879325
528,De Heul,de heul,neighbourhood,4.5636553,51.7858354
528,Bomenbuurt,bomenbuurt,neighbourhood,4.551308,51.7807835
528,Spuioeverwijk,spuioeverwijk,neighbourhood,4.4035816,51.8284052
528,Havenkwartier,havenkwartier,neighbourhood,4.4137152,51.8278768
528,Poortwijk I,poortwijk i,neighbourhood,4.4359966,51.8186394
528,Poortwijk III,poortwijk iii,neighbourhood,4.4323016,51.8120857
528,Schoonbron,schoonbron,hamlet,5.8804046,50.850992
528,Humcoven,humcoven,hamlet,5.7619779,50.8924043
528,Heek,heek,hamlet,5.8627115,50.8762633
528,Opscheumer,opscheumer,hamlet,5.8803717,50.8594624
528,Kapolder,kapolder,hamlet,5.90103,50.8250317
528,Prinsenwaard,prinsenwaard,locality,5.5901477,51.8318113
528,Hilleshagen,hilleshagen,hamlet,5.9459477,50.7985514
528,Papenhoven,papenhoven,village,5.7795603,51.0410569
528,Schipperskerk,schipperskerk,hamlet,5.7910789,51.0461426
528,Raar,raar,hamlet,5.780021,50.8864891
528,Groot Haasdal,groot haasdal,hamlet,5.8182005,50.8907853
528,Nieuwveen,nieuwveen,village,4.7562198,52.1966234
528,Europoort,europoort,locality,4.1736499,51.9328725
528,Bruisterbosch,bruisterbosch,hamlet,5.8031378,50.8043964
528,Etenaken,etenaken,hamlet,5.884973,50.8433957
528,Ulvend,ulvend,hamlet,5.8309955,50.758506
528,Sint Jansbos,sint jansbos,locality,5.8465417,50.8481206
528,Stokhem,stokhem,hamlet,5.8833146,50.8345188
528,Beertsenhoven,beertsenhoven,hamlet,5.8871606,50.8271736
528,Bulkemsbroek,bulkemsbroek,hamlet,5.9639965,50.830616
528,Huls,huls,hamlet,5.9714783,50.8441413
528,Zwammerdam,zwammerdam,village,4.7283544,52.1058278
528,Bunde,bunde,village,5.7325399,50.8974116
528,Buitenlust,buitenlust,neighbourhood,4.4540341,52.1797049
528,Haaswijk,haaswijk,neighbourhood,4.4729561,52.1935067
528,Morsebel,morsebel,neighbourhood,4.4791375,52.1955951
528,Oranjebuurt,oranjebuurt,neighbourhood,4.4680907,52.1797931
528,Schildersbuurt,schildersbuurt,neighbourhood,4.4806057,52.1874651
528,Dwarsgracht,dwarsgracht,village,6.0363315,52.7253825
528,Oensel,oensel,hamlet,5.8109363,50.9096545
528,De Grunerie,de grunerie,neighbourhood,4.4657056,52.1884875
528,Zeeheldenbuurt,zeeheldenbuurt,neighbourhood,4.4753472,52.1842836
528,Achter de Kerk,achter de kerk,locality,6.0402173,52.732193
528,Jonen,jonen,hamlet,6.0179338,52.7189469
528,Quabeek,quabeek,hamlet,5.9336218,50.9715086
528,Eyserhalte,eyserhalte,hamlet,5.9241555,50.8226707
528,Mechelen,mechelen,village,5.9255403,50.7963578
528,Visvliet,visvliet,village,6.2484433,53.2657641
528,Biesveld,biesveld,locality,5.9443006,50.8056572
528,De Voort,de voort,locality,5.9410429,50.7973364
528,Helle,helle,hamlet,5.9290577,50.7861832
528,Melleschet,melleschet,hamlet,5.9552281,50.7891657
528,Doeveberg,doeveberg,locality,5.9262348,50.8288142
528,Bommerig,bommerig,hamlet,5.9269404,50.7798952
528,Winthagen,winthagen,hamlet,5.9316058,50.8630538
528,Slenaken,slenaken,village,5.8620037,50.7686081
528,Waterop,waterop,hamlet,5.8568847,50.7868001
528,Billinghuizen,billinghuizen,hamlet,5.8617525,50.7968562
528,Pesaken,pesaken,hamlet,5.8708597,50.7994845
528,Crapoel,crapoel,hamlet,5.8801489,50.7944033
528,Schey,schey,hamlet,5.8251199,50.7722769
528,Hoogcruts,hoogcruts,hamlet,5.8416283,50.7743125
528,De Hut,de hut,hamlet,5.8560279,50.8137344
528,Scheulderhoogte,scheulderhoogte,locality,5.8402631,50.8238829
528,Wolfshuis,wolfshuis,hamlet,5.8000633,50.8412461
528,Moerslag,moerslag,hamlet,5.7580325,50.7867544
528,Colmont,colmont,hamlet,5.9329603,50.8518596
528,Keutelheide,keutelheide,locality,4.3475797,51.3568914
528,Kraaienberg,kraaienberg,locality,4.363989,51.3550927
528,Wildernissen,wildernissen,locality,4.3571559,51.3610146
528,Godlinze,godlinze,village,6.8146739,53.3726046
528,Bessen,bessen,neighbourhood,4.4988629,52.1798566
528,Vroondaal,vroondaal,neighbourhood,4.2243069,52.0421689
528,Kasteelpark,kasteelpark,locality,5.7589467,50.9450318
528,Hussenberg,hussenberg,neighbourhood,5.7587579,50.92768
528,Wolfhaag,wolfhaag,hamlet,6.001273,50.7585233
528,Deurze,deurze,hamlet,6.6094336,52.9849414
528,Ullingen,ullingen,hamlet,5.8548773,51.6342119
528,Daniken,daniken,hamlet,5.8461468,50.9643757
528,Maasdam,maasdam,village,4.5591848,51.7900381
528,Het Paradijs,het paradijs,locality,5.5304963,52.144602
528,Peelstraat,peelstraat,hamlet,5.8239762,51.6444779
528,Linde,linde,hamlet,6.2332786,52.287408
528,Uikhoven,uikhoven,village,5.7254553,50.9250042
528,Broek,broek,hamlet,5.9163402,50.7850996
528,Wittem,wittem,hamlet,5.9131789,50.8131031
528,Mariadorp,mariadorp,village,5.7243566,50.7741506
528,Oost-Maarland,oost-maarland,village,5.7110352,50.7955573
528,Strucht,strucht,hamlet,5.8635155,50.8519957
528,Wesch,wesch,hamlet,5.8079524,50.7711061
528,Geulle,geulle,village,5.7539245,50.9240218
528,Moorveld,moorveld,village,5.76482,50.9204012
528,Schietecoven,schietecoven,hamlet,5.7621483,50.8997563
528,Eefde,eefde,village,6.2269387,52.1709839
528,Gronsveld,gronsveld,village,5.7308285,50.8110353
528,Plaat,plaat,hamlet,5.9148338,50.770323
528,Bergenhuizen,bergenhuizen,hamlet,5.8125246,50.7745897
528,Schimmert,schimmert,village,5.8245864,50.9065522
528,Etzenrade,etzenrade,hamlet,5.9606337,50.9780628
528,Alkmaar,alkmaar,city,4.7503798,52.6312592
528,Spoorwijk,spoorwijk,neighbourhood,4.313016,52.0525612
528,Westendorp,westendorp,village,6.4126431,51.9502068
528,Bilthoven,bilthoven,town,5.2046134,52.1289693
528,Laak,laak,suburb,4.32146,52.0631617
528,Schipperskwartier,schipperskwartier,neighbourhood,4.3281186,52.06948
528,Noordpolderbuurt,noordpolderbuurt,neighbourhood,4.3334393,52.063688
528,Retersbeek,retersbeek,hamlet,5.9159336,50.892594
528,Zuidwolde,zuidwolde,village,6.4317343,52.6749542
528,De Hoven,de hoven,suburb,6.1832479,52.1433383
528,Nieuwstadt,nieuwstadt,village,5.8607207,51.0375846
528,Nijswiller,nijswiller,village,5.9573701,50.8084684
528,Nieuwstad,nieuwstad,hamlet,6.8787983,53.4028282
528,Hulten,hulten,village,4.9538962,51.5725169
528,Gilze,gilze,village,4.9443857,51.5416528
528,Greonterp,greonterp,village,5.5195163,53.0153378
528,Nieuw-Beerta,nieuw-beerta,village,7.1632512,53.1892253
528,Noordwelle,noordwelle,village,3.792986,51.7185957
528,Heide,heide,neighbourhood,4.4993878,52.1814056
528,Zegge,zegge,neighbourhood,4.5021895,52.181735
528,Gerwen,gerwen,village,5.5644281,51.4890399
528,Donkerbroek,donkerbroek,village,6.2355345,53.017574
528,Veenendaal,veenendaal,town,5.5539239,52.0259814
528,Aalden,aalden,village,6.7191536,52.7906745
528,Zweeloo,zweeloo,village,6.7306013,52.7943068
528,'t Zand,'t zand,neighbourhood,4.6182706,51.8689968
528,Bolnes,bolnes,village,4.5819227,51.8916555
528,Drievliet,drievliet,neighbourhood,4.6195935,51.8636803
528,Rijsoord,rijsoord,village,4.5942469,51.8515232
528,Slikkerveer,slikkerveer,village,4.6068121,51.8837234
528,Landgoed Otelaar,landgoed otelaar,locality,5.5567312,52.147975
528,Landgoed Klein Bylaer,landgoed klein bylaer,locality,5.5435997,52.1513561
528,Stevinsluizen,stevinsluizen,locality,5.046587,52.9367222
528,Lorentzsluizen,lorentzsluizen,locality,5.3292984,53.0732009
528,Oost,oost,suburb,4.9305528,52.3518137
528,Koude Heide,koude heide,locality,4.354051,51.3674441
528,Dal,dal,hamlet,5.9115042,50.7895857
528,Apostelwijk,apostelwijk,neighbourhood,5.6370462,51.4711202
528,De Resident,de resident,locality,4.3207865,52.0796509
528,De Nieuwe Stad,de nieuwe stad,neighbourhood,5.3799687,52.161014
528,Raren,raren,hamlet,5.9900416,50.7668014
528,'t Sehaal,'t sehaal,locality,5.3109731,53.3768368
528,De Keag,de keag,locality,5.3256464,53.3775202
528,Doodemanshoek,doodemanshoek,locality,5.2651931,53.3580282
528,Oosterom,oosterom,locality,5.2556423,53.3505345
528,De Kom,de kom,locality,5.2163128,53.3551922
528,Noordsvaarder,noordsvaarder,locality,5.2091702,53.387704
528,Kroonpolders,kroonpolders,locality,5.1967249,53.3791464
528,Noordgat,noordgat,locality,5.1695464,53.3816275
528,Noordergronden,noordergronden,locality,5.1900573,53.4001076
528,De Vleugel,de vleugel,locality,5.2350068,53.3596955
528,Soesterberg,soesterberg,village,5.2836057,52.1208994
528,Kongo,kongo,locality,5.1034323,51.5161917
528,Afrikadorp,afrikadorp,locality,5.1110155,51.5195882
528,Griltjeplak,griltjeplak,locality,5.2133561,53.3837516
528,De Zwarte Kat,de zwarte kat,hamlet,4.878564,52.2776509
528,Zevenbergschen Hoek,zevenbergschen hoek,village,4.6773703,51.673603
528,De Koog,de koog,village,4.7626457,53.0998817
528,Den Hoorn,den hoorn,village,4.7527063,53.025316
528,De Cocksdorp,de cocksdorp,village,4.8711088,53.1560998
528,Delfstrahuizen,delfstrahuizen,village,5.8275805,52.8765443
528,Hoogenweg,hoogenweg,village,6.6655375,52.5659895
528,Hofman,hofman,isolated_dwelling,6.9341,52.1792643
528,Schukkink,schukkink,locality,6.9410201,52.1801814
528,Duivengoor,duivengoor,isolated_dwelling,6.9001907,52.1706179
528,Berenbroekse landen,berenbroekse landen,locality,6.9080962,52.179236
528,Doornbos,doornbos,hamlet,6.8349438,52.1473615
528,Groot Bruninkshoek,groot bruninkshoek,locality,6.8738329,52.1812254
528,De Hege,de hege,locality,6.8685843,52.1620673
528,De Usseler Hege,de usseler hege,isolated_dwelling,6.8671789,52.1640711
528,Horstkamp,horstkamp,isolated_dwelling,6.916454,52.1924364
528,Horster,horster,isolated_dwelling,6.9117086,52.1857012
528,Groot Reink,groot reink,isolated_dwelling,6.8400191,52.1484549
528,Kromme Mijdrecht,kromme mijdrecht,hamlet,4.8173856,52.2244516
528,Barlaque,barlaque,hamlet,4.4865302,51.6239848
528,Billich,billich,locality,5.8283943,50.8929976
528,Bosscherveld,bosscherveld,locality,5.8417421,50.8936717
528,Scherpenbek,scherpenbek,locality,5.8369209,50.8965694
528,IJzevoorde,ijzevoorde,hamlet,6.3575136,51.9750861
528,Moerspuipolder,moerspuipolder,locality,3.9278855,51.2173582
528,Eiland,eiland,locality,3.951554,51.2146005
528,Oranje,oranje,village,6.4442298,52.908017
528,De Wiebertjes,de wiebertjes,locality,4.5451691,51.9807997
528,Dolsberg,dolsberg,locality,5.8851716,50.8240487
528,Hijkersmilde,hijkersmilde,hamlet,6.4227491,52.9282139
528,Maasband,maasband,hamlet,5.7367729,50.9762806
528,Lieshout,lieshout,village,5.5953771,51.5179298
528,Catsop,catsop,village,5.767032,50.9404768
528,Vruchtenbuurt,vruchtenbuurt,neighbourhood,4.2543549,52.0669135
528,Carnisselande,carnisselande,suburb,4.4946915,51.8545613
528,Heitfeld,heitfeld,locality,6.4724675,51.8514937
528,Am Bungert,am bungert,locality,6.3979634,51.8589197
528,Clever Maet,clever maet,locality,6.3897951,51.8688514
528,Das Anholtsche Feld,das anholtsche feld,locality,6.4095709,51.8544967
528,Die Kuhweide,die kuhweide,locality,6.4067654,51.8694284
528,Die Ward,die ward,locality,6.4036702,51.856423
528,Elsbruch,elsbruch,locality,6.3894286,51.8627444
528,Fettweide,fettweide,locality,6.3932966,51.8709475
528,Groß Nergena,gross nergena,locality,6.3950042,51.8609525
528,Hardenberg,hardenberg,locality,6.3993179,51.8694445
528,Horsterfeld,horsterfeld,locality,6.4099096,51.835496
528,Hörsterfeld,horsterfeld,locality,6.4096215,51.8369204
528,In den Weiden,in den weiden,locality,6.3997594,51.8576385
528,Kahles Bruch,kahles bruch,locality,6.4468693,51.8637022
528,Neuer Schlag,neuer schlag,locality,6.454281,51.8603135
528,Klein Nergena,klein nergena,locality,6.3987011,51.859646
528,Papenkamp,papenkamp,locality,6.3961476,51.8595099
528,Almelo,almelo,town,6.6636219,52.3563585
528,Enschede,enschede,city,6.8940537,52.2209855
528,Wierden,wierden,town,6.5921844,52.3579925
528,Diependal,diependal,hamlet,5.9033784,50.763771
528,Gorishoek,gorishoek,isolated_dwelling,4.0761281,51.5259855
528,Molenvliet,molenvliet,hamlet,4.2080288,51.541653
528,Oud Kerkhof,oud kerkhof,hamlet,4.1615625,51.5434782
528,Graszode,graszode,hamlet,3.7759091,51.4863128
528,De Zak,de zak,hamlet,3.8202599,51.4239645
528,Langeweegje,langeweegje,hamlet,3.8902832,51.4405631
528,Scheldeoord,scheldeoord,hamlet,3.8983546,51.3999837
528,Abbekinderen,abbekinderen,hamlet,3.9167734,51.4822914
528,Eversdijk,eversdijk,hamlet,3.9530132,51.4701166
528,Vlake,vlake,hamlet,4.009528,51.4737786
528,Noordeinde,noordeinde,hamlet,3.9168294,51.501598
528,Oude Veerdijk,oude veerdijk,locality,3.8157593,51.5119803
528,Tervaten,tervaten,hamlet,3.9245687,51.4990296
528,Waanskinderen,waanskinderen,hamlet,3.9322275,51.4951053
528,'t Hoekje,'t hoekje,hamlet,4.0389611,51.2541342
528,Boerenmagazijn,boerenmagazijn,locality,4.1068696,51.3103711
528,Boschkapelle,boschkapelle,hamlet,3.9694814,51.3259323
528,De Eek,de eek,isolated_dwelling,4.0306392,51.376328
528,Delft,delft,hamlet,4.0010359,51.3545061
528,Fluitershoek,fluitershoek,hamlet,4.0623835,51.3568971
528,Hoefkesdijk,hoefkesdijk,hamlet,4.0358174,51.3325688
528,Hoek en Bosch,hoek en bosch,hamlet,4.015344,51.3636639
528,Kalverdijk,kalverdijk,hamlet,3.9906726,51.4013341
528,Kreverhille,kreverhille,hamlet,3.9934755,51.4026339
528,Ruischendegat,ruischendegat,hamlet,3.9612912,51.3276664
528,Völckerdorp,volckerdorp,hamlet,4.2535103,51.4269398
528,De Knapaf,de knapaf,hamlet,4.0116588,51.3829609
528,Koelewei,koelewei,hamlet,4.0442656,51.3344355
528,Margret,margret,hamlet,4.0114298,51.3214987
528,Margretschedijk,margretschedijk,hamlet,3.9954965,51.3259864
528,Molenhoek,molenhoek,isolated_dwelling,3.9808125,51.4026244
528,Oostdijk,oostdijk,isolated_dwelling,4.006308,51.3433264
528,Braamhul,braamhul,hamlet,3.4736,51.2541
528,De Brabander,de brabander,hamlet,3.4061,51.3811
528,De Bracke,de bracke,hamlet,3.53972,51.28556
528,Vink,vink,hamlet,5.8699132,50.9018319
528,Cathelijneschans,cathelijneschans,hamlet,3.5115448,51.3214697
528,Dam,dam,hamlet,3.5517585,51.3577616
528,De Dam,de dam,hamlet,3.685,51.3068
528,Halve Maantje,halve maantje,hamlet,3.5417773,51.4045622
528,Hans Vriezeschans,hans vriezeschans,locality,3.4658058,51.3348622
528,Swier,swier,hamlet,5.8991156,50.9043463
528,Bos van Teylingen,bos van teylingen,locality,4.3250353,51.4148533
528,Bijvanck (Blaricum),bijvanck,neighbourhood,5.2670102,52.2862156
528,Bijvanck West,bijvanck west,neighbourhood,5.2613362,52.289004
528,Bijvanck Noord,bijvanck noord,neighbourhood,5.26373,52.2916141
528,Bovenmaat West,bovenmaat west,neighbourhood,5.2677409,52.2966328
528,Bovenmaat Oost,bovenmaat oost,neighbourhood,5.2713486,52.2949778
528,Filosofenbuurt,filosofenbuurt,neighbourhood,5.2805431,52.2968842
528,Gooierhoofd,gooierhoofd,neighbourhood,5.2500892,52.3083539
528,Huizermaat Noord,huizermaat noord,neighbourhood,5.2610402,52.3026562
528,Huizermaat West,huizermaat west,neighbourhood,5.2510237,52.3021279
528,Huizermaat Zuid,huizermaat zuid,neighbourhood,5.2600283,52.2979259
528,'t Plaveen,'t plaveen,neighbourhood,5.240047,52.3071608
528,Bovenmaat Noord,bovenmaat noord,neighbourhood,5.2709243,52.3021944
528,Wolfskamer,wolfskamer,neighbourhood,5.2368405,52.3071754
528,De Tuit,de tuit,neighbourhood,5.278332,52.3005272
528,Polder Middelland,polder middelland,locality,4.8578197,51.7499479
528,Polder Pauluszand,polder pauluszand,locality,4.8588921,51.756511
528,Polder het Jannezand,polder het jannezand,locality,4.8715342,51.7455899
528,Knol,knol,hamlet,3.8084936,51.3193774
528,Wulpenbek,wulpenbek,hamlet,3.8118091,51.3244938
528,Lewedorp,lewedorp,village,3.7492773,51.4963403
528,Stad en Lande,stad en lande,neighbourhood,5.2535581,52.2913481
528,Zenderwijk,zenderwijk,neighbourhood,5.2471151,52.2905977
528,Bovenweg,bovenweg,neighbourhood,5.2475019,52.2952151
528,De Noord,de noord,neighbourhood,5.2330024,52.3002541
528,De Zuid,de zuid,neighbourhood,5.2415817,52.2937107
528,Sijsjesberg,sijsjesberg,neighbourhood,5.2212596,52.2926787
528,Westereng,westereng,neighbourhood,5.2221869,52.296719
528,Huizerhoogt,huizerhoogt,hamlet,5.2396449,52.2822367
528,Zuidereng,zuidereng,neighbourhood,5.2300095,52.2911419
528,Culemborg,culemborg,town,5.2253042,51.9573504
528,Teroele,teroele,hamlet,5.6949094,52.9370799
528,Spannenburg,spannenburg,hamlet,5.6989532,52.9107914
528,Tjerkgaast,tjerkgaast,village,5.6784354,52.9035357
528,Vrouwenheide,vrouwenheide,locality,5.9527972,50.8464109
528,Voorkoop,voorkoop,neighbourhood,5.2489819,51.9545286
528,De Hond,de hond,neighbourhood,5.2408923,51.9589187
528,Lemstervaart,lemstervaart,neighbourhood,5.7213985,52.8407786
528,Kraayenstein,kraayenstein,neighbourhood,4.2364834,52.0458792
528,Driewegen,driewegen,village,3.8031269,51.4178556
528,De Zegge,de zegge,neighbourhood,5.5699466,51.4015032
528,Binnenstad,binnenstad,neighbourhood,4.9754551,51.8299184
528,Molenvliet,molenvliet,neighbourhood,4.9416807,51.840592
528,Gildenwijk,gildenwijk,neighbourhood,4.9557784,51.8363096
528,Stalkaarsen,stalkaarsen,neighbourhood,4.9605205,51.8424613
528,Haarwijk,haarwijk,neighbourhood,4.9710837,51.8423321
528,Schotdeuren,schotdeuren,neighbourhood,4.96964,51.8482278
528,Lingewijk,lingewijk,neighbourhood,4.9818709,51.8413345
528,Wijdschild,wijdschild,neighbourhood,4.986892,51.8332467
528,Brabersweg,brabersweg,hamlet,4.4458525,51.8078937
528,Scharnehuizen,scharnehuizen,hamlet,6.2194212,53.2651468
528,De lêste Stuver,de leste stuver,hamlet,6.1695144,53.2616517
528,Oosteinde,oosteinde,neighbourhood,4.4842507,51.8260216
528,Avenhil,avenhil,neighbourhood,4.4833725,51.827366
528,Brunsting,brunsting,hamlet,6.4918668,52.8710438
528,Geleen,geleen,town,5.8267029,50.9699953
528,Grevenbicht,grevenbicht,village,5.7727611,51.0407469
528,Op de Hoven,op de hoven,hamlet,6.0692442,50.9073143
528,Oud Ootmarsum,oud ootmarsum,village,6.9086971,52.4182536
528,Heeswijk,heeswijk,hamlet,4.9656106,52.0517706
528,Park 1813,park 1813,locality,6.3939538,52.4595299
528,Het Hoog Roth,het hoog roth,locality,5.8929,50.9640619
528,Lippenberg,lippenberg,locality,5.8795651,50.9589415
528,Schelberg,schelberg,locality,5.8818292,50.9735471
528,Brand,brand,hamlet,5.8595295,50.9125288
528,Quarantaine-Inrichting,quarantaine-inrichting,neighbourhood,4.4100373,51.8968274
528,Sterrenbosch,sterrenbosch,locality,6.2593768,52.4756679
528,Hoog Buurlo,hoog buurlo,hamlet,5.8457705,52.1783973
528,Lingemeer,lingemeer,neighbourhood,5.4936427,51.923261
528,Graetheide,graetheide,hamlet,5.7923431,51.0197583
528,Echten,echten,village,6.3993227,52.7110526
528,Hoogerheide,hoogerheide,village,4.323838,51.424339
528,Het Merkske,het merkske,locality,4.8213746,51.4159765
528,De Kampen,de kampen,hamlet,5.5707617,53.1506527
528,Laakwerd,laakwerd,hamlet,5.540371,53.1480344
528,Holprijp,holprijp,hamlet,5.544613,53.1628505
528,Miedum,miedum,hamlet,5.5437649,53.1717558
528,Tallum,tallum,hamlet,5.5971147,53.1446117
528,Barrum,barrum,hamlet,5.5618524,53.150139
528,Teetlum,teetlum,hamlet,5.5875869,53.1307969
528,Tolsum,tolsum,hamlet,5.5466449,53.1417172
528,Koüm,koum,hamlet,5.5608757,53.1454166
528,Fatum,fatum,hamlet,5.5720344,53.1457665
528,De Vlaren,de vlaren,hamlet,5.5321956,53.1519593
528,Kelderbergen,kelderbergen,locality,5.7554715,52.0560583
528,Oost-Souburg,oost-souburg,village,3.6042063,51.4645556
528,Stoppelbergen,stoppelbergen,locality,4.3425286,51.3715526
528,Groot-Abeele,groot-abeele,hamlet,3.6057767,51.4747259
528,Snabbeldorp,snabbeldorp,hamlet,3.4671722,51.5110462
528,De kip,de kip,locality,5.6645434,50.815353
528,E-buurt,e-buurt,neighbourhood,4.9639301,52.3248774
528,Hof van Weede,hof van weede,neighbourhood,4.5608131,51.7862289
528,Oostdorp,oostdorp,locality,5.8431921,52.1428238
528,Vlietzoom-Oost,vlietzoom-oost,neighbourhood,4.3747657,52.0697679
528,Vlietzoom-West,vlietzoom-west,neighbourhood,4.3622089,52.0595079
528,Westerbergen,westerbergen,locality,5.7662213,52.0462842
528,Markelo,markelo,village,6.4949852,52.2347139
528,Landgoed de Wolfskamer,landgoed de wolfskamer,locality,5.5939698,52.1595849
528,Oudeland,oudeland,neighbourhood,4.5577392,51.8047723
528,Hazenwinkel,hazenwinkel,neighbourhood,5.603074,51.454941
528,De Marke,de marke,neighbourhood,5.6086493,51.4629112
528,Over de Keen,over de keen,neighbourhood,4.5466935,51.7406128
528,Romeinse Godenbuurt,romeinse godenbuurt,neighbourhood,4.5583321,51.7448109
528,Schuilingen,schuilingen,neighbourhood,4.6087014,51.7839719
528,Vlinderbuurt,vlinderbuurt,neighbourhood,4.6060552,51.786484
528,Bloemenbuurt,bloemenbuurt,neighbourhood,4.6103446,51.7797887
528,Oranjebuurt,oranjebuurt,neighbourhood,4.6222307,51.7776375
528,De Grienden,de grienden,neighbourhood,4.5580122,51.7986093
528,Tuinen,tuinen,neighbourhood,4.5012738,52.1768316
528,Banken,banken,neighbourhood,4.5032509,52.1777105
528,Molens,molens,neighbourhood,4.5059795,52.1765254
528,Vlinders,vlinders,neighbourhood,4.509895,52.1803938
528,Dalen,dalen,neighbourhood,4.5131061,52.1822544
528,Duinen,duinen,neighbourhood,4.5092513,52.1826022
528,Forellen,forellen,neighbourhood,4.5061093,52.1829782
528,Bloemen,bloemen,neighbourhood,4.5124875,52.1770286
528,Vrij-Harnasch,vrij-harnasch,neighbourhood,4.3180606,52.0118086
528,Hoog-Harnasch,hoog-harnasch,neighbourhood,4.3202716,52.0056858
528,Woud-Harnasch,woud-harnasch,neighbourhood,4.3167096,52.0017284
528,Look-West,look-west,neighbourhood,4.3249038,52.0027054
528,Maarn,maarn,village,5.3717199,52.0644594
528,Werven,werven,neighbourhood,4.5127551,52.174448
528,Horsten,horsten,neighbourhood,4.5063709,52.1744286
528,Wallen,wallen,neighbourhood,4.5132159,52.1721125
528,Roden,roden,neighbourhood,4.501111,52.1742264
528,Beringe,beringe,village,5.9478901,51.3368249
528,Engwegen,engwegen,hamlet,5.8745876,50.8477508
528,Nieuw-West,nieuw-west,suburb,4.8061869,52.3584251
528,Noord,noord,suburb,4.935327,52.402572
528,West,west,suburb,4.8687319,52.3672193
528,Zuid,zuid,suburb,4.8948052,52.3373435
528,Zuidoost,zuidoost,suburb,4.9602346,52.3148154
528,Tinte,tinte,village,4.1348786,51.886794
528,Stuttebosch,stuttebosch,locality,6.1654088,52.939084
528,Burgerveen,burgerveen,village,4.6809717,52.240088
528,Leimuiderbrug,leimuiderbrug,hamlet,4.6696443,52.2311433
528,Almere Buiten,almere buiten,suburb,5.2844716,52.3965759
528,Beversoord,beversoord,isolated_dwelling,4.6044416,51.726522
528,Nieuw Rhijnzicht,nieuw rhijnzicht,neighbourhood,4.450841,52.1776743
528,Hoge Lus,hoge lus,locality,4.4196174,51.7792992
528,Poptahof,poptahof,neighbourhood,4.3519481,51.9992479
528,Ecodus,ecodus,neighbourhood,4.3396205,52.0075275
528,Westlandhof,westlandhof,neighbourhood,4.3457967,52.0023465
528,Kuyperwijk,kuyperwijk,neighbourhood,4.3356833,52.0121361
528,Marlot,marlot,neighbourhood,4.3424866,52.0047848
528,Westerkwartier,westerkwartier,neighbourhood,4.3526054,52.0062028
528,Olofsbuurt,olofsbuurt,neighbourhood,4.3517133,52.0103335
528,Delftzicht,delftzicht,neighbourhood,4.3605207,52.0031545
528,Zeeheldenbuurt,zeeheldenbuurt,neighbourhood,4.3655134,52.0043932
528,Heilige Land,heilige land,neighbourhood,4.3717078,52.0127954
528,TU-wijk,tu-wijk,neighbourhood,4.3740005,52.0001383
528,TU Delft Campus Zuid,tu delft campus zuid,neighbourhood,4.3835297,51.9893656
528,'t Coll,'t coll,hamlet,5.5366499,51.4455913
528,Leechlân,leechlan,hamlet,6.1450602,53.2628421
528,Hústernoard,husternoard,hamlet,6.1081962,53.2767591
528,Keatlingwier,keatlingwier,hamlet,6.0762227,53.2997195
528,Westerbuorren,westerbuorren,hamlet,6.0955736,53.3173441
528,Hanenburch,hanenburch,hamlet,6.0980926,53.2589145
528,Aldwâldmersyl,aldwaldmersyl,hamlet,6.1310457,53.3084331
528,De Dellen,de dellen,hamlet,6.1280966,53.3049513
528,De Wurden,de wurden,hamlet,6.1175072,53.3024733
528,Sint Anthonypolder,sint anthonypolder,locality,4.5337612,51.7869731
528,Oudeland van Strijen,oudeland van strijen,locality,4.5244457,51.7611994
528,Polder Het Munnikenland,polder het munnikenland,locality,4.490327,51.7862666
528,Beintemahûs,beintemahus,hamlet,6.0793669,53.3190199
528,Weardebuorren,weardebuorren,hamlet,6.105949,53.3157755
528,Koningslust,koningslust,village,5.9950945,51.3565181
528,Grashoek,grashoek,village,5.9407252,51.3615633
528,Nieuwendijk,nieuwendijk,hamlet,4.3186807,51.7555796
528,De Strooppot,de strooppot,isolated_dwelling,4.4035301,51.7654234
528,Zweedse Wijk,zweedse wijk,isolated_dwelling,4.4877589,51.7310663
528,Rijkerbeek,rijkerbeek,hamlet,5.6248136,51.603956
528,Vogelbuurt,vogelbuurt,neighbourhood,4.3920225,51.8231565
528,Ambachtenbuurt,ambachtenbuurt,neighbourhood,4.3980462,51.8221484
528,Historische Schepenbuurt,historische schepenbuurt,neighbourhood,4.39708,51.8254504
528,Boerderijbuurt,boerderijbuurt,neighbourhood,4.4019506,51.8258548
528,Gorzenhoek,gorzenhoek,neighbourhood,4.4237987,51.8250592
528,De Gravin,de gravin,neighbourhood,4.4211226,51.8237796
528,Lelystad Zuid,lelystad zuid,locality,5.4681802,52.4865725
528,Poortwijk II,poortwijk ii,neighbourhood,4.4345913,51.8153671
528,Zeevaartbuurt,zeevaartbuurt,neighbourhood,4.4024798,51.8202341
528,Verzetsbuurt,verzetsbuurt,neighbourhood,4.4051605,51.8191001
528,Schildersstrook,schildersstrook,neighbourhood,4.4059936,51.816531
528,Oranjebuurt,oranjebuurt,neighbourhood,4.4149319,51.8244115
528,Oranjebuurt,oranjebuurt,neighbourhood,4.4759982,51.8272458
528,Mollekade,mollekade,isolated_dwelling,4.5120041,51.8204297
528,Oost,oost,hamlet,4.8913704,53.0964662
528,Burger Nieuwland,burger nieuwland,isolated_dwelling,4.8050816,53.0714489
528,Noord Haffel,noord haffel,isolated_dwelling,4.8103677,53.044658
528,Westergeest,westergeest,hamlet,4.8181552,53.035456
528,Zevenhuizen,zevenhuizen,hamlet,4.8826906,53.0878791
528,Zuid-Haffel,zuid-haffel,hamlet,4.7947853,53.0363265
528,Moleneind,moleneind,hamlet,5.1012665,51.7824777
528,Het Beggelder,het beggelder,hamlet,6.4720462,51.8690083
528,Heurne,heurne,hamlet,6.5741663,51.8998856
528,'t Klooster,'t klooster,hamlet,6.6211298,51.9638226
528,De Koaten,de koaten,hamlet,6.0874933,53.2173297
528,IJmuiden aan Zee,ijmuiden aan zee,hamlet,4.5648956,52.4560208
528,De Wacht,de wacht,hamlet,4.6266033,51.751425
528,Teeltstation BuckfastAmeland,teeltstation buckfastameland,locality,5.753908,53.450074
528,Koedood,koedood,hamlet,4.4897776,51.8443035
528,Grauwe Kat,grauwe kat,hamlet,5.4870165,53.1142861
528,Nieuwebildtzijl,nieuwebildtzijl,hamlet,5.7205054,53.3155747
528,Bartlehiem,bartlehiem,hamlet,5.8394828,53.2753429
528,Skûlenboarch,skulenboarch,hamlet,6.0684274,53.2011641
528,Bruinisse,bruinisse,village,4.09594,51.6622699
528,Lytsewierrum,lytsewierrum,village,5.6634313,53.0888158
528,Feankleaster,feankleaster,village,6.1063802,53.2645762
528,De Trieme,de trieme,village,6.0885045,53.2780876
528,Bloemenbuurt,bloemenbuurt,neighbourhood,6.5850238,53.2249457
528,Nieuw-Indische buurt,nieuw-indische buurt,neighbourhood,6.5695411,53.2335269
528,Akersloot,akersloot,village,4.7320342,52.5599095
528,Aldtsjerk,aldtsjerk,village,5.8911567,53.2642155
528,Arcen,arcen,village,6.1785077,51.476261
528,Helhoek,helhoek,hamlet,6.041125,51.9342849
528,Essesteijn,essesteijn,neighbourhood,4.3662949,52.0854025
528,Componistenwijk,componistenwijk,neighbourhood,4.4349135,51.7356909
528,Dennenhoeve,dennenhoeve,isolated_dwelling,4.6865479,52.6674591
528,Westdorp,westdorp,neighbourhood,4.6826955,52.6656674
528,Noordbout,noordbout,locality,3.9474714,51.6209442
528,Zuidbout,zuidbout,locality,3.9588489,51.6141673
528,Magische Vallei,magische vallei,locality,5.9842541,51.3980001
528,Giessenburg,giessenburg,village,4.8875783,51.8518163
528,Terherne,terherne,village,5.7809002,53.0405936
528,Ledeacker,ledeacker,village,5.8725958,51.6365621
528,Noordwolde,noordwolde,village,6.1391286,52.8909993
528,Allingawier,allingawier,village,5.4456089,53.0478741
528,Oud Gastel,oud gastel,village,4.4599702,51.5876474
528,Renesse,renesse,village,3.7719799,51.7311823
528,Krabbendijke,krabbendijke,village,4.1116077,51.4305636
528,Geboortebos,geboortebos,locality,6.0441711,52.4698729
528,Hooge Berg,hooge berg,locality,6.0303588,52.4316722
528,Nijbroek,nijbroek,village,6.062797,52.2919545
528,Mossel,mossel,hamlet,5.7613289,52.0621275
528,Wapenveld-noord,wapenveld-noord,neighbourhood,6.0664421,52.4440749
528,Nieuwpoort,nieuwpoort,village,4.868505,51.9353893
528,Hoef en Haag,hoef en haag,village,5.1197861,51.9888915
528,Boven-Hardinxveld,boven-hardinxveld,village,4.8827689,51.8234763
528,Biestraat,biestraat,hamlet,4.9231584,51.5465632
528,Bolberg,bolberg,hamlet,4.9350002,51.5337505
528,Horst,horst,hamlet,4.9262472,51.5388822
528,Langereit,langereit,hamlet,4.9075201,51.5385557
528,Vossenberg,vossenberg,hamlet,4.9634882,51.5461403
528,Hooge Aard,hooge aard,hamlet,4.8666061,51.5510673
528,Raakeind,raakeind,hamlet,4.8986016,51.5462887
528,Rith,rith,hamlet,4.7261191,51.5643815
528,Snijders-Chaam,snijders-chaam,hamlet,4.8553366,51.5291069
528,Verhoven,verhoven,hamlet,4.9220361,51.5501311
528,Weilenseind,weilenseind,hamlet,4.9482664,51.5331024
528,'t Zand,'t zand,hamlet,4.9573467,51.4963453
528,Alphen-Oosterwijk,alphen-oosterwijk,hamlet,4.9750669,51.5019925
528,Balleman,balleman,hamlet,4.7619409,51.5096824
528,Bolberg,bolberg,hamlet,4.8456841,51.5654607
528,Boslust,boslust,hamlet,4.9706858,51.479733
528,Chaamdijk,chaamdijk,hamlet,4.8381911,51.4973767
528,Diunt,diunt,hamlet,4.7519561,51.5078371
528,Effen,effen,village,4.7301821,51.5521705
528,Eikberg,eikberg,hamlet,4.8339973,51.5574012
528,Geersbroek,geersbroek,hamlet,4.8192511,51.5406171
528,Ginderdoor,ginderdoor,hamlet,4.8434294,51.5044361
528,Grazen,grazen,hamlet,4.8287177,51.4882058
528,Heerstaaien,heerstaaien,hamlet,4.7931404,51.520464
528,Heikant,heikant,hamlet,4.9712439,51.5635657
528,Houtgoor,houtgoor,hamlet,4.8618429,51.4917718
528,Kaarschot,kaarschot,hamlet,4.7252922,51.5185984
528,Lage Aard,lage aard,hamlet,4.8638212,51.562896
528,Leg,leg,hamlet,4.8618303,51.5010951
528,Notsel,notsel,hamlet,4.7859266,51.529607
528,Overa,overa,hamlet,4.7460923,51.5413088
528,De Druif,de druif,hamlet,4.5417253,51.6540197
528,Ameide,ameide,village,4.9628669,51.95476
528,Numansgors,numansgors,hamlet,4.4476016,51.7172126
528,Vuren,vuren,village,5.0481559,51.8246914
528,Dorp,dorp,neighbourhood,4.3935781,52.1433859
528,De Kieviet,de kieviet,neighbourhood,4.3615167,52.12539
528,Kerkehout,kerkehout,neighbourhood,4.3694991,52.1098493
528,Kievietsduin,kievietsduin,neighbourhood,4.3586728,52.13077
528,Spinbaan,spinbaan,neighbourhood,4.3898063,52.1419619
528,Dr. Weeder,dr weeder,neighbourhood,4.3985705,52.1489112
528,Hillenaar,hillenaar,neighbourhood,4.4052719,52.142279
528,Molenaar,molenaar,neighbourhood,4.4019773,52.1519179
528,Duivenvoorde,duivenvoorde,neighbourhood,4.4050254,52.1480734
528,Ernst Casimir,ernst casimir,neighbourhood,4.4020359,52.1451634
528,Zijlwatering,zijlwatering,neighbourhood,4.4027496,52.14651
528,Oostdorp,oostdorp,neighbourhood,4.3940188,52.1494996
528,Weteringpark,weteringpark,neighbourhood,4.4126817,52.1512634
528,Deijleroord,deijleroord,neighbourhood,4.4129063,52.1442728
528,Haven,haven,neighbourhood,4.3958918,52.1469051
528,Van Polanenpark,van polanenpark,neighbourhood,4.4057827,52.1506835
528,Rijksdorp,rijksdorp,neighbourhood,4.3853861,52.1589876
528,Maaldrift,maaldrift,isolated_dwelling,4.4272195,52.1511586
528,Drie Papegaaien,drie papegaaien,neighbourhood,4.3851583,52.1323067
528,Duindigt,duindigt,neighbourhood,4.3513361,52.1134057
528,Groenendaal,groenendaal,neighbourhood,4.3347327,52.1086042
528,Klingenbosch,klingenbosch,neighbourhood,4.36386,52.1184419
528,Nieuw-Wassenaar,nieuw-wassenaar,neighbourhood,4.3638541,52.1144808
528,De Paauw,de paauw,neighbourhood,4.4014035,52.138559
528,Oud-Clingendaal,oud-clingendaal,neighbourhood,4.3770595,52.114416
528,Oud-Wassenaar,oud-wassenaar,neighbourhood,4.3711671,52.1235842
528,De Pan,de pan,neighbourhood,4.3981501,52.1649182
528,Den Deijl,den deijl,neighbourhood,4.4067551,52.1412917
528,Ter Weer,ter weer,neighbourhood,4.4111429,52.1462097
528,Dun,dun,hamlet,5.161402,51.432904
528,Schoterzijl,schoterzijl,hamlet,5.8189881,52.8177487
528,Opwettens Land,opwettens land,neighbourhood,5.5272663,51.466532
528,Ring,ring,neighbourhood,4.5706682,51.8048885
528,Lemele,lemele,village,6.4137203,52.4535194
528,Koevlak,koevlak,locality,4.5932214,52.3993745
528,Rietvlak,rietvlak,locality,4.5886938,52.4029944
528,Greup,greup,neighbourhood,4.438093,51.8156772
528,Rivierenwijk,rivierenwijk,neighbourhood,5.296757,51.8851409
528,Lingewaarden,lingewaarden,neighbourhood,5.2941225,51.885452
528,Middengebied,middengebied,neighbourhood,5.281853,51.8795798
528,Steenvliet,steenvliet,neighbourhood,5.2841052,51.8764827
528,Stationswijk,stationswijk,neighbourhood,5.2743562,51.8818033
528,Rouveen,rouveen,village,6.1860681,52.6156777
528,IJhorst,ijhorst,village,6.2910616,52.6607496
528,Volen,volen,hamlet,5.9501427,51.4964574
528,Almere Hout,almere hout,suburb,5.3128455,52.3520372
528,Energiekwartier,energiekwartier,neighbourhood,4.2931122,52.0742468
528,Bomen- en Plantenbuurt,bomen- en plantenbuurt,neighbourhood,4.4347856,51.7317644
528,Oranjewijk,oranjewijk,neighbourhood,4.4342277,51.7289934
528,Vogelbuurt,vogelbuurt,neighbourhood,4.4427128,51.7302589
528,Philipsburg,philipsburg,neighbourhood,4.4435598,51.7381929
528,Nederhemert-Zuid,nederhemert-zuid,hamlet,5.1474416,51.7499178
528,Nederhemert-Noord,nederhemert-noord,neighbourhood,5.1653556,51.7662612
528,Groot Dorregeest,groot dorregeest,hamlet,4.7232452,52.5402287
528,Klein Dorregeest,klein dorregeest,hamlet,4.7266945,52.5479506
528,Klein Dorregeest,klein dorregeest,hamlet,4.7253446,52.5454737
528,Zevenhuizen,zevenhuizen,hamlet,5.9081984,53.258592
528,Boomkamp,boomkamp,neighbourhood,5.3058675,51.8836186
528,'t Rot,'t rot,neighbourhood,5.3104175,51.8897779
528,Emmawijk,emmawijk,neighbourhood,5.29101,51.87936
528,Kalenberg,kalenberg,neighbourhood,5.281474,51.8716427
528,Vroonermeer Noord,vroonermeer noord,neighbourhood,4.773803,52.6598191
528,Ganzert,ganzert,hamlet,5.4720099,51.9684213
528,Meerten,meerten,hamlet,5.521438,51.9399453
528,Hooghendijck,hooghendijck,neighbourhood,5.2908879,51.9536105
528,Brakel,brakel,village,5.0914074,51.8172979
528,Genzon,genzon,neighbourhood,5.791213,50.9024464
528,Lutterveld,lutterveld,hamlet,5.3666304,51.8988119
528,De Woerd,de woerd,hamlet,5.3749331,51.9033795
528,Voorthuizen,voorthuizen,town,5.6071994,52.1871648
528,Asschat,asschat,hamlet,5.4581404,52.1311439
528,Wouwse Plantage,wouwse plantage,village,4.3908283,51.4831196
528,Hooge Hoeven,hooge hoeven,neighbourhood,5.2929065,51.8752289
528,Hertogenwijk,hertogenwijk,neighbourhood,5.4292674,51.8810975
528,De Dood,de dood,hamlet,4.5683865,51.523115
528,De Posthoorn,de posthoorn,hamlet,4.5393306,51.5289503
528,Rietven,rietven,hamlet,5.6956351,51.6208803
528,Logt,logt,hamlet,5.7061524,51.5898499
528,Biesenberg,biesenberg,locality,5.7645102,50.8969902
528,Hoogebiezen,hoogebiezen,hamlet,5.5227829,51.5900919
528,Kempkens,kempkens,locality,5.5178111,51.5948073
528,Everse,everse,hamlet,5.4839942,51.5722643
528,Koevering,koevering,hamlet,5.4938151,51.585345
528,Lagebiezen,lagebiezen,hamlet,5.5326073,51.5932653
528,Willebrordushoek,willebrordushoek,hamlet,5.5074192,51.5949835
528,Hoeves,hoeves,hamlet,5.4850018,51.6101786
528,Lageheide,lageheide,hamlet,5.7193804,51.7265246
528,Huij,huij,hamlet,5.9009689,51.7059053
528,Heikant,heikant,hamlet,5.9525636,51.6284203
528,Heihoek,heihoek,hamlet,5.7892778,51.7314971
528,Nieuw-Gassel,nieuw-gassel,hamlet,5.7721192,51.7346164
528,Oetelaar,oetelaar,hamlet,5.4000249,51.6216267
528,Haren,haren,village,5.5835902,51.7996561
528,Vredepeel,vredepeel,village,5.8694941,51.5409734
528,Pijpenkast,pijpenkast,hamlet,5.3378888,51.8741731
528,De Wind,de wind,hamlet,5.6845154,51.5742267
528,Ossendrecht,ossendrecht,village,4.3266976,51.3955742
528,Leemberg,leemberg,hamlet,4.3353134,51.3893416
528,Zandfort,zandfort,hamlet,4.3223121,51.4347533
528,Oude Stee,oude stee,hamlet,4.3285087,51.4379687
528,Korteven,korteven,hamlet,4.3137398,51.4466076
528,Bergse Plaat,bergse plaat,neighbourhood,4.2716938,51.4767848
528,Jankenberg,jankenberg,neighbourhood,4.2813607,51.5190966
528,Zuidgeest,zuidgeest,hamlet,4.3228204,51.4608137
528,Welberg,welberg,village,4.3329981,51.5770068
528,Ginneken,ginneken,neighbourhood,4.786944,51.568056
528,Céramique,ceramique,neighbourhood,5.7015613,50.8444318
528,Hazendans,hazendans,neighbourhood,5.6473513,50.8458122
528,Blauwdorp,blauwdorp,neighbourhood,5.6760153,50.8466178
528,Trichterveld,trichterveld,neighbourhood,5.6669723,50.8432652
528,Parkrijk,parkrijk,neighbourhood,4.3357474,52.0216323
528,Noordgeest,noordgeest,neighbourhood,4.2844444,51.5098761
528,Tuinwijk,tuinwijk,neighbourhood,4.2842721,51.5035356
528,Meilust,meilust,neighbourhood,4.2980331,51.5064384
528,Zeekant,zeekant,neighbourhood,4.2859705,51.4834673
528,Warande,warande,neighbourhood,4.3037048,51.4860962
528,Gageldonk,gageldonk,neighbourhood,4.3069998,51.4936767
528,Drie Hoefijzers,drie hoefijzers,hamlet,4.6946035,51.6576067
528,Museumkwartier,museumkwartier,neighbourhood,4.3155758,52.0824742
528,Bagven,bagven,locality,4.7230487,51.5825489
528,Verlaat,verlaat,hamlet,4.8604433,52.7223282
528,Hoek van 100,hoek van 100,neighbourhood,4.2117937,51.9689656
528,Breugel,breugel,suburb,5.5092804,51.5174723
528,Frederiksoord,frederiksoord,neighbourhood,4.4406313,52.1848336
528,Zanderij,zanderij,neighbourhood,4.4137413,52.1930224
528,Heveskesklooster,heveskesklooster,locality,6.9727127,53.3017614
528,Slag Karel Doormanweg,slag karel doormanweg,locality,4.1662592,52.0318302
528,Slag Molenslag,slag molenslag,locality,4.1704085,52.0349336
528,Slag Watertoren,slag watertoren,locality,4.1950732,52.0528475
528,Slag Strandweg,slag strandweg,locality,4.1635273,52.0298753
528,Slag Arendsduin,slag arendsduin,locality,4.1486063,52.0171505
528,Eikenveld,eikenveld,locality,5.7937747,50.8874958
528,Kloosterberg,kloosterberg,locality,5.7961985,50.8983579
528,Berghemmerveld,berghemmerveld,locality,5.7807588,50.9000111
528,Vermeerkwartier,vermeerkwartier,neighbourhood,4.303404,52.0631088
528,Brandwijk,brandwijk,village,4.813383,51.8895707
528,Vijfhoeven,vijfhoeven,neighbourhood,5.2134354,51.6995294
528,Vliedberg,vliedberg,neighbourhood,5.1974549,51.6915112
528,Parijsch Noord,parijsch noord,neighbourhood,5.2044678,51.9534372
528,Molenzicht,molenzicht,neighbourhood,5.214391,51.9516198
528,Leuven,leuven,hamlet,5.0956744,51.8443029
528,Gorinchem,gorinchem,town,4.9738743,51.8296133
528,Vogelenzang,vogelenzang,hamlet,5.498421,51.922863
528,Schiphol,schiphol,hamlet,4.7621975,52.3080392
528,Bedrijvenpark Baarle-Nassau,bedrijvenpark baarle-nassau,locality,4.9409587,51.4457767
528,An der Landwehr,an der landwehr,locality,6.1290937,51.1423731
528,Ederveen,ederveen,village,5.5775905,52.0613055
528,Meerzicht,meerzicht,neighbourhood,4.5633226,52.2554871
528,Poelpolder,poelpolder,neighbourhood,4.5598706,52.249754
528,Burdaard,burdaard,village,5.879602,53.2952021
528,De Hoogte,de hoogte,neighbourhood,5.9275459,52.5371061
528,Oostzaan,oostzaan,village,4.8753615,52.4387666
528,Wijngaarden,wijngaarden,village,4.7626994,51.8446651
528,Lyts Wieren,lyts wieren,isolated_dwelling,5.74369,53.0655007
528,Grut Wieren,grut wieren,isolated_dwelling,5.7494031,53.0684098
528,Pannenschuur,pannenschuur,neighbourhood,5.1763433,51.5824925
528,Westend,westend,neighbourhood,5.1748766,51.5751828
528,De Waterhoef,de waterhoef,neighbourhood,5.2056774,51.5823825
528,Bunders en Levenskerk,bunders en levenskerk,neighbourhood,5.1950834,51.5757314
528,Meteren,meteren,village,5.2834238,51.8637206
528,Centrum,centrum,neighbourhood,5.1951715,51.5804125
528,Oud Meteren,oud meteren,neighbourhood,5.2826837,51.8647721
528,Havenkwartier,havenkwartier,neighbourhood,4.2791151,51.4956133
528,Scheldevesting,scheldevesting,neighbourhood,4.2732256,51.4939902
528,Norschoten,norschoten,neighbourhood,5.6064353,52.1381865
528,Veller,veller,neighbourhood,5.5964631,52.1281176
528,'t Nopeind,'t nopeind,hamlet,4.9656961,52.4099225
528,Koningsveen,koningsveen,locality,5.975702,51.7318506
528,Aan de Koeberg,aan de koeberg,locality,5.7776372,50.8319541
528,Hoge Prijs,hoge prijs,neighbourhood,5.2078504,51.9453575
528,Lanxmeer,lanxmeer,neighbourhood,5.2337503,51.9464692
528,Spaarnwoude,spaarnwoude,hamlet,4.695116,52.40382
528,Onze Woudstee,onze woudstee,neighbourhood,5.6823344,52.3442608
528,De Meele,de meele,hamlet,6.2511434,52.5878403
528,Landzicht,landzicht,neighbourhood,5.2153919,51.9458442
528,Vasse,vasse,village,6.8323266,52.4338079
528,Kralingen,kralingen,hamlet,4.1073927,51.7502145
528,Berkhoek,berkhoek,hamlet,5.6892866,51.5864428
528,Almere Poort,almere poort,suburb,5.1514097,52.3494545
528,Landsmeer,landsmeer,village,4.9136088,52.4296098
528,Den Ilp,den ilp,village,4.9088104,52.4510199
528,'t Loo,'t loo,village,5.9538308,52.4463029
528,Burgum,burgum,town,5.9871063,53.1954807
528,Panneland,panneland,locality,4.5562273,52.3324658
528,Achterste Panneland,achterste panneland,locality,4.5622926,52.336537
528,Oosterveld,oosterveld,locality,4.5410433,52.3280316
528,Kromboogsveld,kromboogsveld,locality,4.545445,52.3358334
528,Ruigeveld,ruigeveld,locality,4.5370834,52.3345133
528,Heikant,heikant,hamlet,5.9542958,51.584012
528,'t Goy,'t goy,village,5.2242101,52.000794
528,Sprokkelenburg,sprokkelenburg,neighbourhood,5.2364769,51.9616888
528,Fûns,funs,hamlet,5.7127241,53.1545826
528,Oudendijk,oudendijk,hamlet,4.2795579,51.7696516
528,Sexbierum,sexbierum,village,5.4853907,53.2184231
528,Gawege,gawege,hamlet,4.1038612,51.418324
528,Groenendaal,groenendaal,hamlet,5.9484501,52.0806392
528,Dorrestein,dorrestein,neighbourhood,5.3986457,52.1406286
528,Bergkwartier,bergkwartier,neighbourhood,5.3683625,52.1482738
528,Soestdijk,soestdijk,neighbourhood,5.2920317,52.1871829
528,Staverden,staverden,hamlet,5.7325781,52.2846
528,De Ham,de ham,neighbourhood,5.3758979,52.1813776
528,De Bik,de bik,neighbourhood,5.3732914,52.1775315
528,Langenoord,langenoord,neighbourhood,5.380705,52.1884227
528,Bieshaar,bieshaar,neighbourhood,5.3724599,52.1889892
528,Venlo,venlo,city,6.1688954,51.3702109
528,Jazz City,jazz city,neighbourhood,5.9866445,51.2017409
528,Groene waterberging,groene waterberging,locality,5.7286546,51.2442688
528,'t Water,'t water,locality,5.6977147,52.3801757
528,Beek,beek,locality,5.6964268,52.379668
528,Strand,strand,locality,5.6980098,52.380499
528,Zeeduin,zeeduin,locality,5.6996043,52.3804944
528,Taling,taling,locality,5.7009143,52.3799723
528,Kievit,kievit,locality,5.7026987,52.380485
528,Kwikstaart II,kwikstaart ii,locality,5.7009751,52.380797
528,Kwikstaart I,kwikstaart i,locality,5.701227,52.3805013
528,Lijster,lijster,locality,5.7020777,52.3810996
528,Roodborst,roodborst,locality,5.7029517,52.3813921
528,Hulst,hulst,locality,5.7014918,52.3814309
528,Karekiet,karekiet,locality,5.7027564,52.3823895
528,Kiekendief,kiekendief,locality,5.7032984,52.3829238
528,Visarend,visarend,locality,5.7043512,52.3838815
528,Wespendief,wespendief,locality,5.7045929,52.3836664
528,Ransuil,ransuil,locality,5.7044496,52.3831988
528,Velduil,velduil,locality,5.7054834,52.3828935
528,Slechtvalk,slechtvalk,locality,5.7040481,52.3822986
528,Torenvalk,torenvalk,locality,5.7051419,52.3814209
528,Havik,havik,locality,5.7068092,52.3823211
528,Bosuil,bosuil,locality,5.7059981,52.3825637
528,Notenboom,notenboom,locality,5.7081188,52.3835792
528,Beuk Tiny Houses,beuk tiny houses,locality,5.7089614,52.3839358
528,Duindoorn,duindoorn,locality,5.7082553,52.3851228
528,Wilg,wilg,locality,5.7080994,52.3861866
528,Pottum,pottum,hamlet,5.549931,51.9164368
528,Bloemenbuurt,bloemenbuurt,neighbourhood,5.2320429,51.955814
528,Nieuwstad,nieuwstad,neighbourhood,5.2261099,51.9540354
528,Oude Binnenstad,oude binnenstad,neighbourhood,5.2257129,51.9573347
528,Triowijk,triowijk,neighbourhood,5.2237676,51.9518809
528,Achter 't Zand,achter 't zand,neighbourhood,5.228371,51.9501888
528,Smalriem,smalriem,hamlet,5.25639,51.9621471
528,De Loo,de loo,hamlet,5.6239636,51.4317077
528,Trimpert,trimpert,hamlet,5.6195983,51.4284594
528,Roovert,roovert,hamlet,5.0799573,51.4722946
528,Wolfsveld,wolfsveld,locality,4.4969308,52.3076311
528,Haasvelderduinen,haasvelderduinen,locality,4.5054393,52.3138671
528,Fransevlak,fransevlak,locality,4.5262795,52.3080997
528,Westerveld,westerveld,locality,4.5169136,52.3314418
528,Kruisdel,kruisdel,locality,4.5260884,52.361667
528,Worstenveld,worstenveld,locality,4.523313,52.3590241
528,Tonnevlak,tonnevlak,locality,4.5208669,52.353508
528,Flessenveld,flessenveld,locality,4.5173219,52.3502974
528,Mussenveld,mussenveld,locality,4.512088,52.3429981
528,Kraaienveld,kraaienveld,locality,4.5426486,52.3649893
528,Schilpveld,schilpveld,locality,4.5367239,52.3607298
528,Kraaienbos,kraaienbos,locality,4.5515372,52.3618376
528,De Punt,de punt,locality,4.5457277,52.3604731
528,Koekoeksduin,koekoeksduin,locality,4.5908321,52.3480989
528,Buitenplaats Leyduin,buitenplaats leyduin,locality,4.5903969,52.3416115
528,Woestduin,woestduin,locality,4.5862809,52.3355758
528,Renbaanveld,renbaanveld,locality,4.5515283,52.3544758
528,Middenveld,middenveld,locality,4.543651,52.3472714
528,Stenenveld,stenenveld,locality,4.5270836,52.3488218
528,Paradijsveld,paradijsveld,locality,4.5333021,52.3542203
528,Klein Sprenkelveld,klein sprenkelveld,locality,4.5680332,52.3478358
528,Pietjes Zwarteveld,pietjes zwarteveld,locality,4.5575576,52.3423678
528,Eendenvlak,eendenvlak,locality,4.5522355,52.3481267
528,Langevelderduin,langevelderduin,locality,4.4804084,52.2938131
528,Grote vlak,grote vlak,locality,4.4970902,52.3013982
528,Boeveld,boeveld,locality,4.4940297,52.2985322
528,Van Limburg Stirumsduinen,van limburg stirumsduinen,locality,4.4913885,52.3040195
528,Sasbergen,sasbergen,locality,4.5216717,52.2952526
528,Paardenkerkhof,paardenkerkhof,locality,4.5248643,52.2995478
528,Starrenbroek,starrenbroek,locality,4.5080597,52.3004306
528,Westhoek,westhoek,locality,4.5165266,52.304261
528,De Vellen,de vellen,locality,4.5198639,52.3173871
528,Schrama,schrama,locality,4.5277571,52.3064454
528,De 70 Bunders,de 70 bunders,locality,4.5472475,52.3173524
528,Tiltenberg,tiltenberg,locality,4.5562421,52.3121367
528,Palmveld,palmveld,locality,4.5355809,52.3204502
528,Witteveld,witteveld,locality,4.5233719,52.326501
528,Klein Zwarteveld,klein zwarteveld,locality,4.5240568,52.3408822
528,Zuidduinen,zuidduinen,locality,4.5300486,52.3666974
528,Oude Vinkenbaan,oude vinkenbaan,locality,4.5475858,52.3523138
528,Rozenwaterveld,rozenwaterveld,locality,4.5616452,52.3561839
528,Vinkenduin,vinkenduin,locality,4.5862691,52.3392116
528,Groot Zeldeveld,groot zeldeveld,locality,4.5333934,52.3379314
528,Eiland van Rolvers,eiland van rolvers,locality,4.545677,52.3383315
528,'t Hart,'t hart,neighbourhood,5.9313375,52.5353333
528,Zuid-Eierland,zuid-eierland,hamlet,4.8197113,53.1122986
528,Werkhoven,werkhoven,village,5.2440771,52.0263968
528,De Hofstee,de hofstee,isolated_dwelling,6.4339656,53.0154039
528,Sint Josefhoeve,sint josefhoeve,isolated_dwelling,6.3567969,53.0286159
528,Jonkershof,jonkershof,isolated_dwelling,6.4302304,52.9709631
528,Jachtleven,jachtleven,isolated_dwelling,6.4315823,52.9832876
528,Iemenhof,iemenhof,isolated_dwelling,6.4256117,52.9851235
528,Zuidpolder,zuidpolder,neighbourhood,5.2553394,52.24607
528,Stuksbeemden,stuksbeemden,neighbourhood,6.0611751,51.4533839
528,De Risselt,de risselt,neighbourhood,6.0599212,51.4567829
528,De Afhang,de afhang,neighbourhood,6.0400029,51.4547447
528,Mettenberg,mettenberg,locality,5.7723476,50.8444825
528,Libertypark,libertypark,locality,5.854606,51.0103574
528,Lageveense Polder,lageveense polder,locality,4.5347506,52.2702092
528,Eemland,eemland,locality,5.3067371,52.2652253
528,Landgoed Keukenhof,landgoed keukenhof,locality,4.5440895,52.2663504
528,Hondenvlak,hondenvlak,locality,4.5423108,52.3324848
528,Westeinde,westeinde,neighbourhood,5.5621566,51.9299161
528,De Dellen,de dellen,locality,5.9662244,52.3967122
528,Kamperklippen,kamperklippen,locality,6.0246723,52.4064548
528,Het Zwolsche Bosch,het zwolsche bosch,locality,6.0227982,52.4168425
528,Maasbos,maasbos,locality,6.0448854,52.4192979
528,Lichtenvoorde,lichtenvoorde,town,6.5716944,51.9890577
528,Veldhoek,veldhoek,village,6.412195,52.0458265
528,Leo-Stichting,leo-stichting,hamlet,6.5072209,52.0933896
528,Vreeland,vreeland,village,5.0319258,52.2303415
528,Engeland,engeland,hamlet,5.9538478,52.1666639
528,Kulut,kulut,neighbourhood,5.9566944,51.5145325
528,Herrendal,herrendal,neighbourhood,5.893142,51.7534648
528,Heierveld,heierveld,neighbourhood,6.0465368,51.3602418
528,Achter de Hoven,achter de hoven,neighbourhood,6.0513272,51.3619398
528,Linde,linde,hamlet,6.3516498,52.08109
528,Burgemeesterswijk,burgemeesterswijk,neighbourhood,5.288829,51.9472765
528,Burggraaf,burggraaf,neighbourhood,5.9795362,51.5304958
528,Ennerveld,ennerveld,locality,6.0495028,52.4386218
528,De Laerberg,de laerberg,locality,6.0582636,52.4456882
528,Mobiel Ecodorp Ppauw,mobiel ecodorp ppauw,locality,5.6962336,51.9713463
528,Houtkwartier,houtkwartier,neighbourhood,4.4830026,52.1717118
528,Funenpark,funenpark,neighbourhood,4.9307828,52.3685608
528,Keent,keent,hamlet,5.6997302,51.2362222
528,Maarheeze,maarheeze,village,5.6158604,51.3121159
528,Bovensluis,bovensluis,hamlet,4.4759995,51.6831042
528,Kloostervelden,kloostervelden,neighbourhood,5.625217,51.357904
528,Riethoven,riethoven,village,5.3859816,51.3529939
528,Het Laar,het laar,hamlet,5.6236054,51.519423
528,Het Hool,het hool,hamlet,5.6112817,51.5208659
528,Kapel,kapel,hamlet,4.6882243,52.583389
528,Alandsbeek,alandsbeek,neighbourhood,5.4435807,52.134578
528,'t Ruige Veld,'t ruige veld,neighbourhood,5.4336137,52.1405654
528,Hamersveld,hamersveld,neighbourhood,5.4249836,52.1375491
528,Rozendaal,rozendaal,neighbourhood,5.4350057,52.134517
528,Amstelveen,amstelveen,town,4.8596844,52.3028209
528,Kop van Rhijn,kop van rhijn,neighbourhood,4.44894,52.1772572
528,Gouden Uil,gouden uil,neighbourhood,4.4605304,51.9917867
528,Gouden Harp,gouden harp,neighbourhood,4.4549774,51.9929352
528,Gouden Griffel,gouden griffel,neighbourhood,4.458692,51.9887349
528,Gouden Hart,gouden hart,neighbourhood,4.4548319,51.9906716
528,Gouden Podium,gouden podium,neighbourhood,4.4528213,51.9847353
528,Slennebroek,slennebroek,hamlet,6.2328744,52.4709671
528,De Slaag,de slaag,locality,5.3170824,52.1964415
528,Hoeve,hoeve,hamlet,5.4276928,51.2931149
528,Voorste Brug,voorste brug,hamlet,5.425533,51.2846806
528,Wielder,wielder,hamlet,6.1285972,51.3817577
528,Heierhoeven,heierhoeven,hamlet,6.0858447,51.4056834
528,Boskant,boskant,village,5.4229113,51.549908
528,Liverdonk,liverdonk,neighbourhood,5.5982441,51.4586478
528,Oldenkott,oldenkott,village,6.7569529,52.0973496
528,Buurse,buurse,village,6.8304587,52.1454123
528,Grubbenvorst,grubbenvorst,village,6.1484221,51.4195305
528,Johannes Geradtswegbuurt,johannes geradtswegbuurt,neighbourhood,5.1817086,52.2338647
528,Darthuizen,darthuizen,hamlet,5.3891909,52.0124582
528,Raadhuiskwartier,raadhuiskwartier,neighbourhood,5.1719775,52.2313776
528,Galgenveld,galgenveld,locality,5.0308623,52.3217365
528,Abtswoudse Hof,abtswoudse hof,neighbourhood,4.3560735,52.0019392
528,Coendersbuurt,coendersbuurt,neighbourhood,4.3549333,52.0046029
528,Van Leeuwenhoekkwartier,van leeuwenhoekkwartier,neighbourhood,4.3578834,52.0042288
528,Recreatiepark Het Hulsbeek,recreatiepark het hulsbeek,locality,6.887806,52.30424
528,Weert,weert,hamlet,5.7335783,50.8841806
528,Voulwames,voulwames,hamlet,5.7224581,50.9082873
528,Kasen,kasen,hamlet,5.7517396,50.9051048
528,Brommelen,brommelen,hamlet,5.7337104,50.9120454
528,Knooppunt Vaanplein,knooppunt vaanplein,locality,4.5159239,51.8654661
528,Belvédèreberg,belvedereberg,locality,5.6765147,50.8718373
528,Noordhof,noordhof,neighbourhood,4.2865322,52.0363888
528,Schepersweijer,schepersweijer,hamlet,5.154859,51.3277906
528,Scherpbier,scherpbier,hamlet,3.5053052,51.3481667
528,Hoenderloo,hoenderloo,village,5.87625,52.1176966
528,Kollumer Verlaat,kollumer verlaat,locality,6.1275759,53.2734875
528,Hegelsom,hegelsom,village,6.0376734,51.4374301
528,Driemond,driemond,village,5.0165495,52.3054047
528,Russenduin,russenduin,locality,4.6428972,52.6654156
528,Megchelen,megchelen,village,6.3921648,51.8382457
528,Waspik,waspik,village,4.9460015,51.6874874
528,Horti Campus,horti campus,neighbourhood,4.2260749,51.9923107
528,It Heechsân,it heechsan,village,6.0711466,53.1853003
528,Denehoek,denehoek,neighbourhood,5.1706492,51.3661569
528,Blommepan,blommepan,locality,4.5487116,52.3570909
528,Bos van Verrassing,bos van verrassing,locality,4.5455697,52.3230259
528,Maasveld II,maasveld ii,hamlet,6.1374953,51.3481831
528,Maasveld I,maasveld i,hamlet,6.1295385,51.3435064
528,Schalkhaar,schalkhaar,village,6.1946117,52.2683185
528,Centrum,centrum,suburb,4.7752773,51.5890867
528,Chassé,chasse,neighbourhood,4.7807605,51.5840404
528,Fellenoord,fellenoord,neighbourhood,4.769759,51.5855021
528,Schorsmolen,schorsmolen,neighbourhood,4.7679515,51.5889267
528,Station,station,neighbourhood,4.7795781,51.5940056
528,Valkenberg,valkenberg,neighbourhood,4.7819599,51.5909681
528,Belcrum,belcrum,neighbourhood,4.7760571,51.5976222
528,Doornbos-Linie,doornbos-linie,neighbourhood,4.794932,51.5988232
528,Biesdonk,biesdonk,neighbourhood,4.7843259,51.6055885
528,Geeren-Noord,geeren-noord,neighbourhood,4.7969776,51.6106482
528,Geeren-Zuid,geeren-zuid,neighbourhood,4.7979997,51.6044328
528,Wisselaar,wisselaar,neighbourhood,4.7839114,51.6130953
528,Noord,noord,suburb,4.7817256,51.6027397
528,Waterdonken,waterdonken,neighbourhood,4.8044464,51.6093106
528,Krogten,krogten,neighbourhood,4.7719761,51.6069256
528,Knibbersen,knibbersen,hamlet,6.1438747,51.4034112
528,Steegsche Velden,steegsche velden,neighbourhood,5.3895181,51.5228333
528,Keur,keur,hamlet,5.4166275,51.6115951
528,Magrette,magrette,hamlet,3.890667,51.2902407
528,Spui,spui,village,3.878372,51.2982446
528,Stevenshofjespolder,stevenshofjespolder,locality,4.4397967,52.1476143
528,Ommedijkse Polder,ommedijkse polder,locality,4.4337486,52.1556065
528,Santfort,santfort,hamlet,6.1226842,51.4020757
528,Roeleveen,roeleveen,locality,4.4161398,52.0564028
528,Harnaschpolder,harnaschpolder,neighbourhood,4.3217836,52.0078
528,Hoornse Hof,hoornse hof,neighbourhood,4.3316152,52.0113968
528,Molenbuurt,molenbuurt,neighbourhood,4.3393892,52.0006009
528,Schoemakerplantage,schoemakerplantage,neighbourhood,4.3824649,52.0003414
528,Agnetapark,agnetapark,neighbourhood,4.3462173,52.016084
528,Emerald,emerald,neighbourhood,4.3917131,52.0046293
528,TU Noord,tu noord,neighbourhood,4.3689122,52.0065121
528,Oudveld,oudveld,hamlet,5.6093461,51.6077718
528,Oudenmolen,oudenmolen,hamlet,5.5626875,51.378496
528,Muggenberg,muggenberg,hamlet,5.559301,51.3806183
528,Hazenhurk,hazenhurk,hamlet,5.5700438,51.3690279
528,Valkenhorst,valkenhorst,hamlet,5.5020104,51.3521543
528,Maasoeverpark,maasoeverpark,locality,6.1509606,51.3613703
528,Groenewoud,groenewoud,hamlet,5.623593,51.5230446
528,Wellenseind,wellenseind,hamlet,5.1411559,51.4229089
528,Oostelbeers,oostelbeers,village,5.2687554,51.4726547
528,Berkhoek,berkhoek,hamlet,5.1512857,51.6013638
528,'t Hoekske,'t hoekske,hamlet,5.1342791,51.5927123
528,Kuzemerbalk,kuzemerbalk,hamlet,6.3106129,53.2142521
528,Sprangsevaart,sprangsevaart,hamlet,5.0557692,51.6617624
528,Kraanven,kraanven,hamlet,5.0439293,51.6305783
528,Duiksehoef,duiksehoef,hamlet,5.0441675,51.6392673
528,Blauwe Steen,blauwe steen,locality,4.459353,51.7943021
528,Moleneind,moleneind,hamlet,5.3435883,51.5061995
528,Stellendam,stellendam,village,4.0269198,51.8050289
528,Nieuw- en Sint Joosland,nieuw- en sint joosland,village,3.6568838,51.4819696
528,Hulst-Centrum,hulst-centrum,neighbourhood,4.0537457,51.2801362
528,Linie,linie,neighbourhood,4.0683116,51.2883324
528,Carmel,carmel,neighbourhood,4.0590784,51.2882286
528,Dullaert,dullaert,neighbourhood,4.0502058,51.2897899
528,Abdaalseweg,abdaalseweg,neighbourhood,4.0451112,51.2750929
528,Hogeweg,hogeweg,neighbourhood,4.0383833,51.2707213
528,Sint Jansteen,sint jansteen,village,4.0520276,51.2620302
528,Zoetevaart,zoetevaart,neighbourhood,4.0536192,51.2733822
528,Groote Kreek,groote kreek,neighbourhood,4.0692322,51.2752172
528,Rozeboom,rozeboom,neighbourhood,4.1066845,51.4339543
528,Oostpolder,oostpolder,neighbourhood,4.1218216,51.429238
528,Rilland - Kern,rilland - kern,neighbourhood,4.1823106,51.4167428
528,Rilland,rilland,village,4.1812417,51.4164747
528,Werfkampen,werfkampen,neighbourhood,4.1731879,51.4169972
528,Kruseveer,kruseveer,neighbourhood,4.0337272,51.4390047
528,Kruiningen - Kern,kruiningen - kern,neighbourhood,4.0360468,51.4479789
528,Zandweg,zandweg,neighbourhood,4.0284518,51.4495495
528,Hansweert - Kern,hansweert - kern,neighbourhood,4.0058033,51.4477267
528,Tramper,tramper,neighbourhood,4.0010958,51.4501
528,Burenpolder,burenpolder,neighbourhood,4.0511874,51.4975861
528,Steehof,steehof,neighbourhood,4.0409159,51.4998685
528,Yerseke West,yerseke west,neighbourhood,4.0404644,51.4864721
528,Randduin,randduin,neighbourhood,3.5446833,51.5739267
528,Duno,duno,neighbourhood,3.5513953,51.5780274
528,De Schoonenburger Heuvel,de schoonenburger heuvel,locality,4.7235239,51.8870482
528,Giersbergen,giersbergen,hamlet,5.1493686,51.6568858
528,Den Molenstraat,den molenstraat,hamlet,5.098768,51.6235761
528,Nieuw Heeten,nieuw heeten,village,6.3513327,52.3203327
528,Sommelsdijk-Centrum,sommelsdijk-centrum,neighbourhood,4.1526473,51.7595689
528,Bloemenbuurt,bloemenbuurt,neighbourhood,4.1482962,51.7557616
528,Bomenbuurt,bomenbuurt,neighbourhood,4.1671794,51.7549366
528,Prinsenkwartier,prinsenkwartier,neighbourhood,4.1714886,51.7563137
528,Nieuw-Zeeland,nieuw-zeeland,hamlet,4.1903175,51.7706083
528,Middelharnis-Centrum,middelharnis-centrum,neighbourhood,4.1623513,51.7579961
528,Planetenbuurt,planetenbuurt,neighbourhood,4.2087036,51.6940426
528,Centrum,centrum,neighbourhood,4.2129141,51.690114
528,Oude-Tonge haven,oude-tonge haven,neighbourhood,4.2089233,51.6824015
528,Handelskade,handelskade,locality,4.2117727,51.6873605
528,Prinsessenbuurt,prinsessenbuurt,neighbourhood,4.2140917,51.6934771
528,Grote Riethure,grote riethure,neighbourhood,4.4794308,51.7888031
528,Wijdeblik,wijdeblik,locality,4.284602,51.7096719
528,Rimburg,rimburg,village,6.0844052,50.9157315
528,Bokkenberg,bokkenberg,locality,4.5832761,52.4012268
528,Halve Bos,halve bos,locality,4.5865073,52.4111175
528,Heilige Land,heilige land,locality,4.581969,52.4085847
528,Helmberg,helmberg,locality,4.5839538,52.407243
528,Lange Vlak,lange vlak,locality,4.5727207,52.4067587
528,Lammetjeswei,lammetjeswei,locality,4.564835,52.4048147
528,Grote Markt,grote markt,locality,4.5714167,52.4111758
528,Kleine Tobbe,kleine tobbe,locality,4.5812222,52.4129784
528,Liguster,liguster,locality,4.5592173,52.4112114
528,Schelpengat,schelpengat,locality,4.5527908,52.4127035
528,Rietdel,rietdel,locality,4.5998531,52.4161512
528,Zeeveld,zeeveld,locality,4.5929869,52.4148073
528,Spinnekoppenvlak,spinnekoppenvlak,locality,4.5824535,52.4175164
528,Klein Olmen,klein olmen,locality,4.581326,52.4281659
528,Klein Doornen,klein doornen,locality,4.5892819,52.425761
528,Tussenvlak,tussenvlak,locality,4.596285,52.4244835
528,Bokkenvlak,bokkenvlak,locality,4.5990683,52.4273305
528,Grote Vlak,grote vlak,locality,4.6039541,52.4266512
528,Dronkendel,dronkendel,locality,4.6000929,52.4222476
528,Koekoeksbos,koekoeksbos,locality,4.5924125,52.4216748
528,Starrevlak,starrevlak,locality,4.6003552,52.431998
528,Noorderhoek,noorderhoek,locality,4.5994009,52.4387534
528,Lichtbakkeet,lichtbakkeet,locality,4.6036776,52.4405632
528,Arbeidsmigrantendorp Visvijverweg,arbeidsmigrantendorp visvijverweg,locality,5.6284873,52.5964715
528,De Top,de top,neighbourhood,5.6069919,52.6664015
528,Urkerhard,urkerhard,neighbourhood,5.6189897,52.6654833
528,Urkerland,urkerland,neighbourhood,5.6428137,52.6660728
528,Toppad,toppad,neighbourhood,5.6187586,52.6607413
528,De Reede,de reede,neighbourhood,5.6103795,52.6611825
528,Zwolsehoek,zwolsehoek,neighbourhood,5.6207564,52.6550747
528,Boswonen,boswonen,neighbourhood,5.7465,52.7280857
528,Waterwonen/Polderwonen,waterwonen polderwonen,neighbourhood,5.7382378,52.7269539
528,Waterland,waterland,neighbourhood,5.7590353,52.7273749
528,Espelervaart West,espelervaart west,neighbourhood,5.7267627,52.7127614
528,Rivierenbuurt,rivierenbuurt,neighbourhood,5.7367534,52.7137449
528,Bergenbuurt,bergenbuurt,neighbourhood,5.738888,52.7100672
528,Revelsant-Noord,revelsant-noord,neighbourhood,5.7339579,52.706766
528,Revelsant-Zuid,revelsant-zuid,neighbourhood,5.7387903,52.7042419
528,Tussen Gracht en Vaart,tussen gracht en vaart,neighbourhood,5.7566893,52.7085675
528,Bos en Gaard,bos en gaard,neighbourhood,5.7651873,52.7172592
528,Centrum Oost,centrum oost,neighbourhood,5.7583936,52.7171484
528,Centrum West,centrum west,neighbourhood,5.7485945,52.7163924
528,Zijlroede,zijlroede,neighbourhood,5.6881146,52.8472167
528,Frieslandpark,frieslandpark,neighbourhood,5.6921671,52.8547225
528,Noord,noord,neighbourhood,5.707959,52.8562816
528,West,west,neighbourhood,5.7059178,52.8482228
528,Rienplan,rienplan,neighbourhood,5.7172284,52.8460205
528,Houtwijk,houtwijk,neighbourhood,5.728538,52.5347625
528,de Oeverloperwijk,de oeverloperwijk,neighbourhood,5.7287691,52.5296639
528,de Munten,de munten,neighbourhood,5.7017156,52.5326405
528,de Gilden,de gilden,neighbourhood,5.6909292,52.5343585
528,de Drieslag,de drieslag,neighbourhood,5.6983663,52.5276625
528,Bungalowpark,bungalowpark,neighbourhood,5.7048757,52.5213061
528,de Landmaten,de landmaten,neighbourhood,5.6972667,52.5171164
528,de Manege,de manege,neighbourhood,5.7103573,52.5136204
528,de Kruidentuin,de kruidentuin,neighbourhood,5.7212375,52.5097998
528,de Lancaster,de lancaster,neighbourhood,5.7201802,52.5141942
528,de Landstreken,de landstreken,neighbourhood,5.7259549,52.5129079
528,de Fazant,de fazant,neighbourhood,5.7307539,52.5197317
528,Oud-Dronten,oud-dronten,neighbourhood,5.7228264,52.5227441
528,Centrum,centrum,neighbourhood,5.7151858,52.5260988
528,Tarpan,tarpan,neighbourhood,5.6538113,52.5705406
528,Spelbuurt,spelbuurt,neighbourhood,5.6464472,52.5666869
528,Bloemenbuurt,bloemenbuurt,neighbourhood,5.6417229,52.5628302
528,Oud-Swifterbant,oud-swifterbant,neighbourhood,5.6355867,52.5701545
528,Kampbuurt,kampbuurt,neighbourhood,5.6397894,52.5733112
528,Centrum,centrum,neighbourhood,5.6445698,52.5713113
528,Sommelsdijk,sommelsdijk,village,4.1510617,51.7589819
528,Oude-Tonge,oude-tonge,village,4.2124075,51.6906667
528,Schaijk,schaijk,village,5.6314653,51.746351
528,Oudedorp,oudedorp,hamlet,3.6592305,51.4730886
528,Oostkapelle,oostkapelle,village,3.5509041,51.5654515
528,Eeuwsels,eeuwsels,neighbourhood,5.666573,51.4988031
528,Annabuurt,annabuurt,neighbourhood,5.6617065,51.4737889
528,Oranjebuurt,oranjebuurt,neighbourhood,5.6455625,51.4805106
528,Zwanenbeemd,zwanenbeemd,neighbourhood,5.6447888,51.488453
528,Zaamslag,zaamslag,village,3.9132518,51.3121293
528,Hoeve,hoeve,hamlet,5.7348681,51.862731
528,Hippolytushoef,hippolytushoef,village,4.9608021,52.9057675
528,Doodstil,doodstil,hamlet,6.6739702,53.3910605
528,Luddeweer,luddeweer,hamlet,6.7397815,53.2531284
528,Eenum,eenum,village,6.7811006,53.3388053
528,Hanendorp,hanendorp,hamlet,5.9529228,52.3151004
528,Steenderen,steenderen,village,6.1875742,52.063858
528,Oudeschoot,oudeschoot,village,5.9560108,52.9334276
528,Ter Lune,ter lune,hamlet,6.1317234,53.2984014
528,Noordbroek,noordbroek,village,6.8736913,53.1925142
528,Genne,genne,hamlet,6.1175136,52.5597547
528,Gasteren,gasteren,village,6.664137,53.0365233
528,Stroobos,stroobos,village,6.212165,53.238162
528,Wordragen,wordragen,hamlet,5.2260482,51.7578637
528,Kerkeind,kerkeind,hamlet,5.2095369,51.5968878
528,Dijk,dijk,hamlet,5.5972287,51.5977973
528,Sambeek,sambeek,village,5.96575,51.6356881
528,Overloon,overloon,village,5.9469641,51.571117
528,Oostrum,oostrum,village,6.0184647,51.5291637
528,Rijpelberg,rijpelberg,hamlet,5.712096,51.4852906
528,Wieler,wieler,hamlet,6.0223141,51.240921
528,Zwanegat,zwanegat,hamlet,4.5159703,51.7874242
528,De Kapel,de kapel,hamlet,4.3362301,51.9504915
528,Achter Lindt,achter lindt,hamlet,4.5877963,51.8142795
528,Oijen,oijen,hamlet,6.0978333,51.3098211
528,Aandeschool,aandeschool,hamlet,5.9667178,51.0615534
528,Spaansehoek,spaansehoek,hamlet,5.0092378,51.5231933
528,Nunhem,nunhem,village,5.9625595,51.2448546
528,Lith,lith,village,5.4403237,51.8068343
528,Broek,broek,hamlet,5.5618378,51.5279733
528,Laag Zuthem,laag zuthem,village,6.1736547,52.4589958
528,Heide,heide,hamlet,5.8705941,51.067471
528,Hoonhorst,hoonhorst,village,6.2283462,52.4863049
528,Karreveld,karreveld,hamlet,5.8936166,51.2909909
528,Molenpolder,molenpolder,hamlet,5.0841173,52.1475011
528,Heerle,heerle,village,4.3620451,51.5187982
528,Elshof,elshof,village,6.1997091,52.3936966
528,Boterwijk,boterwijk,hamlet,5.2917629,51.5097967
528,Blenkert,blenkert,hamlet,5.8982978,51.2685034
528,Kijkuit,kijkuit,hamlet,4.2564985,51.5396596
528,Dieden,dieden,village,5.608405,51.82026
528,De Horck,de horck,hamlet,5.8750577,51.2381923
528,Ewijk,ewijk,hamlet,5.7712696,51.7591128
528,Bronkhorst,bronkhorst,village,6.1790949,52.0761073
528,Hoekdries,hoekdries,hamlet,5.3361076,51.3951744
528,Galder,galder,village,4.774972,51.5126083
528,Fijnaart,fijnaart,village,4.4673134,51.6352829
528,Elsenerbroek,elsenerbroek,hamlet,6.5868433,52.2611129
528,Boskamp,boskamp,village,6.1299104,52.3309909
528,Schellinkhout,schellinkhout,village,5.1222228,52.6343702
528,Kattenbosch,kattenbosch,hamlet,5.1438178,51.3655033
528,Molenschot,molenschot,village,4.8822295,51.5734292
528,Haarle,haarle,village,6.3805672,52.3591748
528,Notendaal,notendaal,hamlet,4.2473707,51.5875614
528,Achterste Brug,achterste brug,hamlet,5.4291278,51.2796934
528,Vilsteren,vilsteren,village,6.3523257,52.5105988
528,Leeuwerik,leeuwerik,hamlet,6.0439299,51.3504296
528,Koekoek,koekoek,hamlet,6.0765678,51.6504633
528,Echterbosch,echterbosch,hamlet,5.9759155,51.0736465
528,Kameren,kameren,hamlet,5.4411478,51.6633733
528,Eindje,eindje,hamlet,5.6699956,51.4409215
528,Landgoed Baest,landgoed baest,hamlet,5.2565278,51.4877633
528,Sint Willebrord,sint willebrord,village,4.5907863,51.5510331
528,Rijen,rijen,town,4.9194511,51.5879873
528,Strikberg,strikberg,hamlet,4.7732143,51.622999
528,Stolwijk,stolwijk,village,4.7747778,51.9728033
528,Gever,gever,hamlet,5.2246237,51.5931037
528,Kremselen,kremselen,hamlet,5.4248278,51.5568433
528,Groot Loo,groot loo,hamlet,5.1094663,51.4864593
528,De Skâns-Oostmahorn,de skans-oostmahorn,village,6.1603,53.3795284
528,Boveneind,boveneind,hamlet,5.5135078,51.8173133
528,Schaft,schaft,village,5.4613278,51.2989234
528,Groene Woud,groene woud,hamlet,5.2724667,51.501668
528,Bus,bus,hamlet,5.590928,51.6995697
528,Schotsheuvel,schotsheuvel,hamlet,5.4511495,51.7287954
528,Hooge Mierde,hooge mierde,village,5.128439,51.3871703
528,Croy,croy,hamlet,5.6264457,51.4996987
528,Toterfout,toterfout,hamlet,5.3511794,51.4175132
528,Kloostereind,kloostereind,hamlet,5.7018229,51.4535249
528,De Heen,de heen,village,4.2715386,51.6083697
528,Huisseling,huisseling,village,5.6409122,51.7877239
528,Tommel,tommel,hamlet,4.926756,51.4332569
528,Kade,kade,hamlet,4.4857637,51.630334
528,Snepseind,snepseind,hamlet,5.3414335,51.524274
528,Nieuw Bergen,nieuw bergen,village,6.0531478,51.6049733
528,Gaal,gaal,hamlet,5.6534807,51.7451184
528,Donk,donk,hamlet,6.0591278,51.3133234
528,Vogelfort,vogelfort,hamlet,3.9830018,51.3382802
528,Niekerk,niekerk,village,6.3293112,53.3421735
528,Hooge Wijst,hooge wijst,hamlet,5.5422392,51.7230763
528,Aan de Popelaar,aan de popelaar,hamlet,5.9277578,51.0490234
528,Straten,straten,hamlet,5.3431778,51.5112233
528,De Kapel,de kapel,hamlet,5.4284577,51.2982076
528,Vuchtschoot,vuchtschoot,hamlet,4.7063878,51.5602833
528,Kinkhoven,kinkhoven,hamlet,5.9767374,51.257966
528,Spaanshuisken,spaanshuisken,hamlet,5.9571782,51.0360287
528,Aanwas,aanwas,hamlet,4.313947,51.3931609
528,Botlek,botlek,locality,4.2618477,51.8757624
528,Vondelingenplaat,vondelingenplaat,locality,4.3541157,51.8869152
528,Knooppunt Ridderkerk-Noord,knooppunt ridderkerk-noord,locality,4.570837,51.8746105
528,Knooppunt Ridderkerk-Zuid,knooppunt ridderkerk-zuid,locality,4.5984505,51.8564812
528,Heemtuin,heemtuin,locality,4.3177759,51.9113926
528,Ypelo,ypelo,hamlet,6.5919183,52.3232636
528,Noordstraat,noordstraat,hamlet,4.0091866,51.3885595
528,De Moerputten,de moerputten,neighbourhood,5.2467473,51.6934816
528,Kaapbruggen,kaapbruggen,locality,6.1795111,52.6965203
528,West aan Zee,west aan zee,hamlet,5.2599377,53.3990482
528,Dommelen,dommelen,village,5.4299741,51.3564742
528,Bergentheim,bergentheim,village,6.6173647,52.527161
528,watervlak,watervlak,locality,4.502973,52.3089233
528,Van Limburg Stirumvallei,van limburg stirumvallei,locality,4.4909699,52.3083925
528,Donderhoek,donderhoek,locality,4.5567191,52.3388925
528,Helleneind,helleneind,hamlet,5.2084137,51.3721575
528,De Zweth,de zweth,hamlet,4.3939366,51.962949
528,Cranendonck,cranendonck,hamlet,5.5887741,51.3040507
528,Soerendonk,soerendonk,village,5.5726245,51.3029105
528,Zevenhuizen,zevenhuizen,hamlet,4.4146069,51.6484761
528,Dinxperlo,dinxperlo,village,6.4879872,51.863757
528,Villapark Eikelenburgh,villapark eikelenburgh,neighbourhood,4.3021157,52.0286487
528,Markenbinnen,markenbinnen,village,4.780555,52.5301833
528,Keent,keent,hamlet,5.6915732,51.7725374
528,Deursen-Dennenburg,deursen-dennenburg,village,5.6263705,51.8026587
528,Den Dolder,den dolder,village,5.2391461,52.1413382
528,Daarlerveen,daarlerveen,village,6.5779479,52.4421243
528,Lierop,lierop,village,5.6813387,51.4193964
528,Berkeindje,berkeindje,hamlet,5.6774769,51.4132165
528,Moorsel,moorsel,hamlet,5.6540981,51.4151471
528,Heieind,heieind,hamlet,5.6703935,51.4176699
528,Boomen,boomen,hamlet,5.69306,51.418614
528,Driehoek,driehoek,locality,5.4060882,52.4519968
528,Voortje,voortje,hamlet,5.6334564,51.4246761
528,Heerenduinen,heerenduinen,locality,4.6182704,52.4497588
528,De Blink,de blink,locality,4.5759988,52.4254802
528,Vlierberg,vlierberg,locality,4.5711279,52.4288429
528,De Grote Pan,de grote pan,locality,4.5682955,52.4258597
528,De Wieringen,de wieringen,locality,4.5704841,52.4304391
528,Koebocht,koebocht,locality,4.5775866,52.4206779
528,Manage,manage,locality,4.5881009,52.4155085
528,Grote Tobbe,grote tobbe,locality,4.5779085,52.4151421
528,Bruid van Haarlem,bruid van haarlem,locality,4.5676732,52.4183746
528,De Oude Schoen,de oude schoen,locality,4.5641327,52.421463
528,Lattendel,lattendel,locality,4.5566225,52.4199974
528,Starredel,starredel,locality,4.5562362,52.4182176
528,Langerak,langerak,locality,4.5579099,52.4173538
528,Kaasvlak,kaasvlak,locality,4.5686602,52.4028771
528,De Grote Schapenkamp,de grote schapenkamp,locality,4.5658922,52.4084013
528,De Pijp,de pijp,locality,4.5713639,52.4090427
528,Gaaienbos,gaaienbos,locality,4.6015334,52.4095794
528,Eendenkop,eendenkop,locality,4.601748,52.4124328
528,Manus tuintje,manus tuintje,locality,4.6089148,52.4323492
528,De Vallei,de vallei,locality,4.6164036,52.4317474
528,Nova Zembla,nova zembla,locality,4.6220469,52.4323099
528,Kattevlak,kattevlak,locality,4.6150517,52.4370194
528,Haverland,haverland,locality,4.6152341,52.4379744
528,In den Argus,in den argus,locality,4.6132654,52.438406
528,De Sparrenberg,de sparrenberg,locality,4.6223259,52.4513281
528,Klein Duinlust,klein duinlust,locality,4.6160173,52.4512758
528,Groot Duinlust,groot duinlust,locality,4.6108675,52.4509619
528,Vossendel,vossendel,locality,4.6152878,52.4430626
528,Lage Bos,lage bos,locality,4.6131205,52.4352273
528,Vuilniskop,vuilniskop,locality,4.6168971,52.4351357
528,Hessendel,hessendel,locality,4.6037006,52.4432457
528,Fazantenbos,fazantenbos,locality,4.6105242,52.4359991
528,Bultenvlak,bultenvlak,locality,4.6006751,52.4367317
528,Slinger,slinger,locality,4.5977568,52.4336705
528,Huttenvlak,huttenvlak,locality,4.5863628,52.4431803
528,Doornenbosch,doornenbosch,locality,4.5814919,52.4455999
528,Gijzenveld,gijzenveld,locality,4.5985079,52.4451029
528,Luizenpan,luizenpan,locality,4.5930147,52.4401588
528,Aardbeienvlak,aardbeienvlak,locality,4.5888412,52.4380463
528,Olmenberg,olmenberg,locality,4.5881653,52.4360972
528,Zuidervlak,zuidervlak,locality,4.5679146,52.4345961
528,Wouwenkop,wouwenkop,locality,4.5749044,52.4378174
528,Scheidingsberg,scheidingsberg,locality,4.5706343,52.4392432
528,Noordervlak,noordervlak,locality,4.5724368,52.4433242
528,Noordreep,noordreep,locality,4.5651197,52.4411791
528,Middenreep,middenreep,locality,4.5631671,52.435659
528,Zuidreep,zuidreep,locality,4.5616221,52.4326631
528,Peperedel,peperedel,locality,4.5596158,52.4256438
528,Bissen,bissen,hamlet,5.9030549,50.7883085
528,Hurpesch,hurpesch,hamlet,5.9219856,50.7855415
528,Jonge Veenen,jonge veenen,neighbourhood,4.5840618,52.0473465
528,Schippersgat,schippersgat,locality,4.837108,52.161627
528,Knooppunt Benelux,knooppunt benelux,locality,4.3866036,51.8731694
528,Knooppunt Kleinpolderplein,knooppunt kleinpolderplein,locality,4.4388529,51.9312464
528,Egmond-Binnen,egmond-binnen,village,4.6554268,52.5973714
528,Heelsum,heelsum,village,5.7553761,51.983203
528,Bunschoten-Spakenburg,bunschoten-spakenburg,town,5.3731599,52.2452013
528,Fantasierijk,fantasierijk,locality,5.0490838,51.6495375
528,Vrouwenakker,vrouwenakker,village,4.78508,52.2273782
528,Oosterwijk,oosterwijk,hamlet,5.0781602,51.8775043
528,Katwijk,katwijk,village,5.8727711,51.7506431
528,Heumen,heumen,village,5.8442265,51.7653817
528,Molenhoek,molenhoek,village,5.8716117,51.7662937
528,Meers,meers,village,5.7413473,50.9628931
528,Hoogkarspel,hoogkarspel,village,5.176575,52.6944295
528,Heerde,heerde,town,6.0393181,52.3896323
528,Pey,pey,village,5.8856115,51.0998655
528,Asenray,asenray,village,6.0475797,51.1945877
528,Budschop,budschop,village,5.7588263,51.2858719
528,Oud Bergen,oud bergen,village,6.0325546,51.5999449
528,Hoogewaard,hoogewaard,hamlet,4.9521915,51.9547068
528,Posterenk,posterenk,village,6.1165036,52.2131674
528,Emmaberg,emmaberg,hamlet,5.8456982,50.8738401
528,Udenhout,udenhout,village,5.1409062,51.6119112
528,Groenlanden,groenlanden,hamlet,5.909716,51.8705682
528,Vink,vink,neighbourhood,6.0597445,50.8854083
528,Oirlosche Peel,oirlosche peel,neighbourhood,5.9160039,51.4571284
528,Hoogdonk,hoogdonk,hamlet,5.8108644,51.4309297
528,Vreekwijk,vreekwijk,hamlet,5.8021792,51.4452374
528,Loon,loon,hamlet,5.8171816,51.4209112
528,Kaweide,kaweide,hamlet,5.7665972,51.4905295
528,Overschot,overschot,hamlet,5.7483328,51.4988717
528,Rootvlaas,rootvlaas,hamlet,5.7269603,51.4982468
528,Schutsboom,schutsboom,hamlet,5.7719279,51.5024145
528,Bakelsebrug,bakelsebrug,hamlet,5.7167963,51.4928209
528,Almere Pampus,almere pampus,suburb,5.1433564,52.3776195
528,Katwijk-Noord,katwijk-noord,suburb,4.4192123,52.2070931
528,Katwijk aan Zee,katwijk aan zee,suburb,4.3965975,52.2048978
528,Katwijk aan den Rijn,katwijk aan den rijn,suburb,4.424403,52.1934975
528,Noordwijk aan Zee,noordwijk aan zee,suburb,4.4344787,52.2484451
528,Noordwijk-Binnen,noordwijk-binnen,suburb,4.4459861,52.2336445
528,Oxe,oxe,hamlet,6.2488915,52.2346761
528,Zoeterwoude-Rijndijk,zoeterwoude-rijndijk,village,4.5272777,52.1411655
528,Kamperhoek,kamperhoek,neighbourhood,5.6098184,52.6557616
528,Lemsterhoek,lemsterhoek,neighbourhood,5.6057817,52.6592769
528,Polderwijk,polderwijk,neighbourhood,5.6321782,52.6601563
528,Natuurwijk,natuurwijk,neighbourhood,5.6268075,52.6598146
528,De Sluis,de sluis,hamlet,4.1077715,51.6406637
528,Kivietsbraak,kivietsbraak,hamlet,5.7144917,51.5256673
528,Donk,donk,hamlet,5.8832878,51.3334849
528,De Bulders,de bulders,neighbourhood,5.566707,51.3758473
528,Bilderdam,bilderdam,hamlet,4.7232376,52.2124512
528,Zoeterwoude-Dorp,zoeterwoude-dorp,village,4.4965278,52.1214008
528,Rijtse Vennen,rijtse vennen,neighbourhood,5.7699403,51.4618094
528,Kollumer Aldsyl,kollumer aldsyl,hamlet,6.1465,53.302888
528,Kamp Dennenlust,kamp dennenlust,locality,5.6422824,51.4104824
528,Leusden-Zuid,leusden-zuid,suburb,5.40801,52.1192237
528,Polsbroekerdam,polsbroekerdam,hamlet,4.903149,51.9952732
528,Uitweg,uitweg,hamlet,5.0127864,51.9828907
528,Meije,meije,hamlet,4.7927775,52.122791
528,Kanis,kanis,village,4.8929589,52.1250694
528,Gerverscop,gerverscop,hamlet,4.9542589,52.1175164
528,Teckop,teckop,hamlet,4.9237094,52.1337718
528,Heesselt,heesselt,village,5.3466168,51.8136638
528,Neerijnen,neerijnen,village,5.2793902,51.8312888
528,Nederhemert,nederhemert,village,5.1652605,51.7645631
528,Kerkwijk,kerkwijk,village,5.2187988,51.7745473
528,Luyksgestel,luyksgestel,village,5.3212714,51.288718
528,Lathum,lathum,village,6.0195839,51.9868128
528,Giesbeek,giesbeek,village,6.0703053,51.9969828
528,Herveld,herveld,village,5.7406415,51.9060926
528,Beek,beek,village,5.9246178,51.828871
528,Niftrik,niftrik,village,5.6700822,51.7964966
528,Beinum,beinum,suburb,6.1280142,52.0027804
528,Bant,bant,village,5.7491417,52.7683402
528,Kûkherne,kukherne,hamlet,6.0195723,53.2409881
528,Haart,haart,hamlet,6.6457242,51.92834
528,Bredevoort,bredevoort,village,6.6181276,51.943829
528,Varsselder,varsselder,village,6.3598534,51.8882512
528,Stokkum,stokkum,village,6.2214782,51.8790298
528,Nulland,nulland,neighbourhood,6.0675582,50.8577733
528,Ugchelen,ugchelen,village,5.934748,52.1845117
528,Broek,broek,hamlet,6.0451394,51.2955239
528,Geverik,geverik,village,5.7864395,50.9284523
528,Noord Deurningen,noord deurningen,village,7.0256613,52.3974532
528,Zalk,zalk,village,6.0103115,52.5202983
528,Wilsum,wilsum,village,5.9630497,52.5295934
528,Ane,ane,village,6.6516811,52.6139362
528,Marle,marle,hamlet,6.1282036,52.4070113
528,Wijhe,wijhe,village,6.136018,52.3841425
528,Sint Jansklooster,sint jansklooster,village,6.0056582,52.6787864
528,Wichmond,wichmond,village,6.2598585,52.0895792
528,Wezup,wezup,village,6.7203525,52.8114311
528,Kruisweg,kruisweg,hamlet,4.5458258,52.044336
528,Luttelgeest,luttelgeest,village,5.8540037,52.746133
528,Espel,espel,village,5.6438935,52.7234688
528,Emmeloord,emmeloord,town,5.7466367,52.7087448
528,Dronten,dronten,town,5.7160381,52.5236608
528,Creil,creil,village,5.6588593,52.7633704
528,Wateren,wateren,hamlet,6.2889409,52.9061348
528,Uffelte,uffelte,village,6.2815178,52.7908929
528,Havelterberg,havelterberg,village,6.1828249,52.7738389
528,Diever,diever,village,6.3182659,52.8546576
528,Hijken,hijken,village,6.4984931,52.8952284
528,Zandberg,zandberg,hamlet,7.0258044,52.9190324
528,Drouwenerveen,drouwenerveen,village,6.8540928,52.9672194
528,Eeserveen,eeserveen,hamlet,6.7649855,52.8676386
528,Schoonloo,schoonloo,village,6.7016543,52.9053531
528,Zeijerveen,zeijerveen,locality,6.5201636,53.0131434
528,Sandebuur,sandebuur,hamlet,6.4568247,53.1719039
528,Bellingwolde,bellingwolde,village,7.1659885,53.1180114
528,Bronsbergen,bronsbergen,hamlet,6.2002557,52.119608
528,Waterhuizen,waterhuizen,hamlet,6.6515537,53.1867806
528,Ten Post,ten post,village,6.7290836,53.2972128
528,Sint Annen,sint annen,village,6.6652567,53.2979462
528,Klein Wetsinge,klein wetsinge,hamlet,6.5308588,53.3004197
528,Groot Wetsinge,groot wetsinge,hamlet,6.5293605,53.3040788
528,Leens,leens,village,6.3775996,53.3599254
528,Briltil,briltil,village,6.3899161,53.2421545
528,Bakkerom,bakkerom,hamlet,6.3238272,53.2024525
528,Oostwold,oostwold,village,6.4413862,53.2023502
528,Tolbert,tolbert,village,6.3635404,53.1734473
528,Faan,faan,hamlet,6.3747129,53.2330606
528,Yndyk,yndyk,hamlet,5.706873,53.0965466
528,Zurich,zurich,village,5.3929759,53.1117662
528,Ypecolsga,ypecolsga,hamlet,5.6078023,52.9343563
528,Workum,workum,village,5.4464091,52.9778491
528,Wiuwert,wiuwert,village,5.6901356,53.1095953
528,Stavoren,stavoren,village,5.3602125,52.8832689
528,Sandfirden,sandfirden,village,5.521582,52.9882933
528,Pingjum,pingjum,village,5.4396201,53.1158635
528,Piaam,piaam,village,5.4073998,53.038279
528,Oosthem,oosthem,village,5.6008572,53.016266
528,Nijland,nijland,village,5.5758194,53.0510398
528,Hindeloopen,hindeloopen,village,5.4004822,52.9426184
528,Gauw,gauw,village,5.7133382,53.0583118
528,Gaast,gaast,village,5.409187,53.0159495
528,Ferwoude,ferwoude,village,5.4319231,53.00583
528,Eemswoude,eemswoude,hamlet,5.518275,53.0455468
528,Dearsum,dearsum,village,5.7151566,53.0871938
528,Burgwerd,burgwerd,village,5.5469571,53.0870238
528,Vegelinsoord,vegelinsoord,village,5.8635115,52.9990282
528,Terkaple,terkaple,village,5.7867007,53.0116511
528,Snikzwaag,snikzwaag,village,5.7891438,52.9841201
528,Sloten,sloten,village,5.6453953,52.8949914
528,Sintjohannesga,sintjohannesga,village,5.8570432,52.9322843
528,Commissiepolle,commissiepolle,hamlet,5.7936686,52.86806
528,Echten,echten,village,5.7982225,52.8735064
528,Doniaga,doniaga,hamlet,5.747605,52.9066021
528,Peperga,peperga,village,6.0513225,52.8487295
528,Nijetrijne,nijetrijne,hamlet,5.914812,52.8444482
528,Nijeholtwolde,nijeholtwolde,hamlet,5.9844997,52.8941225
528,Zandhuizen,zandhuizen,village,6.1529275,52.9108132
528,Oldeholtpade,oldeholtpade,village,6.0459205,52.8925942
528,Langelille,langelille,village,5.8451206,52.8421221
528,Wier,wier,village,5.623312,53.2519408
528,Schalsum,schalsum,village,5.5732979,53.1980815
528,Pietersbierum,pietersbierum,village,5.4761042,53.2158082
528,Peins,peins,village,5.5947073,53.2056454
528,Menaam,menaam,village,5.6613293,53.2158709
528,Herbaijum,herbaijum,village,5.4953442,53.184756
528,Firdgum,firdgum,village,5.5601452,53.2493672
528,Dongjum,dongjum,village,5.5439842,53.2087591
528,Boer,boer,village,5.5648948,53.2150951
528,Bitgum,bitgum,village,5.6881129,53.2367299
528,Baaium,baaium,village,5.6323275,53.1644953
528,Sint-Annaparochie,sint-annaparochie,village,5.654757,53.2763942
528,Achlum,achlum,village,5.4844248,53.1482976
528,Leons,leons,village,5.6788215,53.1517956
528,Bears,bears,village,5.7342183,53.1572168
528,Jorwert,jorwert,village,5.7128126,53.1452203
528,Easterlittens,easterlittens,village,5.6498676,53.1354319
528,Alde Leie,alde leie,village,5.7282988,53.2883983
528,Feinsum,feinsum,village,5.757088,53.278516
528,Stiens,stiens,town,5.7642074,53.2607534
528,Formerum,formerum,village,5.3055954,53.3891799
528,Feanwâldsterwâl,feanwaldsterwal,village,5.9772876,53.2288456
528,Hallum,hallum,village,5.7854458,53.305006
528,Ginnum,ginnum,village,5.8744908,53.3225187
528,Blije,blije,village,5.8616022,53.3520089
528,Wetsens,wetsens,village,6.0333021,53.3474442
528,Hiaure,hiaure,village,5.9727643,53.3475252
528,Boarnwert,boarnwert,village,5.9575931,53.3331904
528,Oud-Heinenoordsche Polder,oud-heinenoordsche polder,locality,4.4769507,51.819848
528,Oud-Korendijksche Polder,oud-korendijksche polder,locality,4.2829447,51.7824349
528,Polder het Oudeland van Maasdam en Puttershoek,polder het oudeland van maasdam en puttershoek,locality,4.5483825,51.8002411
528,Korendijksche Polder,korendijksche polder,locality,4.3030653,51.7776348
528,Polder Oud Bonaventura,polder oud bonaventura,locality,4.5536732,51.7674045
528,Polder De Laagjes,polder de laagjes,locality,4.4807258,51.8269802
528,West-Zomerlandsche Polder,west-zomerlandsche polder,locality,4.5002954,51.8227058
528,Oud-Piershilsche Polder,oud-piershilsche polder,locality,4.3269994,51.7917864
528,Westmaas Nieuwlandsche Polder,westmaas nieuwlandsche polder,locality,4.4578381,51.8006158
528,Oud-Beijerlandsche Polder,oud-beijerlandsche polder,locality,4.4092847,51.7994779
528,Oost-Zomerlandsche Polder,oost-zomerlandsche polder,locality,4.5341316,51.817861
528,Polder van Nieuw Piershil en Nieuw Beijerland,polder van nieuw piershil en nieuw beijerland,locality,4.3666842,51.8005877
528,Polder Nieuw Bonaventura,polder nieuw bonaventura,locality,4.5936504,51.7693929
528,Polder Het Land van Essche,polder het land van essche,locality,4.5543481,51.726706
528,Nieuw Cromstrijensche Polder,nieuw cromstrijensche polder,locality,4.4623938,51.7640725
528,Mookhoekpolder,mookhoekpolder,locality,4.6077192,51.75061
528,Trekdamsche Polder,trekdamsche polder,locality,4.6176855,51.7643875
528,Klein Piershilsche Polder,klein piershilsche polder,locality,4.3227415,51.8062688
528,Molen- en Noordpolder,molen- en noordpolder,locality,4.2867974,51.799421
528,Klein-Cromstrijensche Polder,klein-cromstrijensche polder,locality,4.4212844,51.7673467
528,Klein Zuid-Beijerlandsche Polder,klein zuid-beijerlandsche polder,locality,4.3903227,51.7717875
528,Nieuwlandsche Poler,nieuwlandsche poler,locality,4.5870986,51.7987001
528,Bossche Polder,bossche polder,locality,4.4384423,51.8261845
528,Groot Cromstrijensche Polder,groot cromstrijensche polder,locality,4.4578418,51.7506549
528,Kooilandsche Polder,kooilandsche polder,locality,4.5904259,51.7384793
528,Oostpolder,oostpolder,locality,4.3033284,51.7952076
528,Numanspolder,numanspolder,locality,4.4612776,51.7360432
528,Augsbuert-Lytsewâld,augsbuert-lytsewald,hamlet,6.1637038,53.2664442
528,Dingstede,dingstede,locality,6.1433492,52.6772829
528,Willige Langerak,willige langerak,hamlet,4.8829356,51.9426584
528,Oudheusden,oudheusden,village,5.1365157,51.7251483
528,Heesbeen,heesbeen,village,5.1189188,51.7300657
528,Heusden,heusden,village,5.1380079,51.7338806
528,Deelen,deelen,hamlet,5.8927328,52.0659639
528,Doesburger Buurt,doesburger buurt,hamlet,5.6403351,52.061512
528,Rhenen,rhenen,town,5.5722196,51.9608761
528,Dooleggen,dooleggen,neighbourhood,5.6882684,51.6012829
528,Arendnest,arendnest,hamlet,5.694803,51.5954352
528,De Aa,de aa,hamlet,5.6513385,51.5951244
528,Molenwijk,molenwijk,hamlet,5.6712445,51.6177427
528,Peelsehuis,peelsehuis,hamlet,5.6708497,51.6247075
528,Zijp,zijp,hamlet,5.705258,51.6085867
528,De Run,de run,neighbourhood,5.6796535,51.596079
528,Manderveen,manderveen,village,6.7777973,52.445821
528,Langeveen,langeveen,village,6.712333,52.4698445
528,Bruinehaar,bruinehaar,hamlet,6.7043665,52.4691697
528,Lievelde,lievelde,village,6.5938105,52.0110244
528,Brinkmanshoek,brinkmanshoek,hamlet,6.4804986,52.092938
528,Zelhem,zelhem,village,6.3500598,52.0068482
528,Sevenum,sevenum,village,6.0370021,51.4123504
528,Raamsdonksveer,raamsdonksveer,village,4.8745894,51.6961345
528,Wagenberg,wagenberg,village,4.7473229,51.6659781
528,Terheijden,terheijden,village,4.7525569,51.6429923
528,Prinsenbeek,prinsenbeek,village,4.718556,51.6003459
528,Attelaken,attelaken,hamlet,4.6695294,51.5876156
528,Het Zand,het zand,hamlet,4.7612714,51.6380018
528,Vaartkant,vaartkant,hamlet,4.6623947,51.5749246
528,Laag-Caestert,laag-caestert,hamlet,5.6996566,50.7707722
528,Oldeberkoop,oldeberkoop,village,6.1301707,52.9384572
528,Homeruskwartier,homeruskwartier,neighbourhood,5.1537172,52.3582883
528,Vogelhorst,vogelhorst,neighbourhood,5.3022275,52.3404621
528,Kollum,kollum,town,6.148734,53.279805
528,Sint Andries,sint andries,hamlet,3.9815138,51.2375471
528,Ecodorp Boekel,ecodorp boekel,neighbourhood,5.6817704,51.5953397
528,Heilaar,heilaar,neighbourhood,4.7387575,51.5854262
528,Neerkant,neerkant,village,5.8653853,51.3695791
528,Ewinkel,ewinkel,hamlet,5.8588252,51.7341006
528,Merselo,merselo,village,5.9280298,51.5283333
528,Heukelom,heukelom,hamlet,6.0274554,51.6232409
528,De Schans,de schans,hamlet,6.2748891,53.3015923
528,Noorderplassen,noorderplassen,neighbourhood,5.1780517,52.3915715
528,Munnekezijl,munnekezijl,village,6.2717691,53.3036082
528,Horzak,horzak,neighbourhood,5.5300957,51.7766359
528,Hulsel,hulsel,village,5.1813,51.3887719
528,Eikenheuvel,eikenheuvel,hamlet,5.6131931,51.6424164
528,Almere,almere,city,5.2185859,52.3705038
528,Tonsel,tonsel,hamlet,5.6267744,52.3230739
528,Het Palet,het palet,neighbourhood,5.6846923,52.5344285
528,ENCI-bos,enci-bos,locality,5.6770578,50.8229503
528,Columbuskwartier,columbuskwartier,neighbourhood,5.143593,52.3530273
528,Olympiakwartier,olympiakwartier,neighbourhood,5.1508966,52.3418372
528,Europakwartier,europakwartier,neighbourhood,5.1544038,52.3463937
528,De Gouwen,de gouwen,neighbourhood,5.2116696,52.3458684
528,De Steiger,de steiger,neighbourhood,5.2239821,52.3513266
528,De Marken,de marken,neighbourhood,5.2293137,52.3458372
528,De Grienden,de grienden,neighbourhood,5.2396258,52.3400104
528,De Meenten,de meenten,neighbourhood,5.2329634,52.3340335
528,De Werven,de werven,neighbourhood,5.2225098,52.338526
528,De Hoven,de hoven,neighbourhood,5.2158152,52.3402212
528,De Wierden,de wierden,neighbourhood,5.2058285,52.339822
528,De Velden,de velden,neighbourhood,5.1924094,52.3399429
528,Maaslandse Dam,maaslandse dam,neighbourhood,4.2808542,51.950564
528,Veessen,veessen,village,6.0889784,52.3772494
528,Loveren,loveren,hamlet,5.4115391,51.3378468
528,Het Broek,het broek,hamlet,5.5970594,51.45089
528,Goor,goor,hamlet,5.6402248,51.4545721
528,Overakker,overakker,hamlet,5.6252033,51.4342063
528,Winkelstraat,winkelstraat,hamlet,5.6545206,51.4367036
528,Gebergte,gebergte,hamlet,5.6645898,51.4330446
528,Heiderschoor,heiderschoor,hamlet,5.5838993,51.4503454
528,Vaarle,vaarle,hamlet,5.5763918,51.4561361
528,Kranenbroek,kranenbroek,hamlet,5.5977224,51.4611353
528,Stipdonk,stipdonk,hamlet,5.6861573,51.444436
528,Hersel,hersel,hamlet,5.6708062,51.4371586
528,Achterbroek,achterbroek,hamlet,5.6874139,51.4305062
528,Oeijenbraak,oeijenbraak,hamlet,5.6668756,51.4225896
528,Vaarsche Hoef,vaarsche hoef,hamlet,5.6792874,51.4073215
528,Otterdijk,otterdijk,hamlet,5.691888,51.4123003
528,Vlerken,vlerken,hamlet,5.6976473,51.4070498
528,Galgenberg,galgenberg,locality,6.1855617,51.35839
528,Haven Brette Hoanne,haven brette hoanne,locality,5.7480774,52.8732692
528,Vooruit II,vooruit ii,neighbourhood,4.2862773,52.0730953
528,Oentsjerk,oentsjerk,village,5.8971597,53.2515259
528,Avalon,avalon,locality,5.9847465,51.3998551
528,Ithaka,ithaka,locality,5.9835353,51.3969496
528,Land van Toos,land van toos,locality,5.9865814,51.3964115
528,Wunderwald,wunderwald,locality,5.985831,51.3974112
528,Port Laguna,port laguna,locality,5.9827045,51.3979625
528,Klein Delfgauw,klein delfgauw,hamlet,4.3900188,52.0183222
528,De Landtong,de landtong,locality,5.2535643,51.6501155
528,Oosterens,oosterens,hamlet,5.6722758,51.6398495
528,Reusel-Zuid,reusel-zuid,neighbourhood,5.1637359,51.3579795
528,Reusel-Noord,reusel-noord,neighbourhood,5.1622323,51.3660112
528,Diermen,diermen,hamlet,5.5004597,52.2448849
528,Bijsteren,bijsteren,neighbourhood,5.5798277,52.2584919
528,Hoef,hoef,hamlet,5.5513988,52.2526966
528,Huinerwal,huinerwal,hamlet,5.5937694,52.24075
528,Huinerbroek,huinerbroek,hamlet,5.5827136,52.2394708
528,Horst,horst,hamlet,5.5861361,52.3086959
528,Holk,holk,hamlet,5.4505619,52.2220094
528,Halvinkhuizen,halvinkhuizen,hamlet,5.589395,52.2485569
528,Landwaard,landwaard,neighbourhood,4.4466374,52.1972069
528,Weideveld,weideveld,neighbourhood,4.7630602,52.0759438
528,Markelosebroek,markelosebroek,hamlet,6.4458484,52.2365931
528,Oerle-Zuid,oerle-zuid,neighbourhood,5.3687283,51.4190897
528,Bosackers,bosackers,neighbourhood,5.3773831,51.41337
528,Schootackers,schootackers,neighbourhood,5.3849338,51.407082
528,Huysackers,huysackers,neighbourhood,5.3742291,51.4085355
528,Lochtenburg,lochtenburg,hamlet,4.6197427,51.6842762
528,Rietbuurt,rietbuurt,neighbourhood,5.5431067,53.1796683
528,Lanenbuurt,lanenbuurt,neighbourhood,5.5484263,53.1801919
528,Alvestêdewyk,alvestedewyk,neighbourhood,5.5461868,53.1797859
528,Componistenbuurt,componistenbuurt,neighbourhood,4.337088,51.9952799
528,Vrijheidsbuurt,vrijheidsbuurt,neighbourhood,4.3468701,51.9893133
528,Pijperring,pijperring,neighbourhood,4.3481326,51.9921282
528,Juniusbuurt,juniusbuurt,neighbourhood,4.34633,51.9981094
528,Het Rode Dorp,het rode dorp,neighbourhood,4.347178,51.994195
528,Hollanderwijk,hollanderwijk,neighbourhood,5.7921555,53.1948271
528,Aldlân-West,aldlan-west,neighbourhood,5.8079187,53.1856762
528,Aldlân-Oost,aldlan-oost,neighbourhood,5.8275078,53.1889317
528,Stationskwartier,stationskwartier,neighbourhood,5.7923215,53.1973337
528,Binnenstad,binnenstad,neighbourhood,5.7960089,53.2023829
528,Huizum Dorp,huizum dorp,neighbourhood,5.8108541,53.1923994
528,Schieringen,schieringen,neighbourhood,5.8225389,53.2060105
528,Schilkampen,schilkampen,neighbourhood,5.8270003,53.202777
528,De Centrale,de centrale,neighbourhood,5.8209875,53.2017603
528,Klapwijk,klapwijk,neighbourhood,4.445868,52.0143445
528,Tolhek,tolhek,neighbourhood,4.4521297,52.0052519
528,Keijzershof,keijzershof,neighbourhood,4.4419947,52.0034796
528,Koningshof,koningshof,neighbourhood,4.4385492,52.0102742
528,De Boezem,de boezem,neighbourhood,4.4437766,52.0290761
528,Pijnacker Noord,pijnacker noord,neighbourhood,4.4301295,52.024399
528,Ackerswoude,ackerswoude,neighbourhood,4.4425106,52.021108
528,Oud Delfgauw,oud delfgauw,neighbourhood,4.3935657,52.0099389
528,Oldegalileën,oldegalileen,neighbourhood,5.8015806,53.2090087
528,Bloemenbuurt,bloemenbuurt,neighbourhood,5.8071315,53.2112456
528,Heechterp,heechterp,neighbourhood,5.8187908,53.2109583
528,Zeeheldenbuurt,zeeheldenbuurt,neighbourhood,5.8066731,53.2036047
528,Indische buurt,indische buurt,neighbourhood,5.8139192,53.203711
528,Welgelegen,welgelegen,neighbourhood,5.8135803,53.2014393
528,Molenpad,molenpad,neighbourhood,5.8062535,53.201014
528,Bloemvelden,bloemvelden,neighbourhood,5.6762973,51.4914143
528,Binderen,binderen,neighbourhood,5.6619755,51.4902023
528,Beisterveld,beisterveld,neighbourhood,5.6765081,51.4809181
528,Straakven,straakven,neighbourhood,5.6810409,51.4827339
528,Beisterveldse Broek,beisterveldse broek,neighbourhood,5.6835184,51.4762718
528,Vossenberg,vossenberg,neighbourhood,5.6676512,51.479641
528,Heipoort,heipoort,neighbourhood,5.6637546,51.4835181
528,Schooten,schooten,locality,5.6218649,51.4757554
528,De Groene Loper,de groene loper,neighbourhood,5.6481197,51.4933481
528,Kruisschot,kruisschot,hamlet,5.6028475,51.4959977
528,Geeneind,geeneind,hamlet,5.6062941,51.4909974
528,Kruisschot,kruisschot,hamlet,5.6857772,51.4874548
528,Overbrug,overbrug,hamlet,5.6454532,51.4966082
528,Gijzenrooi,gijzenrooi,hamlet,5.5282932,51.4100354
528,Spekt,spekt,hamlet,5.5372143,51.4947627
528,Nieuwe Dijk,nieuwe dijk,hamlet,5.547166,51.5035324
528,Rullen,rullen,hamlet,5.5581271,51.4966141
528,Mosbulten,mosbulten,hamlet,5.526649,51.527699
528,Olen,olen,hamlet,5.5417956,51.5185808
528,Coll,coll,hamlet,5.5404764,51.4460961
528,Hooidonk,hooidonk,hamlet,5.5125745,51.4998727
528,Heerendonk,heerendonk,hamlet,5.5222279,51.4996198
528,Slieven,slieven,hamlet,5.7024418,51.3978755
528,Speelheuvel,speelheuvel,hamlet,5.7057547,51.3883875
528,Kleine Hoeven,kleine hoeven,hamlet,5.6966884,51.3866287
528,Someren-Eind,someren-eind,village,5.7340559,51.3571605
528,Sluis 13,sluis 13,hamlet,5.74451,51.3310849
528,Heikant,heikant,hamlet,5.6900355,51.3755355
528,De Hoef,de hoef,hamlet,5.6937452,51.3811992
528,Vaarsel,vaarsel,hamlet,5.6775848,51.3863235
528,Groote Hoeven,groote hoeven,hamlet,5.7059535,51.3746488
528,Vlas,vlas,hamlet,5.7136438,51.3703605
528,De Hutten,de hutten,hamlet,5.6998347,51.3213548
528,Broekkant,broekkant,hamlet,5.6506086,51.4290994
528,Zomerven,zomerven,hamlet,5.6642541,51.3808479
528,Delftechpark,delftechpark,neighbourhood,4.3847666,51.9972415
528,Havankpark,havankpark,neighbourhood,5.8059812,53.2195862
528,Cambuursterhoek,cambuursterhoek,neighbourhood,5.8138782,53.2075329
528,Tjerk Hiddes,tjerk hiddes,neighbourhood,5.8073993,53.2066336
528,Harlingervaartbuurt,harlingervaartbuurt,neighbourhood,5.7804368,53.1984073
528,Schrijversbuurt,schrijversbuurt,neighbourhood,5.7742068,53.2040523
528,Vosseparkwijk,vosseparkwijk,neighbourhood,5.7807084,53.2018969
528,Vogelwijk,vogelwijk,neighbourhood,5.7832891,53.2061816
528,Componistenbuurt,componistenbuurt,neighbourhood,5.7809952,53.2087485
528,Bonifatiusbuurt,bonifatiusbuurt,neighbourhood,5.7860962,53.2100772
528,Transvaalwijk,transvaalwijk,neighbourhood,5.7909029,53.2063533
528,Valeriuskwartier,valeriuskwartier,neighbourhood,5.776196,53.2087033
528,Magere Weide,magere weide,neighbourhood,5.7779014,53.2140719
528,De Zwette VI,de zwette vi,neighbourhood,5.7504194,53.1942846
528,De Zwette V,de zwette v,neighbourhood,5.7565466,53.1877562
528,Energiecampus,energiecampus,neighbourhood,5.7579542,53.1999116
528,De Zwette IV,de zwette iv,neighbourhood,5.7633077,53.2027104
528,De Zwette III,de zwette iii,neighbourhood,5.7615872,53.1954781
528,De Zwette II,de zwette ii,neighbourhood,5.7671108,53.1901434
528,De Zwette I,de zwette i,neighbourhood,5.772885,53.1961953
528,Swolgen,swolgen,village,6.1167314,51.4923242
528,Wiarda,wiarda,neighbourhood,5.8207241,53.1747822
528,Sveaparken,sveaparken,neighbourhood,4.3838037,51.9454414
528,Windas,windas,hamlet,4.387616,51.9377685
528,Kerkbuurt,kerkbuurt,hamlet,4.3872824,51.9434224
528,Zuidbuurt,zuidbuurt,hamlet,4.2875762,51.9162995
528,Teerns,teerns,hamlet,5.8342786,53.1804552
528,Hempens,hempens,village,5.8389852,53.1785864
528,Jabikswoude,jabikswoude,neighbourhood,5.7969471,53.1736108
528,Techum,techum,neighbourhood,5.7971432,53.1675677
528,De Hem,de hem,neighbourhood,5.810258,53.1739183
528,Unia,unia,neighbourhood,5.8078368,53.1642689
528,De Klamp,de klamp,neighbourhood,5.8055463,53.169469
528,Amons Vlakte,amons vlakte,neighbourhood,4.3403758,52.1035951
528,Landgoed den Bramel,landgoed den bramel,locality,6.3106531,52.1233879
528,De Werp,de werp,neighbourhood,5.792695,53.1626137
528,Vertobuurt,vertobuurt,neighbourhood,4.2548257,51.9249984
528,Bomendal,bomendal,neighbourhood,4.253,51.9297415
528,Het Balkon,het balkon,neighbourhood,4.2366903,51.9232744
528,Buitenhof,buitenhof,neighbourhood,5.5283828,52.5138471
528,Orisant,orisant,locality,3.8332004,51.605024
528,Cadzand,cadzand,village,3.4089972,51.3685463
528,Skoatterwâld,skoatterwald,neighbourhood,5.9518162,52.9552348
528,De Akkers,de akkers,neighbourhood,5.9395382,52.9440319
528,Ten Woude,ten woude,neighbourhood,5.9403986,52.9479554
528,Halsteren,halsteren,village,4.2729507,51.5230234
528,'t Zandt,'t zandt,village,6.7741,53.3659206
528,Loveren,loveren,hamlet,4.9174439,51.4443311
528,Zandberg,zandberg,neighbourhood,4.78118,51.57716
528,Tuinzigt,tuinzigt,neighbourhood,4.755,51.586944
528,Winkel,winkel,hamlet,5.5804567,51.296935
528,De Plantage,de plantage,neighbourhood,5.293939,51.8690191
528,Leidsche Rijn,leidsche rijn,suburb,5.0591515,52.0899833
528,Schiebroek,schiebroek,suburb,4.469536,51.9604832
528,Hillegersberg,hillegersberg,suburb,4.4928642,51.9549095
528,Luitert,luitert,hamlet,4.6579232,51.4886714
528,Everlo,everlo,hamlet,5.9644904,51.3335967
528,Stedum,stedum,village,6.6932005,53.3226462
528,2e Exloërmond,2e exloermond,village,6.9331992,52.9078223
528,Melissant,melissant,village,4.0666838,51.7701194
528,Puttershoek,puttershoek,village,4.5681144,51.8051942
528,Bomen- en Plantenbuurt,bomen- en plantenbuurt,neighbourhood,4.5630184,51.8058405
528,Keunenhoek,keunenhoek,hamlet,5.5852274,51.2855712
528,Landgoed de driesprong,landgoed de driesprong,locality,6.4075559,52.0048437
528,Ouderkerk aan den IJssel,ouderkerk aan den ijssel,village,4.6358147,51.9344514
528,Haaksbergen,haaksbergen,town,6.740239,52.1564581
528,Vogelaarshoek,vogelaarshoek,locality,4.5506969,51.8174356
528,Nieuwe Statenzijl,nieuwe statenzijl,hamlet,7.2072022,53.2304706
528,Langenberg,langenberg,locality,5.700495,52.0399786
528,Zuiderbos,zuiderbos,locality,5.7000589,52.0324557
528,Boddegat,boddegat,locality,5.697974,52.0343242
528,Maanderbos,maanderbos,locality,5.6986222,52.0266582
528,Het Paradijs,het paradijs,locality,5.6887962,52.0315387
528,Zandbos,zandbos,locality,5.6859954,52.030553
528,Noorderbos,noorderbos,locality,5.6832886,52.033137
528,Scheutershof,scheutershof,locality,5.6870989,52.026985
528,Hertenbos,hertenbos,locality,5.7143361,52.0244774
528,Doornbos,doornbos,locality,5.7078742,52.0252015
528,Bennekomse bos,bennekomse bos,locality,5.7103991,52.0270973
528,Plantage,plantage,locality,5.7123321,52.0309774
528,Kamp,kamp,locality,5.7040014,52.0298752
528,Voorheen 't Gemeente bosch,voorheen 't gemeente bosch,locality,5.7365712,52.0187618
528,Geulpark,geulpark,locality,5.8422471,50.858956
528,Kleine Geldersche Waard,kleine geldersche waard,locality,6.0869815,51.9004764
528,Eendenpoelsche Buitenpolder,eendenpoelsche buitenpolder,locality,6.0698712,51.9005045
528,Sieradenbuurt,sieradenbuurt,neighbourhood,5.3065494,52.4094797
528,De Laren,de laren,neighbourhood,5.2004032,52.3431625
528,Gooisekant,gooisekant,locality,5.18528,52.3496399
528,Hollandsekant,hollandsekant,locality,5.1761206,52.3638109
528,Markerkant,markerkant,locality,5.2156694,52.38578
528,Randstad,randstad,locality,5.2260721,52.3780424
528,Veluwsekant,veluwsekant,locality,5.2547631,52.3580652
528,Sallandsekant,sallandsekant,locality,5.2725915,52.3668434
528,Twentsekant,twentsekant,locality,5.2866658,52.3660127
528,Overgooi,overgooi,neighbourhood,5.2532396,52.3298778
528,Stichtsekant,stichtsekant,locality,5.3162842,52.3163655
528,Landgoed Zelle,landgoed zelle,locality,6.3815116,52.0675041
528,Formerhoek,formerhoek,locality,6.408604,52.0839819
528,Landgoed Baaksche Kamp,landgoed baaksche kamp,locality,6.3986885,52.0220851
528,Kiss & Ride,kiss ride,locality,5.0421269,51.6533249
528,Besseldersbos,besseldersbos,locality,6.3970986,51.9898878
528,Ossenwaard,ossenwaard,locality,6.1223423,51.8775216
528,Kralingse Veer,kralingse veer,neighbourhood,4.5539673,51.9134332
528,Pannerdensche Kop,pannerdensche kop,locality,6.0382462,51.8737296
528,Edese Bos - West,edese bos - west,locality,5.6711125,52.0611721
528,Edese Bos - Oost,edese bos - oost,locality,5.6894933,52.0537946
528,Westerrode,westerrode,locality,5.7190018,52.0739863
528,Roekelse Bos,roekelse bos,locality,5.7472554,52.0840834
528,De Zanding,de zanding,locality,5.7845786,52.0961135
528,Vlinderdas (Noord Ginkel),vlinderdas,locality,5.7275592,52.0477278
528,Velp,velp,town,5.9751252,51.9958671
528,IJsselkop,ijsselkop,locality,5.9515468,51.9513724
528,De Ginkel,de ginkel,hamlet,5.7309669,52.046873
528,Kleine Meers,kleine meers,hamlet,5.7467506,50.9646432
528,Wijngaardsberg,wijngaardsberg,locality,5.7721312,50.8949945
528,Maastricht-Airport,maastricht-airport,locality,5.7848359,50.9211603
528,Benzenrade,benzenrade,hamlet,5.9785067,50.8632746
528,Leeuwenkuil,leeuwenkuil,locality,5.7875597,51.9967504
528,Buunderkampse Singel,buunderkampse singel,locality,5.7515481,52.0200624
528,Mechelse kuil,mechelse kuil,locality,5.7543695,52.0340315
528,Rooie Berend,rooie berend,locality,5.7522512,52.0344732
528,Klein Ginkel,klein ginkel,locality,5.7355091,52.0378627
528,Zuiderplantsoen,zuiderplantsoen,locality,5.7326441,52.0377731
528,Noorderplantsoen,noorderplantsoen,locality,5.7298884,52.038321
528,Konijnenbosch,konijnenbosch,locality,5.7313448,52.0413245
528,Het Eikenbosch,het eikenbosch,locality,5.7384281,52.042085
528,Groot Ginkel,groot ginkel,locality,5.730313,52.0430169
528,Hindekamp,hindekamp,locality,5.7300352,52.045744
528,De Drap,de drap,locality,5.7276073,52.0434662
528,Laars,laars,locality,5.7365575,52.0437699
528,De Brede Wal,de brede wal,locality,5.7336976,52.0451746
528,Boschzicht,boschzicht,locality,5.7285743,52.0464021
528,Kreelse Veen,kreelse veen,locality,5.7219903,52.048433
528,Kleine Kreel,kleine kreel,locality,5.7246857,52.0477877
528,De Tuut,de tuut,locality,5.7244799,52.0516596
528,De Hennekamp,de hennekamp,locality,5.73184,52.0529866
528,De Eng,de eng,locality,5.733456,52.0516946
528,Heibloem,heibloem,locality,5.7371909,52.0458452
528,Hindekamp,hindekamp,locality,5.7448266,52.0494069
528,Mosselsche Bergen,mosselsche bergen,locality,5.775634,52.0576706
528,Nieuw Reemsterveld,nieuw reemsterveld,locality,5.7840536,52.0526704
528,Nieuw Reemst,nieuw reemst,locality,5.7736595,52.0458209
528,Oude Schaapskooi,oude schaapskooi,locality,5.7741233,52.0382413
528,Puthei,puthei,locality,5.788254,52.0394544
528,Oud Reemsterhei,oud reemsterhei,locality,5.8036145,52.0389237
528,Zwijnenbos,zwijnenbos,locality,5.7964936,52.0345181
528,Domineesteek,domineesteek,locality,5.7866853,52.0357238
528,Fijnsparrenbos,fijnsparrenbos,locality,5.7817367,52.0284656
528,Dennenkamp,dennenkamp,locality,5.7830381,52.0306358
528,Ginkelse Zand,ginkelse zand,locality,5.7598618,52.0298547
528,Wildse Bos - Kooibos,wildse bos - kooibos,locality,5.7742026,52.0317524
528,Gerritsen Bosje,gerritsen bosje,locality,5.7633124,52.0343017
528,De Gruppen,de gruppen,locality,5.7631069,52.0364927
528,De Kleine Hei,de kleine hei,locality,5.7573194,52.0363663
528,Eikenstein,eikenstein,locality,5.768826,52.0364506
528,Het Oude Bosch,het oude bosch,locality,5.7671104,52.0336725
528,Kooienbosch,kooienbosch,locality,5.7692598,52.0255653
528,Vrijstad,vrijstad,locality,5.7639571,52.0406848
528,Zandbosch,zandbosch,locality,5.7498296,52.0403988
528,Russische bos,russische bos,locality,5.757596,52.0204669
528,Oorsprong,oorsprong,locality,5.7437625,52.0277769
528,Siberië,siberie,locality,5.7582627,52.0254531
528,Mosselsche Dennen,mosselsche dennen,locality,5.782183,52.0628822
528,Mosselsche Legerveld,mosselsche legerveld,locality,5.7625191,52.0623309
528,Mosselsche staart,mosselsche staart,locality,5.7509029,52.0619987
528,Kreel,kreel,locality,5.7170346,52.0481704
528,Oud Reemsterzand,oud reemsterzand,locality,5.8191955,52.0705522
528,Jeneverbessenbosch,jeneverbessenbosch,locality,5.8056217,52.0866777
528,Lage Veld,lage veld,locality,5.7820783,52.0735217
528,Straal,straal,locality,5.765911,52.0670381
528,Kroatenpas,kroatenpas,locality,5.8340379,52.0562083
528,Kompagniesberg,kompagniesberg,locality,5.8300428,52.0634781
528,Pampelsche Zand,pampelsche zand,locality,5.8140769,52.0825542
528,Oordberg,oordberg,locality,5.829993,52.080702
528,De Pollen,de pollen,locality,5.8284487,52.0790335
528,Eschoterbos,eschoterbos,locality,5.741113,52.0909603
528,Peppelenburg,peppelenburg,locality,5.7478974,52.0860029
528,Prinsenkamp,prinsenkamp,locality,5.7601021,52.0848788
528,Otterlose Buurtbos Zuid,otterlose buurtbos zuid,locality,5.7709448,52.082143
528,Mosselsche bergen,mosselsche bergen,locality,5.7614946,52.0794256
528,Biezenpol,biezenpol,locality,5.8083501,52.0213468
528,Vredepol,vredepol,locality,5.8484157,52.051819
528,Valenberg,valenberg,locality,5.7503074,52.0707841
528,Wolfsbergen,wolfsbergen,locality,5.743599,52.0775848
528,Roekel,roekel,hamlet,5.7340447,52.0970648
528,Roekelse Enk,roekelse enk,locality,5.7435455,52.0806264
528,Groessche Weide,groessche weide,locality,6.0381529,51.9398797
528,Rosandse Polder,rosandse polder,locality,6.0717193,51.9131571
528,Geitenwaardsche Polder,geitenwaardsche polder,locality,6.0782783,51.882373
528,'s-Gravenwaard,'s-gravenwaard,locality,6.1040764,51.8643817
528,Tengnagelwaard,tengnagelwaard,locality,6.1423801,51.8548388
528,Geuzenwaard,geuzenwaard,locality,6.1148386,51.8568573
528,Vliegerswaard,vliegerswaard,locality,6.0661876,51.8748272
528,Kandia,kandia,locality,6.0021558,51.9154121
528,Drie Dorpen Polder,drie dorpen polder,locality,6.0674179,51.8900246
528,Oudbroeken,oudbroeken,locality,6.0427622,51.9538171
528,Jonge Houw,jonge houw,locality,5.6842377,52.0593922
528,van Raay's Houw,van raay's houw,locality,5.6867144,52.0611658
528,Ypersche Hoeven,ypersche hoeven,locality,5.6814067,52.0667498
528,Oude Hoeven,oude hoeven,locality,5.6838974,52.0660409
528,De Boom,de boom,locality,5.6868955,52.0661827
528,Slangenheggen,slangenheggen,locality,5.6892706,52.0639343
528,De Roode Pallen,de roode pallen,locality,5.7043258,52.0726063
528,Eder Buurt,eder buurt,locality,5.7108458,52.0746797
528,Vorkink,vorkink,locality,5.7208651,52.0867797
528,Zandheg,zandheg,locality,5.7248427,52.0854306
528,De Looyen,de looyen,locality,5.7200478,52.0844586
528,Hammerkuilen,hammerkuilen,locality,5.7208387,52.0825296
528,Hertenberg,hertenberg,locality,5.7156484,52.0799323
528,Reeënbosch,reeenbosch,locality,5.725312,52.0759953
528,Lettersche berg,lettersche berg,locality,5.7204831,52.0688657
528,Nieuwe Broeken,nieuwe broeken,locality,6.0833246,51.9513957
528,Oortslagen,oortslagen,locality,6.0703001,51.9654717
528,Lathumsche Veld,lathumsche veld,locality,6.0164979,51.9810207
528,Koppenwaard,koppenwaard,locality,6.0178427,51.99304
528,Lathumsche Hoek,lathumsche hoek,locality,6.0302635,51.9872234
528,Riverparc,riverparc,locality,6.0450983,51.9916732
528,Het Looveld,het looveld,locality,5.9837862,51.9369357
528,Roswaard,roswaard,locality,6.0089088,51.8989345
528,IJsseloordsche Polder,ijsseloordsche polder,locality,5.9616348,51.9725132
528,IJsseldijkerwaard,ijsseldijkerwaard,locality,5.9727606,51.9702329
528,Grote Brandhouw,grote brandhouw,locality,5.6906007,52.0597916
528,Brandhouw,brandhouw,locality,5.6913788,52.0614415
528,Hoge Kattenbos,hoge kattenbos,locality,5.6917121,52.0567838
528,Eikenkattenbos,eikenkattenbos,locality,5.6874482,52.0582791
528,Wolvenval,wolvenval,locality,5.6899485,52.0567655
528,Ronde Wal,ronde wal,locality,5.6872438,52.0519774
528,Hertegat,hertegat,locality,5.6883407,52.0553549
528,Hakenhouw,hakenhouw,locality,5.683699,52.0546953
528,Kermesje,kermesje,locality,5.6823407,52.057238
528,Stafs Houw,stafs houw,locality,5.6836743,52.0623719
528,Boswachtershouw,boswachtershouw,locality,5.6947181,52.0490981
528,De Geer,de geer,locality,5.6952343,52.0547616
528,De Timp,de timp,locality,5.689298,52.0518184
528,Vergaderberg,vergaderberg,locality,5.6915789,52.0541735
528,Harrelpadse bos,harrelpadse bos,locality,5.6809719,52.0542199
528,Kreelse Bos,kreelse bos,locality,5.6895019,52.0480443
528,Klein Netje,klein netje,locality,5.6887915,52.0495049
528,Noorderhouw,noorderhouw,locality,5.6907619,52.0480015
528,Kerkenhouw,kerkenhouw,locality,5.6841892,52.0495613
528,Eikelakker,eikelakker,locality,5.6822126,52.0481045
528,Mosselse Bos,mosselse bos,locality,5.6912041,52.0507393
528,Rentmeestershouw,rentmeestershouw,locality,5.6884118,52.0513525
528,Hondenest,hondenest,locality,5.6866092,52.0469076
528,Schoutenbos,schoutenbos,locality,5.6852114,52.047997
528,Uilenbos,uilenbos,locality,5.7028202,52.0309879
528,De Kuilen,de kuilen,locality,5.6934482,52.0347667
528,Zeventien meter,zeventien meter,locality,5.6945197,52.0281837
528,Wildwal,wildwal,locality,5.6806165,52.0318235
528,Torteldennen,torteldennen,locality,5.6845592,52.034089
528,Den Hommel,den hommel,locality,5.6742214,52.050714
528,Buurtbosch,buurtbosch,locality,5.6931615,52.0442448
528,Kattenwegje,kattenwegje,locality,5.6913334,52.0456443
528,Drieberg,drieberg,locality,5.7038313,52.0452194
528,Doornberg,doornberg,locality,5.7011903,52.0219806
528,Doornbos,doornbos,locality,5.7068949,52.022027
528,Hutstral,hutstral,locality,5.7066987,52.0299294
528,De Punt,de punt,locality,5.7153614,52.0286387
528,Lombok,lombok,locality,5.7127354,52.0295487
528,"Landgoed ""de Elsbeek""",landgoed de elsbeek,locality,6.9443839,52.249077
528,Blekhouw,blekhouw,locality,5.6760636,52.057198
528,Lodel,lodel,locality,5.6739168,52.0588146
528,Brunos Bos,brunos bos,locality,5.6783792,52.0595116
528,Tweede Stompekamp,tweede stompekamp,locality,5.6646874,52.0564084
528,Preekstoel,preekstoel,locality,5.6647521,52.0580162
528,Lunterse bosje,lunterse bosje,locality,5.6697571,52.0578704
528,Gravenbosje,gravenbosje,locality,5.6731386,52.0549216
528,Pannenhuus,pannenhuus,locality,5.6496773,52.0563943
528,Zwarte Schuur,zwarte schuur,locality,5.654398,52.0531966
528,De Eng,de eng,locality,5.6583664,52.0544569
528,Kennemerveldjes,kennemerveldjes,locality,5.6579815,52.0569152
528,Franse Dennebosje,franse dennebosje,locality,5.6602694,52.0599031
528,Roosendaalse boschje,roosendaalse boschje,locality,5.6548547,52.0601399
528,Nazareth,nazareth,locality,5.6596059,52.0619426
528,Kostershouw,kostershouw,locality,5.6809345,52.0685124
528,Lage Houw,lage houw,locality,5.67473,52.0670844
528,Hunnenberg,hunnenberg,locality,5.6686681,52.0657789
528,Het Loo,het loo,locality,5.6717196,52.0644226
528,Varkenshouw,varkenshouw,locality,5.6759052,52.0625465
528,Kouseband,kouseband,locality,5.6782351,52.0647141
528,De Geer,de geer,locality,5.6940831,52.010922
528,Callenberg,callenberg,locality,5.6863685,52.0111762
528,Buitenberg,buitenberg,locality,5.7018915,52.0162247
528,Bergakker,bergakker,locality,5.6712209,52.0140991
528,Breukereng,breukereng,locality,5.6761387,52.0139604
528,Noordereng,noordereng,locality,5.6760448,52.0185581
528,Rekencamer,rekencamer,locality,5.6899348,52.0149077
528,Wassenaarskamp,wassenaarskamp,locality,5.6868941,52.0176455
528,Boomberg,boomberg,locality,5.7006996,52.0208683
528,Renkumse beek (vm landgoed),renkumse beek,locality,5.7497845,52.0182458
528,Den Bivanck,den bivanck,locality,5.6899536,52.0094085
528,Driehoek,driehoek,locality,5.7303122,52.0045334
528,Moftbos,moftbos,locality,5.7147602,52.0164146
528,Den Nijen Brandt,den nijen brandt,locality,5.7141829,52.0119057
528,Olden Brandt,olden brandt,locality,5.7104779,52.0037394
528,Franse Kamp,franse kamp,locality,5.7061747,52.0069699
528,Grietjes Kamp,grietjes kamp,locality,5.7013466,52.0112726
528,Bennekomse Heide,bennekomse heide,locality,5.6992475,52.0088435
528,Hullenberg,hullenberg,locality,5.6934633,52.0026811
528,Vlasheg,vlasheg,locality,5.6951367,52.0054572
528,Weyenberg,weyenberg,locality,5.6865518,52.0057497
528,De Brand,de brand,locality,5.1093087,51.6271944
528,Bemelerberg,bemelerberg,locality,5.765454,50.8507377
528,Krekelberg,krekelberg,locality,5.7708148,50.8479197
528,Schiepersberg,schiepersberg,locality,5.7860097,50.827836
528,Stommeveld,stommeveld,locality,5.7615195,50.9214186
528,Nobelhorst,nobelhorst,neighbourhood,5.2845033,52.3580516
528,Meerssenhoven,meerssenhoven,neighbourhood,5.723069,50.8843675
528,Dousberg,dousberg,locality,5.6450054,50.8553159
528,Sint Pieter,sint pieter,neighbourhood,5.6936373,50.8316335
528,Triangel,triangel,neighbourhood,4.6423282,52.0298701
528,Vijverbroek,vijverbroek,locality,5.8343885,51.1597882
528,Groenenberg,groenenberg,locality,5.8404643,51.1581728
528,Kleine Hegge,kleine hegge,locality,5.8399924,51.1565578
528,Grote Hegge,grote hegge,locality,5.8462125,51.1582534
528,Lindeveld,lindeveld,locality,5.8382369,51.1690504
528,Meersveld,meersveld,locality,5.8557077,51.1607315
528,Haegenbroek,haegenbroek,locality,5.8576597,51.1710278
528,Santforterveld,santforterveld,locality,5.8414427,51.1808623
528,Schieversberg,schieversberg,locality,5.7589196,50.9204121
528,Armenbosch,armenbosch,locality,5.7498676,50.9140081
528,Horst,horst,locality,5.769555,50.932112
528,Geullerbosch,geullerbosch,locality,5.7396352,50.9085756
528,Kruisberg,kruisberg,locality,5.7455126,50.8998925
528,Kruisberg,kruisberg,locality,5.7529423,50.8962833
528,Laar,laar,neighbourhood,5.8992211,50.9138289
528,Schuureik,schuureik,neighbourhood,5.909012,50.9182304
528,Landgraaf,landgraaf,neighbourhood,5.8301904,50.9856538
528,Geleen-Zuid,geleen-zuid,neighbourhood,5.8298344,50.9557328
528,Kluis,kluis,neighbourhood,5.8310866,50.9628189
528,Oud-Geleen,oud-geleen,neighbourhood,5.8418354,50.9710194
528,Kollenberg,kollenberg,neighbourhood,5.8745419,50.9891102
528,Park Leyenbroek,park leyenbroek,neighbourhood,5.8662155,50.9925722
528,Lahrhof,lahrhof,neighbourhood,5.8902986,50.9951279
528,Stammenderveld,stammenderveld,locality,5.8640515,50.9504506
528,Putherberg,putherberg,locality,5.8798822,50.9501882
528,Danikerberg,danikerberg,locality,5.8506311,50.9585505
528,Geusseltpark,geusseltpark,locality,5.7197368,50.8581181
528,Klein-Kuttingen,klein-kuttingen,hamlet,5.9208948,50.7515708
528,Gracht Burggraaf,gracht burggraaf,hamlet,5.8913713,50.8207532
528,Op de Bies,op de bies,hamlet,5.8292167,50.9144173
528,Kruis,kruis,hamlet,5.8159643,50.9066289
528,Haagsittardpark,haagsittardpark,locality,5.8957544,50.9942845
528,Droenen,droenen,locality,5.8041422,50.9311788
528,Heuvel,heuvel,locality,5.7796713,50.9391589
528,Heisterbrug,heisterbrug,hamlet,5.8738133,50.9437084
528,Heunsberg,heunsberg,locality,5.8314197,50.8588481
528,Krekelberg,krekelberg,locality,5.8952168,50.941134
528,Aan de Rijksweg,aan de rijksweg,hamlet,5.9662591,51.1683981
528,Baakhoven,baakhoven,hamlet,5.8264776,51.0686542
528,Hingen,hingen,village,5.8973954,51.1043647
528,Eikske,eikske,neighbourhood,6.0149704,50.8798233
528,Leenhof,leenhof,neighbourhood,6.0087477,50.8937836
528,Lichtenberg,lichtenberg,neighbourhood,6.0210483,50.9020545
528,Lauradorp,lauradorp,neighbourhood,6.04538,50.9127808
528,Waubach,waubach,neighbourhood,6.0533703,50.9150959
528,Nieuwenhagerheide,nieuwenhagerheide,neighbourhood,6.027481,50.9106468
528,Herkenbosch,herkenbosch,village,6.0660056,51.1548896
528,Eicksberg,eicksberg,locality,6.1234743,51.2720017
528,Zevenwegen,zevenwegen,locality,5.9520303,50.767908
528,Kerkeveld,kerkeveld,neighbourhood,6.000614,50.8182678
528,Ten Esschen,ten esschen,hamlet,5.9346529,50.8996828
528,Nieuw-Lekkerland,nieuw-lekkerland,village,4.677194,51.8863044
528,Nieuw-Terbregge,nieuw-terbregge,neighbourhood,4.5196648,51.9511944
528,Terbregge,terbregge,neighbourhood,4.5193966,51.9556356
528,110-Morgen,110-morgen,neighbourhood,4.4915279,51.9625285
528,Delfshaven,delfshaven,suburb,4.4483726,51.9081039
528,Schiemond,schiemond,neighbourhood,4.4432556,51.9034569
528,Lloydkwartier,lloydkwartier,neighbourhood,4.4610836,51.9047635
528,Park 16Hoven,park 16hoven,neighbourhood,4.4544294,51.9460695
528,Landzicht,landzicht,neighbourhood,4.43021,51.9454386
528,Charlois,charlois,suburb,4.4778129,51.8835701
528,Witte Dorp,witte dorp,neighbourhood,4.4253839,51.9149941
528,Schieveense polder,schieveense polder,locality,4.427631,51.9637726
528,IJsselmonde,ijsselmonde,suburb,4.5423012,51.8867438
528,Pascalkwartier,pascalkwartier,neighbourhood,4.5287521,51.8700244
528,Homerusbuurt,homerusbuurt,neighbourhood,4.5286339,51.8757467
528,Zenobuurt,zenobuurt,neighbourhood,4.5245728,51.8795649
528,Smeetsland,smeetsland,neighbourhood,4.5193423,51.8808849
528,Karl Marxbuurt,karl marxbuurt,neighbourhood,4.5152331,51.8788437
528,Molièrebuurt,molierebuurt,neighbourhood,4.5203149,51.8735563
528,Kreekhuizen,kreekhuizen,neighbourhood,4.534143,51.8843027
528,Groenenhagen-Tuinenhoven,groenenhagen-tuinenhoven,neighbourhood,4.5521716,51.890921
528,Zomerland,zomerland,neighbourhood,4.5426667,51.8945642
528,Sportdorp,sportdorp,neighbourhood,4.5350494,51.8920859
528,Reyeroord,reyeroord,neighbourhood,4.5543897,51.8812947
528,Hordijkerveld,hordijkerveld,neighbourhood,4.5456902,51.8785625
528,De Veranda,de veranda,neighbourhood,4.5209102,51.8973265
528,Prins Alexander,prins alexander,suburb,4.552436,51.9491469
528,Romeijnshof,romeijnshof,neighbourhood,4.5423326,51.9622767
528,Zwansnesse,zwansnesse,neighbourhood,4.5542147,51.9580106
528,Hoogerbrugge,hoogerbrugge,neighbourhood,4.5321862,51.9645658
528,Baersmeer,baersmeer,neighbourhood,4.5526978,51.9641308
528,Keizershof,keizershof,neighbourhood,4.5480085,51.9697027
528,Buitenlust,buitenlust,neighbourhood,4.5571741,51.9640597
528,Willekenscamp,willekenscamp,neighbourhood,4.5456103,51.955995
528,Machielencamp,machielencamp,neighbourhood,4.5375668,51.9551634
528,Boekholt,boekholt,neighbourhood,4.5364876,51.9610048
528,Provenierswijk,provenierswijk,neighbourhood,4.4677053,51.9274962
528,Agniesebuurt,agniesebuurt,neighbourhood,4.4753153,51.930019
528,Blijdorp,blijdorp,neighbourhood,4.4550702,51.9267591
528,Bergpolder,bergpolder,neighbourhood,4.4662801,51.9344934
528,Liskwartier,liskwartier,neighbourhood,4.4742249,51.9381672
528,Oude Noorden,oude noorden,neighbourhood,4.4819203,51.934747
528,Noord,noord,suburb,4.4722707,51.9330231
528,Struisenburg,struisenburg,neighbourhood,4.5051133,51.920405
528,Crooswijk,crooswijk,suburb,4.4946682,51.9324818
528,Nieuw-Crooswijk,nieuw-crooswijk,neighbourhood,4.4938502,51.936874
528,Hoekeindse Zoom,hoekeindse zoom,neighbourhood,4.5449399,52.010064
528,Korenmolenhoek,korenmolenhoek,neighbourhood,4.5474603,52.0149708
528,Oosthoekeind,oosthoekeind,neighbourhood,4.5369187,52.0070124
528,De Hoefslag,de hoefslag,neighbourhood,4.5384731,52.0145226
528,De Tuinen,de tuinen,neighbourhood,4.536881,52.0109418
528,Berkelse Poort,berkelse poort,neighbourhood,4.4765557,51.9891698
528,Plaszoom,plaszoom,neighbourhood,4.4713472,51.9836758
528,Parc Rodenrijs,parc rodenrijs,neighbourhood,4.466416,51.9826917
528,Bloemenwijk,bloemenwijk,neighbourhood,4.4630448,51.9828753
528,Weidebloemwijk,weidebloemwijk,neighbourhood,4.4689683,51.9899528
528,Vogelwijk,vogelwijk,neighbourhood,4.4664858,51.9867418
528,Bolwerk,bolwerk,neighbourhood,4.4599718,51.9852768
528,Parkwijk,parkwijk,neighbourhood,4.4702549,51.9943856
528,Havenwijk,havenwijk,neighbourhood,4.4619432,51.9961697
528,Rivierenwijk,rivierenwijk,neighbourhood,4.4681534,51.9993824
528,Merenwijk,merenwijk,neighbourhood,4.4793286,52.0043023
528,Edelsteenwijk,edelsteenwijk,neighbourhood,4.4956052,52.003561
528,Sterrenwijk,sterrenwijk,neighbourhood,4.4890252,52.0038537
528,Componistenwijk,componistenwijk,neighbourhood,4.4912097,52.0004997
528,Nederlandsche Portland-Cementfabriek (ruïne),nederlandsche portland-cementfabriek,locality,5.9597587,50.7901158
528,Escamp,escamp,suburb,4.2812835,52.0442339
528,Lage Veld,lage veld,neighbourhood,4.2952478,52.0216857
528,Zonneveld,zonneveld,neighbourhood,4.2983869,52.0192595
528,Parkbuurt Oosteinde,parkbuurt oosteinde,neighbourhood,4.2893338,52.0273167
528,Erasmusveld,erasmusveld,neighbourhood,4.2785526,52.0362336
528,Hoge Veld,hoge veld,neighbourhood,4.2859249,52.0319291
528,Morgenstond-Zuid,morgenstond-zuid,neighbourhood,4.2814578,52.0452542
528,Morgenstond-Oost,morgenstond-oost,neighbourhood,4.2752966,52.0529135
528,Morgenstond-West,morgenstond-west,neighbourhood,4.2711784,52.0507013
528,Rustenburg,rustenburg,neighbourhood,4.2763662,52.0648291
528,Oostbroek-Zuid,oostbroek-zuid,neighbourhood,4.2863588,52.064879
528,Oostbroek-Noord,oostbroek-noord,neighbourhood,4.2826208,52.0686028
528,Uilennest,uilennest,neighbourhood,4.3339995,52.0957243
528,Haagse Hout,haagse hout,suburb,4.3304322,52.0922914
528,Waalsdorp,waalsdorp,neighbourhood,4.3165554,52.0998024
528,Nassaubuurt,nassaubuurt,neighbourhood,4.3190399,52.0902063
528,Termoors,termoors,hamlet,5.9017487,50.8664121
528,Ransdalerveld,ransdalerveld,locality,5.9078053,50.8623746
528,Mingersberg,mingersberg,locality,5.9486525,50.8440641
528,Baaks,baaks,hamlet,5.9928333,50.839644
528,In de Gaas,in de gaas,hamlet,5.9816765,50.8307653
528,Horick,horick,hamlet,5.775521,51.2986335
528,Langeberg,langeberg,neighbourhood,5.9709072,50.9332082
528,Schuttersveld,schuttersveld,neighbourhood,5.9838934,50.9426043
528,Cottessen,cottessen,hamlet,5.9400485,50.7592066
528,Klein-Kullen,klein-kullen,hamlet,5.9094958,50.7572652
528,Nieuwklap,nieuwklap,hamlet,6.4785972,53.2463635
528,De Vorst,de vorst,hamlet,6.046993,51.3929401
528,Neerhem,neerhem,neighbourhood,5.8344816,50.8611486
528,Loosjespolder,loosjespolder,locality,6.1154233,51.8537266
528,Enderpoel,enderpoel,locality,5.8232799,50.8128612
528,Schaelsberg,schaelsberg,locality,5.8529736,50.8622957
528,Rensberg,rensberg,locality,5.9120934,50.839966
528,Vrakelberg,vrakelberg,locality,5.9153174,50.850567
528,Schoorl,schoorl,town,4.693947,52.7009081
528,Halfweg,halfweg,hamlet,4.53563,52.2777552
528,Het Koeveen,het koeveen,locality,6.1991469,51.4014808
528,Het Tolhuis,het tolhuis,locality,6.1945308,51.3903337
528,De Kikvorsch,de kikvorsch,locality,6.1985636,51.3944993
528,Veen en Steen,veen en steen,locality,6.2000727,51.3962576
528,Veenzicht,veenzicht,locality,6.2005039,51.3995721
528,Hogen Kamp,hogen kamp,locality,6.1811031,51.3933032
528,Zwart Waterskamp,zwart waterskamp,locality,6.1801513,51.395219
528,Ketelberg,ketelberg,locality,6.1857162,51.3930051
528,Voutenberg,voutenberg,locality,6.186457,51.3910413
528,Dijckerwaal,dijckerwaal,neighbourhood,4.1858594,51.9904733
528,Duin,duin,neighbourhood,5.1400781,52.3418718
528,Koepelberg,koepelberg,locality,6.0085478,52.0303426
528,De Doornstruik,de doornstruik,locality,5.9931844,52.0420356
528,Deurensche Berg,deurensche berg,locality,5.989736,52.0511256
528,Kromme Elleboog,kromme elleboog,locality,6.0040202,52.0488857
528,De Broodbult,de broodbult,locality,6.0242582,52.0356487
528,Groote Immer,groote immer,locality,6.0243035,52.0338011
528,IJzerbaan,ijzerbaan,locality,6.0268238,52.0431866
528,Worth-Rhederzand,worth-rhederzand,locality,6.0145845,52.0434651
528,De Tonnetjes,de tonnetjes,locality,6.0130904,52.0416736
528,Boersbos,boersbos,locality,6.0018772,52.0606527
528,Twickel,twickel,locality,6.012864,52.0629352
528,Scharreveld,scharreveld,locality,6.0369503,52.0583886
528,Fagelsheide,fagelsheide,locality,6.0300987,52.0507883
528,Zonneberg,zonneberg,locality,5.6885071,50.8278072
528,Op de Wan,op de wan,locality,5.6696447,50.8734837
528,In de Weerd,in de weerd,locality,5.7006725,50.9094173
528,Op de Weerd,op de weerd,locality,5.7007038,50.9055344
528,Houthemmerveld,houthemmerveld,locality,5.7812537,50.8808803
528,Bovenste Herkenberg,bovenste herkenberg,locality,5.770997,50.8824643
528,Molenkamp,molenkamp,locality,6.181715,51.4713988
528,Gijsenberg,gijsenberg,locality,5.8063134,50.9185038
528,Oenselderveld,oenselderveld,locality,5.8187737,50.9109589
528,Bieserhoek,bieserhoek,locality,5.8311739,50.9169779
528,Hoogveld,hoogveld,locality,5.8396331,50.9231547
528,Schaluinen,schaluinen,hamlet,4.9328695,51.4279647
528,Sterksel,sterksel,village,5.611589,51.3512368
528,Liessel,liessel,village,5.8211941,51.4143998
528,De Voorstad,de voorstad,hamlet,5.8388533,51.3999603
528,Pijnacker,pijnacker,town,4.434186,52.0200581
528,Gracht,gracht,neighbourhood,6.0241113,50.8506079
528,Terwinselen,terwinselen,neighbourhood,6.0219659,50.8666693
528,Holz,holz,neighbourhood,6.0738718,50.8631029
528,Waubacherveld,waubacherveld,neighbourhood,6.0530073,50.8981973
528,Chevremont,chevremont,neighbourhood,6.0662786,50.8756195
528,Haanrade,haanrade,neighbourhood,6.0731396,50.880181
528,De Euren,de euren,hamlet,5.9841494,50.8672412
528,Heihoven,heihoven,hamlet,5.9933109,50.9123832
528,Onderste Caumer,onderste caumer,hamlet,5.9971147,50.8760739
528,Heerlerheide,heerlerheide,suburb,5.9656306,50.9179409
528,Heerlerbaan,heerlerbaan,suburb,5.9976693,50.8667552
528,Zeswegen,zeswegen,neighbourhood,5.9620132,50.8992415
528,Aarveld,aarveld,neighbourhood,5.9770598,50.8789116
528,Bekkerveld,bekkerveld,neighbourhood,5.9836698,50.8792533
528,Caumerveld,caumerveld,neighbourhood,5.9927958,50.8769849
528,Welten,welten,neighbourhood,5.9657742,50.8727799
528,Tienhoven aan de Lek,tienhoven aan de lek,village,4.9448055,51.9606505
528,Beersdal,beersdal,neighbourhood,5.9641696,50.9059645
528,Schelsberg,schelsberg,neighbourhood,5.9679204,50.9075202
528,Maria Christinawijk,maria christinawijk,neighbourhood,5.9742679,50.9183523
528,Mariarade-Noord,mariarade-noord,neighbourhood,5.9244888,50.9302126
528,Streek,streek,locality,5.8436892,50.9275252
528,Klein Veldje,klein veldje,locality,5.8311142,50.9304618
528,Lindeveld,lindeveld,locality,5.8197583,50.9317297
528,Warfstermolen,warfstermolen,village,6.2323653,53.2960672
528,Nieuw Lotbroek-Zuid,nieuw lotbroek-zuid,neighbourhood,5.9281885,50.9101966
528,Sparrenrijk,sparrenrijk,neighbourhood,5.3103961,51.6081778
528,Molenwijk,molenwijk,neighbourhood,4.4226605,52.1878059
528,Dousberg-Hazendans,dousberg-hazendans,neighbourhood,5.6468642,50.8497171
528,Schaesbergerveld,schaesbergerveld,neighbourhood,5.991773,50.8931224
528,Imbosch,imbosch,hamlet,5.9999061,52.0659143
528,Hapert,hapert,village,5.2518766,51.3709644
528,'t Holland,'t holland,hamlet,5.1520016,51.3734409
528,Benthem,benthem,hamlet,5.723841,51.4967972
528,Ginderdoor,ginderdoor,hamlet,5.5811877,51.5341476
528,Doonheide,doonheide,hamlet,5.6928729,51.5672357
528,Voorpeel,voorpeel,hamlet,5.8322994,51.451947
528,Halte,halte,hamlet,5.8726357,51.4463098
528,Bovenste Caumer,bovenste caumer,hamlet,6.0042925,50.8710958
528,Halfweg,halfweg,hamlet,6.2442631,53.2917087
528,De Leegte,de leegte,hamlet,6.2513906,53.2886195
528,De Citadel,de citadel,neighbourhood,4.692054,52.4925691
528,De Lanen,de lanen,neighbourhood,4.6893847,52.4869056
528,Waterwijk,waterwijk,neighbourhood,4.6867866,52.4897979
528,Waterbalkon,waterbalkon,neighbourhood,4.6920157,52.4950603
528,Groene Balkon,groene balkon,neighbourhood,4.6953641,52.4951996
528,De Ladder,de ladder,neighbourhood,4.6857159,52.4928112
528,De Wadden,de wadden,neighbourhood,4.6946963,52.4991288
528,Sint Aagtendorp,sint aagtendorp,neighbourhood,4.6525597,52.4858744
528,Centrum,centrum,neighbourhood,4.0498654,51.4927926
528,Rendorppark,rendorppark,neighbourhood,4.6781419,52.5212081
528,Op Buuren Dorp,op buuren dorp,neighbourhood,5.0586897,52.1282044
528,Op Buuren Buiten,op buuren buiten,neighbourhood,5.0549839,52.1295959
528,Euverem,euverem,isolated_dwelling,5.8509812,50.8642044
528,Leerdam-Oost,leerdam-oost,neighbourhood,5.1042487,51.8924274
528,Leerdam-Centrum,leerdam-centrum,neighbourhood,5.0930182,51.8908896
528,Leerdam-Noord,leerdam-noord,neighbourhood,5.0893352,51.8975904
528,Broekgraaf,broekgraaf,neighbourhood,5.0718844,51.8897084
528,De Waluwe,de waluwe,neighbourhood,5.2504156,51.7985933
528,Spellewaard,spellewaard,neighbourhood,5.2366416,51.8045653
528,Binnenstad,binnenstad,neighbourhood,5.247238,51.8134473
528,Vergt,vergt,neighbourhood,5.2479867,51.8056362
528,Nijhoven,nijhoven,hamlet,4.9495842,51.4393236
528,Berghof,berghof,hamlet,5.869417,50.8312747
528,Opperdoes,opperdoes,village,5.0739904,52.7570423
528,De Tribune,de tribune,locality,4.5481846,52.355159
528,De Vlaaije,de vlaaije,locality,4.5356283,52.3644954
528,Dennenstrook,dennenstrook,locality,4.5656457,52.3628181
528,Vlooienhoek,vlooienhoek,locality,4.5541723,52.3617882
528,Stort van de Blink,stort van de blink,locality,4.5636687,52.3620624
528,De Garage,de garage,locality,4.5563606,52.3585071
528,Garagebosjes,garagebosjes,locality,4.5564851,52.3579334
528,Stort van de Capelle,stort van de capelle,locality,4.5736142,52.3447651
528,Eiland van de Capelle,eiland van de capelle,locality,4.5647478,52.3448988
528,Rabarbergeul,rabarbergeul,locality,4.5645818,52.3444562
528,Kombos,kombos,locality,4.5757723,52.3466413
528,De Houtpoort,de houtpoort,locality,4.5584017,52.3505086
528,Pan van de Breeuwer,pan van de breeuwer,locality,4.5577679,52.3526149
528,Stokmansdel,stokmansdel,locality,4.5640196,52.3580855
528,Ezelenvlak,ezelenvlak,locality,4.565608,52.3532694
528,Pan van de Houtpoort,pan van de houtpoort,locality,4.5592921,52.3511861
528,Zandvoortervlakje,zandvoortervlakje,locality,4.5672907,52.3515088
528,Plantage,plantage,locality,4.5700223,52.3506146
528,Sprenkelbos,sprenkelbos,locality,4.5637744,52.3461158
528,Duivendrift,duivendrift,locality,4.5743084,52.3476277
528,Adam's stort,adam's stort,locality,4.5802771,52.3490705
528,Astrid's Driftje,astrid's driftje,locality,4.5510143,52.3420314
528,Schulpendam,schulpendam,locality,4.558198,52.339611
528,Het EIland,het eiland,locality,4.5550061,52.3407498
528,Sterrewacht,sterrewacht,locality,4.5571114,52.3441474
528,Hardenbroekerpropje,hardenbroekerpropje,locality,4.5477319,52.344825
528,Hazenhoek,hazenhoek,locality,4.5375073,52.3438108
528,Punt van het Verbrede,punt van het verbrede,locality,4.5412274,52.3428981
528,Van Heekerens Pannetje,van heekerens pannetje,locality,4.5460416,52.3474064
528,Pan van Quarles,pan van quarles,locality,4.5522292,52.3584311
528,Groote Pan,groote pan,locality,4.550222,52.3556476
528,Kattenpan,kattenpan,locality,4.5529989,52.3532418
528,Groot Sprenkelveld,groot sprenkelveld,locality,4.5414839,52.3501721
528,Klompenpan II,klompenpan ii,locality,4.5430987,52.3533892
528,Klompenpan I,klompenpan i,locality,4.541831,52.3488815
528,Boerenpan,boerenpan,locality,4.5440797,52.3515549
528,Kruispan I,kruispan i,locality,4.5439439,52.3500246
528,Kruispan II,kruispan ii,locality,4.5475659,52.3507344
528,Huttenbos,huttenbos,locality,4.5708071,52.3351387
528,Mosterdbos,mosterdbos,locality,4.5701091,52.3362983
528,Lange Hoeken,lange hoeken,locality,4.5737387,52.3383454
528,Starrenbos,starrenbos,locality,4.5766853,52.339588
528,Sijmpjes bos,sijmpjes bos,locality,4.5802394,52.3413445
528,Zeerust,zeerust,locality,4.5781039,52.3425016
528,voorm. Vinkenbaan,voorm vinkenbaan,locality,4.5792358,52.3437601
528,Tiende Stort,tiende stort,locality,4.5712599,52.3400582
528,Naaldenbos,naaldenbos,locality,4.5657816,52.340215
528,Vinkenveld,vinkenveld,locality,4.5696375,52.3387028
528,Schuil en Rust,schuil en rust,locality,4.5615857,52.3422727
528,Popelkuil,popelkuil,locality,4.5427139,52.3345347
528,De Lange Kuil,de lange kuil,locality,4.5420876,52.3372458
528,Strontige pan,strontige pan,locality,4.5481545,52.3378544
528,Kalverbocht,kalverbocht,locality,4.5386467,52.3312055
528,Waalboombosjes,waalboombosjes,locality,4.5347229,52.3336679
528,Sigarenpoeltje,sigarenpoeltje,locality,4.5339984,52.3342581
528,Bokkenpoelen,bokkenpoelen,locality,4.5363678,52.3354569
528,Dappere Kees,dappere kees,locality,4.5250491,52.33388
528,Kippendellen,kippendellen,locality,4.5384958,52.333156
528,Monumentbos,monumentbos,locality,4.5524556,52.3455257
528,Nieuwe Kromboomsveld,nieuwe kromboomsveld,locality,4.5454908,52.3437279
528,Zwarte Veld ten Oosten,zwarte veld ten oosten,locality,4.5527272,52.3382555
528,De Punt,de punt,locality,4.5555871,52.3394312
528,Bosjes van Rolvers,bosjes van rolvers,locality,4.5498749,52.3401043
528,Weiland van Rolvers,weiland van rolvers,locality,4.5425894,52.3393574
528,Boom van Hein,boom van hein,locality,4.5514294,52.3390255
528,De Keegen,de keegen,hamlet,6.2219236,53.2871693
528,Einderheide,einderheide,locality,5.3986108,51.3597097
528,Konijnenbergen,konijnenbergen,locality,6.7411214,52.8557091
528,Beutenaken,beutenaken,hamlet,5.8556562,50.7812328
528,Kantens,kantens,village,6.6357219,53.3660305
528,Laag Spul,laag spul,hamlet,5.1433235,51.4753707
528,Landgoed Driessen,landgoed driessen,neighbourhood,5.037981,51.6718077
528,Laagstraat,laagstraat,hamlet,4.9189235,51.6320797
528,Schoot,schoot,hamlet,5.3791005,51.4016489
528,De Bergen,de bergen,hamlet,4.9027263,51.6863719
528,Raamsdonk,raamsdonk,village,4.9072133,51.6872854
528,Vlierden,vlierden,village,5.7608615,51.4438344
528,De Comphaan,de comphaan,locality,4.3360992,52.0188473
528,Meerssenerbroek,meerssenerbroek,locality,5.7652133,50.8755798
528,Molenpolder,molenpolder,neighbourhood,4.0530409,51.4865117
528,Woezik,woezik,neighbourhood,5.7311703,51.8216467
528,Spechtholtshook,spechtholtshook,neighbourhood,7.0172323,52.2238412
528,Bos op Houwingaham,bos op houwingaham,locality,7.1954536,53.1705054
528,Oisterwijkse Hoeven,oisterwijkse hoeven,hamlet,5.1686507,51.5627836
528,Bloemenwijk,bloemenwijk,neighbourhood,4.0448705,51.4893072
528,Botenwijk,botenwijk,neighbourhood,4.0419572,51.4935075
528,Mariaveld,mariaveld,neighbourhood,5.8602461,51.0648081
528,Susteren-Centrum,susteren-centrum,neighbourhood,5.8525572,51.0617389
528,De Loop,de loop,neighbourhood,5.8601894,51.1066886
528,Echt-Noord,echt-noord,neighbourhood,5.8748684,51.1100051
528,Uterweg,uterweg,neighbourhood,5.969146,50.9277762
528,Nieuw-Einde,nieuw-einde,neighbourhood,5.9601217,50.9249941
528,Vrieheide,vrieheide,neighbourhood,5.9670749,50.9218687
528,Zeeburg,zeeburg,locality,5.7688591,52.4046043
528,Lage Bijssel,lage bijssel,hamlet,5.7738932,52.4007858
528,De Engelen,de engelen,locality,5.7671445,52.4002468
528,De Horst,de horst,hamlet,5.7841301,52.41276
528,Werfhorst,werfhorst,hamlet,5.809603,52.4115738
528,'t Rode Land,'t rode land,hamlet,5.819774,52.4076454
528,Soppenhof,soppenhof,hamlet,5.80605,52.4289159
528,De Brake,de brake,locality,5.799993,52.3871691
528,Parkheide,parkheide,neighbourhood,6.0372676,50.9175884
528,Op de Bossen,op de bossen,neighbourhood,6.0615148,50.8885818
528,Heugde,heugde,hamlet,5.9480399,51.2154506
528,Kostvlies,kostvlies,hamlet,6.7988467,52.9868158
528,Rosorum,rosorum,locality,6.0594796,51.9369898
528,Zonegge,zonegge,neighbourhood,6.0695285,51.9351306
528,Ham,ham,hamlet,5.5747747,51.5971979
528,Havelt,havelt,hamlet,5.5604583,51.6045518
528,Burum,burum,village,6.2301467,53.2735824
528,De Horn,de horn,neighbourhood,4.449949,52.1937014
528,Achlumernoorderpolder,achlumernoorderpolder,locality,5.4894626,53.1562606
528,Polder Attesweg,polder attesweg,locality,5.6999865,53.2833541
528,Vrouwbuurtstermolen,vrouwbuurtstermolen,hamlet,5.7215112,53.2804844
528,Holwierde,holwierde,village,6.8713839,53.3577829
528,De Zuid,de zuid,neighbourhood,4.2616847,52.0945729
528,Berg,berg,hamlet,5.7491243,50.8385632
528,Eyldergaard,eyldergaard,neighbourhood,5.7233548,50.8338604
528,Het Cleef,het cleef,locality,6.0253095,51.2498838
528,Molkwerum,molkwerum,village,5.3995749,52.9003769
528,Waalbroek,waalbroek,hamlet,5.9962316,50.8301739
528,Kanaaleiland,kanaaleiland,neighbourhood,4.8408503,51.6440601
528,Vogelbuurt,vogelbuurt,neighbourhood,4.8581699,51.6509032
528,Kastelenbuurt,kastelenbuurt,neighbourhood,4.864002,51.6501753
528,Natuurkundigenbuurt,natuurkundigenbuurt,neighbourhood,4.8551427,51.6218106
528,Schrijversbuurt,schrijversbuurt,neighbourhood,4.8582547,51.6244933
528,Bloemenbuurt,bloemenbuurt,neighbourhood,4.8616385,51.6271
528,Paterserf,paterserf,neighbourhood,4.8564143,51.6313497
528,De Warande,de warande,neighbourhood,4.8430561,51.6284392
528,Componistenbuurt,componistenbuurt,neighbourhood,4.8506048,51.6257529
528,Kruidenbuurt,kruidenbuurt,neighbourhood,4.8756253,51.6528559
528,Staatsliedenbuurt,staatsliedenbuurt,neighbourhood,4.8689935,51.6642693
528,Schildersbuurt,schildersbuurt,neighbourhood,4.8759909,51.6585233
528,Dammenbuurt,dammenbuurt,neighbourhood,4.8613481,51.6649922
528,Beemdenbuurt,beemdenbuurt,neighbourhood,4.8589301,51.6603227
528,Sterrenbuurt,sterrenbuurt,neighbourhood,4.8674931,51.6546058
528,Larenbuurt,larenbuurt,neighbourhood,4.8676062,51.6612264
528,Donkenbuurt,donkenbuurt,neighbourhood,4.8659971,51.6579001
528,Heistraat,heistraat,hamlet,4.8968613,51.6384935
528,Hoekgat,hoekgat,locality,4.5348734,52.3040896
528,Vogelenveld,vogelenveld,locality,4.5320243,52.3126156
528,Vlak van Deklerk,vlak van deklerk,locality,4.5027001,52.3302331
528,Zeeveld,zeeveld,locality,4.5149883,52.3470853
528,Gijs Kokkieshoek,gijs kokkieshoek,locality,4.489402,52.2930924
528,Haasveld,haasveld,locality,4.5115496,52.3101706
528,Marelvlak,marelvlak,locality,4.5095188,52.3194421
528,Hazen Legers,hazen legers,locality,4.5330671,52.3224533
528,Zegveld,zegveld,locality,4.547175,52.3257102
528,Oosterik,oosterik,hamlet,5.5612393,51.3551431
528,Kreijl,kreijl,hamlet,5.566712,51.3918326
528,Voorste Diesdonk,voorste diesdonk,hamlet,5.7159799,51.4240612
528,Bussel,bussel,hamlet,5.7135255,51.4195012
528,Vosselen,vosselen,hamlet,5.7215383,51.4154906
528,De Beek,de beek,hamlet,5.7245006,51.4184333
528,Dijk,dijk,hamlet,5.7108497,51.4150799
528,Zuidoosterpolder,zuidoosterpolder,locality,5.6205341,53.2663856
528,Franeker landen,franeker landen,locality,5.5960684,53.279098
528,Parksingel,parksingel,neighbourhood,4.4524208,52.1749984
528,Zeewolde,zeewolde,town,5.5430312,52.331111
528,Wittevrouwen,wittevrouwen,neighbourhood,5.1319567,52.097688
528,Brânbuorren,branbuorren,hamlet,6.1080042,53.3287698
528,De Kolk,de kolk,locality,5.4046046,52.0563627
528,Lobberdensche Waard,lobberdensche waard,locality,6.0462421,51.881953
528,Opende-Oost,opende-oost,hamlet,6.217955,53.1748042
528,Makkingasterbos,makkingasterbos,locality,6.2127762,52.9732178
528,Parkkwartier,parkkwartier,neighbourhood,5.5221952,52.3449149
528,Tulpeiland,tulpeiland,neighbourhood,5.5414749,52.3477752
528,Havenkwartier,havenkwartier,neighbourhood,5.5357702,52.3505132
528,Molenbuurt,molenbuurt,neighbourhood,5.530107,52.3470285
528,Bergkwartier,bergkwartier,neighbourhood,5.5343591,52.3435158
528,De Roskam,de roskam,hamlet,5.906153,52.5228461
528,Kamperveen,kamperveen,hamlet,5.9278579,52.5107088
528,Rijnvaert,rijnvaert,neighbourhood,4.4393886,52.1806375
528,Natuurpark Koekendaal,natuurpark koekendaal,locality,6.3243216,51.9510267
528,Noordeinde,noordeinde,hamlet,4.4840658,52.0154249
528,Arnhem,arnhem,city,5.9108573,51.984257
528,Huissen,huissen,town,5.9393769,51.9383502
528,De Gorzen,de gorzen,neighbourhood,4.4070811,51.9046553
528,De Plak,de plak,locality,6.0387924,51.9461812
528,De Hortelen,de hortelen,locality,6.065403,51.9463059
528,Bertenhoek,bertenhoek,locality,6.0718486,51.8854241
528,Nicolaaswaard,nicolaaswaard,locality,6.020978,51.887143
528,Schoondijke,schoondijke,village,3.5560216,51.3536051
528,Oostpoort,oostpoort,neighbourhood,5.4548782,53.1783701
528,Trebolbuurt,trebolbuurt,neighbourhood,5.4270665,53.1729233
528,Havenkwartier,havenkwartier,neighbourhood,5.4125789,53.1729365
528,Noorderkwartier,noorderkwartier,neighbourhood,5.418352,53.1767782
528,Binnenstad,binnenstad,neighbourhood,5.4168374,53.1744298
528,Plan Zuid,plan zuid,neighbourhood,5.4240711,53.1681483
528,Ludinga,ludinga,neighbourhood,5.439798,53.1598297
528,Groot Ropens,groot ropens,neighbourhood,5.4328835,53.1590005
528,Bynia State,bynia state,neighbourhood,5.424169,53.160672
528,Oosterpark,oosterpark,neighbourhood,5.4347273,53.1671995
528,Schepenbuurt,schepenbuurt,neighbourhood,5.4438589,53.1675548
528,Hermes,hermes,neighbourhood,5.4383747,53.1776093
528,Rode Dorp,rode dorp,neighbourhood,5.4265159,53.1770955
528,De Spiker,de spiker,neighbourhood,5.4311451,53.1776008
528,Bokkeduinen,bokkeduinen,locality,5.3503264,52.1544442
528,Barrahûs,barrahus,neighbourhood,5.7873353,53.1689443
528,Leeuwarder Bos,leeuwarder bos,locality,5.7990286,53.2222819
528,Droebel 't Donderwinkel,droebel 't donderwinkel,locality,6.5178963,51.9929963
528,Droebel d'n Tute,droebel d'n tute,locality,6.5443483,52.0059347
528,Droebel de Dorsterhuuze,droebel de dorsterhuuze,locality,6.5319455,52.0041328
528,Droebel 't Rolder,droebel 't rolder,locality,6.5313355,52.0014961
528,Droebel 't Hoenderboom,droebel 't hoenderboom,locality,6.5195713,52.0032683
528,Droebel de Katershorst,droebel de katershorst,locality,6.5280794,52.0297669
528,Droebel de Platveute,droebel de platveute,locality,6.5044081,52.0216323
528,Droebel de Kunneri'je,droebel de kunneri'je,locality,6.5070888,52.0204041
528,Droebel de Kriegeri'je,droebel de kriegeri'je,locality,6.50201,52.0165609
528,De Voshuzen,de voshuzen,locality,6.5084301,52.0165846
528,Droebel de Grobberi'je,droebel de grobberi'je,locality,6.5124781,52.0141696
528,Droebel 't Tiller,droebel 't tiller,locality,6.5148289,52.0094509
528,Droebel 't Bokeler,droebel 't bokeler,locality,6.5158589,52.012154
528,Droebel de Beateri'je,droebel de beateri'je,locality,6.5049481,52.0123675
528,Droebel de Huuskeri'je,droebel de huuskeri'je,locality,6.4988544,52.0117105
528,Droebel 't Sprenkelder,droebel 't sprenkelder,locality,6.5028461,52.0013126
528,Droebel 't Molder,droebel 't molder,locality,6.5030574,52.0062552
528,Droebel de Wopereis,droebel de wopereis,locality,6.4969792,52.0044483
528,Droebel 't Spekschoor,droebel 't spekschoor,locality,6.4966321,52.0004114
528,Droebel 't Reetbarg,droebel 't reetbarg,locality,6.4870665,52.0037331
528,Droebel 't Kevelder,droebel 't kevelder,locality,6.5287727,51.9964155
528,Hondsbroeksche Pleij,hondsbroeksche pleij,locality,5.9602214,51.9553363
528,De Boven Pleij,de boven pleij,locality,5.9545905,51.955959
528,Middelwaard,middelwaard,locality,5.9672333,51.9339763
528,Deurloohoek,deurloohoek,locality,4.0354819,51.5002044
528,Droebel de Koolshuuze,droebel de koolshuuze,locality,6.5143079,52.0281685
528,Droebel 't Zwaogas,droebel 't zwaogas,locality,6.5252244,52.0090639
528,Droebel De Penteri'je,droebel de penteri'je,locality,6.5017336,52.0181204
528,Droebel 't Waalder,droebel 't waalder,locality,6.4854902,52.0156113
528,Droebel de Wopereis/Jenteri'je,droebel de wopereis jenteri'je,locality,6.4932954,52.0064949
528,Strabeek,strabeek,hamlet,5.8116228,50.8717552
528,Lage Bos,lage bos,locality,5.7533791,50.9388262
528,Hoge Bos,hoge bos,locality,5.7541194,50.9368791
528,Hoogveld,hoogveld,locality,5.7496642,50.8931801
528,Klein Haasdal,klein haasdal,hamlet,5.8161054,50.8968439
528,Klein-Genhout,klein-genhout,hamlet,5.8117883,50.9274838
528,Genhout,genhout,village,5.8197356,50.9282133
528,Kolverbeemden,kolverbeemden,locality,6.0699446,50.9029908
528,Bavel,bavel,village,4.8296995,51.5656819
528,Holset,holset,village,5.9878325,50.7751761
528,Erfkamerlingschap,erfkamerlingschap,locality,6.1317688,51.8847151
528,Dwaalgebied,dwaalgebied,neighbourhood,5.0823096,51.5577358
528,Snijders' Buske,snijders' buske,locality,6.2278919,51.8853464
528,Hil,hil,neighbourhood,5.0294005,51.6535205
528,Lubosch,lubosch,hamlet,5.8872011,50.8610337
528,Draaiboom,draaiboom,neighbourhood,5.0201587,51.6514882
528,Heikant,heikant,neighbourhood,5.0352785,51.653705
528,Pannenhoef,pannenhoef,neighbourhood,5.0237539,51.6555301
528,Staatsliedenbuurt,staatsliedenbuurt,neighbourhood,5.0275195,51.6581828
528,Bloemenbuurt,bloemenbuurt,neighbourhood,5.020511,51.6583643
528,Centrum,centrum,neighbourhood,5.0326236,51.6605418
528,De Baan,de baan,neighbourhood,5.0184197,51.6454719
528,Schrijversbuurt,schrijversbuurt,neighbourhood,5.0311358,51.6576116
528,Vossenberg,vossenberg,neighbourhood,5.0244456,51.6603241
528,De Oude Omdraaier,de oude omdraaier,neighbourhood,5.0492973,51.6581854
528,Loonse Vaart,loonse vaart,neighbourhood,5.0436817,51.6607824
528,Prinsessenbuurt,prinsessenbuurt,neighbourhood,5.0477895,51.6547962
528,Rooi Dorp,rooi dorp,neighbourhood,5.0403298,51.6589336
528,Els,els,neighbourhood,5.037819,51.656453
528,Molenwijck,molenwijck,neighbourhood,5.0815713,51.6241082
528,Oud-Loon,oud-loon,neighbourhood,5.0716291,51.6292891
528,Mussenhoek,mussenhoek,neighbourhood,5.0792104,51.6287682
528,Nieuw-Olzendepolder,nieuw-olzendepolder,locality,4.0554621,51.4678118
528,Sint Pieterspolder,sint pieterspolder,locality,4.0692085,51.4637898
528,'t Kaasgat,'t kaasgat,hamlet,4.0453583,51.4698653
528,Zoute,zoute,locality,4.0430301,51.4774235
528,Kaarspolder,kaarspolder,locality,4.0218596,51.5112735
528,Landgoed Zonheuvel,landgoed zonheuvel,locality,5.35245,52.0507421
528,Bosserstraat,bosserstraat,hamlet,5.7492082,51.2932503
528,Strateris,strateris,hamlet,5.7417419,51.2940823
528,Vogelenbuurt,vogelenbuurt,neighbourhood,5.1193838,52.0987119
528,Buiten Wittevrouwen,buiten wittevrouwen,neighbourhood,5.1320094,52.0921211
528,Oud-Roosteren,oud-roosteren,hamlet,5.8306862,51.0801261
528,Zeeheldenbuurt,zeeheldenbuurt,neighbourhood,5.1389986,52.0985315
528,Tuindorp,tuindorp,neighbourhood,5.1278202,52.107587
528,Tuinwijk,tuinwijk,neighbourhood,5.1221399,52.1023578
528,Donschot,donschot,hamlet,5.7883185,51.4336008
528,Tuindorp,tuindorp,hamlet,6.0945194,51.8549159
528,Haps,haps,village,5.8628619,51.6886486
528,Overheek,overheek,hamlet,5.8752635,50.8803122
528,Duiven,duiven,town,6.024594,51.9495859
528,Parijsch Zuid,parijsch zuid,neighbourhood,5.1970174,51.9454412
528,Geldermalsen,geldermalsen,town,5.2876361,51.879931
528,Scheldekwartier,scheldekwartier,neighbourhood,3.5807625,51.4470078
528,Goese Polder,goese polder,neighbourhood,3.8789492,51.513878
528,Overzuid,overzuid,neighbourhood,3.9014044,51.4893631
528,Aria,aria,neighbourhood,3.8970665,51.4856947
528,Noordhoek,noordhoek,neighbourhood,3.9046845,51.5133698
528,Twisk,twisk,village,5.0519467,52.7387032
528,Boekelo,boekelo,village,6.7994423,52.2039859
528,Mannee,mannee,neighbourhood,3.9118589,51.5152986
528,Oostmolenpark,oostmolenpark,neighbourhood,3.9094493,51.4910761
528,Eliwerve,eliwerve,neighbourhood,3.9552789,51.4893563
528,Overtieringe,overtieringe,neighbourhood,3.9702016,51.4875819
528,Zuidhoek,zuidhoek,neighbourhood,3.9522262,51.4788914
528,Binnenstad,binnenstad,suburb,5.116184,52.0886017
528,Ondiep,ondiep,neighbourhood,5.1013856,52.106608
528,Veemarkt,veemarkt,neighbourhood,5.1465444,52.1043466
528,Oudwijk,oudwijk,neighbourhood,5.1357937,52.0886281
528,Oog in Al,oog in al,neighbourhood,5.0875711,52.0871106
528,Rivierenwijk,rivierenwijk,neighbourhood,5.1151843,52.073108
528,Voordorp,voordorp,neighbourhood,5.1451694,52.1094966
528,Overvecht,overvecht,suburb,5.1096366,52.1205408
528,Rozen,rozen,neighbourhood,4.5166774,52.1769262
528,Vogels,vogels,neighbourhood,4.5129609,52.1801355
528,Karpers,karpers,neighbourhood,4.5003032,52.1827097
528,Wieren,wieren,neighbourhood,4.5012034,52.1793272
528,Grassen,grassen,neighbourhood,4.5048111,52.1802343
528,Centrum-Noord,centrum-noord,neighbourhood,5.6966288,51.2583195
528,Oud-Boshoven,oud-boshoven,neighbourhood,5.6809825,51.25661
528,Oda,oda,neighbourhood,5.6913656,51.2612236
528,Laarveld,laarveld,neighbourhood,5.7019342,51.2666897
528,Laar,laar,village,5.7066176,51.2773687
528,Hushoven,hushoven,neighbourhood,5.6973853,51.262927
528,Parkhof,parkhof,neighbourhood,5.6994679,51.2470401
528,Vrouwenhof,vrouwenhof,neighbourhood,5.7372104,51.2563998
528,Tufberg,tufberg,neighbourhood,5.4703892,51.3522579
528,Hoge Akkers,hoge akkers,neighbourhood,5.4572009,51.3449975
528,Kerkakkers,kerkakkers,neighbourhood,5.448742,51.3514844
528,Geenhoven,geenhoven,neighbourhood,5.455588,51.3585653
528,Het Gegraaf,het gegraaf,neighbourhood,5.4465405,51.3605019
528,Schaapsloop 1,schaapsloop 1,locality,5.4869108,51.3511009
528,Schaapsloop 2,schaapsloop 2,locality,5.4715437,51.3422071
528,Lage Heide,lage heide,neighbourhood,5.4320563,51.3445356
528,Keersopperbeemden,keersopperbeemden,neighbourhood,5.4258607,51.3620158
528,Brouwershof,brouwershof,neighbourhood,5.4264158,51.3529153
528,Schepelweijen,schepelweijen,neighbourhood,5.4312394,51.3615443
528,Agnetendal,agnetendal,neighbourhood,5.4364895,51.3552409
528,De Belleman,de belleman,neighbourhood,5.4316224,51.3567759
528,Dr. Poolbos,dr poolbos,locality,6.2130384,52.9686092
528,Houtigehage,houtigehage,village,6.1454825,53.152221
528,Lierveld Action Paragliding,lierveld action paragliding,locality,5.6406212,51.3503346
528,Tiesengabos,tiesengabos,locality,6.2621813,52.9827258
528,Het Kuunderbos,het kuunderbos,locality,6.2428839,52.9935722
528,Grote Singel,grote singel,locality,6.2203661,52.9753468
528,Lange Heide,lange heide,hamlet,6.0666642,51.374531
528,Landgoed Engelanderholt,landgoed engelanderholt,neighbourhood,5.9458055,52.1590944
528,Berkel-Enschot,berkel-enschot,village,5.1422542,51.5854521
528,Greup,greup,hamlet,4.437473,51.7820847
528,Lombok,lombok,neighbourhood,5.099599,52.0912231
528,Est,est,village,5.3127923,51.8521989
528,Zonnemaire,zonnemaire,village,3.9517495,51.7129045
528,Ureterp,ureterp,village,6.1683085,53.0956508
528,Ouverture,ouverture,neighbourhood,3.893449,51.4885189
528,Riethoek,riethoek,neighbourhood,3.9091243,51.4934137
528,Ophûs,ophus,hamlet,6.1749253,53.1928673
528,Matendreef,matendreef,neighbourhood,5.9872885,52.1996391
528,De Meent,de meent,neighbourhood,5.4770975,52.5149033
528,De Veste,de veste,neighbourhood,5.4749808,52.5179845
528,De Schans,de schans,neighbourhood,5.4740187,52.5157368
528,De Stelling,de stelling,neighbourhood,5.4742432,52.512675
528,Hanzepark,hanzepark,neighbourhood,5.4699591,52.5106807
528,Schouw,schouw,neighbourhood,5.4638658,52.51052
528,Kempenaar,kempenaar,neighbourhood,5.4639299,52.5164876
528,Kogge,kogge,neighbourhood,5.4556182,52.5172452
528,Gondel,gondel,neighbourhood,5.4567538,52.5105843
528,Oostrandpark,oostrandpark,neighbourhood,5.5134835,52.5156954
528,De Scheren,de scheren,neighbourhood,5.496745,52.507343
528,Wold,wold,neighbourhood,5.4885256,52.5054863
528,Kamp,kamp,neighbourhood,5.4847565,52.5032632
528,Griend,griend,neighbourhood,5.4873598,52.4999295
528,Horst,horst,neighbourhood,5.4941737,52.5028475
528,Zoom,zoom,neighbourhood,5.50653,52.5013914
528,Rozengaard,rozengaard,neighbourhood,5.5064414,52.5091652
528,Beukenhof,beukenhof,neighbourhood,5.5000972,52.5090595
528,Archipel,archipel,neighbourhood,5.488454,52.5103133
528,Het Ravelijn,het ravelijn,neighbourhood,5.4755977,52.5036582
528,Grietenij,grietenij,neighbourhood,5.4755468,52.4998962
528,Tjalk,tjalk,neighbourhood,5.4683669,52.5015154
528,Schoener,schoener,neighbourhood,5.4571368,52.5008804
528,Landstrekenwijk,landstrekenwijk,neighbourhood,5.4626887,52.4955297
528,Noordzoom,noordzoom,locality,5.4599344,52.5287416
528,Stadseiland,stadseiland,neighbourhood,5.4503436,52.5077024
528,Parkeiland,parkeiland,neighbourhood,5.4509473,52.5121755
528,Galjoen,galjoen,neighbourhood,5.437776,52.5082604
528,Jol,jol,neighbourhood,5.4458973,52.5105372
528,Punter,punter,neighbourhood,5.4473668,52.5168916
528,Karveel,karveel,neighbourhood,5.460946,52.5229991
528,Boeier,boeier,neighbourhood,5.4490948,52.5218391
528,Rivierenbuurt,rivierenbuurt,neighbourhood,5.4948528,52.491234
528,Merenbuurt,merenbuurt,neighbourhood,5.4905404,52.491643
528,Slotenbuurt,slotenbuurt,neighbourhood,5.4859827,52.4936369
528,Deltawijk,deltawijk,neighbourhood,5.4852432,52.4959891
528,Zeeënbuurt,zeeenbuurt,neighbourhood,5.491776,52.4957296
528,Parkhaven,parkhaven,neighbourhood,5.4451464,52.5355214
528,Suyderseeboulevard,suyderseeboulevard,neighbourhood,5.4388494,52.5138644
528,Bataviahaven,bataviahaven,neighbourhood,5.4411302,52.5186044
528,Houtribhoogte,houtribhoogte,neighbourhood,5.4416433,52.529164
528,Golfpark,golfpark,neighbourhood,5.4528338,52.5283181
528,Flevo Golf Resort,flevo golf resort,neighbourhood,5.4570821,52.5392942
528,Noordersluis,noordersluis,locality,5.4395795,52.5013684
528,Hollandse Hout,hollandse hout,neighbourhood,5.4270572,52.4916682
528,De Landerijen-West,de landerijen-west,neighbourhood,5.5031401,52.4938528
528,De Landerijen-Oost,de landerijen-oost,neighbourhood,5.5147532,52.49346
528,Zuiderzeelaan,zuiderzeelaan,neighbourhood,5.4819909,52.5228239
528,Langevelderslag,langevelderslag,neighbourhood,5.4982937,52.5192105
528,Kofschip,kofschip,neighbourhood,5.475909,52.5246845
528,Groene Velden,groene velden,neighbourhood,5.499203,52.5324231
528,Jagersveld,jagersveld,neighbourhood,5.4899933,52.5317576
528,Bastion,bastion,neighbourhood,5.480112,52.5197844
528,Lelycentre,lelycentre,neighbourhood,5.4853715,52.5188776
528,Matendonk,matendonk,neighbourhood,6.0086973,52.1988687
528,Matenhoeve,matenhoeve,neighbourhood,6.012201,52.1902365
528,Matenveld,matenveld,neighbourhood,5.9978962,52.1896439
528,Matenhorst,matenhorst,neighbourhood,5.9921239,52.2060112
528,Horsten,horsten,neighbourhood,4.4971068,51.8770672
528,Buurt Negen,buurt negen,neighbourhood,4.5094179,51.883634
528,De Vaan,de vaan,neighbourhood,4.5009175,51.8834791
528,Het Zuiderhof,het zuiderhof,neighbourhood,4.503666,51.8845958
528,De Vlieger,de vlieger,neighbourhood,4.5111345,51.8874357
528,Dalenbuurt,dalenbuurt,neighbourhood,4.518122,51.8861503
528,Landbouwbuurt,landbouwbuurt,neighbourhood,4.4988197,51.8880016
528,De Valkenier,de valkenier,neighbourhood,4.5039094,51.8886641
528,Motorstraatgebied,motorstraatgebied,locality,4.4958353,51.8865345
528,Zevenhuizen,zevenhuizen,village,4.5802253,52.0116234
528,De Hoek,de hoek,hamlet,5.1430984,51.3560908
528,Rivierenkwartier,rivierenkwartier,neighbourhood,5.9770366,52.189455
528,Staatsliedenkwartier,staatsliedenkwartier,neighbourhood,5.9763315,52.2004896
528,Bakenberg,bakenberg,neighbourhood,5.8772321,52.0071424
528,'t Duifje,'t duifje,neighbourhood,5.9253623,51.9532798
528,Arnhemse Allee,arnhemse allee,neighbourhood,5.9452834,52.0039791
528,Paasberg,paasberg,neighbourhood,5.9474264,51.9969549
528,Klarenbeek,klarenbeek,neighbourhood,5.9251812,52.0031058
528,Alteveer/Cranevelt,alteveer cranevelt,neighbourhood,5.9059272,52.0047984
528,Het Dorp/Mariëndaal,het dorp mariendaal,neighbourhood,5.8748889,51.9909067
528,Sterrenberg,sterrenberg,neighbourhood,5.8819586,51.9933309
528,Gulden bodem,gulden bodem,neighbourhood,5.8919191,51.9933866
528,Hoogkamp,hoogkamp,neighbourhood,5.8789704,51.9959328
528,Angerenstein,angerenstein,neighbourhood,5.9372848,51.9925689
528,Heijenoord,heijenoord,neighbourhood,5.884915,51.9878607
528,Klingelbeek,klingelbeek,neighbourhood,5.8722396,51.9823827
528,Bakenhof,bakenhof,neighbourhood,5.9272509,51.9644453
528,Kronenburg,kronenburg,neighbourhood,5.8924322,51.9569256
528,Holthuizen,holthuizen,neighbourhood,5.9103008,51.9500243
528,Vredenburg,vredenburg,neighbourhood,5.9018495,51.953596
528,Elden,elden,hamlet,5.8832971,51.9581993
528,Statenkwartier,statenkwartier,neighbourhood,5.9282599,51.980505
528,Plattenburg,plattenburg,neighbourhood,5.9397296,51.9884426
528,Elsweide,elsweide,neighbourhood,5.9547609,51.9886657
528,Over het Lange Water,over het lange water,neighbourhood,5.9639065,51.9822154
528,Presikhaaf Ⅲ,presikhaaf iii,neighbourhood,5.9539204,51.9787687
528,Presikhaaf Ⅱ,presikhaaf ii,neighbourhood,5.9431403,51.981416
528,Presikhaaf Ⅰ,presikhaaf i,neighbourhood,5.9401215,51.9836459
528,Molenbeke,molenbeke,neighbourhood,5.9277866,51.9850901
528,Lombok,lombok,neighbourhood,5.8845105,51.9853675
528,Transvaalbuurt,transvaalbuurt,neighbourhood,5.9071491,51.9861592
528,Vogelkwartier,vogelkwartier,neighbourhood,5.9665409,52.1996403
528,Componistenkwartier,componistenkwartier,neighbourhood,5.9660997,52.1896912
528,Spinnerspark,spinnerspark,neighbourhood,5.1448796,51.5805688
528,Craenweide,craenweide,neighbourhood,5.1322518,51.5792503
528,Zeilberg,zeilberg,neighbourhood,5.8149004,51.4546922
528,Sint-Jozefparochie,sint-jozefparochie,neighbourhood,5.7859969,51.4521951
528,Walsberg,walsberg,neighbourhood,5.8043164,51.4731538
528,Heiakker,heiakker,neighbourhood,5.8092356,51.4662265
528,Koolhof,koolhof,neighbourhood,5.8029978,51.4566439
528,Houtenhoek,houtenhoek,neighbourhood,5.7846746,51.4639356
528,De Vennen,de vennen,neighbourhood,5.7741952,51.4625002
528,Vlier-Zuid,vlier-zuid,neighbourhood,5.7964414,51.4678607
528,Vlier-Noord,vlier-noord,neighbourhood,5.7941535,51.4691623
528,Beekse Akkers,beekse akkers,neighbourhood,5.6358817,51.5253366
528,"Foodcourt ""De Vrolijkheid""",foodcourt de vrolijkheid,locality,6.1190022,52.525105
528,Breezicht,breezicht,neighbourhood,6.0495477,52.5470218
528,Westenholte,westenholte,neighbourhood,6.0493019,52.5226207
528,Donk,donk,neighbourhood,5.6280256,51.5385008
528,Beek,beek,neighbourhood,5.6334156,51.5291017
528,Weibossen,weibossen,neighbourhood,5.572975,51.3853791
528,Engelse Tuin,engelse tuin,neighbourhood,5.5760896,51.3900539
528,Waterdael,waterdael,neighbourhood,5.7210887,51.38255
528,Loove,loove,neighbourhood,5.704518,51.3829173
528,Noord,noord,neighbourhood,5.7152369,51.3903765
528,Brinkhoek,brinkhoek,neighbourhood,6.1224178,52.535067
528,Goes-Zuid,goes-zuid,neighbourhood,3.8993425,51.4967743
528,Dukenburg,dukenburg,suburb,5.8012705,51.809016
528,Lindenholt,lindenholt,suburb,5.7867193,51.8332428
528,Nijmegen-Centrum,nijmegen-centrum,suburb,5.8639883,51.8457493
528,Nijmegen-Oud-West,nijmegen-oud-west,suburb,5.846709,51.8466502
528,Hoge Hoek,hoge hoek,neighbourhood,5.1382269,51.5922204
528,Woenderskamp,woenderskamp,neighbourhood,5.8504311,51.8681964
528,Zuiderveld,zuiderveld,neighbourhood,5.8504456,51.8846896
528,Grote Boel,grote boel,neighbourhood,5.8527673,51.8797396
528,De Elten,de elten,neighbourhood,5.8472855,51.8774352
528,De Boomgaard,de boomgaard,neighbourhood,5.8412884,51.8792552
528,Het Nijland,het nijland,neighbourhood,5.8372117,51.8811665
528,Nijmegen-Noord,nijmegen-noord,suburb,5.857538,51.8727805
528,Segbroek,segbroek,suburb,4.2674089,52.0770088
528,De Vissen,de vissen,neighbourhood,4.4138648,52.0642875
528,Velden,velden,neighbourhood,4.405753,52.0723216
528,De Caaien,de caaien,neighbourhood,4.3897049,52.053359
528,De Hoge Huizen,de hoge huizen,neighbourhood,4.3760462,52.0406622
528,Langedijke,langedijke,village,6.2793695,52.9637274
528,Voorhof,voorhof,neighbourhood,4.5400936,52.1602755
528,Zijlkwartier,zijlkwartier,neighbourhood,4.5184993,52.1607604
528,Ouderzorg,ouderzorg,neighbourhood,4.5237633,52.1568306
528,Waardeiland,waardeiland,neighbourhood,4.5163336,52.1570745
528,Vogelwijk,vogelwijk,neighbourhood,4.526762,52.161015
528,'t Heerlijk Recht,'t heerlijk recht,neighbourhood,4.5347908,52.1481493
528,Kerkwijk,kerkwijk,neighbourhood,4.5312216,52.1529946
528,Oranjewijk,oranjewijk,neighbourhood,4.5293295,52.1466872
528,Doeskwartier,doeskwartier,neighbourhood,4.5324063,52.1443847
528,Maarssenbroek,maarssenbroek,suburb,5.0260632,52.1329593
528,De Kooi,de kooi,neighbourhood,4.5108674,52.1651127
528,Noorderkwartier,noorderkwartier,neighbourhood,4.5012872,52.1663102
528,Maredijkbuurt,maredijkbuurt,neighbourhood,4.4879252,52.1666121
528,Groenoord,groenoord,neighbourhood,4.4940205,52.1701378
528,Noord-Hofland,noord-hofland,neighbourhood,4.457476,52.1435928
528,Fortuinwijk,fortuinwijk,neighbourhood,4.4718349,52.1413158
528,Boshuizen,boshuizen,neighbourhood,4.4708698,52.1499486
528,De Schansen,de schansen,neighbourhood,4.5240455,52.165329
528,Binnenhof,binnenhof,neighbourhood,4.5363943,52.1642992
528,Leyhof,leyhof,neighbourhood,4.5358698,52.171584
528,Buitenhof,buitenhof,neighbourhood,4.528905,52.1673979
528,Hoge Weide,hoge weide,neighbourhood,5.0694784,52.0904091
528,Parkwijk,parkwijk,neighbourhood,5.0570498,52.0900303
528,Moerkapelle,moerkapelle,village,4.5760986,52.0428304
528,Tuinstadwijk,tuinstadwijk,neighbourhood,4.4917289,52.1501356
528,Gasthuiswijk,gasthuiswijk,neighbourhood,4.4791669,52.1454434
528,Haagwegkwartier,haagwegkwartier,neighbourhood,4.4778115,52.1520823
528,Oostpolderwijk,oostpolderwijk,neighbourhood,4.6560903,52.0388492
528,Zuidplas '80,zuidplas '80,neighbourhood,4.6381632,52.0370935
528,Zuidplas '90,zuidplas '90,neighbourhood,4.6323963,52.0338522
528,Bomenwijk,bomenwijk,neighbourhood,4.646326,52.0431031
528,Vondelwijk,vondelwijk,neighbourhood,4.6520743,52.0561003
528,Oranjewijk Noord,oranjewijk noord,neighbourhood,4.6534077,52.0513265
528,Groenswaard 3,groenswaard 3,neighbourhood,4.6452394,52.0557625
528,Groenswaard 2,groenswaard 2,neighbourhood,4.6452846,52.0522175
528,Groenswaard 1,groenswaard 1,neighbourhood,4.6444885,52.0482525
528,Fochteloo,fochteloo,village,6.3346246,52.993346
528,Rijnvliet,rijnvliet,neighbourhood,5.0653368,52.0778035
528,Leeuwesteyn,leeuwesteyn,neighbourhood,5.0760875,52.0901381
528,Grauwaart,grauwaart,neighbourhood,5.0602746,52.0959897
528,Heuvelweg,heuvelweg,neighbourhood,4.6552241,52.1566185
528,Groenoord,groenoord,neighbourhood,4.6544002,52.1443696
528,Evenaar-Oost,evenaar-oost,neighbourhood,4.65644,52.1209392
528,Weteringpark,weteringpark,neighbourhood,4.6464512,52.1562929
528,Gnephoek,gnephoek,neighbourhood,4.6407933,52.1412624
528,Woubrugseweg,woubrugseweg,neighbourhood,4.6430927,52.1606018
528,Ridderbuurt,ridderbuurt,neighbourhood,4.6789287,52.1541718
528,Ambachtenbuurt,ambachtenbuurt,neighbourhood,4.6542889,52.1538578
528,Componistenbuurt,componistenbuurt,neighbourhood,4.6721432,52.1456938
528,Stromenbuurt,stromenbuurt,neighbourhood,4.6547224,52.1485945
528,Nuovaweg,nuovaweg,neighbourhood,4.6491169,52.1438587
528,Herenweg,herenweg,neighbourhood,4.6618903,52.1529543
528,Hoogendoornlaan,hoogendoornlaan,neighbourhood,4.6872663,52.1037334
528,Rijnhaven-West,rijnhaven-west,neighbourhood,4.6291541,52.1330566
528,Edelstenenbuurt,edelstenenbuurt,neighbourhood,4.6788182,52.14089
528,Horstenbuurt,horstenbuurt,neighbourhood,4.6660759,52.1517859
528,Bospark,bospark,neighbourhood,4.6543124,52.1329791
528,Ericapark,ericapark,neighbourhood,4.6798853,52.1451409
528,Burgtenbuurt,burgtenbuurt,neighbourhood,4.6743014,52.1490966
528,Evenaar-West,evenaar-west,neighbourhood,4.644689,52.1238585
528,Paddestoelenbuurt,paddestoelenbuurt,neighbourhood,4.6819879,52.149784
528,Rijnoord,rijnoord,neighbourhood,4.6607251,52.1438177
528,Planetenbuurt,planetenbuurt,neighbourhood,4.6701986,52.1420694
528,Zefierzijde,zefierzijde,neighbourhood,4.6399191,52.1203525
528,Weidebloemenbuurt,weidebloemenbuurt,neighbourhood,4.6863954,52.1454697
528,Steinenbuurt,steinenbuurt,neighbourhood,4.67624,52.1519989
528,Rijnhaven-Oost,rijnhaven-oost,neighbourhood,4.6414279,52.1374849
528,Kromme Aar,kromme aar,neighbourhood,4.6946798,52.1437951
528,Hazeveld,hazeveld,neighbourhood,4.6615169,52.1231811
528,Zeeheldenbuurt,zeeheldenbuurt,neighbourhood,4.6545806,52.1380925
528,Bomenbuurt,bomenbuurt,neighbourhood,4.6477214,52.132356
528,Rode Dorp,rode dorp,neighbourhood,4.6593892,52.1378697
528,Archeonbuurt,archeonbuurt,neighbourhood,4.6480478,52.1138406
528,De Oude Wereld,de oude wereld,neighbourhood,4.650163,52.1206858
528,Burgemeester Visserpark,burgemeester visserpark,neighbourhood,4.6608864,52.1313525
528,Nieuwe Sloot,nieuwe sloot,neighbourhood,4.6662714,52.137451
528,Gouwsluis,gouwsluis,neighbourhood,4.6698815,52.1193029
528,Polderpeilbuurt,polderpeilbuurt,neighbourhood,4.6589009,52.1170983
528,Vogelbuurt,vogelbuurt,neighbourhood,4.6663448,52.1329959
528,Kortsteekterbuurt,kortsteekterbuurt,neighbourhood,4.6942267,52.1150021
528,Rietveldsepad,rietveldsepad,neighbourhood,4.6468957,52.1061394
528,Europapleinbuurt,europapleinbuurt,neighbourhood,4.6525919,52.1262341
528,Vroonhoevebuurt,vroonhoevebuurt,neighbourhood,4.6421822,52.1175551
528,Jutphaas,jutphaas,neighbourhood,5.0937155,52.0378582
528,Liesbosch,liesbosch,neighbourhood,5.1128858,52.0507071
528,Laagraven,laagraven,neighbourhood,5.1227708,52.0519716
528,Lanen,lanen,neighbourhood,5.3515044,51.7363048
528,Hoven,hoven,neighbourhood,5.3513874,51.7305683
528,Broekland,broekland,neighbourhood,5.3639965,51.7326854
528,Brabantpoort,brabantpoort,locality,5.3376464,51.7190722
528,De Watertuinen,de watertuinen,neighbourhood,5.3723799,51.735924
528,De Vliert,de vliert,neighbourhood,5.3119981,51.6991368
528,De Muntel,de muntel,neighbourhood,5.3098701,51.6939452
528,Hintham,hintham,neighbourhood,5.3408968,51.7002768
528,Kattenbosch,kattenbosch,neighbourhood,5.3733873,51.7180671
528,Hondsberg,hondsberg,neighbourhood,5.3709349,51.7206055
528,'t Ven,'t ven,neighbourhood,5.3554244,51.7160895
528,Maliskamp,maliskamp,neighbourhood,5.3862039,51.7066449
528,Landgoed Coudewater,landgoed coudewater,neighbourhood,5.3695201,51.6998945
528,Molenhoek,molenhoek,neighbourhood,5.3671884,51.7095907
528,Sparrenburg,sparrenburg,neighbourhood,5.381518,51.7155449
528,Aawijk-Zuid,aawijk-zuid,neighbourhood,5.329361,51.6902593
528,Graafsebuurt-Zuid,graafsebuurt-zuid,neighbourhood,5.3265427,51.6949228
528,Aawijk-Noord,aawijk-noord,neighbourhood,5.3339678,51.6955542
528,Graafsebuurt-Noord,graafsebuurt-noord,neighbourhood,5.3251505,51.6975233
528,Hinthamerpoort,hinthamerpoort,neighbourhood,5.3198608,51.692984
528,Orthense Poort,orthense poort,neighbourhood,5.3027223,51.6997787
528,De Vutter,de vutter,locality,5.2651685,51.7134691
528,Ertveld,ertveld,locality,5.296182,51.7037994
528,De Rietvelden,de rietvelden,locality,5.2766759,51.7060113
528,Veemarktkwartier,veemarktkwartier,locality,5.2885154,51.7013957
528,De Kruiskamp,de kruiskamp,neighbourhood,5.2605618,51.6980939
528,De Schutskamp,de schutskamp,neighbourhood,5.2708921,51.6928647
528,Deuteren,deuteren,neighbourhood,5.2785322,51.6893892
528,Willemspoort,willemspoort,neighbourhood,5.2794377,51.6849825
528,Paleiskwartier,paleiskwartier,neighbourhood,5.2893805,51.6879481
528,Boschveld,boschveld,neighbourhood,5.289353,51.6935406
528,Bedrijventerrein Maaspoort,bedrijventerrein maaspoort,locality,5.2871647,51.724525
528,Maasvallei,maasvallei,neighbourhood,5.287708,51.7278716
528,Bedrijventerrein Noord,bedrijventerrein noord,locality,5.2958047,51.7144649
528,Orthen-West,orthen-west,neighbourhood,5.3014716,51.7055179
528,Orthen,orthen,neighbourhood,5.30409,51.7062755
528,Het Zand,het zand,neighbourhood,5.2967809,51.6904388
528,Vughterpoort,vughterpoort,neighbourhood,5.2940729,51.6799881
528,Het Bossche Broek,het bossche broek,neighbourhood,5.3049427,51.6778568
528,Zuid,zuid,neighbourhood,5.3184762,51.6793705
528,Bazeldonk,bazeldonk,neighbourhood,5.3212115,51.6855836
528,Pettelaarpark,pettelaarpark,neighbourhood,5.3324699,51.6782967
528,De Meerendonk,de meerendonk,neighbourhood,5.3331491,51.6822923
528,Gestelse Buurt,gestelse buurt,neighbourhood,5.3299119,51.6823204
528,De Hofstad,de hofstad,neighbourhood,5.3158634,51.6901517
528,De Bossche Pad,de bossche pad,neighbourhood,5.3181121,51.6891658
528,Grevelingen,grevelingen,neighbourhood,5.3228754,51.6895833
528,De Hambaken,de hambaken,neighbourhood,5.307263,51.7125667
528,De Edelstenenbuurt,de edelstenenbuurt,neighbourhood,5.3034298,51.7113768
528,De Muziekinstrumentenbuurt,de muziekinstrumentenbuurt,neighbourhood,5.2999624,51.7154
528,De Sprookjesbuurt,de sprookjesbuurt,neighbourhood,5.3058105,51.7157833
528,De Rompert,de rompert,neighbourhood,5.3134846,51.7167931
528,De Donk,de donk,neighbourhood,5.3214681,51.7179128
528,De Reit,de reit,neighbourhood,5.3309683,51.7169965
528,De Haren,de haren,neighbourhood,5.3248034,51.7139062
528,De Slagen,de slagen,neighbourhood,5.31725,51.7107433
528,De Herven,de herven,neighbourhood,5.3246449,51.7058756
528,De Buitenpepers,de buitenpepers,neighbourhood,5.3147523,51.7049217
528,Maasakker,maasakker,neighbourhood,5.3238752,51.7344379
528,Oud-Empel,oud-empel,hamlet,5.3032298,51.7355875
528,Maasoever,maasoever,neighbourhood,5.2822071,51.7344332
528,Het Zilverpark,het zilverpark,neighbourhood,5.2929146,51.729414
528,De Staatsliedenbuurt,de staatsliedenbuurt,neighbourhood,5.3011603,51.7308639
528,Maasstroom,maasstroom,neighbourhood,5.3061198,51.731239
528,Lokeren,lokeren,neighbourhood,5.3090363,51.7276426
528,Empel-Oost,empel-oost,neighbourhood,5.3337376,51.7318022
528,Abdijenbuurt,abdijenbuurt,neighbourhood,5.3134921,51.7246745
528,Maasdal,maasdal,neighbourhood,5.3077988,51.7234616
528,De Italiaanse Buurt,de italiaanse buurt,neighbourhood,5.3009887,51.7248475
528,Eikelkamp,eikelkamp,neighbourhood,5.5327518,51.6119326
528,Eikelkamp-Zuidkade,eikelkamp-zuidkade,locality,5.5295524,51.6133383
528,Oude Haven,oude haven,locality,5.527598,51.616384
528,Veghels Buiten,veghels buiten,neighbourhood,5.567757,51.6055219
528,Doornhoek,doornhoek,locality,5.5281791,51.6030755
528,De Dubbelen,de dubbelen,locality,5.5143324,51.6135445
528,De Bunders,de bunders,neighbourhood,5.5573287,51.6231632
528,De Amert,de amert,locality,5.5161057,51.6228025
528,Veghel-West,veghel-west,neighbourhood,5.536238,51.6129529
528,Veghel-Zuid,veghel-zuid,neighbourhood,5.550462,51.6109462
528,Leest,leest,neighbourhood,5.5414447,51.6085821
528,'t Ven,'t ven,neighbourhood,5.5577663,51.6327611
528,Kienehoef,kienehoef,neighbourhood,5.4562898,51.5727513
528,Kinderbos,kinderbos,neighbourhood,5.4477252,51.571016
528,Cathalijne,cathalijne,neighbourhood,5.4485062,51.5680424
528,Armenhoef,armenhoef,neighbourhood,5.4614172,51.5699303
528,De Hoef,de hoef,neighbourhood,5.4578895,51.5645667
528,Haverland,haverland,neighbourhood,5.4620548,51.5671043
528,Dommelrode,dommelrode,neighbourhood,5.4568859,51.5607671
528,Heikant,heikant,neighbourhood,5.467103,51.5724723
528,De Kampen,de kampen,locality,5.4707325,51.5748242
528,De Rooise Zoom,de rooise zoom,locality,5.4765013,51.5700663
528,Eerschot,eerschot,neighbourhood,5.4696047,51.5659804
528,Laagriebroek,laagriebroek,hamlet,5.9914504,51.5000691
528,Castenray,castenray,village,6.034807,51.4894867
528,Broekveld,broekveld,hamlet,6.0718745,50.9001707
528,Groenendijk,groenendijk,hamlet,4.5549719,52.1323372
528,Blaaksedijk,blaaksedijk,hamlet,4.5091799,51.8139109
528,Heinenoord,heinenoord,village,4.4800729,51.8269476
528,Nisse,nisse,village,3.8537696,51.4572483
528,'s-Heer Abtskerke,'s-heer abtskerke,village,3.8806854,51.4708513
528,Sluis,sluis,village,3.3874159,51.3083996
528,Borssele,borssele,village,3.7379392,51.4254902
528,Oudelande,oudelande,village,3.8531502,51.408339
528,Overbroek,overbroek,hamlet,5.9812639,51.4935639
528,Hoogriebroek,hoogriebroek,hamlet,6.0102711,51.5028028
528,Zandhoek,zandhoek,hamlet,6.0273681,51.5091911
528,Oirlo,oirlo,village,6.0363599,51.5109469
528,Onderwijsbuurt,onderwijsbuurt,neighbourhood,4.3936532,51.820055
528,Nieuweveen,nieuweveen,neighbourhood,4.4026667,52.0503173
528,Vrouwtjesland,vrouwtjesland,neighbourhood,4.3990862,52.0477162
528,Oostambacht,oostambacht,locality,4.4081714,52.0496328
528,Heronpark,heronpark,locality,4.4176943,52.050134
528,'s-Gravenhout,'s-gravenhout,neighbourhood,4.4104616,52.0442146
528,Achter het Raadhuis,achter het raadhuis,neighbourhood,4.4034591,52.0417594
528,Portland,portland,suburb,4.4755445,51.8561716
528,Buitenoord,buitenoord,neighbourhood,4.5452418,51.8469473
528,Dichters- en Schrijversbuurt,dichters- en schrijversbuurt,neighbourhood,4.1381546,51.8329062
528,Glaciswijk,glaciswijk,neighbourhood,4.1354871,51.8287496
528,Marinebuurt,marinebuurt,neighbourhood,4.1288845,51.8328183
528,Groote Weer Gors,groote weer gors,neighbourhood,4.1229686,51.8276467
528,Vesting,vesting,neighbourhood,4.1297334,51.8253638
528,Vogelbuurt,vogelbuurt,neighbourhood,4.1252927,51.8355321
528,Altena,altena,neighbourhood,4.1609279,51.8479612
528,Wagenzicht,wagenzicht,neighbourhood,4.1633766,51.8441014
528,Salem,salem,neighbourhood,4.1544121,51.8452971
528,Kruis Hoeffe,kruis hoeffe,neighbourhood,4.147153,51.8424091
528,Logendal,logendal,neighbourhood,4.1573625,51.8415233
528,Outjaar,outjaar,neighbourhood,4.1501864,51.8388122
528,Tolhoeck,tolhoeck,neighbourhood,4.145791,51.8365182
528,Kanaalzicht,kanaalzicht,neighbourhood,4.1375358,51.8260867
528,Gorsingen Hoeck,gorsingen hoeck,neighbourhood,4.1525558,51.8246153
528,Hooghen Hoeck,hooghen hoeck,neighbourhood,4.1513409,51.8279218
528,Wittens Hoeck,wittens hoeck,neighbourhood,4.1422293,51.8263269
528,Vlotbrug,vlotbrug,neighbourhood,4.149884,51.8333935
528,Koele Nacht,koele nacht,neighbourhood,4.1533934,51.8335084
528,Morgen Stont,morgen stont,neighbourhood,4.1663195,51.8331715
528,Hout Hoeffe,hout hoeffe,neighbourhood,4.1576795,51.8306266
528,Kickersbloem,kickersbloem,locality,4.1697698,51.8396304
528,Dorp en Hoonaart,dorp en hoonaart,neighbourhood,4.1307144,51.8365975
528,Kulck-Noord,kulck-noord,neighbourhood,4.1398599,51.8413252
528,Kulck-Zuid,kulck-zuid,neighbourhood,4.1405504,51.8365905
528,Bloemen- en Plantenbuurt,bloemen- en plantenbuurt,neighbourhood,4.1319519,51.8407261
528,Krimpen aan den IJssel,krimpen aan den ijssel,town,4.5887889,51.914403
528,Wilsveen,wilsveen,hamlet,4.4269238,52.0748284
528,De Buitenkans,de buitenkans,neighbourhood,5.3134469,52.3999425
528,Buitenvaart,buitenvaart,hamlet,5.2702242,52.4198598
528,De Vaart,de vaart,locality,5.24936,52.4075017
528,Waterwijk,waterwijk,neighbourhood,5.2300369,52.3894566
528,Lagekant,lagekant,locality,5.164773,52.3451264
528,Hogekant,hogekant,locality,5.1694494,52.3535736
528,'s-Gravenweg,'s-gravenweg,hamlet,4.623465,51.9635476
528,Papenveer,papenveer,hamlet,4.7272363,52.183136
528,Langeraar,langeraar,village,4.7097262,52.193177
528,Rozendaal,rozendaal,hamlet,4.844163,52.0158648
528,Ruigeweide,ruigeweide,hamlet,4.8298863,52.029818
528,Boven-Haastrecht,boven-haastrecht,hamlet,4.8001707,52.0114852
528,Willeskop,willeskop,hamlet,4.9088611,52.0236104
528,Weijpoort,weijpoort,hamlet,4.8030985,52.0810892
528,Weijland,weijland,hamlet,4.8076564,52.0806128
528,Hogewerf,hogewerf,neighbourhood,4.0395999,51.4961499
528,Schieoevers-Zuid,schieoevers-zuid,locality,4.3703422,51.986075
528,Bekenes,bekenes,hamlet,4.8342478,52.0780099
528,Lammerenburg,lammerenburg,neighbourhood,3.5592464,51.4679776
528,Rosenburg,rosenburg,neighbourhood,3.5643679,51.4619619
528,Bossenburgh,bossenburgh,neighbourhood,3.5724498,51.4633651
528,Westerzicht,westerzicht,neighbourhood,3.587148,51.4617397
528,Venhorst,venhorst,village,5.7386913,51.6081533
528,Kievitswaard,kievitswaard,hamlet,4.8216009,51.7921221
528,De Eilanden,de eilanden,neighbourhood,5.0151255,51.8366977
528,De Donken,de donken,neighbourhood,5.0107338,51.8310719
528,Centrum Hoog Dalem,centrum hoog dalem,neighbourhood,5.008006,51.8365952
528,Hollevoeterbrug,hollevoeterbrug,hamlet,4.5626275,52.0417518
528,Leerdam-West,leerdam-west,neighbourhood,5.0818076,51.8903441
528,De Geer,de geer,neighbourhood,5.3333755,51.9831936
528,De Horden,de horden,neighbourhood,5.3286612,51.9732436
528,Noorderwaard,noorderwaard,neighbourhood,5.3458563,51.9813509
528,Binnenstad,binnenstad,neighbourhood,5.3466184,51.9717479
528,De Engk,de engk,neighbourhood,5.3400309,51.97291
528,Frankenhof,frankenhof,neighbourhood,5.3415174,51.9760825
528,De Heul,de heul,neighbourhood,5.3372389,51.9788644
528,Krachtighuizen,krachtighuizen,hamlet,5.6201762,52.2375711
528,Rijnsweerd,rijnsweerd,neighbourhood,5.1544178,52.0900702
528,Watervogelbuurt,watervogelbuurt,neighbourhood,5.1272352,52.0787996
528,Stoepert,stoepert,neighbourhood,5.8314532,50.8725641
528,Broekhem,broekhem,neighbourhood,5.8240313,50.8708253
528,Berg,berg,hamlet,5.7804298,50.8621847
528,Malpertuis,malpertuis,neighbourhood,5.6618583,50.858362
528,Malberg,malberg,neighbourhood,5.6557682,50.8613574
528,Boschpoort,boschpoort,neighbourhood,5.6902026,50.8640467
528,Caberg,caberg,neighbourhood,5.671216,50.8594043
528,Oud-Caberg,oud-caberg,neighbourhood,5.6636614,50.8655914
528,Daalhof,daalhof,neighbourhood,5.6537034,50.8413155
528,Belfort,belfort,neighbourhood,5.6603091,50.8462929
528,Pottenberg,pottenberg,neighbourhood,5.6576836,50.8526553
528,Brusselsepoort,brusselsepoort,neighbourhood,5.6695189,50.8512146
528,Mariaberg,mariaberg,neighbourhood,5.6717111,50.8441383
528,Campagne,campagne,neighbourhood,5.6631735,50.8369784
528,Wolder,wolder,neighbourhood,5.6543796,50.8344639
528,Villapark,villapark,neighbourhood,5.6926445,50.8388699
528,Biesland,biesland,neighbourhood,5.6726863,50.8399137
528,Jekerdal,jekerdal,neighbourhood,5.6843085,50.8388469
528,Frontenkwartier,frontenkwartier,neighbourhood,5.6825271,50.8541648
528,Kommelkwartier,kommelkwartier,neighbourhood,5.6827639,50.8472428
528,Binnenstad,binnenstad,neighbourhood,5.6887558,50.8492705
528,Jekerkwartier,jekerkwartier,neighbourhood,5.6905467,50.84492
528,Randwyck,randwyck,neighbourhood,5.7104391,50.8358782
528,Heugem,heugem,neighbourhood,5.7060422,50.8295737
528,De Heeg,de heeg,neighbourhood,5.7243125,50.8262293
528,Vroendaal,vroendaal,neighbourhood,5.7308602,50.832125
528,Heer,heer,neighbourhood,5.7248515,50.8398493
528,Wyck,wyck,neighbourhood,5.7025267,50.8472896
528,Boschstraatkwartier,boschstraatkwartier,neighbourhood,5.6919184,50.8540425
528,Statenkwartier,statenkwartier,neighbourhood,5.6869772,50.8523379
528,Sint Maartenspoort,sint maartenspoort,neighbourhood,5.7007116,50.8528451
528,Nazareth,nazareth,neighbourhood,5.7140113,50.8635551
528,Limmel,limmel,neighbourhood,5.7080255,50.8658134
528,Wyckerpoort,wyckerpoort,neighbourhood,5.7083244,50.850862
528,Heugemerveld,heugemerveld,neighbourhood,5.7094389,50.8429839
528,Wittevrouwenveld,wittevrouwenveld,neighbourhood,5.7162972,50.853247
528,Scharn,scharn,neighbourhood,5.7237522,50.8478734
528,Amby,amby,neighbourhood,5.7319121,50.8617921
528,Oude Vaart,oude vaart,neighbourhood,3.8398069,51.3208852
528,Lievenspolder,lievenspolder,neighbourhood,3.8347156,51.3298154
528,Triniteit,triniteit,neighbourhood,3.8360537,51.3252269
528,Zuiderpark,zuiderpark,neighbourhood,3.8433346,51.3258301
528,Zuidpolder,zuidpolder,neighbourhood,3.8473946,51.3214605
528,Noordpolder,noordpolder,neighbourhood,3.8412522,51.3324462
528,Serlippens,serlippens,neighbourhood,3.850187,51.3310381
528,Binnenstad,binnenstad,neighbourhood,3.8249865,51.3363174
528,Java,java,neighbourhood,3.8327145,51.3360794
528,Katspolder,katspolder,neighbourhood,3.8559928,51.3198386
528,Oudelandse Hoeve,oudelandse hoeve,neighbourhood,3.8497881,51.3179094
528,De Vlierlanden,de vlierlanden,neighbourhood,6.4405344,52.5334729
528,Alteveer,alteveer,neighbourhood,6.4296244,52.5342069
528,Zeeheldenbuurt,zeeheldenbuurt,neighbourhood,6.4334393,52.5214494
528,De Strangen,de strangen,neighbourhood,6.4338031,52.5257275
528,Laarakkers,laarakkers,neighbourhood,6.4208301,52.5226048
528,Dante-Noord,dante-noord,neighbourhood,6.4143118,52.5279451
528,Dante-Zuid,dante-zuid,neighbourhood,6.4111089,52.5237341
528,Erflanden,erflanden,neighbourhood,6.4443417,52.7101632
528,Loo,loo,village,5.3358844,51.3076142
528,Sengelsbroek,sengelsbroek,hamlet,5.3373333,51.2931201
528,Lorbuorren,lorbuorren,hamlet,5.5769182,52.9033015
528,Windpark De Bjirmen,windpark de bjirmen,locality,5.51539,53.2160308
528,Windpark A7,windpark a7,locality,5.4348905,53.0931748
528,Wynpark Beabuorren,wynpark beabuorren,locality,5.4921567,53.0510093
528,Windmolenpark Riedpolder,windmolenpark riedpolder,locality,5.476322,53.1885284
528,Pruttieshoek,pruttieshoek,neighbourhood,6.6005507,52.573029
528,Hazenbos,hazenbos,neighbourhood,6.6056373,52.5635915
528,Norden,norden,neighbourhood,6.6071864,52.5677294
528,Heemserbos,heemserbos,neighbourhood,6.5955051,52.5679896
528,Heemse,heemse,suburb,6.6010757,52.5696847
528,Bloemenbuurt,bloemenbuurt,neighbourhood,6.4639152,52.6028566
528,Oranjebuurt,oranjebuurt,neighbourhood,6.4546927,52.6034406
528,Schepenbuurt,schepenbuurt,neighbourhood,6.447754,52.6014922
528,Kotermeerstal,kotermeerstal,neighbourhood,6.4680357,52.5960358
528,Bransveen,bransveen,neighbourhood,6.4723975,52.5983499
528,Vogelbuurt,vogelbuurt,neighbourhood,6.4533937,52.5965356
528,Componistenbuurt,componistenbuurt,neighbourhood,6.4632106,52.5978592
528,Zeeheldenbuurt,zeeheldenbuurt,neighbourhood,6.6230617,52.5726331
528,Garstlanden,garstlanden,neighbourhood,6.6701091,52.6037257
528,Loozermars,loozermars,neighbourhood,6.6657158,52.6041759
528,Marsch-Kruserbrink,marsch-kruserbrink,neighbourhood,6.6210007,52.5776251
528,Op de Luusch,op de luusch,locality,6.1213501,51.3620584
528,Swarte Beien,swarte beien,hamlet,5.5524782,53.1188967
528,De Venen,de venen,neighbourhood,6.5560143,53.015671
528,De Wallen,de wallen,neighbourhood,6.5579806,53.0139597
528,De Essen,de essen,neighbourhood,6.5670459,53.0147845
528,De Stukken,de stukken,neighbourhood,6.5583343,53.0195703
528,De Velden,de velden,neighbourhood,6.55316,53.0180646
528,De Heugten,de heugten,neighbourhood,6.5790686,53.0185393
528,De Hoven,de hoven,neighbourhood,6.5756771,53.0153923
528,De Goorns,de goorns,neighbourhood,6.5852277,53.0151434
528,De Beemden,de beemden,neighbourhood,6.5886335,53.0179034
528,De Stoepen,de stoepen,neighbourhood,6.5954317,53.0140707
528,De Hullen,de hullen,neighbourhood,6.5927906,53.018502
528,De Hamels,de hamels,neighbourhood,6.5977824,53.0210086
528,De Slagen,de slagen,neighbourhood,6.5944033,53.0218643
528,De Messchen,de messchen,neighbourhood,6.5965937,53.0256561
528,De Kleuven,de kleuven,neighbourhood,6.5918256,53.0234268
528,De Dreven,de dreven,neighbourhood,6.5859177,53.0215584
528,De Breeën,de breeen,neighbourhood,6.5791781,53.0212857
528,Mariënkroon,marienkroon,neighbourhood,5.1357681,51.5848718
528,Abdijhof,abdijhof,neighbourhood,5.1385904,51.5856355
528,Peazemerlannen,peazemerlannen,locality,6.1076697,53.4039633
528,Kromme Horne,kromme horne,locality,6.0264535,53.4024158
528,Balk,balk,village,5.5830455,52.8989296
528,Woudsend,woudsend,village,5.6283264,52.9439334
528,De Bargebek,de bargebek,hamlet,5.6042906,52.8905058
528,De Vinkebuorren,de vinkebuorren,hamlet,5.6097936,52.8791664
528,Kippenburg,kippenburg,hamlet,5.5434763,52.8741851
528,Kleine Hof,kleine hof,neighbourhood,4.3871478,52.0438532
528,Rose Parc,rose parc,neighbourhood,4.3862061,52.0429109
528,Oud-Urmond,oud-urmond,neighbourhood,5.7660582,50.9921614
528,Urmond,urmond,village,5.7717119,50.9911568
528,De Kooy,de kooy,hamlet,4.7946,52.9135478
528,Wanssum,wanssum,village,6.078701,51.5358211
528,Woongebied Polanen,woongebied polanen,neighbourhood,4.1951672,52.0343907
528,Lutsmond,lutsmond,hamlet,5.5985066,52.9033538
528,Ravenswoud,ravenswoud,village,6.3799002,52.9645683
528,Knooppunt Drie Klauwen,knooppunt drie klauwen,locality,3.7429615,51.4576884
528,De Paden,de paden,neighbourhood,5.9303502,52.5318058
528,De Erven,de erven,neighbourhood,5.9264037,52.5333917
528,Sluiskil,sluiskil,village,3.8350654,51.2779511
528,Britswert,britswert,village,5.6721117,53.1125565
528,Boazum,boazum,village,5.6967947,53.088549
528,Baarderburen,baarderburen,hamlet,5.4885265,53.1299819
528,Vechten,vechten,hamlet,5.1718557,52.0635862
528,Onderwierum,onderwierum,hamlet,6.5786263,53.3268421
528,Westeinde,westeinde,hamlet,4.4820168,52.1121789
528,Haardijk F,haardijk f,neighbourhood,6.5877218,52.5753667
528,Haardijk D,haardijk d,neighbourhood,6.5929134,52.5767974
528,Haardijk C,haardijk c,neighbourhood,6.5956506,52.5778017
528,Haardijk B,haardijk b,neighbourhood,6.5928341,52.5740873
528,Haardijk A,haardijk a,neighbourhood,6.5986058,52.5751317
528,Vlinder,vlinder,neighbourhood,6.6051829,52.5801906
528,De Cirkel,de cirkel,neighbourhood,6.6115026,52.5823869
528,De Lanen,de lanen,neighbourhood,6.5999499,52.5788128
528,Vogelbuurt,vogelbuurt,neighbourhood,6.6084616,52.575651
528,De Brink,de brink,neighbourhood,6.6111555,52.5736906
528,Spaanskamp,spaanskamp,neighbourhood,6.6070128,52.5731506
528,Nieuwe Burgerkampen,nieuwe burgerkampen,neighbourhood,6.6370717,52.5658549
528,Baalder-Esch,baalder-esch,neighbourhood,6.6393618,52.5877407
528,Kop van Broeklanden,kop van broeklanden,neighbourhood,6.6531141,52.5499452
528,Broeklanden-Zuid,broeklanden-zuid,neighbourhood,6.642882,52.5480914
528,Oranjebuurt,oranjebuurt,neighbourhood,6.6265797,52.5742675
528,Stationsgebied,stationsgebied,neighbourhood,6.5649032,53.2113651
528,Westerhaven,westerhaven,neighbourhood,6.5579685,53.2150852
528,Binnenstad-Oost,binnenstad-oost,neighbourhood,6.572772,53.2209161
528,Ebbingekwartier,ebbingekwartier,neighbourhood,6.5647183,53.2252594
528,Damsterkwartier,damsterkwartier,neighbourhood,6.5770143,53.2171851
528,A-kwartier,a-kwartier,neighbourhood,6.5605681,53.2183677
528,Sterrebosbuurt,sterrebosbuurt,neighbourhood,6.5746977,53.2024302
528,De Wijert-Zuid,de wijert-zuid,neighbourhood,6.5735507,53.1894923
528,De Wijert-Noord,de wijert-noord,neighbourhood,6.5696269,53.1964183
528,De Meeuwen,de meeuwen,neighbourhood,6.5823643,53.2135386
528,Herewegbuurt,herewegbuurt,neighbourhood,6.5751202,53.2081339
528,Badstratenbuurt,badstratenbuurt,neighbourhood,6.5569348,53.2122192
528,Zeeheldenbuurt,zeeheldenbuurt,neighbourhood,6.5517583,53.2124361
528,Laanhuizen,laanhuizen,neighbourhood,6.5531467,53.2088028
528,Grunobuurt,grunobuurt,neighbourhood,6.5597569,53.2066154
528,Martini Trade Park,martini trade park,neighbourhood,6.5550332,53.2031443
528,De Velden,de velden,neighbourhood,6.5797987,53.2275444
528,Vogelbuurt,vogelbuurt,neighbourhood,6.5819719,53.2302456
528,Gorechtbuurt,gorechtbuurt,neighbourhood,6.5780782,53.2240569
528,Florabuurt,florabuurt,neighbourhood,6.5901214,53.2263337
528,Damsterdiep,damsterdiep,neighbourhood,6.5894272,53.2211927
528,Damsterbuurt,damsterbuurt,neighbourhood,6.5819266,53.2188568
528,Het Blauwe Dorp,het blauwe dorp,neighbourhood,6.5857297,53.2239801
528,Paddepoel-Zuid,paddepoel-zuid,neighbourhood,6.5430353,53.2258278
528,Paddepoel-Noord,paddepoel-noord,neighbourhood,6.5382663,53.2321156
528,Kop Indische buurt,kop indische buurt,neighbourhood,6.561749,53.227987
528,West-Indische buurt,west-indische buurt,neighbourhood,6.5723434,53.2361805
528,Concordiabuurt,concordiabuurt,neighbourhood,6.5513961,53.2286285
528,Studentenbuurt,studentenbuurt,neighbourhood,6.5538485,53.2298571
528,Noorderplantsoenbuurt,noorderplantsoenbuurt,neighbourhood,6.5535693,53.2265144
528,Kostverloren,kostverloren,neighbourhood,6.543488,53.2163221
528,Oranjebuurt,oranjebuurt,neighbourhood,6.5478948,53.2213824
528,Reitdiepswaard,reitdiepswaard,neighbourhood,6.53504,53.2268371
528,Hoendiep,hoendiep,neighbourhood,6.533769,53.2149846
528,Gesteentenkwartier,gesteentenkwartier,neighbourhood,6.5255591,53.2218884
528,Metalenkwartier,metalenkwartier,neighbourhood,6.53229,53.223045
528,Peizerweg,peizerweg,neighbourhood,6.5395944,53.2084774
528,De Buitenhof,de buitenhof,neighbourhood,6.5284869,53.200577
528,Kranenburg,kranenburg,neighbourhood,6.5234463,53.1982808
528,Bangeweer,bangeweer,locality,6.5249253,53.2061137
528,Suikerfabriekterrein,suikerfabriekterrein,neighbourhood,6.5386587,53.210999
528,De Kring,de kring,neighbourhood,6.5221635,53.2011465
528,Eilandzone,eilandzone,neighbourhood,6.5223295,53.2425932
528,Heemwerd,heemwerd,neighbourhood,6.5164135,53.2412204
528,Hoornse Park,hoornse park,neighbourhood,6.5472459,53.1857305
528,Piccardthof,piccardthof,neighbourhood,6.5408621,53.1827461
528,Cortinghborg,cortinghborg,neighbourhood,6.562398,53.2369572
528,Stainkoel'n,stainkoel'n,neighbourhood,6.6225799,53.1992865
528,Kop van Oost,kop van oost,neighbourhood,6.5837527,53.2172709
528,Europapark,europapark,neighbourhood,6.5889933,53.2079147
528,De Linie,de linie,neighbourhood,6.5834207,53.2074199
528,Coendersborg,coendersborg,neighbourhood,6.5892111,53.1983027
528,Villabuurt,villabuurt,neighbourhood,6.5867408,53.190704
528,Klein Martijn,klein martijn,neighbourhood,6.5956751,53.1963098
528,Oosterhoogebrug,oosterhoogebrug,neighbourhood,6.6016977,53.2288815
528,Ruischerwaard,ruischerwaard,neighbourhood,6.6190561,53.2294614
528,Ruischerbrug,ruischerbrug,neighbourhood,6.630243,53.2322203
528,Ulgersmaborg,ulgersmaborg,neighbourhood,6.5963229,53.2326412
528,Zilvermeer,zilvermeer,neighbourhood,6.6051819,53.237504
528,Hunzepark,hunzepark,neighbourhood,6.6014321,53.2365034
528,Drielanden,drielanden,neighbourhood,6.6181343,53.2426468
528,Beijum-west,beijum-west,neighbourhood,6.5881688,53.2482961
528,Beijum-oost,beijum-oost,neighbourhood,6.6006017,53.250203
528,Van Starkenborgh,van starkenborgh,neighbourhood,6.5741897,53.2392699
528,De Hunze,de hunze,neighbourhood,6.5784497,53.2424802
528,Het Witte Lam,het witte lam,neighbourhood,6.5744264,53.2464551
528,Noorderhoogebrug,noorderhoogebrug,neighbourhood,6.5686202,53.2437218
528,Koningslaagte,koningslaagte,locality,6.5583173,53.2591325
528,Zuidbuurt,zuidbuurt,hamlet,4.5035587,52.1095312
528,Reeuwijk-Dorp,reeuwijk-dorp,village,4.6911146,52.0551326
528,Oud-Reeuwijk,oud-reeuwijk,hamlet,4.7163034,52.0570714
528,Tempel,tempel,hamlet,4.705255,52.0673456
528,Groot Hitland,groot hitland,hamlet,4.6324853,51.9377014
528,Hogebrug,hogebrug,hamlet,4.8023996,52.0261273
528,Langeweide,langeweide,hamlet,4.7943175,52.0513305
528,Sluipwijk,sluipwijk,hamlet,4.741182,52.0387123
528,Bomenwijk,bomenwijk,neighbourhood,4.6089235,51.9618783
528,Bovenkerk,bovenkerk,hamlet,4.788188,51.9746662
528,Benedenheul,benedenheul,hamlet,4.7378309,51.9604481
528,Benedenkerk,benedenkerk,hamlet,4.7597829,51.9698355
528,Koolwijk,koolwijk,hamlet,4.7668736,51.958817
528,Korteraar,korteraar,hamlet,4.7285291,52.1669527
528,Noordse Dorp,noordse dorp,hamlet,4.8389918,52.1689481
528,Slikkendam,slikkendam,hamlet,4.8639671,52.1542966
528,Achttienhoven,achttienhoven,hamlet,4.8591591,52.1471378
528,Meerewijck,meerewijck,neighbourhood,4.6639653,52.2262006
528,Achthuizen,achthuizen,hamlet,4.6907113,51.8848161
528,Nieuwdorp,nieuwdorp,neighbourhood,5.7728543,50.9621677
528,Kerensheide,kerensheide,neighbourhood,5.772335,50.9749354
528,Rivierenbuurt,rivierenbuurt,neighbourhood,4.326274,52.0752968
528,Oude Molen,oude molen,hamlet,6.2878118,52.2606153
528,Nieuwemolen,nieuwemolen,hamlet,4.4518258,51.6398838
528,Asterd,asterd,neighbourhood,4.7556149,51.6243667
528,Heksenwiel,heksenwiel,neighbourhood,4.7437531,51.6222524
528,Overkroeten,overkroeten,neighbourhood,4.7372261,51.6259046
528,Kroeten,kroeten,neighbourhood,4.7289144,51.6213733
528,Muizenberg,muizenberg,neighbourhood,4.7255954,51.6159814
528,Kesteren,kesteren,neighbourhood,4.725337,51.6073355
528,Kievitsloop,kievitsloop,neighbourhood,4.7455813,51.6125931
528,Gageldonk,gageldonk,neighbourhood,4.7422578,51.604265
528,Betondorp,betondorp,neighbourhood,4.943168,52.3404054
528,Biesbosch,biesbosch,neighbourhood,4.9462065,52.3289668
528,Westlandgracht,westlandgracht,neighbourhood,4.8380133,52.3517795
528,Sloten,sloten,village,4.7977487,52.3417672
528,Park Haagseweg,park haagseweg,neighbourhood,4.8249931,52.3437922
528,De Eendracht,de eendracht,neighbourhood,4.7904984,52.380762
528,Kolenkitbuurt,kolenkitbuurt,neighbourhood,4.8414043,52.3796239
528,Ter Laan,ter laan,hamlet,6.6153739,53.3142378
528,Groene Lint,groene lint,neighbourhood,6.5311604,53.1907521
528,Hoogeweg,hoogeweg,locality,4.4617709,52.2191703
528,Blauwe Zoom,blauwe zoom,neighbourhood,4.8133272,51.8279334
528,Schaapsdrift,schaapsdrift,locality,5.8547933,52.0108493
528,Wolfswinkel,wolfswinkel,hamlet,5.4915011,51.5252156
528,Bovenkerk,bovenkerk,neighbourhood,4.83338,52.2926988
528,Zuiderpark,zuiderpark,neighbourhood,6.572883,53.2124301
528,Davidstraatbuurt,davidstraatbuurt,neighbourhood,6.5694609,53.2098783
528,Peizerhoeve,peizerhoeve,neighbourhood,6.5267363,53.2028912
528,Peizerhoven,peizerhoven,neighbourhood,6.5300489,53.2036664
528,Bisschopskwartier,bisschopskwartier,neighbourhood,6.5647824,53.2207454
528,Gabriël,gabriel,neighbourhood,6.5065662,53.2049093
528,Bandringa,bandringa,neighbourhood,6.5152364,53.201133
528,Minerva,minerva,neighbourhood,6.5081999,53.2027229
528,Ruskenveen,ruskenveen,neighbourhood,6.5134367,53.2033681
528,De Bannink,de bannink,hamlet,6.2547698,52.2512148
528,Oldenzijl,oldenzijl,village,6.7159927,53.3936923
528,Winneweer,winneweer,village,6.7443251,53.3110117
528,Aalsum,aalsum,village,6.0049843,53.3387946
528,Eekwerderdraai,eekwerderdraai,hamlet,6.7971436,53.3151792
528,Eekwerd,eekwerd,hamlet,6.7996809,53.3237481
528,Kuilenrode,kuilenrode,hamlet,5.1324804,51.3985489
528,Schadewijk,schadewijk,hamlet,5.3398489,51.3583633
528,Noordschans,noordschans,hamlet,4.5261338,51.6793635
528,Bergen,bergen,town,4.7011616,52.6702278
528,Rottevalle,rottevalle,village,6.1030877,53.1452083
528,Nieuw Sluis,nieuw sluis,neighbourhood,4.3429225,51.902175
528,Koningskwartier,koningskwartier,neighbourhood,4.5947501,52.00567
528,Zevenrozenhof,zevenrozenhof,neighbourhood,4.5929429,52.0122887
528,Duifhuis,duifhuis,hamlet,5.6837435,51.718782
528,Riel,riel,hamlet,5.5232365,51.4239089
528,Springheuvel,springheuvel,locality,5.113551,51.6461025
528,Kokkelert,kokkelert,hamlet,5.8050098,51.0828723
528,Oude Kooi,oude kooi,locality,4.8197518,52.1481735
528,Brongergea,brongergea,hamlet,5.9811159,52.952903
528,De Grassen,de grassen,neighbourhood,5.2244696,51.701372
528,De Woerd,de woerd,neighbourhood,4.4382996,52.1711259
528,Hempensermeerpolder,hempensermeerpolder,locality,5.8437972,53.1642528
528,Geerpark,geerpark,neighbourhood,5.2015599,51.700059
528,Ronde Huis,ronde huis,locality,5.800886,52.3598942
528,Louwsmar polder,louwsmar polder,locality,5.8806932,53.1880027
528,De Greate Wergeastermar,de greate wergeastermar,locality,5.8329677,53.1404659
528,Hof Domburg,hof domburg,hamlet,3.4897091,51.5591509
528,Saaksum,saaksum,village,6.4179702,53.313666
528,Stuivezand,stuivezand,hamlet,4.6787256,51.4883763
528,Heuveltje,heuveltje,hamlet,5.139835,51.5978429
528,De Pôle,de pole,hamlet,5.6673379,53.0580511
528,Posterholt,posterholt,village,6.0394009,51.1184343
528,Sumatra,sumatra,locality,5.6419478,52.0919159
528,Groot Zonneoord,groot zonneoord,locality,5.6540589,52.065111
528,Roekelse Zand,roekelse zand,locality,5.7396364,52.093163
528,Trivium,trivium,locality,4.66407,51.5710641
528,Attelaken,attelaken,locality,4.6657395,51.5844148
528,Vossendaal,vossendaal,locality,4.6134827,51.5724699
528,Vosdonk,vosdonk,locality,4.6107831,51.5647215
528,De Hel,de hel,locality,5.5778984,52.0115992
528,De Blauwe Hel,de blauwe hel,locality,5.5728129,52.0143
528,Nijmegen-Nieuw-West,nijmegen-nieuw-west,suburb,5.8252342,51.8433554
528,Nijmegen-Zuid,nijmegen-zuid,suburb,5.844288,51.8128436
528,Nijmegen-Midden,nijmegen-midden,suburb,5.8368966,51.8237952
528,Nijmegen-Oost,nijmegen-oost,suburb,5.8779855,51.834123
528,Dintelsas,dintelsas,hamlet,4.3757706,51.6514938
528,Heijningen,heijningen,village,4.4100072,51.6565557
528,Driehoek,driehoek,hamlet,4.438502,51.646028
528,Oude Stoof,oude stoof,hamlet,4.5175441,51.6526658
528,Bleijenbeek,bleijenbeek,hamlet,6.0514511,51.6364869
528,Groote Horst,groote horst,hamlet,6.0923494,51.6420825
528,Rimpelt,rimpelt,hamlet,6.0290024,51.6341563
528,Afferden,afferden,village,6.0142314,51.6346249
528,Hengeland,hengeland,hamlet,5.999081,51.6438835
528,Bergsche Heide,bergsche heide,hamlet,6.055984,51.5952504
528,Zeelberg,zeelberg,hamlet,6.1419126,51.5245939
528,Waayenstein,waayenstein,neighbourhood,5.8465959,51.8714814
528,Vossenpels,vossenpels,neighbourhood,5.875706,51.8691709
528,Visveld,visveld,neighbourhood,5.8689471,51.8695668
528,Veur Lent,veur lent,neighbourhood,5.8681594,51.8542832
528,Pelseland,pelseland,neighbourhood,5.873103,51.8754326
528,Ossenwaard,ossenwaard,locality,5.8456026,51.859097
528,Lotwaard,lotwaard,locality,5.8509552,51.8603212
528,Lentsewaard,lentsewaard,locality,5.877939,51.8608556
528,Lentse veld,lentse veld,neighbourhood,5.8631581,51.8665846
528,Laauwik,laauwik,neighbourhood,5.8620991,51.8713983
528,Koudenhoek,koudenhoek,neighbourhood,5.8574259,51.8689695
528,Hoge Bongerd,hoge bongerd,neighbourhood,5.8622505,51.8594602
528,Hof van Holland,hof van holland,neighbourhood,5.8543457,51.8639843
528,Dorp Lent,dorp lent,neighbourhood,5.8679066,51.8630871
528,De Stelt,de stelt,neighbourhood,5.8716706,51.8605858
528,Kralingen-West,kralingen-west,neighbourhood,4.5053735,51.9250864
528,Rubroek,rubroek,neighbourhood,4.4923246,51.9280472
528,Dijkzigt,dijkzigt,neighbourhood,4.4713068,51.9124358
528,Scheepvaartkwartier,scheepvaartkwartier,neighbourhood,4.4774276,51.9093549
528,CS-Kwartier,cs-kwartier,neighbourhood,4.4701964,51.923424
528,Centrum,centrum,suburb,4.4798986,51.9199618
528,Blijdorpse Polder,blijdorpse polder,neighbourhood,4.4394261,51.9278148
528,Oud-Crooswijk,oud-crooswijk,neighbourhood,4.4915897,51.9319058
528,Kralingen-Oost,kralingen-oost,neighbourhood,4.5250851,51.922147
528,Wilhelminapier,wilhelminapier,neighbourhood,4.4877742,51.9057418
528,Kleinpolder-West,kleinpolder-west,neighbourhood,4.428881,51.9339838
528,Kleinpolder-Oost,kleinpolder-oost,neighbourhood,4.4370872,51.9369828
528,Reigerslo,reigerslo,locality,5.5870414,51.4315645
528,'t Kret,'t kret,hamlet,6.349947,53.2019315
528,Eigen Haard,eigen haard,locality,5.568637,52.895697
528,Welgelegen,welgelegen,neighbourhood,5.5779298,52.9004865
528,De Vijfhuizen,de vijfhuizen,hamlet,4.5491279,51.9897135
528,Ambtswaard,ambtswaard,locality,5.9001706,51.8774149
528,Neede,neede,village,6.6113394,52.1350286
528,Overkoren,overkoren,locality,6.1191526,51.368207
528,Boekelte,boekelte,hamlet,6.18667,52.9300021
528,Pionierskwartier,pionierskwartier,neighbourhood,4.3624587,51.9932891
528,Oosterduinen,oosterduinen,neighbourhood,6.4739341,53.0756806
528,Haag,haag,hamlet,5.9225723,51.5204218
528,Weverslo,weverslo,hamlet,5.9282996,51.5115656
528,Van Weringsbos,van weringsbos,locality,6.6947561,53.0732703
528,Ouddorp,ouddorp,town,3.9359204,51.8093104
528,Laarwoudbos,laarwoudbos,locality,6.6913556,53.0956071
528,Oranjeplaat,oranjeplaat,hamlet,3.7101556,51.511481
528,Velswijk,velswijk,village,6.3064206,52.0100925
528,Sponturfwijk,sponturfwijk,hamlet,6.4269349,52.6072811
528,De Pol,de pol,hamlet,6.4145243,52.6036763
528,Den Westerhuis,den westerhuis,hamlet,6.362291,52.6250986
528,Den Oosterhuis,den oosterhuis,hamlet,6.4262523,52.6190226
528,De Mulderij,de mulderij,hamlet,6.450128,52.6081053
528,Benedenvaart,benedenvaart,hamlet,6.3651583,52.5986849
528,Den Huizen,den huizen,hamlet,6.3805005,52.6118563
528,De Haar,de haar,hamlet,6.3693955,52.614444
528,Ommerschans,ommerschans,hamlet,6.3923719,52.5899224
528,Den Kaat,den kaat,hamlet,6.3993081,52.6148089
528,De Maat,de maat,hamlet,6.3064206,52.6050284
528,Pieperij,pieperij,hamlet,6.3700506,52.6401729
528,Strooiendorp,strooiendorp,hamlet,6.4335023,52.6091045
528,Oud-Avereest,oud-avereest,hamlet,6.3675307,52.6218698
528,Den Dool,den dool,hamlet,4.9576811,51.9102741
528,De Kooi,de kooi,hamlet,4.9471495,51.8600997
528,De Hem,de hem,neighbourhood,4.8336431,51.9442595
528,Cillaarshoek,cillaarshoek,hamlet,4.5471194,51.7730756
528,Broekhuizen,broekhuizen,hamlet,4.6865112,52.0069968
528,Broek,broek,hamlet,4.6793255,52.0149592
528,Bovenberg,bovenberg,hamlet,4.817706,51.9501613
528,Bommelskous,bommelskous,hamlet,4.4262699,51.760738
528,Blokland,blokland,hamlet,4.782671,52.213383
528,Bilwijk,bilwijk,hamlet,4.765529,51.9832414
528,Benedenberg,benedenberg,hamlet,4.7619604,51.9370171
528,Battenoord,battenoord,hamlet,4.1280203,51.7074067
528,Arkel,arkel,village,4.993608,51.8634805
528,Achterbroek,achterbroek,hamlet,4.6999866,51.9688192
528,Aarlanderveen,aarlanderveen,village,4.7285521,52.1413596
528,Hogeveen,hogeveen,hamlet,4.5811687,52.0778197
528,Hitsertse Kade,hitsertse kade,hamlet,4.3671298,51.737992
528,Havenhoofd,havenhoofd,hamlet,4.0073356,51.8300443
528,Goudswaard,goudswaard,village,4.2793089,51.7935773
528,Gijbeland,gijbeland,neighbourhood,4.8190793,51.8758903
528,Giessen-Oudekerk,giessen-oudekerk,village,4.8659925,51.8441026
528,Gelkenes,gelkenes,hamlet,4.8398671,51.9389588
528,Draaibrug,draaibrug,hamlet,4.6860069,52.0726003
528,De Wijk van je Leven,de wijk van je leven,neighbourhood,4.5613432,51.80273
528,Kuipersveer,kuipersveer,hamlet,4.5540744,51.8224469
528,Kooiwijk,kooiwijk,hamlet,4.6941179,51.8656569
528,Kleine-Lindt,kleine-lindt,hamlet,4.572591,51.8281944
528,Keizersdijk,keizersdijk,hamlet,4.5474815,51.7568734
528,Zuidhoek,zuidhoek,hamlet,4.763909,52.1330468
528,Zuidbroek,zuidbroek,hamlet,4.7276804,51.9358517
528,Zinkweg,zinkweg,hamlet,4.3891239,51.8018845
528,Zevenhuizen,zevenhuizen,hamlet,4.5576297,52.1954505
528,Driebruggen,driebruggen,village,4.8026884,52.0446948
528,Westeinde,westeinde,hamlet,4.5611608,52.0960957
528,Weipoort,weipoort,hamlet,4.5227931,52.1132426
528,Stompwijk,stompwijk,village,4.4711432,52.0947033
528,Steenplaats,steenplaats,hamlet,4.5713505,51.7331333
528,Sint Anthoniepolder,sint anthoniepolder,hamlet,4.5320159,51.7976847
528,Schuwacht,schuwacht,hamlet,4.6520689,51.8917358
528,Schuring,schuring,hamlet,4.4817299,51.729982
528,Schenkeldijk,schenkeldijk,hamlet,4.3831158,51.7431714
528,Schenkeldijk,schenkeldijk,hamlet,4.6036068,51.7409675
528,Vliet,vliet,hamlet,4.8522221,52.017886
528,Spijk,spijk,village,5.0078586,51.8558324
528,Rietveld,rietveld,hamlet,5.0076735,51.8597767
528,Rietveld,rietveld,hamlet,4.6276796,52.1036386
528,Overslingeland,overslingeland,hamlet,4.9269605,51.8821405
528,Oudesluis,oudesluis,hamlet,4.4444253,51.7599075
528,Oudendijk,oudendijk,hamlet,4.4871451,51.7772726
528,Opperduit,opperduit,hamlet,4.7424138,51.9066709
528,Oostdijk,oostdijk,hamlet,3.958683,51.826632
528,Ofwegen,ofwegen,hamlet,4.6048969,52.1630098
528,Nieuwerbrug aan den Rijn,nieuwerbrug aan den rijn,village,4.8131034,52.077429
528,Noordeinde,noordeinde,hamlet,4.7735113,52.193115
528,Negenhuizen,negenhuizen,hamlet,4.3291477,51.9605757
528,Minkeloos,minkeloos,hamlet,4.971233,51.8923151
528,Middelsluis,middelsluis,hamlet,4.4398988,51.7407159
528,Mariapolder,mariapolder,isolated_dwelling,4.6179968,51.7240259
528,Maasdijk,maasdijk,hamlet,4.4738675,51.79202
528,Loete,loete,hamlet,4.640007,52.088301
528,Liesveld,liesveld,hamlet,4.8321927,51.9315551
528,Oosthoek,oosthoek,hamlet,4.3367189,51.8002856
528,Piershil,piershil,village,4.3154865,51.7934314
528,Zwartsluisje,zwartsluisje,hamlet,4.325223,51.7769053
528,Zuidzijde,zuidzijde,hamlet,4.3652442,51.7815418
528,Vuurbaken,vuurbaken,hamlet,4.3923533,51.7858527
528,Cattenbroek,cattenbroek,hamlet,4.9296306,52.0692378
528,Veldzicht,veldzicht,isolated_dwelling,3.5333168,51.3449418
528,Kapellebrug,kapellebrug,village,4.06573,51.2525693
528,Haren,haren,town,6.6061413,53.1709841
528,Edam,edam,town,5.0562845,52.5119116
528,Poepershoek,poepershoek,hamlet,6.0194987,52.6709433
528,Sint Gerlach,sint gerlach,hamlet,5.801501,50.8717872
528,Schokkerhaven,schokkerhaven,hamlet,5.7472014,52.6126054
528,Poldervlak,poldervlak,neighbourhood,5.2645889,52.4016972
528,Ketelhaven,ketelhaven,hamlet,5.7614171,52.5781494
528,Indischebuurt,indischebuurt,neighbourhood,5.304755,52.4039637
528,Haven Centrum,haven centrum,neighbourhood,5.2177602,52.3323037
528,Harderhaven,harderhaven,hamlet,5.6138246,52.3700061
528,Centrum,centrum,neighbourhood,5.2182617,52.3744039
528,Klazienaveen-Noord,klazienaveen-noord,village,7.0024371,52.7727127
528,Blauwe Keet,blauwe keet,locality,4.7808444,52.8946357
528,Bikbergen,bikbergen,hamlet,5.1943874,52.28617
528,Huisduinen,huisduinen,hamlet,4.724993,52.95308
528,De Goorn,de goorn,village,4.9464601,52.62715
528,Berkmeer,berkmeer,hamlet,4.9012113,52.6865873
528,Midwoud,midwoud,village,5.0758874,52.7184236
528,Bartelsluis,bartelsluis,hamlet,4.8136291,52.4873798
528,Bargen,bargen,isolated_dwelling,4.8351002,53.0843911
528,Noord-Bakkum,noord-bakkum,hamlet,4.6629077,52.5778528
528,Bakkum,bakkum,village,4.6547672,52.5657651
528,Axwijk,axwijk,hamlet,5.0146124,52.5311532
528,Assum,assum,hamlet,4.7029719,52.516784
528,Nes aan de Amstel,nes aan de amstel,village,4.8719215,52.2592764
528,Aagtdorp,aagtdorp,hamlet,4.7038825,52.6890619
528,'t Slot,'t slot,hamlet,5.0759089,52.7522238
528,'t Westeinde,'t westeinde,hamlet,5.0711989,52.7492885
528,'t Wad,'t wad,hamlet,4.8323107,52.8013928
528,'t Rijpje,'t rijpje,hamlet,4.7474268,52.7533082
528,'t Buurtje,'t buurtje,hamlet,4.7437227,52.806794
528,Noordermeer,noordermeer,hamlet,4.9747762,52.675177
528,Noorderbuurt,noorderbuurt,hamlet,4.9243641,52.896736
528,Noorddijk,noorddijk,hamlet,4.9069726,52.6362339
528,Noordburenweg,noordburenweg,hamlet,4.9610299,52.9198389
528,Nes,nes,hamlet,4.8255676,52.7925736
528,Neck,neck,village,4.9149267,52.508061
528,Naarderbos,naarderbos,neighbourhood,5.1513755,52.3087935
528,Muyeveld,muyeveld,hamlet,5.0697452,52.1864049
528,Westknollendam,westknollendam,village,4.7826643,52.5177608
528,Minnebuurt,minnebuurt,hamlet,5.1104772,52.463073
528,Middel,middel,hamlet,4.7768694,52.4741122
528,Vrouwenverdriet,vrouwenverdriet,hamlet,4.7626483,52.4611315
528,Limmerkoog,limmerkoog,hamlet,4.7079742,52.5435684
528,Krabbendam,krabbendam,hamlet,4.7030711,52.7314972
528,Tuitjenhorn,tuitjenhorn,village,4.7491702,52.736493
528,Kerkbuurt,kerkbuurt,hamlet,4.7597623,52.7396468
528,Wormerveer,wormerveer,village,4.7876566,52.4952218
528,Keinsmerbrug,keinsmerbrug,hamlet,4.7888803,52.815518
528,Keinse,keinse,hamlet,4.8000947,52.8079485
528,Kalverdijk,kalverdijk,hamlet,4.7678465,52.7323743
528,Kabel,kabel,hamlet,4.857384,52.65724
528,Julianadorp,julianadorp,town,4.7446131,52.8907035
528,Schoorldam,schoorldam,hamlet,4.7183865,52.7072897
528,De Horn,de horn,hamlet,5.0657004,52.2952818
528,Westerklief,westerklief,hamlet,4.9519318,52.8966227
528,Hinderdam,hinderdam,hamlet,5.0577772,52.2827636
528,Het Woud,het woud,hamlet,4.6613185,52.6455217
528,Het Noorden,het noorden,isolated_dwelling,4.8950314,53.1066242
528,Heemskerkerduin,heemskerkerduin,hamlet,4.6421568,52.5087242
528,Camperduin,camperduin,hamlet,4.6514869,52.7255457
528,Harderwijk,harderwijk,hamlet,4.9948525,52.7380001
528,Groote Keeten,groote keeten,hamlet,4.7108307,52.863095
528,Groenveld,groenveld,hamlet,4.7774702,52.7652873
528,Etersheim,etersheim,hamlet,5.0205481,52.584183
528,Eenigenburg,eenigenburg,hamlet,4.7250491,52.7397832
528,Noorddorp,noorddorp,hamlet,4.6498105,52.5232715
528,De Weere,de weere,hamlet,4.8720503,52.7736544
528,De Hoelm,de hoelm,hamlet,4.9487615,52.890799
528,De Haukes,de haukes,hamlet,4.9351546,52.8893522
528,Dam,dam,hamlet,4.9127206,52.8952069
528,Castricum aan Zee,castricum aan zee,locality,4.6089363,52.5569129
528,Krommenie,krommenie,village,4.7664946,52.4954557
528,Burgervlotbrug,burgervlotbrug,hamlet,4.6820551,52.7535831
528,Evertsoord,evertsoord,village,5.9584318,51.4039097
528,Winschoterzijl,winschoterzijl,locality,7.0814692,53.1442194
528,Klein Hitland,klein hitland,neighbourhood,4.6386782,51.9584718
528,Onna,onna,village,6.147564,52.773823
528,Ronduit,ronduit,locality,5.9072664,51.8857093
528,Scherpekamp,scherpekamp,locality,5.9923039,51.9062958
528,Kalenberg,kalenberg,village,5.9562428,52.7770748
528,Schapenbout,schapenbout,hamlet,3.8771915,51.2780429
528,Scheldebuurt,scheldebuurt,neighbourhood,3.5742451,51.4478677
528,Oude Binnenstad,oude binnenstad,neighbourhood,3.5750349,51.4419667
528,Stadhuisplein,stadhuisplein,neighbourhood,3.5675748,51.4472274
528,Het Fort,het fort,neighbourhood,3.565621,51.4570597
528,Hercules Segherslaan,hercules segherslaan,neighbourhood,3.5760153,51.4573599
528,Vredehof Zuid,vredehof zuid,neighbourhood,3.5619318,51.4511731
528,Baskensburg Noord,baskensburg noord,neighbourhood,3.5849152,51.4568695
528,Baskensburg Zuid,baskensburg zuid,neighbourhood,3.5834034,51.4524538
528,Bloemenbuurt,bloemenbuurt,neighbourhood,3.5741675,51.4529101
528,Boulevards,boulevards,neighbourhood,3.5638451,51.4465507
528,Bonedijkestraat,bonedijkestraat,neighbourhood,3.5667741,51.4522918
528,Vredehof Noord,vredehof noord,neighbourhood,3.5576327,51.4558686
528,Goutum,goutum,village,5.8019339,53.1784834
528,Alendorp,alendorp,hamlet,5.0326288,52.0926665
528,Akker,akker,hamlet,4.3855163,51.5094144
528,Agodorp,agodorp,hamlet,7.0827632,52.8713349
528,Aekinga,aekinga,hamlet,6.3221222,52.9552634
528,Aduarderzijl,aduarderzijl,hamlet,6.4665592,53.318829
528,Achthoven,achthoven,hamlet,4.9890214,51.9669949
528,Achter-Thesinge,achter-thesinge,hamlet,6.6575003,53.281631
528,Achterste Diesdonk,achterste diesdonk,hamlet,5.7133037,51.4294709
528,Achthoven,achthoven,hamlet,4.9906844,52.0568711
528,Achterin,achterin,hamlet,6.7564054,52.5644176
528,Achterhoek,achterhoek,hamlet,5.4088622,52.22115
528,Achter-Drempt,achter-drempt,village,6.1817381,52.0230316
528,Achterdijk,achterdijk,hamlet,4.6207876,51.6567611
528,Hoogezand,hoogezand,town,6.7556852,53.1638192
528,Achterbosch,achterbosch,hamlet,5.5709267,51.5107791
528,Achter 't Hout,achter 't hout,hamlet,6.7938101,52.9947565
528,Abeltjeshuis,abeltjeshuis,hamlet,7.2104377,53.0068079
528,Abbega,abbega,village,5.5712217,53.019306
528,Abbegaasterketting,abbegaasterketting,hamlet,5.5662248,53.0252634
528,Aarle,aarle,hamlet,5.3636295,51.5127488
528,Aan de Zuwe,aan de zuwe,hamlet,4.9022627,52.1715375
528,Aalsum,aalsum,hamlet,6.3712871,53.307147
528,Aalst,aalst,hamlet,5.5410039,51.934532
528,2e Nijhoezen,2e nijhoezen,hamlet,6.3883272,53.3348032
528,1e Nijhoezen,1e nijhoezen,hamlet,6.3840947,53.3357902
528,'t Zandstervoorwerk,'t zandstervoorwerk,hamlet,6.7617631,53.3871838
528,'t Woud,'t woud,hamlet,5.5560444,52.1961365
528,Winkelsche Hoek,winkelsche hoek,hamlet,5.1825267,51.6193289
528,Schapehals,schapehals,hamlet,6.4656419,53.3277622
528,Mensingeweer,mensingeweer,village,6.465733,53.35156
528,'t Villeken,'t villeken,hamlet,6.5603131,51.9458653
528,Egypte,egypte,hamlet,6.8911743,53.1312597
528,'t Schot,'t schot,hamlet,7.0799173,52.8689225
528,'t Skoar,'t skoar,hamlet,5.9740144,53.3921841
528,Rooth,rooth,hamlet,6.0772821,51.3645464
528,Rolder,rolder,hamlet,6.5314203,52.0014472
528,Tiendeveen,tiendeveen,village,6.5432623,52.7469716
528,Mun,mun,hamlet,5.5905604,51.7358426
528,Malijk,malijk,hamlet,6.2865159,53.1457729
528,'t Lage van de Weg,'t lage van de weg,hamlet,6.6551614,53.4109964
528,'t Laar,'t laar,hamlet,5.9551612,52.3029812
528,'t Hoekje,'t hoekje,hamlet,6.2957668,53.2945993
528,'t Heem,'t heem,hamlet,7.0654321,52.8815042
528,'t Haantje,'t haantje,hamlet,4.3843489,51.5702878
528,'t Haantje,'t haantje,hamlet,6.600793,52.6115094
528,Eenrum,eenrum,village,6.4608005,53.3640205
528,Papegaaienburg,papegaaienburg,neighbourhood,3.5794351,51.4662295
528,Baarlo,baarlo,hamlet,5.9494223,52.736794
528,Westduin,westduin,neighbourhood,3.5430544,51.4573113
528,Paauwenburg Zuidoost,paauwenburg zuidoost,neighbourhood,3.5550553,51.4599019
528,Paauwenburg Noordoost,paauwenburg noordoost,neighbourhood,3.5541813,51.4647442
528,Paauwenburg West,paauwenburg west,neighbourhood,3.5462673,51.4635079
528,Goes-Oost,goes-oost,neighbourhood,3.9008583,51.5038656
528,Boterpolder,boterpolder,locality,4.6028624,52.0975865
528,Zandeind,zandeind,hamlet,5.0107414,51.5334107
528,Buiten de Veste,buiten de veste,locality,3.8887673,51.4997274
528,Cellemuiden,cellemuiden,hamlet,6.0621997,52.6280951
528,Elburg-Vesting,elburg-vesting,neighbourhood,5.8339557,52.4485485
528,Sliffert,sliffert,locality,5.4231155,51.4379093
528,Lochtenrek,lochtenrek,locality,6.2506145,52.9920509
528,Balksterstrân,balksterstran,hamlet,5.5966905,52.9066423
528,De Wyldemerk,de wyldemerk,hamlet,5.5230486,52.8662834
528,Holwert,holwert,neighbourhood,6.7337358,52.6626835
528,Katerveer,katerveer,hamlet,6.0587758,52.5006553
528,Oud Bodegraven,oud bodegraven,hamlet,4.73364,52.0728335
528,De Krijgsman,de krijgsman,neighbourhood,5.0602723,52.3349497
528,Dennenoord,dennenoord,neighbourhood,6.6738783,53.0857361
528,America,america,village,5.9799001,51.4371483
528,Vatrop,vatrop,hamlet,5.0007325,52.932329
528,Doezum,doezum,village,6.2488392,53.2000385
528,Vroelen,vroelen,hamlet,5.8188169,50.7647535
528,Diepswal,diepswal,neighbourhood,6.366667,53.1524936
528,Oostindie,oostindie,neighbourhood,6.3691356,53.1454018
528,Sintmaheerdt,sintmaheerdt,neighbourhood,6.363268,53.1602551
528,Pierkesveld,pierkesveld,neighbourhood,6.380767,53.1598815
528,Wolveschans,wolveschans,neighbourhood,6.3742763,53.1549309
528,Rodenburg,rodenburg,neighbourhood,6.3705376,53.1640221
528,Nienoordsrand,nienoordsrand,neighbourhood,6.3774048,53.1755157
528,Aahof,aahof,neighbourhood,6.0959716,52.5290024
528,Vliet polder,vliet polder,locality,4.5942437,52.1614805
528,Kooipolder,kooipolder,locality,4.579289,52.1612807
528,Doespolder,doespolder,locality,4.5703862,52.1589141
528,'t Jasper,'t jasper,locality,5.6632304,51.4044874
528,Wezuperbrug,wezuperbrug,village,6.7203863,52.8407474
528,Kerkhof,kerkhof,hamlet,5.5575098,51.3697996
528,Hoenderboom,hoenderboom,locality,5.638356,51.3892087
528,Boschhoven,boschhoven,hamlet,5.5489056,51.3558841
528,Rittenburg,rittenburg,neighbourhood,3.5946062,51.4874799
528,Lei Hoenpoel,lei hoenpoel,locality,5.8770283,50.9722897
528,De Drie Dennen,de drie dennen,locality,6.2005641,51.4277866
528,Easterbeintum,easterbeintum,hamlet,5.8698102,53.3379721
528,Reeshofweide,reeshofweide,locality,4.9793771,51.5978407
528,Lutterade,lutterade,neighbourhood,5.8273559,50.9745628
528,Westenenk,westenenk,neighbourhood,5.9531593,52.1950131
528,Aasterberg,aasterberg,hamlet,6.0259834,51.1112382
528,Voorstervald,voorstervald,hamlet,6.0282481,51.1076383
528,Paarlo,paarlo,hamlet,6.0342944,51.1434089
528,Kraamskuil,kraamskuil,locality,6.2427024,51.9090712
528,Tranendal,tranendal,hamlet,7.004319,53.146604
528,De Waard,de waard,locality,5.8575737,53.1741772
528,Tolhuislanden,tolhuislanden,hamlet,6.1934716,52.5640973
528,De Lichtmis,de lichtmis,hamlet,6.1929906,52.5850542
528,Elsbroekerpolder,elsbroekerpolder,locality,4.5748079,52.2782196
528,Ulikhoven,ulikhoven,isolated_dwelling,5.745541,50.9223094
528,De Zanen,de zanen,locality,6.0802674,52.9061132
528,Westbroek,westbroek,village,5.1259863,52.1506143
528,Zuidplaatje,zuidplaatje,locality,4.7169476,51.7498405
528,Tongplaat,tongplaat,locality,4.6991997,51.7480302
528,De Rijsen,de rijsen,locality,4.7078831,52.2463401
528,Buinerveen,buinerveen,village,6.8803687,52.934449
528,Eelde,eelde,town,6.5633884,53.1346105
528,Windpark Noorderpolder,windpark noorderpolder,locality,5.6356574,53.2094762
528,Windpark Oudebildtzijl,windpark oudebildtzijl,locality,5.726696,53.2967475
528,Windpark Tjessinga,windpark tjessinga,locality,5.5782682,53.2531209
528,Laareind,laareind,hamlet,4.9179803,51.6075218
528,Helkant,helkant,hamlet,4.754627,51.6751496
528,Noordhoek,noordhoek,village,4.5334995,51.6426051
528,Standdaarbuiten,standdaarbuiten,village,4.5132428,51.6119872
528,Bosschenhoofd,bosschenhoofd,village,4.5441898,51.5607935
528,Loetwiek,loetwiek,locality,5.0488131,51.6530809
528,Houtense Vlakte,houtense vlakte,locality,5.1618878,52.065878
528,Almere Stad,almere stad,suburb,5.2176582,52.3722582
528,Aan de Zijl,aan de zijl,neighbourhood,4.519301,52.1686244
528,Noarderein,noarderein,hamlet,6.1063967,53.1255377
528,Schiphol Trade Park,schiphol trade park,locality,4.6992374,52.2813761
528,Tuindershof,tuindershof,neighbourhood,4.4299557,52.0088353
528,Boveneind,boveneind,hamlet,5.1524237,51.8203369
528,Kerkeneind,kerkeneind,hamlet,5.135036,51.8193209
528,Benedeneind,benedeneind,hamlet,5.122755,51.8229309
528,Kikkerberg,kikkerberg,locality,5.9668118,51.2208957
528,Claverveld,claverveld,neighbourhood,3.5881094,51.4687876
528,de Guldenmeesters,de guldenmeesters,neighbourhood,4.873422,51.9443249
528,Zilverrijk,zilverrijk,neighbourhood,4.8727314,51.9467169
528,Het Ambacht,het ambacht,neighbourhood,4.8712816,51.9486197
528,Het Kret,het kret,locality,6.0436882,52.4218209
528,Bonte Krielpolder,bonte krielpolder,locality,4.536822,52.2310181
528,Tricht,tricht,village,5.2700796,51.8890722
528,Sledemennerbuurt,sledemennerbuurt,neighbourhood,6.5577271,53.2179521
528,Mostheuvel,mostheuvel,hamlet,5.337935,51.4511112
528,De Liede,de liede,locality,4.7017463,52.3770671
528,Wedesteinbroek,wedesteinbroek,neighbourhood,5.7804671,51.8295164
528,Leuvensbroek,leuvensbroek,neighbourhood,5.780319,51.8323993
528,Holtgesbroek,holtgesbroek,neighbourhood,5.7754706,51.8287548
528,Hegdambroek,hegdambroek,neighbourhood,5.7886668,51.8300093
528,de Wellenkamp,de wellenkamp,neighbourhood,5.8037961,51.8350665
528,de Voorstenkamp,de voorstenkamp,neighbourhood,5.7956948,51.8273925
528,de Kluijskamp,de kluijskamp,neighbourhood,5.8043591,51.8284999
528,de Hoefkamp,de hoefkamp,neighbourhood,5.8042958,51.8328908
528,de Gildekamp,de gildekamp,neighbourhood,5.7998334,51.8318814
528,de Geerkamp,de geerkamp,neighbourhood,5.8009026,51.8275514
528,Zellersacker,zellersacker,neighbourhood,5.7863829,51.8342789
528,Horstacker,horstacker,neighbourhood,5.794076,51.8323094
528,Hillekensacker,hillekensacker,neighbourhood,5.7800715,51.8358032
528,Heeskesacker,heeskesacker,neighbourhood,5.7872546,51.8368309
528,Drieskensacker,drieskensacker,neighbourhood,5.7815832,51.8382564
528,de Steekse Acker,de steekse acker,neighbourhood,5.7933491,51.836241
528,de Meeuwse Acker,de meeuwse acker,neighbourhood,5.797384,51.8359479
528,Waalhavenkwartier,waalhavenkwartier,neighbourhood,5.853475,51.8500001
528,Fabrica,fabrica,neighbourhood,5.8479783,51.8523674
528,Ulpia,ulpia,neighbourhood,5.8452176,51.8536342
528,Batavia,batavia,neighbourhood,5.8418333,51.8549678
528,Opperkoaten,opperkoaten,hamlet,6.0768396,53.2234504
528,Nispen,nispen,village,4.4616139,51.4823484
528,Tollebeek,tollebeek,village,5.6755078,52.6777616
528,Ecodorp Zuiderveld,ecodorp zuiderveld,locality,5.8510015,51.8837493
528,Steiger 6,steiger 6,locality,4.1529706,51.9554546
528,Steiger 7,steiger 7,locality,4.1550992,51.9543506
528,Kraan,kraan,hamlet,5.7580501,51.2608506
528,Koehool,koehool,hamlet,5.5281263,53.2563546
528,Koningsbeemd,koningsbeemd,hamlet,5.9482074,50.9088174
528,Appelmansheul,appelmansheul,locality,4.9191972,51.8680164
528,It Wiel,it wiel,hamlet,5.7450317,53.1540413
528,De Kampen,de kampen,neighbourhood,6.5688899,53.0198469
528,De Landen,de landen,neighbourhood,6.5624805,53.019739
528,'t Rot,'t rot,hamlet,5.1053549,51.8270437
528,De Akkers,de akkers,neighbourhood,6.5622082,53.0146028
528,Stadsoevers,stadsoevers,neighbourhood,4.4492661,51.5386735
528,Jeth,jeth,hamlet,5.6855968,53.1228132
528,Ruterpolder,ruterpolder,locality,5.619431,53.0028222
528,Angwier,angwier,hamlet,5.8520922,53.1559971
528,Narderbuorren,narderbuorren,hamlet,5.8475232,53.1436948
528,Tsjaard,tsjaard,hamlet,5.8080244,53.1348544
528,Noardein,noardein,hamlet,5.7848285,53.1284256
528,Ald Terp,ald terp,hamlet,6.1216334,53.3383733
528,Scholtengoed Gossink,scholtengoed gossink,locality,6.753459,51.9754171
528,Marina,marina,neighbourhood,4.7802862,52.9457698
528,Nederwettensche Straat,nederwettensche straat,hamlet,5.5231281,51.4851813
528,Wilaard,wilaard,hamlet,5.7946079,53.1043701
528,Zevenhuzen,zevenhuzen,hamlet,6.1727671,53.2750709
528,Hoek van de Dijk,hoek van de dijk,hamlet,3.9212738,51.3234369
528,'t Zwaantje,'t zwaantje,hamlet,4.6527914,51.9711159
528,IJssellaan,ijssellaan,hamlet,4.6330729,51.9685831
528,De Wieren,de wieren,hamlet,5.7465466,53.0669553
528,Tsjerkebuorren,tsjerkebuorren,hamlet,5.7337733,53.1176416
528,Klaeiterp,klaeiterp,hamlet,5.7107773,53.1085195
528,Ingwert,ingwert,hamlet,5.7472879,53.0896942
528,Overlangbroek,overlangbroek,hamlet,5.3842421,51.9915955
528,Wageningen-Hoog,wageningen-hoog,village,5.6958318,51.990047
528,Klein Zwitserland,klein zwitserland,locality,6.4528121,52.6814295
528,Langeloërduinen,langeloerduinen,locality,6.4570029,53.0778541
528,Oude Kerk,oude kerk,hamlet,5.8540653,50.9443394
528,Gouden Ploeg,gouden ploeg,hamlet,6.601642,52.5135613
528,Eendenmeer,eendenmeer,locality,6.0677153,51.6091306
528,Zwarte Ruiter,zwarte ruiter,hamlet,4.2903382,51.5913442
528,Ruwenhof,ruwenhof,locality,6.622949,52.1397871
528,Gasselterveld,gasselterveld,locality,6.7364624,52.9592821
528,Drouwenerveld,drouwenerveld,locality,6.7311578,52.9464197
528,Gietenerveld,gietenerveld,locality,6.7335633,52.9889495
528,Amelterbos,amelterbos,locality,6.5865647,52.9957941
528,Eiland van Oegstgeest,eiland van oegstgeest,neighbourhood,4.4496554,52.1742677
528,Zweth,zweth,hamlet,4.3944831,51.962229
528,Vrakker,vrakker,neighbourhood,5.6807145,51.2632833
528,Paalberg,paalberg,locality,4.4171351,51.3890759
528,Kriekelareduinen,kriekelareduinen,locality,4.3979912,51.3915764
528,Kraaienberg,kraaienberg,locality,4.3901129,51.3877741
528,Zwarte Duin,zwarte duin,locality,4.3735901,51.4008481
528,Houtduinen,houtduinen,locality,4.3744156,51.3938502
528,Bieduinen,bieduinen,locality,4.3904403,51.3828026
528,Hazenduinen,hazenduinen,locality,4.411649,51.3857333
528,Meersche Duinen,meersche duinen,locality,4.3913828,51.4000913
528,Rauwvelde,rauwvelde,locality,4.3655648,51.3979645
528,Meilahuzen,meilahuzen,hamlet,5.641065,53.0921662
528,Bernsterburen,bernsterburen,hamlet,5.738512,53.100449
528,De Kliuw,de kliuw,hamlet,5.5968953,53.0713865
528,Kleine Wiske,kleine wiske,hamlet,5.4457633,52.9433033
528,Grote Wiske,grote wiske,hamlet,5.430033,52.9434892
528,Laad en Zaad,laad en zaad,hamlet,5.5469984,53.0511365
528,De Blokken,de blokken,hamlet,5.427023,53.1291615
528,Idserdaburen,idserdaburen,hamlet,5.4885992,53.0019356
528,De Kraats,de kraats,hamlet,5.6358575,52.0061903
528,Hintham-Noord,hintham-noord,neighbourhood,5.3417686,51.7037864
528,Hintham-Zuid,hintham-zuid,neighbourhood,5.3428544,51.697414
528,Bedrijventerrein De Brand,bedrijventerrein de brand,locality,5.3579217,51.6881384
528,Valkenburg,valkenburg,neighbourhood,4.907324,52.3688557
528,Rapenburg,rapenburg,neighbourhood,4.9090084,52.3716806
528,Uilenburg,uilenburg,neighbourhood,4.9047437,52.3704196
528,Nieuwmarktbuurt,nieuwmarktbuurt,neighbourhood,4.9020642,52.3716659
528,Oostenburg,oostenburg,neighbourhood,4.9268854,52.3713531
528,Marineterrein,marineterrein,neighbourhood,4.9157975,52.3737165
528,Wittenburg,wittenburg,neighbourhood,4.9221459,52.3716511
528,Kattenburg,kattenburg,neighbourhood,4.9194074,52.3725649
528,Schepenbuurt,schepenbuurt,neighbourhood,5.0820554,52.0985556
528,Czaar Peterbuurt,czaar peterbuurt,neighbourhood,4.9282983,52.3690688
528,Plantage,plantage,neighbourhood,4.9136608,52.3657049
528,Kadijken,kadijken,neighbourhood,4.9185863,52.3681554
528,Weesperbuurt,weesperbuurt,neighbourhood,4.9080455,52.3632536
528,Wadenoijen,wadenoijen,village,5.3733174,51.8746819
528,Ravenswaaij,ravenswaaij,village,5.3276157,51.9525908
528,Erichem,erichem,village,5.3493029,51.8996898
528,Buren,buren,village,5.3339979,51.9112701
528,Zoelmond,zoelmond,village,5.3110413,51.942284
528,Sterrebos,sterrebos,neighbourhood,5.4323398,51.8841325
528,Tiel-West,tiel-west,neighbourhood,5.4152832,51.8790204
528,Tiel,tiel,town,5.4372681,51.8874333
528,Rauwenhof,rauwenhof,neighbourhood,5.4064182,51.8896149
528,Drumpt,drumpt,neighbourhood,5.4099822,51.8958651
528,Wamel,wamel,village,5.4669683,51.8810157
528,Gellicum,gellicum,village,5.154988,51.8777048
528,Redichem,redichem,hamlet,5.2392864,51.971124
528,Horssen,horssen,village,5.6098077,51.8548343
528,Blauwesluis,blauwesluis,hamlet,5.5524207,51.8408133
528,Laak,laak,hamlet,5.6152396,51.8336579
528,Oude Maasdijk,oude maasdijk,hamlet,5.4269198,51.8345487
528,Moordhuizen,moordhuizen,hamlet,5.4433879,51.8137882
528,Kerk-Avezaath,kerk-avezaath,village,5.3834183,51.8964146
528,Klepperheide,klepperheide,hamlet,5.3675892,51.9043168
528,Twee Sluizen,twee sluizen,hamlet,5.3604186,51.8912713
528,Asperen,asperen,village,5.1109679,51.8807824
528,Buurmalsen,buurmalsen,village,5.295307,51.8916883
528,Stationsgebied,stationsgebied,neighbourhood,5.659815,51.4759674
528,Leonardusbuurt,leonardusbuurt,neighbourhood,5.6667652,51.4862484
528,Centrum,centrum,suburb,5.4769722,51.441291
528,Laak,laak,hamlet,5.8250917,51.120919
528,Ohé,ohe,hamlet,5.8316519,51.1134176
528,Swartbroek,swartbroek,village,5.7716896,51.2303524
528,Tungelroy,tungelroy,village,5.7308121,51.2129216
528,Stramproy,stramproy,village,5.7235287,51.1932084
528,Brachterbeek,brachterbeek,village,5.908245,51.1480992
528,Slek,slek,village,5.8845721,51.0870782
528,Maria Hoop,maria hoop,village,5.9704725,51.0891169
528,Koningsbosch,koningsbosch,village,5.9566714,51.052427
528,Merum,merum,village,5.9630077,51.1719464
528,Thorn,thorn,village,5.8403012,51.1611211
528,Beegden,beegden,village,5.9196747,51.1910986
528,Simonshoek,simonshoek,hamlet,5.8732071,51.341784
528,Aan de Berg,aan de berg,hamlet,5.9861879,51.0960628
528,Putbroek,putbroek,hamlet,5.9890262,51.0963833
528,Vars,vars,isolated_dwelling,6.0360097,51.0973106
528,Bergboezem Zuidpolder,bergboezem zuidpolder,locality,4.4081884,51.9826952
528,Gouden Singel,gouden singel,neighbourhood,4.4514877,51.987779
528,Gouden Zwaan,gouden zwaan,neighbourhood,4.4518485,51.9915558
528,Wemeldinge,wemeldinge,village,3.9951424,51.5183828
528,Hoensbroek,hoensbroek,suburb,5.9293862,50.9239397
528,Kakert,kakert,neighbourhood,6.0047937,50.9046039
528,Melick,melick,village,6.0136554,51.1568637
528,Borneo-eiland,borneo-eiland,neighbourhood,4.9457902,52.3716771
528,Sporenburg,sporenburg,neighbourhood,4.9450199,52.3736501
528,KNSM-eiland,knsm-eiland,neighbourhood,4.9431254,52.3771107
528,Java-eiland,java-eiland,neighbourhood,4.9298824,52.3783972
528,De Krim,de krim,village,6.6185617,52.6507384
528,Offem Zuid,offem zuid,neighbourhood,4.4489266,52.2272893
528,Putten,putten,town,5.6101591,52.2608571
528,Otterlo,otterlo,village,5.7720779,52.1015221
528,Eschoten,eschoten,hamlet,5.7408456,52.1054282
528,De Valk,de valk,hamlet,5.6853553,52.1191119
528,Wekerom,wekerom,village,5.7157689,52.1118306
528,Zuidveen,zuidveen,village,6.1064772,52.7779924
528,Klooster,klooster,hamlet,6.0815067,52.7522134
528,Blauwe Hand,blauwe hand,hamlet,6.0767962,52.6926709
528,Kievitsnest,kievitsnest,hamlet,6.0985622,52.6053744
528,Hall,hall,village,6.1034783,52.1107509
528,Eerbeek,eerbeek,village,6.0662773,52.1050018
528,Kranenburg,kranenburg,village,6.3572792,52.1016339
528,Vorchten,vorchten,village,6.106708,52.398483
528,Maria Gewanden,maria gewanden,neighbourhood,5.9171628,50.9242328
528,Tiny Houses,tiny houses,locality,5.7820667,52.0896848
528,Burgemeesterswijk,burgemeesterswijk,neighbourhood,5.8971543,51.988628
528,Nieuwe Kadekwartier,nieuwe kadekwartier,neighbourhood,5.9200621,51.9746323
528,Duingeest,duingeest,neighbourhood,4.1610769,52.0214015
528,Scharendijke,scharendijke,village,3.8404406,51.7379536
528,Ellemeet,ellemeet,village,3.8160278,51.7299046
528,Vuilpan,vuilpan,hamlet,3.4936523,51.2453314
528,Sas van Gent,sas van gent,village,3.7999364,51.2277846
528,Axel,axel,village,3.9071593,51.2673945
528,Beekhuizen,beekhuizen,locality,5.6844646,52.326642
528,Nittershoek,nittershoek,locality,6.2621977,53.3131596
528,Rintjehoek,rintjehoek,locality,6.205568,53.3169294
528,Neerbeek,neerbeek,village,5.812941,50.9504356
528,Groenendaal,groenendaal,locality,6.3144672,51.9584157
528,Zomeroord,zomeroord,neighbourhood,5.9822301,52.1491665
528,De Haandrik,de haandrik,hamlet,6.6991033,52.624677
528,Hambos,hambos,locality,6.0543549,50.8596428
528,Harfsensche Veld,harfsensche veld,locality,6.2917971,52.194679
528,Strijen,strijen,village,4.5539685,51.7428921
528,Mookhoek,mookhoek,village,4.5958518,51.7521295
528,Klaaswaal,klaaswaal,village,4.4444538,51.7683666
528,Lakerveld,lakerveld,hamlet,5.0176873,51.9415368
528,Op 'e Golfbaan,op 'e golfbaan,neighbourhood,5.5714133,52.9001953
528,Wilbrinkbos,wilbrinkbos,locality,5.6215061,52.1937043
528,Westeringse Veld,westeringse veld,locality,6.0371954,51.3577967
528,Spakenburg,spakenburg,suburb,5.3769961,52.250225
528,Schenkwijk,schenkwijk,neighbourhood,4.4464313,52.1539126
528,Kloosterhof,kloosterhof,neighbourhood,4.455904,52.1536512
528,Dobbewijk,dobbewijk,neighbourhood,4.4517947,52.1468544
528,Koppelstein,koppelstein,neighbourhood,4.4561902,52.1581734
528,Hoge Mors,hoge mors,neighbourhood,4.4613563,52.1558624
528,Lage Mors,lage mors,neighbourhood,4.4687396,52.1592029
528,Vondelkwartier,vondelkwartier,neighbourhood,4.474499,52.1630932
528,Bockhorst,bockhorst,neighbourhood,4.4616599,52.1627031
528,De Coebel,de coebel,neighbourhood,4.4678935,52.1511693
528,Schrijversbuurt,schrijversbuurt,neighbourhood,4.4762886,52.1558708
528,Vreewijk,vreewijk,neighbourhood,4.4839768,52.1526911
528,Fruitbuurt,fruitbuurt,neighbourhood,4.4871034,52.1452928
528,Staalwijk,staalwijk,neighbourhood,4.4864712,52.1508215
528,Professorenwijk,professorenwijk,neighbourhood,4.4999868,52.1482274
528,Burgemeesterswijk,burgemeesterswijk,neighbourhood,4.5024115,52.1523447
528,Rijndijkbuurt,rijndijkbuurt,neighbourhood,4.5102528,52.1548515
528,Zeeheldenbuurt,zeeheldenbuurt,neighbourhood,4.506676,52.1584289
528,Rivierenwijk,rivierenwijk,neighbourhood,4.5162862,52.152559
528,Roomburg,roomburg,neighbourhood,4.5143328,52.147115
528,Nieuw Leiden,nieuw leiden,neighbourhood,4.4955266,52.1663341
528,Stationsbuurt,stationsbuurt,neighbourhood,4.4839328,52.1654626
528,Leeuwenhoek,leeuwenhoek,neighbourhood,4.4569764,52.1686762
528,Krimwijk,krimwijk,neighbourhood,4.4626233,52.1297758
528,Adegeest,adegeest,neighbourhood,4.4505863,52.1331256
528,Nassauwijk,nassauwijk,neighbourhood,4.4426026,52.1285098
528,Centrum,centrum,neighbourhood,4.4468663,52.1251325
528,Vlietwijk,vlietwijk,neighbourhood,4.4554654,52.1251512
528,Bijdorp,bijdorp,neighbourhood,4.4504718,52.1215086
528,Starrenburg,starrenburg,neighbourhood,4.4450873,52.1172934
528,Boschgeest,boschgeest,neighbourhood,4.4359494,52.1204126
528,Bloemenwijk,bloemenwijk,neighbourhood,4.4396613,52.1244989
528,Roosenhorst,roosenhorst,neighbourhood,4.4306442,52.1106509
528,Oude Dorp,oude dorp,neighbourhood,4.5252374,52.1510064
528,Pieterswijk,pieterswijk,neighbourhood,4.4886945,52.158269
528,Academiewijk,academiewijk,neighbourhood,4.4846639,52.1564361
528,Oude Morsch,oude morsch,neighbourhood,4.4835633,52.1626179
528,De Camp,de camp,neighbourhood,4.4881939,52.1614166
528,Maredorp,maredorp,neighbourhood,4.4940578,52.160817
528,Havenwijk,havenwijk,neighbourhood,4.5019514,52.1611172
528,Noordvest,noordvest,neighbourhood,4.4924268,52.163682
528,Pancras,pancras,neighbourhood,4.4954869,52.1585051
528,Levendaal,levendaal,neighbourhood,4.4989338,52.1548798
528,Pesthuiswijk,pesthuiswijk,neighbourhood,4.4739645,52.1658646
528,Veecaten,veecaten,hamlet,6.0249245,52.5327419
528,Zwartendijk,zwartendijk,hamlet,5.904884,52.5319841
528,De Kreek,de kreek,neighbourhood,4.3212961,52.0001094
528,Annahaeghe,annahaeghe,neighbourhood,5.9703968,51.5391381
528,De Krite,de krite,locality,5.6691808,53.0019265
528,Reuken,reuken,hamlet,5.8895347,50.913021
528,Schwartenberg,schwartenberg,hamlet,7.0856691,52.8258493
528,Munsterscheveld,munsterscheveld,hamlet,7.0703958,52.8273593
528,Goese Diep,goese diep,neighbourhood,3.8962389,51.5183289
528,Landgoed Dordwijk,landgoed dordwijk,locality,4.6869151,51.7955734
528,Groene Dorp,groene dorp,neighbourhood,4.6580873,52.1400225
528,Finsterbuorren,finsterbuorren,hamlet,5.7836438,53.2302275
528,Groote Bontekoe,groote bontekoe,hamlet,5.7769544,53.2264218
528,Matengaarde,matengaarde,neighbourhood,5.9983986,52.197652
528,Niersen,niersen,hamlet,5.9055492,52.2881874
528,Plasmolen,plasmolen,village,5.9223658,51.7372379
528,Heijen,heijen,village,5.9805161,51.6742119
528,Zorgvliet,zorgvliet,hamlet,3.7477139,51.4837448
528,Gening,gening,hamlet,6.0245311,51.6259631
528,Musscheput,musscheput,locality,5.8019651,50.8291311
528,Hoogcasteren,hoogcasteren,hamlet,5.2925901,51.4043271
528,Broekenseind,broekenseind,hamlet,5.3000115,51.39575
528,Zandoerle,zandoerle,hamlet,5.3578636,51.4152575
528,Meerburg,meerburg,neighbourhood,4.5209403,52.1442334
528,Rijnegom,rijnegom,neighbourhood,4.5305292,52.1402421
528,Vroenhof,vroenhof,hamlet,5.7830646,50.8752335
528,Wissengracht,wissengracht,hamlet,5.8703077,50.8925273
528,De Karosseer,de karosseer,neighbourhood,5.7188143,50.8180159
528,Centrum,centrum,neighbourhood,5.5797206,52.8974922
528,Spoordokgebied,spoordokgebied,neighbourhood,5.7819413,53.1958784
528,Immenkamp,immenkamp,locality,5.7227488,52.0890692
528,Ramspol,ramspol,hamlet,5.8439096,52.6092319
528,Doctor Poelsplein,doctor poelsplein,locality,6.1799951,51.3579993
528,Lutsmond,lutsmond,neighbourhood,5.5878794,52.8990705
528,Zuid,zuid,neighbourhood,5.5837688,52.8947454
528,Pasgeld,pasgeld,neighbourhood,4.3439449,52.025131
528,Groeve Blok,groeve blok,locality,6.1906206,51.5225779
528,Nieuw Oosteinde,nieuw oosteinde,neighbourhood,4.7995897,52.276599
528,Dijkzicht,dijkzicht,neighbourhood,5.2144529,51.9541262
528,Oranjebuurt,oranjebuurt,neighbourhood,5.2365811,51.9572976
528,Achter de Poort,achter de poort,neighbourhood,5.220333,51.9488848
528,Het Lint,het lint,neighbourhood,5.0145147,51.8340287
528,Ospeldijk,ospeldijk,village,5.8147081,51.3199415
528,Het Erf,het erf,hamlet,6.077829,51.420141
528,Makkumermeerpolder,makkumermeerpolder,locality,5.4370554,53.0557265
528,Pennendijk,pennendijk,hamlet,4.7936596,51.5404053
528,Heide,heide,hamlet,5.9730677,51.3518805
528,Kampen,kampen,neighbourhood,4.4922556,51.8753825
528,Burgen,burgen,neighbourhood,4.4989354,51.8731346
528,Oldelamer,oldelamer,village,5.9300033,52.8717335
528,Elerweerd,elerweerd,locality,5.7948538,51.061823
528,Gendijk,gendijk,hamlet,5.9807659,51.2527681
528,Stoutenburg Noord,stoutenburg noord,hamlet,5.4593827,52.1631236
528,Tolheksbos,tolheksbos,locality,6.1102583,52.9532105
528,Rijnvaart,rijnvaart,neighbourhood,4.1793247,52.0025716
528,Binnenstad,binnenstad,neighbourhood,5.986667,51.1943373
528,Oolderveste,oolderveste,neighbourhood,5.9606933,51.177199
528,Abstede,abstede,neighbourhood,5.1322828,52.0835292
528,Tolsteeg,tolsteeg,neighbourhood,5.1261042,52.074052
528,Hooghkamer,hooghkamer,neighbourhood,4.4882496,52.2315149
528,Roer-Zuid,roer-zuid,neighbourhood,5.980164,51.1805366
528,Roerzicht-Voorstad,roerzicht-voorstad,neighbourhood,5.9795936,51.1894991
528,Kitskensdal,kitskensdal,neighbourhood,6.0051109,51.1729075
528,Kitskensberg,kitskensberg,neighbourhood,6.0147701,51.1759831
528,De Kemp,de kemp,neighbourhood,6.0037038,51.1777235
528,Kapel-Muggenbroek,kapel-muggenbroek,neighbourhood,5.9978854,51.1806081
528,Componistenbuurt,componistenbuurt,neighbourhood,6.0123363,51.181061
528,Vliegeniersbuurt,vliegeniersbuurt,neighbourhood,6.006632,51.1827297
528,Sterrenberg,sterrenberg,neighbourhood,6.0143138,51.187497
528,Kastelenbuurt,kastelenbuurt,neighbourhood,6.0081532,51.1881406
528,Roermondse Veld,roermondse veld,neighbourhood,5.9989882,51.1891893
528,Vrijveld,vrijveld,neighbourhood,6.0003953,51.1952905
528,De Wijher,de wijher,neighbourhood,6.0216153,51.1967681
528,Tegelarijeveld-Broekhin,tegelarijeveld-broekhin,neighbourhood,6.0151124,51.203178
528,Willem-Alexander,willem-alexander,neighbourhood,5.9949952,51.2038214
528,Leeuwen,leeuwen,neighbourhood,5.9993014,51.2116313
528,Roerstreek,roerstreek,neighbourhood,6.0438666,51.1696362
528,Stationsbuurt,stationsbuurt,neighbourhood,5.66966,52.0333044
528,Burgemeestersbuurt,burgemeestersbuurt,neighbourhood,5.6797601,52.0407685
528,Beatrixpark,beatrixpark,neighbourhood,5.6625329,52.0339868
528,Klaphek,klaphek,neighbourhood,5.6496672,52.0342282
528,De Steinen,de steinen,neighbourhood,5.6488523,52.0428293
528,Veen en Daal,veen en daal,locality,6.2092165,51.3986073
528,Op den Gelderschen Weg,op den gelderschen weg,locality,6.2032543,51.3932792
528,Op het Kanaal,op het kanaal,locality,6.2089679,51.395275
528,Aan Eugeniakanaal,aan eugeniakanaal,locality,6.2069175,51.392619
528,Groot Hoog Straat,groot hoog straat,locality,6.2064687,51.385714
528,Aan Rengels,aan rengels,locality,6.1999026,51.3867397
528,Aan Vissers,aan vissers,locality,6.2010905,51.3881376
528,Tilmans Kamp,tilmans kamp,locality,6.2059937,51.3891007
528,De Mooij,de mooij,locality,6.2016781,51.3906792
528,Hoppersgraaf,hoppersgraaf,neighbourhood,5.9751395,50.8937806
528,Hoeveneind,hoeveneind,hamlet,4.8213432,51.6213193
528,Achterste Rith,achterste rith,hamlet,4.7155831,51.5547592
528,Wouw,wouw,village,4.388024,51.5224384
528,Voordes/Rodes,voordes rodes,neighbourhood,4.4919039,51.8716258
528,Steinen,steinen,neighbourhood,4.4867313,51.8752248
528,Lo's,lo's,neighbourhood,4.4814944,51.8752318
528,Velden,velden,neighbourhood,4.480936,51.8713277
528,Hoeken,hoeken,neighbourhood,4.4881197,51.8712997
528,Schandelse Weien,schandelse weien,locality,6.1845934,51.4208371
528,Raaveld,raaveld,locality,6.1909922,51.42331
528,Wieland,wieland,locality,6.1950707,51.421773
528,Aan Rieters Kamp,aan rieters kamp,locality,6.1986324,51.4210882
528,Tussen de Wegen,tussen de wegen,locality,6.1949407,51.4190744
528,Hetjes Kamp,hetjes kamp,locality,6.200583,51.4173128
528,Aan de Ossenberg,aan de ossenberg,locality,6.1982625,51.4137248
528,Sterter Dijk,sterter dijk,locality,6.1925622,51.4139914
528,Slangert,slangert,locality,6.1934312,51.4144122
528,Sterter Weien,sterter weien,locality,6.1908173,51.4126762
528,Hegger Weien,hegger weien,locality,6.1887898,51.4179192
528,Gielendijk,gielendijk,locality,6.1874722,51.41884
528,Schandels Broek,schandels broek,locality,6.1864397,51.4129352
528,Genooier Heide,genooier heide,locality,6.179449,51.4000425
528,Houtslink,houtslink,locality,6.1922558,51.4039689
528,Ossenberg,ossenberg,locality,6.1988159,51.4107233
528,Ronduite,ronduite,hamlet,6.0451966,52.6879248
528,Voet van Caberg,voet van caberg,locality,5.6736996,50.8738635
528,De Zouw,de zouw,locality,5.6677155,50.8769051
528,Aan Caberg,aan caberg,locality,5.6653279,50.8700307
528,Overste Veld,overste veld,locality,5.6516884,50.8711232
528,Middelste Veld,middelste veld,locality,5.6597766,50.874212
528,Kerkveld,kerkveld,locality,5.6642833,50.8782421
528,Harendermolen,harendermolen,hamlet,6.6239921,53.1489972
528,Oostlaar,oostlaar,hamlet,4.3934778,51.5119331
528,'t Zand,'t zand,village,4.7565167,52.8357489
528,De Woudhorne,de woudhorne,neighbourhood,5.9844275,53.3195878
528,Nonnenbos,nonnenbos,locality,5.9348327,52.2820252
528,Waatskamp,waatskamp,hamlet,5.7917291,51.2970612
528,Platveld,platveld,hamlet,5.8676196,51.3187118
528,Haagsche Park,haagsche park,neighbourhood,4.2609746,52.0558112
528,Heilig Landstichting,heilig landstichting,village,5.8916867,51.8171099
528,Lagewald,lagewald,hamlet,5.9689771,51.8019628
528,Holdeurn,holdeurn,hamlet,5.9435026,51.8138077
528,De Kamp,de kamp,hamlet,5.9402149,51.7883016
528,Valkenlaagte,valkenlaagte,hamlet,5.9269015,51.8122522
528,Colonjes,colonjes,hamlet,5.9328011,51.766719
528,Zeeland,zeeland,hamlet,6.0301924,51.8561696
528,Meerwijk,meerwijk,hamlet,5.9069676,51.8137495
528,De Vlietberg,de vlietberg,hamlet,5.8891358,51.8609055
528,Dekkerswald,dekkerswald,hamlet,5.8962295,51.8024078
528,Koningin Wilhelminabos,koningin wilhelminabos,locality,5.8102655,52.5712256
528,Elp,elp,village,6.6432482,52.8820781
528,Centrum,centrum,neighbourhood,4.5390808,51.8549991
528,Noord,noord,neighbourhood,4.5419776,51.8566491
528,Dorpszicht,dorpszicht,neighbourhood,4.5327187,51.8602504
528,Binnenland,binnenland,neighbourhood,4.5468217,51.8571726
528,Nieuweland,nieuweland,neighbourhood,4.5228052,51.8543695
528,Bijdorp,bijdorp,neighbourhood,4.5261097,51.8602206
528,Vrouwenpolder,vrouwenpolder,neighbourhood,4.5247364,51.8455915
528,Lagewei,lagewei,neighbourhood,4.5314741,51.8451043
528,Paddewei,paddewei,neighbourhood,4.5321071,51.8551382
528,Molenvliet,molenvliet,neighbourhood,4.5321607,51.8502143
528,Oranjewijk,oranjewijk,neighbourhood,4.5534146,51.8490479
528,Ter Leede,ter leede,neighbourhood,4.5404266,51.843669
528,Woerden,woerden,town,4.8832939,52.0859261
528,Parregaastermeerpolder,parregaastermeerpolder,locality,5.4531734,53.0328714
528,Kwadijk,kwadijk,village,4.9844677,52.5272369
528,Volendam,volendam,town,5.0682736,52.4963759
528,Dinteloord,dinteloord,village,4.3680313,51.6339484
528,Klundert,klundert,village,4.5346644,51.6627188
528,Wouwse Hil,wouwse hil,hamlet,4.3993315,51.4971319
528,Ulvenhout,ulvenhout,village,4.7977229,51.5488342
528,Cortelande,cortelande,hamlet,4.6246726,52.004294
528,Smakkelaarsveld,smakkelaarsveld,locality,5.1098288,52.0925064
528,Duinbuurt,duinbuurt,neighbourhood,4.7332526,52.9419915
528,Jeruzalem,jeruzalem,neighbourhood,4.7376273,52.9464261
528,Deltabuurt,deltabuurt,neighbourhood,4.737938,52.9394267
528,Golfstroombuurt,golfstroombuurt,neighbourhood,4.7416203,52.9456852
528,Grote Rivierenbuurt,grote rivierenbuurt,neighbourhood,4.7450758,52.9445784
528,Falga,falga,neighbourhood,4.7419377,52.9398873
528,Kleine Rivierenbuurt,kleine rivierenbuurt,neighbourhood,4.7484818,52.9417812
528,Zuiderzeebuurt,zuiderzeebuurt,neighbourhood,4.7465346,52.9396645
528,Schepenbuurt,schepenbuurt,neighbourhood,4.7422828,52.9366043
528,Nieuw Den Helder Zuid-Oost,nieuw den helder zuid-oost,neighbourhood,4.7445673,52.9318178
528,Dirksz Admiraal,dirksz admiraal,neighbourhood,4.7558607,52.9347467
528,Fort Dirksz Admiraal,fort dirksz admiraal,neighbourhood,4.7563414,52.9454864
528,Nieuwlandbuurt,nieuwlandbuurt,neighbourhood,4.7492229,52.9485805
528,Liniebuurt,liniebuurt,neighbourhood,4.7433478,52.9519412
528,Schouten- en Schepenenbuurt,schouten- en schepenenbuurt,neighbourhood,4.7658582,52.9390186
528,Boerderijbuurt,boerderijbuurt,neighbourhood,4.7673371,52.9354088
528,Landmetersbuurt,landmetersbuurt,neighbourhood,4.7693953,52.9313232
528,Waterkeringsbuurt,waterkeringsbuurt,neighbourhood,4.7750028,52.9314644
528,Guldemond,guldemond,neighbourhood,4.7802159,52.9333215
528,Zeeloodsenbuurt,zeeloodsenbuurt,neighbourhood,4.7804753,52.938301
528,Walvisvaarderbuurt,walvisvaarderbuurt,neighbourhood,4.774153,52.9394448
528,Schooten-Centrum,schooten-centrum,neighbourhood,4.7737463,52.9355825
528,Mijnendienst,mijnendienst,neighbourhood,4.7706954,52.9500194
528,Havenbuurt,havenbuurt,neighbourhood,4.7755902,52.9572747
528,Tuindorp-Oost,tuindorp-oost,neighbourhood,4.7607267,52.9492384
528,Tuindorp-West,tuindorp-west,neighbourhood,4.7581439,52.9511748
528,Geleerdenbuurt,geleerdenbuurt,neighbourhood,4.7553643,52.9541116
528,Indische buurt-Zuid,indische buurt-zuid,neighbourhood,4.7518618,52.9558785
528,Indische buurt-Noord,indische buurt-noord,neighbourhood,4.7509465,52.9579434
528,Oud Den Helder,oud den helder,neighbourhood,4.748845,52.9615048
528,Van Galenbuurt,van galenbuurt,neighbourhood,4.7565131,52.9605315
528,Oostsloot,oostsloot,neighbourhood,4.7636489,52.9617861
528,Centrum,centrum,neighbourhood,4.7634046,52.9594563
528,Grachtengordel,grachtengordel,neighbourhood,4.7771001,52.9533846
528,Willemsoord,willemsoord,neighbourhood,4.7691562,52.9612976
528,Sluisdijk,sluisdijk,neighbourhood,4.7645794,52.9559322
528,Visbuurt,visbuurt,neighbourhood,4.770298,52.9543326
528,Vogelbuurt,vogelbuurt,neighbourhood,4.765985,52.9510877
528,Friese Buurt,friese buurt,hamlet,4.7720297,52.9238623
528,Koegras-Noord,koegras-noord,hamlet,4.7552393,52.9244946
528,De Zandloper,de zandloper,hamlet,4.7232521,52.9056529
528,Vogelzand,vogelzand,neighbourhood,4.7383851,52.895103
528,Middelzand,middelzand,neighbourhood,4.7450593,52.8951099
528,Julianadorp-West,julianadorp-west,neighbourhood,4.7501492,52.8942697
528,Julianadorp-Oost,julianadorp-oost,neighbourhood,4.7578433,52.8940651
528,Doorzwin,doorzwin,neighbourhood,4.7477108,52.8890744
528,Kruiszwin,kruiszwin,neighbourhood,4.7410607,52.8890519
528,Wierbalg,wierbalg,neighbourhood,4.7342425,52.8885785
528,Zwanenbalg,zwanenbalg,neighbourhood,4.731646,52.8840361
528,Boterzwin,boterzwin,neighbourhood,4.7397344,52.8834612
528,Malzwin,malzwin,neighbourhood,4.7472625,52.8832696
528,Noorderhaven,noorderhaven,neighbourhood,4.761534,52.8821874
528,Uyterland,uyterland,neighbourhood,4.7020019,52.8344694
528,Nolmerban,nolmerban,neighbourhood,4.6583772,52.7638338
528,Petten-West,petten-west,neighbourhood,4.6584197,52.7673201
528,Waldervaart-Noordwest,waldervaart-noordwest,neighbourhood,4.7791322,52.7858379
528,Waldervaart-Noordoost,waldervaart-noordoost,neighbourhood,4.7874062,52.7870162
528,Waldervaart-Zuid,waldervaart-zuid,neighbourhood,4.7878876,52.7818361
528,Centrum,centrum,neighbourhood,4.7981651,52.7875964
528,Centrum-Zuid,centrum-zuid,neighbourhood,4.7988357,52.7837731
528,Muggenburg,muggenburg,neighbourhood,4.8008231,52.778762
528,Grotewal,grotewal,hamlet,4.8137127,52.7750597
528,Nesdijk,nesdijk,neighbourhood,4.797049,52.7910406
528,Groeneweg-Zuid,groeneweg-zuid,neighbourhood,4.7973463,52.7948073
528,Groeneweg-Noord,groeneweg-noord,neighbourhood,4.796143,52.7978375
528,Hoep-Noord,hoep-noord,neighbourhood,4.8089868,52.790467
528,Hoep-Zuid,hoep-zuid,neighbourhood,4.809297,52.7856121
528,Nes-Noord,nes-noord,neighbourhood,4.8074197,52.7962025
528,Huisweid,huisweid,neighbourhood,4.733362,52.7234924
528,Centrum,centrum,neighbourhood,4.7363804,52.7224871
528,Schelphoek,schelphoek,neighbourhood,4.7299533,52.7208497
528,Warmenhuizen-Zuid,warmenhuizen-zuid,neighbourhood,4.7428978,52.7180031
528,Debbemeer-Zuid,debbemeer-zuid,neighbourhood,4.7433531,52.7219332
528,Debbemeer-Noord,debbemeer-noord,neighbourhood,4.744654,52.7277244
528,Negen-Nessen,negen-nessen,neighbourhood,4.701916,52.6799532
528,Boschrand,boschrand,neighbourhood,4.6986283,52.6756155
528,Landweg,landweg,neighbourhood,4.7040102,52.6759038
528,Oudtburgh,oudtburgh,neighbourhood,4.7075715,52.6769292
528,De Rekere,de rekere,neighbourhood,4.7120171,52.6722941
528,Elkshove,elkshove,neighbourhood,4.7078833,52.6698303
528,Centrum,centrum,neighbourhood,4.7016827,52.6699762
528,Van Reenen,van reenen,neighbourhood,4.6942362,52.6710321
528,Boendermaker,boendermaker,neighbourhood,4.7059439,52.6664993
528,Beekhove,beekhove,neighbourhood,4.7055758,52.6644559
528,Geest,geest,neighbourhood,4.6995167,52.663417
528,Oldehove,oldehove,neighbourhood,4.7041838,52.6611443
528,Conincx,conincx,neighbourhood,4.7079403,52.6614501
528,Kruidenbuurt,kruidenbuurt,neighbourhood,4.712331,52.6613416
528,Tuin- en Oostdorp,tuin- en oostdorp,neighbourhood,4.7174372,52.6643005
528,Saenegheest,saenegheest,neighbourhood,4.7204782,52.6669041
528,Koedijk,koedijk,hamlet,4.7512984,52.6685438
528,De Weidt,de weidt,neighbourhood,4.7554287,52.6727686
528,Daalmeer-Noordwest,daalmeer-noordwest,neighbourhood,4.762161,52.6728459
528,Daalmeer-Noordoost,daalmeer-noordoost,neighbourhood,4.7712686,52.6713065
528,Daalmeer-Zuidoost,daalmeer-zuidoost,neighbourhood,4.7690379,52.6658133
528,Daalmeer-Zuidwest,daalmeer-zuidwest,neighbourhood,4.7611944,52.6661783
528,'t Rak-Noord,'t rak-noord,neighbourhood,4.7526732,52.662322
528,De Horn-Noord,de horn-noord,neighbourhood,4.7674715,52.6607143
528,'t Rak-Zuid,'t rak-zuid,neighbourhood,4.7481696,52.6530139
528,De Horn-Zuid,de horn-zuid,neighbourhood,4.7619759,52.6525897
528,Muiderwaard,muiderwaard,neighbourhood,4.7540458,52.6468973
528,Huiswaard 2-Oost,huiswaard 2-oost,neighbourhood,4.763778,52.6463986
528,Huiswaard 2-West,huiswaard 2-west,neighbourhood,4.7573708,52.6446079
528,Huiswaard 1,huiswaard 1,neighbourhood,4.7498241,52.6430097
528,Bergerhof,bergerhof,neighbourhood,4.7410258,52.6398699
528,Blaeustraatkwartier,blaeustraatkwartier,neighbourhood,4.7335165,52.6393145
528,Bergermeer,bergermeer,neighbourhood,4.7336099,52.6432591
528,Bergerwegkwartier,bergerwegkwartier,neighbourhood,4.7286597,52.6377501
528,De Hoef I,de hoef i,neighbourhood,4.7242537,52.6341456
528,De Hoef II,de hoef ii,neighbourhood,4.7289237,52.6327284
528,De Hoef III,de hoef iii,neighbourhood,4.7192848,52.6297693
528,De Hoef IV,de hoef iv,neighbourhood,4.7234505,52.6278758
528,Cranenbroek,cranenbroek,neighbourhood,4.7306983,52.6303022
528,Bloemwijk,bloemwijk,neighbourhood,4.7333508,52.6328418
528,Zocherkwartier,zocherkwartier,neighbourhood,4.7362276,52.6351205
528,Spoorbuurt,spoorbuurt,neighbourhood,4.7414766,52.6362655
528,Binnenstad-West,binnenstad-west,neighbourhood,4.7461606,52.6318836
528,Binnenstad-Oost,binnenstad-oost,neighbourhood,4.7519083,52.6298042
528,Oranjepark,oranjepark,neighbourhood,4.7274744,52.6231618
528,Burgemeesterskwartier,burgemeesterskwartier,neighbourhood,4.7365647,52.6214342
528,Blockhovepark,blockhovepark,neighbourhood,4.7261571,52.6172481
528,Kooimeer,kooimeer,neighbourhood,4.7401098,52.6177615
528,Dillenburg,dillenburg,neighbourhood,4.742793,52.6217007
528,Stadhouderskwartier,stadhouderskwartier,neighbourhood,4.7454437,52.6198546
528,Overdie-West,overdie-west,neighbourhood,4.7456389,52.6161621
528,Overdie-Oost,overdie-oost,neighbourhood,4.7514118,52.6156684
528,Oosterhout,oosterhout,neighbourhood,4.7513956,52.6197361
528,Oud-Overdie,oud-overdie,neighbourhood,4.7582906,52.6244846
528,Oud-Rochdale,oud-rochdale,neighbourhood,4.7449721,52.6235863
528,Emmakwartier,emmakwartier,neighbourhood,4.7419063,52.6265157
528,Nassaukwartier,nassaukwartier,neighbourhood,4.7373778,52.6322133
528,Hout,hout,neighbourhood,4.7382885,52.6293115
528,Staatsliedenkwartier,staatsliedenkwartier,neighbourhood,4.7497043,52.6239634
528,Landstraten,landstraten,neighbourhood,4.7479914,52.6260516
528,Schermereiland,schermereiland,neighbourhood,4.7588409,52.6292539
528,Oudorperpolder-Zuid,oudorperpolder-zuid,neighbourhood,4.7632934,52.6310968
528,Oudorperpolder-Midden,oudorperpolder-midden,neighbourhood,4.7658468,52.6326921
528,Oudorperpolder-Noord,oudorperpolder-noord,neighbourhood,4.7675205,52.6349125
528,Ooievaarsnest,ooievaarsnest,neighbourhood,4.7556545,52.6336884
528,Rekerbuurt,rekerbuurt,neighbourhood,4.757253,52.6358176
528,Oudorp-Centrum,oudorp-centrum,neighbourhood,4.7733891,52.6315339
528,Oudorp-Oost,oudorp-oost,neighbourhood,4.7784997,52.6293943
528,Oudorp-Noord,oudorp-noord,neighbourhood,4.7780467,52.6372989
528,Oostwal,oostwal,neighbourhood,4.7895614,52.657858
528,Huygenhoek 3,huygenhoek 3,neighbourhood,4.8162273,52.6396093
528,Huygenhoek 2,huygenhoek 2,neighbourhood,4.8222355,52.6426952
528,Huygenhoek 1,huygenhoek 1,neighbourhood,4.8282007,52.645911
528,Zuidwijk 2,zuidwijk 2,neighbourhood,4.8157242,52.6488104
528,Zuidwijk 1,zuidwijk 1,neighbourhood,4.8208052,52.6511563
528,Butterhuizen 2,butterhuizen 2,neighbourhood,4.8041053,52.6529241
528,Butterhuizen 1,butterhuizen 1,neighbourhood,4.8114839,52.6558137
528,Stationsplein,stationsplein,neighbourhood,4.8243182,52.6689891
528,De Frans,de frans,neighbourhood,4.8343174,52.6739791
528,De Draai-Zuid,de draai-zuid,neighbourhood,4.8605197,52.66401
528,De Draai-Midden,de draai-midden,neighbourhood,4.8663588,52.6705867
528,De Draai-Noord,de draai-noord,neighbourhood,4.8686762,52.6772548
528,Schilderswijk 1,schilderswijk 1,neighbourhood,4.8550385,52.6776513
528,Schilderswijk 2,schilderswijk 2,neighbourhood,4.8542027,52.6727135
528,Oude Stad,oude stad,neighbourhood,5.1066581,52.7722503
528,Plan West,plan west,neighbourhood,5.099796,52.769458
528,Parkwijk,parkwijk,neighbourhood,5.1135774,52.767551
528,Koggenwijk,koggenwijk,neighbourhood,5.1088173,52.7649457
528,Zuiderzee,zuiderzee,neighbourhood,5.1156572,52.7623654
528,Vooroever,vooroever,neighbourhood,5.1168034,52.7693377
528,Gildenwijk,gildenwijk,neighbourhood,5.1018911,52.7653484
528,Randwijk,randwijk,neighbourhood,5.1059493,52.7618945
528,Schepenwijk,schepenwijk,neighbourhood,5.1003432,52.760284
528,Staatsliedenbuurt-Noord,staatsliedenbuurt-noord,neighbourhood,4.6578444,51.8288361
528,Balkengat,balkengat,neighbourhood,4.6633496,51.8229562
528,Europesebuurt,europesebuurt,neighbourhood,4.6552661,51.8248374
528,Eem- en Zonnestein,eem- en zonnestein,neighbourhood,4.6401042,51.8258349
528,Prinsessenbuurt,prinsessenbuurt,neighbourhood,4.6437173,51.8215191
528,Pilotenbuurt,pilotenbuurt,neighbourhood,4.6343016,51.8250993
528,Officiervliet-West,officiervliet-west,neighbourhood,4.6293596,51.8240938
528,Officiervliet-Oost,officiervliet-oost,neighbourhood,4.6307399,51.8224027
528,Planetenbuurt,planetenbuurt,neighbourhood,4.6345481,51.8211534
528,Sterrenbeeldenbuurt,sterrenbeeldenbuurt,neighbourhood,4.6368404,51.8201174
528,Schildersbuurt,schildersbuurt,neighbourhood,4.6403936,51.8185622
528,Oud- en Gebrandyplein,oud- en gebrandyplein,neighbourhood,4.6563264,51.8211022
528,Oostkeetshaven,oostkeetshaven,neighbourhood,4.6587656,51.8191125
528,De Werf,de werf,neighbourhood,4.6557955,51.8174208
528,Westkeetshaven,westkeetshaven,neighbourhood,4.6500794,51.8140084
528,Voormalig Veilingterrein,voormalig veilingterrein,neighbourhood,4.6453534,51.8153653
528,Corridor-West,corridor-west,neighbourhood,4.6353129,51.8168088
528,Corridor-Oost,corridor-oost,neighbourhood,4.6399269,51.8140546
528,Meerdervoort,meerdervoort,neighbourhood,4.6413466,51.8100068
528,Dichtersbuurt-Midden,dichtersbuurt-midden,neighbourhood,4.6380028,51.8089096
528,Dichtersbuurt-West,dichtersbuurt-west,neighbourhood,4.6337438,51.8079741
528,Verzetsheldenbuurt,verzetsheldenbuurt,neighbourhood,4.6293214,51.8077978
528,Kapiteinflats,kapiteinflats,neighbourhood,4.6341709,51.8096618
528,Koloniënbuurt,kolonienbuurt,neighbourhood,4.6371964,51.8114263
528,Zeeheldenbuurt,zeeheldenbuurt,neighbourhood,4.632819,51.8106834
528,Bloemenbuurt A,bloemenbuurt a,neighbourhood,4.6246437,51.8151208
528,Bloemenbuurt D-G,bloemenbuurt d-g,neighbourhood,4.6275941,51.8143381
528,Bloemenbuurt B-C,bloemenbuurt b-c,neighbourhood,4.625341,51.8134891
528,Bloemenbuurt M-Z,bloemenbuurt m-z,neighbourhood,4.6294394,51.8122024
528,Bloemenbuurt H-L,bloemenbuurt h-l,neighbourhood,4.6256414,51.8113467
528,IJsvogelplein,ijsvogelplein,neighbourhood,4.6220058,51.812099
528,Ooievaar- en Vinkplein,ooievaar- en vinkplein,neighbourhood,4.6198866,51.8149158
528,Vogelbuurt-Oost,vogelbuurt-oost,neighbourhood,4.6192071,51.8133492
528,Leeuwerik- en Fazantplein,leeuwerik- en fazantplein,neighbourhood,4.6137284,51.8133404
528,Vogelbuurt-West,vogelbuurt-west,neighbourhood,4.6134452,51.8152396
528,Develzijde,develzijde,neighbourhood,4.6069473,51.8171124
528,Moermond-Zuid,moermond-zuid,neighbourhood,4.6056352,51.8132463
528,De As,de as,neighbourhood,4.6025226,51.8196378
528,Componistenbuurt-Midden,componistenbuurt-midden,neighbourhood,4.6156602,51.8201863
528,Componistenbuurt-Zuid,componistenbuurt-zuid,neighbourhood,4.6172254,51.8182208
528,Componistenbuurt-Noord,componistenbuurt-noord,neighbourhood,4.6141444,51.8219156
528,De Sandeling,de sandeling,neighbourhood,4.6242721,51.8405537
528,Krommeweg-Noord,krommeweg-noord,neighbourhood,4.6349921,51.8385798
528,Krommeweg-Zuid,krommeweg-zuid,neighbourhood,4.6316794,51.836183
528,Ambachtszone,ambachtszone,neighbourhood,4.6254011,51.8326139
528,Volgerlanden-West,volgerlanden-west,neighbourhood,4.6440329,51.832741
528,Volgerlanden-Oost,volgerlanden-oost,neighbourhood,4.6533672,51.8363284
528,Dorp,dorp,neighbourhood,4.6309309,51.8458243
528,Oostendam,oostendam,neighbourhood,4.6437352,51.8490851
528,Kruiswiel,kruiswiel,neighbourhood,4.646313,51.8443076
528,Makkum,makkum,hamlet,5.6803116,53.0913867
528,IJmuiden,ijmuiden,town,4.6111981,52.4574236
528,Ae's Woudbloem,ae's woudbloem,locality,6.745496,53.2263151
528,Peelerpark,peelerpark,neighbourhood,6.565405,53.0240151
528,Componistenbuurt,componistenbuurt,neighbourhood,6.5621556,53.0099489
528,Zwarte Water,zwarte water,neighbourhood,6.557214,53.0061812
528,Dichtershof,dichtershof,neighbourhood,6.5677631,53.0012017
528,Borgstee,borgstee,neighbourhood,6.5722758,53.0127758
528,Stadsbedrijvenpark,stadsbedrijvenpark,neighbourhood,6.5742223,53.0064264
528,Ketellapper,ketellapper,neighbourhood,6.5876464,53.0102948
528,Vreebergen,vreebergen,neighbourhood,6.5867597,52.9999594
528,Amelterhout,amelterhout,neighbourhood,6.5832674,52.9991507
528,Schildersbuurt,schildersbuurt,neighbourhood,6.5778413,52.9969327
528,Crailo,crailo,hamlet,5.2027163,52.2711417
528,Thames,thames,neighbourhood,5.2083364,52.2954274
528,Rijsbergen,rijsbergen,neighbourhood,5.2439745,52.2844986
528,Parrewijn,parrewijn,neighbourhood,5.2352971,52.2863874
528,IJzeren Veld,ijzeren veld,neighbourhood,5.2113046,52.2902114
528,Flevo,flevo,neighbourhood,5.19539,52.2919051
528,Zevenellen,zevenellen,locality,5.9718749,51.2247792
528,Heibloem,heibloem,village,5.8952657,51.3011848
528,Roggelsedijk,roggelsedijk,hamlet,5.8795968,51.3248977
528,Witdonk,witdonk,hamlet,5.8864277,51.3167912
528,Oost,oost,neighbourhood,6.4857362,52.7250678
528,Centrum,centrum,neighbourhood,6.4787936,52.7246921
528,Krakeel,krakeel,neighbourhood,6.5111842,52.7242525
528,Bentinckspark,bentinckspark,neighbourhood,6.4961262,52.7247621
528,Tweebosbuurt,tweebosbuurt,neighbourhood,4.5061883,51.9001408
528,Willemspark,willemspark,neighbourhood,4.3047363,52.0864469
528,Hoek van Holland Bad,hoek van holland bad,neighbourhood,4.1047529,51.9872232
528,L'Avenue,l'avenue,neighbourhood,4.1341087,51.9902939
528,Bernissepark,bernissepark,neighbourhood,4.2497162,51.8287286
528,Nieuwe Molen,nieuwe molen,hamlet,4.275933,51.5176406
528,Borneo,borneo,hamlet,5.7746709,51.6767663
528,City,city,neighbourhood,4.7763811,51.5882279
528,Hulsdonk,hulsdonk,hamlet,4.4374433,51.5267158
528,Het Hoekske,het hoekske,hamlet,4.5019971,51.5152301
528,Hazelaar,hazelaar,hamlet,4.3688206,51.5251371
528,Lunen,lunen,hamlet,5.7411728,51.783975
528,Lage Loswal,lage loswal,locality,6.1676011,51.3725103
528,Roggel,roggel,village,5.9254491,51.2641488
528,Schans,schans,hamlet,5.9216149,51.2711357
528,Nijken,nijken,hamlet,5.9127231,51.2781511
528,Asbroek,asbroek,hamlet,5.9087804,51.2855259
528,Schaapsbrug,schaapsbrug,hamlet,5.9030304,51.2893992
528,Leveroy,leveroy,village,5.8452028,51.2501563
528,Horn,horn,village,5.9461436,51.2077989
528,Baexem,baexem,village,5.8831207,51.2261401
528,Grathem,grathem,village,5.8589966,51.1917251
528,Ittervoort,ittervoort,village,5.8228256,51.1703398
528,Neeritter,neeritter,village,5.8028291,51.1628259
528,Hunsel,hunsel,village,5.8125896,51.1894042
528,Schillersheide,schillersheide,hamlet,5.8201695,51.1807144
528,Heldensedijk,heldensedijk,hamlet,5.9078975,51.3430485
528,Westdijk,westdijk,hamlet,4.4713591,51.7962756
528,Reedijk,reedijk,hamlet,4.4621698,51.8164956
528,Venesluis,venesluis,neighbourhood,6.4711971,52.7152468
528,Zuid,zuid,neighbourhood,6.4845426,52.7154255
528,Wolfsbos,wolfsbos,neighbourhood,6.5012129,52.7177667
528,Fallingabuurster- en Aaltjemeerpolder,fallingabuurster- en aaltjemeerpolder,locality,5.450819,53.0085877
528,Greppelveld,greppelveld,locality,5.8175341,52.4648466
528,Avenhil,avenhil,locality,4.5499206,51.8240844
528,Kalesland,kalesland,locality,4.5430048,51.8238916
528,Negen Boerengorzen,negen boerengorzen,locality,4.5352611,51.8247141
528,Binnenbans,binnenbans,neighbourhood,4.4946707,51.7989197
528,Hofwijk,hofwijk,neighbourhood,4.4982581,51.7988054
528,Dordwijk,dordwijk,hamlet,4.598231,51.782654
528,Maasdamse Tol,maasdamse tol,locality,4.5566212,51.7812783
528,Schawacht,schawacht,isolated_dwelling,4.6005129,51.7568598
528,Meeuwenoord,meeuwenoord,isolated_dwelling,4.6137124,51.7406929
528,'t Spui,'t spui,locality,4.3006403,51.8020785
528,Meerkoot,meerkoot,isolated_dwelling,4.6282147,51.7456517
528,Brugzicht,brugzicht,isolated_dwelling,4.622627,51.7298581
528,Landzigt,landzigt,isolated_dwelling,4.5811015,51.7426969
528,Van Leydenhof,van leydenhof,locality,4.2145751,52.0489599
528,Hyacintenbos,hyacintenbos,locality,4.2172841,52.0504634
528,Wielder,wielder,hamlet,6.1557918,51.4545192
528,Houthuizen,houthuizen,hamlet,6.1503777,51.4480004
528,Moleneind,moleneind,hamlet,6.082814,51.5202047
528,Genderen,genderen,village,5.0889547,51.7359968
528,Meeuwen,meeuwen,village,5.0086455,51.7283074
528,Goudriaan,goudriaan,village,4.8922546,51.9028885
528,Rumpt,rumpt,village,5.1762105,51.885759
528,Geloërveld,geloerveld,hamlet,6.1260951,51.3206822
528,Pannenberg,pannenberg,hamlet,6.119271,51.3173423
528,Waarder,waarder,village,4.8187604,52.0609118
528,Kockengen,kockengen,village,4.9498671,52.1485693
528,Noordsebuurt,noordsebuurt,hamlet,4.8515606,52.1664465
528,Oudewater,oudewater,village,4.8701303,52.022606
528,Lopikerkapel,lopikerkapel,village,5.0464631,51.9920702
528,Lopik,lopik,village,4.9481074,51.9730385
528,Graaf,graaf,hamlet,4.9767528,51.9798831
528,Linne,linne,village,5.9417146,51.1559514
528,Nieuw Rhijngeest-Zuid,nieuw rhijngeest-zuid,neighbourhood,4.4503507,52.1697288
528,Malta,malta,hamlet,4.5680684,51.7176236
528,De Lodewijk,de lodewijk,isolated_dwelling,4.5988622,51.7324086
528,Raadhuispark,raadhuispark,neighbourhood,4.4904622,51.799081
528,Blankenberg,blankenberg,hamlet,5.8300973,51.7795029
528,Biesland,biesland,neighbourhood,4.3690103,52.0156001
528,Landgoed de Willigenhof,landgoed de willigenhof,locality,4.5133333,51.7856369
528,De Muggenhool,de muggenhool,hamlet,5.318452,51.3146849
528,Boksheide,boksheide,hamlet,5.3080026,51.3268336
528,De Banjaard,de banjaard,neighbourhood,3.6730378,51.5920033
528,Tuuthees,tuuthees,hamlet,5.9827611,51.6038161
528,Broekhuizen,broekhuizen,hamlet,6.2129869,52.5212862
528,Ham,ham,hamlet,5.8324686,51.6569286
528,Waterweide,waterweide,neighbourhood,4.4686668,51.7868971
528,Krooswijk,krooswijk,locality,4.4408298,51.8199197
528,De Terpen,de terpen,neighbourhood,5.9336592,52.5323573
528,Landgoed de Eeckelaer,landgoed de eeckelaer,locality,4.572357,51.7978771
528,Goudsberg,goudsberg,locality,5.8588957,50.8678376
528,Driehuizen,driehuizen,neighbourhood,5.9433384,52.207916
528,'t Schouw,'t schouw,hamlet,4.9522274,52.4248081
528,Hoorn,hoorn,hamlet,7.0511878,53.092352
528,de Veentjes,de veentjes,locality,5.8764652,52.2072944
528,Den Hout,den hout,village,4.8140033,51.6570361
528,Oosterzand,oosterzand,hamlet,6.3208438,53.234307
528,Kroonsfeld,kroonsfeld,hamlet,6.3364002,53.2304278
528,Oldekerk,oldekerk,village,6.339802,53.220334
528,Heilooërbos,heilooerbos,locality,4.7140122,52.612523
528,Beugelen,beugelen,hamlet,6.2540461,52.6640519
528,Wimmenum,wimmenum,hamlet,4.6569216,52.6362994
528,Windesheim,windesheim,village,6.1331609,52.4481874
528,Groeve bij de Drie Beeldjes,groeve bij de drie beeldjes,locality,5.851848,50.8586081
528,Hatzum,hatzum,hamlet,5.6348585,53.1784952
528,Koegelwieck,koegelwieck,locality,5.3278787,53.4029394
528,Nederzetting op Marker Wadden,nederzetting op marker wadden,locality,5.3655767,52.583549
528,Voor Beltrum,voor beltrum,hamlet,6.5807022,52.0550969
528,Klein Zuidbroek,klein zuidbroek,neighbourhood,6.0077029,52.2372288
528,Stichtsch-Ankeveensche Plas,stichtsch-ankeveensche plas,locality,5.0813743,52.2699905
528,Hollandsch-Ankeveensche Plas,hollandsch-ankeveensche plas,locality,5.0865507,52.2748572
528,Harwichknoop,harwichknoop,locality,4.127307,51.9764904
528,Valkeveen,valkeveen,hamlet,5.1944965,52.3026401
528,Landgoed La Licorne,landgoed la licorne,locality,5.3982622,52.011729
528,De Surhuzumer Mieden,de surhuzumer mieden,hamlet,6.2158779,53.215705
528,Lytsepost,lytsepost,hamlet,6.1595738,53.2411799
528,Reahel,reahel,hamlet,6.1474446,53.2233881
528,Blauforlaet,blauforlaet,hamlet,6.1700069,53.2278176
528,Reaskuorre,reaskuorre,hamlet,6.1464469,53.1996304
528,Bouwetille,bouwetille,hamlet,6.149359,53.1920885
528,Dykhuzen,dykhuzen,hamlet,6.1785726,53.2437713
528,Egypte,egypte,hamlet,6.1103709,53.2548255
528,It Utlân,it utlan,hamlet,6.1949062,53.2623574
528,Mûntsetille,muntsetille,hamlet,6.125517,53.2220941
528,De Hamsterpein,de hamsterpein,hamlet,6.1356325,53.2086166
528,It Wyldpaed,it wyldpaed,hamlet,6.0631634,53.2387999
528,Hiltsjemuoiswâlden,hiltsjemuoiswalden,hamlet,6.0411389,53.2368734
528,Nuil,nuil,hamlet,6.453426,52.7884238
528,It Wyldfjild,it wyldfjild,hamlet,6.1684294,53.1598941
528,Blauhûs,blauhus,hamlet,6.1423825,53.173994
528,It Jachtfjild,it jachtfjild,hamlet,6.1198333,53.1695967
528,Roptasyl,roptasyl,isolated_dwelling,5.4397266,53.2094377
528,Getswerdersyl,getswerdersyl,hamlet,5.5128478,53.2013917
528,Bergschenhoek,bergschenhoek,village,4.5016775,51.98934
528,Nieuwe Kroningspolder,nieuwe kroningspolder,locality,4.0701366,51.799002
528,Dam,dam,hamlet,6.0347021,51.7142095
528,Ottersum,ottersum,village,5.9824022,51.7025323
528,Het Verscholen Dorp,het verscholen dorp,locality,5.8730546,52.33623
528,Nieuwevaart,nieuwevaart,hamlet,4.9832442,51.6777718
528,Oostergast,oostergast,neighbourhood,6.4121935,53.2496584
528,Schaapskooi,schaapskooi,locality,4.1394722,51.3409297
528,Werven,werven,hamlet,6.1104771,52.4329076
528,Locht,locht,hamlet,6.0162954,50.8493647
528,Suderwier,suderwier,locality,5.8398754,53.1734038
528,Bentveld,bentveld,village,4.5705619,52.3657705
528,Goedleven,goedleven,hamlet,3.5856863,51.2934573
528,Nieuwemolen,nieuwemolen,hamlet,3.9360559,51.2405272
528,Zuiddorpe,zuiddorpe,village,3.9043023,51.2351819
528,Westdorpe,westdorpe,village,3.823928,51.2302243
528,Heense Molen,heense molen,hamlet,4.246518,51.603037
528,Zandspui,zandspui,hamlet,4.670502,51.548436
528,Hoge Donk,hoge donk,hamlet,4.6016613,51.5765167
528,Kruisstraat,kruisstraat,hamlet,4.5684799,51.5866544
528,Houtdijken,houtdijken,hamlet,4.9231964,52.1065523
528,Vogelenzang,vogelenzang,village,4.5763779,52.3190551
528,Leuvenheim,leuvenheim,village,6.1412509,52.0738469
528,Tudorpark,tudorpark,neighbourhood,4.6585566,52.2909296
528,Tudor Gardens,tudor gardens,neighbourhood,4.6643779,52.287515
528,Schoonenburg,schoonenburg,hamlet,5.7683931,51.7685842
528,Hetsberg,hetsberg,locality,5.8466991,51.7476408
528,Hoogersmilde,hoogersmilde,village,6.3968885,52.9054328
528,Noordwolde-Zuid,noordwolde-zuid,village,6.1496485,52.8787155
528,Zuidvelde,zuidvelde,village,6.458122,53.0446319
528,Norgerbrug,norgerbrug,hamlet,6.4925866,52.9927336
528,Norgervaart,norgervaart,hamlet,6.4895735,53.0005514
528,Peizermade,peizermade,village,6.511064,53.1920074
528,Peizerwold,peizerwold,hamlet,6.4961565,53.1614941
528,De Groeve,de groeve,village,6.7179696,53.1159668
528,Kropswolde,kropswolde,village,6.7237157,53.1486568
528,Weper,weper,hamlet,6.3087221,53.0085718
528,Veenhuizen,veenhuizen,village,6.3963672,53.0332173
528,Roswinkel,roswinkel,village,7.0384353,52.8372932
528,Erm,erm,village,6.8194139,52.7551361
528,Wedzeburen,wedzeburen,hamlet,6.0977501,53.237308
528,Waaxens,waaxens,village,5.9202087,53.3571739
528,Beerze,beerze,hamlet,6.5289829,52.5140141
528,Hulsbeek,hulsbeek,hamlet,5.8420673,51.6527886
528,Spengen,spengen,hamlet,4.9220744,52.1559846
528,Geer,geer,hamlet,4.9145539,52.1638155
528,Meertenwei,meertenwei,hamlet,5.5236819,51.9362144
528,Den Eng,den eng,hamlet,5.4976435,51.9431852
528,Nagele,nagele,village,5.7223334,52.6469683
528,Breedeveen,breedeveen,hamlet,5.4179883,52.024295
528,Huinen,huinen,hamlet,5.606926,52.2228482
528,Nieuwerhoek,nieuwerhoek,hamlet,5.0184206,52.2051463
528,Usquert,usquert,village,6.6117672,53.4024685
528,De Pan,de pan,hamlet,4.4018197,52.1736688
528,Corle,corle,hamlet,6.6571095,51.9682433
528,Zieuwent,zieuwent,village,6.5194467,52.0038435
528,De Bruil,de bruil,hamlet,6.4508691,52.0733878
528,Wittebrink,wittebrink,hamlet,6.2939016,52.004151
528,De Erven,de erven,neighbourhood,5.1217937,51.9913429
528,Het Lint,het lint,neighbourhood,5.1219557,51.9868805
528,Dorpshart,dorpshart,neighbourhood,5.1172474,51.9882639
528,Beek,beek,village,6.1892782,51.9078816
528,Enzelens,enzelens,hamlet,6.7695001,53.3132781
528,Bedum,bedum,town,6.5961866,53.3003141
528,Onderdendam,onderdendam,village,6.5887433,53.3354085
528,Oosteinde,oosteinde,hamlet,6.7932077,53.4137874
528,Startenhuizen,startenhuizen,village,6.7090568,53.3690176
528,Boerenhoek,boerenhoek,hamlet,5.9779538,51.9040745
528,Angeren,angeren,village,5.9569025,51.9162738
528,Zandheuvel,zandheuvel,hamlet,5.9354642,51.8809663
528,Haalderen,haalderen,village,5.9265463,51.8864729
528,Overasselt,overasselt,village,5.7891125,51.7610036
528,Haukes,haukes,hamlet,6.0183211,51.8616431
528,Milsbeek,milsbeek,village,5.9499476,51.7243615
528,Valburg,valburg,village,5.7885376,51.911008
528,Okkenbroek,okkenbroek,village,6.3208461,52.2982653
528,Voorst,voorst,village,6.1427437,52.1704605
528,Eerde,eerde,hamlet,6.4460028,52.4896878
528,Blokstad,blokstad,hamlet,6.8517141,53.3003565
528,De Paauwen,de paauwen,hamlet,6.7780336,53.2600671
528,Ekamp,ekamp,hamlet,7.0637794,53.1744361
528,Beerta,beerta,village,7.0970942,53.1746385
528,Rhederbrug,rhederbrug,village,7.169015,53.088236
528,Laude,laude,hamlet,7.1278746,52.9275957
528,Pallert,pallert,hamlet,7.1987121,52.9982578
528,Vlagtwedde,vlagtwedde,village,7.1122345,53.0260951
528,Kiel-Windeweer,kiel-windeweer,village,6.7712114,53.1232148
528,Warnsveld,warnsveld,village,6.2268734,52.1443409
528,Jutrijp,jutrijp,village,5.6505706,52.9950784
528,Oosterzee-Gietersebrug,oosterzee-gietersebrug,village,5.7751747,52.8735361
528,Polle,polle,hamlet,5.853217,52.9196079
528,Vierhuis,vierhuis,hamlet,5.8455665,52.9093738
528,Sauwerd,sauwerd,village,6.5328224,53.2944879
528,Fiskbuorren,fiskbuorren,hamlet,5.9487983,53.3846756
528,Trijeboerehuzen,trijeboerehuzen,hamlet,5.9242002,53.3771824
528,Oudehorne,oudehorne,village,6.0848079,52.9638473
528,Nieuwehorne,nieuwehorne,village,6.0559346,52.9503443
528,Mildam,mildam,village,6.0028823,52.9361396
528,Gaarkeuken,gaarkeuken,hamlet,6.3126353,53.249482
528,Hoog-Baarlo,hoog-baarlo,hamlet,5.8762276,52.1104497
528,Bussloo,bussloo,village,6.1309705,52.1975589
528,Cannerstort,cannerstort,locality,5.6790494,50.8155996
528,Looperskapelle,looperskapelle,hamlet,3.8636227,51.7270767
528,Noordgouwe,noordgouwe,village,3.9386411,51.6936422
528,Platenberg,platenberg,locality,5.6457321,52.0863568
528,Zanddijk,zanddijk,village,3.657597,51.5400751
528,Kuitaart,kuitaart,village,4.0337641,51.3423188
528,Halfeind,halfeind,hamlet,4.1233168,51.2803419
528,Clinge,clinge,village,4.0892686,51.2687822
528,Voormalig SOMA-terrein,voormalig soma-terrein,locality,5.6648985,52.0676159
528,Wijngaardsberg,wijngaardsberg,locality,5.6794055,50.8181921
528,Waterhoek,waterhoek,hamlet,6.5483291,52.1070079
528,Lochuizen,lochuizen,hamlet,6.6103866,52.1492147
528,Kevelhammerhoek,kevelhammerhoek,hamlet,6.5801288,52.2266868
528,Zenderen,zenderen,village,6.7241713,52.3237521
528,'t Evenbelt,'t evenbelt,hamlet,6.2426663,52.3855769
528,Witte Paarden,witte paarden,village,6.07911,52.808505
528,'s-Heerenbroek,'s-heerenbroek,village,6.0150628,52.5353904
528,Klarenbeek,klarenbeek,village,6.0612117,52.1662233
528,Laag-Soeren,laag-soeren,village,6.0738115,52.0836024
528,Loenen,loenen,village,6.018526,52.1174796
528,IJzerlo,ijzerlo,hamlet,6.5427096,51.8881163
528,Zandpol,zandpol,village,6.8680901,52.693669
528,Lieving,lieving,hamlet,6.5291303,52.8508087
528,Bakkeveen,bakkeveen,village,6.2560227,53.0806017
528,Siegerswoude,siegerswoude,village,6.218036,53.0926641
528,Warfhuizen,warfhuizen,village,6.4256049,53.3411167
528,Noordwijk,noordwijk,village,6.2575709,53.1701782
528,Enumatil,enumatil,village,6.4091906,53.216058
528,Chinatown,chinatown,neighbourhood,4.4712392,51.9209738
528,Driehuizen,driehuizen,hamlet,5.1406252,51.5019542
528,Heikant,heikant,hamlet,5.184871,51.4482168
528,Elahuizen,elahuizen,village,5.5382332,52.9224893
528,Ruigahuizen,ruigahuizen,hamlet,5.5669221,52.883152
528,Generaal Sosabowskiwaard,generaal sosabowskiwaard,locality,5.8227842,51.974175
528,De Lommer,de lommer,neighbourhood,4.4416722,51.7256935
528,De Meent II,de meent ii,neighbourhood,4.4443001,51.7259288
528,De Meent I,de meent i,neighbourhood,4.4442356,51.7270904
528,De Majoor,de majoor,neighbourhood,4.440158,51.7197609
528,De Bloesem,de bloesem,neighbourhood,4.4393737,51.7235979
528,De Bogaard,de bogaard,neighbourhood,4.4393899,51.7218329
528,L'Air Pur,l'air pur,hamlet,4.9377561,51.4181293
528,Klingendal,klingendal,locality,5.8519922,50.7966027
528,Het Gildenhof,het gildenhof,neighbourhood,4.4029573,52.0456603
528,Landgoed Kraaiveld,landgoed kraaiveld,neighbourhood,4.9678998,51.8042039
528,Verzetsheldenbuurt,verzetsheldenbuurt,neighbourhood,4.6907499,52.3007096
528,Piratenwijk,piratenwijk,neighbourhood,4.6954519,52.2971608
528,Kreekrijk,kreekrijk,neighbourhood,4.7438787,52.4949968
528,Tumilibos,tumilibos,locality,6.622478,52.9912357
528,Kie,kie,hamlet,5.5097812,53.1771164
528,De Puollen,de puollen,hamlet,5.6701806,53.190383
528,Oostvlietpolder,oostvlietpolder,locality,4.4863087,52.1338116
528,Hofpolder,hofpolder,locality,4.4729676,52.1274656
528,Nassaupark,nassaupark,neighbourhood,4.6655205,52.2917245
528,De Nak,de nak,neighbourhood,6.148436,51.3582661
528,Kromme Elleboog,kromme elleboog,isolated_dwelling,4.5748946,51.7602373
528,Noordhoeve,noordhoeve,isolated_dwelling,4.5713103,51.7600011
528,Hoekelum,hoekelum,hamlet,5.6660549,52.0123456
528,Nergena,nergena,hamlet,5.6507123,51.9992105
528,Meulunteren,meulunteren,hamlet,5.6366846,52.104441
528,De Wetbos,de wetbos,locality,5.7884052,52.1135846
528,De Valk,de valk,hamlet,5.6957988,52.1214615
528,Imbosch,imbosch,locality,5.9775192,52.0673515
528,Lauwersoog,lauwersoog,village,6.2142384,53.4036333
528,Hortus,hortus,neighbourhood,5.2285183,52.3570578
528,Radio Kootwijk (zenderpark),radio kootwijk,locality,5.8262055,52.1746515
528,Gerritsflesch,gerritsflesch,hamlet,5.8258304,52.1672635
528,De Peppeld,de peppeld,hamlet,5.6772586,51.9896601
528,Landsherenkwartier,landsherenkwartier,neighbourhood,6.1606786,52.2738357
528,Ludgeruskwartier,ludgeruskwartier,neighbourhood,6.1591053,52.2682237
528,Rollekatekwartier,rollekatekwartier,neighbourhood,6.1713497,52.2641738
528,Oranjekwartier,oranjekwartier,neighbourhood,6.1710096,52.269856
528,Tuindorp,tuindorp,neighbourhood,6.1646218,52.2658116
528,Noorderplein,noorderplein,neighbourhood,6.1508202,52.2597102
528,Zandweerd-Zuid,zandweerd-zuid,neighbourhood,6.1390228,52.2610408
528,Zwolseweg,zwolseweg,neighbourhood,6.1446229,52.2636248
528,Lange Zandstraat,lange zandstraat,neighbourhood,6.1455723,52.2583365
528,Platvoet,platvoet,neighbourhood,6.1326288,52.2741324
528,Zandweerd-Noord,zandweerd-noord,neighbourhood,6.1336928,52.2668071
528,Schrijversbuurt,schrijversbuurt,neighbourhood,6.1389257,52.269785
528,Borgele,borgele,neighbourhood,6.148958,52.2738515
528,Noordenbergkwartier,noordenbergkwartier,neighbourhood,6.1527915,52.253625
528,Bergkwartier,bergkwartier,neighbourhood,6.1620446,52.2516928
528,Knutteldorp,knutteldorp,neighbourhood,6.166164,52.2479624
528,Raambuurt,raambuurt,neighbourhood,6.1645979,52.250372
528,Singels,singels,neighbourhood,6.1581758,52.2563224
528,Centrum,centrum,neighbourhood,6.1593078,52.2520625
528,Oudegoedstraat,oudegoedstraat,neighbourhood,6.1585196,52.2633728
528,Oosterstraat,oosterstraat,neighbourhood,6.1622741,52.2589825
528,Rode Dorp,rode dorp,neighbourhood,6.1518792,52.2640921
528,Rielerweg-West,rielerweg-west,neighbourhood,6.1687155,52.2574828
528,Burgemeestersbuurt,burgemeestersbuurt,neighbourhood,6.1645195,52.2610964
528,Rivierenbuurt,rivierenbuurt,neighbourhood,6.1765188,52.2553307
528,Hoornwerk,hoornwerk,neighbourhood,6.1686233,52.2537299
528,Deltabuurt,deltabuurt,neighbourhood,6.1853086,52.255301
528,De Dreijen,de dreijen,neighbourhood,5.6798242,51.9690377
528,Leeuwen,leeuwen,hamlet,5.6758503,51.9826484
528,Hoefkens,hoefkens,hamlet,5.6977388,51.7184908
528,Loenense Bos,loenense bos,locality,5.9977119,52.1048164
528,Schaddeveld,schaddeveld,locality,6.0648851,52.071554
528,Onzalige Bossen,onzalige bossen,locality,6.0412967,52.04573
528,Hupkesbosch,hupkesbosch,locality,6.0657315,52.0615232
528,Land van Tosse,land van tosse,hamlet,5.5167383,51.7397842
528,De Berkt,de berkt,hamlet,5.5009325,51.7173451
528,Heuven,heuven,locality,6.0192553,52.0167704
528,Broek,broek,hamlet,5.9986062,50.827232
528,De Fellingen,de fellingen,neighbourhood,5.7916627,53.1774463
528,Havenstêd,havensted,neighbourhood,5.7887394,53.1827548
528,Wetterstêd,wettersted,neighbourhood,5.7864194,53.1780662
528,Boksumerhoeke,boksumerhoeke,neighbourhood,5.7808226,53.1787922
528,Looienhoek,looienhoek,hamlet,5.0077907,51.5170057
528,Brakel,brakel,hamlet,4.9974506,51.5146651
528,De Overval,de overval,hamlet,4.3488896,51.5902619
528,Blauwe Sluis,blauwe sluis,hamlet,4.3631645,51.5956367
528,Oeffelt,oeffelt,village,5.9336143,51.6996426
528,Meeren,meeren,hamlet,5.7605049,51.6858629
528,Arwerd,arwerd,hamlet,6.545253,53.2918828
528,De Hoeven,de hoeven,hamlet,5.1798875,51.7073129
528,Ozingadobbe,ozingadobbe,locality,5.767639,53.3328559
528,Rengerswetering,rengerswetering,neighbourhood,5.3818009,52.2344738
528,Kalkzuilen,kalkzuilen,locality,5.6808728,50.8256752
528,Zuidplein,zuidplein,neighbourhood,4.488709,51.8877628
528,Westerhoven,westerhoven,village,5.3985112,51.3316002
528,Demen,demen,village,5.6287142,51.8156028
528,Neerlangel,neerlangel,hamlet,5.6460925,51.807821
528,Groeningen,groeningen,village,5.9990017,51.6072725
528,Sint Agatha,sint agatha,village,5.9104643,51.7139881
528,Overschie,overschie,suburb,4.4300816,51.9385073
528,Feijenoord,feijenoord,suburb,4.5068656,51.9072468
528,Kleaster Anjum,kleaster anjum,hamlet,5.611647,53.2300797
528,Bûtenstfallaat,butenstfallaat,hamlet,6.0446986,53.1056416
528,Huijbergen,huijbergen,village,4.3768613,51.4330325
528,Nieuw-Vossemeer,nieuw-vossemeer,village,4.2178348,51.5863367
528,Munnekezeel,munnekezeel,hamlet,5.8752968,52.8357692
528,Jouswerd,jouswerd,hamlet,5.5420083,53.0317741
528,Feytebuorren,feytebuorren,hamlet,5.5504267,53.0179381
528,Aaksens,aaksens,hamlet,5.5339834,53.0332115
528,War,war,hamlet,5.5151261,53.194951
528,Poeldijkerhout,poeldijkerhout,neighbourhood,4.224624,52.0272905
528,Heemstede,heemstede,town,4.6217323,52.3528406
528,Langeweg,langeweg,village,4.6644889,51.6489096
528,Schijf,schijf,village,4.5590355,51.4974207
528,Stampersgat,stampersgat,village,4.4429316,51.6135113
528,Dorst,dorst,village,4.8583006,51.5898349
528,'s Gravenmoer,'s gravenmoer,village,4.9407124,51.6578881
528,De Moer,de moer,village,5.0135164,51.6237323
528,Drongelen,drongelen,village,5.0538745,51.7161991
528,Giessen,giessen,village,5.0318616,51.7910191
528,Rijswijk,rijswijk,village,5.0244345,51.7986264
528,Uitwijk,uitwijk,village,5.0072075,51.78526
528,Leidschenveen-Ypenburg,leidschenveen-ypenburg,suburb,4.3887859,52.0559247
528,Azeven-Zuid,azeven-zuid,neighbourhood,6.1322945,53.0991385
528,Azeven-Noord,azeven-noord,neighbourhood,6.1279678,53.1140835
528,Lierderbos,lierderbos,locality,5.9495753,52.1386747
528,Bulkenaar,bulkenaar,hamlet,4.4211475,51.5159498
528,Oranjewijk,oranjewijk,neighbourhood,4.5591763,51.7409335
528,Hoge Weide,hoge weide,neighbourhood,4.5467309,51.7514895
528,Nieuw-Scheemda,nieuw-scheemda,village,6.9457105,53.2091089
528,Broek,broek,hamlet,6.8426353,53.0282171
528,Bronnegerveen,bronnegerveen,hamlet,6.839077,52.956431
528,Gasselternijveen,gasselternijveen,village,6.8471868,52.9862139
528,Veldhoek,veldhoek,hamlet,6.2792985,52.4375257
528,Darp,darp,village,6.2041078,52.7751894
528,Balinge,balinge,hamlet,6.6293717,52.812013
528,Witteveen,witteveen,village,6.6609481,52.8142057
528,Wijster,wijster,village,6.5163531,52.8148592
528,Nieuwlande,nieuwlande,village,6.6110453,52.6957431
528,Stuifzand,stuifzand,village,6.500869,52.7482183
528,Ommelanderwijk,ommelanderwijk,village,6.9064314,53.0877148
528,Zuidwending,zuidwending,village,6.9331766,53.0955202
528,Barger-Oosterveld,barger-oosterveld,suburb,6.9585045,52.7719449
528,Beersterhogen,beersterhogen,hamlet,7.1406682,53.1835828
528,Loverbosch,loverbosch,neighbourhood,5.7630215,51.4092054
528,Jannum,jannum,village,5.9028161,53.3130092
528,Nieuwe Gooye,nieuwe gooye,neighbourhood,4.1007074,51.7430213
528,Molenzicht,molenzicht,neighbourhood,4.090261,51.7464651
528,Nijhuzum,nijhuzum,village,5.4850248,52.9799958
528,Land van Bommel,land van bommel,locality,5.9106255,51.4300748
528,Lanenrijk,lanenrijk,neighbourhood,5.0386816,52.3174601
528,Vechtrijk,vechtrijk,neighbourhood,5.0470856,52.3186358
528,Waterrijk,waterrijk,neighbourhood,5.0536182,52.3212066
528,De Kade,de kade,neighbourhood,4.2547568,51.9148732
528,Withuis,withuis,hamlet,5.7212222,50.7665199
528,Zuidpolder,zuidpolder,locality,4.4499981,51.9697489
528,Kemperheide,kemperheide,locality,5.8742279,52.0455252
528,Houtwijkerveld,houtwijkerveld,neighbourhood,4.6794719,52.3139718
528,Binnenmiede- en Weeshuispolder,binnenmiede- en weeshuispolder,locality,5.8602512,53.2302386
528,De Finish,de finish,neighbourhood,5.8402151,53.2189788
528,De Parels,de parels,neighbourhood,5.845499,53.2199007
528,Westvaartpark,westvaartpark,neighbourhood,4.579462,52.1254774
528,Colmschate,colmschate,suburb,6.2157341,52.2495667
528,De Bieren,de bieren,hamlet,5.5428218,53.1054981
528,Sieswerd,sieswerd,hamlet,5.519109,53.0840948
528,Reiger Bosch,reiger bosch,locality,6.0692245,53.0728321
528,Hoevenbraak,hoevenbraak,neighbourhood,5.4505441,51.6139043
528,Hulzebraak,hulzebraak,neighbourhood,5.4523549,51.6099765
528,Rooiseheide,rooiseheide,neighbourhood,5.4444009,51.6060555
528,Plein 2,plein 2,neighbourhood,5.4433223,51.6095936
528,Plein 3,plein 3,neighbourhood,5.4361142,51.6144138
528,De Beemd 3,de beemd 3,neighbourhood,5.443608,51.6162361
528,Plein 1,plein 1,neighbourhood,5.4415772,51.6133044
528,De Beemd 1,de beemd 1,neighbourhood,5.4454193,51.619529
528,Duin 1,duin 1,neighbourhood,5.4669299,51.611444
528,Centrum 3,centrum 3,neighbourhood,5.4283852,51.6207894
528,Hopstraat,hopstraat,neighbourhood,5.4312284,51.6257327
528,Centrum 1,centrum 1,neighbourhood,5.4369969,51.6184323
528,De Borne 1,de borne 1,neighbourhood,5.4252256,51.6175841
528,Centrum 4,centrum 4,neighbourhood,5.4321533,51.6182785
528,Boschweg Zuidwest,boschweg zuidwest,neighbourhood,5.4181716,51.6247768
528,Grevekeur,grevekeur,neighbourhood,5.4125905,51.6271486
528,De Borne 2,de borne 2,neighbourhood,5.4245371,51.6238517
528,Molendijk,molendijk,neighbourhood,5.4167801,51.6326596
528,Boschweg Noordoost,boschweg noordoost,neighbourhood,5.4243278,51.6295129
528,Centrum 2,centrum 2,neighbourhood,5.4328358,51.6224696
528,It Eilân-Oost,it eilan-oost,isolated_dwelling,5.9090784,53.0962715
528,Scheldewerf,scheldewerf,neighbourhood,3.5819554,51.4457856
528,Duin 2,duin 2,neighbourhood,5.465974,51.6064577
528,Kapeleind,kapeleind,hamlet,5.4597467,51.6163192
528,Hullenbos,hullenbos,locality,5.9080562,52.4482074
528,De Trije Terpen,de trije terpen,neighbourhood,5.9846652,53.316899
528,Hoedemakerspolder,hoedemakerspolder,neighbourhood,5.9909408,53.3232745
528,Lauwerskwartier,lauwerskwartier,neighbourhood,6.1788651,53.1736696
528,Indische buurt,indische buurt,neighbourhood,4.3314277,51.9124849
528,Heidenend,heidenend,locality,6.1845684,51.3314887
528,Juffrouwsweitje,juffrouwsweitje,locality,5.3150655,51.6447498
528,Statenbuurt,statenbuurt,neighbourhood,4.3486471,51.9262867
528,Vogelbuurt,vogelbuurt,neighbourhood,4.3555476,51.9304339
528,Drevenbuurt,drevenbuurt,neighbourhood,4.3424952,51.9376574
528,Kruidenbuurt,kruidenbuurt,neighbourhood,4.3393106,51.9343278
528,Hoofdstedenbuurt,hoofdstedenbuurt,neighbourhood,4.353625,51.9357913
528,Hoevenbuurt,hoevenbuurt,neighbourhood,4.3556892,51.9401876
528,Hoogstad,hoogstad,neighbourhood,4.3363808,51.9173131
528,Oranjebuurt,oranjebuurt,neighbourhood,4.3445924,51.918951
528,Stevert,stevert,hamlet,5.3646677,51.36912
528,Nicolai Bosje,nicolai bosje,locality,5.9563923,52.0070348
528,In der Vlodroper Oh,in der vlodroper oh,locality,6.0781461,51.1186969
528,Auf dem Heidler,auf dem heidler,locality,6.0658782,51.1155682
528,Am Vennchen,am vennchen,locality,6.0687927,51.1173042
528,H-Buurt,h-buurt,neighbourhood,4.9566067,52.3111756
528,Venserpolder,venserpolder,neighbourhood,4.9444182,52.3224214
528,Am Pfaffenweg,am pfaffenweg,locality,6.0866913,51.1227081
528,Schlock,schlock,locality,6.0894977,51.1249105
528,Driehuis,driehuis,village,4.6384854,52.448574
528,Vor Schlock,vor schlock,locality,6.0900778,51.1274715
528,Klein Harkstede,klein harkstede,hamlet,6.6396502,53.2306215
528,De Zwaaikom,de zwaaikom,neighbourhood,4.8427713,51.6473479
528,De Bunt,de bunt,locality,5.5049336,52.1920154
528,Beneden Veensloot,beneden veensloot,hamlet,6.9262417,53.1300926
528,Marnehuizen,marnehuizen,locality,6.2626483,53.38624
528,Newport Nesselande,newport nesselande,neighbourhood,4.5825599,51.9811245
528,Strand Noord,strand noord,neighbourhood,4.5802743,51.9864279
528,Johannahoeve,johannahoeve,isolated_dwelling,4.5804548,51.9783588
528,Buitengebied Broekkant,buitengebied broekkant,neighbourhood,5.4770722,51.6231165
528,Jannendorp,jannendorp,hamlet,5.4950558,52.1421045
528,Moorst,moorst,hamlet,5.4774785,52.1154845
528,Schalsumerplan,schalsumerplan,neighbourhood,5.5583926,53.190704
528,Tuinen,tuinen,neighbourhood,5.5392413,53.1838042
528,Frisia,frisia,neighbourhood,5.5331744,53.1825471
528,Bloemketerp,bloemketerp,neighbourhood,5.5505449,53.1889317
528,Watertorenbuurt,watertorenbuurt,neighbourhood,5.5562647,53.1867885
528,Bangabuurt,bangabuurt,neighbourhood,5.5507562,53.1854863
528,It Stiselplak,it stiselplak,neighbourhood,5.5343516,53.1877833
528,Keningspark,keningspark,neighbourhood,5.523395,53.1879189
528,'t War,'t war,neighbourhood,5.5270019,53.1927566
528,Witzens,witzens,neighbourhood,5.5300353,53.1978197
528,Hamburgerrak,hamburgerrak,neighbourhood,5.5447648,53.1967528
528,Professorenbuurt,professorenbuurt,neighbourhood,5.5443423,53.1909662
528,Kaatsersbuurt,kaatsersbuurt,neighbourhood,5.5312578,53.1910295
528,Sexbierumervaartbuurt,sexbierumervaartbuurt,neighbourhood,5.5331895,53.1951526
528,Industrieterrein Zuid,industrieterrein zuid,neighbourhood,5.5427274,53.1824386
528,Industrieterrein Oost,industrieterrein oost,neighbourhood,5.559932,53.1824115
528,Stationsbuurt,stationsbuurt,neighbourhood,5.5500922,53.1827009
528,Industrieterrein West,industrieterrein west,neighbourhood,5.5166641,53.182936
528,Industrieterrein Kie,industrieterrein kie,neighbourhood,5.5209803,53.1784229
528,Binnenstad,binnenstad,neighbourhood,5.5432406,53.1865806
528,Himsterhout,himsterhout,neighbourhood,6.0672846,53.0885318
528,De Trisken,de trisken,neighbourhood,6.0563582,53.0944047
528,De Drait,de drait,neighbourhood,6.0699407,53.0990445
528,De Swetten,de swetten,neighbourhood,6.0879904,53.1115839
528,Noordoost,noordoost,neighbourhood,6.1018748,53.1130695
528,De Wiken,de wiken,neighbourhood,6.1194415,53.1104243
528,De Venen,de venen,neighbourhood,6.1150951,53.102669
528,De Bouwen,de bouwen,neighbourhood,6.1038669,53.1009655
528,De Singels,de singels,neighbourhood,6.0903447,53.0995882
528,Centrum,centrum,neighbourhood,6.0981915,53.1066753
528,Fennepark,fennepark,neighbourhood,6.0979812,53.1233135
528,De Folgeren,de folgeren,neighbourhood,6.0858776,53.1202252
528,Burmaniapark,burmaniapark,neighbourhood,6.0814558,53.1258674
528,Vrijburgh,vrijburgh,neighbourhood,6.0886922,53.1314409
528,Stadterij,stadterij,hamlet,6.4906144,52.7398711
528,European Air Transport Command,european air transport command,locality,5.3914904,51.448228
528,Siberie,siberie,hamlet,6.5223971,52.7491119
528,Am Lindenweg,am lindenweg,locality,6.0270643,50.9775753
528,Akkerdreven,akkerdreven,neighbourhood,4.3380478,51.8069987
528,Nolde,nolde,hamlet,6.4241908,52.6326814
528,Bei Kastanienburg,bei kastanienburg,locality,6.2179389,51.4395486
528,Zwischen dem Menn- und Heerweg,zwischen dem menn- und heerweg,locality,6.0512588,50.9318011
528,Kop van Deelen,kop van deelen,locality,5.8987557,52.0663959
528,Venn am Scheigraben,venn am scheigraben,locality,6.2111797,51.4145203
528,Merkstein-Rimburg,merkstein-rimburg,locality,6.0919803,50.9161953
528,Im Schlich,im schlich,locality,6.0947678,50.9203647
528,Zwischen dem Mühlenweg und dem Gängchen,zwischen dem muhlenweg und dem gangchen,locality,6.0669391,50.9218433
528,Am Karweg,am karweg,locality,6.0455613,50.9312312
528,Schäferstrauch,schaferstrauch,locality,6.1305756,51.2855089
528,Liermolen,liermolen,neighbourhood,4.2547077,51.9810311
528,Mindergangelt,mindergangelt,locality,5.9604033,50.9862652
528,Gangelter Heide,gangelter heide,locality,5.9580127,50.9874801
528,Staher Heide,staher heide,locality,5.9951746,50.9831201
528,Maurits Noord,maurits noord,neighbourhood,5.6761121,52.0348118
528,Tuindorp Vooruit,tuindorp vooruit,neighbourhood,5.6594556,52.0285235
528,Elias Beeckman,elias beeckman,neighbourhood,5.6844232,52.0371249
528,Komponistenbuurt,komponistenbuurt,neighbourhood,5.681992,52.0442755
528,Simon Stevin,simon stevin,neighbourhood,5.6931954,52.037964
528,Landgoed Amshoff's Bosch,landgoed amshoff's bosch,locality,6.4957702,52.7676644
528,Auf dem Schangelrath,auf dem schangelrath,locality,6.0602446,51.1138006
528,Noord,noord,neighbourhood,6.0012966,53.3296098
528,Watertorenbuurt,watertorenbuurt,neighbourhood,5.9929922,53.3290284
528,Betterwird,betterwird,neighbourhood,5.9808928,53.3282485
528,Jantjeszeepolder,jantjeszeepolder,neighbourhood,6.0030093,53.315082
528,Weeshuislanden,weeshuislanden,neighbourhood,5.9990542,53.3325603
528,Hogedijken,hogedijken,neighbourhood,6.0139134,53.3232444
528,Kooilanden,kooilanden,neighbourhood,6.0120653,53.3172681
528,Fûgellân,fugellan,neighbourhood,6.014973,53.3290137
528,Fonteinslanden,fonteinslanden,neighbourhood,6.0028137,53.3206718
528,Binnenstad,binnenstad,neighbourhood,5.9984038,53.3259644
528,Veldese Bos,veldese bos,locality,6.2414228,52.1386008
528,Abbegaasterrige,abbegaasterrige,hamlet,5.582313,53.0271342
528,Galgenberg,galgenberg,locality,6.0718368,51.2027324
528,Wilde Benden,wilde benden,locality,6.2202566,51.3928837
528,Nöllen,nollen,locality,6.2220817,51.4569453
528,Zweipfählenweg,zweipfahlenweg,locality,6.2171659,51.4463797
528,Holter Bruch,holter bruch,locality,6.2237835,51.465829
528,Giesen Benden,giesen benden,locality,6.2262283,51.397793
528,Gitstapperau,gitstapperau,locality,6.1037767,51.1361384
528,Gemeindebruch,gemeindebruch,locality,6.1017105,51.1348992
528,Mühlenkopf,muhlenkopf,locality,6.1692547,51.1548384
528,In der Rimburger Wiese,in der rimburger wiese,locality,6.0839167,50.9086796
528,Am Viehweg,am viehweg,locality,6.0551655,50.9231227
528,Heide,heide,locality,6.0426802,50.9338709
528,Kaninswinkel,kaninswinkel,locality,6.0467429,50.9291293
528,Auf dem Pfad,auf dem pfad,locality,6.0565644,50.9246853
528,Achterom,achterom,hamlet,6.5277743,52.733444
528,Hondhang,hondhang,hamlet,6.4314101,52.7259077
528,'t Noorden,'t noorden,hamlet,6.5567804,52.7426067
528,De Haar,de haar,hamlet,6.5510405,52.763281
528,Der Herrenbend,der herrenbend,locality,6.0722603,51.1169937
528,Auf Backeskamp,auf backeskamp,locality,6.0586343,51.1119867
528,Grootwijngaarden,grootwijngaarden,hamlet,5.9716232,52.9860077
528,Zanderij,zanderij,locality,5.5974952,52.2839451
528,Sondel,sondel,village,5.5986174,52.8715246
528,Aldemardum,aldemardum,village,5.5330985,52.8494869
528,Brinkgreven,brinkgreven,neighbourhood,6.1835723,52.262975
528,Rielerweg-Oost,rielerweg-oost,neighbourhood,6.1783866,52.2589024
528,Groenlust I,groenlust i,neighbourhood,4.9510177,52.1497137
528,Groenlust II,groenlust ii,neighbourhood,4.9554134,52.1504829
528,Welgelegen,welgelegen,neighbourhood,4.9500348,52.1515787
528,Vierde Kwadrant,vierde kwadrant,neighbourhood,4.9546072,52.1517833
528,Vossenholen,vossenholen,locality,5.3737119,51.6099121
528,Landgrabens Heide,landgrabens heide,locality,6.6600572,51.9073216
528,A1 Bedrijvenpark Deventer,a1 bedrijvenpark deventer,neighbourhood,6.2052672,52.2319138
528,Havenkwartier,havenkwartier,neighbourhood,6.1717947,52.2464899
528,Bergweide 5,bergweide 5,neighbourhood,6.1714626,52.2395315
528,Bergweide 3,bergweide 3,neighbourhood,6.1730171,52.2509064
528,Bergweide 4,bergweide 4,neighbourhood,6.1794914,52.2481346
528,Riis,riis,village,5.4969911,52.8637503
528,Bosk fan Pylkwier,bosk fan pylkwier,locality,5.8441351,53.1763719
528,Handelspark De Weteringen,handelspark de weteringen,neighbourhood,6.216827,52.2412689
528,Bedrijventerrein Westfalenstraat,bedrijventerrein westfalenstraat,neighbourhood,6.1883502,52.2471921
528,Bedrijventerrein Het Hanzepark,bedrijventerrein het hanzepark,neighbourhood,6.1870373,52.2392543
528,Palmstad,palmstad,hamlet,5.3193471,52.0348897
528,Nieuw-Sterkenburg,nieuw-sterkenburg,hamlet,5.3017178,52.0368962
528,Boswijk,boswijk,hamlet,5.3023417,52.0410403
528,Scheendijk,scheendijk,hamlet,5.0203858,52.1794101
528,Kerklaan,kerklaan,hamlet,5.0099777,52.2221371
528,Quatrebras,quatrebras,neighbourhood,4.7686028,52.3414322
528,Delburen,delburen,hamlet,5.5941704,52.8740429
528,Nijbuorren,nijbuorren,hamlet,5.471522,52.8831579
528,Dirkslandse Sas,dirkslandse sas,isolated_dwelling,4.1142064,51.7838314
528,Posthoorn,posthoorn,hamlet,3.7522133,51.2696614
528,Holleken,holleken,hamlet,3.7621291,51.2618094
528,Beukenhorst-West,beukenhorst-west,neighbourhood,4.7012905,52.2956996
528,Workumermeerpolder,workumermeerpolder,locality,5.460606,52.9927346
528,Heideveld,heideveld,locality,6.5724798,51.9363927
528,Stenenveld,stenenveld,locality,6.5726486,51.9365684
528,De Glooiing,de glooiing,locality,6.5729683,51.9365936
528,De Korenaar,de korenaar,locality,6.5727956,51.9367584
528,De Horizon,de horizon,locality,6.5733511,51.936578
528,Tussen het mos,tussen het mos,locality,6.5733157,51.9363666
528,´t Hoge Gras,'t hoge gras,locality,6.5733207,51.9361902
528,Groene Weide,groene weide,locality,6.5726058,51.9358692
528,Weesp,weesp,town,5.0420822,52.3072593
528,Overmeer,overmeer,hamlet,5.0466768,52.2530414
528,'s-Graveland,'s-graveland,village,5.1308287,52.2413132
528,Park Vijfsluizen,park vijfsluizen,neighbourhood,4.3665754,51.9109139
528,Engelenburg,engelenburg,neighbourhood,6.0863945,52.2243774
528,Vinkeveld,vinkeveld,neighbourhood,4.9219337,52.2059426
528,Westerheul,westerheul,neighbourhood,4.9243251,52.2095043
528,Zuiderwaard,zuiderwaard,neighbourhood,4.9241891,52.2139451
528,Dorp,dorp,neighbourhood,4.9335263,52.214021
528,Elfstedenpark,elfstedenpark,neighbourhood,5.7707259,53.2005421
528,Steenbrugge,steenbrugge,neighbourhood,6.1701073,52.2770974
528,Altenburg,altenburg,hamlet,5.8567329,53.183932
528,Overlaet West,overlaet west,neighbourhood,5.3574872,51.7214688
528,De Groote Vliet,de groote vliet,neighbourhood,5.3498375,51.7243499
528,Overlaet Oost,overlaet oost,neighbourhood,5.3671861,51.7262506
528,Oikos,oikos,neighbourhood,6.9709151,52.2052713
528,Euregio Bedrijvenpark,euregio bedrijvenpark,neighbourhood,6.9502697,52.2245114
528,Groote Hoeven,groote hoeven,neighbourhood,5.7131693,51.3764625
528,Haven,haven,neighbourhood,3.7189237,51.2713542
528,Berkelaar,berkelaar,hamlet,5.8718506,51.1229131
528,Gruttoland,gruttoland,locality,5.561233,53.0921304
528,De Heide,de heide,hamlet,6.1444127,51.4911666
528,'t Belt,'t belt,neighbourhood,6.0894473,52.2376496
528,Klaashof,klaashof,locality,5.8320849,51.2110075
528,Rustenburg,rustenburg,village,4.8772761,52.6344016
528,Grootschermer,grootschermer,village,4.8498714,52.5827314
528,Oranjewijk Zuid,oranjewijk zuid,neighbourhood,4.6528655,52.0480424
528,Peter Zuidlaan en Horstenbuurt,peter zuidlaan en horstenbuurt,neighbourhood,4.648263,52.0513702
528,Saltryp,saltryp,hamlet,5.433107,53.1817085
528,Coenecoop,coenecoop,neighbourhood,4.655199,52.0268845
528,Oranjekade,oranjekade,neighbourhood,5.6526568,51.4840437
528,Bedrijventerrein Mercuriusweg,bedrijventerrein mercuriusweg,neighbourhood,4.6552741,52.0352543
528,'t Weegje,'t weegje,neighbourhood,4.6714425,52.0185
528,Centrum,centrum,neighbourhood,4.6519345,52.0441511
528,Zeeheldenbuurt,zeeheldenbuurt,neighbourhood,4.6630433,52.0441216
528,West 2,west 2,neighbourhood,4.6160425,52.0313928
528,West 1,west 1,neighbourhood,4.6242836,52.0600265
528,Oost,oost,neighbourhood,4.6754825,52.0388569
528,Noordkade,noordkade,neighbourhood,4.6597893,52.0562775
528,Zijpe,zijpe,hamlet,4.0974085,51.6512896
528,Wekeromse Belt,wekeromse belt,locality,5.6989056,52.0954679
528,Van Verschuerbuurt,van verschuerbuurt,neighbourhood,5.9192567,51.976497
528,Boulevardwijk,boulevardwijk,neighbourhood,5.9179523,51.97998
528,Spijkerbuurt,spijkerbuurt,neighbourhood,5.9186306,51.9831738
528,Industrieterrein,industrieterrein,neighbourhood,5.9397993,51.9708564
528,Bij de John Frostbrug,bij de john frostbrug,neighbourhood,5.9160247,51.9766949
528,Arnhemse Broek,arnhemse broek,neighbourhood,5.9279166,51.978362
528,Stationsplein,stationsplein,neighbourhood,5.9020924,51.982818
528,Markt,markt,neighbourhood,5.9121288,51.9797055
528,Weverstraat,weverstraat,neighbourhood,5.9063901,51.9791607
528,Rijnstraat,rijnstraat,neighbourhood,5.9051485,51.982381
528,Janssingel,janssingel,neighbourhood,5.9089192,51.9844725
528,Sonsbeek/Zijpendaal,sonsbeek zijpendaal,neighbourhood,5.8975912,51.9954044
528,Utrechtsestraat,utrechtsestraat,neighbourhood,5.8911719,51.9847238
528,Brouwerijweg en omgeving,brouwerijweg en omgeving,neighbourhood,5.8918371,51.9877453
528,Schaarsbergen,schaarsbergen,neighbourhood,5.8724525,52.0224801
528,Hazegrietje,hazegrietje,neighbourhood,5.9126984,51.9971743
528,Monnikenhuizen,monnikenhuizen,neighbourhood,5.9330929,52.0013737
528,Geitenkamp,geitenkamp,neighbourhood,5.9397932,52.0025675
528,Klarendal-Noord,klarendal-noord,neighbourhood,5.9189526,51.9887657
528,Klarendal-Zuid,klarendal-zuid,neighbourhood,5.9209768,51.9872252
528,Sint Janskerkstraat en omgeving,sint janskerkstraat en omgeving,neighbourhood,5.9277217,51.991101
528,Onder de Linden,onder de linden,neighbourhood,5.9215239,51.9922364
528,Terrein ENKA,terrein enka,neighbourhood,5.9330139,51.9861603
528,Velperweg-Noord,velperweg-noord,neighbourhood,5.9281614,51.9893171
528,IJsseloord,ijsseloord,neighbourhood,5.9697867,51.9761759
528,Winkelcentrum,winkelcentrum,neighbourhood,5.9495757,51.9839381
528,Sint Marten,sint marten,neighbourhood,5.9123407,51.9869356
528,Graaf Ottoplein en omgeving,graaf ottoplein en omgeving,neighbourhood,5.9118949,51.9899173
528,Sonsbeek-Noord,sonsbeek-noord,neighbourhood,5.9132659,51.9923546
528,Kamillehof,kamillehof,neighbourhood,5.9202928,51.9658081
528,Groene Weide,groene weide,neighbourhood,5.9120259,51.9688941
528,De Laar-Oost,de laar-oost,neighbourhood,5.8710834,51.9470147
528,De Laar-West,de laar-west,neighbourhood,5.8598745,51.9497574
528,Hommelstraat,hommelstraat,neighbourhood,5.9151903,51.985136
528,Middelgraaflaan en omgeving,middelgraaflaan en omgeving,neighbourhood,5.9093693,51.9664885
528,Zeegsingel en omgeving,zeegsingel en omgeving,neighbourhood,5.907322,51.9645894
528,Eimersweide,eimersweide,neighbourhood,5.9058864,51.9607945
528,Immerloo II,immerloo ii,neighbourhood,5.9219547,51.9591835
528,Immerloo I,immerloo i,neighbourhood,5.9165133,51.9623912
528,Schuytgraaf-Centrum,schuytgraaf-centrum,neighbourhood,5.8488025,51.9547887
528,Schuytgraaf-Zuid,schuytgraaf-zuid,neighbourhood,5.8426066,51.9484135
528,Schuytgraaf-Noord,schuytgraaf-noord,neighbourhood,5.8398393,51.9606149
528,Elderveld-Noord,elderveld-noord,neighbourhood,5.8589117,51.9634714
528,Elderhof,elderhof,neighbourhood,5.8696407,51.9644067
528,Elderveld-Zuid,elderveld-zuid,neighbourhood,5.8602666,51.9575552
528,Rijkerswoerd-Midden,rijkerswoerd-midden,neighbourhood,5.893039,51.9408773
528,Rijkerswoerd-Oost,rijkerswoerd-oost,neighbourhood,5.9047221,51.9417363
528,Rijkerswoerd-West,rijkerswoerd-west,neighbourhood,5.8851801,51.9473508
528,De Overmaat,de overmaat,neighbourhood,5.8835887,51.9530727
528,De Ganzepoel-Schans,de ganzepoel-schans,neighbourhood,5.9773123,51.9434241
528,Westervoort-Lange Maat en Hoogeind,westervoort-lange maat en hoogeind,neighbourhood,5.9729373,51.9485198
528,De Leigraaf-De Steenderens,de leigraaf-de steenderens,neighbourhood,5.9824815,51.9515334
528,Westervoort-Broeklanden,westervoort-broeklanden,neighbourhood,5.9770437,51.9562094
528,Westervoort,westervoort,neighbourhood,5.9700155,51.9623604
528,Helpermaar,helpermaar,neighbourhood,6.5781749,53.1920726
528,Donderberg,donderberg,locality,5.419691,52.0177752
528,Verloren Einde,verloren einde,hamlet,4.967149,52.5312256
528,Woold,woold,village,6.7171143,51.9288258
528,Velp-Noord boven spoorlijn,velp-noord boven spoorlijn,neighbourhood,5.9750596,51.9995344
528,Velp-Zuid ten zuiden van Waterstraat,velp-zuid ten zuiden van waterstraat,neighbourhood,5.9803386,51.9862161
528,Velp-Zuid beneden spoorlijn,velp-zuid beneden spoorlijn,neighbourhood,5.9744558,51.9904506
528,Stolwijkersluis,stolwijkersluis,hamlet,4.7207081,52.0050052
528,Stadsveld-Zuid,stadsveld-zuid,neighbourhood,6.8618879,52.2109944
528,Noten,noten,neighbourhood,3.8594065,51.3294815
528,Brakelsveer,brakelsveer,hamlet,4.3828234,51.822475
528,Strand,strand,hamlet,5.4122456,53.1144605
528,Heuvel,heuvel,hamlet,5.2892974,51.3952245
528,Het Heike,het heike,hamlet,5.2802104,51.4260675
528,Rietven,rietven,hamlet,5.2902231,51.4276522
528,Zevenhoven,zevenhoven,village,4.7798866,52.1825278
528,Delthuizen,delthuizen,hamlet,6.5899735,53.3776392
528,Eelswerd,eelswerd,hamlet,6.6249816,53.3741205
528,Kokshuizen / Woestenhuizen,kokshuizen woestenhuizen,hamlet,6.5933894,53.3688341
528,Aizingedam,aizingedam,hamlet,6.6286075,53.377498
528,Anserdennen,anserdennen,locality,6.3609123,52.789083
528,'t Kruis,'t kruis,hamlet,4.8454105,52.6510317
528,Aziëbuurt,aziebuurt,neighbourhood,4.3474054,51.9793446
528,Bosrand,bosrand,neighbourhood,4.3629031,51.9811751
528,Vogelbuurt-West,vogelbuurt-west,neighbourhood,4.3586822,51.9824356
528,Vogelbuurt-Oost,vogelbuurt-oost,neighbourhood,4.3648045,51.9834558
528,Boerderijbuurt,boerderijbuurt,neighbourhood,4.3574812,51.9856808
528,Dierenbuurt,dierenbuurt,neighbourhood,4.3634027,51.986627
528,Tanthofkadebuurt,tanthofkadebuurt,neighbourhood,4.3352682,51.9792804
528,Afrikabuurt-West,afrikabuurt-west,neighbourhood,4.3396911,51.9817719
528,Afrikabuurt-Oost,afrikabuurt-oost,neighbourhood,4.344377,51.9826678
528,Kerkpolder,kerkpolder,neighbourhood,4.328913,51.9892621
528,Hoogeind,hoogeind,hamlet,5.2747197,51.4660607
528,Witteveen,witteveen,hamlet,6.3561173,52.7801918
528,Langerak,langerak,hamlet,6.6134121,52.7208452
528,Klef,klef,hamlet,5.798286,51.5127089
528,Hemmen,hemmen,hamlet,5.6996042,51.9343298
528,Landsheer,landsheer,neighbourhood,4.7499627,52.7268335
528,Duitsekampweg,duitsekampweg,neighbourhood,5.7928912,52.0061997
528,de Stichting,de stichting,neighbourhood,5.7865308,52.0032881
528,Peeldijk,peeldijk,hamlet,5.6521202,51.5317021
528,Saaxumhuizen,saaxumhuizen,village,6.4845421,53.3812778
528,Marterhaar,marterhaar,hamlet,6.3547363,52.7252205
528,Meemortel,meemortel,hamlet,5.5865259,51.2661321
528,Weurt,weurt,village,5.815368,51.8582919
528,Waterlandkerkje,waterlandkerkje,village,3.5555459,51.3178531
528,Netterden,netterden,village,6.3130429,51.8563227
528,Wals,wals,hamlet,6.354357,51.8607557
528,De Stede,de stede,neighbourhood,6.1049437,51.9179981
528,De Berk,de berk,hamlet,4.6047252,51.5455044
528,Aartswoud,aartswoud,village,4.9497109,52.7427998
528,Rutten,rutten,village,5.6973664,52.8051952
528,De Heurne,de heurne,village,6.4913731,51.8895744
528,Waarland,waarland,village,4.8285879,52.7275339
528,Dalerpeel,dalerpeel,village,6.6592421,52.6817389
528,Kilhaven,kilhaven,locality,3.8894423,51.7935751
528,De Hees,de hees,hamlet,5.3330884,51.3735538
528,Foswert,foswert,isolated_dwelling,5.8363025,53.3191686
528,Oudeland,oudeland,neighbourhood,4.1561284,51.7540436
528,Neerwold,neerwold,locality,6.5561359,53.1748659
528,Noord Hijkerzand,noord hijkerzand,locality,6.4812684,52.9099891
528,Coldenhove,coldenhove,hamlet,6.0487917,52.0932351
528,Langstraat,langstraat,hamlet,5.8752125,51.3293552
528,Erenstein,erenstein,neighbourhood,6.062676,50.8725943
528,Laak,laak,hamlet,5.9141681,51.2632741
528,Herbricht,herbricht,isolated_dwelling,5.715564,50.9103263
528,Veerallee,veerallee,neighbourhood,6.0758879,52.5070972
528,Hanzeland,hanzeland,neighbourhood,6.0855346,52.5032155
528,Kamperpoort,kamperpoort,neighbourhood,6.0837541,52.5132067
528,Pierik,pierik,neighbourhood,6.1130308,52.5015118
528,Egypte,egypte,hamlet,6.1578872,52.967281
528,Zeeheldenwijk,zeeheldenwijk,neighbourhood,5.6429815,52.6561531
528,Tiltsjebuorren,tiltsjebuorren,hamlet,5.9960745,53.344345
528,Koudum,koudum,village,5.4494622,52.9138856
528,De Streng,de streng,neighbourhood,5.9565192,53.3820366
528,De Harste,de harste,hamlet,6.0162521,53.1692459
528,De Groensche Hoeven,de groensche hoeven,neighbourhood,5.2984532,51.6357399
528,Veldschuur,veldschuur,hamlet,5.7426846,50.9671453
528,Zandberg,zandberg,hamlet,5.3496165,51.949081
528,Vogelswerf,vogelswerf,hamlet,5.0550368,51.8564214
528,Oosterhuizen,oosterhuizen,hamlet,6.0061855,52.1571148
528,Boveneinde,boveneinde,hamlet,5.7812016,52.1924293
528,Maanwijk,maanwijk,neighbourhood,5.4074493,52.1230298
528,Tabaksteeg,tabaksteeg,neighbourhood,5.4125389,52.1172823
528,Hoeksekade,hoeksekade,neighbourhood,4.5125609,51.9837952
528,De Driehoek,de driehoek,locality,4.5110171,51.9902026
528,Dorp,dorp,neighbourhood,4.5027978,51.9865765
528,Eilandenbuurt,eilandenbuurt,neighbourhood,4.4915134,51.9856322
528,Boterdorpse Zoom,boterdorpse zoom,neighbourhood,4.4875614,51.9911967
528,Beemdenbuurt,beemdenbuurt,neighbourhood,4.4928771,51.9906287
528,Ackerse Zoom,ackerse zoom,neighbourhood,4.4954495,51.9969966
528,Bergsche Ackers,bergsche ackers,neighbourhood,4.4996681,51.9920494
528,Oosteindsche Ackers,oosteindsche ackers,neighbourhood,4.5050834,51.9952012
528,Voorste Kockerse,voorste kockerse,locality,6.1027707,51.3735207
528,Achterste Kockerse,achterste kockerse,locality,6.096285,51.3724788
528,Op de Craijel,op de craijel,locality,6.0723283,51.3766098
528,Heult,heult,hamlet,5.3323625,51.616127
528,Snellerpoort,snellerpoort,neighbourhood,4.9020052,52.0862804
528,Voormalig Mobilisatiecomplex Mill,voormalig mobilisatiecomplex mill,locality,5.7693985,51.6954027
528,Sint Jan ten Heere,sint jan ten heere,hamlet,3.4883829,51.5380631
528,Bloemenbuurt,bloemenbuurt,neighbourhood,4.1043691,51.7447511
528,Ommeren,ommeren,village,5.4958535,51.9463933
528,Vinkenkade,vinkenkade,neighbourhood,4.9698618,52.2446095
528,Land van Winkel,land van winkel,neighbourhood,4.9707258,52.2651325
528,Koudekerke,koudekerke,locality,3.7756331,51.6836062
528,Molenpolder,molenpolder,neighbourhood,4.2076179,51.6884057
528,Sterrenbeeldenbuurt,sterrenbeeldenbuurt,neighbourhood,6.5093015,52.9932293
528,Planetenbuurt,planetenbuurt,neighbourhood,6.5145439,52.9939623
528,Fiifhuzen,fiifhuzen,hamlet,5.9527613,53.384017
528,Kloosterhaven,kloosterhaven,neighbourhood,6.5155873,52.9975598
528,Kloosterveste,kloosterveste,neighbourhood,6.5140048,53.0004259
528,Kloostertuinen,kloostertuinen,neighbourhood,6.5094745,52.9998997
528,Kloosterkade,kloosterkade,neighbourhood,6.5064342,52.996779
528,Kloosterhage,kloosterhage,neighbourhood,6.5056192,52.9991678
528,Leeuwen,leeuwen,locality,6.0688631,51.2808107
528,Borg,borg,locality,6.1168876,51.4384603
528,De Schans,de schans,locality,5.9646781,51.3329305
528,De Schans,de schans,locality,5.8429852,51.253255
528,Bloemendal,bloemendal,neighbourhood,5.5722946,52.1521971
528,Viane,viane,locality,4.0088483,51.6180774
528,Galathese Haven,galathese haven,locality,4.3139955,51.6609983
528,Kapperbos,kapperbos,locality,6.2381155,52.141521
528,Westpoort,westpoort,suburb,4.7957316,52.4046821
528,Nuth,nuth,village,5.8838254,50.9171887
528,Oud-Stein,oud-stein,neighbourhood,5.7610946,50.9701344
528,Polder Giele Strân,polder giele stran,locality,5.4190661,52.9879698
528,Jouke Sjoerdspolder,jouke sjoerdspolder,locality,5.4184322,53.0051187
528,Horrelshoogte,horrelshoogte,neighbourhood,3.9320925,51.8222019
528,Strandpark Duynhille,strandpark duynhille,neighbourhood,3.927524,51.8217311
528,Het Oude Nieuwland,het oude nieuwland,neighbourhood,3.9305957,51.8238755
528,Blauwe Sluis,blauwe sluis,hamlet,4.699328,51.6918567
528,Landgoed Wickevoort,landgoed wickevoort,neighbourhood,4.6499706,52.3361992
528,'t Heechhout,'t heechhout,hamlet,5.6010229,53.1688094
528,Stormbos,stormbos,locality,6.829404,52.9113385
528,'t Mieneke,'t mieneke,locality,5.3156767,51.6399735
528,Kunrade,kunrade,village,5.9362056,50.8774548
528,Overgeul,overgeul,hamlet,5.9176005,50.7960919
528,Nijverheid,nijverheid,neighbourhood,6.0867115,52.2348111
528,De Omloop,de omloop,neighbourhood,6.0875514,52.2323655
528,De Veldjes,de veldjes,neighbourhood,6.0949718,52.2355491
528,Centrum,centrum,neighbourhood,6.1033864,52.2370476
528,Schakerveld,schakerveld,neighbourhood,6.1140925,52.2290102
528,Achter 't Holthuis,achter 't holthuis,neighbourhood,6.1227769,52.2380159
528,Fliertbuurt,fliertbuurt,neighbourhood,6.1213488,52.230884
528,De Vijfhoek,de vijfhoek,neighbourhood,6.106658,52.2326136
528,Hietweide,hietweide,neighbourhood,6.1002638,52.2306483
528,Marshoogte,marshoogte,neighbourhood,6.6067256,52.5845622
528,Polder Griene Strân,polder griene stran,locality,5.4283927,52.9769029
528,Diefdijk,diefdijk,hamlet,5.1309542,51.9146204
528,Diefdijk,diefdijk,hamlet,5.1485972,51.9333775
528,'t Hazeleger,'t hazeleger,neighbourhood,5.8021688,52.0176225
528,Voetsdyck,voetsdyck,locality,6.2154349,51.4423543
528,Sudermarpolder,sudermarpolder,locality,5.3843854,52.8765814
528,Dalmeden,dalmeden,neighbourhood,6.8152971,52.3031326
528,Reahûs,reahus,village,5.6359413,53.0767308
528,Benedeneind,benedeneind,hamlet,5.5812019,52.0149058
528,Schildersbuurt,schildersbuurt,neighbourhood,4.1622348,51.7534698
528,Heide,heide,village,5.9510864,51.5054556
528,Sint Pancras,sint pancras,village,4.7797186,52.6523824
528,de Kouter,de kouter,hamlet,4.1658035,51.2916193
528,Haanwijk,haanwijk,neighbourhood,4.9489617,52.0926926
528,Frans Halsbuurt,frans halsbuurt,neighbourhood,4.6346662,52.3915309
528,Seeryperpolder,seeryperpolder,locality,5.2876476,53.3743551
528,Dyksterhuzen,dyksterhuzen,hamlet,5.7208623,53.2333238
528,Muggenhoek,muggenhoek,hamlet,4.1976691,51.3161268
528,Spiegelbosje,spiegelbosje,locality,6.1038594,52.2403089
528,De Bosjes,de bosjes,hamlet,5.2809827,51.9415083
528,Havenkwartier,havenkwartier,neighbourhood,4.3361463,52.0459991
528,Loksland,loksland,locality,6.5814248,53.1759038
528,Rustburg,rustburg,locality,3.9484645,51.8174514
528,Kranendijk,kranendijk,hamlet,4.2561451,51.6812246
528,De Stoof,de stoof,hamlet,4.2926312,51.6941688
528,Varkensblok,varkensblok,locality,3.8913315,51.8153186
528,Kreupeltienden,kreupeltienden,locality,3.8871326,51.8180186
528,De Oosterhoek,de oosterhoek,locality,3.9841793,51.8312825
528,Noord-Kerkhoek,noord-kerkhoek,locality,3.9467692,51.8137949
528,De Zuidhoek,de zuidhoek,locality,3.8850676,51.7974271
528,Het Kleine Plaatje,het kleine plaatje,locality,3.9855268,51.8352288
528,Wester-Westdijk,wester-westdijk,locality,3.9069775,51.7986225
528,Looptienden,looptienden,locality,3.9183497,51.8089623
528,De Kalfhoek,de kalfhoek,locality,3.9644768,51.8198997
528,De Grote Kerkhoek,de grote kerkhoek,locality,3.971581,51.8243765
528,Ooster-Westdijk,ooster-westdijk,locality,3.9178767,51.8003455
528,De Zouthoek,de zouthoek,locality,3.89324,51.8209739
528,Oosterhaaijmeettiende,oosterhaaijmeettiende,locality,3.9496375,51.8196233
528,De Grote Hoek,de grote hoek,locality,3.8811049,51.806286
528,Plaattienden,plaattienden,locality,3.9050652,51.8014386
528,Oudeland,oudeland,hamlet,3.9018446,51.7982475
528,De Noordhoek,de noordhoek,locality,3.8784006,51.8136902
528,De Kleine Kerkhoek,de kleine kerkhoek,locality,3.9792749,51.8282612
528,Campensnieuwland,campensnieuwland,hamlet,3.7048986,51.5781103
528,Nieuwe Oostdijk,nieuwe oostdijk,neighbourhood,3.9854944,51.8220372
528,De Schans,de schans,locality,6.0213513,51.2851816
528,Stommeerhof,stommeerhof,neighbourhood,4.761917,52.2694433
528,Sancta Maria,sancta maria,neighbourhood,4.4909305,52.2779044
528,Buurt Berghemseweg-Zuid,buurt berghemseweg-zuid,neighbourhood,5.532401,51.767909
528,Op den Bosch,op den bosch,hamlet,6.0813711,51.3580328
528,De Goede Ree,de goede ree,neighbourhood,4.1558604,51.7557694
528,Baalsbruggen,baalsbruggen,hamlet,6.0861682,50.8792223
528,Berdelingebuurte,berdelingebuurte,hamlet,3.8851093,51.2020794
528,Drachtstercompagnie,drachtstercompagnie,village,6.1399606,53.1339693
528,Nieuw Rijsenburgh,nieuw rijsenburgh,neighbourhood,4.1567924,51.7528233
528,Lappendeken,lappendeken,locality,6.0526031,52.0300498
528,Middachter Veld,middachter veld,locality,6.064024,52.0372937
528,Zwiggelte,zwiggelte,village,6.58768,52.8735
528,De Wilp,de wilp,village,6.2544278,53.1183148
528,Makkinga,makkinga,village,6.2173595,52.9805873
528,De Knipe,de knipe,village,5.9739434,52.9683902
528,Ter Idzard,ter idzard,village,6.0341422,52.9038987
528,Boijl,boijl,village,6.1999729,52.9095907
528,Middachter Bossen,middachter bossen,locality,6.066792,52.0299211
528,Oudenburgse Sluis,oudenburgse sluis,hamlet,3.8593313,51.210471
528,Sint-Elooipolder,sint-elooipolder,locality,3.878035,51.2145906
528,Landgoed Buiten,landgoed buiten,locality,6.6518566,53.0989648
528,Landje van Malle Marie,landje van malle marie,locality,6.6468847,53.107454
528,Hoofdstrand 15,hoofdstrand 15,locality,6.3147193,53.5057466
528,Hoofdstrand 13,hoofdstrand 13,locality,6.2862396,53.5040876
528,Hoofdstrand 12,hoofdstrand 12,locality,6.2699479,53.5028368
528,Hoofdstrand 11,hoofdstrand 11,locality,6.2578779,53.5023965
528,Goldhoorn,goldhoorn,hamlet,7.0709495,53.2012919
528,Oud Annerveen,oud annerveen,hamlet,6.7656359,53.084735
528,Stepelerveld,stepelerveld,locality,6.7429715,52.1795405
528,Strijenham,strijenham,hamlet,4.1541301,51.5237953
528,Maalbroek,maalbroek,hamlet,6.0436834,51.1993328
528,Thuserhof,thuserhof,hamlet,6.0405736,51.1852089
528,Groenpoort,groenpoort,neighbourhood,5.5834298,52.0316471
528,Am Landgraben,am landgraben,locality,6.0234067,50.7665273
528,Diekgat,diekgat,hamlet,6.4224927,53.3176733
528,Varsen,varsen,hamlet,6.3843435,52.5205758
528,Mrija,mrija,neighbourhood,4.3033463,51.9047569
528,Oudeland,oudeland,hamlet,4.681398,51.9310561
528,Rondveld,rondveld,hamlet,5.8968985,51.6212301
528,KONIngshof,koningshof,neighbourhood,4.4172138,51.8179029
528,De Krouwel,de krouwel,hamlet,6.0471766,51.408995
528,Het Oostrik,het oostrik,neighbourhood,6.2081251,52.2523038
528,Groot Douwel,groot douwel,neighbourhood,6.2074898,52.2556401
528,Blauwenoord,blauwenoord,neighbourhood,6.2040324,52.2536238
528,Snippeling,snippeling,neighbourhood,6.1917987,52.2500749
528,'t Bramelt,'t bramelt,neighbourhood,6.2103002,52.2432753
528,Colmschater Enk,colmschater enk,neighbourhood,6.2077261,52.2474017
528,Swormink,swormink,neighbourhood,6.2276528,52.2436894
528,Roessink,roessink,neighbourhood,6.2187563,52.2451685
528,Essenerveld,essenerveld,neighbourhood,6.2280207,52.2466198
528,Dorp Colmschate,dorp colmschate,neighbourhood,6.2213888,52.2480393
528,Op den Haar,op den haar,neighbourhood,6.2210752,52.2567149
528,Steinvoorde,steinvoorde,neighbourhood,6.2224726,52.260662
528,Het Jeurlink,het jeurlink,neighbourhood,6.2189242,52.2623772
528,Het Fetlaer en Spijkvoorder Enk,het fetlaer en spijkvoorder enk,neighbourhood,6.2188195,52.2649946
528,Spikvoorde,spikvoorde,neighbourhood,6.2313069,52.2635612
528,Graveland,graveland,neighbourhood,6.2330688,52.2582822
528,Vlindertuin,vlindertuin,neighbourhood,5.2163185,52.6856695
528,Bloementuin,bloementuin,neighbourhood,5.2166176,52.6869743
528,Moestuin,moestuin,neighbourhood,5.2182712,52.6861736
528,Kleine Vergaderberg,kleine vergaderberg,locality,5.6949004,52.0557038
528,Dichte Gat,dichte gat,locality,5.6891446,52.0550202
528,Ophangingsbos,ophangingsbos,locality,5.6893878,52.0508967
528,Achterste Beukenbosch,achterste beukenbosch,locality,5.6936728,52.0507045
528,Reintjesoord,reintjesoord,locality,5.6886929,52.0454268
528,Arnhemsche Bosch,arnhemsche bosch,locality,5.688276,52.0438953
528,Brinkererf,brinkererf,locality,5.6865099,52.0463349
528,Gosenhouw,gosenhouw,locality,5.681808,52.0535923
528,Armenhouw,armenhouw,locality,5.6831137,52.0495667
528,Slophozenkamp,slophozenkamp,locality,5.684628,52.0517727
528,De Trappen,de trappen,locality,5.6848422,52.0541335
528,Horsting's bosje,horsting's bosje,locality,5.680951,52.0553014
528,Boswal,boswal,locality,5.6797726,52.0532077
528,Kleine Brandhouw,kleine brandhouw,locality,5.6883687,52.0613149
528,Nieuwe Brandhouw,nieuwe brandhouw,locality,5.6931864,52.0613007
528,Smalle Brandhouw,smalle brandhouw,locality,5.6935802,52.05878
528,Westerzand,westerzand,locality,6.2507701,52.8100902
528,Oosterzand,oosterzand,locality,6.2791157,52.8132549
528,Nuilerbosch,nuilerbosch,locality,6.448127,52.7949967
528,Lheebroekerzand,lheebroekerzand,locality,6.440928,52.8351222
528,Lheederzand,lheederzand,locality,6.4124965,52.8186109
528,Dwingelerzand,dwingelerzand,locality,6.3644636,52.8120228
528,Hegewiersterfjild,hegewiersterfjild,locality,5.4209073,53.1526374
528,Rijndael,rijndael,neighbourhood,5.0946709,52.032256
528,Hounspolder,hounspolder,locality,5.814728,53.1751592
528,Molenveld,molenveld,hamlet,5.3454433,51.3616401
528,Droevendaal,droevendaal,locality,5.6731369,51.9890365
528,Zonzeelse Polder,zonzeelse polder,locality,4.7099486,51.6676525
528,Borkel,borkel,village,5.4439126,51.2982936
528,Berg,berg,hamlet,5.5479211,51.2762653
528,Möl'nhoek,mol'nhoek,neighbourhood,6.426377,52.5233303
528,Abdijzicht,abdijzicht,neighbourhood,5.1328516,51.5860177
528,Zustertuinen,zustertuinen,neighbourhood,5.133131,51.5844046
528,Zusterkroon,zusterkroon,neighbourhood,5.1358317,51.5889441
528,Vlierakkers,vlierakkers,neighbourhood,5.1485551,51.5874341
528,Laarbroek,laarbroek,hamlet,5.7417431,51.413351
528,Toven,toven,hamlet,5.8478052,51.6361873
528,Rhaan,rhaan,hamlet,6.4495272,52.4284291
528,Kerkwijkerbosch,kerkwijkerbosch,locality,6.4471535,52.0617754
528,Boetele,boetele,hamlet,6.3030812,52.3694097
528,Transvaal,transvaal,neighbourhood,5.8354578,51.991016
528,Beelaertslaan,beelaertslaan,neighbourhood,5.8294385,51.9928702
528,Lawijckerhof,lawijckerhof,neighbourhood,5.7930676,52.0022236
528,Dreyeroord,dreyeroord,neighbourhood,5.8362267,51.9944953
528,Dennenkamp,dennenkamp,neighbourhood,5.8420094,51.9900742
528,Talud,talud,neighbourhood,5.8520363,51.9880121
528,Stenenkruis,stenenkruis,neighbourhood,5.8550349,51.9838092
528,Bato's wijk,bato's wijk,neighbourhood,5.8397341,51.9819433
528,Nieuwland,nieuwland,neighbourhood,5.8497509,51.9835302
528,Valkenberg,valkenberg,neighbourhood,5.8222495,51.9856545
528,Weidewaard,weidewaard,neighbourhood,5.6094928,52.3353828
528,Vogelwaard,vogelwaard,neighbourhood,5.6000073,52.334618
528,Stedenwaard,stedenwaard,neighbourhood,5.60306,52.3369435
528,Scheepswaard,scheepswaard,neighbourhood,5.6072078,52.3399825
528,Hanzewaard,hanzewaard,neighbourhood,5.6107954,52.3431924
528,Stromenwaard,stromenwaard,neighbourhood,5.6123781,52.3407561
528,Lageweg,lageweg,hamlet,4.6401694,51.9661917
528,Buytewech,buytewech,neighbourhood,4.7719922,52.1545077
528,Hoogveld,hoogveld,neighbourhood,5.9992915,50.8615101
528,Hooge Heide,hooge heide,hamlet,5.6012998,51.7368613
528,Hoek,hoek,hamlet,5.630728,51.595655
528,Dichterswijk,dichterswijk,neighbourhood,5.1114401,52.0807571
528,Sint-Annaland,sint-annaland,village,4.1023311,51.6003889
528,Poortvliet,poortvliet,village,4.1439401,51.544873
528,Serooskerke,serooskerke,village,3.8150681,51.702105
528,Sirjansland,sirjansland,village,4.0319232,51.6762748
528,Gastelsveer,gastelsveer,hamlet,4.4334704,51.5931106
528,Middelveld,middelveld,neighbourhood,5.85286,51.0683731
528,Weerd,weerd,hamlet,5.9225855,51.161023
528,Westzaner-Overtoom,westzaner-overtoom,hamlet,4.7799292,52.4359328
528,Hinnemastate,hinnemastate,locality,5.7970471,53.2369059
528,Waatskamperheide,waatskamperheide,hamlet,5.8045288,51.3015229
528,'t Vlut,'t vlut,hamlet,5.7771759,51.3054405
528,Castert,castert,hamlet,5.7546353,51.2165485
528,Steenoord,steenoord,locality,3.8815517,51.5629715
528,Hústerheide,husterheide,hamlet,5.9822868,53.2061773
528,Kortenhoef,kortenhoef,village,5.1130009,52.2401304
528,Zuiderheide,zuiderheide,neighbourhood,5.1483928,52.2114706
528,Speuld,speuld,hamlet,5.7040855,52.2677226
528,Stadsstrand Hoorn,stadsstrand hoorn,locality,5.0444753,52.6392393
528,Klaphek,klaphek,hamlet,5.0674281,52.0003305
528,Oostindie,oostindie,hamlet,6.3710053,53.132974
528,Sterrenwijk,sterrenwijk,neighbourhood,5.1296035,52.0807564
528,Aaldonk,aaldonk,hamlet,5.9936231,51.7116754
528,De Hagen,de hagen,neighbourhood,5.1024596,51.9939661
528,Amaliastein,amaliastein,neighbourhood,5.0718477,51.9861842
528,Monnikenhof,monnikenhof,neighbourhood,5.0808687,51.9815961
528,Burgemeesterswijk,burgemeesterswijk,neighbourhood,5.4232198,51.8821596
528,Bloemenbuurt,bloemenbuurt,neighbourhood,5.422593,51.8851249
528,Oostwoud,oostwoud,village,5.092097,52.7255098
528,Zuiderdiep,zuiderdiep,neighbourhood,4.030776,51.8100171
528,Berg en Dal,berg en dal,village,5.9093356,51.8260383
528,Muiderberg,muiderberg,village,5.1170818,52.3268624
528,Ankeveen,ankeveen,village,5.0994507,52.2669507
528,Pelgrimsche Hoeve,pelgrimsche hoeve,neighbourhood,5.4434618,51.7253406
528,Witte Hoef,witte hoef,neighbourhood,5.5280715,51.7491713
528,Het Woud,het woud,neighbourhood,5.500815,51.7468249
528,Vondellaan-Zuid,vondellaan-zuid,neighbourhood,5.5109142,51.7480442
528,Dichtersbuurt,dichtersbuurt,neighbourhood,5.5099238,51.7526807
528,Staatsliedenbuurt,staatsliedenbuurt,neighbourhood,5.503274,51.7550023
528,Hoefeind,hoefeind,neighbourhood,5.5085901,51.7656044
528,Amsteleind,amsteleind,neighbourhood,5.5022591,51.764075
528,Heihoek,heihoek,neighbourhood,5.4989917,51.7586211
528,Vlashoek,vlashoek,neighbourhood,5.5061905,51.760696
528,Hazenkamp,hazenkamp,neighbourhood,5.4934965,51.7634095
528,Loovelt,loovelt,neighbourhood,5.5022497,51.7676194
528,Lockaert,lockaert,neighbourhood,5.5003424,51.7703208
528,Schalkskamp,schalkskamp,neighbourhood,5.5048228,51.777398
528,Westerveld,westerveld,neighbourhood,5.5026062,51.7723403
528,Klein-Middeldonk,klein-middeldonk,neighbourhood,5.4973845,51.7739804
528,Roofvogelbuurt,roofvogelbuurt,neighbourhood,5.5479869,51.7688452
528,Vogelbuurt,vogelbuurt,neighbourhood,5.540841,51.7686374
528,De Graafschap,de graafschap,neighbourhood,5.7050478,52.4536557
528,Stienser Bos,stienser bos,locality,5.7702176,53.2679412
528,Centrum,centrum,neighbourhood,5.7597849,53.2613359
528,It Gryn,it gryn,neighbourhood,5.7700605,53.2614821
528,It Noarderfjild,it noarderfjild,neighbourhood,5.7654268,53.2641684
528,Middelsee,middelsee,neighbourhood,5.7484299,53.2670129
528,It Skil,it skil,neighbourhood,5.755579,53.2659409
528,It Heechhôf,it heechhof,neighbourhood,5.7631864,53.267086
528,Zuidoost,zuidoost,neighbourhood,5.7672294,53.2552073
528,Aldlân,aldlan,neighbourhood,5.7761097,53.2629562
528,d'Oriënt,d'orient,neighbourhood,5.7745207,53.2569089
528,Nieuw Bonaventura,nieuw bonaventura,neighbourhood,4.6118956,51.7755586
528,Bij de Watertoren,bij de watertoren,neighbourhood,4.62361,51.774421
528,Bevershoek,bevershoek,neighbourhood,4.6225905,51.7793922
528,Meilahuzen,meilahuzen,locality,5.6327457,53.0893702
528,De Hutte,de hutte,hamlet,4.4119368,51.7758876
528,De Hoogen Toren,de hoogen toren,hamlet,4.6118289,51.7577403
528,Het Fortje,het fortje,locality,4.6276011,51.7374206
528,'t Bosch,'t bosch,isolated_dwelling,4.6237829,51.7395714
528,Hoarne,hoarne,hamlet,5.7818592,53.2697958
528,Truerd,truerd,hamlet,5.7834325,53.2662554
528,Bolwoningen,bolwoningen,neighbourhood,5.3065126,51.7296872
528,Schaapsdijkpark,schaapsdijkpark,locality,6.2024914,51.3745625
528,Lutten,lutten,village,6.5748315,52.6117199
528,Overhoeks,overhoeks,neighbourhood,4.9026751,52.3870477
528,Tuindorp Nieuwendam,tuindorp nieuwendam,neighbourhood,4.9442126,52.391155
528,Wijnbergen,wijnbergen,village,6.2854008,51.9533936
528,Stadskwartier,stadskwartier,neighbourhood,6.264301,51.9559502
528,Romantische Buurt,romantische buurt,neighbourhood,6.2581339,51.9549841
528,Landelijk Wonen,landelijk wonen,neighbourhood,6.2631186,51.9495479
528,Kleurrijke Buurt,kleurrijke buurt,neighbourhood,6.2668202,51.9518267
528,De Huet-I,de huet-i,neighbourhood,6.2704538,51.961081
528,De Huet-II,de huet-ii,neighbourhood,6.262068,51.9640002
528,De Huet-III,de huet-iii,neighbourhood,6.2639809,51.9604997
528,De Huet-IV,de huet-iv,neighbourhood,6.2535419,51.96192
528,De Huet-V,de huet-v,neighbourhood,6.2522491,51.9677161
528,De Huet-VI,de huet-vi,neighbourhood,6.2476641,51.9647827
528,De Huet-VII,de huet-vii,neighbourhood,6.2459821,51.9616653
528,Voedselbos Lingehout,voedselbos lingehout,locality,5.333181,51.8765473
528,Kerkelanden,kerkelanden,neighbourhood,5.1362854,52.2178547
528,Prinsenhoofd,prinsenhoofd,locality,4.4884693,51.9095847
528,Antwerpsehoofd,antwerpsehoofd,locality,4.5027354,51.9166596
528,Centrum,centrum,neighbourhood,4.1022149,51.7486028
528,Floradorp,floradorp,neighbourhood,4.9162065,52.3992639
528,Buurtstede,buurtstede,neighbourhood,5.582786,52.0236216
528,Veenderij,veenderij,neighbourhood,5.581265,52.0182504
528,Klein-Brabant,klein-brabant,hamlet,3.5188213,51.3104126
528,Zilverkamp 4e fase,zilverkamp 4e fase,neighbourhood,5.9206086,51.9448863
528,Loovelden,loovelden,neighbourhood,5.9206323,51.9403353
528,Hees,hees,hamlet,6.3665533,52.748832
528,Bavinkel,bavinkel,hamlet,6.6936791,52.3398537
528,Bokkenbuurt,bokkenbuurt,neighbourhood,5.131377,52.072475
528,Wilhelminapark,wilhelminapark,neighbourhood,5.1420227,52.0901699
528,Schildersbuurt,schildersbuurt,neighbourhood,5.1440477,52.0842268
528,Hooch Boulandt,hooch boulandt,neighbourhood,5.1178479,52.0838642
528,Lauwerecht,lauwerecht,neighbourhood,5.1129341,52.1011409
528,Staatsliedenbuurt,staatsliedenbuurt,neighbourhood,5.116323,52.1035198
528,Tuindorp-Oost,tuindorp-oost,neighbourhood,5.137689,52.1074252
528,Wadway,wadway,hamlet,4.9795961,52.6910648
528,Huurne,huurne,hamlet,6.5801283,52.3497512
528,Groenwijk,groenwijk,neighbourhood,4.4854334,51.9829032
528,Polderwijk,polderwijk,neighbourhood,4.4785214,51.9787853
528,Waterwijk,waterwijk,neighbourhood,4.4794722,51.9818017
528,De Korte Niep,de korte niep,locality,5.4677638,52.1557564
528,Yersekendam,yersekendam,neighbourhood,4.0454005,51.5004542
528,Echtenerveld,echtenerveld,locality,6.3988144,52.7386529
528,Kraloër Esch,kraloer esch,locality,6.4340997,52.7887952
528,Palmerswaard,palmerswaard,locality,5.552052,51.9611957
528,Geneneind,geneneind,hamlet,5.7376344,51.5101428
528,Stoppeldijkveer,stoppeldijkveer,hamlet,3.9543487,51.3116595
528,Harinxmaland,harinxmaland,neighbourhood,5.6724858,53.0489918
528,De Wending,de wending,neighbourhood,5.6654692,53.049856
528,Noordeinde,noordeinde,village,5.8777561,52.513435
528,Usseler Es,usseler es,locality,6.8410706,52.2064232
528,De Terrassen,de terrassen,neighbourhood,5.4623371,52.2124864
528,Het Nachthok,het nachthok,neighbourhood,5.6144489,52.3375534
528,Kaalheide,kaalheide,neighbourhood,6.0386015,50.8634616
528,Schrijvers- en Dichtersbuurt,schrijvers- en dichtersbuurt,neighbourhood,6.3032491,51.9706466
528,Muziekbuurt,muziekbuurt,neighbourhood,6.3072015,51.9681472
528,Braamtsche Slagen,braamtsche slagen,locality,6.2674268,51.9284272
528,Heuvelwijk,heuvelwijk,hamlet,6.2510207,51.9247238
528,Braamtsche Veld,braamtsche veld,locality,6.2617552,51.9190019
528,Oosteinde,oosteinde,village,6.2807944,52.7418897
528,Ansen,ansen,village,6.3335645,52.7826906
528,Vinkwijksche Broek,vinkwijksche broek,locality,6.2820353,51.9112091
528,Steenslân,steenslan,neighbourhood,5.7798341,53.2621719
528,Toldijk,toldijk,hamlet,6.4729837,52.7408012
528,Valk,valk,hamlet,3.7877693,51.2461874
528,De Bûnte Hûn,de bunte hun,hamlet,6.0890356,53.2829812
528,Bessens,bessens,hamlet,5.6950102,53.1126415
528,Veld van Klanken,veld van klanken,neighbourhood,4.3572728,51.8527226
528,Hof van Eden,hof van eden,neighbourhood,4.3562032,51.8532447
528,De Groene Eem,de groene eem,neighbourhood,5.3389639,52.3379744
528,Tiengemeten Midden,tiengemeten midden,neighbourhood,4.4736166,51.8721244
528,Franse buurt,franse buurt,neighbourhood,5.1366441,52.0766032
528,De Rokerij,de rokerij,neighbourhood,4.8835184,51.8209365
528,Tuindorp,tuindorp,neighbourhood,4.0911824,51.7123053
528,Bakhuisbos,bakhuisbos,hamlet,6.0091137,52.3911022
528,Aarlesche Erven,aarlesche erven,neighbourhood,5.3727905,51.5146768
528,Strandslag 5,strandslag 5,locality,4.2233947,52.0723039
528,Strandslag 4,strandslag 4,locality,4.2200214,52.0701792
528,Strandslag 3,strandslag 3,locality,4.2174441,52.0683134
528,Strandslag 2A,strandslag 2a,locality,4.2107475,52.0636701
528,Strandslag 1,strandslag 1,locality,4.2036992,52.0591913
528,Strandslag 2,strandslag 2,locality,4.2074401,52.0615215
528,Strandslag 12,strandslag 12,locality,4.257009,52.0971175
528,Strandslag 11,strandslag 11,locality,4.2517563,52.0918744
528,Strandslag 10,strandslag 10,locality,4.2466278,52.0878772
528,Strandslag 6,strandslag 6,locality,4.2304653,52.0763829
528,Strandslag 7,strandslag 7,locality,4.2322385,52.0780081
528,Strandslag 8,strandslag 8,locality,4.2352915,52.0798306
528,Strandslag 9,strandslag 9,locality,4.2401505,52.0831819
528,Noorderstrand 35,noorderstrand 35,locality,4.301268,52.1258185
528,Noorderstrand 34,noorderstrand 34,locality,4.2952826,52.1212426
528,Noorderstrand 33,noorderstrand 33,locality,4.291447,52.1188331
528,Noorderstrand 32,noorderstrand 32,locality,4.2887774,52.1181817
528,Strandslag Kustzeilvereniging,strandslag kustzeilvereniging,locality,4.3445335,52.1590824
528,Strandslag Meijendel,strandslag meijendel,locality,4.3213885,52.140548
528,Strandslag Duinoord,strandslag duinoord,locality,4.7166438,52.9304806
528,Strandslag Huisduinen,strandslag huisduinen,locality,4.717754,52.9437466
528,Strandslag Donkere Duinen,strandslag donkere duinen,locality,4.7167589,52.9372392
528,Strandslag Drooghe Weert,strandslag drooghe weert,locality,4.7124351,52.8855089
528,Strandslag Julianadorp,strandslag julianadorp,locality,4.7144574,52.8964467
528,Strandslag Falga,strandslag falga,locality,4.7158213,52.9175632
528,Strandslag Zandloper,strandslag zandloper,locality,4.7158704,52.9050134
528,Strandslag Kiefteglop,strandslag kiefteglop,locality,4.6901937,52.8324358
528,Strandslag Dorpsplein,strandslag dorpsplein,locality,4.6910493,52.8351681
528,Strandslag Seinpost,strandslag seinpost,locality,4.6925726,52.8373533
528,Strandslag Groote Keeten,strandslag groote keeten,locality,4.7049836,52.8646159
528,Strandslag Voordijk,strandslag voordijk,locality,4.6997694,52.8533511
528,Strandslag Abbestee,strandslag abbestee,locality,4.6942081,52.8412573
528,Strandslag Nolmerban,strandslag nolmerban,locality,4.6537926,52.7669596
528,Strandslag Hazedwarsdijk,strandslag hazedwarsdijk,locality,4.6520221,52.7635689
528,Strandslag Hondsbossche,strandslag hondsbossche,locality,4.6510063,52.7610957
528,Strandslag Leiweg,strandslag leiweg,locality,4.6496405,52.7567141
528,Strandslag Petten West,strandslag petten west,locality,4.6555281,52.7694889
528,Strandslag Centrum,strandslag centrum,locality,4.6571731,52.7715399
528,Strandslag Korfwater,strandslag korfwater,locality,4.663489,52.7772517
528,Strandslag Petten,strandslag petten,locality,4.6603141,52.7745905
528,Strandslag Panoramaduin,strandslag panoramaduin,locality,4.6578749,52.7727485
528,Strandslag Sint Maartenszee Zuid,strandslag sint maartenszee zuid,locality,4.6750436,52.7930823
528,Strandslag Sint Maartenszee Noord,strandslag sint maartenszee noord,locality,4.6769244,52.7969287
528,Strandslag Camperduin Noord,strandslag camperduin noord,locality,4.6387877,52.7273377
528,Strandslag Camperduin Lagune,strandslag camperduin lagune,locality,4.6399964,52.7238836
528,Strandslag Camperduin,strandslag camperduin,locality,4.6384556,52.7252059
528,Strandslag De Putten,strandslag de putten,locality,4.6410175,52.7335785
528,Strandslag Schoorl aan Zee Zuid,strandslag schoorl aan zee zuid,locality,4.6363711,52.6970224
528,Strandslag Schoorl aan Zee Noord,strandslag schoorl aan zee noord,locality,4.6370276,52.7009493
528,Strandslag Hargen aan Zee,strandslag hargen aan zee,locality,4.6406781,52.7131539
528,Strandslag 23,strandslag 23,locality,4.6344394,52.6808549
528,Strandslag De Kerf,strandslag de kerf,locality,4.6351317,52.6844722
528,Strandslag 28,strandslag 28,locality,4.6266388,52.648644
528,Strandslag 27,strandslag 27,locality,4.6273972,52.6566801
528,Strandslag 24,strandslag 24,locality,4.6290365,52.6653828
528,Strandslag 25,strandslag 25,locality,4.6283442,52.6629333
528,Strandslag 26,strandslag 26,locality,4.6280537,52.6604333
528,Strandafrit 26,strandafrit 26,locality,4.466731,52.2890918
528,Langevelderslag,langevelderslag,locality,4.4778196,52.3013146
528,Strandafrit 28,strandafrit 28,locality,4.4840978,52.3119552
528,Strandafrit 29,strandafrit 29,locality,4.4919021,52.3224214
528,Strandslag Six,strandslag six,locality,4.6218661,52.6253434
528,Strandslag Afgang Noord,strandslag afgang noord,locality,4.6211021,52.6229546
528,Strandslag Boulevard Emmastraat,strandslag boulevard emmastraat,locality,4.6206701,52.6203641
528,Strandslag Hoofdafgang,strandslag hoofdafgang,locality,4.6201211,52.6175845
528,Strandslag Afgang KNRM,strandslag afgang knrm,locality,4.6198815,52.6165972
528,Strandslag Afgang Zuid,strandslag afgang zuid,locality,4.6195325,52.6133729
528,Strandslag Velowseweg,strandslag velowseweg,locality,4.6120754,52.5753965
528,Strandslag Middenweg,strandslag middenweg,locality,4.6166783,52.596699
528,Strandslag 40,strandslag 40,locality,4.5978137,52.5237261
528,Strandslag 39,strandslag 39,locality,4.6057293,52.5474719
528,Strandslag 38,strandslag 38,locality,4.6071611,52.5573296
528,Strandslag 37,strandslag 37,locality,4.6098569,52.5678523
528,Opgang Vliegerpad,opgang vliegerpad,locality,4.5818165,52.4855927
528,Opgang Golfsurfpad,opgang golfsurfpad,locality,4.5694319,52.4683473
528,Strandslag 43,strandslag 43,locality,4.585663,52.4933417
528,Strandslag 42,strandslag 42,locality,4.5865496,52.4951989
528,Strandslag 41,strandslag 41,locality,4.5878211,52.4977808
528,Strandafrit 11,strandafrit 11,locality,4.4280132,52.2442976
528,Strandafrit 10,strandafrit 10,locality,4.4278189,52.2434856
528,Strandafrit 12,strandafrit 12,locality,4.4290612,52.2454758
528,Strandafrit 13,strandafrit 13,locality,4.4297611,52.2462202
528,Strandafrit 14,strandafrit 14,locality,4.4300921,52.246595
528,Strandafrit 15,strandafrit 15,locality,4.431058,52.2477407
528,Strandafrit 16,strandafrit 16,locality,4.4314523,52.2482027
528,Strandafrit 17,strandafrit 17,locality,4.4318277,52.248626
528,Strandafrit 18,strandafrit 18,locality,4.4323681,52.2492116
528,Strandafrit 19,strandafrit 19,locality,4.4333633,52.2503024
528,Strandafrit 20,strandafrit 20,locality,4.4345272,52.2516675
528,IJmuiderslag,ijmuiderslag,locality,4.5672077,52.4474631
528,Strandafrit 21,strandafrit 21,locality,4.4357987,52.2529529
528,Strandafrit 22,strandafrit 22,locality,4.4441783,52.2612046
528,Strandafrit 23,strandafrit 23,locality,4.4496849,52.2678745
528,Strandafrit 24,strandafrit 24,locality,4.45854,52.2780891
528,Strandafrit 25,strandafrit 25,locality,4.461215,52.2822163
528,2e Slag,2e slag,locality,4.0446728,51.8760517
528,1e Slag,1e slag,locality,4.0514754,51.8694384
528,Hoekse Slag,hoekse slag,locality,3.9661432,51.9509219
528,Hollandse Slag,hollandse slag,locality,3.9695501,51.971419
528,Slag Maasmond,slag maasmond,locality,4.0461782,51.9819411
528,Afgang Kattendel,afgang kattendel,locality,4.5569501,52.4236928
528,Afgang Parnassia,afgang parnassia,locality,4.5539834,52.4178552
528,Afgang Duin en Kruidberg,afgang duin en kruidberg,locality,4.5615581,52.4334883
528,Strandafrit 1C,strandafrit 1c,locality,4.4099141,52.2231329
528,Strandafrit 1B,strandafrit 1b,locality,4.4126157,52.2260654
528,Strandafrit 1A,strandafrit 1a,locality,4.4164082,52.2302519
528,Strandafrit 1,strandafrit 1,locality,4.4197058,52.2338959
528,Strandafrit 2,strandafrit 2,locality,4.4208183,52.2352799
528,Strandafrit 3,strandafrit 3,locality,4.4215097,52.2360602
528,Strandafrit 4,strandafrit 4,locality,4.4222597,52.2368012
528,Strandafrit 5,strandafrit 5,locality,4.4234893,52.2382252
528,Strandafrit 6,strandafrit 6,locality,4.4243034,52.2392393
528,Strandafrit 7,strandafrit 7,locality,4.4258452,52.2411413
528,Strandafrit 8,strandafrit 8,locality,4.4261129,52.2419334
528,Strandafrit 9,strandafrit 9,locality,4.4264195,52.2423927
528,Strandafrit 19,strandafrit 19,locality,4.3913077,52.2043536
528,Strandafrit 17,strandafrit 17,locality,4.3920902,52.205206
528,Strandafrit 15,strandafrit 15,locality,4.3929482,52.2062373
528,Strandafrit 11,strandafrit 11,locality,4.3934646,52.2068124
528,Strandafrit 9,strandafrit 9,locality,4.3943918,52.2078032
528,Strandafrit 7,strandafrit 7,locality,4.3953767,52.2088665
528,Strandafrit 3,strandafrit 3,locality,4.396517,52.2101309
528,Strandafrit 1,strandafrit 1,locality,4.3969003,52.2105592
528,Strandafrit 4,strandafrit 4,locality,4.400059,52.2117942
528,Strandafrit 6,strandafrit 6,locality,4.4013211,52.214041
528,Strandafrit 8,strandafrit 8,locality,4.4042489,52.2172096
528,Strandslag Berkheide,strandslag berkheide,locality,4.3700205,52.1808818
528,Strandslag De Ruyter,strandslag de ruyter,locality,4.3582922,52.1703375
528,Strandafrit 55,strandafrit 55,locality,4.3767967,52.1873527
528,Strandafrit 53,strandafrit 53,locality,4.3832468,52.1931711
528,Strandafrit 51,strandafrit 51,locality,4.3852604,52.1962799
528,Strandafrit 47,strandafrit 47,locality,4.386071,52.1970611
528,Strandafrit 41,strandafrit 41,locality,4.3869986,52.1986911
528,Strandafrit 43,strandafrit 43,locality,4.3867277,52.1982235
528,Strandafrit 39,strandafrit 39,locality,4.3882167,52.2005057
528,Strandafrit 35,strandafrit 35,locality,4.3889232,52.2014197
528,Strandafrit 33,strandafrit 33,locality,4.3896016,52.202214
528,Strandafrit 23,strandafrit 23,locality,4.3901402,52.2028523
528,Strandafrit 21,strandafrit 21,locality,4.3907742,52.2037429
528,'t Veld,'t veld,neighbourhood,5.4738736,51.7386597
528,Nieuw-Balinge,nieuw-balinge,village,6.6066512,52.7671253
528,Meppen,meppen,village,6.6958864,52.7812658
528,Mantinge,mantinge,village,6.6166025,52.8035998
528,Makkum,makkum,hamlet,6.5372707,52.8476767
528,Garminge,garminge,hamlet,6.6235211,52.8201555
528,Eursinge,eursinge,hamlet,6.6039251,52.8378688
528,Eendragtpolder,eendragtpolder,locality,4.0442292,51.7936838
528,Woutrinapolder,woutrinapolder,locality,4.0256266,51.7930564
528,Groote Zuiderpolder,groote zuiderpolder,locality,4.0000233,51.8161722
528,Adrianapolder,adrianapolder,locality,4.0118588,51.8154854
528,Schaddeleepolder,schaddeleepolder,locality,3.9989431,51.8073093
528,Polder Nieuw-Stellendam,polder nieuw-stellendam,locality,4.0055617,51.8041878
528,Noordzeesluizen,noordzeesluizen,locality,3.8176604,51.3297498
528,Haanmeerpolder,haanmeerpolder,locality,5.434852,52.9251836
528,Kildersche Slagen,kildersche slagen,locality,6.2554948,51.9396111
528,Soesterhof,soesterhof,neighbourhood,5.3603971,52.1574159
528,De Hoef-Oost,de hoef-oost,neighbourhood,5.4178218,52.1781571
528,Hoefkwartier,hoefkwartier,neighbourhood,5.4083982,52.1747725
528,Kwadijkerpark,kwadijkerpark,neighbourhood,4.9804062,52.52099
528,Veld 1,veld 1,locality,4.5422367,52.1525665
528,Veld 3,veld 3,locality,4.5429314,52.1526652
528,Veld 2,veld 2,locality,4.5428992,52.1523665
528,Hel en Zuilespolder,hel en zuilespolder,locality,4.7727868,51.807589
528,Doniaburen,doniaburen,hamlet,5.4272543,53.0003058
528,Oldetrijne,oldetrijne,village,5.9468091,52.8622678
528,Klein Groningen,klein groningen,hamlet,6.2045785,53.0464472
528,Spankeren,spankeren,village,6.1143868,52.0575268
528,Portengensebrug,portengensebrug,hamlet,4.9589639,52.1599995
528,Beemte,beemte,hamlet,5.9902472,52.2561292
528,Hommelbrink,hommelbrink,neighbourhood,5.9612278,52.2368745
528,Welzinge,welzinge,hamlet,3.6361827,51.4669216
528,De Pol,de pol,hamlet,6.0779526,52.8243326
528,Berg en Bos,berg en bos,neighbourhood,5.9306216,52.2179934
528,De Kreekvelden,de kreekvelden,neighbourhood,5.3067618,52.3675074
528,De Weiden,de weiden,neighbourhood,5.0956246,52.6679043
528,Hanenberg,hanenberg,hamlet,5.8213661,51.4494309
528,Groot Agteveld,groot agteveld,neighbourhood,5.4935474,52.133965
528,Dichteren,dichteren,hamlet,6.2722672,51.9552452
528,Ydenhoogte,ydenhoogte,neighbourhood,6.6169238,52.5850076
528,Cap Horn,cap horn,neighbourhood,4.4546986,52.194559
528,Cuijkse Tuinen,cuijkse tuinen,neighbourhood,5.8536529,51.7368093
528,Schoonheterheide,schoonheterheide,locality,6.3253523,52.3609329
528,Kruispolderhaven,kruispolderhaven,hamlet,4.0948395,51.3552102
528,Paal,paal,hamlet,4.1083296,51.3533253
528,Duivenhoek,duivenhoek,hamlet,4.09518,51.3515162
528,Warm,warm,hamlet,6.3105657,51.9230696
528,Molenbrug,molenbrug,hamlet,4.7741526,52.0808944
528,Borg en Buiten,borg en buiten,neighbourhood,5.1894951,51.9452238
528,Heidenhoek,heidenhoek,hamlet,6.3535723,51.9864583
528,Meerssen-West,meerssen-west,neighbourhood,5.7465911,50.8885502
528,'t Pleintsje,'t pleintsje,neighbourhood,5.7541507,50.8892316
528,Humcovenderveld,humcovenderveld,neighbourhood,5.7569989,50.8908205
528,Vogelrijk,vogelrijk,neighbourhood,6.3531356,51.9276924
528,Struikenbuurt,struikenbuurt,neighbourhood,6.3524004,51.9304966
528,Centrum van De Groote Wielen,centrum van de groote wielen,neighbourhood,5.3574929,51.7364678
528,Midbuul,midbuul,hamlet,5.568887,51.2615659
528,Bosch,bosch,hamlet,5.595583,51.2710643
528,Kreelse Zand,kreelse zand,locality,5.7186438,52.0533428
528,Bergsebaan,bergsebaan,hamlet,4.4417939,51.4886224
528,Hoevestein,hoevestein,hamlet,4.414709,51.4851654
528,Borteldonk,borteldonk,hamlet,4.4665971,51.5025175
528,Berghuizen,berghuizen,hamlet,6.4336315,52.3974324
528,Weimeren,weimeren,hamlet,4.6268124,51.4511512
528,Alverna,alverna,hamlet,5.759248,51.8038703
528,Smooksbelten,smooksbelten,locality,6.4056103,52.4077849
528,Heerdtsbelten,heerdtsbelten,locality,6.4080741,52.4018248
528,Kathuizen,kathuizen,hamlet,6.4036272,52.4040862
528,Proostenbuurt,proostenbuurt,neighbourhood,5.7479943,50.8847654
528,De Bolst,de bolst,neighbourhood,5.6053367,51.6055153
528,Lindewijk,lindewijk,neighbourhood,6.0184147,52.8757804
528,De Bongerd,de bongerd,neighbourhood,5.9328667,52.5381996
528,De Gracht,de gracht,isolated_dwelling,5.963285,51.1147935
528,Bomenbuurt,bomenbuurt,neighbourhood,6.3085797,51.9518479
528,Wiltinksbrug,wiltinksbrug,neighbourhood,6.3136824,51.9678129
528,Barlhof,barlhof,neighbourhood,6.2521766,51.9857478
528,De Veentjes,de veentjes,neighbourhood,6.2915605,51.9682438
528,Overstegen Oost,overstegen oost,neighbourhood,6.3204064,51.9730448
528,Overstegen West,overstegen west,neighbourhood,6.3122048,51.9738818
528,Holterhoek,holterhoek,neighbourhood,6.3005221,51.9597183
528,De Vijverberg,de vijverberg,neighbourhood,6.3150584,51.9543303
528,Oud-Oosseld,oud-oosseld,neighbourhood,6.3125277,51.9489434
528,Vijverberg Zuid,vijverberg zuid,neighbourhood,6.3164816,51.9522116
528,Schöneveld Noord,schoneveld noord,neighbourhood,6.3066924,51.9650457
528,Schöneveld Zuid,schoneveld zuid,neighbourhood,6.3052405,51.9611445
528,De Pas Zuid,de pas zuid,neighbourhood,6.2955133,51.9628771
528,De Pas Noord,de pas noord,neighbourhood,6.2987366,51.9661484
528,Iseldoks,iseldoks,neighbourhood,6.2895032,51.9608041
528,Lookwartier,lookwartier,neighbourhood,6.2867556,51.9695035
528,Torenallee,torenallee,neighbourhood,6.2829509,51.9673097
528,Stadscentrum,stadscentrum,neighbourhood,6.2885225,51.9652908
528,De Happert West,de happert west,neighbourhood,6.285265,51.9741117
528,De Happert,de happert,neighbourhood,6.2909851,51.9768641
528,Het Loo,het loo,neighbourhood,6.2813956,51.9713719
528,Groot Hagen,groot hagen,neighbourhood,6.2719756,51.9764989
528,IJkenberg,ijkenberg,neighbourhood,6.2978348,51.9738283
528,Indische Buurt,indische buurt,neighbourhood,6.2930983,51.973256
528,IJsseltuinen,ijsseltuinen,neighbourhood,6.2760515,51.9677707
528,Heelweg,heelweg,neighbourhood,6.2797263,51.9695186
528,Wonninkhage,wonninkhage,neighbourhood,6.3081867,51.9772147
528,De Bezelhorst,de bezelhorst,neighbourhood,6.2952335,51.9802412
528,Plakkebord,plakkebord,hamlet,3.5484484,51.2960868
528,Ponte-Avancé,ponte-avance,hamlet,3.6337618,51.3067492
528,Oudeland,oudeland,hamlet,3.594546,51.3383453
528,Nieuwlandsche Molen,nieuwlandsche molen,hamlet,3.6625492,51.3374308
528,Driewegen,driewegen,village,3.6579717,51.343544
528,Broederespel,broederespel,neighbourhood,5.9142237,52.5596523
528,Cellesbroedersespel,cellesbroedersespel,neighbourhood,5.9156587,52.557346
528,Bovenespel,bovenespel,neighbourhood,5.9197186,52.5546376
528,Batenburg,batenburg,village,5.6290992,51.8232774
528,Morige,morige,hamlet,7.0720021,53.0941287
528,Valeiskreek,valeiskreek,hamlet,3.4854224,51.2500629
528,Strooienstad,strooienstad,hamlet,3.990782,51.3635684
528,Kampen,kampen,hamlet,3.9597072,51.3532456
528,Looneind,looneind,hamlet,4.9821579,51.4920601
528,Perkpolder,perkpolder,hamlet,4.016445,51.3983069
528,Het Weerdje,het weerdje,neighbourhood,6.2823816,51.9606973
528,Canadabuurt,canadabuurt,neighbourhood,6.2822075,51.9574438
528,Kiefland,kiefland,neighbourhood,6.2105406,51.954292
528,Ripperbahnsveen,ripperbahnsveen,neighbourhood,6.2146524,51.9558847
528,Koksgoed,koksgoed,neighbourhood,6.2154591,51.9534129
528,Motketel,motketel,neighbourhood,6.2171554,51.9572195
528,Vrijheidskwartier,vrijheidskwartier,neighbourhood,5.6687321,51.967579
528,'t Luie End,'t luie end,locality,5.1308204,52.0780199
528,Berkpark,berkpark,neighbourhood,5.9082816,52.5650295
528,Keizerkop,keizerkop,locality,5.9196185,51.7629682
528,Haven,haven,neighbourhood,3.9353617,51.7984123
528,Buitenespel,buitenespel,neighbourhood,5.9132087,52.561147
528,Kollumerwaard,kollumerwaard,locality,6.2092495,53.3379203
528,Blikplaat,blikplaat,locality,6.2105584,53.350039
528,Bochtjesplaat,bochtjesplaat,locality,6.1590814,53.3630249
528,Olympuspark,olympuspark,neighbourhood,5.165431,52.3410786
528,Havikhorst,havikhorst,hamlet,5.5182052,52.1292977
528,Zoutkamperplaat,zoutkamperplaat,locality,6.2434745,53.3402393
528,Pompsterplaat,pompsterplaat,locality,6.2112689,53.3268856
528,Pampusplaat,pampusplaat,locality,6.2423265,53.3619173
528,Schildhoek,schildhoek,locality,6.2411999,53.3491296
528,Zuidelijke Ballastplaat,zuidelijke ballastplaat,locality,6.2235832,53.3692668
528,Zuidelijke Lob,zuidelijke lob,locality,6.1940467,53.380135
528,De Rug,de rug,locality,6.1919301,53.3979844
528,Ezumakeeg,ezumakeeg,locality,6.1536871,53.3491354
528,Bantpolder,bantpolder,locality,6.1457348,53.4008205
528,Oosteindsche Landen,oosteindsche landen,locality,6.9558906,52.6659728
528,Amsterdamsche Veld,amsterdamsche veld,locality,7.009406,52.6829908
528,Meerstalblok,meerstalblok,locality,7.035799,52.6924597
528,Schoonebeekerveld,schoonebeekerveld,locality,7.001338,52.6643461
528,Westeindsche Veen,westeindsche veen,locality,6.8782138,52.6859045
528,De Slagen,de slagen,locality,6.8790828,52.6792963
528,Kerkelanden,kerkelanden,locality,6.9000148,52.6746648
528,Beekmaten,beekmaten,locality,6.8866252,52.6731035
528,Westeindsche Landen,westeindsche landen,locality,6.8622493,52.6799728
528,Westeindsche Stukken,westeindsche stukken,locality,6.8683433,52.6578518
528,Kerkestukken,kerkestukken,locality,6.8806171,52.6535304
528,Middendorpsche Stukken,middendorpsche stukken,locality,6.8932342,52.6543114
528,Oosteindsche Stukken,oosteindsche stukken,locality,6.9097137,52.6505624
528,Dwarsmaten,dwarsmaten,locality,6.9265365,52.646032
528,Blik,blik,locality,6.9213008,52.6428552
528,Westeindsche Boeën,westeindsche boeen,locality,6.9316863,52.6442613
528,Oosteindsche Boeën,oosteindsche boeen,locality,6.9610404,52.6445217
528,Oosteindsche Stukken,oosteindsche stukken,locality,7.0385456,52.6383499
528,Barger Oosterveen,barger oosterveen,locality,7.023096,52.7082453
528,De Konijnenberg,de konijnenberg,locality,4.488419,51.512616
528,Ganzepolder,ganzepolder,locality,6.1426673,53.3498229
528,Ezingepolder,ezingepolder,locality,6.1411225,53.3461563
528,Winde,winde,hamlet,6.5270296,53.1271381
528,Atjetille,atjetille,hamlet,5.4610875,53.1587889
528,Den Bommel,den bommel,village,4.2808847,51.7169998
528,Zuidhoek,zuidhoek,neighbourhood,3.9267155,51.6471411
528,Kaaskenswater,kaaskenswater,neighbourhood,3.9274154,51.6555828
528,Arkelbroek,arkelbroek,hamlet,5.4982093,52.1440024
528,Van der Bentribune,van der bentribune,locality,4.7427504,52.6124385
528,Victorietribune,victorietribune,locality,4.7415501,52.612594
528,Alkmaarder Houttribune,alkmaarder houttribune,locality,4.7413449,52.6132895
528,Molenaartribune,molenaartribune,locality,4.7425854,52.6131323
528,Gratinga,gratinga,neighbourhood,5.4317759,53.1733907
528,Grote Vallei,grote vallei,locality,4.8306976,53.1621717
528,Lemoensberg,lemoensberg,locality,4.8375316,53.1686778
528,Sebastepol,sebastepol,locality,4.8560634,53.176381
528,Ganzenpier,ganzenpier,locality,5.7077802,52.3867324
528,Landsteiger Rechts,landsteiger rechts,locality,5.7036293,52.3851182
528,Landsteiger Links,landsteiger links,locality,5.7029649,52.3848611
528,Middenbox,middenbox,locality,5.7038753,52.3845978
528,Jollen Steiger,jollen steiger,locality,5.7013113,52.3833454
528,Zwanenpier,zwanenpier,locality,5.6944656,52.3815719
528,Weideblik,weideblik,locality,5.6995609,52.3800106
528,Tiny Beach House,tiny beach house,locality,5.7020554,52.3799779
528,Zuiderzee,zuiderzee,locality,5.7020889,52.3809093
528,Berk,berk,locality,5.7099833,52.3849205
528,Schore,schore,village,3.9994861,51.4628227
528,Vlinderbuurt,vlinderbuurt,neighbourhood,5.2031216,51.946067
528,Lokkershoek,lokkershoek,neighbourhood,5.1930375,51.9468476
528,Winssen,winssen,village,5.7067365,51.8817536
528,Tuinwijk,tuinwijk,neighbourhood,6.5358879,53.1808474
528,Rietwijk,rietwijk,neighbourhood,6.5281277,53.1874877
528,Waterwijk,waterwijk,neighbourhood,6.5409107,53.1749959
528,Ockenrode,ockenrode,neighbourhood,4.2206919,52.0492509
528,Gelderlandpleinbuurt,gelderlandpleinbuurt,neighbourhood,4.8756847,52.3321168
528,VU-kwartier,vu-kwartier,neighbourhood,4.8618042,52.3351752
528,Bastion Vreesniet,bastion vreesniet,locality,6.6160463,51.9440442
528,Bastion Treurniet,bastion treurniet,locality,6.618536,51.9451056
528,Westindische Buurt,westindische buurt,neighbourhood,4.853704,52.3614232
528,Chassébuurt,chassebuurt,neighbourhood,4.8608145,52.369121
528,Van Galenbuurt,van galenbuurt,neighbourhood,4.8517158,52.3720313
528,Hoofdweg e.o.,hoofdweg e o,neighbourhood,4.8532282,52.3672671
528,Geuzenbuurt,geuzenbuurt,neighbourhood,4.8616755,52.3730458
528,Nieuwe Pijp,nieuwe pijp,neighbourhood,4.8916453,52.3509479
528,Diamantbuurt,diamantbuurt,neighbourhood,4.9011576,52.3511546
528,Oude Pijp,oude pijp,neighbourhood,4.8960427,52.3558617
528,Duivelseiland,duivelseiland,neighbourhood,4.8842676,52.3534468
528,Vivaldi,vivaldi,neighbourhood,4.8844528,52.3364667
528,Griekse buurt,griekse buurt,neighbourhood,6.8034098,52.254011
528,Lombok,lombok,isolated_dwelling,4.0643752,51.7369724
528,Kerkbuurt,kerkbuurt,neighbourhood,5.1062822,52.4601395
528,Kets,kets,neighbourhood,5.1034579,52.4565684
528,Buurt III,buurt iii,neighbourhood,5.1014583,52.4574461
528,Buurt IV,buurt iv,neighbourhood,5.1008803,52.4570832
528,Havenbuurt,havenbuurt,neighbourhood,5.100435,52.4573709
528,Buurt I,buurt i,neighbourhood,5.1025821,52.4578779
528,Buurt II,buurt ii,neighbourhood,5.1019639,52.4577876
528,Kulsdom,kulsdom,hamlet,6.4836381,52.144255
528,Ieslumbuorren,ieslumbuorren,hamlet,5.4747158,53.1658742
528,Kopje van Kanada,kopje van kanada,locality,3.8074923,51.3433703
528,Koetille,koetille,hamlet,5.4623938,53.1739198
528,Edam-Zuid,edam-zuid,neighbourhood,5.049438,52.5068985
528,Singelwijk,singelwijk,neighbourhood,5.0549122,52.5081524
528,Munnikenveld,munnikenveld,neighbourhood,5.0706125,52.5018751
528,Planetenbuurt,planetenbuurt,neighbourhood,5.0638922,52.4978841
528,Blokgouw,blokgouw,neighbourhood,5.0526824,52.4973485
528,Broeckgouw,broeckgouw,neighbourhood,5.0733773,52.5115847
528,Het Spaanse Leger,het spaanse leger,neighbourhood,5.476301,52.2130452
528,Eexterhalte,eexterhalte,hamlet,6.7284702,53.0001055
528,Dijkerstraat,dijkerstraat,hamlet,5.6924874,51.2316844
528,Veldbloemenhof,veldbloemenhof,neighbourhood,4.6177394,51.5768545
528,Reeve,reeve,village,5.8821166,52.5292147
528,Van Swieten,van swieten,neighbourhood,6.5484112,53.1909999
528,Dykhústertille,dykhustertille,hamlet,6.1868916,53.2482781
528,De Tip,de tip,locality,6.687137,53.1320531
528,Koebroek,koebroek,locality,6.6687425,53.1245896
528,Koelanden,koelanden,locality,6.6624054,53.1428122
528,Berken,berken,locality,6.6677434,53.153479
528,Zuurveld,zuurveld,locality,6.6543857,53.1502046
528,Hoge Linie,hoge linie,locality,6.1472862,52.0176258
528,Lage Linie,lage linie,locality,6.14384,52.0090126
528,Noorderpolder,noorderpolder,neighbourhood,3.9315913,51.6591329
528,Eik,eik,locality,5.7071203,52.383826
528,Acacia,acacia,locality,5.7073442,52.3852379
528,Pannesheide,pannesheide,suburb,6.067485,50.8470019
528,Karlskrona-eiland,karlskrona-eiland,neighbourhood,4.884021,52.3921179
528,Libau-eiland,libau-eiland,neighbourhood,4.8834282,52.3925271
528,Memeleiland,memeleiland,neighbourhood,4.882295,52.3927194
528,Narva-eiland,narva-eiland,neighbourhood,4.881674,52.3932718
528,Wiborgeiland,wiborgeiland,neighbourhood,4.8795108,52.3948112
528,Revaleiland,revaleiland,neighbourhood,4.8808587,52.3938807
528,Stettineiland,stettineiland,neighbourhood,4.8800969,52.3944151
528,Haagsche Tuin,haagsche tuin,neighbourhood,4.2668298,52.0548759
528,Geren,geren,neighbourhood,6.1103998,52.4944431
528,Gerenlanden,gerenlanden,neighbourhood,6.1130114,52.4900674
528,Oud-Ittersum,oud-ittersum,neighbourhood,6.1080493,52.4872695
528,Gerenbroek,gerenbroek,neighbourhood,6.1210491,52.4845652
528,Ittersumerlanden,ittersumerlanden,neighbourhood,6.1130217,52.4806803
528,Oude Mars,oude mars,neighbourhood,6.129937,52.4812998
528,Ittersumerbroek,ittersumerbroek,neighbourhood,6.1184992,52.475295
528,Schellerbroek,schellerbroek,neighbourhood,6.0886034,52.4987092
528,Katerveer-Engelse werk,katerveer-engelse werk,neighbourhood,6.066659,52.4994201
528,Schellerhoek,schellerhoek,neighbourhood,6.1046697,52.4982311
528,Oud-Schelle,oud-schelle,neighbourhood,6.0995689,52.4966509
528,Schellerlanden,schellerlanden,neighbourhood,6.0960855,52.4928701
528,Oldenelerlanden-Oost,oldenelerlanden-oost,neighbourhood,6.1021584,52.4863683
528,Oldenelerlanden-West,oldenelerlanden-west,neighbourhood,6.0969012,52.4847022
528,Schelle-Zuid en Oldeneel,schelle-zuid en oldeneel,neighbourhood,6.0834151,52.4855422
528,Oldenelerbroek,oldenelerbroek,neighbourhood,6.1058216,52.4757075
528,Fraterwaard,fraterwaard,hamlet,6.1447785,52.0286282
528,Onsenoort,onsenoort,hamlet,5.1822374,51.7028147
528,Heikant,heikant,hamlet,5.8756759,51.595088
528,Elleburg,elleburg,hamlet,6.1259082,52.0194896
528,De Riddervelden,de riddervelden,neighbourhood,4.7080573,52.0199639
528,Landgoed Broekman,landgoed broekman,locality,6.958183,53.0100426
528,de Fliert,de fliert,locality,6.1313447,52.2361479
528,Verlaatsheul,verlaatsheul,locality,4.5316096,51.6654596
528,Wijdenes,wijdenes,village,5.1574561,52.6346484
528,Westwijk,westwijk,neighbourhood,4.8233134,51.8279483
528,Wielwijk,wielwijk,neighbourhood,4.8365456,51.826011
528,Schwalbensterz,schwalbensterz,locality,6.0232968,50.7659231
528,Am Landgraben,am landgraben,locality,6.0212264,50.7653979
528,Wolfsborn,wolfsborn,locality,6.0212279,50.7642277
528,Zonderbos,zonderbos,locality,6.2027864,51.9026503
528,Korter Bos,korter bos,locality,6.2036233,51.8997375
528,Keulse Slagen,keulse slagen,locality,6.2116699,51.8927461
528,Haslo,haslo,isolated_dwelling,5.8774295,52.1958564
528,Ziek,ziek,hamlet,6.3158561,51.9046827
528,Selwerderwijk,selwerderwijk,neighbourhood,6.561162,53.2322765
528,Sint Vitusholt,sint vitusholt,neighbourhood,7.0153586,53.1399665
528,Noord,noord,neighbourhood,7.0338687,53.1558135
528,Zeeheldenbuurt,zeeheldenbuurt,neighbourhood,7.0329875,53.1503239
528,Centrum,centrum,neighbourhood,7.03412,53.1451014
528,Zuid,zuid,neighbourhood,7.0329957,53.1362672
528,Bomenbuurt,bomenbuurt,neighbourhood,7.0180105,53.1481079
528,Grintweg,grintweg,neighbourhood,7.0219254,53.1534857
528,Mauritsfort,mauritsfort,locality,3.7764645,51.2999557
528,De Waart,de waart,neighbourhood,5.6563663,51.4833741
528,Steenwegkwartier,steenwegkwartier,neighbourhood,5.6498038,51.4793539
528,Polder Meerzicht,polder meerzicht,locality,4.8259818,52.3276035
528,Enzerinkweide,enzerinkweide,locality,6.2815967,52.0920189
528,Kleine Veen,kleine veen,locality,6.3559893,53.0053463
528,Compagnonsveld,compagnonsveld,locality,6.3768008,52.9794175
528,Fochteloërveld,fochteloerveld,locality,6.3622157,52.9969395
528,Tachtig bunder,tachtig bunder,locality,6.3603614,52.9842305
528,Polder Ravenswoud,polder ravenswoud,locality,6.4049724,52.9727012
528,Compagnonsbos,compagnonsbos,locality,6.3874118,52.9750818
528,Compagnonsbos,compagnonsbos,locality,6.3953774,52.9651582
528,Zaagtand,zaagtand,locality,6.4142029,52.9784988
528,Plantsoen,plantsoen,locality,6.3969023,52.9829339
528,Vloeivelden,vloeivelden,locality,6.4195282,52.9908551
528,Smildegerveen,smildegerveen,locality,6.4219793,52.9836125
528,Zeven Blokken,zeven blokken,locality,6.4641808,52.9761822
528,Grote Veen,grote veen,locality,6.3753296,53.0138834
528,Bonghaar,bonghaar,locality,6.389936,53.0029741
528,Voormalig Kamp Oranje,voormalig kamp oranje,locality,6.3349511,52.9980318
528,Voormalig Kamp Ybenheer,voormalig kamp ybenheer,locality,6.3436665,52.9997395
528,Weper polder,weper polder,locality,6.3461748,53.0165828
528,Willem van Oranjeplein,willem van oranjeplein,locality,5.0490654,52.0147124
528,Nelson Mandelaplein,nelson mandelaplein,locality,5.0646275,52.0158704
528,Betje Wolffplain,betje wolffplain,locality,3.5720922,51.4454945
528,Polderplein,polderplein,locality,3.8813013,51.5122447
528,Noord-Oostplein,noord-oostplein,locality,3.9018698,51.5098501
528,Oranjeplein,oranjeplein,locality,3.9075842,51.5105763
528,Albertineplein,albertineplein,locality,3.9053781,51.4890991
528,Eike's Hof,eike's hof,locality,4.977164,51.8357999
528,Ommerbos,ommerbos,locality,6.4202562,52.5374966
528,Planetenplein,planetenplein,locality,4.3307228,51.8418344
528,Schieplein,schieplein,locality,4.4610769,51.9386298
528,Naardermeent,naardermeent,locality,5.1790743,52.3008411
528,Ankehaarveld,ankehaarveld,locality,6.4808276,53.0349938
528,Tusschen Bruggen,tusschen bruggen,locality,6.4335852,53.0370115
528,Amaliarotonde,amaliarotonde,locality,4.5563536,52.2633055
528,Ommerkanaal,ommerkanaal,hamlet,6.4342868,52.5646443
528,Laweiplein,laweiplein,locality,6.0985494,53.1031073
528,Oranjeplein,oranjeplein,locality,4.5063975,52.1678032
528,De Nes,de nes,locality,5.0794765,52.4334102
528,Peereboom,peereboom,locality,5.0699145,52.4356017
528,Dalmsholte,dalmsholte,hamlet,6.3653164,52.4757257
528,Het Leeuwse Veld,het leeuwse veld,neighbourhood,5.5206245,51.8749462
528,Randenburg,randenburg,hamlet,4.670852,52.0607618
528,Oosterbeekse Waarden,oosterbeekse waarden,neighbourhood,5.8384291,51.9765144
528,Klingelbeek,klingelbeek,neighbourhood,5.8623344,51.9757109
528,Reijers-Camp,reijers-camp,neighbourhood,5.7889086,52.0155654
528,De Buunderkamp,de buunderkamp,neighbourhood,5.7593592,52.0170744
528,Boschhoeve,boschhoeve,neighbourhood,5.7743956,51.9980853
528,Osterbos,osterbos,hamlet,6.1375366,51.497061
528,Buitengebied Heteren Boterhoek-Weerbroek,buitengebied heteren boterhoek-weerbroek,neighbourhood,5.7447122,51.9471834
528,Aalsterveld,aalsterveld,neighbourhood,5.7556133,51.864805
528,Olden Tempel,olden tempel,neighbourhood,5.7615798,51.8627687
528,Den Balmerd,den balmerd,neighbourhood,5.762564,51.8662896
528,Blanckenburgh,blanckenburgh,neighbourhood,5.7668728,51.8622948
528,Viermorgen,viermorgen,neighbourhood,5.7551728,51.8616749
528,Heuve-3,heuve-3,neighbourhood,5.7527503,51.8583503
528,Heuve-2,heuve-2,neighbourhood,5.7549715,51.8548658
528,Heuve-4,heuve-4,neighbourhood,5.7539847,51.852245
528,Heuve-1,heuve-1,neighbourhood,5.7612247,51.8546076
528,Schoenaker,schoenaker,neighbourhood,5.7400717,51.8553897
528,Sportpark De Ooigraaf,sportpark de ooigraaf,neighbourhood,5.7499499,51.8633474
528,Centrum,centrum,neighbourhood,5.7716455,51.8619874
528,Centrum Oost,centrum oost,neighbourhood,5.7778195,51.8607779
528,De Haaghe,de haaghe,neighbourhood,5.7841913,51.8603296
528,De Notenhof,de notenhof,neighbourhood,5.7895573,51.8607883
528,Duivenkamp,duivenkamp,neighbourhood,5.770293,51.857832
528,De Hutgraaf,de hutgraaf,neighbourhood,5.7759162,51.8570635
528,De Linde,de linde,neighbourhood,5.7763721,51.8552024
528,Hoeve-3,hoeve-3,neighbourhood,5.7729663,51.8538563
528,Hoeve-2,hoeve-2,neighbourhood,5.7704557,51.8547095
528,Hoeve-1,hoeve-1,neighbourhood,5.767398,51.8555245
528,Beuningse Plas,beuningse plas,neighbourhood,5.7690842,51.8499528
528,Keizershoeve,keizershoeve,neighbourhood,5.7465619,51.866552
528,Centrum,centrum,neighbourhood,5.7406211,51.870075
528,Vording-2,vording-2,neighbourhood,5.736642,51.8704738
528,Vording-3,vording-3,neighbourhood,5.7326463,51.8684416
528,Den Elt,den elt,neighbourhood,5.7361625,51.8651294
528,Veluwstraat,veluwstraat,neighbourhood,5.7375832,51.8760691
528,Buitengebied Zuid-1,buitengebied zuid-1,neighbourhood,5.7295742,51.8613678
528,Weurt Noord,weurt noord,neighbourhood,5.819155,51.8583095
528,Weurt Zuid,weurt zuid,neighbourhood,5.8140691,51.8550759
528,De Sluis,de sluis,neighbourhood,5.8138025,51.8510095
528,Hunneschans - Valckeniersbossen,hunneschans - valckeniersbossen,neighbourhood,5.8124025,51.9725362
528,Doorwerth Zuid,doorwerth zuid,neighbourhood,5.795211,51.9770438
528,Clusterwoningen,clusterwoningen,neighbourhood,5.7969645,51.9823336
528,Cardanuslaan,cardanuslaan,neighbourhood,5.8015903,51.9797291
528,Kievitsdel,kievitsdel,neighbourhood,5.7802605,51.981677
528,Hoog Doorwerth,hoog doorwerth,neighbourhood,5.7715907,51.9772807
528,Doorwerthsestraat,doorwerthsestraat,neighbourhood,5.7674569,51.9806553
528,De Kamp,de kamp,neighbourhood,5.7738867,51.984848
528,Aan de Beek,aan de beek,neighbourhood,5.7577781,51.9798188
528,Vosdal,vosdal,neighbourhood,5.7562089,51.9761828
528,Kamperdijk,kamperdijk,neighbourhood,5.753968,51.9817533
528,Klein Zwitserland,klein zwitserland,neighbourhood,5.7575984,51.9848406
528,Heidestein,heidestein,neighbourhood,5.7470494,51.9804577
528,Gelria,gelria,neighbourhood,5.7438068,51.9772007
528,De Enk,de enk,neighbourhood,5.736038,51.9770726
528,Renkum Centrum,renkum centrum,neighbourhood,5.7310425,51.9732397
528,Onder de Bomen,onder de bomen,neighbourhood,5.7249079,51.9747815
528,Hogenkamp,hogenkamp,neighbourhood,5.7345864,51.9807676
528,Schaapsdrift,schaapsdrift,neighbourhood,5.7411826,51.98558
528,Fluitersmaat,fluitersmaat,neighbourhood,5.7445315,51.9843055
528,Bakkershaag,bakkershaag,neighbourhood,5.7409468,51.9811083
528,Wilhelminapark,wilhelminapark,neighbourhood,5.7638227,51.9877609
528,Renkumse Heide,renkumse heide,neighbourhood,5.7565204,51.9987309
528,Sonnenberg,sonnenberg,neighbourhood,5.8121449,51.9892108
528,Wodanswoud,wodanswoud,neighbourhood,5.8047565,51.9901329
528,Vogelbuurt,vogelbuurt,neighbourhood,5.8179605,51.9611878
528,Kern Driel,kern driel,neighbourhood,5.8136537,51.9612171
528,Oldenhof,oldenhof,neighbourhood,5.8101474,51.9600305
528,Omgeving Reuvenkamp,omgeving reuvenkamp,neighbourhood,5.8132043,51.9575318
528,Breekenhof,breekenhof,neighbourhood,5.8134611,51.9548352
528,Driel Zuid oost,driel zuid oost,neighbourhood,5.8185262,51.9577725
528,Uiterwaarden Driel,uiterwaarden driel,neighbourhood,5.8124582,51.9672165
528,Molenzicht,molenzicht,neighbourhood,5.7891279,51.9086008
528,Kern Valburg,kern valburg,neighbourhood,5.7896771,51.9114177
528,De Weem,de weem,neighbourhood,5.7890314,51.9149193
528,De Park,de park,neighbourhood,5.823132,51.8892287
528,Uiterwaarden Heteren,uiterwaarden heteren,neighbourhood,5.7435907,51.96592
528,Tergouw,tergouw,neighbourhood,5.8313456,51.876771
528,Kern Oosterhout,kern oosterhout,neighbourhood,5.8251821,51.879671
528,Melkweide,melkweide,neighbourhood,5.7466009,51.9563331
528,Liefkenshoek,liefkenshoek,neighbourhood,5.7530361,51.9581493
528,Kern Heteren,kern heteren,neighbourhood,5.7541961,51.9610815
528,De Haantjes-Vogelbuurt,de haantjes-vogelbuurt,neighbourhood,5.7591758,51.9564065
528,Poort van Midden-Gelderland Noord 1/2/3,poort van midden-gelderland noord 1 2 3,neighbourhood,5.7585617,51.9509004
528,Poort van Midden-Gelderland Zuid (Heterenkum),poort van midden-gelderland zuid,neighbourhood,5.7599628,51.9422093
528,Beuningen-Buitengebied Noord,beuningen-buitengebied noord,neighbourhood,5.7836686,51.869986
528,Hamelakkers,hamelakkers,neighbourhood,5.6890945,51.9694049
528,Veluvia,veluvia,neighbourhood,5.6727409,51.9668617
528,Rustenburg,rustenburg,neighbourhood,5.6687787,51.9656403
528,Binnenstad,binnenstad,neighbourhood,5.6630197,51.9657244
528,De Buurt-West,de buurt-west,neighbourhood,5.6604172,51.9711929
528,De Buurt-Oost,de buurt-oost,neighbourhood,5.6674676,51.9718494
528,Pomona,pomona,neighbourhood,5.6619994,51.9748386
528,Haverlanden,haverlanden,neighbourhood,5.6667455,51.9766488
528,Bovenbuurt,bovenbuurt,neighbourhood,5.6762032,51.9777397
528,Roghorst,roghorst,neighbourhood,5.6682775,51.9793199
528,Tarthorst,tarthorst,neighbourhood,5.6610887,51.9789553
528,De Weiden,de weiden,neighbourhood,5.6544243,51.9769272
528,Boomgaarden,boomgaarden,neighbourhood,5.6558436,51.9736017
528,Business & Science Park,business science park,neighbourhood,5.6482724,51.9753914
528,Kortenoord-Oost,kortenoord-oost,neighbourhood,5.6496046,51.9718914
528,Kortenoord-West,kortenoord-west,neighbourhood,5.6445609,51.9691733
528,Haarweg,haarweg,neighbourhood,5.6482736,51.9664246
528,Marijkebuurt,marijkebuurt,neighbourhood,5.6526812,51.9684657
528,Nude-buurt,nude-buurt,neighbourhood,5.6523202,51.9650749
528,Nudepark Rijnhaven en Industrieweg,nudepark rijnhaven en industrieweg,neighbourhood,5.6532593,51.9611152
528,Wageningen Campus en Droevendaal,wageningen campus en droevendaal,neighbourhood,5.6663721,51.9863103
528,Mondriaanbuurt,mondriaanbuurt,neighbourhood,5.6521306,51.98248
528,De Hooilanden,de hooilanden,neighbourhood,5.6476701,51.9825123
528,Rietveldbuurt,rietveldbuurt,neighbourhood,5.6445829,51.9807083
528,Mosplein,mosplein,locality,4.9112266,52.3911317
528,Hees,hees,locality,6.1200384,51.9182919
528,Essenvelt,essenvelt,neighbourhood,3.6098953,51.4793032
528,Binck Eiland,binck eiland,neighbourhood,4.3427567,52.0621805
528,Mercuriuskwartier,mercuriuskwartier,neighbourhood,4.341216,52.0699792
528,Binckhaven,binckhaven,neighbourhood,4.3465642,52.0663159
528,Trekvlietzone,trekvlietzone,neighbourhood,4.3382809,52.0659952
528,Binckhorst Noordwest,binckhorst noordwest,neighbourhood,4.3322185,52.0709257
528,Marga Mincoplein,marga mincoplein,locality,4.7834837,51.573591
528,Urkerveld,urkerveld,locality,5.5974162,52.679615
528,Breiven,breiven,locality,5.7153743,51.1794102
528,Joost den Draaijerrotonde,joost den draaijerrotonde,locality,5.1741441,52.2360284
528,MAAN,maan,neighbourhood,4.3505254,52.0674908
528,Ronda Gosaplein,ronda gosaplein,locality,3.878212,51.5083147
528,Rotatieplein,rotatieplein,locality,3.9057617,51.4947708
528,Stapelven,stapelven,locality,5.8634878,51.6152402
528,Bajeskwartier,bajeskwartier,neighbourhood,4.9241455,52.3388749
528,Casterhoven,casterhoven,neighbourhood,5.5764095,51.9296369
528,Oranjebuurt,oranjebuurt,neighbourhood,5.2995638,51.8833308
528,Termaar,termaar,hamlet,5.8341441,50.8115585
528,Havezate Es,havezate es,neighbourhood,6.6058946,52.5913498
528,Poederoijen,poederoijen,village,5.0797284,51.7873625
528,De Tuinen,de tuinen,neighbourhood,4.9016243,52.6287
528,Marsbosje,marsbosje,locality,4.9724394,52.4321537
528,De Maricken,de maricken,neighbourhood,4.8957825,52.2046052
528,Dikkertje Dap,dikkertje dap,neighbourhood,3.9529752,51.4803874
528,Driehoek,driehoek,hamlet,5.3662164,51.5217076
528,Lennisheuvel,lennisheuvel,village,5.3156126,51.572272
528,Laatste Kwartier,laatste kwartier,locality,6.5609488,53.1827483
528,Eerste Kwartier,eerste kwartier,locality,6.5628612,53.1820411
528,Haarrijn,haarrijn,neighbourhood,5.0149745,52.12514
528,Nieuw Kralingen,nieuw kralingen,neighbourhood,4.5005938,51.9400585
528,Den Hommel,den hommel,neighbourhood,5.0833355,52.0808464
528,Welgelegen,welgelegen,neighbourhood,5.0930024,52.0840675
528,Waskemeer,waskemeer,village,6.281299,53.057027
528,Koude Polder,koude polder,locality,4.0177667,51.5142979
528,Noordma,noordma,locality,6.6988936,53.1054286
528,Knollemanshoek,knollemanshoek,hamlet,4.9890098,52.0528519
528,Sterkenburg,sterkenburg,locality,5.2856742,52.0235855
528,Erve 't Leer,erve 't leer,neighbourhood,6.4560062,52.3843743
528,De Blenke,de blenke,neighbourhood,6.4544797,52.3855988
528,De Höfte,de hofte,neighbourhood,6.4510365,52.3949493
528,Zeeheldenwijk,zeeheldenwijk,neighbourhood,6.4484757,52.3710594
528,Wilhelminawijk,wilhelminawijk,neighbourhood,6.4565535,52.3682997
528,Weggebekker,weggebekker,neighbourhood,5.9562045,50.930346
528,Hoogkwartier,hoogkwartier,neighbourhood,4.4921422,51.9229973
528,Laakhaven-Oost,laakhaven-oost,neighbourhood,4.3259103,52.0680614
528,Laakhaven-West,laakhaven-west,neighbourhood,4.3151834,52.0615179
528,Laakkwartier-Oost,laakkwartier-oost,neighbourhood,4.3247315,52.0596327
528,Laakkwartier-West,laakkwartier-west,neighbourhood,4.3185751,52.0561036
528,De Blokken,de blokken,neighbourhood,6.4726592,52.3541634
528,'n Oaln Diek,'n oaln diek,neighbourhood,6.4756109,52.3516863
528,De Brake,de brake,neighbourhood,6.4763523,52.3609937
528,Schilders- Bloemenwijk,schilders- bloemenwijk,neighbourhood,6.4636423,52.3606968
528,Centrum,centrum,neighbourhood,6.4604487,52.3644547
528,Seminariebos,seminariebos,locality,5.284137,52.0587457
528,Prinsessenwijk,prinsessenwijk,neighbourhood,6.4718725,52.3595063
528,Noetsele I,noetsele i,neighbourhood,6.4537442,52.3629591
528,Noetsele II en III,noetsele ii en iii,neighbourhood,6.4607593,52.353629
528,Konijnenberg,konijnenberg,neighbourhood,6.4813135,52.363212
528,Oost,oost,neighbourhood,6.4869846,52.3621423
528,De Zuid Es,de zuid es,neighbourhood,6.4488692,52.3856299
528,De Noord Es,de noord es,neighbourhood,6.4469288,52.3919211
528,Den Dam,den dam,neighbourhood,6.4536165,52.3895316
528,Centrum,centrum,neighbourhood,6.4484755,52.3905795
528,De Dreven,de dreven,neighbourhood,5.4678976,51.5781763
528,Oud-Aa,oud-aa,hamlet,4.9717748,52.1802937
528,Molenveen,molenveen,locality,6.4437926,53.0731692
528,Mandeveld,mandeveld,locality,6.4693105,53.0584704
528,Oosterveld,oosterveld,locality,6.474953,53.0670859
528,Molenduinen,molenduinen,locality,6.438679,53.0715001
528,Ravel,ravel,neighbourhood,4.8808828,52.336188
528,Beethoven,beethoven,neighbourhood,4.8787826,52.3408849
528,Strawinsky,strawinsky,neighbourhood,4.8731849,52.3406374
528,Gershwin,gershwin,neighbourhood,4.8739412,52.3360618
528,Mahler,mahler,neighbourhood,4.8736221,52.3373189
528,Parnas,parnas,neighbourhood,4.866761,52.3406423
528,Fred Roeske,fred roeske,neighbourhood,4.8609915,52.3411553
528,Verdi,verdi,neighbourhood,4.854514,52.3367026
528,Kop Zuidas,kop zuidas,neighbourhood,4.8935294,52.3381285
528,Neerkanne,neerkanne,hamlet,5.6718216,50.8134208
528,Durgerdanner Diepolder,durgerdanner diepolder,locality,4.9900746,52.3832716
528,Halve Maan,halve maan,neighbourhood,5.0811969,52.0881179
528,Verdomhoekje,verdomhoekje,neighbourhood,5.104338,52.0934431
528,Nieuw Engeland,nieuw engeland,neighbourhood,5.0957669,52.094925
528,Geertebuurt,geertebuurt,neighbourhood,5.1217565,52.0836208
528,Leidseveer,leidseveer,neighbourhood,5.108896,52.093673
528,Wijk C,wijk c,neighbourhood,5.113755,52.0948424
528,Nieuw-Welgelegen,nieuw-welgelegen,neighbourhood,5.0945164,52.0811132
528,Westraven,westraven,neighbourhood,5.1057452,52.0567849
528,Rotsoord,rotsoord,neighbourhood,5.1217304,52.0751537
528,Oud Hoograven,oud hoograven,neighbourhood,5.117324,52.0664732
528,Nieuw Hoograven,nieuw hoograven,neighbourhood,5.1217223,52.0651779
528,Tuindorp-West Complex,tuindorp-west complex,neighbourhood,5.1163702,52.107028
528,Vechtzoom,vechtzoom,neighbourhood,5.0977592,52.1192453
528,Klopvaart,klopvaart,neighbourhood,5.0944024,52.1241456
528,Geuzenwijk,geuzenwijk,neighbourhood,5.0968516,52.1115674
528,De Driehoek,de driehoek,neighbourhood,5.094714,52.10862
528,Elinkwijk,elinkwijk,neighbourhood,5.0826056,52.1090501
528,Schaakbuurt,schaakbuurt,neighbourhood,5.0910051,52.1143274
528,2e Daalsebuurt,2e daalsebuurt,neighbourhood,5.0996896,52.0994305
528,1e Daalsebuurt,1e daalsebuurt,neighbourhood,5.1064141,52.0957866
528,Hegeveld,hegeveld,locality,6.8633759,52.1593423
528,Deersum,deersum,hamlet,5.5034101,53.1495565
528,Sylva's Bos,sylva's bos,locality,5.8788188,52.0073889
528,Gaaikemaweer,gaaikemaweer,hamlet,6.3437115,53.2949736
528,Holst,holst,hamlet,6.0394616,51.1350697
528,Skjin Himd,skjin himd,locality,5.4669072,53.1939441
528,Soarremoarre,soarremoarre,hamlet,5.8670668,53.0680994
528,Terschellinger Polder,terschellinger polder,locality,5.3406663,53.3886606
528,'t Fort,'t fort,isolated_dwelling,6.2020102,52.0951037
528,Spaanse Schans,spaanse schans,isolated_dwelling,6.1904418,52.1101919
528,Reuversweerd,reuversweerd,isolated_dwelling,6.195007,52.1078791
528,De Hank,de hank,isolated_dwelling,6.1999878,52.0993977
528,Piepenbelt,piepenbelt,isolated_dwelling,6.2004921,52.1052251
528,De Duiventoren,de duiventoren,locality,4.9014473,51.6170639
528,Oud-Vossemeer,oud-vossemeer,village,4.1990411,51.5702314
528,Riegmeer,riegmeer,locality,6.5237868,52.6990724
528,Terwinselen,terwinselen,neighbourhood,6.0260552,50.867886
528,De Spie,de spie,hamlet,4.5635909,51.5773429
528,Hout-Blerick,hout-blerick,village,6.1282284,51.3588931
528,Blerick,blerick,town,6.1510708,51.367117
528,Boekend,boekend,village,6.1174383,51.3773668
528,Donderslagse Heide,donderslagse heide,locality,5.8653312,51.6256334
528,De Drieskes,de drieskes,locality,5.8906967,51.6290831
528,Doesbroek,doesbroek,locality,5.88193,51.6213506
528,De Hondshoek,de hondshoek,locality,5.8297157,51.612404
528,Sint Anthonispeel,sint anthonispeel,locality,5.832583,51.6042172
528,Peelven,peelven,locality,5.8246133,51.6021811
528,De Biezen,de biezen,locality,5.8515965,51.6031193
528,Heerenpeel,heerenpeel,locality,5.8382074,51.5951524
528,Sambeeksche Hoek,sambeeksche hoek,locality,5.8837649,51.6095605
528,Sambeeksche Broek,sambeeksche broek,locality,5.91512,51.6180499
528,Den Hoek,den hoek,hamlet,5.8867019,51.6171665
528,Zandkant,zandkant,hamlet,5.9031346,51.6299288
528,Broek van Sint Anthonis,broek van sint anthonis,locality,5.9012446,51.640312
528,De Stippend,de stippend,locality,5.8684376,51.6341233
528,Visdel,visdel,locality,5.8344613,51.6306738
528,Stenen Heule,stenen heule,hamlet,3.4814169,51.3679859
528,Poonhaven,poonhaven,hamlet,3.9437975,51.3393366
528,Akkerput,akkerput,hamlet,3.464711,51.3504986
528,Mollekot,mollekot,hamlet,3.6398703,51.2885914
528,Pyramide,pyramide,hamlet,3.6714773,51.3019136
528,Het Eiland,het eiland,hamlet,3.5217662,51.2941637
528,Potjes,potjes,locality,3.432041,51.352808
528,De Verkorting,de verkorting,hamlet,3.5186576,51.324499
528,Wafeldorp,wafeldorp,hamlet,3.5084556,51.3569648
528,Lommertsteeg,lommertsteeg,neighbourhood,6.2430305,52.6512123
528,Oud-IJhorst,oud-ijhorst,neighbourhood,6.2856636,52.6634416
528,Laag Eeftink,laag eeftink,neighbourhood,4.9612659,52.3239257
528,Marina Parcs Tiny Wagons,marina parcs tiny wagons,locality,5.1336886,52.3453291
528,Ter Moere,ter moere,hamlet,3.4722684,51.3664807
528,Rijsenburgse bos,rijsenburgse bos,locality,5.2804308,52.0617992
528,De Grashoek,de grashoek,neighbourhood,4.4503547,52.2456658
528,De Zoom,de zoom,neighbourhood,5.2796544,52.1678609
528,Klein Engendaal Noord,klein engendaal noord,neighbourhood,5.2949628,52.1658226
528,Klein Engendaal,klein engendaal,neighbourhood,5.2938729,52.1622177
528,Hees,hees,neighbourhood,5.283376,52.1606187
528,Wieksloot,wieksloot,neighbourhood,5.2726295,52.1639836
528,Soest Zuid,soest zuid,neighbourhood,5.3087234,52.162887
528,De Birkt,de birkt,hamlet,5.3298487,52.1606458
528,Boerenstreek,boerenstreek,neighbourhood,5.2702696,52.1734742
528,'t Hart,'t hart,neighbourhood,5.2784356,52.1837517
528,De Eng Zuid,de eng zuid,neighbourhood,5.3013892,52.1663212
528,De Eng,de eng,neighbourhood,5.3017834,52.1780324
528,De Eng Noord West,de eng noord west,neighbourhood,5.2951561,52.1767983
528,Soest Midden,soest midden,neighbourhood,5.304912,52.1821002
528,De Noord,de noord,neighbourhood,4.4427895,52.2487417
528,Beeklaankwartier,beeklaankwartier,neighbourhood,4.4418052,52.231417
528,Het Vinkeveld,het vinkeveld,neighbourhood,4.4374227,52.229216
528,Middengebied,middengebied,neighbourhood,4.4440556,52.2393279
528,De Zuid,de zuid,neighbourhood,4.4302475,52.2384081
528,Boerenburg,boerenburg,neighbourhood,4.4532931,52.2414565
528,Boechorst,boechorst,neighbourhood,4.4576409,52.2343607
528,Deppenbroek,deppenbroek,neighbourhood,6.8931015,52.2400145
528,Parkbuurt,parkbuurt,neighbourhood,4.5251065,52.3693044
528,Mollebos,mollebos,locality,5.3181379,52.0622214
528,Vecht en Veld,vecht en veld,neighbourhood,5.0384277,52.2323895
528,Lathumsche Broek,lathumsche broek,locality,6.0332879,51.9752929
528,Bahrsche Veld,bahrsche veld,locality,6.0300394,51.9823162
528,Lage Aalburgen,lage aalburgen,locality,6.0368883,51.9653171
528,Muggenburg-Zuid,muggenburg-zuid,neighbourhood,4.8021895,52.7742159
528,De Eng,de eng,village,6.0062836,51.9572972
528,Bult van Ketjen,bult van ketjen,locality,6.1919501,52.1385428
528,De Koekamp,de koekamp,locality,5.9974643,51.9593019
528,De Tulleners,de tulleners,locality,6.0179185,51.9568382
528,De Bork,de bork,locality,6.3427591,52.8148403
528,Hondsrug,hondsrug,hamlet,5.9857947,50.8478405
528,Hagelbuurt,hagelbuurt,neighbourhood,5.1060912,52.0926221
528,COA Cadier en Keer,coa cadier en keer,locality,5.7434745,50.8394155
528,Diocesaan Heiligdom Onze Lieve Vrouw ter Nood,diocesaan heiligdom onze lieve vrouw ter nood,locality,4.6898156,52.5833991
528,Horsterhoeve,horsterhoeve,neighbourhood,5.576688,52.3204977
528,Roombeek,roombeek,neighbourhood,6.8961069,52.2315344
528,voormalig Kamp van Zeist,voormalig kamp van zeist,locality,5.2961156,52.1110897
528,Pol,pol,hamlet,5.8955131,51.1680932
528,Osen,osen,hamlet,5.9235041,51.1764827
528,Hanse Heultje,hanse heultje,locality,4.4393186,51.7368809
528,Groot Lochter,groot lochter,neighbourhood,6.4865949,52.3550308
528,Gagelman-industrieterrein-Noord,gagelman-industrieterrein-noord,neighbourhood,6.4673009,52.3683285
528,'t Lochter,'t lochter,neighbourhood,6.4998322,52.3588366
528,Kruidenwijk Oost,kruidenwijk oost,neighbourhood,6.4893527,52.3738124
528,Centrum,centrum,neighbourhood,6.4832498,52.3765062
528,Kruidenwijk Noord,kruidenwijk noord,neighbourhood,6.481716,52.3794869
528,Kruidenwijk West,kruidenwijk west,neighbourhood,6.478019,52.3779439
528,Nieuw Woelwijck,nieuw woelwijck,hamlet,6.7898301,53.1513649
528,Hellendoorn,hellendoorn,neighbourhood,6.440507,52.3909372
528,'t Hexel,'t hexel,neighbourhood,6.4651084,52.341866
528,Boersingel,boersingel,neighbourhood,6.5075815,52.3553843
528,"Egede, Rhaan en Elen",egede rhaan en elen,neighbourhood,6.4320938,52.4298753
528,Marle,marle,neighbourhood,6.4799705,52.4329864
528,Hulsen,hulsen,neighbourhood,6.4869314,52.3832478
528,Haarle,haarle,neighbourhood,6.3826085,52.3604623
528,Haarle,haarle,neighbourhood,6.3817267,52.3491829
528,Daarle,daarle,neighbourhood,6.539996,52.4292603
528,Daarlerveen,daarlerveen,neighbourhood,6.5842298,52.4400326
528,Geestwater,geestwater,neighbourhood,4.5501208,52.2432204
528,Wernem,wernem,neighbourhood,5.9588599,52.1815568
528,Oosterland,oosterland,neighbourhood,4.8429966,52.2086126
528,Clapaje Heul,clapaje heul,locality,4.4766888,51.7358576
528,Westroijen,westroijen,neighbourhood,5.4316187,51.8974815
528,Stationsbuurt,stationsbuurt,neighbourhood,5.4253918,51.8887941
528,De Lok,de lok,neighbourhood,5.4346057,51.893453
528,Bomenbuurt,bomenbuurt,neighbourhood,5.4394073,51.8965234
528,Santwijck,santwijck,neighbourhood,5.4337157,51.8902758
528,Binnenstad,binnenstad,neighbourhood,5.4346821,51.8872553
528,De Elzenpasch,de elzenpasch,neighbourhood,5.4189322,51.8932997
528,Het Ooij,het ooij,neighbourhood,5.4431392,51.8952784
528,Vogelbuurt,vogelbuurt,neighbourhood,5.4465663,51.8953342
528,Ridderweide,ridderweide,neighbourhood,5.4096537,51.8780874
528,De Batauwe,de batauwe,neighbourhood,5.4450289,51.8921852
528,Lingedonk,lingedonk,neighbourhood,5.2729085,51.8847969
528,Tuindorp,tuindorp,neighbourhood,5.2771617,51.8795847
528,Vijverterrein,vijverterrein,neighbourhood,5.4500338,51.8932663
528,Parijsch Centrum,parijsch centrum,neighbourhood,5.2039808,51.9483899
528,Centrum,centrum,neighbourhood,5.2921083,51.8832994
528,De Leede,de leede,neighbourhood,5.5711416,51.9389539
528,Centrum,centrum,neighbourhood,5.5742196,51.9338169
528,Zeevaarders,zeevaarders,neighbourhood,5.6174857,51.8900224
528,Boldershof,boldershof,neighbourhood,5.6010594,51.8935687
528,Oranjebuurt,oranjebuurt,neighbourhood,5.6094534,51.8875742
528,Tichellande,tichellande,neighbourhood,5.6238757,51.8879239
528,Centrum,centrum,neighbourhood,5.6086686,51.8899961
528,Oud,oud,neighbourhood,5.6109331,51.8926218
528,Delenoord,delenoord,neighbourhood,5.59937,51.889994
528,Druten West,druten west,neighbourhood,5.5998616,51.8872832
528,Buitenhof,buitenhof,neighbourhood,5.6070953,51.8811277
528,Bouwing,bouwing,neighbourhood,5.6016384,51.8788153
528,De Koekoek,de koekoek,neighbourhood,5.5957768,51.8849013
528,Klepperheide,klepperheide,neighbourhood,5.6093683,51.8845596
528,Klein Middelveld,klein middelveld,neighbourhood,5.5947229,51.882448
528,Fruitbuurt,fruitbuurt,neighbourhood,5.5228828,51.8823992
528,Bloemenbuurt,bloemenbuurt,neighbourhood,5.5154873,51.877738
528,De Ret,de ret,neighbourhood,5.5046216,51.881979
528,Centrum,centrum,neighbourhood,5.5123398,51.8815018
528,De Kleine Wiel,de kleine wiel,neighbourhood,5.5076547,51.8849534
528,De Wiel,de wiel,neighbourhood,5.5147825,51.8855708
528,Valentijn,valentijn,neighbourhood,5.4272998,51.9607554
528,Oude Kern,oude kern,neighbourhood,5.1139064,51.8804866
528,Oude Kern,oude kern,neighbourhood,5.0776307,51.873743
528,Klingelenberg,klingelenberg,neighbourhood,5.2455121,51.8243987
528,Oosterweyden,oosterweyden,neighbourhood,5.4307028,51.9588979
528,Hoekenburg,hoekenburg,neighbourhood,5.2725011,51.8915496
528,Oude Kern,oude kern,neighbourhood,5.3346754,51.9115793
528,Rooijenburg,rooijenburg,neighbourhood,5.264373,51.8894567
528,Tielseweg,tielseweg,neighbourhood,5.3391575,51.9074785
528,Appelenboomgaard,appelenboomgaard,neighbourhood,5.328338,51.9149511
528,Teisterbant,teisterbant,neighbourhood,5.3779753,51.8984346
528,Slingerbos,slingerbos,neighbourhood,5.3970561,51.8464046
528,Lüsekamp,lusekamp,locality,6.0728633,51.1921213
528,De Rotbrink,de rotbrink,neighbourhood,6.4190197,52.5316003
528,Haven Oost,haven oost,neighbourhood,6.4292604,52.5234771
528,Westbroek,westbroek,neighbourhood,6.4391792,52.5381851
528,Centrum,centrum,neighbourhood,6.4242178,52.5188764
528,Rosengaarde,rosengaarde,hamlet,6.2347626,52.5304124
528,Frankhuis,frankhuis,neighbourhood,6.0581875,52.5263656
528,Schoonhorst,schoonhorst,neighbourhood,6.0666525,52.533519
528,Millingen,millingen,neighbourhood,6.0552048,52.5399535
528,Tippe,tippe,neighbourhood,6.0405064,52.5316394
528,Werkeren,werkeren,neighbourhood,6.0423303,52.5369713
528,Breecamp,breecamp,neighbourhood,6.0374915,52.5428702
528,Veldhoek,veldhoek,hamlet,6.1403059,52.510449
528,Bruggenhoek,bruggenhoek,hamlet,6.1381173,52.5307909
528,Dieze-Centrum,dieze-centrum,neighbourhood,6.1045682,52.5159173
528,Het Noorden,het noorden,neighbourhood,6.0904276,52.518075
528,De Bollebieste,de bollebieste,neighbourhood,6.0962319,52.5200923
528,Hoogenkamp,hoogenkamp,neighbourhood,6.1065799,52.5214273
528,Indischebuurt,indischebuurt,neighbourhood,6.1089697,52.5169994
528,Wezenlanden,wezenlanden,neighbourhood,6.1055016,52.5085683
528,Stationsbuurt,stationsbuurt,neighbourhood,6.0902667,52.5073929
528,Noordereiland,noordereiland,neighbourhood,6.0957169,52.5153068
528,Wettenseind,wettenseind,hamlet,5.5384558,51.4594483
528,Kootwijkerduin,kootwijkerduin,locality,5.7708005,52.1933598
528,Sportpark de Verbinding,sportpark de verbinding,neighbourhood,6.042076,52.5415543
528,Zuidmaten,zuidmaten,neighbourhood,6.493561,52.4608586
528,Nieuw Absbroek,nieuw absbroek,neighbourhood,5.847972,50.9808137
528,Het Schelpenstrandje,het schelpenstrandje,locality,5.0781817,52.6414971
528,Groot Grevengoed,groot grevengoed,locality,5.5119556,52.1871943
528,Holtenbroek IV,holtenbroek iv,neighbourhood,6.08993,52.5254947
528,Holtenbroek III,holtenbroek iii,neighbourhood,6.0870105,52.5290444
528,Holtenbroek II,holtenbroek ii,neighbourhood,6.0785314,52.5279993
528,Holtenbroek I,holtenbroek i,neighbourhood,6.0803508,52.5240866
528,'t Haventje,'t haventje,locality,4.2944714,51.7439063
528,Aachener Wald,aachener wald,locality,6.0213797,50.7584982
528,Brinkhorst,brinkhorst,neighbourhood,5.9523185,52.211583
528,Spengenbos,spengenbos,neighbourhood,5.9402271,52.2169279
528,Spainkbos,spainkbos,neighbourhood,5.9495049,52.2227155
528,Park Berg en Bos,park berg en bos,neighbourhood,5.9116635,52.2140892
528,Orden,orden,neighbourhood,5.9313886,52.2008964
528,Sprengenweg-Noord,sprengenweg-noord,neighbourhood,5.9508884,52.2184238
528,Stadhoudersmolen,stadhoudersmolen,neighbourhood,5.9707335,52.2424196
528,Kerschoten-West,kerschoten-west,neighbourhood,5.9564938,52.2310685
528,Het Loo,het loo,neighbourhood,5.9539965,52.2342595
528,Kerschoten,kerschoten,neighbourhood,5.9677648,52.2308884
528,Loolaan-Noord,loolaan-noord,neighbourhood,5.9534846,52.2258185
528,Binnenstad,binnenstad,neighbourhood,5.9607303,52.2134242
528,De Haven,de haven,neighbourhood,5.9703607,52.2127633
528,Brouwersmolen-Noord,brouwersmolen-noord,neighbourhood,5.9423668,52.1960763
528,Brouwersmolen-Zuid,brouwersmolen-zuid,neighbourhood,5.9351477,52.1899228
528,Dennenheuvel,dennenheuvel,neighbourhood,5.9502069,52.1782616
528,De Bouwhof,de bouwhof,neighbourhood,5.9460271,52.1855094
528,Holthuizen,holthuizen,neighbourhood,5.9520816,52.2041983
528,Winkewijert,winkewijert,neighbourhood,5.9572098,52.190364
528,De Heeze,de heeze,neighbourhood,5.9547987,52.2014711
528,Kayersmolen-Zuid,kayersmolen-zuid,neighbourhood,5.9860993,52.1828438
528,Sleutelbloem,sleutelbloem,neighbourhood,5.9753028,52.2270548
528,Kayersmolen-Midden,kayersmolen-midden,neighbourhood,5.982643,52.189988
528,Zuidbroek - De Wellen,zuidbroek - de wellen,neighbourhood,6.0088775,52.2304412
528,Kayersmolen-Noord,kayersmolen-noord,neighbourhood,5.9797431,52.2017014
528,Malkenschoten,malkenschoten,neighbourhood,5.971855,52.1794403
528,Zevenhuizen,zevenhuizen,neighbourhood,5.9776515,52.2174016
528,De Mheen,de mheen,neighbourhood,5.9912098,52.2189202
528,Brummelhof,brummelhof,neighbourhood,5.9667407,52.2059925
528,Osseveld-West,osseveld-west,neighbourhood,5.9968829,52.2156236
528,Bedrijvenpark Ecofactorij,bedrijvenpark ecofactorij,neighbourhood,6.0313607,52.1988516
528,Welgelegen,welgelegen,neighbourhood,5.9807736,52.2127048
528,Woudhuis,woudhuis,neighbourhood,6.0113485,52.2134926
528,Sprenkelaar,sprenkelaar,neighbourhood,5.9995159,52.2260631
528,Sluisoord,sluisoord,neighbourhood,5.9843715,52.2233676
528,Osseveld-Oost,osseveld-oost,neighbourhood,6.0096019,52.2210277
528,Zuidbroek - Mozaïek & Rooster,zuidbroek - mozaiek rooster,neighbourhood,5.9991874,52.2377636
528,De Voorwaarts,de voorwaarts,neighbourhood,5.9941522,52.2098349
528,Groot Zonnehoeve,groot zonnehoeve,neighbourhood,6.0095478,52.2068963
528,Anklaar,anklaar,neighbourhood,5.9866745,52.2312791
528,Bedrijvenpark Apeldoorn-Noord,bedrijvenpark apeldoorn-noord,neighbourhood,5.9889431,52.2430501
528,Matenhoek,matenhoek,neighbourhood,5.9827529,52.2070675
528,Kuipersveld,kuipersveld,neighbourhood,5.9922569,52.1863688
528,Ugchelen-Zuid,ugchelen-zuid,neighbourhood,5.922682,52.1785143
528,De Hooilanden,de hooilanden,neighbourhood,6.0366,52.1764426
528,De Laar,de laar,neighbourhood,5.6793687,52.0068154
528,Halderbrink,halderbrink,neighbourhood,5.6650392,52.0054319
528,Boekelo,boekelo,neighbourhood,5.6712649,51.9972586
528,Bennekom-Zuidoost,bennekom-zuidoost,neighbourhood,5.6825858,51.9987515
528,Brouwersland,brouwersland,neighbourhood,5.9333788,51.9360969
528,Centrum Huissen,centrum huissen,neighbourhood,5.9422569,51.9375388
528,Johannahoeve,johannahoeve,neighbourhood,5.9376654,51.9399133
528,’t Kempke-Bloemstraat,'t kempke-bloemstraat,neighbourhood,5.94186,51.9312015
528,Bedrijventerrein Pannenhuis,bedrijventerrein pannenhuis,neighbourhood,5.9256437,51.9074723
528,Hofmeesterij-Kampstuk,hofmeesterij-kampstuk,neighbourhood,5.929925,51.937462
528,Zilverkamp 2e fase-Rietbaan,zilverkamp 2e fase-rietbaan,neighbourhood,5.9342056,51.9457663
528,De Laak-Binnenveld,de laak-binnenveld,neighbourhood,5.9356854,51.9321833
528,Zilverkamp 1e fase,zilverkamp 1e fase,neighbourhood,5.9309386,51.9433888
528,Zilverkamp 3e fase,zilverkamp 3e fase,neighbourhood,5.9247426,51.9481107
528,Bedrijventerrein Pannenhuis-Agropark,bedrijventerrein pannenhuis-agropark,neighbourhood,5.9203759,51.9138922
528,Zeeheldenbuurt,zeeheldenbuurt,neighbourhood,6.109839,52.5121077
528,Veluwe,veluwe,hamlet,5.4157925,51.9021489
528,'t Lochter III,'t lochter iii,neighbourhood,6.5143919,52.3583225
528,Op de Hamer,op de hamer,locality,6.1691393,51.5104687
528,Gertekamp,gertekamp,locality,6.1610604,51.5165421
528,Stalberg,stalberg,locality,6.1561767,51.5154286
528,Goidschalxoord,goidschalxoord,hamlet,4.4579391,51.828006
528,Bergakker,bergakker,hamlet,5.3827191,51.8844196
528,Kapel-Avezaath,kapel-avezaath,village,5.3732653,51.8805799
528,Rha,rha,hamlet,6.1469459,52.0541524
528,Heelweg-Oost,heelweg-oost,hamlet,6.4840114,51.9654387
528,Twee Heuvels,twee heuvels,locality,6.1597626,51.3247224
528,Kerkbuurt,kerkbuurt,hamlet,5.1829773,52.7422409
528,Loo,loo,village,5.9892721,51.9304611
528,Herveld-Zuid,herveld-zuid,neighbourhood,5.7450479,51.9002558
528,'t Heemlandje Buiksloot,'t heemlandje buiksloot,locality,4.9164006,52.4014043
528,Oud Tiendeveen,oud tiendeveen,hamlet,6.5373208,52.7358943
528,Vierhouten,vierhouten,village,5.8295526,52.3321516
528,Zederik,zederik,neighbourhood,5.0926195,51.9884111
528,Binnenstad,binnenstad,neighbourhood,5.0924052,51.994197
528,Westerkwartier,westerkwartier,neighbourhood,5.2216386,51.9550543
528,Dreven,dreven,neighbourhood,5.2289106,51.9624241
528,'t Kalf,'t kalf,neighbourhood,4.8345798,52.4685308
528,Dinther,dinther,neighbourhood,5.481586,51.6473566
528,Heeswijk,heeswijk,neighbourhood,5.4679425,51.651268
528,‘t Meer,'t meer,hamlet,6.5733521,52.7122415
