country_id,name,name_norm,place,lon,lat
642,Arad,arad,city,21.3196342,46.1753793
642,Târgu Mureș,targu mures,city,24.561196,46.5446253
642,Deva,deva,city,22.9008611,45.8817402
642,Brăila,braila,city,27.9742932,45.2716092
642,Focșani,focsani,city,27.1856921,45.697274
642,Видин,vidin,city,22.8772194,43.9857242
642,Lugoj,lugoj,city,21.9063162,45.6862542
642,Cluj-Napoca,cluj-napoca,city,23.5899542,46.769379
642,Săcălaz,sacalaz,village,21.1110251,45.7603829
642,Reșița,resita,city,21.8877676,45.2890106
642,Caransebeș,caransebes,city,22.2182232,45.4106108
642,Bocșa,bocsa,town,21.7312589,45.3781756
642,Brad,brad,city,22.7921521,46.1302414
642,Sânnicolau Mare,sannicolau mare,town,20.624115,46.0711247
642,Pecica,pecica,town,21.0666809,46.1666788
642,Oțelu Roșu,otelu rosu,town,22.3577418,45.5198288
642,Lipova,lipova,town,21.6935996,46.0912516
642,Jimbolia,jimbolia,town,20.7183733,45.7917331
642,Vladimirescu,vladimirescu,village,21.4063807,46.1638285
642,Lovrin,lovrin,village,20.7702851,45.9680546
642,Recaș,recas,town,21.5094023,45.8017298
642,Nădlac,nadlac,town,20.7499924,46.1666807
642,Gătaia,gataia,town,21.43,45.4311111
642,Buziaș,buzias,town,21.6042462,45.64921
642,Ciacova,ciacova,town,21.1286196,45.5080566
642,Cărpiniș,carpinis,village,20.9041724,45.7872251
642,Făget,faget,town,22.1768874,45.8558027
642,Vinga,vinga,village,21.2157252,46.016185
642,Periam,periam,village,20.8711212,46.0422872
642,Biled,biled,village,20.9595979,45.8877842
642,Deta,deta,town,21.2244427,45.3888968
642,Sânpetru Mare,sanpetru mare,village,20.817701,46.0457416
642,Variaș,varias,village,20.9613727,46.0117982
642,Dudeștii Vechi,dudestii vechi,village,20.484023,46.0516425
642,Secusigiu,secusigiu,village,20.9842344,46.0878959
642,Fântânele,fantanele,village,21.3811112,46.1244066
642,Lenauheim,lenauheim,village,20.7994504,45.8719408
642,Sânandrei,sanandrei,village,21.1677379,45.8550906
642,Giarmata,giarmata,village,21.3155549,45.8385703
642,Felnac,felnac,village,21.1500086,46.1166642
642,Jebel,jebel,village,21.213617,45.5555553
642,Becicherecu Mic,becicherecu mic,village,21.0514741,45.8346771
642,Cenei,cenei,village,20.9038891,45.715836
642,Peciu Nou,peciu nou,village,21.0581372,45.6056802
642,Ghiroda,ghiroda,village,21.3016829,45.7681865
642,Banloc,banloc,village,21.1342832,45.3877892
642,Șag,sag,village,21.1743585,45.6506466
642,Comloșu Mare,comlosu mare,village,20.6272224,45.8905532
642,Satchinez,satchinez,village,21.0405692,45.937496
642,Sânmihaiu Român,sanmihaiu roman,village,21.0905773,45.7078393
642,Moșnița Nouă,mosnita noua,village,21.3258575,45.7187651
642,Zăbrani,zabrani,village,21.5551944,46.0706966
642,Uivar,uivar,village,20.9063609,45.6583823
642,Cenad,cenad,village,20.5855464,46.1374895
642,Zăvoi,zavoi,village,22.4120457,45.5248669
642,Giroc,giroc,village,21.2358535,45.6941795
642,Vața de Jos,vata de jos,village,22.6,46.1833333
642,Berzovia,berzovia,village,21.629009,45.4259715
642,Orțișoara,ortisoara,village,21.1983354,45.9636056
642,Teremia Mare,teremia mare,village,20.5270124,45.9355076
642,Coșteiu,costeiu,village,21.8491647,45.7411189
642,Mașloc,masloc,village,21.4497207,45.9980541
642,Ilia,ilia,village,22.6567922,45.9319245
642,Ghioroc,ghioroc,village,21.5954413,46.1558842
642,Liebling,liebling,village,21.32167,45.5775001
642,Semlac,semlac,village,20.9304134,46.1121251
642,Șagu,sagu,village,21.2814193,46.0633585
642,Racovița,racovita,village,21.6363344,45.6997387
642,Jamu Mare,jamu mare,village,21.4154765,45.2552746
642,Dobra,dobra,village,22.5696073,45.9128442
642,Remetea Mare,remetea mare,village,21.3754148,45.7795852
642,Sacoșu Turcesc,sacosu turcesc,village,21.4288939,45.65195
642,Slatina-Timiș,slatina-timis,village,22.2842442,45.2604821
642,Darova Nouă,darova noua,village,21.7666592,45.6333376
642,Bucoșnița,bucosnita,village,22.2666618,45.2999977
642,Săvârșin,savarsin,village,22.2348452,46.0139798
642,Denta,denta,village,21.2491624,45.3538894
642,Obreja,obreja,village,22.2556796,45.480714
642,Găvojdia,gavojdia,village,22.0166667,45.6166667
642,Bârzava,barzava,village,21.9925659,46.1063622
642,Pișchia,pischia,village,21.3403585,45.9041194
642,Șeitin,seitin,village,20.8398875,46.1090984
642,Topolovățu Mare,topolovatu mare,village,21.6188845,45.7738945
642,Belinț,belint,village,21.7659457,45.7495962
642,Bethausen,bethausen,village,21.959382,45.8367872
642,Giulvăz,giulvaz,village,20.9844499,45.5488902
642,Baia de Criș,baia de cris,village,22.7133831,46.1737032
642,Băuțar,bautar,village,22.5666667,45.5166667
642,Dumbrava,dumbrava,village,22.1168539,45.8253697
642,Dumbrăvița,dumbravita,village,21.247858,45.8018764
642,Tormac,tormac,village,21.493605,45.5208335
642,Nădrag,nadrag,village,22.1829457,45.6496264
642,Lupac,lupac,village,21.8105693,45.281611
642,Constantin Daicoviciu,constantin daicoviciu,village,22.1489057,45.5449959
642,Victor Vlad Delamarina,victor vlad delamarina,village,21.8963424,45.6412415
642,Margina,margina,village,22.2657848,45.8583213
642,Moravița,moravita,village,21.269472,45.2561039
642,Conop,conop,village,21.8786582,46.1005602
642,Ghelari,ghelari,village,22.7824986,45.708408
642,Măureni,maureni,village,21.5015506,45.4081919
642,Păltiniș,paltinis,village,22.162889,45.4350664
642,Voiteg,voiteg,village,21.2391696,45.4688908
642,Boldur,boldur,village,21.7766585,45.6941676
642,Birchiș,birchis,village,22.1699865,45.9649604
642,Luncoiu de Jos,luncoiu de jos,village,22.7824597,46.0884724
642,Vărădia de Mureș,varadia de mures,village,22.1567707,46.0062955
642,Buchin,buchin,village,22.2423182,45.3644656
642,Fârliug,farliug,village,21.8494444,45.4883333
642,Zam,zam,village,22.4435766,46.0061858
642,Tomești,tomesti,village,22.3082376,45.7861341
642,Traian Vuia,traian vuia,village,22.0678671,45.7997308
642,Târnova,tarnova,village,22.0009704,45.3402143
642,Petriș,petris,village,22.3912732,46.0428007
642,Glimboca,glimboca,village,22.3219553,45.4925644
642,Forotic,forotic,village,21.5875,45.2302778
642,Chevereșu Mare,cheveresu mare,village,21.4908299,45.6669491
642,Fârdea,fardea,village,22.1641397,45.7385449
642,Dognecea,dognecea,village,21.7513654,45.2746952
642,Doclin,doclin,village,21.6513048,45.2987812
642,Criciova,criciova,village,22.071146,45.629357
642,Vermeș,vermes,village,21.6597222,45.5205556
642,Ramna,ramna,village,21.6883333,45.4383333
642,Lăpugiu de Jos,lapugiu de jos,village,22.4811253,45.8860257
642,Balinț,balint,village,21.85625,45.8145056
642,Brănișca,branisca,village,22.7800702,45.9155365
642,Știuca,stiuca,village,21.9813042,45.5731409
642,Sarmizegetusa,sarmizegetusa,village,22.7825414,45.5152567
642,Răchitova,rachitova,village,22.7467611,45.6055246
642,Bârna,barna,village,22.0579907,45.7207129
642,Nițchidorf,nitchidorf,village,21.5346558,45.5803942
642,Ribița,ribita,village,22.7652528,46.1751917
642,Beba Veche,beba veche,village,20.3003869,46.1311709
642,Sacu,sacu,village,22.1191578,45.5743194
642,Foeni,foeni,village,20.8711749,45.4996804
642,Zorlențu Mare,zorlentu mare,village,21.9561111,45.4505556
642,Bata,bata,village,22.0372925,46.0170337
642,Lunca Cernii de Jos,lunca cernii de jos,village,22.6166667,45.6333333
642,Pietroasa,pietroasa,village,22.3947781,45.8364666
642,Burjuc,burjuc,village,22.4866627,45.9522375
642,Vorța,vorta,village,22.6733555,46.021338
642,Toplița,toplita,village,22.7856625,45.6874874
642,Văliug,valiug,village,22.0286135,45.2257733
642,Ezeriș,ezeris,village,21.8856557,45.4107708
642,Dorgoș,dorgos,village,21.8372548,46.0505202
642,Curtea,curtea,village,22.3078364,45.8297044
642,Giera,giera,village,20.991844,45.4074381
642,Brebu,brebu,village,21.99141,45.4197556
642,Copăcele,copacele,village,22.094362,45.4994668
642,Marga,marga,village,22.5185442,45.5030229
642,Ghizela,ghizela,village,21.7441077,45.8217736
642,Brebu Nou,brebu nou,village,22.1370635,45.2323004
642,Ocna de Fier,ocna de fier,village,21.7765044,45.3418553
642,Cerbăl,cerbal,village,22.7161344,45.7814144
642,Lelese,lelese,village,22.6968987,45.7342536
642,Bogda,bogda,village,21.5833858,45.9765687
642,Bunila,bunila,village,22.6728258,45.6939828
642,Bara,bara,village,21.8719444,45.8947222
642,Secaș,secas,village,21.8191667,45.885
642,Negrești-Oaș,negresti-oas,town,23.4270648,47.8729032
642,Timișoara,timisoara,city,21.2257474,45.7538355
642,Turda,turda,city,23.7853643,46.5685214
642,Bălăușeri,balauseri,village,24.6889409,46.4089658
642,Nadeș,nades,village,24.7287132,46.3207635
642,Acățari,acatari,village,24.6338576,46.4795456
642,Sighișoara,sighisoara,city,24.7934483,46.2202037
642,Rupea,rupea,town,25.2206701,46.0383743
642,Predeal,predeal,town,25.5761577,45.5026879
642,Azuga,azuga,town,25.5693383,45.4444432
642,Bușteni,busteni,town,25.5354853,45.4147706
642,Sinaia,sinaia,town,25.5481496,45.3455492
642,Comarnic,comarnic,town,25.6343171,45.2428262
642,Câmpina,campina,city,25.7348044,45.1256956
642,Ploiești,ploiesti,city,26.0236504,44.9417468
642,Buzău,buzau,city,26.8306557,45.1490064
642,Băicoi,baicoi,town,25.8628394,45.0338367
642,Mizil,mizil,town,26.4437718,45.0030694
642,Someșeni,someseni,suburb,23.6509907,46.788805
642,Luna,luna,village,23.9190105,46.5067725
642,București,bucuresti,city,26.102684,44.4361414
642,Slobozia,slobozia,city,27.3618477,44.5635999
642,Galați,galati,city,28.0549395,45.4338215
642,Voroneț,voronet,village,25.8644265,47.5319946
642,Gura Humorului,gura humorului,town,25.889007,47.553693
642,Bucșoaia,bucsoaia,village,25.8215842,47.5405341
642,Frasin,frasin,town,25.8000055,47.5383274
642,Molid,molid,village,25.7256812,47.571485
642,Strâmtura,stramtura,village,25.6844273,47.5785475
642,Vama,vama,village,25.6895559,47.5652703
642,Prisaca Dornei,prisaca dornei,village,25.6564086,47.5423372
642,Valea Putnei,valea putnei,village,25.3755367,47.4848529
642,Mestecăniș,mestecanis,village,25.3345181,47.4540543
642,Iacobeni,iacobeni,village,25.3092027,47.417669
642,Argestru,argestru,village,25.3189621,47.3844629
642,Vatra Dornei,vatra dornei,city,25.3557638,47.3469264
642,Ovidiu,ovidiu,town,28.5620429,44.2562026
642,Dorna-Arini,dorna-arini,village,25.4076433,47.338394
642,Ortoaia,ortoaia,village,25.4362415,47.3479712
642,Gheorghițeni,gheorghiteni,village,25.4430014,47.3614594
642,Rusca,rusca,village,25.4556287,47.3684011
642,Sunători,sunatori,village,25.4852944,47.3843707
642,Chiril,chiril,village,25.5631742,47.3964935
642,Cojoci,cojoci,village,25.5751166,47.3919034
642,Satu Mare,satu mare,village,25.6103066,47.3580969
642,Crucea,crucea,village,25.6112767,47.3506059
642,Frumosu,frumosu,village,25.6479787,47.6068081
642,Vatra Moldoviței,vatra moldovitei,village,25.5731342,47.6524987
642,Sucevița,sucevita,village,25.7187131,47.7801015
642,Movileni,movileni,village,27.9663333,45.4047755
642,Braniștea,branistea,village,27.8341972,45.4367665
642,Vasile Alecsandri,vasile alecsandri,village,27.7980148,45.4515186
642,Lozova,lozova,hamlet,27.8196527,45.4494217
642,Independența,independenta,village,27.7623258,45.4730658
642,Piscu,piscu,village,27.7283987,45.5015556
642,Vameș,vames,village,27.7071336,45.5311362
642,Hanu Conachi,hanu conachi,village,27.5942159,45.5878426
642,Liești,liesti,village,27.536646,45.6282333
642,Tudor Vladimirescu,tudor vladimirescu,village,27.6489136,45.5630091
642,Ivești,ivesti,village,27.5180202,45.6847776
642,Umbrărești,umbraresti,village,27.4996977,45.7095438
642,Barcea,barcea,village,27.4759522,45.7502061
642,Drăgănești,draganesti,village,27.4626498,45.7861465
642,Malu Alb,malu alb,village,27.462999,45.7969171
642,Tecuci,tecuci,city,27.4290798,45.8457816
642,Cosmești,cosmesti,village,27.3083278,45.8688047
642,Tișița,tisita,village,27.2105426,45.8452967
642,Adjud,adjud,city,27.179941,46.1008679
642,Gura Portiței,gura portitei,hamlet,29.0040508,44.6892578
642,Jurilovca,jurilovca,village,28.8755306,44.758582
642,Sâmbăteni,sambateni,village,21.5268664,46.1411045
642,Lancrăm,lancram,village,23.5562271,45.9876031
642,Sântimbru,santimbru,village,23.6502973,46.1360753
642,Teiuș,teius,town,23.6754296,46.2060361
642,Aiud,aiud,city,23.7187065,46.3109471
642,Copșa Mică,copsa mica,town,24.2282191,46.1123071
642,Mediaș,medias,city,24.3473855,46.1625212
642,Daneș,danes,village,24.7080488,46.2240867
642,Dumbrăveni,dumbraveni,town,24.5761141,46.2246329
642,Șaroș pe Târnave,saros pe tarnave,village,24.5432284,46.2082736
642,Brateiu,brateiu,village,24.430498,46.1723712
642,Hetiur,hetiur,village,24.7668011,46.26813
642,Chendu,chendu,village,24.7306896,46.387071
642,Țigmandru,tigmandru,village,24.7163669,46.3550784
642,Seleuș,seleus,village,24.6925936,46.2429112
642,Șofronea,sofronea,village,21.3100926,46.2778234
642,Curtici,curtici,town,21.3069092,46.3444844
642,Sovata,sovata,town,25.07328,46.5971683
642,Poiana Câmpina,poiana campina,village,25.7115619,45.1277878
642,Florești,floresti,village,25.7999131,45.0278716
642,Breaza,breaza,town,25.668582,45.1810934
642,Poiana Brașov,poiana brasov,village,25.5561895,45.5967098
642,Târgoviște,targoviste,city,25.462816,44.9267709
642,Orăștie,orastie,city,23.1958453,45.8367637
642,Simeria,simeria,town,23.0162168,45.8475432
642,Câmpia Turzii,campia turzii,city,23.8869669,46.5471807
642,Ocna Mureș,ocna mures,town,23.8577354,46.3814028
642,Luduș,ludus,town,24.0950842,46.4833006
642,Iernut,iernut,town,24.2306699,46.4501899
642,Târnăveni,tarnaveni,city,24.2804126,46.3295278
642,Eforie Nord,eforie nord,town,28.6337441,44.0637934
642,Costinești,costinesti,village,28.6310206,43.94877
642,Vama Veche,vama veche,village,28.5722398,43.7525293
642,Venus,venus,village,28.5941976,43.8454954
642,Techirghiol,techirghiol,town,28.5998797,44.0555067
642,Mamaia,mamaia,village,28.6255665,44.2337861
642,Cernavodă,cernavoda,town,28.0316248,44.3416349
642,Fetești,fetesti,town,27.8358837,44.3702246
642,Giurgeni,giurgeni,village,27.8569901,44.7443208
642,Hârșova,harsova,town,27.9513766,44.6845557
642,Bucov,bucov,village,26.0815363,44.9742347
642,Albești-Paleologu,albesti-paleologu,village,26.2294031,44.9541225
642,Vălenii de Munte,valenii de munte,town,26.0389407,45.1846248
642,Giurgiu,giurgiu,city,25.9656448,43.8961275
642,Gilău,gilau,village,23.3889521,46.7537724
642,Salonta,salonta,city,21.6594011,46.8024771
642,Ciumeghiu,ciumeghiu,village,21.5808649,46.7328068
642,Avram Iancu,avram iancu,village,21.5241933,46.6694822
642,Zerind,zerind,village,21.5169819,46.6235188
642,Șimand,simand,village,21.4547478,46.4285944
642,Zimandu Nou,zimandu nou,village,21.4002178,46.2810826
642,Macea,macea,village,21.310918,46.3868166
642,Turnu,turnu,village,21.1261082,46.2568982
642,Baldovinești,baldovinesti,village,27.9091645,45.32264
642,Toplița,toplita,city,25.3528033,46.9239192
642,Gheorgheni,gheorgheni,city,25.5998915,46.7213467
642,Praid,praid,village,25.1249278,46.553075
642,Albești,albesti,village,24.8500258,46.2395271
642,Vânători,vanatori,village,24.9213229,46.2415416
642,Saschiz,saschiz,village,24.961897,46.1941249
642,Mihai Viteazu,mihai viteazu,village,25.0259999,46.1551541
642,Criț,crit,village,25.0202066,46.1212115
642,Bunești,bunesti,village,25.0575122,46.1064638
642,Fișer,fiser,village,25.1447486,46.0797033
642,Hoghiz,hoghiz,village,25.3059671,45.9840678
642,Măieruș,maierus,village,25.541062,45.8989846
642,Feldioara,feldioara,village,25.5909738,45.8168845
642,Rotbav,rotbav,village,25.5561713,45.8386253
642,Sânpetru,sanpetru,village,25.632262,45.7066415
642,Garvăn,garvan,village,28.1569745,45.3510625
642,Drobeta-Turnu Severin,drobeta-turnu severin,city,22.6531975,44.6257835
642,Pitești,pitesti,city,24.8721156,44.8572882
642,Vărșand,varsand,village,21.3448937,46.6175797
642,Socodor,socodor,village,21.4412585,46.510103
642,Borș,bors,village,21.8134302,47.1153753
642,Baia Mare,baia mare,city,23.5719843,47.6565584
642,Gherla,gherla,city,23.9077402,47.0287702
642,Borșa,borsa,town,24.6639308,47.6554079
642,Sighetu Marmației,sighetu marmatiei,city,23.8915583,47.9283242
642,Carei,carei,city,22.4695102,47.6829338
642,Suceava,suceava,city,26.2522599,47.647001
642,Năsăud,nasaud,town,24.4108077,47.2828598
642,Bistrița,bistrita,city,24.4963949,47.1327012
642,Maieru,maieru,village,24.7434757,47.4000984
642,Sfântu Gheorghe,sfantu gheorghe,city,25.7865367,45.8659935
642,Sfântu Gheorghe,sfantu gheorghe,village,29.5929047,44.8965071
642,Șeica Mare,seica mare,village,24.1563438,46.0246931
642,Vâlcănești,valcanesti,village,25.9335768,45.1211351
642,Slănic-Moldova,slanic-moldova,town,26.438397,46.2066318
642,Slănic,slanic,town,25.9399087,45.2357777
642,Agnita,agnita,town,24.6233717,45.9746578
642,Vlăhița,vlahita,town,25.5298049,46.3445399
642,Tulcea,tulcea,city,28.8016348,45.177518
642,Bicaz,bicaz,town,26.0903478,46.9112275
642,Marghita,marghita,city,22.3414987,47.34662
642,Miercurea Sibiului,miercurea sibiului,town,23.7936446,45.8880902
642,Cosmina de Jos,cosmina de jos,village,25.9014415,45.1597262
642,Săcele,sacele,city,25.6910299,45.616651
642,Florești,floresti,village,23.4845868,46.7442664
642,Mioveni,mioveni,town,24.9372012,44.9568131
642,Curtea de Argeș,curtea de arges,city,24.6779826,45.1469341
642,Dorobanți,dorobanti,village,21.2426611,46.3499646
642,Șaeș,saes,village,24.7691364,46.1559115
642,Făgăraș,fagaras,city,24.9703211,45.8449461
642,Aleșd,alesd,town,22.3973751,47.0596749
642,Micăsasa,micasasa,village,24.1089357,46.0872685
642,Ghimbav,ghimbav,town,25.5066416,45.6634951
642,Veștem,vestem,village,24.2386386,45.7180547
642,Hunedoara,hunedoara,city,22.9073522,45.757454
642,Șelimbăr,selimbar,village,24.1909657,45.7694368
642,Iași,iasi,city,27.5837814,47.1615598
642,Boiu,boiu,village,24.8748233,46.2657028
642,Zalău,zalau,city,23.0562143,47.1819416
642,Șimleu Silvaniei,simleu silvaniei,town,22.7933051,47.2305359
642,Adamclisi,adamclisi,village,27.9546542,44.0834392
642,Sâmbăta de Sus,sambata de sus,village,24.8275382,45.760533
642,Băilești,bailesti,city,23.3450079,44.0230929
642,Zimnicea,zimnicea,town,25.3655464,43.6542344
642,Botoșani,botosani,city,26.6599858,47.7450706
642,Baraolt,baraolt,town,25.5996242,46.0751919
642,Sebiș,sebis,town,22.1300245,46.3733772
642,Făcăeni,facaeni,village,27.894852,44.560138
642,Urziceni,urziceni,city,26.6324066,44.717002
642,Buhuși,buhusi,town,26.7047029,46.7162854
642,Piatra Neamț,piatra neamt,city,26.3695046,46.9319894
642,Roman,roman,city,26.9284165,46.92528
642,Horia,horia,village,21.4628464,46.2084745
642,Ineu,ineu,town,21.8416915,46.4259913
642,Pâncota,pancota,town,21.6887315,46.3229899
642,Arieșeni,arieseni,village,22.7579046,46.4762447
642,Albac,albac,village,22.9649845,46.447786
642,Șura Mare,sura mare,village,24.1695455,45.8528202
642,Băișoara,baisoara,village,23.4615157,46.5775544
642,Cisnădie,cisnadie,town,24.1546237,45.7168421
642,Sadu,sadu,village,24.1816738,45.6719352
642,Râșnov,rasnov,town,25.4656159,45.5910307
642,Zărnești,zarnesti,town,25.3161793,45.5607354
642,Rășinari,rasinari,village,24.0697045,45.7093466
642,Biertan,biertan,village,24.5209582,46.1363072
642,Corund,corund,village,25.1836329,46.4710902
642,Rucăr,rucar,village,25.1740729,45.3885387
642,Câmpulung,campulung,city,25.0438643,45.2697704
642,Vișeu de Sus,viseu de sus,town,24.4311547,47.7099597
642,Vaideeni,vaideeni,village,23.9299228,45.1707556
642,Bobohalma,bobohalma,village,24.2349029,46.351139
642,Bruiu,bruiu,village,24.7008583,45.8746748
642,Gurahonț,gurahont,village,22.3420912,46.2698912
642,Păulești,paulesti,village,25.9679807,45.0018935
642,Buștenari,bustenari,village,25.8330797,45.1412423
642,Boldești-Scăeni,boldesti-scaeni,town,26.0309441,45.0317528
642,Agigea,agigea,village,28.6104977,44.0911993
642,Jibou,jibou,town,23.2578878,47.260376
642,Caracal,caracal,city,24.3463095,44.1123292
642,Topoloveni,topoloveni,town,25.0852836,44.8079716
642,Corabia,corabia,town,24.5015439,43.7747612
642,Mihail Kogălniceanu,mihail kogalniceanu,village,28.4630982,44.3703051
642,Radna,radna,village,21.6894762,46.0984177
642,Livada,livada,village,21.3862493,46.2259845
642,Șiria,siria,village,21.638563,46.2673051
642,Galșa,galsa,village,21.6513423,46.2881012
642,Măderat,maderat,village,21.7122574,46.2991585
642,Sintea Mare,sintea mare,village,21.6053178,46.5198044
642,Zărand,zarand,village,21.6507527,46.4069193
642,Ususău,ususau,village,21.813712,46.0706284
642,Tauț,taut,village,21.9117667,46.2938845
642,Bocsig,bocsig,village,21.9432957,46.4223872
642,Baia de Arieș,baia de aries,town,23.2812063,46.3802511
642,Beiuș,beius,city,22.3527085,46.6667533
642,Săcueni,sacueni,town,22.0845336,47.3566688
642,Ștei,stei,town,22.4557453,46.5357554
642,Valea lui Mihai,valea lui mihai,town,22.1348938,47.5171304
642,Vașcău,vascau,town,22.4751303,46.4706807
642,Tileagd,tileagd,village,22.2006925,47.0739247
642,Orșova,orsova,town,22.3982754,44.7234689
642,Strehaia,strehaia,town,23.1957462,44.6230405
642,Vânju Mare,vanju mare,town,22.8712672,44.4250326
642,Oravița,oravita,town,21.6860595,45.0381333
642,Anina,anina,town,21.853167,45.0880712
642,Băile Herculane,baile herculane,town,22.4143883,44.8785058
642,Bechet,bechet,town,23.9574422,43.784314
642,Dăbuleni,dabuleni,town,24.092398,43.8008
642,Filiași,filiasi,town,23.5205621,44.5538277
642,Segarcea,segarcea,town,23.7468875,44.0930481
642,Târgu Jiu,targu jiu,city,23.2728118,45.0422947
642,Motru,motru,city,22.9678763,44.8011015
642,Rovinari,rovinari,town,23.163126,44.8978747
642,Bumbești-Jiu,bumbesti-jiu,town,23.3797641,45.1794165
642,Turceni,turceni,town,23.3730835,44.6807576
642,Slatina,slatina,city,24.3631837,44.4299971
642,Balș,bals,town,24.1000283,44.350577
642,Drăgănești-Olt,draganesti-olt,town,24.5219723,44.1684732
642,Drăgănești-Vlașca,draganesti-vlasca,village,25.5983187,44.1013915
642,Piatra-Olt,piatra-olt,town,24.2589148,44.36906
642,Bragadiru,bragadiru,town,25.9804935,44.373512
642,Chitila,chitila,town,25.987703,44.5059871
642,Pantelimon,pantelimon,town,26.2035562,44.4518794
642,Petrești,petresti,village,27.2266509,45.7298913
642,Vânători,vanatori,village,27.2553828,45.7229484
642,Garoafa,garoafa,village,27.2130356,45.7838308
642,Făurei,faurei,village,27.201133,45.7846298
642,Avrig,avrig,town,24.3770302,45.7256555
642,Ocna Sibiului,ocna sibiului,town,24.0576688,45.8804278
642,Săliște,saliste,town,23.8845754,45.7957186
642,Tălmaciu,talmaciu,town,24.2659424,45.6646194
642,Lupeni,lupeni,city,23.2157411,45.3552327
642,Vulcan,vulcan,city,23.2940874,45.3748642
642,Hațeg,hateg,town,22.949396,45.6104474
642,Petrila,petrila,town,23.3765054,45.4437023
642,Codlea,codlea,city,25.4490362,45.6924431
642,Cehu Silvaniei,cehu silvaniei,town,23.1821246,47.4111276
642,Tășnad,tasnad,town,22.5848552,47.4780916
642,Ardud,ardud,town,22.889335,47.6398625
642,Livada,livada,town,23.1211639,47.8632193
642,Baia Sprie,baia sprie,town,23.6922094,47.6615913
642,Seini,seini,town,23.2831939,47.7484996
642,Ulmeni,ulmeni,town,23.3005149,47.4657382
642,Săliștea de Sus,salistea de sus,town,24.351656,47.6586223
642,Șomcuta Mare,somcuta mare,town,23.4709709,47.5004276
642,Beclean,beclean,town,24.1791099,47.1799314
642,Râmnicu Vâlcea,ramnicu valcea,city,24.3647209,45.1031731
642,Drăgășani,dragasani,city,24.2643412,44.6592011
642,Călimănești,calimanesti,town,24.3412638,45.2401542
642,Brezoi,brezoi,town,24.2442404,45.3432742
642,Bălcești,balcesti,town,23.9389534,44.6170199
642,Costești,costesti,town,24.8770102,44.6620233
642,Alexandria,alexandria,city,25.3288462,43.9702236
642,Roșiorii de Vede,rosiorii de vede,city,24.9952094,44.1083489
642,Turnu Măgurele,turnu magurele,city,24.8691717,43.7518306
642,Videle,videle,town,25.5277294,44.274599
642,Moreni,moreni,city,25.6453554,44.9830676
642,Găești,gaesti,town,25.3194711,44.7207093
642,Pucioasa,pucioasa,town,25.4342663,45.0761504
642,Titu,titu,town,25.5738562,44.6623119
642,Bolintin-Vale,bolintin-vale,town,25.7567806,44.4484172
642,Mihăilești,mihailesti,town,25.9068881,44.3246217
642,Eforie Sud,eforie sud,town,28.650451,44.0278741
642,Saturn,saturn,village,28.5881733,43.8282832
642,Cap Aurora,cap aurora,village,28.6051941,43.8503309
642,Jupiter,jupiter,village,28.6010503,43.8580041
642,Neptun,neptun,village,28.6011616,43.8663548
642,Tuzla,tuzla,village,28.6375058,44.0042578
642,Laslea,laslea,village,24.6558979,46.2055745
642,Râmnicu Sărat,ramnicu sarat,city,27.0417011,45.3854458
642,Miercurea Ciuc,miercurea ciuc,city,25.8026675,46.3614042
642,Cristuru Secuiesc,cristuru secuiesc,town,25.0305249,46.2886141
642,Bălan,balan,town,25.8113436,46.6525952
642,Borsec,borsec,town,25.5609031,46.9639588
642,Târgu Secuiesc,targu secuiesc,city,26.1373615,46.0007042
642,Covasna,covasna,town,26.1693108,45.8448991
642,Întorsura Buzăului,intorsura buzaului,town,26.030915,45.6751226
642,Călărași,calarasi,city,27.3313233,44.1961646
642,Modelu,modelu,village,27.3851942,44.1962461
642,Borcea,borcea,village,27.7314916,44.3293754
642,Dragalina,dragalina,village,27.3317663,44.4345568
642,Fundulea,fundulea,town,26.5095823,44.4683784
642,Lehliu-Gară,lehliu-gara,town,26.8515342,44.4398391
642,Coșereni,cosereni,village,26.5638985,44.6826987
642,Sinești,sinesti,village,26.381793,44.5663151
642,Lilieci,lilieci,village,26.3768685,44.5491381
642,Afumați,afumati,village,26.2494303,44.524683
642,Medgidia,medgidia,city,28.269625,44.2443001
642,Basarabi,basarabi,village,23.005496,44.0053156
642,Năvodari,navodari,town,28.6110868,44.3212304
642,Negru Vodă,negru voda,town,28.2185873,43.819144
642,Satu Mare,satu mare,city,22.8725598,47.7891763
642,Mărășești,marasesti,town,27.2184171,45.8740808
642,Gurasada,gurasada,village,22.5907509,45.9524131
642,Albești,albesti,village,28.4250889,43.802642
642,Albești-Muru,albesti-muru,village,26.210794,44.9432551
642,Albești,albesti,village,27.0728951,47.6930194
642,Albești,albesti,village,27.8634051,46.499291
642,Albești,albesti,village,25.0027469,45.3118833
642,Albești,albesti,village,27.1331614,44.539329
642,Țăndărei,tandarei,town,27.6530653,44.6419986
642,Albești,albesti,village,22.2501717,46.7694886
642,Albești,albesti,village,25.1180058,44.0683828
642,Peretu,peretu,village,24.3504663,44.272587
642,Peretu,peretu,village,25.0905179,44.0429733
642,Golești,golesti,village,27.1657226,45.6624525
642,Târgu Frumos,targu frumos,town,27.0136647,47.2100643
642,Spătaru,spataru,village,26.7776551,45.0861505
642,Pristol,pristol,village,22.7055202,44.226346
642,Săbăoani,sabaoani,village,26.8650312,47.0120586
642,Horia,horia,village,26.9156171,46.9083517
642,Bălțești,baltesti,village,26.1274566,45.1084609
642,Podenii Vechi,podenii vechi,village,26.1130188,45.0873709
642,Seciu,seciu,village,26.0575547,45.033439
642,Lipănești,lipanesti,village,26.0188983,45.0498605
642,Măgurele,magurele,village,26.0372636,45.1022492
642,Iazu,iazu,village,26.0199283,45.0830727
642,Vărbilău,varbilau,village,25.9607755,45.179938
642,Livadea,livadea,village,25.9248083,45.1882818
642,Podu Ursului,podu ursului,village,25.9225289,45.1737619
642,Urlați,urlati,town,26.2326827,44.991969
642,Dulcești,dulcesti,village,28.5451049,43.9041491
642,Aluniș,alunis,village,21.4903663,46.0938445
642,Neudorf,neudorf,village,21.6197989,46.0671723
642,Miniș,minis,village,21.6045211,46.135019
642,Cuvin,cuvin,village,21.5950055,46.1663922
642,Mânerău,manerau,village,21.9870524,46.4159932
642,Răpsig,rapsig,village,22.0194133,46.4202169
642,Aldești,aldesti,village,22.0401998,46.3918587
642,Bârsa,barsa,village,22.0725032,46.3777674
642,Buteni,buteni,village,22.1190582,46.3308943
642,Chisindia,chisindia,village,22.0991123,46.2922682
642,Joia Mare,joia mare,village,22.1780189,46.2998935
642,Dieci,dieci,village,22.2483235,46.3162742
642,Bonțești,bontesti,village,22.3056943,46.2747112
642,Covăsânț,covasant,village,21.6131055,46.2061312
642,Cornu de Jos,cornu de jos,village,25.7066529,45.150922
642,Cernica,cernica,village,26.2817239,44.417714
642,Bănești,banesti,village,25.7605909,45.1009898
642,Urleta,urleta,village,25.7949023,45.0860954
642,Bobolia,bobolia,village,25.7409791,45.0921009
642,Măgureni,magureni,village,25.7525041,45.0434469
642,Cocorăștii Caplii,cocorastii caplii,village,25.7590623,45.0691483
642,Filipeștii de Pădure,filipestii de padure,village,25.7431335,44.9981367
642,Dărmănești,darmanesti,village,25.7668241,44.9169617
642,Strejnicu,strejnicu,village,25.9568623,44.9170957
642,Stoenești,stoenesti,village,25.8574,44.9235694
642,Miroslăvești,miroslavesti,village,26.0858081,44.8028493
642,Puchenii Moșneni,puchenii mosneni,village,26.0849627,44.8114931
642,Fânari,fanari,village,26.0853512,44.7888635
642,Palanca,palanca,village,26.1983152,44.8159868
642,Buda,buda,village,26.1829954,44.8245411
642,Găgeni,gageni,village,25.9466805,45.0187902
642,Blejoi,blejoi,village,26.0116284,44.9918512
642,Goruna,goruna,village,25.9351324,45.0874855
642,Valea Călugărească,valea calugareasca,village,26.1500376,44.9612257
642,Valea Popii,valea popii,village,26.1304653,44.9643914
642,Rachieri,rachieri,village,26.1262246,44.9535388
642,Pantazi,pantazi,village,26.1388265,44.9351258
642,Berceni,berceni,village,26.1216989,44.9316038
642,Dârvari,darvari,village,26.1555103,44.9201797
642,Coslegi,coslegi,village,26.1579881,44.9018485
642,Brazii de Jos,brazii de jos,village,26.0226446,44.8500951
642,Brazii de Sus,brazii de sus,village,26.0146552,44.8535583
642,Bătești,batesti,village,26.0429479,44.8454117
642,Zalhanaua,zalhanaua,village,25.8288272,44.9015807
642,Uroi,uroi,village,23.0338351,45.8620103
642,Sântuhalm,santuhalm,village,22.9538981,45.8560776
642,Șoimuș,soimus,village,22.8813625,45.9148335
642,Bejan,bejan,village,22.8534624,45.9348124
642,Fornădia,fornadia,village,22.8498392,45.966537
642,Vălișoara,valisoara,village,22.8331328,46.0459369
642,Hălmagiu,halmagiu,village,22.5957526,46.267795
642,Vârfurile,varfurile,village,22.5249439,46.3058189
642,Ártánd,artand,village,21.7572321,47.1252992
642,Aurel Vlaicu,aurel vlaicu,village,24.8021609,46.1915451
642,Hoghilag,hoghilag,village,24.6173119,46.2284702
642,Târnava,tarnava,village,24.2947138,46.1386005
642,Agârbiciu,agarbiciu,village,24.1912971,46.067983
642,Ruși,rusi,village,24.1642462,45.9615562
642,Slimnic,slimnic,village,24.15411,45.9190573
642,Cristian,cristian,village,24.0282908,45.783709
642,Săcel,sacel,village,23.9378767,45.7823574
642,Apoldu de Sus,apoldu de sus,village,23.8237973,45.8510763
642,Spini,spini,village,23.0888245,45.8335595
642,Vețel,vetel,village,22.7971066,45.9000224
642,Leșnic,lesnic,village,22.7395553,45.9148541
642,Chier,chier,village,21.8248857,46.3419962
642,Mocrea,mocrea,village,21.8225832,46.3853882
642,Sintea Mică,sintea mica,village,21.6029814,46.4129264
642,Olari,olari,village,21.5480967,46.3846777
642,Galtiu,galtiu,village,23.6662411,46.1429717
642,Coșlariu,coslariu,village,23.6882775,46.1578128
642,Crăciunelu de Jos,craciunelu de jos,village,23.8343694,46.1713394
642,Țapu,tapu,village,24.0931521,46.0738296
642,Venchi,venchi,village,24.7430621,46.245523
642,Stăncești,stancesti,village,25.9144892,44.8552446
642,Vlădeni,vladeni,village,25.775329,44.8755595
642,Căldăraru,caldararu,village,26.2611599,44.4131867
642,Tunari,tunari,village,26.1376976,44.5459277
642,Dimieni,dimieni,hamlet,26.135858,44.5885407
642,Mogoșoaia,mogosoaia,village,26.000714,44.5297346
642,Crețuleasca,cretuleasca,village,26.1879833,44.5333252
642,Ștefăneștii de Jos,stefanestii de jos,village,26.2029838,44.5331416
642,Ștefăneștii de Sus,stefanestii de sus,village,26.2058227,44.5390617
642,Gagu,gagu,village,26.2626316,44.6152052
642,Grădiștea,gradistea,village,26.3005774,44.6620848
642,Dascălu,dascalu,village,26.2300943,44.6011625
642,Runcu,runcu,village,26.2061687,44.5851944
642,Moara Vlăsiei,moara vlasiei,village,26.2214326,44.6426657
642,Căciulați,caciulati,village,26.1713887,44.6265893
642,Creața,creata,village,26.2737594,44.5969396
642,Vânători,vanatori,village,26.2940789,44.5920906
642,Surlari,surlari,village,26.3152362,44.5716722
642,Balotești,balotesti,village,26.0871637,44.6183933
642,Sânpaul,sanpaul,village,21.268625,46.2579144
642,Mănăștur,manastur,village,21.1327508,46.0089787
642,Mailat,mailat,village,21.1065294,46.0440737
642,Călacea,calacea,village,21.145834,45.9555691
642,Bărăteaz,barateaz,village,21.0925391,45.9715596
642,Gelu,gelu,village,21.0574029,46.0050422
642,Satu Mare,satu mare,village,20.9574749,46.0669408
642,Munar,munar,village,21.0195315,46.1035336
642,Zădăreni,zadareni,village,21.21901,46.1323129
642,Bodrogu Nou,bodrogu nou,village,21.1979706,46.1281162
642,Călugăreni,calugareni,village,21.1862492,46.1263402
642,Sânpetru German,sanpetru german,village,21.0490557,46.1148631
642,Lețcani,letcani,village,27.4064436,47.1955592
642,Podu Iloaiei,podu iloaiei,town,27.2736609,47.2122329
642,Bârlad,barlad,city,27.66897,46.227535
642,Vaslui,vaslui,city,27.7309515,46.639394
642,Cincu,cincu,village,24.8029659,45.9155675
642,Băile Rodbav,baile rodbav,locality,24.8560631,45.9020873
642,Voila,voila,village,24.8402827,45.8181049
642,Merghindeal,merghindeal,village,24.7259278,45.9650916
642,Dealu Frumos,dealu frumos,village,24.6959561,45.9837435
642,Petrești,petresti,village,26.0665072,44.6011215
642,Corbeanca,corbeanca,village,26.0428078,44.5950133
642,Tamași,tamasi,village,26.0063024,44.583583
642,Ostratu,ostratu,village,26.0142955,44.6059527
642,Cosoba,cosoba,village,25.8155698,44.5235449
642,Joița,joita,village,25.8553472,44.4962973
642,Bâcu,bacu,village,25.8906652,44.4823835
642,Dragomirești-Deal,dragomiresti-deal,village,25.9455625,44.4587541
642,Dragomirești-Vale,dragomiresti-vale,village,25.9367105,44.4748171
642,Zurbaua,zurbaua,village,25.9139468,44.4893367
642,Săbăreni,sabareni,village,25.8785186,44.5075703
642,Ciocănești,ciocanesti,village,25.8696471,44.6029502
642,Crețu,cretu,village,25.827227,44.6256463
642,Urziceanca,urziceanca,village,25.8404024,44.6316096
642,Vizurești,vizuresti,village,25.805595,44.6392497
642,Tărtășești,tartasesti,village,25.8169327,44.5771423
642,Samurcași,samurcasi,village,25.9096467,44.5811267
642,Mânăstirea,manastirea,village,25.9288384,44.5813266
642,Buciumeni,buciumeni,village,25.9657278,44.5467817
642,Gulia,gulia,village,25.8716494,44.5469729
642,Dârza,darza,village,25.9485055,44.6008416
642,Crevedia,crevedia,village,25.9159955,44.5995198
642,Horlești,horlesti,village,27.4612031,47.2581259
642,Loloiasca,loloiasca,village,26.2921431,44.9688999
642,Cherba,cherba,village,26.2909372,44.9964202
642,Rotari,rotari,village,26.2942235,45.0552288
642,Smârdan,smardan,village,27.9456309,45.472415
642,Schela,schela,village,27.8308813,45.5079767
642,Vânători,vanatori,village,28.0154212,45.5299363
642,Cumpărătura,cumparatura,village,26.2738994,47.5707082
642,Bunești,bunesti,village,26.2811631,47.5251882
642,Sânmartin,sanmartin,village,21.9741651,47.0051671
642,Băile Felix,baile felix,village,21.9812623,46.9896227
642,Cihei,cihei,village,21.9528165,46.9990248
642,Haieu,haieu,village,21.99709,46.9937046
642,Goruni,goruni,village,27.7129788,47.1050143
642,Bârnova,barnova,village,27.6211711,47.0819431
642,Biia,biia,village,24.0048948,46.2308176
642,Pănade,panade,village,23.9578693,46.2240292
642,Șona,sona,village,24.0160474,46.2192568
642,Lunca Târnavei,lunca tarnavei,village,23.9843873,46.2180827
642,Fieni,fieni,town,25.4195745,45.130649
642,Apold,apold,village,24.8203591,46.1273761
642,Brădeni,bradeni,village,24.827998,46.0767735
642,Bârghiș,barghis,village,24.535446,45.9833404
642,Alțâna,altana,village,24.4627392,45.9302446
642,Nocrich,nocrich,village,24.4548957,45.8953773
642,Roșu,rosu,village,26.0082163,44.4509417
642,Pașcani,pascani,city,26.7256423,47.2480765
642,Ruginoasa,ruginoasa,village,26.8471856,47.2425943
642,Vitănești,vitanesti,village,25.4178787,44.0115353
642,Vieru,vieru,village,25.8104605,43.8894065
642,Hodivoaia,hodivoaia,village,25.7950934,43.901844
642,Putineiu,putineiu,village,25.7414594,43.9093838
642,Remuș,remus,village,25.9800033,43.943345
642,Frătești,fratesti,village,25.9708688,43.968677
642,Daia,daia,village,25.9913041,43.9882492
642,Tilișca,tilisca,village,23.8456009,45.7986608
642,Rod,rod,village,23.7817659,45.8015474
642,Poiana Sibiului,poiana sibiului,village,23.7304258,45.8088951
642,Jina,jina,village,23.6799637,45.7842265
642,Monor,monor,village,24.6920623,46.9500762
642,Gledin,gledin,village,24.7058712,46.9577002
642,Șieuț,sieut,village,24.6480685,46.9766491
642,Șieu,sieu,village,24.6085494,47.0010728
642,Bârla,barla,village,24.5577411,47.0117553
642,Domnești,domnesti,village,24.4765082,47.0347514
642,Sântioana,santioana,village,24.5647213,47.0066726
642,Măgurele,magurele,village,24.5077512,47.0143855
642,Mărișelu,mariselu,village,24.5080945,47.0119276
642,Cordău,cordau,village,21.975499,46.9659344
642,1 Decembrie,1 decembrie,village,26.0600311,44.2880612
642,Tomești,tomesti,village,27.6986015,47.1313665
642,Cheia,cheia,village,25.9380476,45.4599751
642,Milcovul,milcovul,village,27.2597813,45.6457089
642,Gologanu,gologanu,village,27.2651475,45.6103715
642,Bordeasca Veche,bordeasca veche,village,27.3122413,45.5409502
642,Bordeasca Nouă,bordeasca noua,village,27.2896986,45.5400469
642,Mărtinești,martinesti,village,27.3048691,45.5024155
642,Tătăranu,tataranu,village,27.3228855,45.5140073
642,Berceni,berceni,village,26.1846965,44.3171226
642,Brănești,branesti,village,26.33501,44.4575618
642,Poiana Stampei,poiana stampei,village,25.128992,47.3127203
642,Livezile,livezile,village,24.5730451,47.1810349
642,Bunești,bunesti,village,23.8828919,47.0592601
642,Apahida,apahida,village,23.7546388,46.8021725
642,Copăceni,copaceni,village,26.0791975,44.2718503
642,Vidra,vidra,village,26.1640746,44.2626607
642,Crețești,cretesti,village,26.1363976,44.2769397
642,Dobreni,dobreni,village,26.2153904,44.2535043
642,Paniova,paniova,village,21.792899,45.8447056
642,Valea Dragului,valea dragului,village,26.302972,44.2110514
642,Falaștoaca,falastoaca,village,26.1827754,44.2002681
642,Gostinari,gostinari,village,26.2252401,44.1866062
642,Câmpurelu,campurelu,village,26.182475,44.2323563
642,Colibași,colibasi,village,26.1929968,44.2082663
642,Grădiștea,gradistea,village,26.1595174,44.213161
642,Comana,comana,village,26.1439927,44.1730598
642,Budeni,budeni,village,26.1130434,44.191369
642,Adunații-Copăceni,adunatii-copaceni,village,26.048451,44.2533521
642,Varlaam,varlaam,village,26.0886598,44.2452238
642,Mogoșești,mogosesti,village,26.1110775,44.2381221
642,Pasărea,pasarea,village,26.3328905,44.2793727
642,Frumușani,frumusani,village,26.3211086,44.2976045
642,Orăști,orasti,village,26.2832832,44.3188188
642,Fundeni,fundeni,village,26.3435953,44.3822451
642,Tânganu,tanganu,village,26.3089548,44.4070225
642,Bălăceanca,balaceanca,village,26.289883,44.3931451
642,Poșta,posta,village,26.3104824,44.3785475
642,Glina,glina,village,26.2452347,44.3862009
642,Manolache,manolache,village,26.2468502,44.4046051
642,Găneasa,ganeasa,village,26.2854329,44.4918478
642,Moara Domnească,moara domneasca,village,26.2558492,44.4926393
642,Alunișu,alunisu,village,26.0574838,44.3390364
642,Jilava,jilava,village,26.0810365,44.3360906
642,Măgurele,magurele,town,26.0292694,44.350196
642,Vârteju,varteju,village,25.9893289,44.3563074
642,Cornetu,cornetu,village,25.9424094,44.3433652
642,Dărăști-Vlașca,darasti-vlasca,village,26.0099916,44.2888801
642,Novaci,novaci,village,25.9844848,44.300101
642,Popești,popesti,village,25.9617397,44.3042472
642,Stâlpu,stalpu,village,25.8508594,44.2679682
642,Crânguri,cranguri,village,25.9790775,44.2074863
642,Brăniștari,branistari,village,26.0565924,44.1776949
642,Călugăreni,calugareni,village,26.001386,44.1861172
642,Singureni,singureni,village,25.9430374,44.2333143
642,Stejaru,stejaru,village,25.9305354,44.2496228
642,Iepurești,iepuresti,village,25.8836426,44.2583272
642,Chirculești,chirculesti,village,25.920568,44.2640273
642,Valea Plopilor,valea plopilor,village,25.8172852,44.2384962
642,Bulbucata,bulbucata,village,25.812051,44.2811086
642,Teișori,teisori,village,25.8120855,44.2942435
642,Coteni,coteni,village,25.8312172,44.3097413
642,Drăgănescu,draganescu,village,25.8850841,44.3427041
642,Poșta,posta,village,25.8739768,44.3532952
642,Buturugeni,buturugeni,village,25.8361692,44.3664136
642,Zorile,zorile,village,25.8031691,44.3782695
642,Grădinari,gradinari,village,25.8167533,44.3934522
642,Țegheș,teghes,village,25.8690926,44.3807156
642,Ordoreanu,ordoreanu,village,25.8934354,44.3638672
642,Clinceni,clinceni,village,25.9412002,44.3786841
642,Domnești,domnesti,village,25.917323,44.399222
642,Mihai Vodă,mihai voda,village,25.8153611,44.4440952
642,Ciorogârla,ciorogarla,village,25.8849934,44.443014
642,Bolintin-Deal,bolintin-deal,village,25.8244599,44.4527006
642,Buftea,buftea,town,25.9498918,44.5598204
642,Butimanu,butimanu,village,25.8959916,44.6928675
642,Lucianca,lucianca,village,25.8945684,44.6743699
642,Ungureni,ungureni,village,25.9126014,44.6773056
642,Niculești,niculesti,village,25.9455432,44.6862584
642,Bujoreanca,bujoreanca,village,25.890706,44.7305867
642,Cătunu,catunu,village,25.8851983,44.7432007
642,Hodărăști,hodarasti,village,25.892105,44.7498581
642,Cornești,cornesti,village,25.8776935,44.7846615
642,Cheșnoiu,chesnoiu,village,25.8821278,44.8397821
642,Cocorăștii Colț,cocorastii colt,village,25.8991062,44.8340304
642,Zahanaua,zahanaua,village,25.9349356,44.8722472
642,Chiajna,chiajna,village,25.9778979,44.4588774
642,Șanovița,sanovita,village,21.7252329,45.7998977
642,Teregova,teregova,village,22.2853,45.1485881
642,Dancu,dancu,suburb,27.6616917,47.1532036
642,Holboca,holboca,village,27.6863313,47.1548208
642,Vlădiceni,vladiceni,village,27.6595329,47.1320569
642,Valea Lungă,valea lunga,village,27.6471038,47.1864379
642,Mihălceni,mihalceni,village,27.3037959,45.4436617
642,Bălești,balesti,village,27.2330801,45.4403448
642,Voluntari,voluntari,town,26.1772794,44.4902779
642,Dobroești,dobroesti,village,26.1825083,44.4508386
642,Chichiș,chichis,village,25.8003306,45.7752316
642,Dărăști-Ilfov,darasti-ilfov,village,26.0181091,44.3097082
642,Corbu,corbu,village,28.6576764,44.4089434
642,Săcele,sacele,village,28.6429366,44.4872476
642,Istria,istria,village,28.7094998,44.5719392
642,Cazasu,cazasu,village,27.8863728,45.2703697
642,Tudor Vladimirescu,tudor vladimirescu,village,27.8048582,45.234903
642,Lacu Sărat,lacu sarat,village,27.8891297,45.2166848
642,Chiscani,chiscani,village,27.9303113,45.1807352
642,Albina,albina,village,27.8690625,45.166994
642,Mărtăcești,martacesti,village,27.8353624,45.2803011
642,Muchea,muchea,village,27.8228998,45.3358423
642,Pietroiu,pietroiu,village,27.8808784,45.319803
642,Vădeni,vadeni,village,27.9416036,45.3757818
642,Tulucești,tulucesti,village,28.0476673,45.5665729
642,Odaia Manolache,odaia manolache,village,27.9871253,45.5502763
642,Cișmele,cismele,village,27.927676,45.5146927
642,Mihail Kogălniceanu,mihail kogalniceanu,village,27.927676,45.5058208
642,Cotu Mihalea,cotu mihalea,village,27.8390386,45.3968156
642,Cotu Lung,cotu lung,village,27.8227308,45.3885279
642,Vadu Oii,vadu oii,village,27.8862026,44.7398067
642,Saraiu,saraiu,village,28.1559728,44.7194168
642,Topolog,topolog,village,28.3742571,44.874463
642,Telciu,telciu,village,24.396925,47.4306056
642,Bichigiu,bichigiu,village,24.3393095,47.4232323
642,Moisei,moisei,village,24.5489936,47.6542533
642,Suplai,suplai,village,24.2573899,47.4381683
642,Borleasa,borleasa,village,24.174455,47.3439767
642,Agrieș,agries,village,24.1332029,47.4002048
642,Molișet,moliset,village,24.1290987,47.4398267
642,Târlișua,tarlisua,village,24.1741082,47.3838923
642,Breaza,breaza,village,24.0604473,47.3510487
642,Lunca Săteasca,lunca sateasca,village,24.1765782,47.412145
642,Șendroaia,sendroaia,village,24.1788502,47.4404448
642,Alunișul,alunisul,village,24.2778077,47.3917792
642,Telcișor,telcisor,village,24.4296533,47.4482287
642,Valea Vișeului,valea viseului,village,24.1531512,47.9143798
642,Rona de Sus,rona de sus,village,24.0378525,47.8983343
642,Bogdan Vodă,bogdan voda,village,24.2668828,47.691691
642,Botiza,botiza,village,24.1515173,47.6685184
642,Vișeu de Jos,viseu de jos,village,24.3657085,47.7244216
642,Petrova,petrova,village,24.2025295,47.8370327
642,Leordina,leordina,village,24.2472878,47.7894862
642,Ruscova,ruscova,village,24.2808071,47.7882691
642,Bocicoel,bocicoel,village,24.3199458,47.6978837
642,Șieu,sieu,village,24.2255319,47.7230642
642,Ieud,ieud,village,24.23463,47.6770834
642,Dragomirești,dragomiresti,town,24.2917932,47.6665644
642,Strâmtura,stramtura,village,24.1357529,47.7743118
642,Bârsana,barsana,village,24.0576893,47.8168624
642,Bistra,bistra,village,24.1913715,47.8650251
642,Glod,glod,village,24.0832249,47.7271182
642,Slătioara,slatioara,village,24.0897995,47.7518632
642,Podu Dâmboviței,podu dambovitei,village,25.2003748,45.4078557
642,Dâmbovicioara,dambovicioara,village,25.232989,45.4377707
642,Lunca la Tisa,lunca la tisa,village,24.0488783,47.9521203
642,Jabăr,jabar,village,21.8008781,45.7154229
642,Remetea-Pogănici,remetea-poganici,village,21.8752899,45.509944
642,Pechea,pechea,village,27.7958074,45.6240574
642,Cuza Vodă,cuza voda,village,27.7885764,45.5951518
642,Slobozia Conachi,slobozia conachi,village,27.7697781,45.5842851
642,Izvoarele,izvoarele,village,27.7688288,45.5543042
642,Costache Negri,costache negri,village,27.7174617,45.702779
642,Cudalbi,cudalbi,village,27.6866006,45.7723502
642,Bălata,balata,village,22.9291233,45.9181589
642,Bârsău,barsau,village,22.9585291,45.9278145
642,Certeju de Sus,certeju de sus,village,22.9698069,45.9725585
642,Hășdat,hasdat,village,22.9217342,45.7344608
642,Nădăștia de Sus,nadastia de sus,village,22.9356131,45.7117681
642,Mănerău,manerau,village,22.8832269,45.7885986
642,Pestișu Mic,pestisu mic,village,22.8868909,45.7980992
642,Josani,josani,village,22.8552737,45.800378
642,Peștișu Mare,pestisu mare,village,22.9270291,45.8030338
642,Teliucu Inferior,teliucu inferior,village,22.8881042,45.7152595
642,Silvașu de Jos,silvasu de jos,village,22.9259493,45.6527699
642,Silvașu de Sus,silvasu de sus,village,22.8835223,45.6467648
642,Boș,bos,village,22.8374152,45.7520158
642,Govăjdia,govajdia,village,22.7951462,45.7400851
642,Nădăștia de Jos,nadastia de jos,village,22.9591524,45.7207296
642,Ocolișu Mare,ocolisu mare,village,22.9417282,45.6880112
642,Măceu,maceu,village,22.9796648,45.6700668
642,Valea Nandrului,valea nandrului,village,22.8366625,45.7969722
642,Almașu Mic,almasu mic,village,22.8931195,45.8182975
642,Archia,archia,village,22.8992363,45.8438834
642,Bretelin,bretelin,village,22.8177894,45.8802474
642,Almașu Sec,almasu sec,village,22.8634392,45.8482829
642,Banpotoc,banpotoc,village,23.0112659,45.8958862
642,Ruși,rusi,village,22.9916393,45.6958551
642,Bretea Română,bretea romana,village,23.0163471,45.6605272
642,Vâlcelele Bune,valcelele bune,village,23.0548593,45.6519202
642,Strei,strei,village,22.9936308,45.7145928
642,Bretea Streiului,bretea streiului,village,22.9994915,45.6573463
642,Cristur,cristur,village,22.943124,45.8257201
642,Sântandrei,santandrei,village,22.9669885,45.8466166
642,Săulești,saulesti,village,22.9893864,45.8645041
642,Băcia,bacia,village,23.0062276,45.8025818
642,Tâmpa,tampa,village,23.0112906,45.821469
642,Petreni,petreni,village,23.0209986,45.7904024
642,Șard,sard,village,23.532457,46.122287
642,Dudeștii Noi,dudestii noi,village,21.1008121,45.8398182
642,Voinești,voinesti,village,27.4320014,47.0772394
642,Vocotești,vocotesti,village,27.4644475,47.0818628
642,Gârda de Sus,garda de sus,village,22.8285529,46.4554349
642,Nucet,nucet,town,22.558775,46.4869117
642,Băița,baita,village,22.580562,46.4818397
642,Băița-Plai,baita-plai,village,22.62252,46.484035
642,Bubești,bubesti,village,22.70384,46.50556
642,Stațiunea Vârtop,statiunea vartop,suburb,22.6745748,46.5147648
642,Izlaz,izlaz,village,22.7255714,46.4814513
642,Ciurbești,ciurbesti,village,27.5254978,47.0962714
642,Dancaș,dancas,village,27.5237362,47.1084278
642,Cornești,cornesti,village,27.5131993,47.1067552
642,Proselnici,proselnici,village,27.4934583,47.1087414
642,Avrămești,avramesti,village,22.7389103,46.4767353
642,Cobleș,cobles,village,22.7361852,46.4939083
642,Sturu,sturu,village,22.7883885,46.4663084
642,Dealu Bajului,dealu bajului,village,22.7783891,46.4570555
642,Roșia Montană,rosia montana,village,23.1309849,46.3062526
642,Gusu,gusu,village,23.9019509,45.941692
642,Ludoș,ludos,village,23.9006312,45.9264401
642,Alămor,alamor,village,24.0024118,45.9288625
642,Mândra,mandra,village,24.0716105,45.9265942
642,Loamneș,loamnes,village,24.0847832,45.9445317
642,Brătuleni,bratuleni,village,27.4577457,47.1645384
642,Vorovești,vorovesti,village,27.4607808,47.1403756
642,Uricani,uricani,village,27.4861112,47.156943
642,Găureni,gaureni,village,27.5050516,47.1530777
642,Miroslava,miroslava,village,27.5265796,47.1454651
642,Balciu,balciu,village,27.5276942,47.1392242
642,Valea Ursului,valea ursului,village,27.490255,47.135553
642,Soceni,soceni,village,21.9406505,45.3766046
642,Carașova,carasova,village,21.8635897,45.1983251
642,Unirea,unirea,village,23.811558,46.4021876
642,Valea Lupului,valea lupului,village,27.5021393,47.1773857
642,Bozovici,bozovici,village,22.0003785,44.9298438
642,Ghețari,ghetari,village,22.8156952,46.490659
642,Cheia,cheia,village,23.7096356,46.541535
642,Cornești,cornesti,village,23.692212,46.5238506
642,Petreștii de Jos,petrestii de jos,village,23.6521419,46.580233
642,Săndulești,sandulesti,village,23.7275942,46.5813691
642,Copăceni,copaceni,village,23.7382093,46.5960573
642,Oinacu,oinacu,village,26.0152735,43.9564917
642,Braniștea,branistea,village,26.0368679,43.9662674
642,Gostinu,gostinu,village,26.1190921,43.9985209
642,Micești,micesti,village,23.6168121,46.6501974
642,Mărginenii de Jos,marginenii de jos,village,25.7578064,44.9566556
642,Petreștii de Sus,petrestii de sus,village,23.6438228,46.5478788
642,Petreștii de Mijloc,petrestii de mijloc,village,23.6530066,46.5654669
642,Buru,buru,village,23.6006667,46.5052013
642,Surduc,surduc,village,23.5460541,46.5405166
642,Livezile,livezile,village,23.633991,46.3490358
642,Aiudul de Sus,aiudul de sus,village,23.6846067,46.3218991
642,Măgina,magina,village,23.6545391,46.341599
642,Poiana Aiudului,poiana aiudului,village,23.6030655,46.3651854
642,Rimetea,rimetea,village,23.5676421,46.4531027
642,Colțești,coltesti,village,23.5597917,46.4214978
642,Vălișoara,valisoara,village,23.5625669,46.3884675
642,Tăutești,tautesti,village,27.4652199,47.2334383
642,Breazu,breazu,village,27.5169485,47.2166313
642,Rediu,rediu,village,27.5051346,47.2135421
642,Șemlacu Mare,semlacu mare,village,21.4406455,45.3600406
642,Șemlacu Mic,semlacu mic,village,21.4117635,45.3490558
642,Butin,butin,village,21.3836539,45.3400145
642,Sacoșu Mare,sacosu mare,village,21.7297232,45.5844254
642,Ciochiuța,ciochiuta,village,23.1222577,44.6048177
642,Gurba,gurba,village,21.7878664,46.4675644
642,Cermei,cermei,village,21.8456523,46.5483172
642,Șomoșcheș,somosches,village,21.8452115,46.5725826
642,Berechiu,berechiu,village,21.8436406,46.6367676
642,Talpoș,talpos,village,21.7986185,46.6924657
642,Batăr,batar,village,21.8049646,46.7070372
642,Arpășel,arpasel,village,21.7226465,46.7410853
642,Tulca,tulca,village,21.7732556,46.7880302
642,Prunișor,prunisor,village,22.9160879,44.6083537
642,Cârcea,carcea,village,23.8984346,44.2686875
642,Cristian,cristian,village,25.4793004,45.6259075
642,Tohanu Nou,tohanu nou,village,25.3845258,45.5524283
642,Bran,bran,village,25.3715671,45.5163293
642,Șimon,simon,village,25.3551349,45.4945781
642,Fundata,fundata,village,25.2749067,45.43662
642,Cheia,cheia,village,25.3061786,45.4634841
642,Smârdioasa,smardioasa,village,25.4352407,43.8495156
642,Secuieni,secuieni,village,24.9721139,46.2613051
642,Bodogaia,bodogaia,village,24.9965649,46.2744401
642,Filiaș,filias,village,25.020797,46.2703676
642,Avrămești,avramesti,village,25.010669,46.3390298
642,Porumbenii Mici,porumbenii mici,village,25.1023452,46.2723182
642,Porumbenii Mari,porumbenii mari,village,25.1327143,46.273921
642,Lutița,lutita,village,25.185077,46.244968
642,Dejuțiu,dejutiu,village,25.1767514,46.2550613
642,Mugeni,mugeni,village,25.220443,46.2572461
642,Tăureni,taureni,village,25.259063,46.2672823
642,Beclean,beclean,suburb,25.320979,46.3236415
642,Satu Mare,satu mare,village,25.3838472,46.3413963
642,Căpâlnița,capalnita,village,25.5112654,46.3568689
642,Moinești,moinesti,city,26.4902543,46.4744981
642,Comănești,comanesti,town,26.438008,46.4216579
642,Mărgineni,margineni,village,26.8419561,46.5909653
642,Trebeș,trebes,village,26.8332715,46.5951328
642,Barați,barati,village,26.8615957,46.5805042
642,Traian,traian,village,27.034802,46.6265003
642,Letea Veche,letea veche,village,26.9469328,46.5552635
642,Feldru,feldru,village,24.5973617,47.2775323
642,Lăpușnic,lapusnic,village,22.6187027,45.9117205
642,Ciceu,ciceu,village,25.7805605,46.411959
642,Siculeni,siculeni,village,25.7590211,46.4360992
642,Mădăraș,madaras,village,25.7485011,46.493692
642,Abucea,abucea,village,22.5409731,45.9057538
642,Tomești,tomesti,village,25.7843973,46.5573531
642,Cârța,carta,village,25.7590447,46.5330697
642,Ineu,ineu,village,25.7617965,46.543931
642,Dănești,danesti,village,25.7570673,46.5165148
642,Bujoru,bujoru,village,25.5625561,43.710216
642,Firiza,firiza,village,23.6049493,47.7488918
642,Valea Neagră,valea neagra,village,23.6210855,47.7663175
642,Blidari,blidari,village,23.613704,47.7797003
642,Remeți,remeti,village,23.6430563,47.9905949
642,Săpânța,sapanta,village,23.6984179,47.9719454
642,Câmpulung la Tisa,campulung la tisa,village,23.7692291,47.9873817
642,Sarasău,sarasau,village,23.825534,47.9560066
642,Horpaz,horpaz,village,27.5480045,47.1050728
642,Lunca,lunca,village,24.5759183,46.8492554
642,Teaca,teaca,village,24.5064244,46.910552
642,Viile Tecii,viile tecii,village,24.4632313,46.9450209
642,Dipșa,dipsa,village,24.4389744,46.9623751
642,Galații Bistriței,galatii bistritei,village,24.4183665,46.9925984
642,Herina,herina,village,24.4144269,47.0203355
642,Sărățel,saratel,village,24.4116716,47.0523975
642,Lechința,lechinta,village,24.3294551,47.0202198
642,Valea Crișului,valea crisului,village,25.7792124,45.9167854
642,Arcuș,arcus,village,25.7745954,45.9012139
642,Ghidfalău,ghidfalau,village,25.8432127,45.9043159
642,Calnic,calnic,village,25.7924708,45.9301014
642,Bodoc,bodoc,village,25.8549322,45.9563354
642,Olteni,olteni,village,25.8479909,45.9767328
642,Malnaș,malnas,village,25.8411466,46.0077424
642,Malnaș-Băi,malnas-bai,village,25.8230631,46.0327729
642,Micfalău,micfalau,village,25.8346653,46.0502773
642,Bixad,bixad,village,25.860572,46.101647
642,Băile Tușnad,baile tusnad,town,25.8587996,46.1440473
642,Tușnadu Nou,tusnadu nou,village,25.8942684,46.1932433
642,Tușnad,tusnad,village,25.9154125,46.2047404
642,Cozmeni,cozmeni,village,25.941072,46.2264807
642,Ciucani,ciucani,village,25.9414034,46.2588956
642,Sânmartin,sanmartin,village,25.9375013,46.2656811
642,Sâncrăieni,sancraieni,village,25.8387483,46.312374
642,Jigodin,jigodin,suburb,25.808095,46.340709
642,Reci,reci,village,25.9293732,45.8402647
642,Țufalău,tufalau,village,26.0264558,45.8349703
642,Brateș,brates,village,26.0703673,45.8357859
642,Hărman,harman,village,25.6858096,45.7139567
642,Hodoni,hodoni,village,21.0862826,45.9073982
642,Carani,carani,village,21.1607835,45.9093093
642,Cornești,cornesti,village,21.224985,45.9128924
642,Cerneteaz,cerneteaz,village,21.2648103,45.8442951
642,Murani,murani,village,21.3042924,45.9231626
642,Cheglevici,cheglevici,village,20.4491044,46.1113529
642,Cherestur,cherestur,village,20.3824998,46.1249179
642,Buzduganii de Jos,buzduganii de jos,village,27.8257825,47.1421278
642,Frăsinești,frasinesti,village,28.0048492,47.0359526
642,Podele,podele,village,22.7886888,46.0706492
642,Luncoiu de Sus,luncoiu de sus,village,22.8102538,46.0682383
642,Semeni,semeni,village,27.7547618,47.2707311
642,Gogoșari,gogosari,village,25.7060971,43.8585951
642,Drăghiceanu,draghiceanu,village,25.6771963,43.8649703
642,Izvoru,izvoru,village,25.6639429,43.8835466
642,Piatra,piatra,village,22.5723561,45.8058038
642,Stănești,stanesti,village,25.8367465,43.9230666
642,Brădățel,bradatel,village,22.5333165,45.9833288
642,Runcșor,runcsor,village,22.5665367,45.9909777
642,Gothatea,gothatea,village,22.6080386,45.9443885
642,Ulieș,ulies,village,22.6222303,45.9621531
642,Cuieș,cuies,village,22.6401904,45.9580801
642,Bacea,bacea,village,22.6678557,45.9604274
642,Valea Lungă,valea lunga,village,22.6833243,45.9833188
642,Bretea Mureșană,bretea muresana,village,22.7104937,45.937633
642,Boz,boz,village,22.7549832,45.9475796
642,Sulighete,sulighete,village,22.8049532,45.9767854
642,Rovina,rovina,village,22.7916443,45.9253687
642,Căinelu de Jos,cainelu de jos,village,22.831588,45.9501628
642,Lunca,lunca,village,22.8699709,45.9738802
642,Chișcădaga,chiscadaga,village,22.8793348,45.9565318
642,Păuliș,paulis,village,22.8806756,45.9412153
642,Grind,grind,village,22.5022646,45.9128677
642,Stretea,stretea,village,22.5830762,45.9330898
642,Săcămaș,sacamas,village,22.6721262,45.9224552
642,Herepeia,herepeia,village,22.8186435,45.898123
642,Cozia,cozia,village,22.8413705,45.8678361
642,Căoi,caoi,village,22.7985052,45.8662781
642,Dumbrăvița,dumbravita,village,22.7015229,45.8869295
642,Rădulești,radulesti,village,22.6249298,45.8816989
642,Bujoru,bujoru,village,22.6154397,45.874698
642,Făgețel,fagetel,village,22.590211,45.8791479
642,Măgura,magura,village,26.5772516,45.2788301
642,Brănești,branesti,village,25.416613,45.0385688
642,Glodeni,glodeni,village,25.4654456,45.0190648
642,Doicești,doicesti,village,25.3996873,44.9959656
642,Săteni,sateni,village,25.4174703,44.9719516
642,Teiș,teis,village,25.4028582,44.9635066
642,Aninoasa,aninoasa,village,25.4354695,44.972347
642,Viforâta,viforata,village,25.4560903,44.9603073
642,Priboiu,priboiu,village,25.4238218,45.0280305
642,Lăculețe,laculete,village,25.4342542,45.0198387
642,Pecinișca,pecinisca,village,22.4055797,44.8627912
642,Ursoaia,ursoaia,village,27.3856229,47.2727258
642,Bogonos,bogonos,village,27.4335077,47.2092448
642,Cogeasca,cogeasca,village,27.3904271,47.1647282
642,Uriu,uriu,village,24.0623089,47.2021386
642,Cristeștii Ciceului,cristestii ciceului,village,24.093562,47.1941613
642,Coldău,coldau,village,24.1335334,47.1819935
642,Ciceu-Mihăiești,ciceu-mihaiesti,village,23.972257,47.188783
642,Lungani,lungani,village,27.4005637,47.0940767
642,Cucuteni,cucuteni,village,27.421412,47.150219
642,Scoposeni,scoposeni,village,27.4122453,47.1340593
642,Bogdănești,bogdanesti,village,27.4349657,47.1157512
642,Schitu Stavnic,schitu stavnic,village,27.3909258,47.0685667
642,Horlești,horlesti,village,27.380044,47.107717
642,Șintereag,sintereag,village,24.2885825,47.1805647
642,Șieu-Sfântu,sieu-sfantu,village,24.3069503,47.1453458
642,Șieu-Odorhei,sieu-odorhei,village,24.2912862,47.1529344
642,Podirei,podirei,village,24.3339818,47.1178355
642,Șieu-Măgheruș,sieu-magherus,village,24.3731686,47.0920794
642,Cociu,cociu,village,24.2305222,47.1966924
642,Viișoara,viisoara,village,24.4477178,47.1024977
642,Sărata,sarata,village,24.4374037,47.0763217
642,Dorolea,dorolea,village,24.6345871,47.1735544
642,Cușma,cusma,village,24.7061712,47.1296484
642,Unguriu,unguriu,village,26.6236877,45.2787785
642,Sătuc,satuc,village,26.6705279,45.2792608
642,Berca,berca,village,26.6809742,45.2873392
642,Vernești,vernesti,village,26.7286994,45.2058835
642,Cândești,candesti,village,26.704626,45.249177
642,Săpoca,sapoca,village,26.7492581,45.2399913
642,Viperești,viperesti,village,26.4634118,45.2276934
642,Cislău,cislau,village,26.376255,45.2454788
642,Pătârlagele,patarlagele,town,26.36052,45.3206752
642,Nehoiu,nehoiu,town,26.3034818,45.41828
642,Mărăcineni,maracineni,village,26.8246376,45.1768567
642,Petrești (localitate-stație de cale ferată),petresti,village,27.7432913,47.2890903
642,Blindești,blindesti,village,27.6713785,47.3129217
642,Gherman,gherman,village,27.6046158,47.3605972
642,Seleuș,seleus,village,21.7087907,46.3843085
642,Șicula,sicula,village,21.7591607,46.4355444
642,Stoenești,stoenesti,village,24.4972072,44.1186384
642,Pârteștii de Sus,partestii de sus,village,25.9166757,47.6466641
642,Solca,solca,town,25.8373688,47.699949
642,Clit,clit,village,25.8495567,47.7575668
642,Marginea,marginea,village,25.8216924,47.8089566
642,Rădăuți,radauti,city,25.9181822,47.8461055
642,Milișăuți,milisauti,town,25.9943356,47.7906322
642,Dornești,dornesti,village,26.001883,47.8710578
642,Siret,siret,town,26.0692763,47.9516479
642,Putna,putna,village,25.6126786,47.8709159
642,Șoșdea,sosdea,village,21.5190871,45.454568
642,Berini,berini,village,21.4288853,45.5824545
642,Otvești,otvesti,village,21.4342068,45.6199265
642,Stamora Română,stamora romana,village,21.3995312,45.6088796
642,Urseni,urseni,village,21.3085058,45.693154
642,Șuștra,sustra,village,21.5817731,45.7868242
642,Petrovaselo,petrovaselo,village,21.5813439,45.8169143
642,Geoagiu-Băi,geoagiu-bai,village,23.1640153,45.9374986
642,Brașov,brasov,city,25.6105654,45.6525105
642,Blăjenii de Jos,blajenii de jos,village,24.3508929,47.1667385
642,Sigmir,sigmir,village,24.4256736,47.134139
642,Blăjenii de Sus,blajenii de sus,village,24.3926065,47.1625369
642,Nandru,nandru,village,22.825719,45.8033076
642,Popești,popesti,village,22.8471821,45.8265096
642,Izvoru,izvoru,village,26.5933167,45.1925833
642,Mierea,mierea,village,26.656667,45.2180002
642,Cârlomănești,carlomanesti,village,26.6791016,45.224842
642,Nișcov,niscov,village,26.692039,45.21736
642,Arcalia,arcalia,village,24.3558259,47.0871919
642,Braniștea,branistea,village,24.0661497,47.1720256
642,Măluț,malut,village,24.1019952,47.169379
642,Ardusat,ardusat,village,23.3622815,47.6498727
642,Borlești,borlesti,village,23.3293225,47.6806242
642,Pomi,pomi,village,23.3055474,47.6983039
642,Mogoșești,mogosesti,village,23.4036519,47.5868102
642,Hideaga,hideaga,village,23.4220196,47.5913254
642,Colțirea,coltirea,village,23.4051968,47.6099612
642,Crișcior,criscior,village,22.861717,46.1224423
642,Găujani,gaujani,village,25.711156,43.7391001
642,Pietrișu,pietrisu,village,25.6732274,43.7258776
642,Pietroșani,pietrosani,village,25.6493579,43.7130493
642,Poșoloaca,posoloaca,village,22.2416674,47.0611943
642,Săcădat,sacadat,village,22.134894,47.0441185
642,Telechiu,telechiu,village,22.2746334,47.0542907
642,Chistag,chistag,village,22.3489627,47.0411902
642,Agrișteu,agristeu,village,24.6837959,46.3917278
642,Orăștioara de Sus,orastioara de sus,village,23.1712837,45.7284245
642,Jacodu,jacodu,village,24.8305605,46.3278151
642,Comasca,comasca,hamlet,26.0487122,43.9505218
642,Bratca,bratca,village,22.6027569,46.9284724
642,Bălnaca,balnaca,village,22.5693433,46.9421471
642,Șuncuiuș,suncuius,village,22.5357405,46.9457577
642,Beznea,beznea,village,22.6175672,46.9586168
642,Biniș,binis,village,21.6887248,45.3366427
642,Surducu Mare,surducu mare,village,21.5868645,45.2654807
642,Ormindea,ormindea,village,22.853165,46.0560422
642,Tincova,tincova,village,22.1432121,45.5772614
642,Chilia Veche,chilia veche,village,29.2891938,45.4141658
642,Cataloi,cataloi,village,28.7315236,45.0950775
642,Nalbant,nalbant,village,28.6161725,45.0478016
642,Nicolae Bălcescu,nicolae balcescu,village,28.5869895,44.9958961
642,Ciucurova,ciucurova,village,28.4808223,44.9150999
642,Mihail Kogălniceanu,mihail kogalniceanu,village,28.7366035,45.0393221
642,Babadag,babadag,town,28.7211038,44.8929054
642,Ilva Mică,ilva mica,village,24.6504841,47.3128311
642,Cruceni,cruceni,village,21.3359293,46.0691272
642,Firiteaz,firiteaz,village,21.3729187,46.0193865
642,Cârlig,carlig,village,27.5588647,47.2107262
642,Vulturi,vulturi,village,27.5359788,47.2474121
642,Șorogari,sorogari,village,27.5846067,47.2049797
642,Cuza Vodă,cuza voda,village,27.5710406,47.2359793
642,Dumbrava,dumbrava,village,26.1885653,44.8745328
642,Drăgănești,draganesti,village,26.2876651,44.8280077
642,Cornu de Jos,cornu de jos,village,26.2695315,44.8437137
642,Valea Strâmbă,valea stramba,village,25.5950552,46.6926478
642,Chileni,chileni,village,25.5693376,46.6812666
642,Suseni,suseni,village,25.5571542,46.6595518
642,Brădești,bradesti,village,25.3423371,46.3419884
642,Târnovița,tarnovita,village,25.3594004,46.3713555
642,Zetea,zetea,village,25.3658806,46.388268
642,Sub Cetate,sub cetate,village,25.3921877,46.4442677
642,Șicasău,sicasau,village,25.4657406,46.5150729
642,Liban,liban,village,25.4965971,46.537333
642,Vețca,vetca,village,24.7903996,46.3516792
642,Frumoasa,frumoasa,village,26.5326894,46.66554
642,Tărâța,tarata,village,26.6209234,46.5693267
642,Pârjol,parjol,village,26.6101988,46.5909004
642,Ludași,ludasi,village,26.579965,46.6202667
642,Tazlău,tazlau,village,26.4798123,46.7170239
642,Balcani,balcani,village,26.5641035,46.6492806
642,Ruseni,ruseni,village,26.5396025,46.7972491
642,Chintinici,chintinici,village,26.4940656,46.8283344
642,Roznov,roznov,town,26.5093542,46.8388861
642,Sintești,sintesti,village,26.1097761,44.3139069
642,Vad,vad,village,25.1484637,45.7933778
642,Gyulavári,gyulavari,suburb,21.3354522,46.6420404
642,Miercurea Nirajului,miercurea nirajului,town,24.7998377,46.5343008
642,Păsăreni,pasareni,village,24.6978041,46.4918826
642,Sânvăsii,sanvasii,village,24.7400259,46.4957335
642,Gălești,galesti,village,24.750457,46.5100921
642,Tâmpa,tampa,village,24.7663459,46.5301915
642,Sânișor,sanisor,village,24.7007039,46.5501729
642,Livezeni,livezeni,village,24.6333736,46.5505261
642,Lunca Cetățuii,lunca cetatuii,village,27.5661831,47.0931312
642,Cercu,cercu,village,27.6089776,47.0819389
642,Onești,onesti,city,26.770213,46.2520269
642,Scorțeni,scorteni,village,25.8493788,45.0929117
642,Mislea,mislea,village,25.8241913,45.0945242
642,Bordeni,bordeni,suburb,25.8662119,45.0850013
642,Popeni,popeni,village,26.9383854,46.1759052
642,Pângărați,pangarati,village,26.2083146,46.9293948
642,Mihai Viteazu,mihai viteazu,village,28.6744256,44.646064
642,Sinoe,sinoe,village,28.7302796,44.6287063
642,Tufeni,tufeni,village,25.8353414,45.0584338
642,Liliești,liliesti,village,25.8928678,45.0343911
642,Țintea,tintea,village,25.9065792,45.032359
642,Țipărești,tiparesti,village,25.9543371,45.0835163
642,Ново село,novo selo,village,22.7839149,44.1621209
642,Черковица,cherkovitsa,village,24.8357982,43.7022405
642,Ветрен,vetren,village,27.0327,44.12717
642,Цар Симеоново,tsar simeonovo,village,22.842355,43.8531269
642,Долни Вадин,dolni vadin,village,24.27354,43.6893
642,Горни Вадин,gorni vadin,village,24.23921,43.68278
642,Sânmihaiu German,sanmihaiu german,village,21.0325618,45.7114945
642,Bobda,bobda,village,20.9425698,45.7349086
642,Băcești,bacesti,village,27.2473565,46.8246777
642,Supuru de Jos,supuru de jos,village,22.7939919,47.4658877
642,Moțca,motca,village,26.6070446,47.2426065
642,Ghimpați,ghimpati,village,25.7755171,44.190315
642,Telega,telega,village,25.7889926,45.1392044
642,Cățelu,catelu,village,26.2181111,44.4029218
642,Dumitrana,dumitrana,village,25.9972923,44.323334
642,Pruni,pruni,village,25.9888891,44.3291753
642,Dârvari,darvari,village,25.8774913,44.4228772
642,Leș,les,village,21.8358338,46.9658596
642,Miersig,miersig,village,21.8419959,46.8862044
642,Tinca,tinca,village,21.931724,46.7748171
642,Belfir,belfir,village,21.9414515,46.7378369
642,Podu Turcului,podu turcului,village,27.3873659,46.2020269
642,Nisipurile,nisipurile,village,25.5349329,44.9112494
642,Matraca,matraca,village,25.51034,44.8961618
642,Pogănești,poganesti,village,28.2332292,46.6929642
642,Clopotiva,clopotiva,village,22.8218979,45.4957373
642,Țipari,tipari,village,21.851259,45.762763
642,Păru,paru,village,21.8475914,45.7769761
642,Bodo,bodo,village,21.8851566,45.8161583
642,Cutina,cutina,village,21.9269616,45.8275136
642,Răchita,rachita,village,22.1043225,45.8380586
642,Mănăștiur,manastiur,village,22.0652992,45.8326335
642,Cladova,cladova,village,21.970392,45.8662561
642,Colonia Mică,colonia mica,village,22.1891122,45.8358502
642,Drăgsinești,dragsinesti,village,22.1990663,45.7688805
642,Gladna Montană,gladna montana,village,22.2007615,45.7457551
642,Tapia,tapia,village,21.970392,45.6799501
642,Măguri,maguri,village,22.000776,45.6611173
642,Herendești,herendesti,village,21.8526649,45.6490284
642,Petroasa Mare,petroasa mare,village,21.8473108,45.6174296
642,Cuied,cuied,village,22.0216582,46.3383222
642,Ciolpani,ciolpani,village,26.1052156,44.7253907
642,Lupăria,luparia,village,26.110842,44.7445323
642,Siliștea Snagovului,silistea snagovului,village,26.1782824,44.7399345
642,Izvorani,izvorani,village,26.1197252,44.6935595
642,Șanțu Florești,santu floresti,hamlet,26.2083978,44.7339268
642,Bordoșiu,bordosiu,village,24.7841414,46.3962957
642,Fântânele,fantanele,village,24.768976,46.4214411
642,Jacu,jacu,village,24.8143171,46.3212486
642,Vulcan,vulcan,village,24.8536703,46.1489168
642,Vlădești,vladesti,village,24.3005957,45.1203844
642,Vlăduceni,vladuceni,village,24.2558817,45.1377431
642,Olănești,olanesti,village,24.2576572,45.1804101
642,Gruiu,gruiu,village,26.2280363,44.7247657
642,Lipia,lipia,village,26.2634893,44.7132691
642,Izvoarele,izvoarele,village,25.3951075,43.8257537
642,Cervenia,cervenia,village,25.4597777,43.8331337
642,Conțești,contesti,village,25.4920662,43.7922597
642,Frumoasa,frumoasa,village,25.4703236,43.790226
642,Bragadiru,bragadiru,village,25.5128957,43.7645693
642,Năsturelu,nasturelu,village,25.4646261,43.6713817
642,Brânceni,branceni,village,25.3973676,43.877896
642,Țigănești,tiganesti,village,25.381409,43.899115
642,Poroschia,poroschia,village,25.3557104,43.9423811
642,Calomfirești,calomfiresti,village,25.3571988,43.9168603
642,Ștorobăneasa,storobaneasa,village,25.4543999,43.8848774
642,Mârzănești,marzanesti,village,25.4668871,43.9355962
642,Teleormanu,teleormanu,village,25.4607554,43.9617121
642,Cernetu,cernetu,village,25.455955,43.9054357
642,Valea Părului,valea parului,village,25.4655171,43.9201989
642,Purani,purani,village,25.4343093,43.9886858
642,Naipu,naipu,village,25.760618,44.1537105
642,Bujoreni,bujoreni,village,25.6439502,44.1173754
642,Prunaru,prunaru,village,25.6784654,44.123887
642,Carapancea,carapancea,village,25.7116194,44.0999858
642,Răsuceni,rasuceni,village,25.6711073,44.0891366
642,Cucuruzu,cucuruzu,village,25.7309002,44.0803788
642,Dărvaș,darvas,locality,25.6370312,44.1201475
642,Botoroaga,botoroaga,village,25.5465959,44.1469825
642,Văceni,vaceni,village,25.5352327,44.0682632
642,Gruiu,gruiu,village,26.415443,44.2324558
642,Vasilați,vasilati,village,26.4459228,44.2888923
642,Budești,budesti,town,26.4660291,44.233673
642,Șoldanu,soldanu,village,26.5243626,44.2210923
642,Sohatu,sohatu,village,26.5003698,44.3247078
642,Nuci,nuci,village,26.411525,44.2806802
642,Buciumeni,buciumeni,village,26.4132816,44.2536234
642,Mănăstirea Cașin,manastirea casin,village,26.6910906,46.1518006
642,Cașin,casin,village,26.744988,46.1990421
642,Lupești,lupesti,village,26.7329068,46.1690105
642,Curița,curita,village,26.7103837,46.191239
642,Urechești,urechesti,village,27.0860142,46.1325018
642,Coțofănești,cotofanesti,village,26.9929737,46.1484402
642,Căiuți,caiuti,village,26.9274485,46.1839594
642,Ștefan cel Mare,stefan cel mare,village,26.860361,46.2154438
642,Negoiești,negoiesti,village,26.8863709,46.1981292
642,Cornățel,cornatel,village,27.0441288,46.1303605
642,Domnești-Sat,domnesti-sat,village,27.1995886,46.0267229
642,Pufești,pufesti,village,27.2087254,45.9998587
642,Ciorani,ciorani,village,27.2149987,45.9884386
642,Călimănești,calimanesti,village,27.2160411,45.9614892
642,Bizighești,bizighesti,village,27.2126247,45.8181627
642,Haret,haret,village,27.2081689,45.9194783
642,Lărgășeni,largaseni,village,27.2941645,46.1866754
642,Șerbănești,serbanesti,village,27.3008711,46.1647563
642,Lehancea,lehancea,village,27.3438502,46.1961593
642,Bălănești,balanesti,village,27.3589887,46.1979491
642,Rădăcineni,radacineni,village,27.2955496,46.1935202
642,Plopu,plopu,village,27.4371707,46.1934437
642,Căbești,cabesti,village,27.442835,46.21443
642,Ivești,ivesti,village,27.5379354,46.1924508
642,Olosig,olosig,village,22.173956,47.3514036
642,Margine,margine,village,22.4232344,47.2934851
642,Satu Barbă,satu barba,village,22.4450135,47.2968883
642,Suplacu de Barcău,suplacu de barcau,village,22.5322533,47.2569159
642,Dolea,dolea,village,22.4881006,47.2729002
642,Porț,port,village,22.550942,47.2318352
642,Ip,ip,village,22.6062036,47.2293212
642,Zăuan,zauan,village,22.6621652,47.2253578
642,Nușfalău,nusfalau,village,22.7074229,47.1992623
642,Crișeni,criseni,village,23.0394769,47.2285052
642,Vârșolț,varsolt,village,22.9155825,47.2078124
642,Mirșid,mirsid,village,23.1196102,47.2298789
642,Cuceu,cuceu,village,23.1948304,47.2666102
642,Var,var,village,23.3000588,47.2356155
642,Surduc,surduc,village,23.3477621,47.2565334
642,Băbeni,babeni,village,23.4035706,47.3011957
642,Cuciulat,cuciulat,village,23.4219384,47.3240073
642,Ciocmani,ciocmani,village,23.3510422,47.289204
642,Letca,letca,village,23.4554125,47.3349442
642,Lemniu,lemniu,village,23.4854649,47.3524376
642,Răstoci,rastoci,village,23.5275101,47.3590205
642,Însurăței,insuratei,town,27.6051811,44.9134412
642,Zăvoaia,zavoaia,village,27.4796332,44.9538288
642,Dudescu,dudescu,village,27.4302591,44.9498958
642,Viziru,viziru,village,27.7129854,45.0018695
642,Bordei Verde,bordei verde,village,27.5734247,45.0637394
642,Ianca,ianca,town,27.470622,45.1342582
642,Mircea Vodă,mircea voda,village,27.3768692,45.1164654
642,Vărsătura,varsatura,village,27.9315805,45.2252427
642,Valea Cânepii,valea canepii,village,27.8057709,45.0771564
642,Lanurile,lanurile,village,27.7541008,45.0379891
642,Unirea,unirea,village,27.7849999,45.1084224
642,Gropeni,gropeni,village,27.8830185,45.0744895
642,Amara,amara,town,27.314991,44.6173543
642,Padina,padina,village,27.1122752,44.8310088
642,Pogoanele,pogoanele,town,26.992096,44.9142484
642,Albești,albesti,village,26.9254914,44.9904188
642,Călțuna,caltuna,village,26.9493523,44.9627322
642,Slobozia Nouă,slobozia noua,village,27.3908949,44.6010179
642,Mircea cel Bătrân,mircea cel batran,village,27.1246186,44.6991646
642,Amara Nouă,amara noua,village,27.3315362,44.6173331
642,Gheorghe Lazăr,gheorghe lazar,village,27.4559757,44.6323965
642,Reviga,reviga,village,27.1026459,44.713317
642,Grivița,grivita,village,27.2911301,44.7342953
642,Ograda,ograda,village,27.5575505,44.6111198
642,Cocora,cocora,village,27.0446244,44.7374658
642,Rovine,rovine,village,27.0906951,44.6983196
642,Gheorghe Doja,gheorghe doja,village,27.1812434,44.6131683
642,Smeeni,smeeni,village,26.8586925,44.9958675
642,Costești,costesti,village,26.7589957,45.0476066
642,Gherăseni,gheraseni,village,26.7915955,45.0252509
642,Cioranca,cioranca,village,26.7162662,44.9875282
642,Limpeziș,limpezis,village,26.7019679,44.9534619
642,Mihăilești,mihailesti,village,26.6815402,44.9150609
642,Amaru,amaru,village,26.5899047,44.9278922
642,Ciocârlia,ciocarlia,village,26.6771133,44.7987417
642,Cotorca,cotorca,hamlet,26.6602603,44.7774047
642,Scutelnici,scutelnici,village,26.9209113,44.8500101
642,Satu Nou,satu nou,village,26.8322256,44.8198057
642,Gârbovi,garbovi,village,26.7673709,44.7866691
642,Valea Măcrișului,valea macrisului,village,26.829169,44.7437676
642,Grindu,grindu,village,26.906245,44.7726565
642,Movilița,movilita,village,26.486854,44.6454109
642,Seceani,seceani,village,21.3173878,45.977104
642,Tisa,tisa,village,22.4692356,45.9539558
642,Sălciva,salciva,village,22.4131763,45.9944934
642,Pojoga,pojoga,village,22.4040143,45.9927185
642,Valea Mare,valea mare,village,22.2383906,45.9900384
642,Armeniș,armenis,village,22.3100578,45.2093601
642,Sadova Veche,sadova veche,village,22.2983031,45.2488497
642,Taxobeni,taxobeni,village,27.5907738,47.3875503
642,Unteni,unteni,village,27.5805101,47.415065
642,Horești,horesti,village,27.5787315,47.4305657
642,Murighiol,murighiol,village,29.1660355,45.037097
642,Dunavățu de Jos,dunavatu de jos,village,29.2233922,44.9828091
642,Dunavățu de Sus,dunavatu de sus,village,29.2205108,45.0142765
642,Plugova,plugova,village,22.3565904,44.9648335
642,Rusca,rusca,village,22.3358357,45.1461859
642,Plopul,plopul,village,29.1293653,45.0220723
642,Sarinasuf,sarinasuf,village,29.060545,45.0107028
642,Colina,colina,village,29.0319202,45.0254653
642,Iazurile,iazurile,village,28.9456006,45.0209883
642,Valea Nucarilor,valea nucarilor,village,28.9373609,45.0439166
642,Agighiol,agighiol,village,28.8801018,45.0326764
642,Sabangia,sabangia,village,28.8832367,44.9751927
642,Sarichioi,sarichioi,village,28.8521176,44.9451106
642,Enisala,enisala,village,28.8188637,44.8785704
642,Crăcăoani,cracaoani,village,26.3197307,47.094051
642,Bălțătești,baltatesti,village,26.3095102,47.1257228
642,Cogealac,cogealac,village,28.560737,44.5579521
642,Cheia,cheia,village,28.433044,44.5126849
642,Grădina,gradina,village,28.4347606,44.5539228
642,Tariverde,tariverde,village,28.6019266,44.562932
642,Nuntași,nuntasi,village,28.6512257,44.5381408
642,Baia,baia,village,28.6778489,44.7232529
642,Târgușor,targusor,village,28.4195635,44.4615708
642,Gura Dobrogei,gura dobrogei,village,28.5277444,44.4813637
642,Vadu,vadu,village,28.7352369,44.4515453
642,Viișoara,viisoara,village,23.9073399,46.558721
642,Hălchiu,halchiu,village,25.5439467,45.7605647
642,Avrămeni,avrameni,village,27.2619708,47.7858075
642,Braniște,braniste,village,27.2545305,47.7966047
642,Reteni,reteni,village,27.2530424,47.8113973
642,Dumeni,dumeni,village,27.2011792,47.9109783
642,Chirnogi,chirnogi,village,26.5796339,44.1092568
642,Căscioarele,cascioarele,village,26.4680792,44.1253344
642,Greaca,greaca,village,26.3367722,44.1093057
642,Prundu,prundu,village,26.2283987,44.094512
642,Pietrele,pietrele,village,26.115844,44.0649172
642,Băneasa,baneasa,village,26.0680918,44.046659
642,Plopșoru,plopsoru,village,25.9936725,44.0105962
642,Mihai Bravu,mihai bravu,village,26.0584699,44.1399871
642,Progresu,progresu,village,26.4590017,44.3594059
642,Ulmeni,ulmeni,village,26.7228386,44.1447926
642,Spanțov,spantov,village,26.7875625,44.1239595
642,Chiselet,chiselet,village,26.8551895,44.1702855
642,Coconi,coconi,village,26.8780692,44.2421525
642,Mânăstirea,manastirea,village,26.9020488,44.2111095
642,Cuconeștii Vechi,cuconestii vechi,village,27.1532005,47.9680205
642,Corpaci,corpaci,village,27.1421524,48.009058
642,Viișoara,viisoara,village,27.0412141,48.0930901
642,Grimești,grimesti,village,26.9743856,48.1325513
642,Bogdănești,bogdanesti,village,27.0014663,48.1401876
642,Șirăuți,sirauti,village,26.8422034,48.2344594
642,Sultana,sultana,village,26.8500751,44.2628106
642,Curătești,curatesti,village,26.8335811,44.2765151
642,Luptători,luptatori,village,26.8093311,44.303608
642,Tăriceni,tariceni,village,26.8297137,44.2946756
642,Frăsinetu de Jos,frasinetu de jos,village,26.8222699,44.3097108
642,Dorobanțu,dorobantu,village,26.9506096,44.2196301
642,Vărăști,varasti,village,26.9689181,44.214582
642,Ciocănești,ciocanesti,village,27.0593999,44.1980585
642,Bogata,bogata,village,27.1153869,44.2063768
642,Nucșoara,nucsoara,village,22.9199733,45.4825019
642,Sfânta Elena,sfanta elena,village,21.7120703,44.6782642
642,Nucet,nucet,village,24.3837116,45.7952081
642,Hosman,hosman,village,24.4274234,45.8334797
642,Mohu,mohu,village,24.2248986,45.7428729
642,Săcădate,sacadate,village,24.388434,45.7608142
642,Colun,colun,village,24.5010073,45.7795083
642,Vurpăr,vurpar,village,24.3419761,45.8949872
642,Elek,elek,town,21.2526107,46.5294265
642,Baciu,baciu,village,23.5276882,46.7897349
642,Sânnicoară,sannicoara,village,23.7196034,46.7863654
642,Dezmir,dezmir,village,23.7162688,46.7638474
642,Poiana Pinului,poiana pinului,locality,26.554167,45.2175909
642,Potlogi,potlogi,village,25.5881292,44.5606869
642,Valea Drăganului,valea draganului,village,22.83146,46.9028476
642,Tranișu,tranisu,village,22.8374252,46.8558835
642,Lunca Vișagului,lunca visagului,village,22.7676019,46.8279673
642,Vârghiș,varghis,village,25.5567391,46.1277766
642,Snagov,snagov,village,26.1728656,44.7074978
642,Ciofliceni,ciofliceni,village,26.1184729,44.6830803
642,Ghermănești,ghermanesti,village,26.1450671,44.6901445
642,Vlădiceasca,vladiceasca,village,26.0879958,44.6700477
642,Humulești,humulesti,suburb,26.3505809,47.1987383
642,Mănăstirea Neamț,manastirea neamt,village,26.2077751,47.2643308
642,Diniaș,dinias,village,21.0078104,45.6538029
642,Checea,checea,village,20.8347391,45.7543534
642,Valcani,valcani,village,20.4003697,46.0026055
642,Recea,recea,village,24.9437992,45.7315983
642,Gura Văii,gura vaii,village,24.9019518,45.7283331
642,Pojorta,pojorta,village,24.8689378,45.7479609
642,Sânmartinu Sârbesc,sanmartinu sarbesc,village,20.9607141,45.6066479
642,Ghilad,ghilad,village,21.1381203,45.4682161
642,Pădureni,padureni,village,21.2174278,45.5974835
642,Păltinișu,paltinisu,village,27.3023689,44.5668694
642,Stejaru,stejaru,village,27.2830876,44.5688817
642,Crucea,crucea,village,28.2310277,44.531527
642,Stupina,stupina,village,28.1792623,44.565368
642,Horia,horia,village,28.1237385,44.6331294
642,Topalu,topalu,village,28.0449459,44.5427847
642,Dejani,dejani,village,24.9318587,45.7122122
642,Eibenthal,eibenthal,village,22.162078,44.5448648
642,Vinerea,vinerea,village,23.3530441,45.8860544
642,Târgu Neamț,targu neamt,town,26.360439,47.2064268
642,Baia de Aramă,baia de arama,town,22.8104397,45.0000806
642,Tismana,tismana,town,22.9465304,45.0494049
642,Sibiu,sibiu,city,24.1519202,45.7973912
642,Șimian,simian,village,22.7107521,44.6121653
642,Veseud,veseud,village,24.1923478,45.9776356
642,Topraisar,topraisar,village,28.4540387,44.0143185
642,Movilița,movilita,village,28.5101634,44.0446019
642,Mereni,mereni,village,28.3816732,44.0337989
642,Osmancea,osmancea,village,28.3231367,44.0138027
642,Ciobănița,ciobanita,village,28.2778176,44.012686
642,Cobadin,cobadin,village,28.2330424,44.063983
642,Viișoara,viisoara,village,28.1911286,44.0782052
642,Pietreni,pietreni,village,28.0661215,44.0955277
642,Deleni,deleni,village,28.0085781,44.0912611
642,Aliman,aliman,village,27.8571378,44.1841988
642,Rasova,rasova,village,27.9357587,44.2439945
642,Vlahii,vlahii,village,27.862631,44.2024147
642,Cochirleni,cochirleni,village,27.9987555,44.2743171
642,Stâncești,stancesti,village,22.5115763,46.5916491
642,Chișcău,chiscau,village,22.550891,46.5600626
642,Zorenii de Vale,zorenii de vale,village,24.0725527,46.7906954
642,Hagău,hagau,village,24.1498302,46.8300438
642,Mociu,mociu,village,24.021475,46.7943436
642,Frata,frata,village,24.0565536,46.7031104
642,Stamora Germană,stamora germana,village,21.2490594,45.2820988
642,Clopodia,clopodia,village,21.4667689,45.2822497
642,Ferendia,ferendia,village,21.4949214,45.3173868
642,Șipet,sipet,village,21.4024957,45.5069642
642,Nuci,nuci,village,26.3008365,44.7214163
642,Bod,bod,village,25.6392852,45.7630674
642,Hârtiești,hartiesti,village,25.1008277,45.1162933
642,Vulturești,vulturesti,village,25.0828035,45.0660295
642,Davidești,davidesti,village,25.0331356,45.0096314
642,Clucereasa,clucereasa,village,24.9402104,44.9812104
642,Boteni,boteni,village,25.1278786,45.1794214
642,Căteasca,cateasca,village,25.083333,44.766667
642,Leordeni,leordeni,village,25.1293547,44.7918853
642,Bascov,bascov,village,24.8162479,44.897016
642,Uzunu,uzunu,village,25.9658631,44.1451071
642,Lerești,leresti,village,25.0717585,45.328833
642,Merișani,merisani,village,24.7445983,44.9688645
642,Orăștioara de Jos,orastioara de jos,village,23.1827073,45.7604833
642,ж.к. Георги Бенковски,zh k georgi benkovski,suburb,22.8835165,43.9940081
642,ж.к. Съединение,zh k s'edinenie,suburb,22.8724869,43.981844
642,Letea,letea,village,29.5243992,45.2840695
642,Dorobanț,dorobant,village,27.5950044,47.2236282
642,Aroneanu,aroneanu,village,27.604242,47.2044698
642,Scoreiu,scoreiu,village,24.5312884,45.7585983
642,Arpașu de Jos,arpasu de jos,village,24.6221414,45.7794734
642,Ucea de Jos,ucea de jos,village,24.6684753,45.7874397
642,Olteț,oltet,village,24.7602162,45.8042424
642,Dridif,dridif,village,24.8799907,45.8232597
642,Beclean,beclean,village,24.9230964,45.8315581
642,Șercaia,sercaia,village,25.138591,45.8308057
642,Perșani,persani,village,25.2112003,45.7813098
642,Laz,laz,hamlet,23.417935,46.052257
642,Fizeșu Gherlii,fizesu gherlii,village,23.9880247,47.0230793
642,Țaga,taga,village,24.0514746,46.943357
642,Sucutard,sucutard,village,24.0682116,46.8953081
642,Geaca,geaca,village,24.0924158,46.8524758
642,Sărmășel-Gară,sarmasel-gara,village,24.203792,46.7843913
642,Cireșoaia,ciresoaia,village,24.0598275,47.1425571
642,Poiana Ruia,poiana ruia,locality,25.5605359,45.5768194
642,Socond,socond,village,22.9496156,47.5622497
642,Hodișa,hodisa,village,22.9758697,47.5759606
642,Rătești,ratesti,village,22.879278,47.5819603
642,Mădăras,madaras,village,22.8521555,47.685029
642,Cuța,cuta,village,23.0027026,47.5387523
642,Soconzel,soconzel,village,22.998232,47.5174236
642,Poienița,poienita,village,24.5527763,45.8161222
642,Noul Român,noul roman,village,24.5770811,45.8041521
642,Răducăneni,raducaneni,village,27.9384127,46.9576896
642,Rotăria,rotaria,village,27.8698958,46.9415697
642,Ciortești,ciortesti,village,27.8472531,46.917608
642,Deleni,deleni,village,27.8314531,46.9143295
642,Cozia,cozia,village,27.8960123,47.0030135
642,Costuleni,costuleni,village,27.8664792,47.0305208
642,Stânca,stanca,village,27.8070917,47.0680626
642,Osoi,osoi,village,27.7921512,47.0932214
642,Chicerea,chicerea,village,27.7479312,47.1026672
642,Călinești-Oaș,calinesti-oas,village,23.2924362,47.9085581
642,Odoreu,odoreu,village,22.9936732,47.7969878
642,Botiz,botiz,village,22.9476679,47.8290355
642,Halmeu,halmeu,village,23.0136502,47.9789957
642,Gerăușa,gerausa,village,22.9370807,47.6047215
642,Șandra,sandra,village,22.9141939,47.5577369
642,Vetiș,vetis,village,22.7778948,47.8002165
642,Petea,petea,village,22.7868212,47.8516184
642,Sătmărel,satmarel,village,22.7942026,47.7381438
642,Viile Satu Mare,viile satu mare,village,22.9521311,47.666287
642,Medișa,medisa,village,23.0035308,47.6060697
642,Godeni,godeni,village,24.9852407,45.2275345
642,Colibași,colibasi,village,24.9088096,44.9354499
642,Dragoslavele,dragoslavele,village,25.169071,45.348165
642,Stâlpeni,stalpeni,village,24.9767665,45.0548484
642,Amnaș,amnas,village,23.8969933,45.8455332
642,Ighișu Vechi,ighisu vechi,village,24.484072,45.9897303
642,Zlagna,zlagna,village,24.4703423,46.0323228
642,Boarta,boarta,village,24.1993286,46.0075579
642,Mihăileni,mihaileni,village,24.3479445,45.9904459
642,Răvășel,ravasel,village,24.3735221,46.0092868
642,Metiș,metis,village,24.4056886,46.0195863
642,Traian,traian,village,24.4551495,44.0217928
642,Bulci,bulci,village,22.1052486,46.0037867
642,Pietrăria,pietraria,village,27.6398879,47.0843461
642,Târgu Bujor,targu bujor,town,27.9138118,45.8702117
642,Foltești,foltesti,village,28.0593456,45.7458876
642,Petculești,petculesti,village,24.2668165,44.587224
642,Runcu Mare,runcu mare,village,24.2703709,44.5566285
642,Strejești,strejesti,village,24.2704885,44.5350157
642,Fizeș,fizes,village,21.5926139,45.3635222
642,Gherteniș,ghertenis,village,21.5820495,45.4300752
642,Valea Plopului,valea plopului,village,26.1613191,45.2939407
642,Valea Anei,valea anei,village,26.196665,45.3120569
642,Bătrâni,batrani,village,26.1532532,45.3126678
642,Bâsca Chiojdului,basca chiojdului,village,26.1750911,45.375202
642,Chiojdu,chiojdu,village,26.2155688,45.3497955
642,Dumbrăveni,dumbraveni,village,26.1141718,44.6360181
642,Gostilele,gostilele,village,26.4963106,44.5035238
642,Todirel,todirel,village,27.6118489,47.0675518
642,Vișan,visan,village,27.6044165,47.1124668
642,Păun,paun,village,27.6628645,47.0971071
642,Telița,telita,village,28.5673589,45.1554501
642,Frecăței,frecatei,village,28.6591848,45.1070698
642,Poșta,posta,village,28.6220267,45.1175363
642,Redea,redea,village,24.2953729,44.0523042
642,Valea Soarelui,valea soarelui,village,24.27322,44.0284881
642,Bazoșu Nou,bazosu nou,village,21.4196911,45.7506353
642,Bucovăț,bucovat,village,21.3814294,45.755374
642,Moșnița Veche,mosnita veche,village,21.3302554,45.7344623
642,Nanov,nanov,village,25.2841287,43.9934283
642,Beciu,beciu,village,26.7107282,45.3754504
642,Arbănași,arbanasi,locality,26.7364308,45.3992371
642,Mărgăriți,margariti,village,26.7592614,45.3921841
642,Podu Muncii,podu muncii,village,26.7443393,45.4252706
642,Niculești,niculesti,village,26.7425206,45.4380132
642,Vintilă Vodă,vintila voda,village,26.7319103,45.4686896
642,Beșlii,beslii,village,26.6764044,45.4827838
642,Chiliile,chiliile,village,26.5966694,45.4463251
642,Cănești,canesti,village,26.6027073,45.3975777
642,Gura Văii,gura vaii,village,26.6636623,45.3785759
642,Scorțoasa,scortoasa,village,26.6619951,45.3613874
642,Păstrăvărie,pastravarie,locality,25.6001641,45.4482682
642,Ulmetu,ulmetu,village,25.4782695,45.0913837
642,Bela,bela,village,25.43631,45.1002239
642,Cârlănești,carlanesti,village,25.4910345,45.0972287
642,Izvoru,izvoru,village,25.5286143,45.0760505
642,Moșia Mică,mosia mica,village,25.5463265,45.070743
642,Valea Lungă Gorgota,valea lunga gorgota,village,25.5521893,45.0659501
642,Valea Lungă-Cricov,valea lunga-cricov,village,25.582186,45.0669668
642,Valea lui Dan,valea lui dan,village,25.5917779,45.0820478
642,Șerbăneasa,serbaneasa,village,25.5755555,45.0757107
642,Sultanu,sultanu,village,25.5869791,45.110461
642,Dospinești,dospinesti,village,25.562236,45.1023873
642,Vișinești,visinesti,village,25.5534085,45.1079202
642,Urseiu,urseiu,village,25.5607187,45.1292954
642,Bezdead,bezdead,village,25.5221459,45.1518173
642,Costișata,costisata,village,25.5555624,45.1718272
642,Tunari,tunari,village,25.467347,45.1328142
642,Broșteni,brosteni,village,25.466763,45.1234331
642,Miculești,miculesti,village,25.444042,45.0965014
642,Buzescu,buzescu,village,25.2254689,44.010819
642,Ciungetu,ciungetu,village,23.9519173,45.3867655
642,Voineasa,voineasa,village,23.9603041,45.4180237
642,Polovragi,polovragi,village,23.8049012,45.1736624
642,Novaci,novaci,town,23.6637538,45.1724288
642,Baia de Fier,baia de fier,village,23.7659576,45.1699672
642,Cernădia,cernadia,village,23.7213801,45.1776632
642,Bercești,bercesti,village,23.7048734,45.1762563
642,Cărbunari,carbunari,village,25.9809199,44.7578343
642,Bărbătești,barbatesti,village,24.1163419,45.1676713
642,Pietreni,pietreni,village,24.0608707,45.1831711
642,Bistrița,bistrita,village,24.0467367,45.173619
642,Meșendorf,mesendorf,village,24.9872712,46.0866095
642,Vidrasău,vidrasau,village,24.4126615,46.4748336
642,Cerăt,cerat,village,23.6750672,44.0648846
642,Lipovu,lipovu,village,23.6278845,44.1048299
642,Întorsura,intorsura,village,23.5738067,44.1120965
642,Săftica,saftica,village,26.0686888,44.6212092
642,Radovan,radovan,village,23.6050535,44.1596572
642,Giurgița,giurgita,village,23.630455,44.0273697
642,Curmătura,curmatura,village,23.6387377,44.0020003
642,Drănic,dranic,village,23.8433329,44.0550802
642,Booveni,booveni,village,23.8338782,44.0769656
642,Cristești,cristesti,village,26.5714412,47.2517629
642,Fălticeni,falticeni,city,26.3007861,47.4609296
642,Sântana de Mureș,santana de mures,village,24.5597543,46.5807422
642,Sâncraiu de Mureș,sancraiu de mures,village,24.5181918,46.5462653
642,Band,band,village,24.3739356,46.5793494
642,Iclănzel,iclanzel,village,24.2720911,46.5265581
642,Sânpaul,sanpaul,village,24.3524625,46.4528619
642,Ungheni,ungheni,town,24.4574193,46.4834798
642,Cristești,cristesti,village,24.4920612,46.5022257
642,Aita Seacă,aita seaca,village,25.6903246,46.0369119
642,Periș,peris,village,26.0145786,44.6784294
642,Dănești,danesti,village,23.3218188,44.977313
642,Izvoarele Sucevei,izvoarele sucevei,village,25.175232,47.7624061
642,Bobeica,bobeica,village,25.1367798,47.7287009
642,Motiș,motis,village,24.3431842,46.0601767
642,Bătuța,batuta,village,22.0552593,46.0502512
642,Căpruța,capruta,village,22.0252195,46.0886078
642,Osica de Sus,osica de sus,village,24.3164397,44.2551689
642,Coșoveni,cosoveni,village,23.9266042,44.2467849
642,Leu,leu,village,23.9999762,44.1874824
642,Cozieni,cozieni,village,26.3003342,44.4789731
642,Săcelu,sacelu,village,23.5403428,45.1027779
642,Crasna din Deal,crasna din deal,village,23.5490703,45.1850155
642,Cărpiniș,carpinis,village,23.5786849,45.1861733
642,Aninișu din Vale,aninisu din vale,village,23.6076318,45.1703958
642,Tetila,tetila,village,23.3913383,45.1375895
642,Mușetești,musetesti,village,23.4625942,45.1403434
642,Lăzărești,lazaresti,village,23.4129677,45.1333512
642,Bârcaciu,barcaciu,village,23.4403198,45.141109
642,Stăncești Larga,stancesti larga,village,23.4842783,45.1736279
642,Drăgoiești,dragoiesti,village,23.5049782,45.1787456
642,Crasna,crasna,village,23.5199932,45.1793393
642,Luna de Sus,luna de sus,village,23.4318414,46.7425493
642,Someșu Rece,somesu rece,village,23.3633935,46.7317368
642,Boghiș,boghis,village,22.7345685,47.1570868
642,Sâg,sag,village,22.7831486,47.0782369
642,Crasna,crasna,village,22.8677799,47.1629229
642,Tusa,tusa,village,22.7761146,47.0429158
642,Rusenii Noi,rusenii noi,village,27.6668448,47.1978755
642,Solduba,solduba,village,23.0407416,47.5961206
642,Vălișoara,valisoara,village,23.4930008,46.6665856
642,Măguri-Răcătău,maguri-racatau,village,23.1940681,46.6432594
642,Măguri,maguri,village,23.1216271,46.6279364
642,Plopi,plopi,village,23.3476397,46.6557
642,Hășdate,hasdate,village,23.4285925,46.6441555
642,Finișel,finisel,village,23.4277636,46.6760502
642,Săvădisla,savadisla,village,23.4552195,46.6747848
642,Vlaha,vlaha,village,23.4562593,46.6948917
642,Lăpuștești,lapustesti,village,23.1816691,46.7148023
642,Dângău Mare,dangau mare,village,23.1979405,46.7557259
642,Poiana Horea,poiana horea,village,22.9138477,46.5953013
642,Porumbacu de Jos,porumbacu de jos,village,24.4564233,45.7583554
642,Porumbacu de Sus,porumbacu de sus,village,24.4733739,45.7137749
642,Răchițele,rachitele,village,22.8941635,46.7065334
642,Zănoaga,zanoaga,village,24.0946389,44.1576206
642,Amați,amati,village,22.9180388,47.7422969
642,Ungureni,ungureni,village,26.8072365,47.8754337
642,Odobești,odobesti,town,27.0651351,45.7602354
642,Jariștea,jaristea,village,27.0607251,45.7950041
642,Gura Ialomiței,gura ialomitei,village,27.7560484,44.7095971
642,Luciu,luciu,village,27.7299559,44.7397224
642,Mihai Bravu,mihai bravu,village,27.7208579,44.7822614
642,Berteștii de Sus,bertestii de sus,village,27.7637732,44.8124706
642,Berteștii de Jos,bertestii de jos,village,27.7558747,44.8346313
642,Spiru Haret,spiru haret,village,27.7442038,44.8680971
642,Cuza Vodă,cuza voda,village,27.7323592,44.9236698
642,Lepșa,lepsa,village,26.5752205,45.9506168
642,Curături,curaturi,village,27.5610934,47.026375
642,Grabăț,grabat,village,20.7449141,45.8780583
642,Bălcești,balcesti,village,23.0022315,46.6745627
642,Beliș,belis,village,23.0313282,46.6815702
642,Dealu Botii,dealu botii,village,22.9230731,46.6730457
642,Râpa,rapa,village,22.0284463,46.7821891
642,Dumbrava,dumbrava,village,22.0681669,46.7851531
642,Holod,holod,village,22.1138768,46.7892898
642,Hidișelu de Jos,hidiselu de jos,village,22.0342072,46.9423826
642,Betfia,betfia,village,22.0156677,46.9744855
642,Calea Mare,calea mare,village,22.0651062,46.9081496
642,Lăzăreni,lazareni,village,22.0639046,46.8780017
642,Bicăcel,bicacel,village,22.095068,46.8530378
642,Forosig,forosig,village,22.1003433,46.821464
642,Hodiș,hodis,village,22.1053129,46.8016099
642,Paleu,paleu,village,21.9554072,47.1164599
642,Rediu Aldei,rediu aldei,village,27.6382031,47.2254067
642,Golăiești,golaiesti,village,27.695672,47.2417738
642,Vlădeni,vladeni,village,25.3680785,45.7669168
642,Dumbrăvița,dumbravita,village,25.4346641,45.7672538
642,Șona,sona,village,25.0420977,45.8478936
642,Viștea de Jos,vistea de jos,village,24.7231188,45.7940137
642,Bradu,bradu,village,24.3286785,45.719465
642,Călata,calata,village,22.9956699,46.8031354
642,Văleni,valeni,village,23.0329375,46.7811989
642,Râșca,rasca,village,23.1097704,46.7293128
642,Căpușu Mare,capusu mare,village,23.2934979,46.7873332
642,Agârbiciu,agarbiciu,village,23.2826877,46.771694
642,Focuri,focuri,village,27.2018625,47.3513519
642,Peștera,pestera,village,25.2873164,45.5087801
642,Măgura,magura,village,25.2945792,45.5239275
642,Larga-Jijia,larga-jijia,village,27.3853908,47.320095
642,Gropnița,gropnita,village,27.2685883,47.3548379
642,Mălăești,malaesti,village,27.3136966,47.3519036
642,Forăști,forasti,village,27.3039463,47.3542528
642,Săliștioara,salistioara,village,22.8248711,46.0058007
642,Țebea,tebea,village,22.7366735,46.1683799
642,Târnava de Criș,tarnava de cris,village,22.6221902,46.1878461
642,Leasa,leasa,village,22.5459743,46.2752959
642,Avram Iancu,avram iancu,village,22.4886761,46.3306929
642,Pleșcuța,plescuta,village,22.4251307,46.3035938
642,Manic,manic,village,24.199829,46.9618517
642,Buza Cătun,buza catun,village,24.1904972,46.9438726
642,Strugureni,strugureni,village,24.1991012,46.9826333
642,Chiochiș,chiochis,village,24.1826135,46.9844818
642,Orzeni,orzeni,village,27.6929288,47.1815144
642,Rusenii Vechi,rusenii vechi,village,27.682775,47.1820103
642,Corunca,corunca,village,24.6176402,46.5209075
642,Sângeorgiu de Mureș,sangeorgiu de mures,village,24.6042074,46.5764335
642,Cartierul Răsăritului,cartierul rasaritului,neighbourhood,24.5059428,46.5524181
642,Cârna,carna,village,23.5973243,43.8835464
642,Stolniceni-Prăjescu,stolniceni-prajescu,village,26.7395118,47.2038916
642,Brătești,bratesti,village,26.7040557,47.1864441
642,Topile,topile,village,26.6687928,47.2622255
642,Gâștești,gastesti,village,26.6617895,47.2473792
642,Boșteni,bosteni,village,26.6843494,47.2319928
642,Căprioara,caprioara,village,22.2775534,45.9823715
642,Pilu,pilu,village,21.3471454,46.576265
642,Urziceni,urziceni,village,22.3999237,47.7349907
642,Domnești,domnesti,village,24.8399209,45.2067013
642,Valea Faurului,valea faurului,village,24.7858429,45.1993629
642,Valea Iașului,valea iasului,village,24.7113967,45.1858027
642,Berevoești,berevoesti,village,24.9349859,45.2265826
642,Făcăi,facai,village,23.8180638,44.2731206
642,Pielești,pielesti,village,23.9644196,44.331274
642,Ghercești,ghercesti,village,23.8934284,44.3577385
642,Mlecănești,mlecanesti,village,23.8730957,44.37718
642,Mischii,mischii,village,23.8559296,44.3872554
642,Urechești,urechesti,village,23.8412289,44.4071383
642,Șimnicu de Jos,simnicu de jos,village,23.8208199,44.3600422
642,Constanța,constanta,city,28.6507598,44.1767161
642,Bucovăț,bucovat,village,23.7381384,44.2926738
642,Mofleni,mofleni,village,23.7574282,44.3031824
642,Tămaia,tamaia,village,23.3634041,47.5935349
642,Fărcașa,farcasa,village,23.3278759,47.583142
642,Sârbi,sarbi,village,23.3434742,47.590739
642,Buzești,buzesti,village,23.3541687,47.6084492
642,Băița,baita,village,23.4930481,47.7040584
642,Moftinu Mic,moftinu mic,village,22.6010631,47.6858817
642,Paulian,paulian,village,22.6767657,47.7257352
642,Doba,doba,village,22.7102397,47.7393593
642,Decebal,decebal,village,22.7617381,47.7701734
642,Păulești,paulesti,village,22.9172848,47.7787825
642,Gelu,gelu,village,22.7830241,47.6840327
642,Terebești,terebesti,village,22.7200244,47.6789476
642,Vama,vama,village,23.3885485,47.8416063
642,Bixad,bixad,village,23.3905338,47.9197142
642,Certeze,certeze,village,23.4614299,47.9025699
642,Huta-Certeze,huta-certeze,village,23.4883808,47.925811
642,Bărdești,bardesti,village,24.5130935,46.5945131
642,Poiana Țapului,poiana tapului,suburb,25.5409523,45.397111
642,Șișești,sisesti,village,23.7077677,47.6328373
642,Șurdești,surdesti,village,23.762871,47.6057614
642,Cavnic,cavnic,town,23.8283247,47.6540062
642,Brazi,brazi,village,22.8341845,45.4841184
642,Oprișenești,oprisenesti,village,27.5458183,45.1361602
642,Filipești,filipesti,village,27.3425206,45.1120309
642,Surdila-Greci,surdila-greci,village,27.2568131,45.0608357
642,Ghinda,ghinda,village,24.5737118,47.1353453
642,Crivobara,crivobara,village,21.8166644,45.9095586
642,Herneacova,herneacova,village,21.5160853,45.8572787
642,Rânca,ranca,village,23.6889055,45.2921144
642,Broșteni,brosteni,village,27.0221715,45.7655247
642,Mera,mera,village,26.9330351,45.7631351
642,Reghiu,reghiu,village,26.8836897,45.7893627
642,Măzili,mazili,village,24.2256963,44.6625377
642,Sutești,sutesti,village,24.2032258,44.6730168
642,Zvoriștea,zvoristea,village,26.2915779,47.8371064
642,Tărlungeni,tarlungeni,village,25.7630394,45.6499197
642,Zizin,zizin,village,25.7756537,45.6377459
642,Гудя,gudia,village,23.12635,48.1144658
642,Хижа,khizha,village,23.206003,48.110096
642,Холмовець,kholmovets',village,23.0945712,48.0596284
642,Дюла,diula,village,23.072388,48.034035
642,Глиняний,glinianii,village,23.6487986,48.0256459
642,Ботар,botar,village,22.96932,48.02673
642,Нове Клинове,nove klinove,village,23.036554,48.0178147
642,Яблунівка,iablunivka,village,23.50559,48.012661
642,Тячів,tiachiv,town,23.5783799,48.01163
642,Неветленфолу,nevetlenfolu,village,23.001793,48.010944
642,Оклі Гедь,okli ged',village,23.0689644,48.0135006
642,Грушово,grushovo,village,23.76721,48.004761
642,Оклі,okli,village,23.017487,48.003132
642,Бедевля,bedevlia,village,23.663486,48.003201
642,Тересва,teresva,town,23.6995699,47.9978901
642,Горбівці,gorbivtsi,village,26.0994,47.99377
642,Біла Криниця,bila krinitsia,village,25.8876749,47.9740631
642,Хмелів,khmeliv,village,24.142111,47.91494
642,Селятин,seliatin,village,25.20779,47.864681
642,Шепіт,shepit,village,25.1543877,47.7996229
642,Cămărașu,camarasu,village,24.1427948,46.7982763
642,Fetești,fetesti,village,26.3391374,47.7063096
642,Adâncata,adancata,village,26.2951026,47.7351221
642,Plopeni,plopeni,village,26.341163,47.6605293
642,Mereni,mereni,village,26.3254033,47.6625723
642,Salcea,salcea,village,26.3700762,47.6524082
642,Dumbrăveni,dumbraveni,village,26.4224706,47.659946
642,Sălăgeni,salageni,village,26.3895164,47.6774794
642,Siminicea,siminicea,village,26.4011894,47.6998972
642,Grigorești,grigoresti,village,26.3833366,47.7190717
642,Hănțești,hantesti,village,26.3682304,47.7565918
642,Pătrăuți,patrauti,village,26.191484,47.7189346
642,Lipoveni,lipoveni,village,26.22562,47.7245872
642,Mitocași,mitocasi,village,26.2608663,47.7285849
642,Călugăreni,calugareni,village,26.2871624,47.7647096
642,Șerbănești,serbanesti,village,26.3106489,47.8132926
642,Dealu,dealu,village,26.2578941,47.837848
642,Zamostea,zamostea,village,26.2033058,47.8661855
642,Bălinești,balinesti,village,26.1724068,47.9046351
642,Horezu,horezu,town,23.9938213,45.145455
642,Romanii de Jos,romanii de jos,village,24.0069019,45.1642311
642,Stelnica,stelnica,village,27.8775429,44.413172
642,Vlădeni,vladeni,village,27.8485711,44.6053385
642,Progresu,progresu,village,27.868444,44.581095
642,Dunărea,dunarea,village,28.1192942,44.4400963
642,Băltăgești,baltagesti,village,28.1920788,44.4808955
642,Țepeș Vodă,tepes voda,village,28.2363673,44.4453662
642,Siliștea,silistea,village,28.1785174,44.4017213
642,Palanca,palanca,village,25.7200746,44.4718922
642,Găiseni,gaiseni,village,25.6459486,44.5154005
642,Românești,romanesti,village,25.6275051,44.5627055
642,Poiana,poiana,village,25.6768374,44.5665816
642,Florești,floresti,village,25.6937616,44.5085209
642,Cetatea,cetatea,village,25.1735773,44.1323357
642,Mavrodin,mavrodin,village,25.2372529,44.0364953
642,Călinești,calinesti,village,25.2448168,44.0874712
642,Copăceanca,copaceanca,village,25.2181749,44.1366724
642,Rădoiești-Vale,radoiesti-vale,village,25.1516046,44.1429305
642,Rădoiești-Deal,radoiesti-deal,village,25.1412701,44.1481714
642,Vârtoapele de Jos,vartoapele de jos,village,25.2002701,44.176422
642,Vârtoapele de Sus,vartoapele de sus,village,25.1994982,44.1911993
642,Perii Broșteni,perii brosteni,village,25.2597513,44.2068289
642,Olteni,olteni,village,25.2916803,44.1770429
642,Orbeasca de Sus,orbeasca de sus,village,25.3196611,44.1373869
642,Gărăgău,garagau,village,25.1878252,44.2325411
642,Brebina,brebina,village,24.9694719,44.1670698
642,Scrioaștea,scrioastea,village,24.9532022,44.14544
642,Odobeasca,odobeasca,village,25.0075948,44.19613
642,Satul Vechi,satul vechi,village,25.0277948,44.1935538
642,Butculești,butculesti,village,25.0660391,44.2172784
642,Râncăciov,rancaciov,village,25.3529645,44.8897628
642,Ungureni,ungureni,village,25.390369,44.8714304
642,Dragomirești,dragomiresti,village,25.3431621,44.9144802
642,Geangoești,geangoesti,village,25.3786941,44.894041
642,Viișoara,viisoara,village,25.4260287,44.880353
642,Mogoșești,mogosesti,village,25.3979221,44.8811012
642,Decindeni,decindeni,village,25.3281141,44.9084932
642,Potocelu,potocelu,village,25.2467752,44.8881513
642,Drăgăești Pământeni,dragaesti pamanteni,village,25.3091902,44.9315645
642,Ludești,ludesti,village,25.2445793,44.8738472
642,Miloșari,milosari,village,25.2353758,44.8759994
642,Telești,telesti,village,25.230226,44.8877978
642,Fusea,fusea,village,25.5450799,44.6541022
642,Sălcuța,salcuta,village,25.5805687,44.6436092
642,Plopu,plopu,village,25.52624,44.6511333
642,Tomșani,tomsani,village,25.5045238,44.6399439
642,Costeștii din Vale,costestii din vale,village,25.4926791,44.6493482
642,Costeștii din Deal,costestii din deal,village,25.490509,44.6789893
642,Poroinica,poroinica,village,25.4461057,44.663681
642,Spătărești,spataresti,village,26.2998037,47.4277284
642,Ciprian Porumbescu,ciprian porumbescu,village,26.066267,47.5717265
642,Vulcan,vulcan,village,25.4226151,45.6333071
642,Nadiș,nadis,village,23.1753688,47.3776043
642,Deja,deja,village,23.1818919,47.3548159
642,Moțăței Gară,motatei gara,village,23.1924391,44.0376769
642,Balasan,balasan,village,23.2618328,44.0246907
642,Boureni,boureni,village,23.4327783,44.0165751
642,Afumați,afumati,village,23.4829378,44.0022966
642,Urzicuța,urzicuta,village,23.5392427,44.0090875
642,Urzica Mare,urzica mare,village,23.5958945,44.0147642
642,Malu Spart,malu spart,village,25.7157429,44.4437781
642,Vadu Roșca,vadu rosca,village,27.4543608,45.63851
642,Vulturu,vulturu,village,27.4219729,45.6205114
642,Boțârlău,botarlau,village,27.3868335,45.6319666
642,Suraia,suraia,village,27.3836924,45.681949
642,Răstoaca,rastoaca,village,27.2865949,45.6594137
642,Răzvani,razvani,village,26.8782958,44.4208236
642,Lehliu,lehliu,village,26.8144362,44.4754202
642,Ștefănești,stefanesti,village,26.7367645,44.5117784
642,Ileana,ileana,village,26.6609028,44.5100725
642,Florica,florica,village,26.6363478,44.4931257
642,Tămădău Mare,tamadau mare,village,26.5691649,44.4670537
642,Tămădău Mic,tamadau mic,village,26.5755218,44.4538527
642,Plumbuita,plumbuita,village,26.5731671,44.4511563
642,Podișor,podisor,village,25.7164673,44.3886425
642,Slătioara,slatioara,village,24.3228337,44.4016705
642,Drăghiceni,draghiceni,village,24.2650651,44.1191105
642,Scornicești,scornicesti,town,24.5429136,44.6009549
642,Răcari,racari,town,25.742872,44.6249496
642,Ghimpați,ghimpati,village,25.7912382,44.6540678
642,Cezieni,cezieni,village,24.2686119,44.1828491
642,Dăneasa,daneasa,village,24.5609719,44.140944
642,Comani,comani,village,24.4908659,44.1920385
642,Mărunței,maruntei,village,24.4618809,44.2217442
642,Bălănești,balanesti,village,24.4773218,44.2473936
642,Coteana,coteana,village,24.4606919,44.3000614
642,Brebeni,brebeni,village,24.4464228,44.3622552
642,Ulmi,ulmi,village,24.3760416,44.3620097
642,Apele Vii,apele vii,village,24.0638675,44.0658839
642,Deveselu,deveselu,village,24.3893839,44.0554029
642,Băbiciu,babiciu,village,24.558704,44.0389788
642,Bălteni,balteni,village,24.5364373,44.4475543
642,Celaru,celaru,village,24.1293245,44.0399576
642,Bârza,barza,village,24.1445432,44.3245947
642,Bobicești,bobicesti,village,24.1420293,44.3949104
642,Brastavățu,brastavatu,village,24.4091273,43.9067244
642,Crușovu,crusovu,village,24.4150186,43.9234736
642,Hotarele,hotarele,village,26.3678106,44.1759333
642,Comanca,comanca,village,24.3589728,44.076951
642,Redișoara,redisoara,village,24.3462691,44.0422935
642,Rotunda,rotunda,village,24.3128838,43.9836054
642,Rusănești,rusanesti,village,23.9800803,44.7157638
642,Afânata,afanata,village,23.9764496,44.70465
642,Giuleștii de Sus,giulestii de sus,village,23.9656106,44.6946853
642,Otetelișu,otetelisu,village,23.9606794,44.6368194
642,Bulzești,bulzesti,village,23.8903346,44.5326283
642,Murgași,murgasi,village,23.8656798,44.4984016
642,Picăturile,picaturile,village,23.8830819,44.4886668
642,Motoci,motoci,village,23.8411659,44.4275318
642,Benești,benesti,village,23.9083437,44.6566351
642,Vădăstrița,vadastrita,village,24.3386047,43.8471006
642,Vădastra,vadastra,village,24.3791167,43.8654204
642,Obârșia,obarsia,village,24.3291312,43.8887428
642,Ștefan cel Mare,stefan cel mare,village,24.2249281,43.8098659
642,Ianca,ianca,village,24.1766275,43.7832161
642,Grojdibodu,grojdibodu,village,24.2664767,43.7561766
642,Enoșești,enosesti,village,24.284813,44.3750575
642,Găneasa,ganeasa,village,24.2794711,44.400712
642,Colonești,colonesti,village,24.6777905,44.625681
642,Corbu,corbu,village,24.7120609,44.4913373
642,Vișina,visina,village,24.4534273,43.8661105
642,Vișina Nouă,visina noua,village,24.4141253,43.8713144
642,Vlădila,vladila,village,24.4083805,43.9972875
642,Studinița,studinita,village,24.4251411,43.9740563
642,Poboru,poboru,village,24.4982866,44.6644361
642,Izvoarele,izvoarele,village,24.527916,44.2646365
642,Spineni,spineni,village,24.560915,44.7002776
642,Pleșoiu,plesoiu,village,24.2740696,44.4563223
642,Movileni,movileni,village,24.640355,44.3697352
642,Copaciu,copaciu,village,25.7690739,44.1850326
642,Letca Nouă,letca noua,village,25.7414308,44.2353513
642,Letca Veche,letca veche,village,25.6854148,44.1992764
642,Mădulari,madulari,village,24.0929619,44.6833015
642,Gușoeni,gusoeni,village,24.1213349,44.7154931
642,Câmpu Cetății,campu cetatii,village,25.0139733,46.6704272
642,Lunca Bradului,lunca bradului,village,25.113736,46.9569793
642,Gurghiu,gurghiu,village,24.8579789,46.7722299
642,Șăulia,saulia,village,24.2136459,46.6438664
642,Prejmer,prejmer,village,25.7724871,45.7202793
642,Cărpiniș,carpinis,village,25.7674293,45.6647378
642,Teliu,teliu,village,25.8577037,45.698263
642,Popeni,popeni,village,23.1706125,47.2507384
642,Vulturești,vulturesti,village,24.3117004,44.7343067
642,Vulpeni,vulpeni,village,23.9205941,44.4562567
642,Voineasa,voineasa,village,24.1499231,44.273458
642,Vitomirești,vitomiresti,village,24.3909019,44.8637191
642,Tia Mare,tia mare,village,24.6341952,43.865702
642,Teslui,teslui,village,24.3591036,44.5144907
642,Valea Mare,valea mare,village,24.4445013,44.4688376
642,Șopârlița,soparlita,village,24.27436,44.2766002
642,Sprâncenata,sprancenata,village,24.6323638,44.0707019
642,Scărișoara,scarisoara,village,24.5769349,43.9935709
642,Gostavățu,gostavatu,village,24.5339172,44.07658
642,Dobrun,dobrun,village,24.2232446,44.2581406
642,Izbiceni,izbiceni,village,24.6617102,43.8245492
642,Iancu Jianu,iancu jianu,village,24.0326134,44.4967553
642,Mihăești,mihaesti,village,24.7903539,44.1228999
642,Ciurila,ciurila,village,23.5428265,46.6491245
642,Morunglav,morunglav,village,24.1081233,44.4608747
642,Cungrea,cungrea,village,24.3803818,44.6670052
642,Făgețelu,fagetelu,village,24.5322593,44.7835437
642,Fărcașele,farcasele,village,24.4339539,44.1488062
642,Icoana,icoana,village,24.7136101,44.4150447
642,Găvănești,gavanesti,village,24.0141251,44.4140638
642,Gârcov,garcov,village,24.6125426,43.7597694
642,Ghimpețeni,ghimpeteni,village,24.7694466,44.2794288
642,Giuvărăști,giuvarasti,village,24.6855927,43.7937827
642,Gura Padinii,gura padinii,village,24.3134967,43.7570442
642,Jieni,jieni,village,24.5916436,43.9515765
642,Rusănești,rusanesti,village,24.5958718,43.9395622
642,Schitu,schitu,village,24.5689316,44.3528846
642,Lisa,lisa,village,24.5315834,44.3516571
642,Lăunele,launele,village,24.4,44.8147472
642,Leleasca,leleasca,village,24.4524563,44.7840905
642,Leotești,leotesti,village,24.149149,44.3659014
642,Linia din Vale,linia din vale,village,24.3331283,44.4641885
642,Lăzărești,lazaresti,village,24.6290518,44.7174269
642,Jitaru,jitaru,village,24.5474573,44.546731
642,Pârteștii de Jos,partestii de jos,village,25.9448619,47.6388714
642,Humoreni,humoreni,village,25.9876748,47.6548687
642,Comănești,comanesti,village,25.9874989,47.6694925
642,Dâmbovicioara,dambovicioara,village,25.5527768,44.6750513
642,Săcărâmb,sacaramb,village,23.0395049,45.9749025
642,Berekböszörmény,berekboszormeny,village,21.6835918,47.0650084
642,Nyírábrány,nyirabrany,village,22.0207822,47.5494817
642,Panciu,panciu,town,27.0898993,45.9070912
642,Apátfalva,apatfalva,village,20.5746455,46.1768429
642,Nagylak,nagylak,village,20.7099536,46.1708718
642,Magyarcsanád,magyarcsanad,village,20.6099339,46.169666
642,Lőkösháza,lokoshaza,village,21.2307202,46.429761
642,Újszalonta,ujszalonta,village,21.4907282,46.8116753
642,Geszt,geszt,village,21.5814272,46.8821807
642,Körösnagyharsány,korosnagyharsany,village,21.6432828,47.0068863
642,Arpașu de Sus,arpasu de sus,village,24.6166593,45.7333376
642,Uiasca,uiasca,village,24.8144135,44.8815394
642,Roșcani,roscani,village,28.0200958,45.9114237
642,Vârteșcoiu,vartescoiu,village,27.0819493,45.7297864
642,Hotaru,hotaru,village,26.8515983,45.7267581
642,Titila,titila,village,26.836257,45.7221145
642,Clocotici,clocotici,village,21.8318791,45.243894
642,Popești,popesti,village,27.0970469,45.5908937
642,Dumbrăveni,dumbraveni,village,27.1062803,45.550557
642,Obrejița,obrejita,village,27.0777473,45.503892
642,Pecineaga,pecineaga,village,28.4979813,43.8971679
642,Nereju,nereju,village,26.7175335,45.7164013
642,Prisaca,prisaca,village,26.7809891,45.8620489
642,Năruja,naruja,village,26.7768854,45.8276187
642,Nistorești,nistoresti,village,26.722308,45.8295939
642,Prahuda,prahuda,village,26.7696988,45.7877943
642,Paltin,paltin,village,26.7185416,45.7807605
642,Zvorsca,zvorsca,village,24.1730012,43.9907743
642,Greșu,gresu,village,26.4964659,45.9492985
642,Grozești,grozesti,village,28.0554727,46.9903759
642,Țuțora,tutora,village,27.7939179,47.1341064
642,Movilița,movilita,village,27.1032774,45.9572941
642,Holbănești,holbanesti,village,27.0642894,45.9716867
642,Fitionești,fitionesti,village,27.057505,45.9857403
642,Păunești,paunesti,village,27.1133523,46.032254
642,Anghelești,anghelesti,village,27.0597843,46.0803072
642,Văleni,valeni,village,27.156096,46.0706155
642,Ruginești,ruginesti,village,27.1339517,46.0743073
642,Modruzeni,modruzeni,village,27.2329526,45.9053391
642,Pătrășcani,patrascani,village,27.1807604,45.8220326
642,Țifești,tifesti,village,27.0838123,45.8586281
642,Vitănești,vitanesti,village,27.0419722,45.8829053
642,Șerbești,serbesti,village,26.9640165,45.922669
642,Irești,iresti,village,26.9420076,45.9306072
642,Fundu Moldovei,fundu moldovei,village,25.4325564,47.5290898
642,Mirceștii Noi,mircestii noi,village,27.2724671,45.7506548
642,Ciușlea,ciuslea,village,27.3114968,45.7863688
642,Răchitosu,rachitosu,village,27.2613055,45.7912814
642,Beciu,beciu,village,27.0484618,45.737701
642,Faraoanele,faraoanele,village,27.0434837,45.7110969
642,Dălhăuți,dalhauti,village,27.0455173,45.6937027
642,Homocea,homocea,village,27.241185,46.1375058
642,Nicorești,nicoresti,village,27.3083392,45.9291743
642,Băleni,baleni,village,27.8479462,45.8076399
642,Simila,simila,village,27.6938784,46.2684917
642,Drujești,drujesti,village,27.6754075,46.3083132
642,Băcani,bacani,village,27.679219,46.3216603
642,Mânzu,manzu,village,27.0436858,45.0621159
642,Căiata,caiata,village,27.1528671,45.5265358
642,Râmniceni,ramniceni,village,27.4441376,45.5120417
642,Tătaru,tataru,village,27.4769249,45.5006127
642,Olăneasca,olaneasca,village,27.5298637,45.4508262
642,Gulianca,gulianca,village,27.5231581,45.4313212
642,Corbu Nou,corbu nou,village,27.5902654,45.410116
642,Măxineni,maxineni,village,27.6389732,45.4106636
642,Bogza,bogza,village,27.1943691,45.5104249
642,Colibași,colibasi,village,27.1248259,45.3852553
642,Fotin,fotin,village,27.1486257,45.3875369
642,Puieștii de Sus,puiestii de sus,village,27.1904006,45.3962256
642,Puieștii de Jos,puiestii de jos,village,27.2142004,45.3983486
642,Dăscălești,dascalesti,village,27.2482505,45.4070732
642,Codrești,codresti,village,27.271592,45.4217755
642,Ciorăști,ciorasti,village,27.3125977,45.431254
642,Stupina,stupina,village,27.4397123,45.4600186
642,Măcrina,macrina,village,27.1964087,45.3877871
642,Valea Râmnicului,valea ramnicului,village,27.0450401,45.3614564
642,Ziduri,ziduri,village,27.0773992,45.2854193
642,Bălăceanu,balaceanu,village,27.1369657,45.2466367
642,Galbenu,galbenu,village,27.158505,45.2103287
642,Sătuc,satuc,village,27.1592104,45.1882418
642,Jirlău,jirlau,village,27.1891029,45.1639457
642,Coroteni,coroteni,village,27.0330397,45.4845149
642,Liești,liesti,village,27.0471161,45.4959472
642,Gugești,gugesti,village,27.1286539,45.567018
642,Oreavu,oreavu,village,27.1505149,45.5889056
642,Jiliște,jiliste,village,27.241567,45.599706
642,Cotești,cotesti,village,27.0638485,45.6463562
642,Băbeni,babeni,village,26.9798482,45.4462776
642,Tănăsoaia,tanasoaia,village,27.3902502,46.1045389
642,Costișa,costisa,village,27.4239994,46.0934451
642,Butoiu de Sus,butoiu de sus,village,25.2864627,44.8604092
642,Ivăncești,ivancesti,village,27.139635,45.8071543
642,Putna,putna,village,27.0975543,45.8248953
642,Fetig,fetig,village,26.7827495,45.7396759
642,Bahnele,bahnele,village,26.7333633,45.6327019
642,Cerbu,cerbu,village,26.7131968,45.593513
642,Biliești,biliesti,village,27.3467393,45.7215256
642,Gura Vadului,gura vadului,village,26.4408079,45.0436796
642,Strezeni,strezeni,village,26.4946693,45.1573523
642,Jilavele,jilavele,village,26.5313139,44.7621658
642,Bărăitaru,baraitaru,village,26.3478273,44.8617826
642,Cireșanu,ciresanu,village,26.5105623,44.9819362
642,Greceanca,greceanca,village,26.5486507,45.0757812
642,Vintileanca,vintileanca,village,26.5789965,44.9815467
642,Lunca,lunca,village,26.6373996,44.9560095
642,Movila Banului,movila banului,village,26.6852752,44.9839089
642,Florica,florica,village,26.7660571,44.9085506
642,Brădeanu,bradeanu,village,26.8616832,44.9261946
642,Mitropolia,mitropolia,village,26.8771806,44.8787702
642,Roseți,roseti,village,27.4490188,44.2113858
642,Oltina,oltina,village,27.5654242,44.2424966
642,Unirea,unirea,village,27.5967733,44.2567661
642,Dâmbroca,dambroca,village,26.9524214,45.1197598
642,Găvănești,gavanesti,village,27.0639879,45.0858896
642,Banița,banita,village,27.1020967,45.1001895
642,Moșești,mosesti,village,27.148617,45.1199369
642,Robeasca,robeasca,village,27.1453156,45.1613568
642,Boboc,boboc,village,26.9822538,45.1932503
642,Gara Bobocu,gara bobocu,village,26.9341678,45.2106509
642,Poșta Câlnău,posta calnau,village,26.8677529,45.2358365
642,Ghergheasa,ghergheasa,village,27.2063004,45.2691585
642,Amara,amara,village,27.2931559,45.2461165
642,Câineni-Băi,caineni-bai,village,27.3232717,45.1868976
642,Balta Albă,balta alba,village,27.2848285,45.3046294
642,Boldu,boldu,village,27.2402692,45.3227859
642,Ulmu,ulmu,village,27.3293569,44.9506744
642,Cireșu,ciresu,village,27.3625991,44.9664637
642,Jugureanu,jugureanu,village,27.2775151,44.9410761
642,Caragele,caragele,village,27.0298809,44.9806836
642,Luciu,luciu,village,27.0771448,44.974075
642,Rușețu,rusetu,village,27.2180788,44.9575571
642,Dragoș Vodă,dragos voda,village,27.1648637,44.4384851
642,Radu Vodă,radu voda,village,26.926394,44.3865892
642,Plevna,plevna,village,26.9954365,44.3641405
642,Tudor Vladimirescu,tudor vladimirescu,village,27.4650842,44.435571
642,Perișoru,perisoru,village,27.5443505,44.4359441
642,Ștefan cel Mare,stefan cel mare,village,27.6414912,44.4266169
642,Jegălia,jegalia,village,27.6343401,44.2914482
642,Dealu Cucului,dealu cucului,village,26.9953973,45.6722995
642,Târâtu,taratu,village,26.8948037,45.7013199
642,Petreanu,petreanu,village,26.9363443,45.6960446
642,Mahriu,mahriu,village,26.965657,45.6722755
642,Dragosloveni,dragosloveni,village,27.0770363,45.5616967
642,Gura Caliței,gura calitei,village,27.0252664,45.5838263
642,Poenile,poenile,village,26.982866,45.6232183
642,Poiana Cristei,poiana cristei,village,27.0005893,45.6539912
642,Plopu,plopu,village,26.961438,45.6283908
642,Tinoasa,tinoasa,village,26.8943789,45.6137519
642,Lăstuni,lastuni,village,26.8925802,45.5988725
642,Dumitrești,dumitresti,village,26.9182309,45.5555029
642,Dumitreștii de Sus,dumitrestii de sus,village,26.8945845,45.5586656
642,Motnău,motnau,village,26.8806416,45.581491
642,Tinoasa,tinoasa,suburb,26.1869828,45.9972616
642,Peștera,pestera,village,28.1269829,44.1842829
642,Valea Dacilor,valea dacilor,village,28.3182465,44.1940581
642,Ciocârlia,ciocarlia,village,28.2890716,44.1038274
642,Ciocârlia de Sus,ciocarlia de sus,village,28.3328157,44.1175315
642,Bărăganu,baraganu,village,28.4200462,44.0887485
642,Humosu,humosu,village,26.7325229,47.4572835
642,Berezlogi,berezlogi,village,26.7548904,47.4302968
642,Aiton,aiton,village,23.7432308,46.684227
642,Rediu,rediu,village,23.6927622,46.684227
642,Vâlcele,valcele,village,23.6489338,46.6801411
642,Feleacu,feleacu,village,23.6181378,46.7146865
642,Pietrosu,pietrosu,village,26.6141707,47.3396077
642,Heci,heci,village,26.6612831,47.3403347
642,Bursuc-Deal,bursuc-deal,village,26.6759614,47.3248
642,Conțești,contesti,village,26.6560475,47.3086267
642,Valea Seacă,valea seaca,village,26.6682366,47.2916273
642,Bursuc-Vale,bursuc-vale,village,26.6986195,47.3133986
642,Lespezi,lespezi,village,26.6924408,47.3606847
642,Sirețel,siretel,village,26.7221811,47.3846329
642,Slobozia,slobozia,village,26.7418463,47.3986994
642,Sticlăria,sticlaria,village,26.8282679,47.4016284
642,Scobinți,scobinti,village,26.9133427,47.4026861
642,Satu Nou,satu nou,village,26.7190904,47.4179801
642,Lunca,lunca,village,26.7372015,47.2860383
642,Tătăruși,tatarusi,village,26.5937355,47.3444611
642,Sodomeni,sodomeni,village,26.6844751,47.2223332
642,Șirul Stâncilor,sirul stancilor,locality,25.6582767,45.5688852
642,Robești,robesti,village,26.5847526,45.2956004
642,Galda de Jos,galda de jos,village,23.6218337,46.1791936
642,Poplaca,poplaca,village,24.0496331,45.7274416
642,Orlat,orlat,village,23.9689223,45.7559436
642,Sibiel,sibiel,village,23.9082395,45.7663398
642,Crinț,crint,hamlet,23.8022453,45.7251635
642,Păltiniș,paltinis,village,23.931982,45.6530452
642,Pîrcovaci,pircovaci,village,26.8473168,47.4363472
642,Odorheiu Secuiesc,odorheiu secuiesc,city,25.2950261,46.3047462
642,Surcea,surcea,village,26.0807814,45.8834226
642,Telechia,telechia,village,26.0423292,45.8590399
642,Moacșa,moacsa,village,25.972115,45.8733426
642,Leț,let,village,26.0182425,45.8558741
642,Angheluș,anghelus,village,25.885259,45.8767304
642,Aita Medie,aita medie,village,25.6070861,45.9775661
642,Aita Mare,aita mare,village,25.5637931,45.9680672
642,Căpeni,capeni,village,25.5783285,46.0401006
642,Arini,arini,village,25.5646808,45.8877601
642,Podu Oltului,podu oltului,village,25.7288055,45.76401
642,Dobolii de Jos,dobolii de jos,village,25.7561389,45.7795141
642,Ilieni,ilieni,village,25.7710043,45.7944297
642,Șinca Veche,sinca veche,village,25.1677039,45.7635542
642,Șinca Nouă,sinca noua,village,25.2433552,45.6993096
642,Poiana Mărului,poiana marului,village,25.3067715,45.6061251
642,Calbor,calbor,village,24.9020346,45.8702495
642,Șoarș,soars,village,24.9300568,45.9284142
642,Lovnic,lovnic,village,25.0083936,45.9849846
642,Dacia,dacia,village,25.1508488,46.0092099
642,Zgribești,zgribesti,village,22.027588,45.5303354
642,Duboz,duboz,village,21.5469841,45.5504365
642,Malu Mare,malu mare,village,23.8568161,44.241451
642,Secui,secui,village,23.8611581,44.1942307
642,Ghindeni,ghindeni,village,23.9273689,44.2135281
642,Teasc,teasc,village,23.8681412,44.1656507
642,Bădoși,badosi,village,23.887901,44.1473475
642,Rojiște,rojiste,village,23.9383504,44.0683524
642,Georocel,georocel,village,23.9675801,43.9804741
642,Căciulătești,caciulatesti,village,23.9498841,43.9363127
642,Sadova,sadova,village,23.9422699,43.9019211
642,Piscu Sadovei,piscu sadovei,village,23.9355622,43.8747904
642,Ostroveni,ostroveni,village,23.8959059,43.809832
642,Nedeia,nedeia,village,23.7745843,43.848508
642,Măceșu de Jos,macesu de jos,village,23.7111335,43.8789355
642,Bohotin,bohotin,village,27.9775812,46.9421428
642,Chiperești,chiperesti,village,27.7641619,47.1176938
642,Vidra,vidra,village,26.9033134,45.9099029
642,Valea Sării,valea sarii,village,26.7986967,45.8773552
642,Bârsești,barsesti,village,26.7397888,45.9118565
642,Tulnici,tulnici,village,26.6735857,45.9186656
642,Hăulișca,haulisca,village,26.6819009,45.8805298
642,Ploștina,plostina,village,26.6561388,45.8503593
642,Coza,coza,village,26.6582035,45.8961314
642,Negrilești,negrilesti,village,26.7060225,45.9376254
642,Dragosloveni,dragosloveni,village,26.666278,46.0003468
642,Gura Văii,gura vaii,village,26.7376827,46.0517014
642,Fetești,fetesti,village,26.7589687,46.0278693
642,Câmpuri,campuri,village,26.806004,46.0098693
642,Răcoasa,racoasa,village,26.8793905,45.9922131
642,Varnița,varnita,village,26.9598037,45.9750235
642,Străoane,straoane,village,27.0459777,45.9349242
642,Muncelu,muncelu,village,27.0344765,45.9513971
642,Stolnici,stolnici,village,24.7813964,44.5625785
642,Livezile,livezile,village,26.8415736,45.9558418
642,Vizantea Răzășească,vizantea razaseasca,village,26.8077563,45.9739786
642,Vizantea Mănăstirească,vizantea manastireasca,village,26.7741461,45.9876527
642,Viișoara,viisoara,village,26.8295143,45.9231998
642,Terpezița,terpezita,village,23.5036719,44.294919
642,Plopșor,plopsor,village,23.4102482,44.2531376
642,Vârtop,vartop,village,23.3486423,44.2062536
642,Caraula,caraula,village,23.2480488,44.1943163
642,Unirea,unirea,village,23.1762531,44.1567239
642,Cetate,cetate,village,23.0475514,44.1114259
642,Corlate,corlate,village,23.3174,44.1748668
642,Orodel,orodel,village,23.2463407,44.2440187
642,Plenița,plenita,village,23.1862593,44.2227404
642,Sălcioara,salcioara,village,28.896846,44.8026051
642,Lunca,lunca,village,28.777198,44.7302103
642,Ceamurlia de Jos,ceamurlia de jos,village,28.7274162,44.7381367
642,Ceamurlia de Sus,ceamurlia de sus,village,28.6054705,44.7637116
642,Beidaud,beidaud,village,28.5847658,44.7120365
642,Casimcea,casimcea,village,28.379287,44.7139884
642,Rahman,rahman,village,28.272857,44.7991947
642,Stejaru,stejaru,village,28.5456269,44.7700754
642,Vasile Alecsandri,vasile alecsandri,village,28.5066072,44.7924329
642,Cerbu,cerbu,hamlet,28.4246056,44.8307343
642,Bicaz-Chei,bicaz-chei,village,25.8754235,46.8277754
642,Boholt,boholt,village,22.9230057,45.9486192
642,Dudovicești,dudovicesti,village,23.7786553,44.3856074
642,Cornetu,cornetu,village,23.7841939,44.4413728
642,Rodna,rodna,village,24.8162961,47.4230338
642,Șanț,sant,village,24.8886962,47.439513
642,Roma,roma,village,26.6129285,47.836931
642,Nicșeni,nicseni,village,26.6339316,47.8568799
642,Budăi,budai,village,27.2170801,47.2183903
642,Mădârjești,madarjesti,village,27.1455422,47.2173792
642,Bălțați,baltati,village,27.1234235,47.2220344
642,Războieni,razboieni,village,27.0465727,47.2170752
642,Strunga,strunga,village,26.9543371,47.1673277
642,Hăbășești,habasesti,village,26.9536581,47.1547249
642,Brătulești,bratulesti,village,26.9669627,47.1271552
642,Miclăușeni,miclauseni,village,26.9313346,47.0939861
642,Butea,butea,village,26.9357977,47.0736473
642,Mircești,mircesti,village,26.8473921,47.0651121
642,Răchiteni,rachiteni,village,26.9133755,47.053348
642,Ursărești,ursaresti,village,26.8945989,47.0587976
642,Izvoarele,izvoarele,village,26.8978526,47.045467
642,Barticești,barticesti,village,26.7850791,47.0564586
642,Ciohorăni,ciohorani,village,26.6862267,47.1348506
642,Miroslovești,miroslovesti,village,26.6478175,47.1521527
642,Soci,soci,village,26.6440886,47.1827252
642,Boureni,boureni,village,26.6252622,47.2089753
642,Blăgești,blagesti,village,26.764308,47.249658
642,Hărmăneștii Noi,harmanestii noi,village,26.7973994,47.2537325
642,Giurgești,giurgesti,village,26.905415,47.2484914
642,Costești,costesti,village,26.9304694,47.2327642
642,Dădești,dadesti,village,26.9747662,47.2174861
642,Romanu,romanu,village,27.7447239,45.2914342
642,Gemenele,gemenele,village,27.6406869,45.2851885
642,Râmnicelu,ramnicelu,village,27.5438801,45.2814099
642,Constantinești,constantinesti,village,27.4772755,45.2881735
642,Șuțești,sutesti,village,27.4372784,45.2253378
642,Dudești,dudesti,village,27.4344812,44.8888041
642,Tătaru,tataru,village,27.431842,44.848446
642,Roșiori,rosiori,village,27.3840236,44.8061202
642,Traian,traian,village,27.3437017,44.7623163
642,Smirna,smirna,village,27.3528768,44.7236059
642,Iazu,iazu,village,27.4207989,44.7328336
642,Scânteia,scanteia,village,27.4656986,44.7337406
642,Murgeanca,murgeanca,village,27.5699726,44.7070969
642,Valea Ciorii,valea ciorii,village,27.5548664,44.717954
642,Cervicești,cervicesti,village,26.5114916,47.7987507
642,Leorda,leorda,village,26.477462,47.817136
642,Dolina,dolina,village,26.4541565,47.8279164
642,Brăești,braesti,village,26.459895,47.8592833
642,Văculești,vaculesti,village,26.4053428,47.8782613
642,Saucenița,saucenita,village,26.3971456,47.8924359
642,Dealu Mare,dealu mare,village,26.4141299,47.9243496
642,Dorohoi,dorohoi,city,26.3969973,47.9537609
642,Vârfu Câmpului,varfu campului,village,26.3274664,47.844856
642,Dumbrăvița,dumbravita,village,26.428064,48.0194472
642,Dragalina,dragalina,village,26.4591347,48.0572093
642,Smârdan,smardan,village,26.4723526,48.0816424
642,Lișna,lisna,village,26.4818434,48.104712
642,Mlenăuți,mlenauti,village,26.488078,48.1265247
642,Hudești,hudesti,village,26.5161263,48.1404406
642,Păltiniș,paltinis,village,26.6507088,48.2157597
642,Horodiștea,horodistea,village,26.7331062,48.2358871
642,Rediu,rediu,village,26.774305,48.2287977
642,Rădăuți-Prut,radauti-prut,village,26.8068359,48.2400203
642,Miorcani,miorcani,village,26.8580215,48.2000726
642,Ghireni,ghireni,village,26.8853699,48.1536123
642,Mitoc,mitoc,village,27.022699,48.0983832
642,Liveni,liveni,village,27.0618378,48.0584714
642,Ripiceni,ripiceni,village,27.1437203,47.9477494
642,Stânca,stanca,village,27.1983708,47.8207527
642,Bobulești,bobulesti,village,27.2247524,47.7532976
642,Românești,romanesti,village,27.2346613,47.7320574
642,Santa Mare,santa mare,village,27.3458366,47.6061875
642,Tabăra,tabara,village,27.4133231,47.5765487
642,Bivolari,bivolari,village,27.4444348,47.5186439
642,Trifești,trifesti,village,27.5055793,47.4584008
642,Bălteni,balteni,village,27.5009463,47.4062586
642,Probota,probota,village,27.5064395,47.3782519
642,Cucuteni,cucuteni,village,27.1244654,47.7768973
642,Guranda,guranda,village,27.0708418,47.775585
642,Trușești,trusesti,village,27.0105613,47.7698058
642,Drislea,drislea,village,26.9707677,47.7662656
642,Blândești,blandesti,village,26.8631094,47.7118504
642,Victoria,victoria,village,26.8002813,47.7259401
642,Stăuceni,stauceni,village,26.7486451,47.7294371
642,Podu Hagiului,podu hagiului,village,28.078285,46.8610845
642,Gorban,gorban,village,28.08189,46.8798573
642,Gura Bohotin,gura bohotin,village,28.0528791,46.9125882
642,Cozmești,cozmesti,village,27.9957332,46.8761144
642,Zberoaia,zberoaia,village,28.0406912,46.9220857
642,Isaiia,isaiia,village,28.0096205,46.9358014
642,Moșna,mosna,village,27.9588088,46.9217299
642,Roșu,rosu,village,27.956855,46.9885631
642,Covasna,covasna,village,27.8481729,47.00286
642,Hilița,hilita,village,27.825867,47.0026629
642,Comarna,comarna,village,27.7886924,47.0567419
642,Curagău,curagau,village,27.753845,47.0586171
642,Ungheni,ungheni,village,27.7821315,47.1978127
642,Oprișeni,opriseni,village,27.8242262,47.129082
642,Moreni,moreni,village,27.8699138,47.0990645
642,Prisăcani,prisacani,village,27.8832257,47.0791583
642,Măcărești,macaresti,village,27.9658382,47.0346382
642,Colțu Cornii,coltu cornii,village,27.9924629,47.0284311
642,Sălăgeni,salageni,village,28.0226925,47.0166761
642,Huși,husi,city,28.0620905,46.6720031
642,Coropceni,coropceni,village,27.8233502,46.9394825
642,Satu Nou,satu nou,village,27.8093593,46.9670737
642,Poiana,poiana,village,27.7983587,46.9864476
642,Dumitreștii Gălății,dumitrestii galatii,village,27.7748777,47.0154075
642,Schitu Duca,schitu duca,village,27.7695392,47.035324
642,Blaga,blaga,village,27.7428158,47.0306075
642,Poieni,poieni,village,27.7134658,47.050841
642,Sighiștel,sighistel,village,22.5411192,46.5184771
642,Podeni,podeni,village,26.6519487,47.923333
642,Dorobanți,dorobanti,village,26.6512002,47.8816853
642,Ivănești,ivanesti,village,27.4635265,46.6441014
642,Dragomirești,dragomiresti,village,27.3594454,46.6329606
642,Vladia,vladia,village,27.311157,46.638324
642,Fundu Tutovei,fundu tutovei,village,27.1822393,46.6994292
642,Odobești,odobesti,village,27.1492144,46.6759339
642,Terca,terca,village,26.5334467,45.5188563
642,Lopătari,lopatari,village,26.5925145,45.4832312
642,Rebricea,rebricea,village,27.560144,46.8659696
642,Bodești,bodesti,village,27.5992749,46.914775
642,Căuești,cauesti,village,27.5476048,46.9184099
642,Șcheia,scheia,village,27.5162202,46.9303649
642,Ciocârlești,ciocarlesti,village,27.5513892,46.9349365
642,Lunca,lunca,village,27.5658524,46.9498123
642,Lunca Rateș,lunca rates,village,27.5775254,46.9525075
642,Valea Satului,valea satului,village,27.5516045,46.952859
642,Grajduri,grajduri,village,27.5388242,46.9728172
642,Poiana Șcheii,poiana scheii,village,27.4937614,46.9600007
642,Pădureni,padureni,village,27.5548269,46.9918552
642,Cărbunari,carbunari,village,27.5188895,46.9937345
642,Poiana cu Cetate,poiana cu cetate,village,27.6031194,46.9888467
642,Slobozia,slobozia,village,27.6124299,47.0183916
642,Mogoșești,mogosesti,village,27.5151798,47.0417339
642,Picioru Lupului,picioru lupului,village,27.5766201,47.0390228
642,Ciurea,ciurea,village,27.5675468,47.0609618
642,Dumbrava,dumbrava,village,27.5501838,47.0767952
642,Dobrovăț,dobrovat,village,27.7232238,46.9673742
642,Slobozia,slobozia,village,27.7443619,46.9880042
642,Pocreaca,pocreaca,village,27.7693975,46.9698352
642,Mînjești,minjesti,village,27.4743146,47.0569147
642,Budești,budesti,village,27.4858193,47.051187
642,Hadâmbu,hadambu,village,27.4561084,47.0149535
642,Schitu Hadâmbu,schitu hadambu,village,27.4335119,47.0099415
642,Slobozia,slobozia,village,27.4159883,47.0568382
642,Urșița,ursita,village,27.4101046,47.0159947
642,Domnița,domnita,village,27.336299,47.0288397
642,Poiana de Sus,poiana de sus,village,27.3177595,47.0071886
642,Runcu,runcu,village,27.2832556,47.0071886
642,Tunarii Vechi,tunarii vechi,village,23.1190301,43.9115501
642,Poiana Mare,poiana mare,village,23.0649446,43.9193248
642,Piscu Vechi,piscu vechi,village,23.1617078,43.8998883
642,Rast,rast,village,23.2813472,43.8851672
642,Negoi,negoi,village,23.3690662,43.9146057
642,Catane,catane,village,23.4118099,43.9277123
642,Brândușa,brandusa,village,23.5637302,43.9169552
642,Goicea,goicea,village,23.6193485,43.9204174
642,Bârca,barca,village,23.6210651,43.9662733
642,Aurel Vlaicu,aurel vlaicu,village,26.9098622,48.0011123
642,Avrămeni,avrameni,village,26.9479818,48.0156761
642,Șomcutu Mic,somcutu mic,village,23.7591527,47.1591431
642,Răzbuneni,razbuneni,village,23.6988996,47.1467689
642,Bobâlna,bobalna,village,23.6431096,47.1411646
642,Brodoc,brodoc,village,27.6738718,46.6509009
642,Cotu Vameș,cotu vames,village,26.956554,46.9076594
642,Ion Creangă,ion creanga,village,26.9834194,46.8703405
642,Stejaru,stejaru,village,27.0481497,46.8490312
642,Moldova Nouă,moldova noua,town,21.6657727,44.7351089
642,Călugărenii Noi,calugarenii noi,village,26.6673741,47.9178541
642,Pungești,pungesti,village,27.3379604,46.7086053
642,Poienești,poienesti,village,27.5395034,46.6088245
642,Poienești-Deal,poienesti-deal,village,27.5430308,46.579394
642,Florești,floresti,village,27.5563346,46.5518361
642,Morăreni,morareni,village,27.5912263,46.5121762
642,Buda,buda,village,27.6056872,46.4675412
642,Alexandru Vlahuță,alexandru vlahuta,village,27.6396762,46.4261434
642,Zorleni,zorleni,village,27.7216068,46.2659274
642,Băcăoani,bacaoani,village,27.7796868,46.5790478
642,Muntenii de Jos,muntenii de jos,village,27.7678038,46.6060492
642,Biharia,biharia,village,21.9221883,47.1515076
642,Cauaceu,cauaceu,village,21.9438176,47.1655146
642,Sălard,salard,village,22.0310216,47.2182413
642,Viișoara,viisoara,village,22.4431806,47.3851731
642,Păgaia,pagaia,village,22.4943357,47.4080646
642,Cean,cean,village,22.5205999,47.4445312
642,Cig,cig,village,22.6372277,47.5289516
642,Craidorolț,craidorolt,village,22.7039343,47.61341
642,Pișcari,piscari,village,22.7301985,47.6523938
642,Cordăreni,cordareni,village,26.5903052,48.0014489
642,Corlăteni,corlateni,village,26.5518084,47.9284351
642,Dumbrava,dumbrava,village,26.8858119,46.308887
642,Ciucani,ciucani,village,26.9234312,46.3609573
642,Cleja,cleja,village,26.9180432,46.4097552
642,Faraoani,faraoani,village,26.8961961,46.4319324
642,Valea Seacă,valea seaca,village,26.8813958,46.4646423
642,Brătești,bratesti,village,26.642866,46.3253155
642,Bârsănești,barsanesti,village,26.6899012,46.3307682
642,Pârgărești,pargaresti,village,26.6528306,46.2527885
642,Nicorești,nicoresti,village,26.6468243,46.2351326
642,Oituz,oituz,village,26.6245454,46.2045857
642,Bahna,bahna,village,26.6492316,46.2246096
642,Vâlcele,valcele,village,26.5982769,46.2996301
642,Viișoara,viisoara,village,26.6674135,46.2817929
642,Craiova,craiova,city,23.7965614,44.3190159
642,Izvoare,izvoare,village,26.4662168,46.912413
642,Dochia,dochia,village,26.5666177,46.9079664
642,Mărgineni,margineni,village,26.6481779,46.8942339
642,Făurei,faurei,village,26.7122075,46.9085431
642,Climești,climesti,village,26.7417334,46.9097159
642,Trifești,trifesti,village,26.8622396,46.8981048
642,Luțca,lutca,village,26.978325,46.9635316
642,Sagna,sagna,village,27.007982,46.9708697
642,Boghicea,boghicea,village,27.0735547,47.0524779
642,Stornești,stornesti,village,27.1662519,47.1157145
642,Crucea,crucea,village,27.1737967,47.1659243
642,Ighiu,ighiu,village,23.5187599,46.1447556
642,Epureni,epureni,village,28.0403474,46.7061693
642,Duda,duda,village,28.0440435,46.7476156
642,Pâhnești,pahnesti,village,28.0418119,46.778777
642,Fundătura,fundatura,village,28.0294523,46.7955849
642,Arsura,arsura,village,28.0268774,46.8128576
642,Ghermănești,ghermanesti,village,28.0795917,46.8299785
642,Tufești,tufesti,village,27.809749,44.9914308
642,Hezeriș,hezeris,village,21.925763,45.7273687
642,Valea Lungă Română,valea lunga romana,village,21.956153,45.7541538
642,Cliciova,cliciova,village,21.9618178,45.794623
642,Ohaba Lungă,ohaba lunga,village,21.9836847,45.9070434
642,Liubcova,liubcova,village,21.8925445,44.6574321
642,Sichevița,sichevita,village,21.8433536,44.6939142
642,Gornea,gornea,village,21.8544311,44.6820777
642,Gârnic,garnic,village,21.7904712,44.7512548
642,Padina Matei,padina matei,village,21.7479096,44.7596783
642,Moldovița,moldovita,village,21.7134057,44.7851203
642,Cărbunari,carbunari,village,21.7485965,44.8366346
642,Sasca Montană,sasca montana,village,21.7092861,44.8870081
642,Dacia,dacia,village,26.6924048,47.8434478
642,Ibănești,ibanesti,village,26.3839921,48.0616649
642,Cristinești,cristinesti,village,26.3950063,48.0935418
642,Baranca,baranca,village,26.318102,48.1380089
642,Fundu Herții,fundu hertii,village,26.310535,48.110576
642,Suharău,suharau,village,26.436573,48.1177184
642,Oroftiana,oroftiana,village,26.3641073,48.1777445
642,Baranca,baranca,village,26.4825536,48.1963993
642,Bajura,bajura,village,26.5392405,48.1980765
642,Murgeni,murgeni,town,28.0233526,46.203774
642,Vicovu de Sus,vicovu de sus,town,25.6711233,47.9243533
642,Horodnic de Sus,horodnic de sus,village,25.8354493,47.8356312
642,Deleni,deleni,village,23.6389067,46.6045335
642,Mihăileni,mihaileni,village,26.1429047,47.9670751
642,Călinești,calinesti,village,26.4708225,47.7616017
642,Cucorăni,cucorani,village,26.5159279,47.7798516
642,Oarja,oarja,village,24.9751599,44.7578734
642,Hălmeag,halmeag,village,25.1322453,45.8662985
642,Crihalma,crihalma,village,25.1983457,45.9243243
642,Ungra,ungra,village,25.2622273,45.981679
642,Șutu,sutu,village,23.5414657,46.614315
642,Agriș,agris,village,23.5193946,46.594214
642,Cacova Ierii,cacova ierii,village,23.4623376,46.5417856
642,Ocolișel,ocolisel,village,23.4873942,46.5143846
642,Runc,runc,village,23.449071,46.5019814
642,Lunca Largă,lunca larga,village,23.4214999,46.5260906
642,Lăceni,laceni,village,25.3323628,44.0853256
642,Jitia,jitia,village,26.747234,45.5860219
642,Vintileasca,vintileasca,village,26.7094684,45.6139182
642,Neculele,neculele,village,26.7120434,45.6279333
642,Luguzău,luguzau,village,21.9352293,46.3321292
642,Camna,camna,village,21.9487903,46.3105352
642,Măcin,macin,town,28.1341543,45.247359
642,Jijila,jijila,village,28.1493568,45.3051589
642,Greci,greci,village,28.2329559,45.1901029
642,Nifon,nifon,village,28.3716004,45.1547455
642,Luncavița,luncavita,village,28.2770471,45.2869476
642,Revărsarea,revarsarea,village,28.3869361,45.2776247
642,Isaccea,isaccea,town,28.4571456,45.2721887
642,Niculițel,niculitel,village,28.4779057,45.1833192
642,Somova,somova,village,28.658676,45.1920384
642,Mineri,mineri,village,28.7146376,45.1639652
642,Ojdula,ojdula,village,26.2605023,45.9873517
642,Hilib,hilib,village,26.2383866,45.9712206
642,Catalina,catalina,village,26.1590791,45.9685957
642,Ghelința,ghelinta,village,26.2411332,45.9431761
642,Harale,harale,village,26.2085176,45.9257456
642,Ianculești,ianculesti,village,25.9250492,44.1391996
642,Schitu,schitu,village,25.8385319,44.1412939
642,Petru Rareș,petru rares,village,25.7916187,44.097412
642,Mândra,mandra,village,24.809744,44.2149284
642,Socetu,socetu,village,24.8518128,44.1970561
642,Barza,barza,village,24.7866566,44.3285108
642,Tufeni,tufeni,village,24.7989186,44.3711573
642,Stoicănești,stoicanesti,village,24.6406897,44.184544
642,Cerna,cerna,village,28.3001771,45.0795508
642,Turcoaia,turcoaia,village,28.1936681,45.1196328
642,Hamcearca,hamcearca,village,28.3940795,45.1167276
642,Tirol,tirol,village,21.5954139,45.3329245
642,Rași,rasi,village,26.9252414,44.5356412
642,Orezu,orezu,village,26.9958634,44.5854498
642,Ciochina,ciochina,village,27.0586914,44.5979187
642,Crunți,crunti,village,27.1104276,44.6617105
642,Bordușelu,borduselu,village,27.0435942,44.5580737
642,Satu Nou,satu nou,village,27.7484373,46.6942385
642,Moara Grecilor,moara grecilor,suburb,27.7454139,46.6720765
642,Grindu,grindu,village,28.2012984,45.4071019
642,Cilieni,cilieni,village,24.6121711,43.9024078
642,Ipotești,ipotesti,village,24.3984153,44.3156042
642,Podu Șchiopului,podu schiopului,village,26.6542748,45.8107147
642,Vetrești-Herăstrău,vetresti-herastrau,village,26.6601459,45.8092387
642,Hărțăgani,hartagani,village,22.9242017,46.0467065
642,Amărăștii de Jos,amarastii de jos,village,24.1638795,43.9520701
642,Daneți,daneti,village,24.0433044,43.9742686
642,Mârșani,marsani,village,24.0146693,44.0108338
642,Castranova,castranova,village,24.0135251,44.1174288
642,Amărăștii de Sus,amarastii de sus,village,24.1584958,43.980319
642,Islaz,islaz,village,24.7570489,43.7271174
642,Vâlcele,valcele,village,25.683013,45.8539529
642,Carpen,carpen,village,23.259387,44.3353173
642,Călărași,calarasi,village,24.0451396,43.7934194
642,Moțăței,motatei,village,23.2002077,44.0962384
642,Galicea Mare,galicea mare,village,23.3083557,44.0978831
642,Maglavit,maglavit,village,23.0988387,44.0334267
642,Dobridor,dobridor,village,23.1677977,44.1184403
642,Verbița,verbita,village,23.1677291,44.3022828
642,Chișoda,chisoda,village,21.2118511,45.7030206
642,Bacova,bacova,village,21.5520014,45.6660194
642,Ciupercenii Noi,ciupercenii noi,village,22.9496573,43.9102217
642,Roșiori,rosiori,village,26.7214496,47.7593186
642,Cișmea,cismea,village,26.66981,47.7664152
642,Curtești,curtesti,village,26.6474635,47.7169501
642,Agafton,agafton,village,26.5981967,47.7085184
642,Hudum,hudum,village,26.6294138,47.734794
642,Drajna de Sus,drajna de sus,village,26.0690884,45.2600153
642,Maxenu,maxenu,village,26.8558164,45.0509055
642,Secăria,secaria,village,25.6849605,45.2741439
642,Merii Petchii,merii petchii,village,26.3095893,44.7416772
642,Valea Cucului,valea cucului,village,26.2265853,45.0653042
642,Poiana,poiana,village,26.8593525,47.4890645
642,Feredeni,feredeni,village,26.876347,47.4851204
642,Deleni,deleni,village,26.8800092,47.4556188
642,Maxut,maxut,village,26.8927571,47.4417496
642,Ursoaia,ursoaia,village,26.8169798,45.7774874
642,Vâlcani,valcani,village,26.8041109,45.7762354
642,Piscu Reghiului,piscu reghiului,village,26.8059992,45.7949097
642,Ghebari,ghebari,village,26.7854213,45.7814134
642,Răiuți,raiuti,village,26.8355037,45.8221129
642,Farcaș,farcas,village,26.8275709,45.805914
642,Călmățui,calmatui,village,27.6373023,45.684032
642,Grivița,grivita,village,27.6507459,45.7124908
642,Vărbila,varbila,village,26.1918719,45.0456148
642,Jercălăi,jercalai,village,26.2249034,45.0214592
642,Plopu,plopu,village,26.1421411,45.0133593
642,Oarba de Mureș,oarba de mures,village,24.2907831,46.4632537
642,Gura Bădicului,gura badicului,village,26.6299508,45.5113167
642,Trestioara,trestioara,village,26.6109393,45.5031661
642,Buștea,bustea,village,26.6190875,45.5224166
642,Grunj,grunj,village,26.6412032,45.490574
642,Cârniceni,carniceni,village,27.5082291,47.33988
642,Țigănăși,tiganasi,village,27.4708051,47.3303458
642,Mihail Kogălniceanu,mihail kogalniceanu,village,27.4160432,47.3467458
642,Vlădeni,vladeni,village,27.3302211,47.4158996
642,Hălceni,halceni,village,27.2626522,47.4389907
642,Șipote,sipote,village,27.2160615,47.4695402
642,Mitoc,mitoc,village,27.2390642,47.4635057
642,Chișcăreni,chiscareni,village,27.1955792,47.4591655
642,Iazu Nou,iazu nou,village,27.2061696,47.4834341
642,Rediu,rediu,village,27.242636,47.5360908
642,Stolniceni,stolniceni,village,27.2483942,47.5696199
642,Glăvănești,glavanesti,village,27.2720844,47.5506661
642,Andrieșeni,andrieseni,village,27.2902192,47.529151
642,Fântânele,fantanele,village,27.316386,47.5110539
642,Spineni,spineni,village,27.3180284,47.4961067
642,Radovanu,radovanu,village,26.5151494,44.1938665
642,Valea Popii,valea popii,village,26.546178,44.1632096
642,Crivăț,crivat,village,26.4375584,44.1912818
642,Moldova Veche,moldova veche,village,21.6198348,44.7213534
642,Hermeziu,hermeziu,village,27.5530076,47.4426843
642,Vladomira,vladomira,village,27.5639659,47.4197292
642,Șendreni,sendreni,village,27.58322,47.3585613
642,Frăsuleni,frasuleni,village,27.5921558,47.3356134
642,Vulturești,vulturesti,village,27.5269584,46.8103598
642,Siliștea,silistea,village,27.4037056,46.8403108
642,Todirești,todiresti,village,27.3760681,46.8424243
642,Dumești,dumesti,village,27.2961823,46.8469139
642,Crăiești,craiesti,village,27.1752243,46.8521691
642,Gâdinți,gadinti,village,27.0056228,46.9363935
642,Recea,recea,village,26.9542961,46.8492341
642,Icușești,icusesti,village,26.9508521,46.806408
642,Rocna,rocna,village,26.9763546,46.7707578
642,Cernat,cernat,village,26.0353197,45.9503447
642,Sântionlunca,santionlunca,village,25.8744753,45.82486
642,Lunca Câlnicului,lunca calnicului,village,25.775514,45.7555093
642,Ozun,ozun,village,25.8476644,45.8008193
642,Budila,budila,village,25.8065767,45.6740878
642,Nojag,nojag,village,22.9884785,45.9546103
642,Alexandru cel Bun,alexandru cel bun,village,27.2930093,47.4579873
642,Buhăeni,buhaeni,village,27.2786962,47.5086122
642,Hlipiceni,hlipiceni,village,27.1486449,47.5965334
642,Strâmba,stramba,village,24.6467872,47.2269929
642,Rozsály,rozsaly,village,22.7982445,47.9242429
642,Méhtelek,mehtelek,village,22.8477023,47.9316765
642,Garbolc,garbolc,village,22.8617631,47.9446307
642,Zajta,zajta,village,22.7950737,47.9089877
642,Satu Nou,satu nou,village,25.6351358,44.0606055
642,Toporu,toporu,village,25.659884,44.0186321
642,Santăul Mare,santaul mare,village,21.8376923,47.1694107
642,Santăul Mic,santaul mic,village,21.8325424,47.1427962
642,Ogretin,ogretin,village,26.0875752,45.2607524
642,Nucșoara de Sus,nucsoara de sus,village,26.1168815,45.2923846
642,Poseștii-Pământeni,posestii-pamanteni,village,26.1475602,45.2750386
642,Valea Stupinii,valea stupinii,village,26.1487618,45.2681527
642,Târlești,tarlesti,village,26.1964837,45.2519613
642,Zeletin,zeletin,village,26.2311592,45.2623533
642,Gura Bâscei,gura bascei,village,26.3597307,45.2573373
642,Bâscenii de Jos,bascenii de jos,village,26.3164616,45.2467552
642,Calvini,calvini,village,26.2915841,45.2518405
642,Bâscenii de Sus,bascenii de sus,village,26.2700484,45.2628489
642,Lera,lera,village,26.2364808,45.3322684
642,Corbu,corbu,village,26.249527,45.3192338
642,Cătina,catina,village,26.2470136,45.2939564
642,Valea Cătinei,valea catinei,village,26.228756,45.2919479
642,Crețeni,creteni,village,24.1828388,44.6970158
642,Mrenești,mrenesti,village,24.1766664,44.7095718
642,Dumbrava,dumbrava,village,24.1531179,44.6363988
642,Fumureni,fumureni,village,24.1584165,44.6112615
642,Lungești,lungesti,village,24.1936283,44.5745121
642,Condoiești,condoiesti,village,24.2424201,44.5971708
642,Olteanca,olteanca,village,24.1206926,44.797056
642,Șirnea,sirnea,village,25.2543854,45.4710121
642,Buda,buda,village,26.9022665,45.4965249
642,Valea Salciei,valea salciei,village,26.8258716,45.4970408
642,Negureni,negureni,village,27.7549643,44.0961715
642,Băneasa,baneasa,village,27.7015587,44.06477
642,Târnova,tarnova,village,21.795945,46.3192185
642,Drauț,draut,village,21.8135297,46.2604992
642,Arăneag,araneag,village,21.7761513,46.2520493
642,Ruda,ruda,village,22.747386,45.6962406
642,Vălari,valari,village,22.7320065,45.6834991
642,Cinciș-Cerna,cincis-cerna,village,22.8902381,45.7011852
642,Densuș,densus,village,22.790877,45.5801716
642,Peșteana,pesteana,village,22.8227167,45.5501051
642,Nălațvad,nalatvad,village,22.9304957,45.5914945
642,Păclișa,paclisa,village,22.878578,45.5647441
642,Ostrov,ostrov,village,22.8468476,45.5268549
642,Zeicani,zeicani,village,22.7269749,45.4998545
642,Suseni,suseni,village,22.8652377,45.4906221
642,Râu de Mori,rau de mori,village,22.8544359,45.4975107
642,Sânpetru,sanpetru,village,22.9140857,45.5535882
642,Săcel,sacel,village,22.9215913,45.5585842
642,Sântămăria-Orlea,santamaria-orlea,village,22.9694507,45.5890242
642,Subcetate,subcetate,village,22.997577,45.6029134
642,Ciopeia,ciopeia,village,22.9752225,45.5616383
642,Sălașu de Sus,salasu de sus,village,22.9535754,45.5093974
642,Paroș,paros,village,22.9700485,45.4956015
642,Mălăiești,malaiesti,village,22.944834,45.4866681
642,Râu Alb,rau alb,village,23.0057105,45.5181426
642,Bedeciu,bedeciu,village,23.1294955,46.7950412
642,Păniceni,paniceni,village,23.187437,46.8086502
642,Căpușu Mic,capusu mic,village,23.254917,46.7980927
642,Crasna,crasna,village,27.8303839,46.5079699
642,Biborțeni,biborteni,village,25.6558315,46.0937086
642,Belin,belin,village,25.5694691,45.9335226
642,Maluri,maluri,village,27.4426752,45.5580088
642,Hângulești,hangulesti,village,27.4074019,45.5926606
642,Tortoman,tortoman,village,28.2235636,44.3467625
642,Cloșca,closca,hamlet,28.1424759,44.6683097
642,Făgărașu Nou,fagarasu nou,village,28.2812882,44.8594188
642,Dăeni,daeni,village,28.127823,44.8444502
642,Gârliciu,garliciu,village,28.0930079,44.7796402
642,Ostrov,ostrov,village,28.1492806,44.9199838
642,Manasia,manasia,village,26.6753616,44.7062777
642,Podgoria,podgoria,village,27.0316962,45.4180642
642,Oratia,oratia,village,27.0237998,45.4343286
642,Coțatcu,cotatcu,village,27.0124702,45.4668432
642,Pleșești,plesesti,village,26.9661216,45.511851
642,Grădinari,gradinari,village,24.2688587,44.5735996
642,Strejeștii de Sus,strejestii de sus,village,24.2253755,44.5434875
642,Tighina,tighina,village,24.2959823,44.572992
642,Voicești,voicesti,village,24.2903574,44.6059327
642,Voiceștii din Vale,voicestii din vale,village,24.3100957,44.6083562
642,Andreiașu de Sus,andreiasu de sus,village,26.8376501,45.7403083
642,Brezoaia,brezoaia,village,25.7686767,44.5627679
642,Slobozia Moară,slobozia moara,village,25.7277783,44.6007619
642,Alba Iulia,alba iulia,city,23.5664761,46.0682753
642,Bărăbanț,barabant,suburb,23.5853159,46.0994226
642,Micești,micesti,village,23.5557314,46.1013257
642,Oarda,oarda,village,23.5679394,46.032317
642,Pâclișa,paclisa,village,23.5210847,46.0477383
642,Ciugud,ciugud,village,23.612864,46.0460646
642,Drâmbar,drambar,village,23.6301388,46.076592
642,Limba,limba,village,23.5976894,46.0399937
642,Hăpria,hapria,village,23.6691322,46.0808212
642,Șeușa,seusa,village,23.6273924,46.0597111
642,Teleac,teleac,village,23.6312166,46.0906125
642,Abrud,abrud,town,23.0650287,46.2746751
642,Abrud-Sat,abrud-sat,village,23.0607022,46.281807
642,Gura Cornei,gura cornei,village,23.0906911,46.2613777
642,Soharu,soharu,village,23.0281791,46.2783788
642,Gâmbaș,gambas,village,23.7236464,46.3460702
642,Ciumbrud,ciumbrud,village,23.762224,46.3080965
642,Păgida,pagida,village,23.7431267,46.3407106
642,Gârbova de Sus,garbova de sus,village,23.6229819,46.2927984
642,Gârbova de Jos,garbova de jos,village,23.6674527,46.2576809
642,Sâncrai,sancrai,village,23.7508991,46.2937897
642,Gârbovița,garbovita,village,23.6413953,46.2810209
642,Blaj,blaj,city,23.9224826,46.1741571
642,Țifra,tifra,village,23.692884,46.257702
642,Flitești,flitesti,hamlet,23.8709424,46.1139325
642,Deleni-Obârșie,deleni-obarsie,hamlet,23.852203,46.0953518
642,Petrisat,petrisat,village,23.9173475,46.1929826
642,Izvoarele,izvoarele,village,23.9037698,46.1701089
642,Mănărade,manarade,village,23.9705507,46.1415823
642,Spătac,spatac,village,23.9407582,46.1385917
642,Tiur,tiur,village,23.8861157,46.158753
642,Veza,veza,village,23.9247009,46.1674728
642,Borlești,borlesti,village,23.0063819,46.4096858
642,Botești,botesti,village,23.006322,46.3841078
642,Câmpeni,campeni,town,23.0508775,46.3648431
642,Boncești,boncesti,village,23.0730573,46.3607207
642,Dănduț,dandut,village,23.0930557,46.35808
642,Dealu Bistrii,dealu bistrii,village,23.0600959,46.3756433
642,Certege,certege,village,23.0265429,46.4141832
642,Coasta Vâscului,coasta vascului,village,23.0537914,46.4130287
642,Fața Abrudului,fata abrudului,village,23.0590769,46.3489062
642,Florești,floresti,village,23.019704,46.3905944
642,Dealu Capsei,dealu capsei,village,23.0677048,46.4051463
642,Dric,dric,village,23.0453366,46.4045514
642,Peste Valea Bistrii,peste valea bistrii,village,23.032649,46.4445714
642,Motorăști,motorasti,village,23.0427342,46.3771932
642,Mihoești,mihoesti,village,23.0251058,46.370589
642,Furduiești,furduiesti,village,23.07939,46.3348959
642,Valea Bistrii,valea bistrii,village,23.0685993,46.3800886
642,Tomușești,tomusesti,village,23.0143212,46.4524003
642,Sorlița,sorlita,village,23.0087708,46.3797279
642,Poduri,poduri,village,23.0472876,46.351007
642,Bocșitura,bocsitura,hamlet,23.4329304,45.7660027
642,Cugir,cugir,town,23.3743873,45.8363334
642,Vârși,varsi,village,23.0743035,46.3576851
642,Valea Caselor,valea caselor,village,23.0336157,46.3983574
642,Goașele,goasele,hamlet,23.4625922,45.7778636
642,Fețeni,feteni,hamlet,23.3464261,45.8054436
642,Călene,calene,hamlet,23.4374639,45.8328362
642,Bucuru,bucuru,hamlet,23.3985077,45.7887897
642,Uioara de Sus,uioara de sus,village,23.8800787,46.3897996
642,Cisteiu de Mureș,cisteiu de mures,village,23.8130712,46.3774928
642,Micoșlaca,micoslaca,village,23.7932625,46.3701231
642,Războieni-Cetate,razboieni-cetate,village,23.8708991,46.4131051
642,Mugești,mugesti,hamlet,23.4510793,45.8135999
642,Uioara de Jos,uioara de jos,village,23.8364376,46.3711843
642,Zlatna,zlatna,town,23.2247191,46.1113532
642,Botești,botesti,village,23.1509005,46.1808969
642,Budeni,budeni,village,23.1269699,46.1890884
642,Dealu Roatei,dealu roatei,village,23.1545938,46.1234742
642,Petrești,petresti,village,23.5607939,45.9208326
642,Răhău,rahau,village,23.6206531,45.9039451
642,Pătrângeni,patrangeni,village,23.2637184,46.0895612
642,Izvoru Ampoiului,izvoru ampoiului,village,23.1759997,46.1447453
642,Pârău Gruiului,parau gruiului,village,23.1836286,46.1558187
642,Pirita,pirita,village,23.1599331,46.1372761
642,Dumbrava,dumbrava,village,23.191218,46.1402319
642,Dobrot,dobrot,village,23.1396567,46.1739018
642,Galați,galati,village,23.2934995,46.0902344
642,Feneș,fenes,village,23.2951099,46.1043071
642,Valea Mică,valea mica,village,23.279207,46.0793915
642,Trâmpoiele,trampoiele,village,23.1507343,46.1478138
642,Vâltori,valtori,village,23.214694,46.1456423
642,Runc,runc,village,23.2212509,46.1922534
642,Podu lui Paul,podu lui paul,village,23.2500417,46.1015187
642,Suseni,suseni,village,23.2442498,46.0991578
642,Ruși,rusi,village,23.126566,46.2149526
642,După Pleșe,dupa plese,village,22.9437499,46.4360204
642,Fața,fata,village,22.9621107,46.4631666
642,Dealu Lămășoi,dealu lamasoi,village,22.9863903,46.486103
642,Deve,deve,hamlet,22.9328653,46.4618811
642,Cionești,cionesti,village,22.9852338,46.4722054
642,Costești,costesti,village,22.9066731,46.4859101
642,Bărăști,barasti,village,22.9941031,46.4585008
642,Budăiești,budaiesti,village,22.9726911,46.4777348
642,Tamborești,tamboresti,hamlet,22.9263865,46.4475371
642,Almașu Mare,almasu mare,village,23.1290743,46.0977068
642,Rusești,rusesti,village,22.9608031,46.4804585
642,Sohodol,sohodol,hamlet,22.9484125,46.4711032
642,Rogoz,rogoz,village,22.9640037,46.4269229
642,Roșești,rosesti,village,22.9322481,46.4776529
642,Pleșești,plesesti,village,22.9317324,46.447423
642,Potionci,potionci,village,22.9284002,46.4416031
642,Nădăștia,nadastia,village,23.1493333,46.0814674
642,Glod,glod,village,23.1566605,46.0630335
642,Cib,cib,village,23.1902345,46.0610801
642,Cheile Cibului,cheile cibului,village,23.1824115,46.037079
642,Brădet,bradet,village,23.0939783,46.1066584
642,Almașu de Mijloc,almasu de mijloc,village,23.1065426,46.0669338
642,Hodobana,hodobana,hamlet,22.7716208,46.5177204
642,Galbena,galbena,village,22.7283606,46.4703614
642,Fața Lăpușului,fata lapusului,village,22.7695128,46.4680274
642,Fața Cristesei,fata cristesei,village,22.7634854,46.4918858
642,Casa de Piatră,casa de piatra,village,22.7841348,46.5351429
642,Achimețești,achimetesti,hamlet,22.803892,46.3848424
642,Avram Iancu,avram iancu,village,22.8257225,46.3581643
642,Bădăi,badai,village,22.7557603,46.4084857
642,Avrămești,avramesti,hamlet,22.8238333,46.3914284
642,Călugărești,calugaresti,village,22.7854413,46.3990635
642,Boldești,boldesti,village,22.8378749,46.342671
642,Cândești,candesti,village,22.7672704,46.4156402
642,Căsoaia,casoaia,village,22.7607339,46.3879907
642,Păntești,pantesti,village,22.7782378,46.4770705
642,Poienița,poienita,village,22.7188384,46.5184153
642,Pătrăhăițești,patrahaitesti,village,22.7433549,46.4462853
642,Ravicești,ravicesti,hamlet,22.7773822,46.4844611
642,Vanvucești,vanvucesti,hamlet,22.7220574,46.4797315
642,Ștei-Arieșeni,stei-arieseni,village,22.7540439,46.4685449
642,Gojeiești,gojeiesti,village,22.8292902,46.3807228
642,Helerești,heleresti,village,22.842245,46.3554135
642,Incești,incesti,village,22.858877,46.3576451
642,Jojei,jojei,village,22.8386609,46.3494539
642,Mărtești,martesti,village,22.8629409,46.3581349
642,Orgești,orgesti,village,22.8031946,46.3763974
642,Pătruțești,patrutesti,village,22.8534082,46.3741928
642,Plai,plai,village,22.7740586,46.3984201
642,Cârăști,carasti,hamlet,22.8341863,46.3782504
642,Cârțulești,cartulesti,village,22.7899895,46.3857878
642,Cocești,cocesti,village,22.8122985,46.3613288
642,Cocoșești,cocosesti,hamlet,22.8119822,46.3741749
642,Coroiești,coroiesti,village,22.8172691,46.3563026
642,Dealu Crișului,dealu crisului,hamlet,22.8410482,46.3365285
642,Dolești,dolesti,village,22.8395055,46.3689728
642,Dumăcești,dumacesti,village,22.7972588,46.394062
642,Cioara de Sus,cioara de sus,village,23.3147483,46.3762125
642,Brăzești,brazesti,village,23.3185118,46.398486
642,Vidrișoara,vidrisoara,village,22.8268749,46.3444701
642,Berghin,berghin,village,23.7393617,46.0763002
642,Simulești,simulesti,village,23.3211132,46.3540593
642,Sartăș,sartas,village,23.2958744,46.3921678
642,Muncelu,muncelu,village,23.2486896,46.3762844
642,Târsa,tarsa,village,22.797178,46.3820208
642,Ștertești,stertesti,village,22.8432637,46.3484156
642,Șoicești,soicesti,village,22.8289636,46.3633197
642,Pușelești,puselesti,village,22.861176,46.3601452
642,Verdești,verdesti,village,22.7916502,46.3826813
642,Valea Uțului,valea utului,village,22.822576,46.3496534
642,Valea Maciului,valea maciului,village,22.8285125,46.3408471
642,Târsa-Plai,tarsa-plai,village,22.7794544,46.3927017
642,Crețești,cretesti,village,23.1058901,46.3579327
642,Dealu Muntelui,dealu muntelui,village,23.1190918,46.3865525
642,Cheleteni,cheleteni,hamlet,23.0945794,46.4472092
642,Ciuldești,ciuldesti,village,23.1081057,46.3942213
642,Gănești,ganesti,village,23.1299078,46.3901131
642,Gârde,garde,village,23.1429209,46.3875887
642,Dâmbureni,dambureni,village,23.0694635,46.414568
642,Durăști,durasti,village,23.0990603,46.4279888
642,Straja,straja,village,23.6863009,46.0672345
642,Bistra,bistra,village,23.1037288,46.3769228
642,Ghirbom,ghirbom,village,23.7232888,46.0347609
642,Henig,henig,village,23.7308893,46.1057602
642,Bălești-Cătun,balesti-catun,village,23.0957391,46.4201563
642,Bârlești,barlesti,village,23.127285,46.3590851
642,Aronești,aronesti,hamlet,23.1368454,46.4382468
642,Bălești,balesti,hamlet,23.0952267,46.4164547
642,Sălăgești,salagesti,hamlet,23.0821329,46.4006637
642,Runcuri,runcuri,hamlet,23.155814,46.414552
642,Tolăcești,tolacesti,hamlet,23.1449072,46.3526489
642,Ștefanca,stefanca,village,23.1328514,46.3693273
642,Poiana,poiana,village,23.1043343,46.4395773
642,Perjești,perjesti,hamlet,23.1459512,46.348283
642,Rătitiș,ratitis,village,23.0908058,46.4058623
642,Poiu,poiu,hamlet,23.095351,46.3863677
642,Mihăiești,mihaiesti,village,23.1117384,46.353558
642,Lunca Merilor,lunca merilor,village,23.0976288,46.3672281
642,Novăcești,novacesti,village,23.1378439,46.4234051
642,Nămaș,namas,village,23.1279392,46.3990265
642,Hudricești,hudricesti,village,23.1048428,46.388356
642,Hodișești,hodisesti,village,23.0860431,46.3960515
642,Lunca Largă,lunca larga,village,23.1293771,46.3791929
642,Lipaia,lipaia,village,23.0872014,46.3902058
642,Anghelești,anghelesti,village,23.0977664,46.2455153
642,Bisericani,bisericani,village,23.1604771,46.2908838
642,Bucium-Sat,bucium-sat,village,23.1197966,46.2608205
642,Cerbu,cerbu,village,23.1064575,46.2463581
642,Ibru,ibru,hamlet,23.3633981,46.0211299
642,Poieni,poieni,hamlet,23.3413457,46.0371197
642,Răcătău,racatau,village,23.3255718,46.0331188
642,Bucium,bucium,village,23.1790991,46.2640203
642,Vârșii Mari,varsii mari,hamlet,23.1330129,46.3364225
642,Vârșii Mici,varsii mici,village,23.1160182,46.3480355
642,Blandiana,blandiana,village,23.38589,45.9769441
642,Acmariu,acmariu,village,23.3624858,45.965968
642,Tomnatec,tomnatec,hamlet,23.0917028,46.4348412
642,Trișorești,trisoresti,village,23.1330619,46.4128701
642,Țărănești,taranesti,village,23.1202215,46.402563
642,Vârși-Rontu,varsi-rontu,village,23.158407,46.3465578
642,Poieni,poieni,village,23.2038444,46.2451266
642,Poiana,poiana,village,23.1703302,46.2995686
642,Petreni,petreni,hamlet,23.164301,46.2945629
642,Muntari,muntari,hamlet,23.1576143,46.3007398
642,Măgura,magura,village,23.1436061,46.2467922
642,Lupulești,lupulesti,village,23.1934879,46.2533766
642,Jurcuiești,jurcuiesti,hamlet,23.1826619,46.2942902
642,Izbita,izbita,village,23.1425985,46.243203
642,Izbicioara,izbicioara,village,23.1639753,46.2439266
642,Helești,helesti,hamlet,23.1429903,46.2837129
642,Gura Izbitei,gura izbitei,village,23.1587635,46.2481618
642,Florești,floresti,hamlet,23.1490826,46.292509
642,Ferești,feresti,village,23.1060648,46.2415157
642,Dogărești,dogaresti,hamlet,23.1285867,46.2700371
642,Coleșeni,coleseni,village,23.1278557,46.254921
642,Ciuculești,ciuculesti,village,23.1855743,46.2616482
642,Lupu,lupu,village,23.9727679,46.0975987
642,Ceru-Băcăinți,ceru-bacainti,village,23.271899,45.9736942
642,Cergău Mare,cergau mare,village,23.9228248,46.0987226
642,Cergău Mic,cergau mic,village,23.9406819,46.0830846
642,Capu Dealului,capu dealului,village,24.0383564,46.0949805
642,Gorgan,gorgan,locality,24.0081658,46.0930219
642,Vâlcea,valcea,village,23.1636492,46.2662216
642,Cenade,cenade,village,24.0089171,46.05872
642,Valea Șesii,valea sesii,village,23.1801879,46.2754492
642,Văleni,valeni,village,23.1563895,46.2776426
642,Valea Negrilesii,valea negrilesii,village,23.2170593,46.2369706
642,Valea Poienii,valea poienii,village,23.1427118,46.2252053
642,Valea Albă,valea alba,village,23.2084485,46.2541065
642,Valea Cerbului,valea cerbului,village,23.1176444,46.2396761
642,Stâlnișoara,stalnisoara,village,23.2048301,46.2388293
642,Valea Abruzel,valea abruzel,village,23.1368029,46.2638532
642,Mătișești,matisesti,village,23.0038741,46.2315799
642,Ghedulești,ghedulesti,village,23.0702312,46.2354457
642,Buninginea,buninginea,village,23.0383696,46.2265705
642,Boglești,boglesti,village,23.0046146,46.2554246
642,Cut,cut,village,23.6671934,45.9397245
642,Câlnic,calnic,village,23.658829,45.8873438
642,Vulcan,vulcan,village,22.9734223,46.2404965
642,Morărești,moraresti,village,23.0239488,46.2226146
642,Tibru,tibru,village,23.564062,46.1966612
642,Craiva,craiva,village,23.5262161,46.1875949
642,Cricău,cricau,village,23.5698624,46.1755773
642,Deal,deal,village,23.6232836,45.8574143
642,Pădure,padure,hamlet,23.8818542,46.1963361
642,Cornu,cornu,hamlet,23.8151514,46.2212314
642,Bucerdea Grânoasă,bucerdea granoasa,village,23.8395519,46.1928374
642,Cucuta,cucuta,village,23.2575051,45.9893785
642,Curpeni,curpeni,village,23.2824568,45.9845724
642,Bolovănești,bolovanesti,village,23.2550632,45.9997003
642,Bulbuc,bulbuc,village,23.2945429,46.0210682
642,Groși,grosi,village,23.2457988,46.0051744
642,Valea Mare,valea mare,village,23.2607146,46.0221063
642,Dumbrăvița,dumbravita,village,23.2662814,45.9828791
642,Fântânele,fantanele,village,23.2687307,46.028942
642,Crăciunelu de Sus,craciunelu de sus,village,24.1826333,46.1722328
642,Sântămărie,santamarie,village,24.1453051,46.2425202
642,Viezuri,viezuri,village,23.2948134,46.0034413
642,Cetatea de Baltă,cetatea de balta,village,24.172445,46.2479378
642,Bidigești,bidigesti,village,23.0179529,46.2599326
642,Bodrești,bodresti,village,22.9735738,46.2720171
642,Tătârlaua,tatarlaua,village,24.1666812,46.2027587
642,Ciuruleasa,ciuruleasa,village,23.0338026,46.2557874
642,Oiejdea,oiejdea,village,23.6323137,46.1575643
642,Mesentea,mesentea,village,23.6038157,46.1933012
642,Răicani,raicani,hamlet,23.4968613,46.268252
642,Poiana Galdei,poiana galdei,village,23.5317217,46.2417787
642,Gârbova,garbova,village,23.7221069,45.859387
642,Zăgriș,zagris,hamlet,23.5415863,46.2272267
642,Reciu,reciu,village,23.673749,45.8649687
642,Cărpiniș,carpinis,village,23.66114,45.8316304
642,Biharia,biharia,village,22.7692249,46.4283772
642,Dealu Ordâncușii,dealu ordancusii,hamlet,22.8398544,46.5121393
642,Dealu Frumos,dealu frumos,village,22.8331207,46.4901491
642,Dobrești,dobresti,village,22.82156,46.4671915
642,Hănășești,hanasesti,village,22.8227599,46.4825561
642,Gârda Seacă,garda seaca,village,22.7884843,46.4913857
642,Pânca,panca,hamlet,23.887995,46.2247245
642,Daia Română,daia romana,village,23.6681588,46.0070884
642,Doștat,dostat,village,23.8427881,45.9708837
642,Boz,boz,village,23.8039471,45.948294
642,Dealu Doștatului,dealu dostatului,village,23.8492863,45.9643913
642,Fărău,farau,village,24.0078593,46.3379675
642,Heria,heria,village,23.9803393,46.3647399
642,Medveș,medves,village,24.0641639,46.307009
642,Sânbenedic,sanbenedic,village,24.0499438,46.3144597
642,Șilea,silea,village,24.1139345,46.3269851
642,Benic,benic,village,23.5914271,46.2131188
642,Cetea,cetea,village,23.5851057,46.2377077
642,Galda de Sus,galda de sus,village,23.5639494,46.2229106
642,Lupșeni,lupseni,village,23.5691562,46.220618
642,Măgura,magura,village,23.5414187,46.2350359
642,Pătrușești,patrusesti,village,22.9761217,46.524233
642,Niculești,niculesti,hamlet,22.9568723,46.5046054
642,Mătișești,matisesti,village,22.9023014,46.5088872
642,Măncești,mancesti,village,22.9571272,46.4926824
642,Giurgiuț,giurgiut,village,22.9500997,46.5213956
642,Fericet,fericet,village,22.9404544,46.4868248
642,Dârlești,darlesti,village,22.9139089,46.5244428
642,Butești,butesti,village,22.9436242,46.5094906
642,Ighiel,ighiel,village,23.4796816,46.1468039
642,Bucerdea Vinoasă,bucerdea vinoasa,village,23.5290405,46.163279
642,Zânzești,zanzesti,village,22.9571459,46.5335674
642,Trifești,trifesti,village,22.9303729,46.5261401
642,Teiu,teiu,village,22.9828835,46.5078302
642,Preluca,preluca,village,22.9768088,46.510233
642,Petreasa,petreasa,hamlet,22.9427729,46.5356098
642,Scoarța,scoarta,village,22.7665607,46.4362723
642,Sucești,sucesti,village,22.7958796,46.4371632
642,Plai,plai,village,22.822272,46.4414182
642,Pliști,plisti,hamlet,22.8044079,46.4862731
642,Munună,mununa,village,22.831873,46.470785
642,Ocoale,ocoale,village,22.8119493,46.5091092
642,Huzărești,huzaresti,village,22.8447846,46.4451751
642,Izvoarele,izvoarele,village,22.8364951,46.4592657
642,Horea,horea,village,22.9500484,46.5020653
642,Baba,baba,hamlet,22.963223,46.5020501
642,Turdaș,turdas,village,23.9184091,46.3062032
642,Vama Seacă,vama seaca,village,23.9419554,46.346467
642,Silivaș,silivas,village,23.8758517,46.3414826
642,Șpălnaca,spalnaca,village,23.908668,46.341242
642,Snide,snide,village,22.789859,46.4470104
642,Hopârta,hoparta,village,23.8724447,46.3213371
642,Asinip,asinip,village,23.8889623,46.2977057
642,Lopadea Nouă,lopadea noua,village,23.8190142,46.290905
642,Veseuș,veseus,village,24.1425008,46.2751276
642,Feisa,feisa,village,24.1438498,46.2259584
642,Izvoarele,izvoarele,village,23.5368509,46.4004808
642,Odverem,odverem,village,23.8384435,46.2584466
642,Ocnișoara,ocnisoara,village,23.8770529,46.2533423
642,Gura Arieșului,gura ariesului,village,23.955528,46.4293542
642,Lunca Mureșului,lunca muresului,village,23.9097312,46.4280752
642,Băgău,bagau,village,23.7939864,46.3104689
642,Beța,beta,village,23.815076,46.2567315
642,Ciuguzel,ciuguzel,village,23.8587365,46.2833884
642,Cicârd,cicard,hamlet,23.9065043,46.2747114
642,Ghioncani,ghioncani,village,23.328575,46.2415231
642,Iliești,iliesti,hamlet,23.3871268,46.2737613
642,Ivăniș,ivanis,village,23.3906658,46.2267893
642,Mărinești,marinesti,hamlet,23.3923203,46.2705675
642,Țelna,telna,village,23.4962266,46.1654534
642,Întregalde,intregalde,village,23.4116184,46.2376561
642,Dealu Geoagiului,dealu geoagiului,village,23.4312933,46.280494
642,Tecșești,tecsesti,village,23.4789228,46.2745487
642,Jidvei,jidvei,village,24.1106119,46.2224475
642,Bălcaciu,balcaciu,village,24.0613946,46.1912174
642,Căpâlna de Jos,capalna de jos,village,24.113037,46.2399974
642,Modolești,modolesti,village,23.4231111,46.249838
642,Necrilești,necrilesti,village,23.3658312,46.2098246
642,Popești,popesti,hamlet,23.3953133,46.2578034
642,Sfârcea,sfarcea,village,23.3076439,46.2168058
642,Lunca Ampoiței,lunca ampoitei,village,23.3851805,46.1399477
642,Lunca Meteșului,lunca metesului,village,23.3664818,46.1396463
642,Ampoița,ampoita,village,23.4501112,46.1176088
642,Isca,isca,village,23.4062274,46.1045954
642,Poiana Ursului,poiana ursului,hamlet,23.4379149,46.0728858
642,Presaca Ampoiului,presaca ampoiului,village,23.3298682,46.0968101
642,Pădurea,padurea,village,23.4873242,46.098407
642,Poiana Ampoiului,poiana ampoiului,village,23.3929117,46.0889254
642,Valea Holhorii,valea holhorii,hamlet,23.1992608,46.3188944
642,Valea Lupșii,valea lupsii,village,23.2275329,46.38072
642,Șasa,sasa,locality,23.2114217,46.3362613
642,Trifești,trifesti,hamlet,23.2012252,46.3207881
642,Vința,vinta,village,23.2259169,46.3163852
642,Meteș,metes,village,23.424221,46.0973598
642,Valea Șesii,valea sesii,village,23.2382395,46.377565
642,Văi,vai,village,23.2072758,46.3467744
642,Mărgaia,margaia,hamlet,23.2296527,46.3637619
642,Mănăstire,manastire,village,23.1709981,46.3825412
642,Lunca,lunca,village,23.2186511,46.3787285
642,Lazuri,lazuri,village,23.1739316,46.3416224
642,Poșogani,posogani,village,23.1948898,46.3642664
642,Pârâu-Cărbunări,parau-carbunari,village,23.2089377,46.3541501
642,Pițiga,pitiga,village,23.168693,46.372893
642,Mușca,musca,village,23.1712354,46.3566626
642,Curmătură,curmatura,village,23.2265845,46.3432533
642,Bârzan,barzan,village,23.2350549,46.3598855
642,Bârdești,bardesti,hamlet,23.1906103,46.3125627
642,Lupșa,lupsa,village,23.2060259,46.3687494
642,Holobani,holobani,hamlet,23.2344268,46.3203503
642,Hădărău,hadarau,village,23.2053223,46.3640227
642,Geamăna,geamana,hamlet,23.2075152,46.3281667
642,După Deal,dupa deal,village,23.1574451,46.3403597
642,Negrești,negresti,hamlet,23.3192487,46.268772
642,Oncești,oncesti,locality,23.4163773,46.3013563
642,Poienile-Mogoș,poienile-mogos,village,23.2441276,46.2764469
642,Tomești,tomesti,hamlet,23.3642269,46.2993459
642,Valea Bârluțești,valea barlutesti,hamlet,23.270161,46.3021314
642,Valea Barnii,valea barnii,village,23.3408647,46.269744
642,Valea Cocești,valea cocesti,hamlet,23.2887048,46.2966501
642,Valea Giogești,valea giogesti,village,23.2837617,46.3077805
642,Bârzogani,barzogani,hamlet,23.347299,46.3052945
642,Bocești,bocesti,hamlet,23.3470616,46.2842236
642,Bogdănești,bogdanesti,hamlet,23.3382277,46.2870445
642,Butești,butesti,hamlet,23.3489856,46.2975524
642,Cojocani,cojocani,village,23.3684924,46.2829018
642,Cristești,cristesti,village,23.3043927,46.2796584
642,Mămăligani,mamaligani,village,23.2789351,46.2932641
642,Decea,decea,village,23.7630818,46.3830866
642,Cicău,cicau,village,23.6792498,46.3999668
642,Ormeniș,ormenis,village,23.7179435,46.3967342
642,Lopadea Veche,lopadea veche,village,23.6638134,46.3779209
642,Mogoș,mogos,village,23.2803795,46.2755388
642,Rachiș,rachis,hamlet,23.6262039,46.3948624
642,Bârlești,barlesti,village,23.2884837,46.2619899
642,Bărbești,barbesti,hamlet,23.3320849,46.2759881
642,Tăuți,tauti,village,23.4674665,46.0959678
642,Remetea,remetea,village,23.4275684,46.1199665
642,Mihalț,mihalt,village,23.7252731,46.16005
642,Văleni,valeni,village,23.4272965,46.0930075
642,Obreja,obreja,village,23.7640552,46.1742866
642,Cistei,cistei,village,23.7536369,46.186616
642,Mirăslău,miraslau,village,23.7080214,46.3643618
642,Zărieș,zaries,hamlet,23.7054222,46.1835427
642,Petelei,petelei,village,22.829909,46.4184559
642,Stănești,stanesti,village,22.8814351,46.4122129
642,Morcănești,morcanesti,hamlet,22.9195449,46.4093796
642,Păștești,pastesti,village,22.825161,46.3981198
642,Hănășești,hanasesti,village,22.8534105,46.3914367
642,Lupăiești,lupaiesti,hamlet,22.9006024,46.4124337
642,Făgetu de Jos,fagetu de jos,village,22.9072937,46.4031333
642,Făgetu de Sus,fagetu de sus,village,22.8379671,46.3968346
642,Costești,costesti,village,22.8568914,46.4058926
642,Duduieni,duduieni,village,22.8308521,46.404739
642,Strungari,strungari,village,23.5012867,45.8578507
642,Poiana Vadului,poiana vadului,village,22.8832285,46.3956538
642,Plaiuri,plaiuri,hamlet,23.5113984,45.8369118
642,Purcăreți,purcareti,village,23.4895601,45.8302979
642,Pianu de Sus,pianu de sus,village,23.4838633,45.8963176
642,Pianu de Jos,pianu de jos,village,23.487285,45.9358282
642,Secășel,secasel,village,23.80973,46.0950437
642,Măghierat,maghierat,hamlet,23.8173062,46.0518679
642,Colibi,colibi,village,23.7856499,46.1118852
642,Ohaba,ohaba,village,23.7894389,46.0705867
642,Vidolm,vidolm,village,23.5118221,46.4806186
642,Ocoliș,ocolis,village,23.4660799,46.4787354
642,Valea Ciuciului,valea ciuciului,village,23.9920162,46.4073936
642,Stâna de Mureș,stana de mures,village,23.9957848,46.4250403
642,Găbud,gabud,village,24.0114517,46.4093634
642,Copand,copand,village,23.9811581,46.420133
642,Căptălan,captalan,village,23.9417168,46.4092081
642,Noșlac,noslac,village,23.9328441,46.4042792
642,Valea Țupilor,valea tupilor,village,23.2689623,46.2658209
642,Valea Mlacii,valea mlacii,village,23.2762548,46.233143
642,Valea Mănăstirii,valea manastirii,village,23.5099101,46.3033676
642,Valea Poienii,valea poienii,village,23.472421,46.3460376
642,Valea Uzei,valea uzei,village,23.5106213,46.3158071
642,Vlădești,vladesti,village,23.5586775,46.3080485
642,Florești,floresti,village,23.4965814,46.336993
642,Olteni,olteni,hamlet,23.5317126,46.3423708
642,Valea Făgetului,valea fagetului,village,23.5122942,46.3489588
642,Valea Inzelului,valea inzelului,village,23.5071235,46.3320192
642,Boțani,botani,hamlet,23.4365415,46.2858213
642,Brădești,bradesti,village,23.4699713,46.3328344
642,Cheia,cheia,hamlet,23.4553428,46.299791
642,Cotorăști,cotorasti,village,23.5461755,46.3310656
642,Șoimuș,soimus,village,23.7854329,46.2269001
642,Râmeț,ramet,village,23.5281887,46.3142155
642,Rădești,radesti,village,23.7235506,46.2729365
642,Săgagea,sagagea,village,23.3144571,46.486726
642,Meșcreac,mescreac,village,23.7386977,46.2412085
642,Leorinț,leorint,village,23.7242648,46.2540145
642,Lunca Arieșului,lunca ariesului,village,23.4594869,46.4394945
642,Incești,incesti,locality,23.2889781,46.4582091
642,Poșaga de Sus,posaga de sus,village,23.3821963,46.4627373
642,Orăști,orasti,village,23.3390329,46.4500532
642,Vale în Jos,vale in jos,village,23.4355378,46.349477
642,Valea Bucurului,valea bucurului,village,23.3704897,46.3220053
642,Corțești,cortesti,village,23.3035946,46.4466462
642,Poșaga de Jos,posaga de jos,village,23.4389112,46.4308885
642,După Deal,dupa deal,village,23.4264891,46.3259913
642,Ponor,ponor,village,23.4024522,46.3351172
642,Măcărești,macaresti,village,23.3925883,46.2914844
642,Geogel,geogel,village,23.3821884,46.3097148
642,Scărișoara,scarisoara,village,22.8776176,46.4571581
642,Bârlești,barlesti,hamlet,22.8842186,46.4200203
642,Sebeșel,sebesel,village,23.5657125,45.8876792
642,Tonea,tonea,village,23.5329906,45.8041438
642,Pleși,plesi,hamlet,23.5918931,45.8075052
642,Răchita,rachita,village,23.5170715,45.8753342
642,Laz,laz,village,23.5794343,45.8689025
642,Loman,loman,village,23.5531937,45.8577171
642,Negești,negesti,village,22.8591462,46.5128245
642,Prelucă,preluca,village,22.8542649,46.4946892
642,Lespezea,lespezea,village,22.9025008,46.4761233
642,Maței,matei,village,22.8843796,46.4285067
642,Florești,floresti,hamlet,22.8976847,46.4415519
642,Lăzești,lazesti,village,22.9099313,46.4209939
642,Botești,botesti,hamlet,22.8966891,46.4273255
642,Fața-Lăzești,fata-lazesti,village,22.8566748,46.4303722
642,Iclod,iclod,village,23.9389287,46.2103056
642,Sâncel,sancel,village,23.9457599,46.200119
642,Trâncești,trancesti,hamlet,22.8681441,46.4816103
642,Știuleți,stiuleti,village,22.9170053,46.4543317
642,Sfoartea,sfoartea,village,22.8460004,46.5245662
642,Runc,runc,village,22.861076,46.4890482
642,Bobărești,bobaresti,village,22.9865076,46.3416092
642,Bilănești,bilanesti,village,22.9963915,46.3392087
642,Băzești,bazesti,hamlet,23.0141136,46.3178521
642,Sohodol,sohodol,village,23.0090031,46.337194
642,Totoi,totoi,village,23.6574139,46.1132164
642,Dumitra,dumitra,village,23.6829494,46.0967229
642,Cărpiniș,carpinis,village,23.0588523,46.3169805
642,Coasta Henții,coasta hentii,village,23.0584834,46.3125925
642,Corna,corna,village,23.1254222,46.2886687
642,Bălmoșești,balmosesti,village,23.1095012,46.305982
642,Blidești,blidesti,village,23.0906831,46.3010097
642,Bunta,bunta,village,23.1150943,46.2771237
642,Ignățești,ignatesti,village,23.082085,46.3080013
642,Șoal,soal,village,23.0696481,46.3320221
642,Țarina,tarina,village,23.1251841,46.312992
642,Vârtop,vartop,village,23.0922451,46.3241289
642,Dăroaia,daroaia,village,23.0383407,46.2959138
642,Gârda-Bărbulești,garda-barbulesti,village,23.1174124,46.3292693
642,Gura Roșiei,gura rosiei,village,23.0574533,46.3091464
642,Iacobești,iacobesti,village,23.0683944,46.3079199
642,Dumești,dumesti,village,23.4440325,46.3825746
642,Dealu Caselor,dealu caselor,village,23.3867969,46.3802442
642,Sub Piatră,sub piatra,village,23.4574387,46.3862631
642,Sălciua de Sus,salciua de sus,village,23.40244,46.3936744
642,Tău,tau,village,23.8421897,46.070674
642,Roșia de Secaș,rosia de secas,village,23.8886492,46.0569522
642,Sălciua de Jos,salciua de jos,village,23.4212175,46.3985516
642,Ungurei,ungurei,village,23.8290325,46.0165893
642,Săsciori,sasciori,village,23.5761334,45.878248
642,Tărtăria,tartaria,village,23.4120734,45.9334267
642,Dumbrava,dumbrava,village,23.6055887,45.8829065
642,Căpâlna,capalna,village,23.6041167,45.8471737
642,Săliștea,salistea,village,23.3990307,45.9076926
642,Valea Largă,valea larga,village,23.4007116,46.3663741
642,Săliștea-Deal,salistea-deal,village,23.4234729,45.900571
642,Mărgineni,margineni,hamlet,23.4604655,45.8297942
642,Sărăcsău,saracsau,village,23.3071232,45.9450174
642,Balomiru de Câmp,balomiru de camp,village,23.360694,45.9386972
642,Băcăinți,bacainti,village,23.2823595,45.9418041
642,Doptău,doptau,hamlet,23.9434469,46.2729542
642,Alecuș,alecus,village,23.9979391,46.2912773
642,Șpring,spring,village,23.7773831,45.9745886
642,Carpen,carpen,village,23.7087177,45.9663092
642,Sânmiclăuș,sanmiclaus,village,24.0555185,46.2470561
642,Valea Sasului,valea sasului,hamlet,24.0299594,46.2856136
642,Drașov,drasov,village,23.7425356,45.9375707
642,Vingard,vingard,village,23.7469574,46.0131722
642,Carpenii de Sus,carpenii de sus,locality,23.708113,45.9930641
642,Cunța,cunta,village,23.7225461,45.9251054
642,Dobra,dobra,village,23.645178,45.7671058
642,Bârsana,barsana,village,23.5650447,45.755115
642,Arți,arti,village,23.5972439,45.7475673
642,Șugag,sugag,village,23.6269915,45.7756929
642,Tău Bistra,tau bistra,village,23.5855132,45.683479
642,Mărtinie,martinie,village,23.5832396,45.7899923
642,Jidoștina,jidostina,village,23.5871215,45.716916
642,Pețelca,petelca,village,23.736705,46.2213921
642,Coșlariu Nou,coslariu nou,village,23.6775027,46.1724862
642,Căpud,capud,village,23.7255093,46.205648
642,Beldiu,beldiu,village,23.7153735,46.2362945
642,Dumbrava,dumbrava,village,23.7725715,46.4356569
642,Ciugudu de Sus,ciugudu de sus,village,23.7123133,46.425512
642,Ciugudu de Jos,ciugudu de jos,village,23.7447414,46.4187174
642,Brădeana,bradeana,village,22.977928,46.3322941
642,Burzonești,burzonesti,village,23.0086783,46.3677429
642,Deoncești,deoncesti,hamlet,23.0009954,46.3006684
642,Dilimani,dilimani,hamlet,23.0167039,46.3551738
642,Furduiești,furduiesti,hamlet,22.9910381,46.312707
642,Gura Sohodol,gura sohodol,village,23.0306699,46.3546316
642,Hoancă,hoanca,village,22.9786612,46.3402718
642,Joldișești,joldisesti,hamlet,22.9382079,46.3195177
642,Lazuri,lazuri,village,23.0235933,46.3634735
642,Lehești,lehesti,hamlet,22.9838592,46.3037521
642,Luminești,luminesti,village,22.9561474,46.3294992
642,Medrești,medresti,hamlet,22.9529549,46.2956713
642,Morărești,moraresti,hamlet,23.0236028,46.3368165
642,Munești,munesti,hamlet,22.9984253,46.289265
642,Năpăiești,napaiesti,hamlet,23.012779,46.3494091
642,Nelegești,nelegesti,hamlet,23.0056538,46.3441195
642,Peleș,peles,village,22.9832645,46.336285
642,Nicorești,nicoresti,hamlet,23.0126651,46.3227138
642,Robești,robesti,hamlet,22.9911788,46.3006677
642,Poiana,poiana,hamlet,22.9720525,46.2995929
642,Surdești,surdesti,hamlet,23.0029246,46.3230125
642,Sicoiești,sicoiesti,hamlet,22.9786969,46.3435993
642,Șimocești,simocesti,hamlet,23.0016947,46.3114533
642,Sebișești,sebisesti,village,22.994183,46.3475733
642,Valea Verde,valea verde,hamlet,22.9497937,46.3111757
642,Țoci,toci,hamlet,22.9794502,46.2943866
642,Stremț,stremt,village,23.6395043,46.2217171
642,Vlădoșești,vladosesti,village,23.0175321,46.3437405
642,Geoagiu de Sus,geoagiu de sus,village,23.5925746,46.2545291
642,Fața Pietrii,fata pietrii,village,23.517871,46.2860652
642,Șibot,sibot,village,23.3361763,45.9410607
642,Geomal,geomal,village,23.6219283,46.2614374
642,Pleșcuța,plescuta,village,22.9533055,46.3616645
642,Pitărcești,pitarcesti,hamlet,23.0006033,46.3704367
642,Oidești,oidesti,village,22.9400002,46.3795338
642,Nemeși,nemesi,village,22.8765963,46.364144
642,Modolești,modolesti,hamlet,22.8753248,46.3777059
642,Lunca Vesești,lunca vesesti,village,22.9448399,46.3780817
642,Lunca Goiești,lunca goiesti,village,22.9147585,46.3758017
642,Lunca de Jos,lunca de jos,village,22.8873271,46.3682741
642,Lunca Bisericii,lunca bisericii,village,22.8786528,46.3673605
642,Lunca,lunca,village,22.9099709,46.3742522
642,Jeflești,jeflesti,hamlet,22.8807001,46.3806133
642,Hoancă,hoanca,hamlet,22.9193052,46.3439799
642,Hărăști,harasti,locality,22.8997565,46.3495184
642,Haiducești,haiducesti,village,22.9294498,46.394464
642,Goiești,goiesti,village,22.9248432,46.3773256
642,Gligorești,gligoresti,hamlet,22.845083,46.3842246
642,Crișeni,criseni,village,23.4903234,46.0415421
642,Dealu Ferului,dealu ferului,village,23.4393475,46.0013669
642,Ciocașu,ciocasu,hamlet,23.4738168,46.041206
642,Câmpu Goblii,campu goblii,village,23.4500193,45.9986986
642,Vârtănești,vartanesti,village,22.9548691,46.3727441
642,Vințu de Jos,vintu de jos,village,23.4855701,45.9944325
642,Vâlcăneasa,valcaneasa,village,22.938175,46.3661454
642,Vâlcești,valcesti,hamlet,22.8798224,46.387518
642,Valea Morii,valea morii,village,22.960138,46.3589982
642,Văsești,vasesti,village,22.9038264,46.3787794
642,Segaj,segaj,hamlet,22.8594177,46.3808503
642,Urdeș,urdes,hamlet,22.9429834,46.3710556
642,Puiulețești,puiuletesti,village,22.9960131,46.3692555
642,Runc,runc,village,22.9945064,46.3780622
642,Poieni,poieni,locality,22.9104618,46.34723
642,Ponorel,ponorel,village,22.9674793,46.3692784
642,Vâltori,valtori,village,22.9412663,46.4043549
642,Toțești,totesti,hamlet,22.933598,46.4252723
642,Făget,faget,village,24.1656949,46.153087
642,Valea Lungă,valea lunga,village,24.045406,46.1259241
642,Popeștii de Jos,popestii de jos,village,22.9569304,46.3989036
642,Poduri-Bricești,poduri-bricesti,village,22.9562834,46.4130161
642,Tomuțești,tomutesti,village,22.9277885,46.4129752
642,Popeștii de Sus,popestii de sus,village,22.9383481,46.4144867
642,Dealu Frumos,dealu frumos,village,22.9733052,46.4228128
642,Burzești,burzesti,hamlet,22.9486804,46.4013084
642,Necșești,necsesti,village,22.9899848,46.3888175
642,Lăzești,lazesti,hamlet,22.9393749,46.4197694
642,Măhăceni,mahaceni,village,23.742964,46.4466857
642,Inoc,inoc,village,23.787227,46.3852106
642,Bodești,bodesti,village,22.987402,46.4118232
642,Vadu Moților,vadu motilor,village,22.9667152,46.3950087
642,Dosu Luncii,dosu luncii,village,22.9063003,46.3649822
642,Dosu Văsești,dosu vasesti,hamlet,22.8656437,46.3678333
642,Drăgoiești-Luncă,dragoiesti-lunca,village,22.9812614,46.3661496
642,Ficărești,ficaresti,village,22.9619311,46.3835616
642,Bordeștii Poieni,bordestii poieni,locality,22.9261112,46.355101
642,Culdești,culdesti,village,22.952074,46.380758
642,Dealu Goiești,dealu goiesti,village,22.9202615,46.3932443
642,Dos,dos,village,22.9603481,46.3693737
642,Vidra,vidra,village,22.8944434,46.3706267
642,Băi,bai,hamlet,22.9159423,46.3363589
642,Bobărești,bobaresti,village,22.9859665,46.3696236
642,Bogdănești,bogdanesti,village,22.9898524,46.3647139
642,Glogoveț,glogovet,village,24.0085952,46.1483394
642,Lodroman,lodroman,village,24.0741036,46.1179168
642,Lunca,lunca,village,24.0659467,46.1062502
642,Tăuni,tauni,village,24.1316394,46.1506829
642,Valea Goblii,valea goblii,village,23.4509475,46.0032675
642,Stăuini,stauini,village,23.4901732,46.0328196
642,Valea Vințului,valea vintului,village,23.4558766,46.0176378
642,Valea lui Mihai,valea lui mihai,village,23.4699665,46.0261881
642,Vurpăr,vurpar,village,23.472674,46.0040301
642,Hațegana,hategana,hamlet,23.4429316,46.0356326
642,Gura Cuțului,gura cutului,village,23.4092424,46.0369468
642,Inuri,inuri,village,23.4546879,46.0445398
642,Mereteu,mereteu,village,23.4253176,45.992497
642,Mătăcina,matacina,hamlet,23.4260024,46.0370477
642,Poienița,poienita,hamlet,23.456221,46.0321861
642,Pârău lui Mihai,parau lui mihai,village,23.485973,46.0129736
642,Tisa Nouă,tisa noua,village,21.3739577,46.0825731
642,Sânleani,sanleani,village,21.3886871,46.2124926
642,Chișineu-Criș,chisineu-cris,town,21.5165809,46.5245412
642,Șoimoș,soimos,village,21.718107,46.1064811
642,Donceni,donceni,village,22.1756326,46.3908369
642,Sălăjeni,salajeni,village,22.188193,46.3676853
642,Prunișor,prunisor,village,22.1219047,46.419274
642,Cil,cil,village,22.2633663,46.2830923
642,Almaș,almas,village,22.2354341,46.2854518
642,Apateu,apateu,village,21.7760476,46.6229613
642,Rădești,radesti,village,22.2515113,46.2705501
642,Bârzești,barzesti,village,22.1324645,46.485409
642,Groșeni,groseni,village,22.1182995,46.4976242
642,Moțiori,motiori,village,21.8513412,46.615807
642,Archiș,archis,village,22.0528201,46.4778558
642,Bacău de Mijloc,bacau de mijloc,village,22.0992392,45.9761696
642,Nermiș,nermis,village,22.0829287,46.4725222
642,Benești,benesti,village,22.0034456,46.5312874
642,Bochia,bochia,village,22.0073204,46.5450884
642,Țela,tela,village,22.0685466,45.9872336
642,Beliu,beliu,village,21.9864951,46.4932651
642,Tăgădău,tagadau,village,22.0041995,46.5089478
642,Secaci,secaci,village,22.0378386,46.572937
642,Vasile Goldiș,vasile goldis,village,21.9343444,46.527825
642,Virișmort,virismort,village,22.1450635,45.9671382
642,Ostrov,ostrov,village,22.1342429,45.9721662
642,Căpâlnaș,capalnas,village,22.2240269,45.974618
642,Voivodeni,voivodeni,village,22.0331612,46.3985014
642,Hodiș,hodis,village,22.0266435,46.3578825
642,Groșii Noi,grosii noi,village,22.1208196,46.1196398
642,Brazii,brazii,village,22.3359188,46.2412835
642,Buceava-Șoimuș,buceava-soimus,village,22.3421036,46.2031363
642,Lalașinț,lalasint,village,22.0092869,46.0712539
642,Monoroștia,monorostia,village,22.0137785,46.10476
642,Slatina de Mureș,slatina de mures,village,22.184437,46.156105
642,Berindia,berindia,village,22.1600476,46.3210219
642,Păulian,paulian,village,22.1575207,46.3347223
642,Cărand,carand,village,22.0885928,46.4451222
642,Iacobini,iacobini,village,22.3419663,46.2315498
642,Mădrigești,madrigesti,village,22.3057907,46.2036822
642,Secaș,secas,village,22.3046093,46.2289392
642,Păiușeni,paiuseni,village,22.0943791,46.2492983
642,Văsoaia,vasoaia,village,22.0636386,46.2537172
642,Seliștea,selistea,village,22.0265109,46.4658985
642,Avram Iancu,avram iancu,village,21.9152473,46.5398696
642,Craiva,craiva,village,21.9750734,46.5831282
642,Ciuntești,ciuntesti,village,22.041447,46.6250838
642,Chișlaca,chislaca,village,21.9614961,46.5541483
642,Chelmac,chelmac,village,21.8846306,46.0817968
642,Belotinț,belotint,village,21.9383921,46.0767048
642,Odvoș,odvos,village,21.8162993,46.1094423
642,Milova,milova,village,21.8002141,46.1052877
642,Tălmaci,talmaci,village,21.8929143,46.6110641
642,Dezna,dezna,village,22.245413,46.4065226
642,Susag,susag,village,21.9211731,46.613967
642,Șiad,siad,village,21.9892465,46.6053472
642,Rogoz de Beliu,rogoz de beliu,village,22.0050246,46.6062726
642,Stoinești,stoinesti,village,22.025031,46.613021
642,Coroi,coroi,village,21.9536659,46.5918527
642,Mărăuș,maraus,village,22.0342977,46.5944033
642,Crocna,crocna,village,22.2951737,46.3271352
642,Revetiș,revetis,village,22.1953204,46.3133844
642,Cociuba,cociuba,village,22.1844288,46.3091837
642,Neagra,neagra,village,22.2086437,46.4347752
642,Slatina de Criș,slatina de cris,village,22.2283242,46.432534
642,Buhani,buhani,village,22.205362,46.4060938
642,Laz,laz,village,22.2500597,46.3703021
642,Zăbalț,zabalt,village,21.9223963,46.0081814
642,Pătârș,patars,village,21.8506199,45.9976792
642,Bruznic,bruznic,village,21.892251,45.981276
642,Roșia,rosia,village,22.1954123,46.337573
642,Șiclău,siclau,village,21.3670899,46.4939353
642,Grăniceri,graniceri,village,21.3044217,46.5197677
642,Zimbru,zimbru,village,22.3874388,46.335728
642,Bodești,bodesti,village,22.5798313,46.2916561
642,Bănești,banesti,village,22.6069699,46.2889139
642,Cristești,cristesti,village,22.5960794,46.3013497
642,Dulcele,dulcele,village,22.3665298,46.3548366
642,Honțișor,hontisor,village,22.3403255,46.2531955
642,Feniș,fenis,village,22.3336531,46.2966954
642,Mustești,mustesti,village,22.265433,46.2366696
642,Iosaș,iosas,village,22.3354569,46.2835779
642,Valea Mare,valea mare,village,22.3600675,46.3202235
642,Pescari,pescari,village,22.3090567,46.2959007
642,Țohești,tohesti,village,22.6148373,46.2490525
642,Hășmaș,hasmas,village,22.0774389,46.5038687
642,Agrișu Mic,agrisu mic,village,22.0548227,46.527837
642,Botfei,botfei,village,22.0639398,46.5472519
642,Clit,clit,village,22.0926956,46.5143284
642,Comănești,comanesti,village,22.0444885,46.5100731
642,Urvișu de Beliu,urvisu de beliu,village,22.08632,46.5265703
642,Ignești,ignesti,village,22.1695679,46.4099197
642,Leștioara,lestioara,village,22.562481,46.2800105
642,Poienari,poienari,village,22.6000589,46.2395452
642,Tisa,tisa,village,22.5486115,46.258554
642,Țărmure,tarmure,village,22.5565788,46.2463352
642,Hălmăgel,halmagel,village,22.6183853,46.2703654
642,Luncșoara,luncsoara,village,22.6277311,46.3211262
642,Sârbi,sarbi,village,22.6430006,46.2863314
642,Târnăvița,tarnavita,village,22.6495289,46.2551207
642,Zerindu Mic,zerindu mic,village,21.6345186,46.6336552
642,Vânători,vanatori,village,21.6733241,46.6245588
642,Satu Nou,satu nou,village,21.7027967,46.6226806
642,Mișca,misca,village,21.5991795,46.6011302
642,Rănușa,ranusa,village,22.2546346,46.4309614
642,Moneasa,moneasa,village,22.2567395,46.4611115
642,Iratoșu,iratosu,village,21.2070019,46.3173649
642,Susani,susani,village,22.1785415,46.4545612
642,Nădălbești,nadalbesti,village,22.1937243,46.4541055
642,Mânead,manead,village,22.1872313,46.4169341
642,Sânmartin,sanmartin,village,21.3482142,46.4165305
642,Variașu Mic,variasu mic,village,21.1827735,46.2933361
642,Variașu Mare,variasu mare,village,21.1728102,46.275977
642,Corbești,corbesti,village,22.3891028,46.0738806
642,Peregu Mare,peregu mare,village,20.9083561,46.2327811
642,Peregu Mic,peregu mic,village,20.9460456,46.2500908
642,Roșia Nouă,rosia noua,village,22.3962957,46.1095906
642,Seliște,seliste,village,22.3877908,46.0292387
642,Ilteu,ilteu,village,22.3594239,46.016571
642,Obârșia,obarsia,village,22.4377824,46.1356588
642,Cladova,cladova,village,21.6558925,46.1357992
642,Barațca,baratca,village,21.632272,46.1072038
642,Sederhat,sederhat,village,21.1569024,46.2140365
642,Bodrogu Vechi,bodrogu vechi,village,21.1746562,46.1389026
642,Pârnești,parnesti,village,22.2441571,46.074142
642,Hălăliș,halalis,village,22.2059223,46.0053337
642,Toc,toc,village,22.3164963,46.0139657
642,Temeșești,temesesti,village,22.271828,46.0516948
642,Tălagiu,talagiu,village,22.4735232,46.2773992
642,Cuiaș,cuias,village,22.2908554,45.998063
642,Dumbrava,dumbrava,village,22.421649,46.2857424
642,Budești,budesti,village,22.4448543,46.2599461
642,Rostoci,rostoci,village,22.399053,46.2856155
642,Gura Văii,gura vaii,village,22.3953678,46.2930578
642,Aciuța,aciuta,village,22.4499847,46.2891941
642,Țipar,tipar,village,21.6328919,46.4758591
642,Sântana,santana,town,21.5049578,46.3465604
642,Caporal Alexa,caporal alexa,village,21.5831602,46.3379316
642,Moroda,moroda,village,21.7596614,46.3713525
642,Adea,adea,village,21.5843275,46.5551067
642,Iermata,iermata,village,21.7665133,46.3857423
642,Troaș,troas,village,22.2979167,46.0949315
642,Satu Mic,satu mic,village,21.895289,46.3504497
642,Iercoșeni,iercoseni,village,21.9792792,46.347392
642,Șilindia,silindia,village,21.9161017,46.3395612
642,Chereluș,cherelus,village,21.7053367,46.4652097
642,Șepreuș,sepreus,village,21.7341745,46.5712491
642,Hunedoara Timișană,hunedoara timisana,village,21.321098,46.0312453
642,Fiscut,fiscut,village,21.3958223,46.0281532
642,Nadăș,nadas,village,21.9479958,46.2241722
642,Minișel,minisel,village,21.9953658,46.2575812
642,Minișu de Sus,minisu de sus,village,22.0091238,46.2819312
642,Varnița,varnita,village,21.8068753,46.0225928
642,Cuveșdia,cuvesdia,village,21.6817083,45.952322
642,Labașinț,labasint,village,21.7900784,45.9611846
642,Mâsca,masca,village,21.6714654,46.2966904
642,Șiștarovăț,sistarovat,village,21.7432073,46.010478
642,Chesinț,chesint,village,21.576302,46.0538992
642,Vidra,vidra,village,22.5122095,46.3287485
642,Poiana,poiana,village,22.443092,46.3605031
642,Cintei,cintei,village,21.5642384,46.4438136
642,Zimandcuz,zimandcuz,village,21.3817257,46.2553606
642,Andrei Șaguna,andrei saguna,village,21.3926097,46.291684
642,Iermata Neagră,iermata neagra,village,21.4991271,46.6372275
642,Baia,baia,village,22.1746305,46.0907541
642,Julița,julita,village,22.1340469,46.0388017
642,Dud,dud,village,21.857255,46.2981814
642,Stejar,stejar,village,22.1553622,46.0344291
642,Lupești,lupesti,village,22.2188779,46.06938
642,Nicolae Bălcescu,nicolae balcescu,village,22.0933581,46.0334115
642,Măgulicea,magulicea,village,22.5415538,46.3294717
642,Mermești,mermesti,village,22.5634683,46.3105075
642,Groși,grosi,village,22.5467732,46.37266
642,Lazuri,lazuri,village,22.5596202,46.3428005
642,Brăileni,braileni,village,24.7751445,44.8820731
642,Glâmbocu,glambocu,village,24.792546,44.8936801
642,Mica,mica,village,24.7578036,44.8847282
642,Prislopu Mic,prislopu mic,village,24.7428001,44.8959061
642,Schiau,schiau,village,24.8019035,44.9124878
642,Valea Ursului,valea ursului,village,24.7768433,44.8879173
642,Bradu,bradu,village,24.8977612,44.7801392
642,Geamăna,geamana,village,24.8898119,44.8188525
642,Făgetu,fagetu,village,24.9057628,44.9055129
642,Mărăcineni,maracineni,village,24.8744811,44.8973315
642,Racovița,racovita,village,24.9758223,44.9708066
642,Ștefănești,stefanesti,town,24.9606247,44.8751485
642,Argeșelu,argeselu,village,24.8711469,44.9274021
642,Golești,golesti,village,24.9600347,44.8404341
642,Enculești,enculesti,village,24.9484971,44.9045413
642,Ștefăneștii Noi,stefanestii noi,village,24.9335734,44.8625148
642,Izvorani,izvorani,village,24.939507,44.8720278
642,Viișoara,viisoara,village,24.9444499,44.8607612
642,Valea Mare-Podgoria,valea mare-podgoria,village,24.9015371,44.8821897
642,Zăvoi,zavoi,village,24.894416,44.8585401
642,Valea Mare Pravăț,valea mare pravat,village,25.0945644,45.2937535
642,Valea Rumâneștilor,valea rumanestilor,village,25.0824797,45.2666037
642,Colnic,colnic,village,25.108078,45.2645263
642,Bilcești,bilcesti,village,25.1031738,45.2824761
642,Nămăești,namaesti,village,25.1127548,45.3045797
642,Pietroasa,pietroasa,village,25.0849357,45.2877826
642,Fântânea,fantanea,village,25.1069494,45.2742735
642,Gura Pravăț,gura pravat,village,25.1286221,45.3246849
642,Noapteș,noaptes,village,24.6529832,45.1040008
642,Șelari,selari,village,25.1013473,45.285101
642,Pârvu Roșu,parvu rosu,village,24.902918,44.7345959
642,Podu Broșteni,podu brosteni,village,24.8560087,44.7429201
642,Broșteni,brosteni,village,24.8654838,44.7159623
642,Lăceni,laceni,village,24.876428,44.7141782
642,Boțârcani,botarcani,village,25.0880401,44.8487113
642,Smei,smei,village,24.8412152,44.7297382
642,Stârci,starci,village,24.830155,44.7000949
642,Albeștii Pamânteni,albestii pamanteni,village,24.6678031,45.2064211
642,Țigănești,tiganesti,village,25.0832776,44.8361512
642,Gorănești,goranesti,village,25.0889736,44.8551094
642,Crintești,crintesti,village,25.0914894,44.8522728
642,Dobrotu,dobrotu,village,24.6574614,45.2064593
642,Doblea,doblea,village,24.7061163,45.2141316
642,Brătești,bratesti,village,24.7068152,45.2243462
642,Albeștii Ungureni,albestii ungureni,village,24.6697505,45.2229324
642,Bughea de Sus,bughea de sus,village,25.0325998,45.2981949
642,Florieni,florieni,village,24.7225663,45.2400562
642,Dumirești,dumiresti,village,24.6950729,45.247907
642,Frătești,fratesti,village,24.7903073,44.7998623
642,Cerbu,cerbu,village,24.820926,44.7582821
642,Albota,albota,village,24.8498552,44.7810846
642,Cândești,candesti,village,24.9716163,45.3232276
642,Slănic,slanic,village,24.8892827,45.2283862
642,Valea Siliștii,valea silistii,village,24.9073068,45.1902653
642,Căpățânenii Pământeni,capatanenii pamanteni,village,24.6392232,45.3242275
642,Arefu,arefu,village,24.6098214,45.3299631
642,Gura Văii,gura vaii,village,24.840789,44.7968758
642,Mareș,mares,village,24.7900452,44.7782444
642,Aninoasa,aninoasa,village,24.9268407,45.1922505
642,Broșteni,brosteni,village,24.9192184,45.1948266
642,Cotmenița,cotmenita,village,24.7111545,44.8977887
642,Groși,grosi,village,24.6872609,44.8718115
642,Lupueni,lupueni,village,24.7260112,44.8804888
642,Slătioarele,slatioarele,village,24.7526579,44.8597608
642,Căpățânenii Ungureni,capatanenii ungureni,village,24.6368352,45.3356654
642,Băbana,babana,village,24.7056703,44.8890823
642,Băjănești,bajanesti,village,24.710662,44.8594271
642,Ciobănești,ciobanesti,village,24.7407755,44.8675289
642,Stejari,stejari,village,24.7051895,45.0392171
642,Mănicești,manicesti,village,24.7153492,45.0209149
642,Valea Brazilor,valea brazilor,village,24.682757,45.0501079
642,Tutana,tutana,village,24.6508258,45.0423929
642,Alunișu,alunisu,village,24.5955143,45.0666902
642,Băiculești,baiculesti,village,24.6881446,45.0716384
642,Argeșani,argesani,village,24.7057872,45.0591285
642,Anghinești,anghinesti,village,24.6652732,45.0733166
642,Poienița,poienita,village,24.927885,45.1117489
642,Golești,golesti,village,24.9319182,45.0870201
642,Ulița,ulita,village,24.9397834,45.1097489
642,Priboaia,priboaia,village,24.9440338,45.0887312
642,Zigoneni,zigoneni,village,24.6768041,45.0907308
642,Valea lui Enache,valea lui enache,village,24.6455731,45.0795026
642,Băjești,bajesti,village,24.9423337,45.0261519
642,Bălilești,balilesti,village,24.9413828,45.0624293
642,Gămăcești,gamacesti,village,24.9287374,45.2512052
642,Negrești,negresti,village,25.0756692,44.9554663
642,Beleți,beleti,village,25.0860524,44.9066622
642,Lențea,lentea,village,25.1054733,44.9857626
642,Valea Mare-Bratia,valea mare-bratia,village,24.9507836,45.0726575
642,Zgripcești,zgripcesti,village,25.0769134,44.93815
642,Malu,malu,village,24.7821882,44.4622296
642,Mândra,mandra,village,24.7765875,44.4536915
642,Brabeți,brabeti,village,24.765767,44.460524
642,Ciocești,ciocesti,village,24.7827249,44.4485293
642,Afrimești,afrimesti,village,24.765754,44.4797302
642,Bădești,badesti,village,24.7605407,44.3934926
642,Oțelu,otelu,hamlet,24.9529692,45.2537793
642,Bârla,barla,village,24.7827672,44.4342047
642,Bujoi,bujoi,village,25.1393243,44.893691
642,Bârloi,barloi,village,25.1374142,44.8787572
642,Bogați,bogati,village,25.1350694,44.8681584
642,Zuvelcați,zuvelcati,village,24.7628652,44.4694816
642,Urlueni,urlueni,village,24.7847446,44.4800642
642,Șelăreasca,selareasca,village,24.7822097,44.4435509
642,Podișoru,podisoru,village,24.7851282,44.4209796
642,Mozăcenii-Vale,mozacenii-vale,village,24.8040327,44.4007224
642,Balabani,balabani,village,25.1359806,45.1644196
642,Suseni,suseni,village,25.1442294,44.9009242
642,Glâmbocelu,glambocelu,village,25.1415984,44.8350823
642,Glâmbocel,glambocel,village,25.1648774,44.8547348
642,Dumbrava,dumbrava,village,25.1935312,44.8925575
642,Chițești,chitesti,village,25.1397875,44.862303
642,Slămnești,slamnesti,village,24.7721178,45.2690992
642,Piatra,piatra,village,24.7699342,45.2499564
642,Ungureni,ungureni,village,24.7726354,45.2554003
642,Uleni,uleni,village,24.7796784,45.2667679
642,Budeasa Mică,budeasa mica,village,24.8495079,44.9325052
642,Budeasa Mare,budeasa mare,village,24.8337821,44.9203335
642,Gălășești,galasesti,village,24.7998484,44.9495805
642,Calotești,calotesti,village,24.7616144,44.9835306
642,Boțești,botesti,village,25.1378598,45.0109721
642,Mușcel,muscel,village,25.1326834,45.2015202
642,Brăduleț,bradulet,village,24.7828846,45.2798671
642,Moșteni-Greci,mosteni-greci,village,25.1566026,45.0030999
642,Brădetu,bradetu,village,24.76212,45.3099202
642,Alunișu,alunisu,village,24.7740557,45.297731
642,Galeșu,galesu,village,24.7617822,45.2727668
642,Cosaci,cosaci,village,24.7844891,45.276791
642,Ionești,ionesti,village,24.9042634,44.6122777
642,Podeni,podeni,village,24.9078146,44.5866264
642,Redea,redea,hamlet,24.9017626,44.5998406
642,Șerboeni,serboeni,village,24.8935515,44.6381823
642,Tomșanca,tomsanca,village,24.9401682,44.6225121
642,Vlăduța,vladuta,village,24.8959189,44.6255218
642,Căldăraru,caldararu,village,24.9566068,44.4437734
642,Burdea,burdea,village,24.8981339,44.4491119
642,Rogojina,rogojina,village,24.8134964,44.9375634
642,Valea Mărului,valea marului,village,24.7768028,44.9670547
642,Bughea de Jos,bughea de jos,village,25.0028409,45.2755229
642,Vulpești,vulpesti,village,24.9313707,44.592133
642,Bujoreni,bujoreni,village,24.9144816,44.6020643
642,Buzoești,buzoesti,village,24.9181545,44.5811287
642,Cornățel,cornatel,village,24.9550501,44.5746855
642,Curteanca,curteanca,village,24.9294912,44.5739164
642,Valea Corbului,valea corbului,village,25.0347911,44.9114055
642,Urlucea,urlucea,village,25.0323597,44.8672084
642,Udeni-Zăvoi,udeni-zavoi,village,24.9986089,44.8286401
642,Râncăciov,rancaciov,village,25.0337303,44.8624208
642,Cireșu,ciresu,village,25.0364791,44.7607978
642,Catanele,catanele,village,24.9993054,44.8001531
642,Văleni-Podgoria,valeni-podgoria,village,24.9892954,44.8575468
642,Ciocănești,ciocanesti,village,24.9695465,44.8514121
642,Călinești,calinesti,village,25.0453102,44.8244371
642,Vrănești,vranesti,village,24.9999243,44.839506
642,Strâmbeni,strambeni,village,24.9724646,44.4650691
642,Radu Negru,radu negru,village,25.0099209,44.8623617
642,Gorganu,gorganu,village,25.0383797,44.8424122
642,Glodu,glodu,village,25.042255,44.8484856
642,Cârstieni,carstieni,village,25.0300902,44.8832016
642,Valea Măgurei,valea magurei,village,24.5546277,45.1909531
642,Zamfirești,zamfiresti,hamlet,24.5124153,45.194321
642,Șendrulești,sendrulesti,village,24.5459302,45.2068549
642,Urluiești,urluiesti,village,24.5222482,45.2000407
642,Valea Cetățuia,valea cetatuia,village,25.2027026,45.2174982
642,Cetățeni,cetateni,village,25.2126821,45.1919262
642,Lăicăi,laicai,village,25.2049593,45.1699127
642,Recea,recea,village,24.9694825,44.8085616
642,Siliștea,silistea,village,25.0445707,44.7388552
642,Coșeri,coseri,village,25.0559014,44.7793976
642,Gruiu,gruiu,village,25.0700881,44.7351739
642,Ceparii Ungureni,ceparii ungureni,village,24.5330078,45.1920248
642,Morăști,morasti,village,24.4926432,45.2219121
642,Ceparii Pământeni,ceparii pamanteni,village,24.5583496,45.2068162
642,Cărpeniș,carpenis,village,24.5122291,45.2265673
642,Dogari,dogari,village,24.481427,44.8469173
642,Cungrea,cungrea,village,24.4900842,44.8838921
642,Giuclani,giuclani,village,24.5149914,44.886666
642,Fedeleșoiu,fedelesoiu,village,24.4549592,44.8444528
642,Beculești,beculesti,village,24.4378375,44.8231383
642,Răduțești,radutesti,village,24.4749496,44.8634651
642,Ciomăgești,ciomagesti,village,24.4490235,44.8368462
642,Bratia,bratia,village,24.5094771,44.8769054
642,Lacurile,lacurile,village,24.5392209,45.0849338
642,Burluși,burlusi,village,24.5290674,45.1155801
642,Schitu-Matei,schitu-matei,village,24.5575996,45.0936747
642,Piatra,piatra,village,24.5031632,45.1045896
642,Mioarele,mioarele,village,24.6304194,45.2459682
642,Bărăști,barasti,village,24.5965433,45.2533785
642,Ciofrângeni,ciofrangeni,village,24.5410575,45.1019657
642,Urechești,urechesti,village,24.6153509,45.2593258
642,Oeștii Pamânteni,oestii pamanteni,village,24.6551977,45.2527249
642,Oeștii Ungureni,oestii ungureni,village,24.6520312,45.25618
642,Poienari,poienari,village,24.6562532,45.3144318
642,Rotunda,rotunda,village,24.6557496,45.2888943
642,Răchițele de Sus,rachitele de sus,village,24.6526926,44.9057388
642,Corbeni,corbeni,village,24.6545705,45.3049451
642,Berindești,berindesti,village,24.664844,45.3229463
642,Bucșenești,bucsenesti,village,24.6533604,45.2962738
642,Crucișoara,crucisoara,village,24.6614119,44.8234081
642,Făcălețești,facaletesti,village,24.6782322,44.850507
642,Greabănu,greabanu,village,24.6218282,44.913242
642,Popești,popesti,village,24.6396986,44.8536433
642,Păunești,paunesti,village,24.4484687,44.8480288
642,Răchițele de Jos,rachitele de jos,village,24.6627559,44.8850517
642,Bărbătești,barbatesti,village,24.6315934,44.9080099
642,Cocu,cocu,village,24.6571269,44.8531267
642,Bascovele,bascovele,village,24.6442418,45.0105604
642,Cotmeana,cotmeana,village,24.6167725,44.9718034
642,Priseaca,priseaca,village,24.8488603,45.0908638
642,Petrești,petresti,village,24.8898876,45.0436355
642,Păcioiu,pacioiu,village,24.8652828,45.0823348
642,Leicești,leicesti,village,24.8610348,45.0957096
642,Lăpușani,lapusani,village,24.8539912,45.1229381
642,Jupânești,jupanesti,village,24.8513732,45.0676208
642,Coșești,cosesti,village,24.8752828,45.0592149
642,Stănești,stanesti,village,24.835853,45.2290786
642,Poienărei,poienarei,village,24.8047098,45.2547989
642,Poduri,poduri,village,24.8240688,45.2275514
642,Jgheaburi,jgheaburi,village,24.8057947,45.2815206
642,Corbșori,corbsori,village,24.8240079,45.2533624
642,Corbi,corbi,village,24.8032012,45.2857518
642,Turburea,turburea,village,24.7003593,45.3251994
642,Bărbălani,barbalani,village,24.5113487,44.9044246
642,Cârcești,carcesti,village,24.5351636,44.9580109
642,Cuca,cuca,village,24.5163869,44.9674721
642,Bălțata,baltata,village,24.5076493,44.9614705
642,Vârloveni,varloveni,village,24.5965915,45.0311899
642,Zamfirești,zamfiresti,village,24.6531703,44.9825608
642,Spiridoni,spiridoni,village,24.5875655,44.9776331
642,Ursoaia,ursoaia,village,24.6653571,44.989814
642,Pielești,pielesti,village,24.5769086,45.0479747
642,Săndulești,sandulesti,village,24.6484899,45.026836
642,Lintești,lintesti,village,24.6120442,45.007632
642,Negești,negesti,village,24.6568196,45.004842
642,Dealu Pădurii,dealu padurii,village,24.5947054,44.9597798
642,Drăgolești,dragolesti,village,24.6069387,45.041738
642,Bunești,bunesti,village,24.6192046,45.0317542
642,Costești,costesti,village,24.5963634,44.9863211
642,Valea Nandrii,valea nandrii,village,24.8815496,45.0180949
642,Piscani,piscani,village,24.9122198,44.9667159
642,Negreni,negreni,village,24.9131591,44.9920783
642,Dârmănești,darmanesti,village,24.9014317,45.0104903
642,Furești,furesti,village,25.1085188,44.9334712
642,Dobrești,dobresti,village,25.1299693,44.9664175
642,Valea Rizii,valea rizii,village,24.8952198,45.0362811
642,Băcești,bacesti,village,24.6735837,44.9530499
642,Drăganu-Olteni,draganu-olteni,village,24.7132911,44.9318159
642,Valea Hotarului,valea hotarului,village,25.1692552,45.3199646
642,Bordeieni,bordeieni,hamlet,24.9789232,45.2598237
642,Prislopu Mare,prislopu mare,village,24.7338047,44.9027789
642,Dumbrăvești,dumbravesti,village,24.6902718,44.9620286
642,Lăunele de Sus,launele de sus,village,24.4909067,44.9345739
642,Măcăi,macai,village,24.5028192,44.9881219
642,Cotu,cotu,village,24.476469,44.9088813
642,Crivățu,crivatu,village,24.5123021,44.9572136
642,Stănicei,stanicei,village,24.5009199,44.9703929
642,Teodorești,teodoresti,village,24.4843372,44.9240413
642,Mănești,manesti,village,24.512388,44.9784887
642,Sinești,sinesti,village,24.5158068,44.9939831
642,Conțești,contesti,village,25.0104975,44.9854286
642,Valea Cucii,valea cucii,village,24.4839676,44.963531
642,Vonigeasa,vonigeasa,village,24.542219,44.9823122
642,Ciocanu,ciocanu,village,25.2447969,45.457867
642,Voroveni,voroveni,village,25.0636184,45.0263287
642,Bântău,bantau,village,25.1866139,44.8188271
642,Băila,baila,village,25.1370185,44.8032523
642,Ciolcești,ciolcesti,village,25.1989046,44.7986978
642,Budișteni,budisteni,village,25.1557668,44.8039094
642,Cârciumărești,carciumaresti,village,25.1123671,44.7964641
642,Ciulnița,ciulnita,village,25.153781,44.7877932
642,Glâmbocata,glambocata,village,25.2017313,44.7788984
642,Cotu Malului,cotu malului,village,25.1925558,44.7520321
642,Glodu,glodu,village,25.169545,44.8206651
642,Glâmbocata-Deal,glambocata-deal,village,25.1777587,44.7822235
642,Schitu Scoicești,schitu scoicesti,village,25.1496235,44.8166144
642,Moara Mocanului,moara mocanului,village,25.1431763,44.768602
642,Pojorâta,pojorata,village,25.0633932,45.354798
642,Lunca Corbului,lunca corbului,village,24.7606318,44.6837964
642,Voinești,voinesti,village,25.0746442,45.3066577
642,Capu Piscului,capu piscului,village,24.9770749,45.1798015
642,Cotești,cotesti,village,24.9747897,45.1970492
642,Malu,malu,village,24.9759961,45.2508505
642,Hârsești,harsesti,village,24.7828999,44.5227012
642,Ciobani,ciobani,village,24.7746638,44.5024447
642,Martalogi,martalogi,village,24.7896086,44.5028365
642,Bârzești,barzesti,village,25.0790901,45.0459204
642,Dealu,dealu,village,25.1126935,45.1162157
642,Huluba,huluba,village,25.0585213,45.0678652
642,Lespezi,lespezi,village,25.1260229,45.137234
642,Lucieni,lucieni,village,25.1134425,45.1348624
642,Izvoru,izvoru,village,25.064703,44.4941377
642,Baloteasca,baloteasca,village,25.169484,44.7573429
642,Brânzari,branzari,village,24.8365731,44.9586765
642,Micești,micesti,village,24.853752,44.9606749
642,Vâlcelele,valcelele,village,24.6986521,45.0105265
642,Vărzaru,varzaru,village,24.7743717,44.9365363
642,Malu Vânăt,malu vanat,village,24.7275087,44.9858618
642,Dobrogostea,dobrogostea,village,24.7936884,44.9208866
642,Crâmpotani,crampotani,village,24.6936344,45.0167894
642,Capu Piscului,capu piscului,village,24.7337283,45.0006967
642,Valea Popii,valea popii,village,25.0176603,45.0917642
642,Valea Bradului,valea bradului,village,25.0019441,45.0974444
642,Rudeni,rudeni,village,25.0061629,45.1219855
642,Furnicoși,furnicosi,village,24.999612,45.1416115
642,Drăghici,draghici,village,25.0447276,45.1295101
642,Mihăești,mihaesti,village,25.0091814,45.1025563
642,Purcăreni,purcareni,village,24.8873578,44.9684672
642,Pădureți,padureti,village,24.7666514,44.6583666
642,Silișteni,silisteni,village,24.7791615,44.7203101
642,Mârghia de Jos,marghia de jos,village,24.7180671,44.6815921
642,Mârghia de Sus,marghia de sus,village,24.7114114,44.6915508
642,Ciești,ciesti,village,24.7643096,44.6236678
642,Lăngești,langesti,village,24.778673,44.6989255
642,Bumbueni,bumbueni,village,24.7873881,44.7334366
642,Catane,catane,village,24.7622787,44.6333022
642,Borlești,borlesti,village,24.7640105,44.9472824
642,Brăteasca,brateasca,village,24.7177025,44.9942075
642,Zărnești,zarnesti,village,24.7783716,45.0170017
642,Păuleasca,pauleasca,village,24.8387628,45.0096309
642,Toplița,toplita,village,24.7316616,45.0902347
642,Mălureni,malureni,village,24.8033181,45.0966167
642,Bunești,bunesti,village,24.7537532,45.0167641
642,Mozăceni,mozaceni,village,25.163329,44.5651895
642,Smeura,smeura,village,24.8355884,44.8340554
642,Zidurile,zidurile,village,25.1671548,44.5775957
642,Babaroaga,babaroaga,village,25.1931554,44.5473499
642,Dealu Viilor,dealu viilor,village,24.8251287,44.8132862
642,Ciocănăi,ciocanai,village,24.7861204,44.8450636
642,Lăzărești,lazaresti,village,24.7567581,44.8269654
642,Hințești,hintesti,village,24.8450679,44.8138241
642,Robaia,robaia,village,24.7795945,45.2180548
642,Stroești,stroesti,village,24.7948588,45.1235018
642,Bolovănești,bolovanesti,hamlet,24.7319188,45.2343998
642,Vâlsănești,valsanesti,village,24.7909277,45.1799498
642,Mușătești,musatesti,village,24.7759967,45.2281572
642,Costești-Vâslan,costesti-vaslan,village,24.7732919,45.1542038
642,Cocenești,cocenesti,village,25.0984665,45.2222992
642,Suslănești,suslanesti,village,25.1204415,45.2394494
642,Miroși,mirosi,village,24.9434934,44.4144135
642,Surdulești,surdulesti,village,24.9579783,44.3921734
642,Văcarea,vacarea,village,25.0493788,45.1133451
642,Mățău,matau,village,25.0827735,45.2354343
642,Aluniș,alunis,village,25.1389042,45.2346012
642,Chilii,chilii,village,25.059945,45.2376976
642,Măncioiu,mancioiu,village,24.5006801,45.0143617
642,Săpunari,sapunari,village,24.558839,44.9714614
642,Moșoaia,mosoaia,village,24.7907034,44.8356107
642,Bătrâni,batrani,village,24.7575555,44.8417268
642,Morărești,moraresti,village,24.5627837,45.0073277
642,Dedulești,dedulesti,village,24.5394773,45.0148776
642,Dealu Obejdeanului,dealu obejdeanului,village,24.5620747,44.9920693
642,Luminile,luminile,village,24.5420211,45.0364741
642,Poiana Lacului,poiana lacului,village,24.7408498,44.8010444
642,Cătunași,catunasi,village,24.7365481,44.8298991
642,Șerbănești,serbanesti,village,25.0439295,45.1994628
642,Valea Îndărăt,valea indarat,village,25.054766,45.1988277
642,Dealu Viilor,dealu viilor,village,24.7021043,44.8345619
642,Dinculești,dinculesti,village,24.7235748,44.8136505
642,Cepari,cepari,village,24.6776607,44.7980151
642,Dealu Orașului,dealu orasului,village,24.7379467,44.8192219
642,Ceaurești,ceauresti,village,24.5248523,45.0530602
642,Ioanicești,ioanicesti,village,24.5115435,45.0637133
642,Vărzăroaia,varzaroaia,village,24.835135,45.1579015
642,Poienari,poienari,village,24.5257093,45.0696652
642,Groșani,grosani,village,25.0333443,45.2281677
642,Jugur,jugur,village,25.0848912,45.1877748
642,Tomulești,tomulesti,village,24.4921622,45.071107
642,Poienari,poienari,village,25.0499028,45.2191627
642,Ceaușești,ceausesti,village,24.9644323,44.7525698
642,Slatina,slatina,village,24.8036365,45.3571298
642,Sboghițești,sboghitesti,village,24.8066965,45.3322339
642,Retevoiești,retevoiesti,village,24.8423562,45.1403849
642,Gănești,ganesti,village,24.8406715,45.12242
642,Bădești,badesti,village,24.8593506,45.170093
642,Pietroșani,pietrosani,village,24.8475495,45.1769532
642,Bârlogu,barlogu,village,25.0806552,44.626576
642,Negrași,negrasi,village,25.1268421,44.5967519
642,Valea Muscelului,valea muscelului,village,24.7659343,45.1617936
642,Valea lui Maș,valea lui mas,village,24.7610415,45.2150256
642,Gruiu,gruiu,village,24.7634505,45.3267594
642,Mozacu,mozacu,village,25.1652034,44.609175
642,Buta,buta,village,25.1184394,44.6262285
642,Furduești,furduesti,village,25.1051749,44.7241126
642,Mavrodolu,mavrodolu,village,25.218281,44.6917319
642,Nejlovelu,nejlovelu,village,25.1772684,44.6890138
642,Pătuleni,patuleni,village,25.1649537,44.7324743
642,Tigveni,tigveni,village,25.1525488,44.7359911
642,Recea,recea,village,25.0320894,44.5202867
642,Deagu de Jos,deagu de jos,village,25.0235107,44.5481199
642,Deagu de Sus,deagu de sus,village,25.0061512,44.5643949
642,Paraschivești,paraschivesti,village,25.0880029,44.8795304
642,Sămăila,samaila,village,25.0964183,44.865543
642,Pitoi,pitoi,village,25.0919531,44.8746994
642,Valea Mare,valea mare,village,25.0708309,44.8765866
642,Valea Nenii,valea nenii,village,25.0893754,44.8855732
642,Valea Popii,valea popii,village,25.0866765,44.8672608
642,Rătești,ratesti,village,25.132265,44.743011
642,Ciupa-Mănciulescu,ciupa-manciulescu,village,25.1588716,44.7018909
642,Bucov,bucov,village,25.0360961,44.4430925
642,Adunați,adunati,village,25.029325,44.451971
642,Purcăreni,purcareni,village,25.1346264,44.4470432
642,Palanga,palanga,village,25.0846699,44.451457
642,Slobozia,slobozia,village,25.129305,44.4346528
642,Râca,raca,village,25.043215,44.4334439
642,Albotele,albotele,village,25.0841451,44.892822
642,Priboieni,priboieni,village,25.0837161,44.8765508
642,Gărdinești,gardinesti,village,24.6717221,44.7978768
642,Gălețeanu,galeteanu,village,24.6863288,44.8061185
642,Metofu,metofu,village,24.7174204,44.8412196
642,Gâlcești,galcesti,village,24.7370197,44.8120703
642,Păduroiu din Vale,paduroiu din vale,village,24.7014138,44.7839308
642,Păduroiu din Deal,paduroiu din deal,village,24.7211823,44.7933769
642,Popești,popesti,village,25.1013762,44.4419486
642,Sămara,samara,village,24.714095,44.8257406
642,Oprești,opresti,village,24.9879065,45.0743883
642,Pițigaia,pitigaia,village,25.0332621,45.0696303
642,Livezeni,livezeni,village,24.9762545,45.0387729
642,Ogrezea,ogrezea,village,24.9954416,45.0567295
642,Dealu Frumos,dealu frumos,village,24.972705,45.0352138
642,Slobozia,slobozia,village,25.2381368,44.5213705
642,Nigrișoara,nigrisoara,village,25.2338704,44.5035512
642,Loturi,loturi,village,25.0180709,45.2162457
642,Valea Pechii,valea pechii,village,25.0098653,45.1885899
642,Costiță,costita,village,25.0044696,45.1966156
642,Lăzărești,lazaresti,village,24.9948016,45.1594299
642,Schitu Golești,schitu golesti,village,25.0021736,45.1812684
642,Burnești,burnesti,village,25.0061086,45.1730765
642,Popești,popesti,village,24.7527284,44.7435069
642,Turcești,turcesti,village,24.7559819,44.736066
642,Lipia,lipia,village,24.7255664,44.7726973
642,Găinușa,gainusa,village,24.7387045,44.7620007
642,Drăghicești,draghicesti,village,24.7525492,44.7532301
642,Dealu Bradului,dealu bradului,village,24.725629,44.7384803
642,Bănărești,banaresti,village,24.7606645,44.7304422
642,Mârțești,martesti,village,24.752095,44.7121992
642,Văleni,valeni,village,24.5320067,45.261871
642,Sălătrucu,salatrucu,village,24.5136271,45.3203233
642,Șerbănești,serbanesti,village,24.9923557,44.6814219
642,Gliganu de Sus,gliganu de sus,village,25.0027513,44.6582324
642,Gliganu de Jos,gliganu de jos,village,25.0362969,44.6571406
642,Rociu,rociu,village,25.0458584,44.6760845
642,Orodel,orodel,village,25.0171552,44.5111013
642,Goleasca,goleasca,village,25.0562214,44.5698578
642,Paltenu,paltenu,village,24.5209936,45.2452697
642,Păuleni,pauleni,village,24.5217543,45.2524676
642,Rudeni,rudeni,village,24.5526698,45.2291369
642,Valea Calului,valea calului,village,24.5913865,45.2267049
642,Ștefan cel Mare,stefan cel mare,village,25.2487853,44.4912495
642,Glavacioc,glavacioc,village,25.2573481,44.4675113
642,Șuici,suici,village,24.5371088,45.2468983
642,Ianculești,ianculesti,village,24.4957091,45.2550875
642,Pădureni,padureni,village,24.9863829,44.7073676
642,Strâmbeni,strambeni,village,24.9420444,44.6989568
642,Stefănești,stefanesti,village,24.9696736,44.7255708
642,Țuțulești,tutulesti,village,24.9736478,44.6961326
642,Cerșani,cersani,village,24.9411273,44.7196647
642,Chirițești,chiritesti,village,24.9763975,44.7145568
642,Găleșești,galesesti,village,24.9687896,44.7091011
642,Odăeni,odaeni,village,24.9737366,44.6819141
642,Vlășcuța,vlascuta,village,24.7873678,44.542608
642,Izbășești,izbasesti,village,24.7793661,44.5848913
642,Burdești,burdesti,village,24.9562859,44.7214536
642,Suseni,suseni,village,24.9554484,44.7108515
642,Cochinești,cochinesti,village,24.7633889,44.5809351
642,Fâlfani,falfani,village,24.761468,44.6099552
642,Cotmeana,cotmeana,village,24.7586183,44.5985104
642,Piatra,piatra,village,25.1510897,45.2741891
642,Lunca Gârții,lunca gartii,village,25.1656587,45.293581
642,Valea Bădenilor,valea badenilor,village,25.19503,45.2653286
642,Slobozia,slobozia,village,25.1800345,45.2756063
642,Stoenești,stoenesti,village,25.1752069,45.2628156
642,Rădești,radesti,village,25.0009667,45.0718795
642,Cotenești,cotenesti,village,25.1863187,45.2347519
642,Bădeni,badeni,village,25.1770031,45.2437566
642,Bănicești,banicesti,village,24.6120711,45.1907536
642,Bolculești,bolculesti,village,24.6134196,45.2088588
642,Satu Nou,satu nou,village,24.8862552,44.4840642
642,Valea Danului,valea danului,village,24.6363796,45.1782996
642,Goia,goia,village,24.9998113,44.5253851
642,Humele,humele,village,24.9771414,44.5261208
642,Colțu,coltu,village,24.9303936,44.4939457
642,Găujani,gaujani,village,24.9601963,44.5432245
642,Cerbureni,cerbureni,village,24.6938539,45.2076888
642,Mustățești,mustatesti,village,24.6788302,45.1935211
642,Bărbălătești,barbalatesti,village,24.7257653,45.2004653
642,Borovinești,borovinesti,village,24.6901625,45.2001443
642,Bădila,badila,village,24.7092677,45.2004602
642,Borobănești,borobanesti,village,24.6471378,45.1735359
642,Vernești,vernesti,village,24.6067838,45.2000522
642,Chirițești,chiritesti,village,24.659264,44.7529513
642,Burețești,buretesti,village,24.6316496,44.824494
642,Blejani,blejani,village,24.6316105,44.7906773
642,Bădicea,badicea,village,24.6979733,44.7544104
642,Vedea,vedea,village,24.6240912,44.7804857
642,Valea Uleiului,valea uleiului,village,24.6780843,45.1813532
642,Ungureni,ungureni,village,24.7007212,45.1852813
642,Ruginoasa,ruginoasa,hamlet,24.7206225,45.2140337
642,Lungani,lungani,village,24.6446662,44.7606821
642,Izvoru de Sus,izvoru de sus,village,24.6443776,44.8072102
642,Izvoru de Jos,izvoru de jos,village,24.6466757,44.7830619
642,Frătici,fratici,village,24.6194605,44.763345
642,Fata,fata,village,24.6215092,44.8069386
642,Dincani,dincani,village,24.6133931,44.8226434
642,Ciurești,ciuresti,village,24.6702281,44.7813152
642,Chițani,chitani,village,24.6460926,44.7465209
642,Bălilești,balilesti,village,24.5383099,45.1382838
642,Bălteni,balteni,village,24.5612461,45.1446088
642,Bârseștii de Jos,barsestii de jos,village,24.5600669,45.1807125
642,Bârseștii de Sus,barsestii de sus,village,24.551137,45.1681181
642,Teiu,teiu,village,25.1286081,44.6553278
642,Leșile,lesile,village,25.1522821,44.6293045
642,Tigveni,tigveni,village,24.5619571,45.1376583
642,Bădislava,badislava,village,24.5158541,45.1555477
642,Cișmea,cismea,village,24.9547733,45.0072345
642,Valea Mănăstirii,valea manastirii,village,25.0122971,45.0255989
642,Valea Stânii,valea stanii,village,24.9630149,44.9863138
642,Uda,uda,village,24.5688501,44.8910317
642,Blaju,blaju,village,24.6007291,45.1578224
642,Vlădești,vladesti,village,24.5289978,45.1567243
642,Țițești,titesti,village,24.9884422,45.0096844
642,Bucșenești-Lotași,bucsenesti-lotasi,village,24.9680669,45.0130448
642,Dealu Bisericii,dealu bisericii,village,24.5952979,44.8684238
642,Cotu,cotu,village,24.589215,44.9002107
642,Diconești,diconesti,village,24.60951,44.8388014
642,Dealu Tolcesii,dealu tolcesii,village,24.588997,44.8646842
642,Bărănești,baranesti,village,24.5786685,44.8519696
642,Bădulești,badulesti,village,24.5690592,44.8245774
642,Chirițești,chiritesti,village,24.5981612,44.8427756
642,Braniștea,branistea,village,24.5676703,44.9068982
642,Romana,romana,village,24.5502901,44.8959545
642,Râjlețu-Govora,rajletu-govora,village,24.5809102,44.8215454
642,Ungheni,ungheni,village,24.9621652,44.4960488
642,Săliștea,salistea,village,24.6075104,44.8666219
642,Greabăn,greaban,village,24.5842958,44.9078971
642,Gorani,gorani,village,24.5661731,44.923885
642,Miercani,miercani,village,24.5868694,44.9261991
642,Lungulești,lungulesti,village,24.6123679,44.8802048
642,Mogoșești,mogosesti,village,24.6935387,44.7418087
642,Prodani,prodani,village,24.6371355,44.7530264
642,Rățoi,ratoi,hamlet,24.6529575,44.7891113
642,Vața,vata,village,24.6683441,44.7644562
642,Vețișoara,vetisoara,village,24.6560182,44.7583125
642,Vârșești,varsesti,village,24.614383,44.7819782
642,Vlădești,vladesti,village,24.926941,45.1540108
642,Drăghescu,draghescu,village,24.9408048,45.1419504
642,Putina,putina,village,24.9385226,45.147448
642,Bogata Olteană,bogata olteana,village,25.3576936,45.9795969
642,Dopca,dopca,village,25.3830299,45.9826817
642,Independența,independenta,village,27.1626501,44.2775752
642,Potcoava,potcoava,village,27.1300331,44.2638678
642,Alexandru Odobescu,alexandru odobescu,village,27.0901695,44.2674674
642,Nicolae Bălcescu,nicolae balcescu,village,27.0774774,44.280596
642,Gălățui,galatui,village,27.1140679,44.2627652
642,Colonia Bod,colonia bod,village,25.5977201,45.7552953
642,Mercina,mercina,village,21.5368019,45.06378
642,Vrani,vrani,village,21.4903161,45.0404275
642,Ciortea,ciortea,village,21.4469823,45.0320422
642,Iam,iam,village,21.4012452,45.0100943
642,Milcoveni,milcoveni,village,21.4477097,45.0007571
642,Berliște,berliste,village,21.4671396,44.9902434
642,Rusova Veche,rusova veche,village,21.5064865,44.9777811
642,Rusova Nouă,rusova noua,village,21.5193097,44.9707255
642,Nicolinț,nicolint,village,21.5552555,44.9558891
642,Ostrovu Corbului,ostrovu corbului,village,22.7281795,44.5218107
642,Batoți,batoti,village,22.6775394,44.5134875
642,Vrancea,vrancea,village,22.5987469,44.5448158
642,Crivina,crivina,village,22.5705836,44.5067584
642,Burila Mare,burila mare,village,22.5729977,44.453231
642,Țigănași,tiganasi,village,22.5030846,44.4302195
642,Ostrovu Mare,ostrovu mare,village,22.5141178,44.3799087
642,Izvoarele,izvoarele,village,22.6619898,44.308854
642,Gruia,gruia,village,22.7046852,44.2665732
642,Gârla Mare,garla mare,village,22.7730213,44.2111133
642,Salcia,salcia,village,22.9295383,44.1400292
642,Vrata,vrata,village,22.8509174,44.1886927
642,Araci,araci,village,25.653618,45.8066856
642,Ariușd,ariusd,village,25.6777739,45.7770779
642,Hetea,hetea,village,25.6940153,45.8243577
642,Fundata,fundata,village,27.256473,44.5851475
642,Turdaș,turdas,village,23.1235162,45.8528677
642,Lisa,lisa,village,24.8507398,45.7262279
642,Cârțișoara,cartisoara,village,24.5744764,45.7263269
642,Cârța,carta,village,24.5652387,45.7896989
642,Victoria,victoria,town,24.700608,45.7287181
642,Șercăița,sercaita,village,25.1242968,45.7462826
642,Bucium,bucium,village,25.0956775,45.7407263
642,Corbii Mari,corbii mari,village,25.4962386,44.5424905
642,Vânătorii Mici,vanatorii mici,village,25.5590349,44.4906513
642,Hăghig,haghig,village,25.5930856,45.8379374
642,Jibert,jibert,village,25.0727545,46.0036876
642,Roadeș,roades,village,25.1098981,46.1278493
642,Viscri,viscri,village,25.0973682,46.0567011
642,Lanurile,lanurile,village,28.3762763,44.0685665
642,Castelu,castelu,village,28.339309,44.2592275
642,Poarta Albă,poarta alba,village,28.3968757,44.2027314
642,Murfatlar,murfatlar,town,28.4107956,44.1742796
642,Valu lui Traian,valu lui traian,village,28.4706714,44.1636798
642,Lazu,lazu,village,28.6064458,44.1148157
642,Cumpăna,cumpana,village,28.5553498,44.1117273
642,Lumina,lumina,village,28.5663032,44.2939229
642,Alma Vii,alma vii,village,24.433117,46.0479274
642,Furtunești,furtunesti,village,26.4035323,45.4620804
642,Nemertea,nemertea,village,26.4089664,45.4798704
642,Gura Teghii,gura teghii,village,26.4215899,45.4844515
642,Colți,colti,village,26.3907327,45.3777772
642,Sibiciu de Sus,sibiciu de sus,village,26.3574905,45.3402243
642,23 August,23 august,village,28.5836386,43.9187226
642,Moșneni,mosneni,village,28.5307089,43.9331761
642,Vânători,vanatori,village,28.5217999,43.8780885
642,Arsa,arsa,village,28.4637653,43.8380333
642,Amzacea,amzacea,village,28.3930408,43.9616008
642,Satu Nou,satu nou,village,28.2241949,44.2696909
642,Mircea Vodă,mircea voda,village,28.1788763,44.2841937
642,Făclia,faclia,village,28.1027896,44.2794353
642,Ștefan cel Mare,stefan cel mare,village,28.0770811,44.3012729
642,Cuza Vodă,cuza voda,village,28.3071073,44.2868971
642,Capidava,capidava,village,28.0911574,44.4966533
642,Urluia,urluia,village,27.9142693,44.1049537
642,Crângu,crangu,village,27.8536224,44.0954338
642,Ion Corvin,ion corvin,village,27.8055572,44.1155257
642,Floriile,floriile,village,27.8330898,44.1442184
642,Pelinu,pelinu,village,28.3844612,43.923667
642,Comana,comana,village,28.3137367,43.8954701
642,Tătaru,tataru,village,28.3597318,43.8816798
642,Cotu Văii,cotu vaii,village,28.3410556,43.8229036
642,Chirnogeni,chirnogeni,village,28.2275627,43.8968308
642,Vâlcelele,valcelele,village,28.3397466,43.7820452
642,Biruința,biruinta,village,28.5058258,43.9974353
642,Oituz,oituz,village,28.522,44.3290114
642,Nicolae Bălcescu,nicolae balcescu,village,28.3779094,44.3854141
642,Dorobanțu,dorobantu,village,28.3278372,44.4128027
642,Seimeni,seimeni,village,28.071208,44.3932025
642,Seimenii Mici,seimenii mici,village,28.0692941,44.3714324
642,Țibrinu,tibrinu,village,28.1567356,44.3313581
642,Ostrov,ostrov,village,27.3708784,44.1065496
642,Floroaica,floroaica,village,27.1843949,44.3584853
642,Vâlcelele,valcelele,village,27.1454412,44.3896608
642,Lipnița,lipnita,village,27.6042363,44.0957463
642,Gălbiori,galbiori,village,28.2577567,44.4928242
642,Crișan,crisan,village,28.1760179,44.6030423
642,Șiriu,siriu,village,28.1839422,44.630543
642,Ghindărești,ghindaresti,village,28.0291037,44.6406816
642,Miorița,miorita,hamlet,28.0778555,44.6832934
642,Piatra,piatra,village,28.5612502,44.4045217
642,Panduru,panduru,village,28.6380608,44.6971456
642,Vișina,visina,village,28.8418449,44.7563349
642,Ceacu,ceacu,village,27.2513243,44.2656731
642,Cuza Vodă,cuza voda,village,27.2734414,44.2653049
642,Călărașii Vechi,calarasii vechi,village,27.2870971,44.2709064
642,Grădiștea,gradistea,village,27.2123583,44.2388665
642,Cunești,cunesti,village,27.1806669,44.2263935
642,Rasa,rasa,village,27.1443954,44.2138019
642,Stancea,stancea,village,26.8128616,44.1367353
642,Cetatea Veche,cetatea veche,village,26.7625546,44.135111
642,Zboiu,zboiu,village,26.3100005,44.1263007
642,Puieni,puieni,village,26.1900092,44.0760057
642,Frasinu,frasinu,village,26.0229827,44.0277661
642,Sfântu Gheorghe,sfantu gheorghe,village,26.0324241,44.0156692
642,Cetatea,cetatea,village,25.9526359,43.9450895
642,Bălănoaia,balanoaia,village,25.9318042,43.9519389
642,Ghizdaru,ghizdaru,village,25.8826987,43.9316777
642,Oncești,oncesti,village,25.8789588,43.9557656
642,Crucea de Piatră,crucea de piatra,village,26.0003234,44.1572207
642,Iași,iasi,village,24.9303781,45.762786
642,Săsciori,sasciori,village,24.9534487,45.7590053
642,Berivoi,berivoi,village,24.9742545,45.7450553
642,Hurez,hurez,village,24.9524535,45.8016893
642,Săvăstreni,savastreni,village,24.943526,45.7611032
642,Predești,predesti,village,25.9935098,44.8020787
642,Tăriceni,tariceni,village,25.9700545,44.7959771
642,Boiu Mare,boiu mare,village,23.5841353,47.3956012
642,Cireașov,cireasov,village,24.373772,44.4546295
642,Salcia,salcia,village,24.3141945,44.427001
642,Corbeni,corbeni,village,24.1092487,44.3793713
642,Româna,romana,village,24.1086281,44.3877532
642,Teiș,teis,village,24.1339709,44.3395342
642,Grozăvești,grozavesti,village,24.2368087,44.1313029
642,Liiceni,liiceni,village,24.272543,44.1240025
642,Tudor Vladimirescu,tudor vladimirescu,village,24.4932447,43.8260674
642,Vârtopu,vartopu,village,24.4110489,43.8062691
642,Ursa,ursa,village,24.6378744,43.7878298
642,Băleasa,baleasa,village,24.0083043,44.3990643
642,Baldovinești,baldovinesti,village,24.0471927,44.3892481
642,Broșteni,brosteni,village,24.0025975,44.4337448
642,Dâmburile,damburile,village,24.0072175,44.4060747
642,Gubandru,gubandru,village,24.0159166,44.3853404
642,Pietriș,pietris,village,24.0526027,44.4007237
642,Bărăștii de Vede,barastii de vede,village,24.659193,44.7160069
642,Bărăștii de Cepturi,barastii de cepturi,village,24.6334755,44.7031737
642,Boroești,boroesti,village,24.6281557,44.6828168
642,Ciocănești,ciocanesti,village,24.6542083,44.6802176
642,Mereni,mereni,village,24.6023483,44.7243979
642,Moțoești,motoesti,village,24.7012878,44.7232359
642,Popești,popesti,village,24.6469031,44.7256259
642,Braneț,branet,village,24.1777428,44.3258975
642,Bechet,bechet,village,24.1795915,44.3947185
642,Belgun,belgun,village,24.1486386,44.3748067
642,Chintești,chintesti,village,24.1134948,44.4059954
642,Comănești,comanesti,village,24.1314508,44.4245095
642,Govora,govora,village,24.1145586,44.4193267
642,Mirila,mirila,village,24.1520818,44.3575433
642,Teiușu,teiusu,village,24.4360781,44.3420009
642,Brâncoveni,brancoveni,village,24.3071073,44.3138519
642,Mărgheni,margheni,village,24.3520955,44.330739
642,Ociogi,ociogi,village,24.3501734,44.3198923
642,Văleni,valeni,village,24.3060352,44.2957345
642,Bucinișu,bucinisu,village,24.2510085,43.9479616
642,Bucinișu Mic,bucinisu mic,village,24.2582466,43.9360765
642,Bondrea,bondrea,village,24.2309896,44.1916149
642,Corlătești,corlatesti,village,24.2462754,44.1867326
642,Cârlogani,carlogani,village,24.1488969,44.5234796
642,Beculești,beculesti,village,24.1686015,44.5091068
642,Cepari,cepari,village,24.1714407,44.4970113
642,Scorbura,scorbura,village,24.1619268,44.5145661
642,Stupina,stupina,village,24.1471882,44.5552073
642,Bărăști,barasti,village,24.6839599,44.6192779
642,Bătăreni,batareni,village,24.6843546,44.6069849
642,Chelbești,chelbesti,village,24.6578127,44.6701669
642,Cârstani,carstani,village,24.6673564,44.6365115
642,Guești,guesti,village,24.6925183,44.5880989
642,Mărunței,maruntei,village,24.687953,44.5962222
642,Năvârgeni,navargeni,village,24.6816099,44.6124082
642,Vlaici,vlaici,village,24.6588436,44.6515944
642,Burdulești,burdulesti,village,24.7154439,44.4601173
642,Buzești,buzesti,village,24.7173082,44.4516024
642,Milcoveni,milcoveni,village,24.721112,44.4260011
642,Crâmpoia,crampoia,village,24.7451277,44.3021487
642,Buta,buta,village,24.7097078,44.3081196
642,Curtișoara,curtisoara,village,24.3323544,44.4944917
642,Dobrotinet,dobrotinet,village,24.3472972,44.4795675
642,Pietrișu,pietrisu,village,24.3473479,44.4850937
642,Proaspeți,proaspeti,village,24.3376177,44.4598555
642,Raițiu,raitiu,village,24.3442956,44.500666
642,Cepești,cepesti,village,24.3856765,44.7120423
642,Ibănești,ibanesti,village,24.3850587,44.6471408
642,Miești,miesti,village,24.4151825,44.6602337
642,Oteștii de Jos,otestii de jos,village,24.3813279,44.692678
642,Oteștii de Sus,otestii de sus,village,24.3875581,44.7178574
642,Spătaru,spataru,village,24.4124403,44.6978209
642,Berindei,berindei,village,24.5637037,44.1086323
642,Cioflanu,cioflanu,village,24.5626296,44.093644
642,Pestra,pestra,village,24.532004,44.1228806
642,Zănoaga,zanoaga,village,24.6109739,44.1038563
642,Curtișoara,curtisoara,village,23.9434051,44.5121609
642,Dobrețu,dobretu,village,23.9534156,44.4936064
642,Horezu,horezu,village,23.9556076,44.4713833
642,Dobrosloveni,dobrosloveni,village,24.3561107,44.1736439
642,Frăsinetu,frasinetu,village,24.3234772,44.157039
642,Potopinu,potopinu,village,24.3521714,44.193485
642,Reșca,resca,village,24.3922472,44.1717925
642,Reșcuța,rescuta,village,24.400659,44.1708227
642,Dobroteasa,dobroteasa,village,24.355093,44.7862546
642,Batia,batia,village,24.308133,44.7470866
642,Câmpu Mare,campu mare,village,24.3054929,44.7569192
642,Vulpești,vulpesti,village,24.3426489,44.7937261
642,Osica de Jos,osica de jos,village,24.2798881,44.2437766
642,Bobu,bobu,village,24.3096928,44.231347
642,Chilii,chilii,village,24.2098913,44.2660382
642,Roșienii Mari,rosienii mari,village,24.2477539,44.2418387
642,Roșienii Mici,rosienii mici,village,24.2345575,44.2452356
642,Ulmet,ulmet,village,24.2512158,44.2508703
642,Bâgești,bagesti,village,24.5306256,44.8100259
642,Chilia,chilia,village,24.560507,44.7833078
642,Gruiu,gruiu,village,24.5413208,44.7564129
642,Isaci,isaci,village,24.5234187,44.7690555
642,Pielcani,pielcani,village,24.5659427,44.8124537
642,Fălcoiu,falcoiu,village,24.3723067,44.22885
642,Cioroiașu,cioroiasu,village,24.3681622,44.2435162
642,Cioroiu,cioroiu,village,24.3755965,44.2380523
642,Fărcașu de Jos,farcasu de jos,village,24.4580958,44.1347869
642,Ghimpați,ghimpati,village,24.4269103,44.153534
642,Hotărani,hotarani,village,24.4093567,44.1645159
642,Dranovățu,dranovatu,village,24.2789396,44.4361947
642,Grădiștea,gradistea,village,24.2443324,44.4459037
642,Izvoru,izvoru,village,24.250097,44.4276545
642,Oltișoru,oltisoru,village,24.282451,44.3885552
642,Slăveni,slaveni,village,24.5284302,44.0855772
642,Hotaru,hotaru,village,24.250611,43.7540029
642,Potelu,potelu,village,24.2023014,43.7660516
642,Dobriceni,dobriceni,village,24.011995,44.5254927
642,Preotești,preotesti,village,23.9910442,44.5343432
642,Floru,floru,village,24.756384,44.3761054
642,Ursoaia,ursoaia,village,24.6952434,44.4347422
642,Alimănești,alimanesti,village,24.5389779,44.2570181
642,Afumați,afumati,village,24.4537897,44.7694874
642,Greerești,greeresti,village,24.4183958,44.7215214
642,Mierlicești,mierlicesti,village,24.4337877,44.7337927
642,Tufaru,tufaru,village,24.4264704,44.7484903
642,Urși,ursi,village,24.4442208,44.7556709
642,Malu Roșu,malu rosu,village,24.4450734,44.2460901
642,Bușca,busca,village,24.8024562,44.1119744
642,Milcovu din Deal,milcovu din deal,village,24.3890594,44.3943493
642,Milcovu din Vale,milcovu din vale,village,24.3679715,44.3871926
642,Stejaru,stejaru,village,24.3819668,44.3507262
642,Bărăști,barasti,village,24.1421026,44.4486095
642,Ghioșani,ghiosani,village,24.089148,44.4827446
642,Morunești,morunesti,village,24.1262386,44.4799153
642,Poiana Mare,poiana mare,village,24.1131416,44.492899
642,Bacea,bacea,village,24.6375929,44.3982398
642,Nicolae Titulescu,nicolae titulescu,village,24.7586156,44.2705997
642,Ghimpețenii Noi,ghimpetenii noi,village,24.7914816,44.2990313
642,Câmpu Părului,campu parului,village,24.2920793,43.9003247
642,Coteni,coteni,village,24.3398377,43.8779378
642,Obârșia Nouă,obarsia noua,village,24.3149587,43.8872288
642,Oboga,oboga,village,24.0871578,44.4240404
642,Călui,calui,village,24.0635953,44.4529703
642,Gura Căluiu,gura caluiu,village,24.0354743,44.4590331
642,Oporelu,oporelu,village,24.4250912,44.5961698
642,Beria de Jos,beria de jos,village,24.4153655,44.5628294
642,Beria de Sus,beria de sus,village,24.4224717,44.5722619
642,Rădești,radesti,village,24.4344286,44.6184875
642,Optași,optasi,village,24.6512175,44.5791965
642,Vitănești,vitanesti,village,24.6950252,44.5272241
642,Orlea,orlea,village,24.3771645,43.753369
642,Orlea Nouă,orlea noua,village,24.3583358,43.7552245
642,Satu Nou,satu nou,village,24.3176601,43.7686403
642,Vlăduleni,vladuleni,village,24.3244232,44.2569104
642,Greci,greci,village,24.3504308,44.2793275
642,Ostrov,ostrov,village,24.3175007,44.2797581
642,Tomeni,tomeni,village,24.3641671,44.2921001
642,Perieți,perieti,village,24.5541706,44.4141669
642,Măgura,magura,village,24.5550446,44.3935791
642,Mierleștii de Sus,mierlestii de sus,village,24.5590032,44.4059602
642,Criva de Jos,criva de jos,village,24.3136053,44.3690962
642,Criva de Sus,criva de sus,village,24.3179854,44.3750449
642,Piatra,piatra,village,24.2952057,44.360771
642,Pârșcoveni,parscoveni,village,24.2321079,44.2916633
642,Butoi,butoi,village,24.2144144,44.2908392
642,Olari,olari,village,24.2085693,44.3078348
642,Arcești,arcesti,village,24.2342106,44.466454
642,Arcești Cot,arcesti cot,village,24.2694364,44.457625
642,Cocorăști,cocorasti,village,24.2127987,44.4846482
642,Doba,doba,village,24.2439736,44.4867876
642,Schitu din Deal,schitu din deal,village,24.2302006,44.5023632
642,Schitu din Vale,schitu din vale,village,24.2369765,44.5074664
642,Albești,albesti,village,24.4606208,44.6892865
642,Cornățelu,cornatelu,village,24.4705299,44.6846085
642,Creți,creti,village,24.5115331,44.6841634
642,Seaca,seaca,village,24.452962,44.7117975
642,Surpeni,surpeni,village,24.5317624,44.6693364
642,Potcoava,potcoava,town,24.6311089,44.4745223
642,Potcoava-Fălcoeni,potcoava-falcoeni,village,24.6165044,44.4948358
642,Sinești,sinesti,village,24.6658492,44.4677687
642,Trufinești,trufinesti,village,24.6384049,44.4904827
642,Valea Merilor,valea merilor,village,24.656111,44.4716903
642,Priseaca,priseaca,village,24.4505616,44.5154425
642,Buicești,buicesti,village,24.4308617,44.4939506
642,Săltănești,saltanesti,village,24.4320579,44.5270595
642,Radomirești,radomiresti,village,24.6817761,44.1189904
642,Călinești,calinesti,village,24.6879623,44.0772693
642,Crăciunei,craciunei,village,24.6624612,44.1454947
642,Poiana,poiana,village,24.6839889,44.1013257
642,Plăviceni,plaviceni,village,24.5789842,43.9718056
642,Rudari,rudari,locality,24.5964907,43.9912409
642,Catanele,catanele,village,24.5608234,44.3818487
642,Greci,greci,village,24.5559442,44.3297849
642,Moșteni,mosteni,village,24.5718956,44.3660235
642,Bircii,bircii,village,24.6032396,44.5167312
642,Chițeasca,chiteasca,village,24.5944292,44.5354013
642,Constantinești,constantinesti,village,24.5016513,44.594428
642,Mărgineni Slobozia,margineni slobozia,village,24.5564662,44.5314459
642,Mihăilești Popești,mihailesti popesti,village,24.5448798,44.5321433
642,Mogoșești,mogosesti,village,24.5112639,44.5644738
642,Negreni,negreni,village,24.5953252,44.5682353
642,Piscani,piscani,village,24.553214,44.5662621
642,Rusciori,rusciori,village,24.5207124,44.6227545
642,Șuica,suica,village,24.568273,44.6189747
642,Teiuș,teius,village,24.5250164,44.6355949
642,Sâmburești,samburesti,village,24.3993993,44.8063848
642,Cerbeni,cerbeni,village,24.3799721,44.797294
642,Ionicești,ionicesti,village,24.4060665,44.811411
642,Mănulești,manulesti,village,24.3876924,44.8117449
642,Stănuleasa,stanuleasa,village,24.4078895,44.8312568
642,Alunișu,alunisu,village,24.5337347,44.7423851
642,Cuza Vodă,cuza voda,village,24.5767843,44.7054746
642,Davidești,davidesti,village,24.5764286,44.7127929
642,Optășani,optasani,village,24.5099573,44.7387585
642,Profa,profa,village,24.5781736,44.7415199
642,Vineți,vineti,village,24.5715156,44.6825824
642,Bârseștii de Sus,barsestii de sus,village,24.6559974,44.0382266
642,Frunzaru,frunzaru,village,24.5914722,44.0422851
642,Uria,uria,village,24.5939428,44.0745388
642,Colibași,colibasi,village,24.2751737,44.5061263
642,Mamura,mamura,village,24.3084803,44.5340911
642,Studina,studina,village,24.4156022,43.9587692
642,Arvăteasca,arvateasca,village,24.3836446,43.9486176
642,Grădinile,gradinile,village,24.3928282,43.9462076
642,Plăviceanca,plaviceanca,village,24.397805,43.9515599
642,Șerbănești,serbanesti,village,24.6935611,44.3284669
642,Strugurelu,strugurelu,village,24.6877079,44.3415032
642,Șerbăneștii de Sus,serbanestii de sus,village,24.6798706,44.3371237
642,Ianca Nouă,ianca noua,village,24.2127091,43.8216456
642,Tătulești,tatulesti,village,24.6142062,44.6381454
642,Bărbălăi,barbalai,village,24.60212,44.6571416
642,Lunca,lunca,village,24.6208043,44.6613368
642,Măgura,magura,village,24.6258629,44.6707225
642,Mircești,mircesti,village,24.6133919,44.6816242
642,Momaiu,momaiu,village,24.6071195,44.6746727
642,Cherleștii din Deal,cherlestii din deal,village,24.3375956,44.5220711
642,Cherleștii Moșteni,cherlestii mosteni,village,24.3375585,44.5362547
642,Comănița,comanita,village,24.3476653,44.5649331
642,Corbu,corbu,village,24.406487,44.5485003
642,Deleni,deleni,village,24.3607317,44.5661689
642,Schitu Deleni,schitu deleni,village,24.3403498,44.5727384
642,Doanca,doanca,village,24.6494862,43.8487004
642,Potlogeni,potlogeni,village,24.6311265,43.8795084
642,Topana,topana,village,24.500262,44.8251731
642,Ciorâca,cioraca,village,24.5531509,44.8299979
642,Cândelești,candelesti,village,24.5277011,44.8472911
642,Cojgărei,cojgarei,village,24.5324844,44.830522
642,Ungureni,ungureni,village,24.5228403,44.882514
642,Stoborăști,stoborasti,village,24.7849831,44.343152
642,Bârca,barca,village,24.4558317,44.4500847
642,Recea,recea,village,24.4610671,44.429395
642,Turia,turia,village,24.4773587,44.4465765
642,Zorleasca,zorleasca,village,24.4598868,44.4197635
642,Popești,popesti,village,24.8058656,44.220869
642,Tirișneag,tirisneag,village,24.7882822,44.2039183
642,Verguleasa,verguleasa,village,24.3331823,44.6464528
642,Căzănești,cazanesti,village,24.3614429,44.6190021
642,Cucueți,cucueti,village,24.3465786,44.6119241
642,Dumitrești,dumitresti,village,24.3162811,44.6836987
642,Poganu,poganu,village,24.3185832,44.6608349
642,Valea Fetei,valea fetei,village,24.3399518,44.6316583
642,Vânești,vanesti,village,24.3801164,44.635477
642,Bulimanu,bulimanu,village,24.4157723,44.8873935
642,Dejești,dejesti,village,24.3565935,44.8309303
642,Donești,donesti,village,24.3334372,44.8058061
642,Trepteni,trepteni,village,24.3518867,44.8631935
642,Vâlcele,valcele,village,24.5437559,44.2826312
642,Bărcănești,barcanesti,village,24.547062,44.3004548
642,Vâlcelele de Sus,valcelele de sus,village,24.5582104,44.2846058
642,Frăsinet Gară,frasinet gara,village,24.4207455,44.0010907
642,Vlădila Nouă,vladila noua,village,24.4089488,44.0034773
642,Blaj,blaj,village,24.1988401,44.2708777
642,Mărgăritești,margaritesti,village,24.14794,44.2979602
642,Racovița,racovita,village,24.1200844,44.3152235
642,Rusăneștii de Sus,rusanestii de sus,village,24.1687217,44.284499
642,Cotorbești,cotorbesti,village,23.9225487,44.4491717
642,Gropșani,gropsani,village,23.9704683,44.4407188
642,Mardale,mardale,village,23.9922332,44.4489706
642,Pescărești,pescaresti,village,23.9390912,44.4466827
642,Plopșorelu,plopsorelu,village,23.8927121,44.4817777
642,Prisaca,prisaca,village,23.9130993,44.4726161
642,Simniceni,simniceni,village,23.9008137,44.477519
642,Tabaci,tabaci,village,23.9099824,44.4639369
642,Valea Satului,valea satului,village,23.9090744,44.4481206
642,Dienci,dienci,village,24.3575817,44.7569161
642,Valea lui Alb,valea lui alb,village,24.3147138,44.707215
642,Vlăngărești,vlangaresti,village,24.3480774,44.7231713
642,Vlad Țepeș,vlad tepes,village,27.094787,44.3400843
642,Mihai Viteazu,mihai viteazu,village,27.0692481,44.3508681
642,Lupșanu,lupsanu,village,26.9118351,44.3873747
642,Nucetu,nucetu,village,26.8994395,44.3947472
642,Hemeiuș,hemeius,village,26.8543957,46.6264256
642,Fântânele,fantanele,village,26.8457191,46.602763
642,Lilieci,lilieci,village,26.8717648,46.6286099
642,Holt,holt,village,26.9749912,46.5785577
642,Radomirești,radomiresti,village,26.9918049,46.545876
642,Ruși-Ciutea,rusi-ciutea,village,26.9605064,46.5231951
642,Siretu,siretu,village,26.9683814,46.5066318
642,Măgura,magura,village,26.8590613,46.5621057
642,Crihan,crihan,village,26.8257064,46.5743288
642,Dealu-Mare,dealu-mare,village,26.843043,46.5486049
642,Sohodol,sohodol,village,26.8250212,46.5612392
642,Luncani,luncani,village,26.7626049,46.6088998
642,Pădureni,padureni,village,26.8312413,46.5798402
642,Podiș,podis,village,26.725044,46.614268
642,Poiana,poiana,village,26.7409144,46.6250223
642,Valea Budului,valea budului,village,26.819009,46.5961966
642,Borzești,borzesti,village,26.8205902,46.2401601
642,Slobozia,slobozia,suburb,26.7841363,46.2785239
642,Capăta,capata,village,26.8819513,46.3247444
642,Motocești,motocesti,village,26.8739934,46.269203
642,Păltinata,paltinata,village,26.8851631,46.2842652
642,Temelia,temelia,village,26.8727646,46.288353
642,Bogdana,bogdana,village,26.8447479,46.187546
642,Buciumi,buciumi,village,26.7844518,46.2022983
642,Gutinaș,gutinas,village,26.8205276,46.206674
642,Răcăuți,racauti,village,26.784414,46.2247736
642,Rădeana,radeana,village,26.838686,46.2193726
642,Viișoara,viisoara,village,26.8845801,46.2311763
642,Marginea,marginea,village,26.7276771,46.7293819
642,Runcu,runcu,village,26.7454114,46.7476495
642,Podei,podei,village,26.4430888,46.4090669
642,Vermești,vermesti,village,26.4740599,46.4216516
642,Găzărie,gazarie,village,26.5192438,46.4891036
642,Cerdac,cerdac,village,26.5168577,46.2376654
642,Cireșoaia,ciresoaia,village,26.5497963,46.24814
642,Târgu Ocna,targu ocna,town,26.609355,46.2797588
642,Poieni,poieni,village,26.5695375,46.284449
642,Agăș,agas,village,26.2270592,46.4819854
642,Beleghet,beleghet,village,26.2578814,46.4720538
642,Cotumba,cotumba,village,26.1911303,46.4974272
642,Diaconești,diaconesti,village,26.2693479,46.4605567
642,Goioasa,goioasa,village,26.2980644,46.4472259
642,Preluci,preluci,village,26.2759168,46.4560319
642,Sulța,sulta,village,26.2389629,46.4686207
642,Ardeoani,ardeoani,village,26.6138615,46.5341597
642,Leontinești,leontinesti,village,26.6012395,46.5186811
642,Asău,asau,village,26.4008405,46.4388969
642,Apa Asău,apa asau,village,26.375758,46.4898352
642,Ciobănuș,ciobanus,village,26.338439,46.4452774
642,Lunca Asău,lunca asau,village,26.4113759,46.4345757
642,Straja,straja,village,26.3619946,46.439101
642,Schitu Frumoasa,schitu frumoasa,village,26.4874752,46.635371
642,Berești-Bistrița,beresti-bistrita,village,26.8580446,46.7093988
642,Brad,brad,village,26.8784813,46.687479
642,Ciumași,ciumasi,village,26.8388472,46.6778337
642,Climești,climesti,village,26.8489159,46.7237278
642,Dumbrava,dumbrava,village,26.9005391,46.6705106
642,Făgețel,fagetel,village,26.8133849,46.6878893
642,Itești,itesti,village,26.8647062,46.657899
642,Pădureni,padureni,village,26.840468,46.7142076
642,Berești-Tazlău,beresti-tazlau,village,26.6773335,46.4696158
642,Boșoteni,bosoteni,village,26.680255,46.5012199
642,Enăchești,enachesti,village,26.7058525,46.4891798
642,Prisaca,prisaca,village,26.7174444,46.4653664
642,Românești,romanesti,village,26.6669526,46.4919834
642,Tescani,tescani,village,26.656082,46.5115958
642,Turluianu,turluianu,village,26.6447957,46.4524901
642,Berzunți,berzunti,village,26.6446074,46.4041645
642,Buda,buda,village,26.5910673,46.4227596
642,Dragomir,dragomir,village,26.6316339,46.4137308
642,Albele,albele,village,26.6733801,46.3648669
642,Caraclău,caraclau,village,26.7164075,46.306959
642,Blăgești,blagesti,village,26.6670235,46.6935559
642,Buda,buda,village,26.7195288,46.6711123
642,Poiana Negustorului,poiana negustorului,village,26.6140278,46.6763922
642,Țârdenii Mari,tardenii mari,village,26.6074245,46.6897524
642,Valea lui Ion,valea lui ion,village,26.6249872,46.7034953
642,Filipești,filipesti,village,26.7169167,46.223751
642,Brusturoasa,brusturoasa,village,26.1784401,46.5217547
642,Buruieniș,buruienis,village,26.1987075,46.5088423
642,Buruienișu de Sus,buruienisu de sus,village,26.2201207,46.5202127
642,Camenca,camenca,village,26.1997224,46.5316216
642,Cuchiniș,cuchinis,village,26.1424632,46.5321076
642,Hângănești,hanganesti,village,26.1940245,46.504683
642,Buhoci,buhoci,village,27.01933,46.5664026
642,Bijghir,bijghir,village,27.0199671,46.600859
642,Buhocel,buhocel,village,27.0121143,46.547532
642,Coteni,coteni,village,27.0018133,46.5319451
642,Dospinești,dospinesti,village,26.987873,46.5821602
642,Blidari,blidari,village,26.9213086,46.1612217
642,Boiștea,boistea,village,26.9700305,46.1909034
642,Florești,floresti,village,26.8942684,46.2183627
642,Heltiu,heltiu,village,26.9287649,46.2008041
642,Mărcești,marcesti,village,26.8972778,46.1731515
642,Pralea,pralea,village,26.8658041,46.1092654
642,Vrânceni,vranceni,village,26.9088066,46.2130773
642,Somușca,somusca,village,26.9100906,46.401139
642,Valea Mică,valea mica,village,26.9408556,46.3919643
642,Colonești,colonesti,village,27.3014432,46.5782611
642,Călini,calini,village,27.2747211,46.5936522
642,Poiana,poiana,locality,27.2131368,46.6439733
642,Satu Nou,satu nou,village,27.2386112,46.6275781
642,Spria,spria,village,27.2595355,46.6041568
642,Valea Mare,valea mare,village,27.2599382,46.6208252
642,Zăpodia,zapodia,village,27.313612,46.5644991
642,Corbasca,corbasca,village,27.1622051,46.2881832
642,Băcioiu,bacioiu,village,27.1574517,46.31431
642,Marvila,marvila,village,27.0980875,46.3018671
642,Pogleț,poglet,village,27.1355825,46.3297946
642,Rogoaza,rogoaza,village,27.145148,46.2565624
642,Scărișoara,scarisoara,village,27.1287977,46.2830487
642,Vâlcele,valcele,village,27.1299778,46.3071829
642,Bâlca,balca,village,26.9754319,46.1364861
642,Boiștea de Jos,boistea de jos,village,26.9892822,46.1781595
642,Borșani,borsani,village,26.9787555,46.1501792
642,Tămășoaia,tamasoaia,village,27.0011681,46.1310887
642,Dămienești,damienesti,village,26.9955304,46.7377686
642,Călugăreni,calugareni,village,27.022614,46.7448514
642,Drăgești,dragesti,village,26.9607104,46.7383904
642,Pădureni,padureni,village,27.0445568,46.7523831
642,Dărmănești,darmanesti,town,26.4705105,46.3690446
642,Dărmăneasca,darmaneasca,village,26.4873398,46.3871743
642,Lăpoș,lapos,village,26.4716172,46.393329
642,Păgubeni,pagubeni,village,26.5186097,46.3664796
642,Plopu,plopu,village,26.5026764,46.3925628
642,Sălătruc,salatruc,village,26.4177863,46.3436013
642,Dealu Morii,dealu morii,village,27.2975922,46.3026129
642,Banca,banca,village,27.2914137,46.3475939
642,Bălănești,balanesti,hamlet,27.324151,46.3343345
642,Blaga,blaga,village,27.2824685,46.2635837
642,Boboș,bobos,hamlet,27.3206957,46.293705
642,Bodeasa,bodeasa,village,27.2641217,46.3040621
642,Bostănești,bostanesti,hamlet,27.316132,46.3179363
642,Calapodești,calapodesti,village,27.3062278,46.3444438
642,Căuia,cauia,village,27.2825361,46.2815381
642,Dorofei,dorofei,hamlet,27.3106604,46.3252919
642,Ghionoaia,ghionoaia,locality,27.2721446,46.3524325
642,Grădești,gradesti,hamlet,27.2790773,46.2976724
642,Negulești,negulesti,village,27.2911874,46.2304591
642,Tăvădărești,tavadaresti,village,27.2931716,46.3267952
642,Dofteana,dofteana,village,26.5220256,46.3210628
642,Bogata,bogata,village,26.5563297,46.2982173
642,Cucuieți,cucuieti,village,26.5503337,46.3264732
642,Hăghiac,haghiac,village,26.5184109,46.3120028
642,Larga,larga,village,26.5332132,46.350601
642,Seaca,seaca,village,26.5062949,46.3305925
642,Ștefan Vodă,stefan voda,village,26.5119665,46.3160486
642,Filipeni,filipeni,village,27.1884229,46.540733
642,Bălaia,balaia,village,27.1889446,46.5743583
642,Brad,brad,village,27.1713844,46.566078
642,Fruntești,fruntesti,village,27.212065,46.4966203
642,Mărăști,marasti,village,27.1689622,46.5824744
642,Pădureni,padureni,village,27.2339024,46.4789588
642,Slobozia,slobozia,village,27.190125,46.5088265
642,Valea Boțului,valea botului,village,27.1755704,46.5201098
642,Filipești,filipesti,village,26.8864848,46.7445081
642,Boanța,boanta,village,26.9176222,46.7768383
642,Cârligi,carligi,village,26.8505309,46.7658334
642,Cornești,cornesti,village,26.9255223,46.7669622
642,Cotu Grosului,cotu grosului,village,26.9318579,46.740489
642,Galbeni,galbeni,village,26.8428204,46.7423448
642,Hârlești,harlesti,village,26.8973242,46.8165617
642,Onișcani,oniscani,village,26.8900199,46.7919354
642,Găiceana,gaiceana,village,27.2325936,46.3300612
642,Arini,arini,village,27.1946381,46.347789
642,Huțu,hutu,village,27.2179607,46.3750757
642,Popești,popesti,village,27.2407518,46.3494863
642,Făget,faget,village,26.0534938,46.5889071
642,Bolovăniș,bolovanis,village,26.0521205,46.6140923
642,Făgetu de Sus,fagetu de sus,village,26.0111645,46.6035852
642,Ghimeș,ghimes,village,26.0890098,46.5676022
642,Răchitiș,rachitis,village,26.0270483,46.6609594
642,Tărhăuși,tarhausi,village,26.0880447,46.5910148
642,Gârlenii de Sus,garlenii de sus,village,26.7840582,46.6536349
642,Gârleni,garleni,village,26.8078973,46.6582286
642,Lespezi,lespezi,village,26.7688209,46.6649297
642,Șurina,surina,village,26.791795,46.6735279
642,Glăvănești,glavanesti,village,27.3974667,46.2446964
642,Frumușelu,frumuselu,village,27.3519103,46.2776863
642,Muncelu,muncelu,village,27.3460605,46.2664391
642,Putredeni,putredeni,village,27.4478697,46.2471084
642,Răzeșu,razesu,village,27.3955956,46.2798417
642,Helegiu,helegiu,village,26.742229,46.3536458
642,Brătila,bratila,village,26.7741098,46.3230168
642,Deleni,deleni,village,26.7762846,46.3535998
642,Drăgugești,dragugesti,village,26.7743306,46.3679571
642,Horgești,horgesti,village,27.0687247,46.439585
642,Bazga,bazga,village,27.0237692,46.3798279
642,Galeri,galeri,village,27.0460255,46.3990525
642,Mărăscu,marascu,village,27.109364,46.4249495
642,Răcătău-Răzeși,racatau-razesi,village,27.0396402,46.3771978
642,Răcătău de Jos,racatau de jos,village,27.0297934,46.3697249
642,Recea,recea,village,27.0544997,46.3913682
642,Sohodor,sohodor,village,27.0630484,46.4077293
642,Văleni,valeni,village,27.0775798,46.4661179
642,Huruiești,huruiesti,village,27.2439404,46.2510469
642,Căpotești,capotesti,village,27.2651672,46.2537207
642,Florești,floresti,village,27.2244514,46.2586101
642,Fundoaia,fundoaia,village,27.2027505,46.3102803
642,Ocheni,ocheni,village,27.2323641,46.2842888
642,Perchiu,perchiu,village,27.2494271,46.2206036
642,Prădaiș,pradais,village,27.2490989,46.1921957
642,Izvoru Berheciului,izvoru berheciului,village,27.2202338,46.5865366
642,Antohești,antohesti,village,27.2450236,46.5509922
642,Băimac,baimac,village,27.2155027,46.6250109
642,Făghieni,faghieni,village,27.2575019,46.5372661
642,Obârșia,obarsia,village,27.1857812,46.6154464
642,Oțelești,otelesti,village,27.2362219,46.5418312
642,Pădureni,padureni,village,27.2386907,46.5814267
642,Lipova,lipova,village,27.2445218,46.7153423
642,Mâlosu,malosu,village,27.1754463,46.7372485
642,Satu Nou,satu nou,village,27.2969678,46.6924837
642,Valea Caselor,valea caselor,village,27.2101055,46.7203821
642,Valea Hogei,valea hogei,village,27.2745405,46.7044576
642,Valea Mărului,valea marului,village,27.2043803,46.7399901
642,Valea Moșneagului,valea mosneagului,village,27.2177075,46.7301035
642,Livezi,livezi,village,26.7361279,46.4063927
642,Bălăneasa,balaneasa,village,26.7329552,46.3895546
642,Orășa,orasa,village,26.7436958,46.4222516
642,Poiana,poiana,village,26.7122002,46.3795836
642,Prăjoaia,prajoaia,village,26.7193416,46.4058446
642,Scăriga,scariga,village,26.7018061,46.3924452
642,Luizi-Călugăra,luizi-calugara,village,26.8407666,46.5336759
642,Osebiți,osebiti,village,26.8394648,46.5383943
642,Măgirești,magiresti,village,26.5438045,46.5102913
642,Prăjești,prajesti,village,26.5221236,46.5049831
642,Stănești,stanesti,village,26.5330387,46.5267626
642,Șesuri,sesuri,village,26.5666101,46.5046796
642,Valea Arinilor,valea arinilor,village,26.5099235,46.4980942
642,Pârvulești,parvulesti,village,26.7120392,46.151791
642,Scutaru,scutaru,village,26.640477,46.1023331
642,Motoșeni,motoseni,village,27.3900516,46.3312269
642,Bâclești,baclesti,village,27.4456705,46.3550995
642,Chetreni,chetreni,village,27.4309945,46.3010035
642,Chicerea,chicerea,village,27.4125366,46.3072026
642,Cociu,cociu,village,27.4335056,46.2873053
642,Cornățelu,cornatelu,village,27.3591808,46.3264276
642,Fântânele,fantanele,village,27.4440371,46.3379523
642,Fundătura,fundatura,village,27.4653147,46.3369026
642,Gura Crăiești,gura craiesti,village,27.3633144,46.340396
642,Poiana,poiana,village,27.4229181,46.2747669
642,Praja,praja,village,27.4214433,46.3372498
642,Rotăria,rotaria,village,27.4563214,46.3569509
642,Șendrești,sendresti,village,27.4315667,46.3844799
642,Țepoaia,tepoaia,village,27.3596645,46.313251
642,Negri,negri,village,26.9800365,46.7072745
642,Brad,brad,village,26.9522473,46.7246851
642,Călinești,calinesti,village,26.9602912,46.7134937
642,Mâgla,magla,village,26.9594969,46.6974213
642,Poiana,poiana,village,27.0151928,46.6977485
642,Ursoaia,ursoaia,village,26.957372,46.6888815
642,Bălțata,baltata,village,26.8697456,46.4891477
642,Buchila,buchila,village,26.8783977,46.4553491
642,Galbeni,galbeni,village,26.9466354,46.4566061
642,Lărguța,larguta,village,26.8141519,46.4794692
642,Călcâi,calcai,village,26.5994199,46.2059505
642,Ferăstrău-Oituz,ferastrau-oituz,village,26.5760938,46.2016137
642,Hârja,harja,village,26.4744189,46.1686701
642,Marginea,marginea,village,26.6372758,46.2162418
642,Poiana Sărată,poiana sarata,village,26.4566358,46.1428877
642,Oncești,oncesti,village,27.2606062,46.4773021
642,Bărboasa,barboasa,village,27.2402378,46.4637606
642,Dealu Perjului,dealu perjului,village,27.2634843,46.4624585
642,Onceștii Vechi,oncestii vechi,village,27.2552467,46.4452058
642,Satu Nou,satu nou,village,27.2539355,46.5007159
642,Tarnița,tarnita,village,27.2530275,46.5214063
642,Taula,taula,village,27.2819106,46.4563603
642,Orbeni,orbeni,village,27.0219624,46.2773429
642,Scurta,scurta,village,27.0174902,46.2614531
642,Palanca,palanca,village,26.13043,46.5331701
642,Cădărești,cadaresti,village,26.0883756,46.4725945
642,Ciugheș,ciughes,village,26.1196964,46.5221983
642,Pajiștea,pajistea,village,26.1059808,46.4626775
642,Popoiu,popoiu,village,26.1080013,46.5446397
642,Parava,parava,village,26.9866514,46.309541
642,Drăgușani,dragusani,village,26.9906765,46.2963891
642,Rădoaia,radoaia,village,26.9280242,46.3094263
642,Teiuș,teius,village,26.9702713,46.3225044
642,Parincea,parincea,village,27.1080399,46.4853168
642,Barna,barna,village,27.1688045,46.4957766
642,Mileștii de Jos,milestii de jos,village,27.0731808,46.4788827
642,Mileștii de Sus,milestii de sus,village,27.0730548,46.4945484
642,Nănești,nanesti,village,27.113899,46.4548262
642,Năstăseni,nastaseni,village,27.1902485,46.4777031
642,Poieni,poieni,village,27.1748271,46.4830271
642,Satu Nou,satu nou,village,27.1664437,46.5039569
642,Vladnic,vladnic,village,27.1381564,46.4454221
642,Pâncești,pancesti,village,27.0879057,46.3362696
642,Chilia Benei,chilia benei,village,27.1302809,46.3418817
642,Dieneț,dienet,village,27.0718086,46.3200488
642,Fulgeriș,fulgeris,village,27.1213288,46.334049
642,Fundu Văii,fundu vaii,village,27.1368748,46.4215515
642,Motoc,motoc,village,27.0991647,46.3638119
642,Petrești,petresti,village,27.1139871,46.3876308
642,Soci,soci,village,27.1337933,46.4074979
642,Pârâu Boghii,parau boghii,village,26.6445565,46.2617287
642,Satu Nou,satu nou,village,26.6504851,46.2431739
642,Băhnășeni,bahnaseni,village,26.5818407,46.572529
642,Bărnești,barnesti,village,26.5719303,46.5926856
642,Băsăști,basasti,village,26.6016531,46.6247707
642,Câmpeni,campeni,village,26.6273817,46.600608
642,Hâineala,haineala,village,26.6087231,46.6147105
642,Pustiana,pustiana,village,26.6308349,46.5898956
642,Plopana,plopana,village,27.2189108,46.6824695
642,Budești,budesti,village,27.2498771,46.6581185
642,Dorneni,dorneni,hamlet,27.2435523,46.6603749
642,Ițcani,itcani,village,27.2581732,46.6779077
642,Rusenii Răzeși,rusenii razesi,village,27.2796289,46.6513139
642,Rusenii de Sus,rusenii de sus,village,27.2646459,46.6540039
642,Străminoasa,straminoasa,village,27.2957624,46.6461872
642,Țâgâra,tagara,locality,27.1975271,46.6629195
642,Fichitești,fichitesti,village,27.478933,46.1978719
642,Giurgioana,giurgioana,village,27.3576757,46.1723876
642,Hanța,hanta,village,27.3671858,46.1848032
642,Răcușana,racusana,village,27.362473,46.17732
642,Sârbi,sarbi,village,27.3380465,46.230493
642,Poduri,poduri,village,26.5363468,46.4664121
642,Bucșești,bucsesti,village,26.5822417,46.4837157
642,Cernu,cernu,village,26.5847669,46.4699924
642,Cornet,cornet,village,26.5956753,46.4943903
642,Negreni,negreni,village,26.5597279,46.494618
642,Prohozești,prohozesti,village,26.5513967,46.4819311
642,Valea Șoșii,valea sosii,village,26.5465932,46.461242
642,Racova,racova,village,26.7451614,46.7020595
642,Gura Văii,gura vaii,village,26.7957671,46.6933285
642,Hălmăcioaia,halmacioaia,village,26.7814312,46.7012248
642,Ilieși,iliesi,village,26.8017286,46.7031224
642,Răcăciuni,racaciuni,village,27.0138404,46.3260581
642,Fundu Răcăciuni,fundu racaciuni,village,26.8898708,46.3586416
642,Gheorghe Doja,gheorghe doja,village,26.962399,46.3783616
642,Gâșteni,gasteni,village,26.9669517,46.339742
642,Răstoaca,rastoaca,village,27.0408193,46.3335804
642,Răchitoasa,rachitoasa,village,27.3745197,46.4404232
642,Barcana,barcana,village,27.3622519,46.4882875
642,Bucșa,bucsa,village,27.4169529,46.3615737
642,Buda,buda,village,27.3598922,46.5142032
642,Burdusaci,burdusaci,village,27.4034009,46.3691339
642,Dănăila,danaila,village,27.331384,46.5372566
642,Dumbrava,dumbrava,village,27.3523358,46.4181822
642,Farcașa,farcasa,village,27.3485587,46.5010874
642,Fundătura Răchitoasa,fundatura rachitoasa,village,27.3503548,46.4605746
642,Hăghiac,haghiac,village,27.3847298,46.3730966
642,Magazia,magazia,village,27.3444404,46.5260475
642,Movilița,movilita,village,27.367394,46.3983059
642,Oprișești,oprisesti,village,27.3844903,46.3827862
642,Putini,putini,village,27.3440201,46.5466415
642,Tochilea,tochilea,village,27.4028605,46.3969114
642,Roșiori,rosiori,village,27.0861632,46.7228126
642,Misihănești,misihanesti,village,27.1381395,46.72913
642,Negușeni,neguseni,village,27.069577,46.7123132
642,Poieni,poieni,village,27.076812,46.7527774
642,Valea Mare,valea mare,village,27.1183265,46.7257527
642,Valea Mică,valea mica,village,27.1372203,46.7143885
642,Sascut,sascut,village,27.110326,46.2074834
642,Berești,beresti,village,27.1447619,46.2032885
642,Conțești,contesti,village,27.0824751,46.165603
642,Păncești,pancesti,village,27.0679709,46.2111813
642,Sascut-Sat,sascut-sat,village,27.0685137,46.1872672
642,Schineni,schineni,village,27.1024511,46.1936454
642,Valea Nacului,valea nacului,village,27.0625425,46.1810928
642,Sănduleni,sanduleni,village,26.7384556,46.4404555
642,Bârzulești,barzulesti,village,26.7734512,46.4935694
642,Coman,coman,village,26.7650826,46.4730377
642,Mateiești,mateiesti,village,26.7205915,46.4241392
642,Stufu,stufu,village,26.7686469,46.4401652
642,Tisa,tisa,locality,26.7211249,46.4345073
642,Verșești,versesti,village,26.7016696,46.4490407
642,Săucești,saucesti,village,26.9414092,46.618528
642,Bogdan Vodă,bogdan voda,village,26.9215959,46.6197042
642,Costei,costei,locality,26.9710692,46.6096417
642,Schineni,schineni,village,26.948723,46.6419368
642,Siretu,siretu,village,26.9317437,46.6716318
642,Șerbești,serbesti,village,26.9249811,46.7018735
642,Scorțeni,scorteni,village,26.6632776,46.5523648
642,Bogdănești,bogdanesti,village,26.6990042,46.6060599
642,Florești,floresti,village,26.6629177,46.52252
642,Grigoreni,grigoreni,village,26.6817515,46.5965859
642,Stejaru,stejaru,village,26.7021925,46.5885461
642,Șerpeni,serpeni,village,26.699826,46.6144256
642,Secuieni,secuieni,village,27.0983922,46.6431997
642,Bălușa,balusa,village,27.1117107,46.6535772
642,Berbinceni,berbinceni,village,27.0651781,46.6794646
642,Chiticeni,chiticeni,village,27.0930501,46.6657453
642,Ciuturești,ciuturesti,village,27.1236021,46.6916297
642,Fundeni,fundeni,village,27.0733321,46.6558655
642,Glodișoarele,glodisoarele,village,27.1523025,46.6209378
642,Tisa-Silvestri,tisa-silvestri,village,27.1406737,46.6534625
642,Valea Fânațului,valea fanatului,locality,27.1144876,46.614476
642,Văleni,valeni,village,27.075357,46.6926934
642,Solonț,solont,village,26.5345211,46.5513966
642,Cucuieți,cucuieti,village,26.5287461,46.589796
642,Sărata,sarata,village,26.5523997,46.5669014
642,Stănișești,stanisesti,village,27.3060908,46.4309524
642,Balotești,balotesti,village,27.3135004,46.4016758
642,Belciuneasa,belciuneasa,village,27.3165253,46.375395
642,Benești,benesti,village,27.3380445,46.3619169
642,Crăiești,craiesti,village,27.3402309,46.387001
642,Gorghești,gorghesti,village,27.2886255,46.4429249
642,Slobozia,slobozia,village,27.3111056,46.4749465
642,Slobozia Nouă,slobozia noua,village,27.2977291,46.5395913
642,Văleni,valeni,village,27.2831098,46.4311078
642,Strugari,strugari,village,26.7163138,46.5365038
642,Cetățuia,cetatuia,village,26.706075,46.553618
642,Iaz,iaz,village,26.7476355,46.5041904
642,Nadișa,nadisa,village,26.7049408,46.5205818
642,Petricica,petricica,village,26.7873166,46.507909
642,Răchitișu,rachitisu,village,26.7553276,46.5397016
642,Tamași,tamasi,village,26.9968028,46.4911211
642,Chetriș,chetris,village,26.9913237,46.4662318
642,Furnicari,furnicari,village,26.9979321,46.5081464
642,Gioseni,gioseni,village,26.9923896,46.4292452
642,Tătărăști,tatarasti,village,27.2053479,46.2178699
642,Cornii de Jos,cornii de jos,village,27.1935296,46.2040115
642,Cornii de Sus,cornii de sus,village,27.1826,46.2180538
642,Drăgești,dragesti,village,27.1918751,46.2492396
642,Gherdana,gherdana,village,27.184583,46.2651773
642,Giurgeni,giurgeni,village,27.1981691,46.2380735
642,Ungureni,ungureni,village,27.2135154,46.2047687
642,Târgu Trotuș,targu trotus,village,26.6747095,46.2638184
642,Tuta,tuta,village,26.6897629,46.2556137
642,Bogdănești,bogdanesti,village,27.0160685,46.6657033
642,Hertioana de Jos,hertioana de jos,village,27.0397306,46.64619
642,Hertioana-Răzeși,hertioana-razesi,village,27.0082487,46.6490673
642,Prăjești,prajesti,village,26.97631,46.6546856
642,Zăpodia,zapodia,village,27.0740747,46.6459356
642,Ungureni,ungureni,village,27.1118576,46.522829
642,Bărtășești,bartasesti,village,27.127992,46.5907024
642,Bibirești,bibiresti,village,27.077468,46.5185515
642,Bota,bota,locality,27.141171,46.5212693
642,Botești,botesti,village,27.0826348,46.5675293
642,Gârla Anei,garla anei,village,27.0946201,46.5531039
642,Viforeni,viforeni,village,27.0972248,46.5812156
642,Zlătari,zlatari,village,27.1174197,46.5068603
642,Lunca Dochiei,lunca dochiei,village,27.071782,46.1172671
642,Satu Nou,satu nou,village,27.0278659,46.1279831
642,Slobozia,slobozia,village,27.1193791,46.1120393
642,Valea Seacă,valea seaca,village,27.0459381,46.2428073
642,Cucova,cucova,village,27.0443882,46.2541928
642,Lichitișeni,lichitiseni,village,27.2879186,46.3772834
642,Bosia,bosia,village,27.2797992,46.3865622
642,Dădești,dadesti,village,27.263218,46.3812295
642,Dorneni,dorneni,village,27.1766929,46.425375
642,Ghilăvești,ghilavesti,village,27.1758254,46.4392692
642,Godineștii de Jos,godinestii de jos,village,27.2301952,46.4193231
642,Godineștii de Sus,godinestii de sus,village,27.2173766,46.4279259
642,Medeleni,medeleni,village,27.2149914,46.4429928
642,Năzărioaia,nazarioaia,village,27.2631718,46.3704152
642,Reprivăț,reprivat,village,27.2546627,46.4116833
642,Tomozia,tomozia,village,27.2589585,46.4284828
642,Țigănești,tiganesti,village,27.260557,46.396684
642,Valea Lupului,valea lupului,village,27.2334573,46.404293
642,Valea Merilor,valea merilor,village,27.2010165,46.4486976
642,Valea Salciei,valea salciei,village,27.1939782,46.4566533
642,Vultureni,vultureni,village,27.2746964,46.4027827
642,Zemeș,zemes,village,26.4628861,46.5536425
642,Bolătău,bolatau,village,26.401494,46.6334493
642,Hemieni,hemieni,village,26.626335,46.5579959
642,Andreiașu de Jos,andreiasu de jos,village,26.8331589,45.7547574
642,Timișu de Jos,timisu de jos,village,25.6381083,45.5947332
642,Slătinița,slatinita,village,24.5270558,47.2042681
642,Unirea,unirea,village,24.5286344,47.1609671
642,Figa,figa,village,24.2110922,47.1399904
642,Rusu de Jos,rusu de jos,village,24.1704767,47.1443379
642,Liviu Rebreanu,liviu rebreanu,village,24.4327133,47.2602056
642,Sângeorz-Băi,sangeorz-bai,town,24.674172,47.3682338
642,Cormaia,cormaia,village,24.684045,47.3900038
642,Valea Borcutului,valea borcutului,village,24.6520382,47.3750569
642,Bistrița Bârgăului,bistrita bargaului,village,24.7618089,47.2086299
642,Colibița,colibita,village,24.8876359,47.1709215
642,Budacu de Jos,budacu de jos,village,24.5202732,47.0871636
642,Buduș,budus,village,24.5369072,47.0811614
642,Jelna,jelna,village,24.5559788,47.1095476
642,Monariu,monariu,village,24.4760361,47.0660622
642,Simionești,simionesti,village,24.5012462,47.0665668
642,Budești,budesti,village,24.2445342,46.8768786
642,Budești-Fânațe,budesti-fanate,village,24.2369131,46.8441053
642,Țagu,tagu,village,24.2345879,46.8202295
642,Țăgșoru,tagsoru,village,24.2351815,46.7948338
642,Căianu Mic,caianu mic,village,24.1572299,47.235808
642,Căianu Mare,caianu mare,village,24.1624419,47.232563
642,Ciceu-Poieni,ciceu-poieni,village,24.0879858,47.2993111
642,Dobric,dobric,village,24.1262314,47.2458058
642,Dobricel,dobricel,village,24.1117401,47.2964882
642,Dumbrăvița,dumbravita,village,24.1845187,47.2575616
642,Satu Nou,satu nou,village,24.6280296,47.1104088
642,Budacu de Sus,budacu de sus,village,24.6574237,47.0612616
642,Dumitrița,dumitrita,village,24.6257867,47.0714286
642,Orheiu Bistriței,orheiu bistritei,village,24.5932191,47.0960796
642,Petriș,petris,village,24.6231431,47.1030063
642,Ragla,ragla,village,24.6223218,47.0703792
642,Ciceu-Giurgești,ciceu-giurgesti,village,24.0167768,47.244749
642,Dumbrăveni,dumbraveni,village,23.984651,47.282946
642,Negrilești,negrilesti,village,24.0496673,47.267249
642,Purcărete,purcarete,village,24.0540775,47.3097967
642,Apatiu,apatiu,village,24.1861789,46.9996776
642,Bozieș,bozies,village,24.1916554,47.0323705
642,Chețiu,chetiu,village,24.1997131,47.0308356
642,Jimbor,jimbor,village,24.2086756,46.9262842
642,Sânnicoară,sannicoara,village,24.1287722,46.9803651
642,Țentea,tentea,village,24.1388989,47.0007201
642,Chiuza,chiuza,village,24.2407217,47.2347485
642,Mireș,mires,village,24.2342,47.2650762
642,Piatra,piatra,village,24.2657046,47.2487546
642,Săsarm,sasarm,village,24.2194086,47.2117026
642,Coșbuc,cosbuc,village,24.392203,47.3654433
642,Dumitra,dumitra,village,24.4694484,47.2223535
642,Cepari,cepari,village,24.4277004,47.2350528
642,Tărpiu,tarpiu,village,24.4053511,47.1924365
642,Nepos,nepos,village,24.5330246,47.2775934
642,Albeștii Bistriței,albestii bistritei,village,24.4511366,46.9930093
642,Tonciu,tonciu,village,24.3785848,46.9984446
642,Ilva Mare,ilva mare,village,24.8840889,47.3632189
642,Ivăneasa,ivaneasa,village,24.9085045,47.3387821
642,Josenii Bârgăului,josenii bargaului,village,24.6750673,47.2078971
642,Mijlocenii Bârgăului,mijlocenii bargaului,village,24.6893574,47.2159247
642,Rusu Bârgăului,rusu bargaului,village,24.6386588,47.198485
642,Bungard,bungard,village,24.32862,46.9397572
642,Chiraleș,chirales,village,24.3160278,47.0878953
642,Sângeorzu Nou,sangeorzu nou,village,24.3585742,46.9615472
642,Sâniacob,saniacob,village,24.2982578,47.0565977
642,Țigău,tigau,village,24.3335381,47.0704633
642,Vermeș,vermes,village,24.3197911,47.0025755
642,Leșu,lesu,village,24.7513333,47.3123144
642,Lunca Leșului,lunca lesului,village,24.7760156,47.3094291
642,Dumbrava,dumbrava,village,24.6229535,47.2145578
642,Valea Poenii,valea poenii,village,24.6353982,47.1863823
642,Lunca Ilvei,lunca ilvei,village,24.9712846,47.3646739
642,Anieș,anies,village,24.7685296,47.4134737
642,Matei,matei,village,24.266562,46.9817188
642,Bidiu,bidiu,village,24.2381382,47.0443322
642,Corvinești,corvinesti,village,24.2601353,47.0171343
642,Enciu,enciu,village,24.250225,47.0506279
642,Fântânele,fantanele,village,24.2739085,46.9407664
642,Moruț,morut,village,24.272767,46.9611912
642,Măgura Ilvei,magura ilvei,village,24.8086146,47.3733865
642,Arșița,arsita,village,24.8345993,47.3591469
642,Poiana Ilvei,poiana ilvei,village,24.7406792,47.3569264
642,Jeica,jeica,village,24.5044778,46.9798295
642,Nețeni,neteni,hamlet,24.4606549,47.0111156
642,Miceștii de Câmpie,micestii de campie,village,24.3116305,46.8605821
642,Fântânița,fantanita,village,24.340367,46.8316441
642,Visuia,visuia,village,24.2950291,46.837035
642,Milaș,milas,village,24.4332763,46.8202442
642,Comlod,comlod,village,24.4429337,46.8588081
642,După Deal,dupa deal,village,24.4452505,46.8055185
642,Ghemeș,ghemes,village,24.4441284,46.7844251
642,Hirean,hirean,village,24.4100312,46.8125882
642,Orosfaia,orosfaia,village,24.4209865,46.8505158
642,Nimigea de Jos,nimigea de jos,village,24.3008373,47.2535691
642,Florești,floresti,village,24.2796232,47.2383977
642,Mintiu,mintiu,village,24.3529883,47.2370589
642,Mititei,mititei,village,24.3172623,47.2835426
642,Mocod,mocod,village,24.2969812,47.2624878
642,Mogoșeni,mogoseni,village,24.2542059,47.2139113
642,Nimigea de Sus,nimigea de sus,village,24.3263581,47.2803484
642,Tăure,taure,village,24.3215692,47.2064273
642,Nușeni,nuseni,village,24.2026318,47.098441
642,Beudiu,beudiu,village,24.173111,47.0622205
642,Dumbrava,dumbrava,hamlet,24.1309436,47.1018619
642,Feleac,feleac,village,24.248202,47.0871769
642,Malin,malin,village,24.1372337,47.1189512
642,Rusu de Sus,rusu de sus,village,24.1809356,47.1224243
642,Vița,vita,village,24.1485474,47.0414668
642,Parva,parva,village,24.5429759,47.3954575
642,Reteag,reteag,village,24.0184578,47.1957439
642,Bața,bata,village,23.9944624,47.188449
642,Ciceu-Corabia,ciceu-corabia,village,23.9387652,47.2442936
642,Lelești,lelesti,village,23.9555386,47.2220078
642,Prundu Bârgăului,prundu bargaului,village,24.7406598,47.2201539
642,Susenii Bârgăului,susenii bargaului,village,24.7076453,47.2214763
642,Rebra,rebra,village,24.4998559,47.326149
642,Rebrișoara,rebrisoara,village,24.4510914,47.2876817
642,Gersa I,gersa i,village,24.4611203,47.3362966
642,Gersa II,gersa ii,village,24.4681333,47.374956
642,Poderei,poderei,village,24.4808458,47.2814264
642,Valea Vinului,valea vinului,village,24.8302966,47.4801985
642,Romuli,romuli,village,24.4369846,47.5461495
642,Dealu Ștefăniței,dealu stefanitei,village,24.4209531,47.5787849
642,Salva,salva,village,24.3555699,47.3058649
642,Runcu Salvei,runcu salvei,village,24.3253566,47.3438122
642,Silivașu de Câmpie,silivasu de campie,village,24.3003764,46.7822471
642,Draga,draga,village,24.2706517,46.780713
642,Fânațele Silivașului,fanatele silivasului,village,24.2757259,46.7999635
642,Sânmihaiu de Câmpie,sanmihaiu de campie,village,24.3358851,46.892565
642,Brăteni,brateni,village,24.3918936,46.9118666
642,La Curte,la curte,village,24.3732265,46.8844248
642,Sălcuța,salcuta,village,24.3028596,46.9173819
642,Stupini,stupini,village,24.3797975,46.8755352
642,Zoreni,zoreni,village,24.2757341,46.8966115
642,Spermezeu,spermezeu,village,24.1547407,47.293557
642,Hălmăsău,halmasau,village,24.1379747,47.3448583
642,Lunca Borlesei,lunca borlesei,village,24.1641354,47.3258627
642,Păltineasa,paltineasa,village,24.2070089,47.2919627
642,Sita,sita,village,24.18156,47.3150264
642,Șesuri Spermezeu-Vale,sesuri spermezeu-vale,village,24.1573848,47.3164959
642,Ardan,ardan,village,24.6721921,47.029898
642,Posmuș,posmus,village,24.5918861,46.9763346
642,Șoimuș,soimus,village,24.6235899,47.0419027
642,Chintelnic,chintelnic,village,24.3378259,47.1012759
642,Crainimăt,crainimat,village,24.4013835,47.0711586
642,Valea Măgherușului,valea magherusului,village,24.4002736,47.1152984
642,Agrișu de Jos,agrisu de jos,village,24.2376115,47.157028
642,Agrișu de Sus,agrisu de sus,village,24.2298232,47.1510568
642,Bretea,bretea,village,24.2432418,47.1243091
642,Coasta,coasta,village,24.2819931,47.1253389
642,Cristur-Șieu,cristur-sieu,village,24.3029436,47.120834
642,Șirioara,sirioara,village,24.2950317,47.1019925
642,Lunca,lunca,village,24.6794183,47.018512
642,Ruștior,rustior,village,24.6707976,46.9931699
642,Sebiș,sebis,village,24.714853,47.0061543
642,Caila,caila,village,24.3657094,47.1430949
642,Șintereag-Gară,sintereag-gara,village,24.2726004,47.1776118
642,Archiud,archiud,village,24.437421,46.8903766
642,Budurleni,budurleni,village,24.424778,46.9201474
642,Ocnița,ocnita,village,24.486765,46.8626653
642,Fiad,fiad,village,24.3862688,47.4870926
642,Tiha Bârgăului,tiha bargaului,village,24.7634894,47.2249669
642,Ciosa,ciosa,hamlet,24.9486602,47.2776187
642,Mureșenii Bârgăului,muresenii bargaului,village,24.8599553,47.2106616
642,Piatra Fântânele,piatra fantanele,village,25.0051955,47.2375019
642,Tureac,tureac,village,24.8058897,47.2294771
642,Agrieșel,agriesel,village,24.0938741,47.4005209
642,Cireași,cireasi,village,24.1944823,47.4123011
642,Oarzina,oarzina,village,24.1954482,47.4203227
642,Răcăteșu,racatesu,village,24.1964171,47.3823323
642,Hășmașu Ciceului,hasmasu ciceului,village,24.0587873,47.2304522
642,Ilișua,ilisua,village,24.0888388,47.2185627
642,Urmeniș,urmenis,village,24.3650408,46.7700518
642,Câmp,camp,village,24.3901096,46.7787173
642,Coșeriu,coseriu,village,24.3786984,46.8157251
642,Delureni,delureni,village,24.3466892,46.8150262
642,Fânațe,fanate,village,24.398223,46.7935245
642,Scoabe,scoabe,hamlet,24.3121461,46.8126749
642,Șopteriu,sopteriu,village,24.3476038,46.7978016
642,Valea,valea,hamlet,24.3786464,46.7560996
642,Valea Mare,valea mare,village,24.3928909,46.8029168
642,Zagra,zagra,village,24.2797343,47.3245971
642,Perișor,perisor,village,24.2271889,47.3141741
642,Poienile Zagrei,poienile zagrei,village,24.256824,47.3871972
642,Băiceni,baiceni,village,26.6574129,47.6932333
642,Mănăstirea Doamnei,manastirea doamnei,village,26.6056337,47.7234394
642,Orășeni-Deal,oraseni-deal,village,26.676714,47.6759745
642,Orășeni-Vale,oraseni-vale,village,26.6661263,47.6649813
642,Răchiți,rachiti,village,26.6866289,47.7637045
642,Costești,costesti,village,26.6744079,47.7999869
642,Siliștea,silistea,village,26.7622826,47.716646
642,Tocileni,tocileni,village,26.7865665,47.7110401
642,Eșanca,esanca,village,26.655758,48.1717488
642,Lismănița,lismanita,village,26.6683159,48.1376021
642,Loturi Enescu,loturi enescu,village,26.3858157,47.9889259
642,Progresul,progresul,village,26.4663804,48.0049216
642,Bodeasa,bodeasa,village,26.9224042,47.9721708
642,Bozieni,bozieni,village,26.901467,47.9447026
642,Chișcăreni,chiscareni,village,26.8278804,47.9619767
642,Petricani,petricani,village,26.8434278,47.956339
642,Sat Nou,sat nou,village,26.8398247,47.967259
642,Buimăceni,buimaceni,village,27.0903857,47.6717734
642,Coștiugeni,costiugeni,village,27.0444238,47.6856349
642,Jijia,jijia,village,27.0979413,47.6486342
642,Mășcăteni,mascateni,village,27.0423666,47.7186859
642,Tudor Vladimirescu,tudor vladimirescu,village,27.1723336,47.6863672
642,Adășeni,adaseni,village,26.9378883,48.0691982
642,Dimitrie Cantemir,dimitrie cantemir,village,26.9967673,48.0549576
642,Ichimeni,ichimeni,village,26.8748024,48.0409791
642,Panaitoaia,panaitoaia,village,26.9786269,48.0403088
642,Timuș,timus,village,26.9949387,48.0315584
642,Tudor Vladimirescu,tudor vladimirescu,village,26.9978258,47.9861854
642,Zoițani,zoitani,village,26.9666189,48.0573001
642,Bălușeni,baluseni,village,26.79617,47.6691799
642,Bălușenii Noi,balusenii noi,village,26.8238259,47.6861041
642,Buzeni,buzeni,village,26.7452994,47.6802102
642,Coșuleni,cosuleni,village,26.7583543,47.6835675
642,Draxini,draxini,village,26.8229519,47.6564526
642,Zăicești,zaicesti,village,26.724987,47.6900389
642,Poiana,poiana,village,26.4243965,47.8452386
642,Popeni,popeni,village,26.493121,47.8430293
642,Vâlcelele,valcelele,village,26.4555371,47.8450695
642,Slobozia,slobozia,village,26.4812398,47.9581904
642,Bohoghina,bohoghina,village,26.412428,47.8010504
642,Călărași,calarasi,village,27.2575619,47.6058997
642,Libertatea,libertatea,village,27.287344,47.6159007
642,Pleșani,plesani,village,27.2872678,47.5879967
642,Concești,concesti,village,26.5594043,48.156607
642,Movileni,movileni,village,26.597381,48.1345114
642,Copălău,copalau,village,26.8529818,47.6160595
642,Buda,buda,village,26.8087571,47.6254978
642,Cerbu,cerbu,village,26.8857644,47.6188281
642,Coșula,cosula,village,26.7779556,47.6245431
642,Cotu,cotu,village,26.8610108,47.598366
642,Pădureni,padureni,village,26.7694985,47.6153511
642,Șupitca,supitca,village,26.7835916,47.6094079
642,Grivița,grivita,village,26.5744045,48.0149004
642,Dimăcheni,dimacheni,village,26.5475392,47.9103646
642,Mateieni,mateieni,village,26.5923872,47.918199
642,Recia-Verbia,recia-verbia,village,26.4916865,47.924734
642,Vlădeni,vladeni,village,26.610623,47.92737
642,Corni,corni,village,26.5748938,47.6460314
642,Balta Arsă,balta arsa,village,26.6226905,47.6746181
642,Mesteacăn,mesteacan,village,26.629784,47.6232897
642,Sarafinești,sarafinesti,village,26.6074021,47.6170797
642,Coțușca,cotusca,village,26.8562188,48.129858
642,Avram Iancu,avram iancu,village,26.884228,48.0689161
642,Cotu Miculinți,cotu miculinti,village,26.9462351,48.1877707
642,Crasnaleuca,crasnaleuca,village,26.9593142,48.1579835
642,Mihail Kogălniceanu,mihail kogalniceanu,village,26.8358046,48.0809749
642,Nichiteni,nichiteni,village,26.8622617,48.0953962
642,Nicolae Bălcescu,nicolae balcescu,village,26.7839309,48.1039307
642,Puțureni,putureni,village,26.8343312,48.113673
642,Cristești,cristesti,village,26.7361836,47.6360764
642,Oneaga,oneaga,village,26.7324351,47.576259
642,Schit-Orășeni,schit-oraseni,village,26.689573,47.6394817
642,Unguroaia,unguroaia,village,26.7020251,47.6106895
642,Poiana,poiana,village,26.3451093,48.0981608
642,Dersca,dersca,village,26.2103083,47.9895049
642,Lozna,lozna,village,26.2772288,47.951438
642,Străteni,strateni,village,26.2962341,47.936213
642,Dângeni,dangeni,village,26.9689424,47.8520229
642,Hulub,hulub,village,26.964879,47.8257985
642,Iacobeni,iacobeni,village,26.9130373,47.8611489
642,Strahotin,strahotin,village,26.9452139,47.8511157
642,Dobârceni,dobarceni,village,27.065701,47.8257718
642,Bivolari,bivolari,village,27.0582608,47.8144614
642,Cișmănești,cismanesti,village,27.0731751,47.8487059
642,Livada,livada,hamlet,27.0966219,47.8263886
642,Murguța,murguta,village,27.131467,47.8216091
642,Brăteni,brateni,village,27.0267602,47.8603071
642,Drăgușeni,draguseni,village,26.8065506,48.0187963
642,Podriga,podriga,village,26.8333815,48.0045155
642,Sarata-Drăgușeni,sarata-draguseni,village,26.8185774,48.0745889
642,Băbiceni,babiceni,village,27.0745846,47.7543598
642,Bârsănești,barsanesti,village,27.0832445,47.7886406
642,Broșteni,brosteni,village,27.0883649,47.7540324
642,Flămânzi,flamanzi,town,26.8945685,47.5590059
642,Poiana,poiana,village,26.8678902,47.5656129
642,Frumușica,frumusica,village,26.9011057,47.5322181
642,Boscoteni,boscoteni,village,26.8696197,47.5076337
642,Rădeni,radeni,village,26.8925021,47.5118601
642,Storești,storesti,village,26.8672314,47.5437705
642,Șendreni,sendreni,village,26.8706097,47.5392885
642,Vlădeni-Deal,vladeni-deal,village,26.8697575,47.5207548
642,Dumeni,dumeni,village,26.5428665,48.0072363
642,Arborea,arborea,village,26.5201266,48.0513973
642,George Enescu,george enescu,village,26.4863701,48.0369294
642,Popeni,popeni,village,26.4673678,48.0242542
642,Stânca,stanca,village,26.5551886,48.0608377
642,Gorbănești,gorbanesti,village,26.8588894,47.7753394
642,Bătrânești,batranesti,village,26.8855041,47.7867312
642,George Coșbuc,george cosbuc,village,26.8697145,47.8007548
642,Mihai Eminescu,mihai eminescu,hamlet,26.8583666,47.7991942
642,Silișcani,siliscani,village,26.8548098,47.7294021
642,Socrujeni,socrujeni,village,26.9100771,47.7831494
642,Viforeni,viforeni,village,26.94473,47.7653831
642,Vânători,vanatori,village,26.869857,47.7515149
642,Havârna,havarna,village,26.6458203,48.0743941
642,Balinți,balinti,village,26.6926945,48.0499862
642,Galbeni,galbeni,village,26.7005589,48.0365229
642,Gârbeni,garbeni,village,26.6571153,48.0817133
642,Niculcea,niculcea,village,26.7131148,48.0353691
642,Tătărășeni,tataraseni,village,26.6830813,48.0663216
642,Hănești,hanesti,village,26.9781744,47.9078346
642,Borolea,borolea,village,27.0214023,47.9526065
642,Moara Jorii,moara jorii,village,27.0209466,47.8842346
642,Sărata-Basarab,sarata-basarab,village,27.0391428,47.9401489
642,Slobozia Hănești,slobozia hanesti,village,26.9954824,47.9138263
642,Hilișeu-Horia,hiliseu-horia,village,26.3048649,47.9985472
642,Corjăuți,corjauti,village,26.2744676,48.0336612
642,Hilișeu-Cloșca,hiliseu-closca,village,26.334664,48.0153341
642,Iezer,iezer,village,26.33016,47.9835645
642,Dragalina,dragalina,village,27.1954589,47.6073836
642,Victoria,victoria,village,27.167304,47.6101794
642,Alba,alba,village,26.4775182,48.1578571
642,Belcea,belcea,hamlet,26.4445423,47.8050818
642,Costinești,costinesti,village,26.4592856,47.8056984
642,Mitoc,mitoc,village,26.4402576,47.8369576
642,Lunca,lunca,village,27.003364,47.6220292
642,Stroiești,stroiesti,village,26.9656195,47.6104203
642,Zlătunoaia,zlatunoaia,village,27.0074341,47.6502596
642,Manoleasa,manoleasa,village,27.0599982,47.991854
642,Bold,bold,hamlet,27.1233225,47.9721682
642,Flondora,flondora,village,27.0321495,48.0024331
642,Iorga,iorga,village,27.0823229,48.0262723
642,Loturi,loturi,village,27.0706396,48.0452069
642,Manoleasa-Prut,manoleasa-prut,village,27.0858122,48.0118127
642,Sadoveni,sadoveni,village,27.1318678,47.9879693
642,Șerpenița,serpenita,hamlet,27.0951848,48.0317496
642,Zahoreni,zahoreni,village,27.0502075,47.9616382
642,Ipotești,ipotesti,village,26.5581878,47.7662987
642,Baisa,baisa,village,26.5670266,47.7243309
642,Cervicești-Deal,cervicesti-deal,village,26.5178121,47.8082783
642,Manolești,manolesti,village,26.6210786,47.7486622
642,Stâncești,stancesti,village,26.5971305,47.744484
642,Călinești,calinesti,village,26.2379709,47.9210753
642,Cândești,candesti,village,26.1971337,47.9257469
642,Pârâu Negru,parau negru,village,26.1761631,47.9627987
642,Rogojești,rogojesti,village,26.1622301,47.9388532
642,Talpa,talpa,village,26.2363042,47.9019359
642,Vițcani,vitcani,village,26.2106052,47.944225
642,Mihălășeni,mihalaseni,village,27.0734789,47.8833476
642,Caraiman,caraiman,village,27.0864629,47.9226955
642,Năstase,nastase,village,27.1310248,47.8544943
642,Negrești,negresti,village,27.1071122,47.8646547
642,Păun,paun,village,27.1155749,47.8553441
642,Sărata,sarata,village,27.0784142,47.9152555
642,Slobozia Silișcani,slobozia siliscani,village,27.0818315,47.8608634
642,Mileanca,mileanca,village,26.6941333,48.0904458
642,Codreni,codreni,village,26.78558,48.0936076
642,Scutari,scutari,village,26.7573958,48.0598222
642,Seliștea,selistea,village,26.6814729,48.1209553
642,Horia,horia,village,26.9748124,48.1221398
642,Nicolae Bălcescu,nicolae balcescu,village,26.8989879,47.5670861
642,Chițoveni,chitoveni,village,26.9324134,47.5672533
642,Prisăcani,prisacani,village,26.9493619,47.55766
642,Cuzlău,cuzlau,village,26.6771644,48.2397202
642,Slobozia,slobozia,village,26.697745,48.2451789
642,Pomârla,pomarla,village,26.3180908,48.0418286
642,Hulubești,hulubesti,village,26.3487578,48.0480679
642,Racovăț,racovat,village,26.2949742,48.0974413
642,Prăjeni,prajeni,village,27.0130228,47.5041786
642,Câmpeni,campeni,village,26.99522,47.5062509
642,Lupăria,luparia,village,27.0213005,47.4907939
642,Miletin,miletin,village,27.0631156,47.4814294
642,Doina,doina,village,27.1939345,47.5428799
642,Pogorăști,pogorasti,village,27.225515,47.5801728
642,Cinghiniia,cinghiniia,hamlet,27.1214731,47.9086239
642,Lehnești,lehnesti,hamlet,27.1219054,47.9147058
642,Movila Ruptă,movila rupta,hamlet,27.1308187,47.9200482
642,Popoaia,popoaia,hamlet,27.1539695,47.8978003
642,Ripicenii Vechi,ripicenii vechi,hamlet,27.1481104,47.9541048
642,Râșca,rasca,hamlet,27.1664871,47.8886269
642,Cotârgaci,cotargaci,village,26.5421173,47.854632
642,Dămideni,damideni,village,27.2535586,47.6962174
642,Românești-Vale,romanesti-vale,hamlet,27.2371468,47.7121248
642,Sărata,sarata,village,27.2086668,47.6946588
642,Bădărăi,badarai,village,27.3819669,47.5900696
642,Berza,berza,village,27.3093838,47.6434014
642,Bogdănești,bogdanesti,village,27.2554046,47.6472144
642,Durnești,durnesti,village,27.372084,47.5939388
642,Ilișeni,iliseni,village,27.2615007,47.6715482
642,Rânghilești,ranghilesti,village,27.2318475,47.6483349
642,Rânghilești-Deal,ranghilesti-deal,village,27.2566324,47.6635641
642,Izvoare,izvoare,village,26.5153095,48.0931542
642,Plevna,plevna,village,26.4533995,48.1039416
642,Sulița,sulita,village,26.92513,47.6469112
642,Cerchejeni,cerchejeni,village,26.882517,47.6919512
642,Cheliș,chelis,village,26.9498855,47.6353481
642,Dracșani,dracsani,village,26.9302817,47.6294484
642,Șoldănești,soldanesti,village,26.9252861,47.7352196
642,Șendriceni,sendriceni,village,26.3299021,47.9532237
642,Horlăceni,horlaceni,village,26.3420963,47.9121524
642,Pădureni,padureni,village,26.3090079,47.9734902
642,Ștefănești,stefanesti,town,27.2005314,47.7916909
642,Bădiuți,badiuti,village,27.2087615,47.7835467
642,Ștefănești-Sat,stefanesti-sat,village,27.1878231,47.7923443
642,Ibăneasa,ibaneasa,village,26.7348176,47.9620337
642,Negreni,negreni,village,26.760201,47.9994475
642,Todireni,todireni,village,27.112632,47.6186894
642,Cernești,cernesti,village,27.0968882,47.6100728
642,Florești,floresti,village,27.1387002,47.6203986
642,Gârbești,garbesti,village,27.0828355,47.5998944
642,Iurești,iuresti,village,27.0752412,47.620002
642,Buhăceni,buhaceni,village,26.999726,47.8126748
642,Ciritei,ciritei,hamlet,26.9649708,47.7923613
642,Ionășeni,ionaseni,village,26.9944662,47.7312158
642,Păsăteni,pasateni,village,26.9911998,47.806839
642,Tudora,tudora,village,26.6345914,47.5074742
642,Borzești,borzesti,village,26.7542343,47.9109126
642,Călugăreni,calugareni,village,26.6915527,47.9162941
642,Durnești,durnesti,village,26.7743723,47.8939266
642,Mihai Viteazu,mihai viteazu,village,26.782668,47.9285002
642,Mândrești,mandresti,village,26.7359092,47.9094627
642,Plopenii Mari,plopenii mari,village,26.7910925,47.8904391
642,Plopenii Mici,plopenii mici,village,26.7692541,47.9052736
642,Tăutești,tautesti,hamlet,26.7334317,47.9172706
642,Vicoleni,vicoleni,village,26.8482554,47.8795818
642,Unțeni,unteni,village,26.7795549,47.793913
642,Burla,burla,village,26.7968549,47.7843377
642,Burlești,burlesti,village,26.8248409,47.7578742
642,Mânăstireni,manastireni,village,26.7636126,47.8310082
642,Soroceni,soroceni,village,26.8209284,47.7841317
642,Valea Grajdului,valea grajdului,hamlet,26.7457325,47.8764586
642,Vultureni,vultureni,hamlet,26.712668,47.8537788
642,Gorovei,gorovei,village,26.3440666,47.8770877
642,Viișoara,viisoara,village,26.7455128,48.1623401
642,Cuza Vodă,cuza voda,village,26.6960882,48.1865224
642,Viișoara Mică,viisoara mica,village,26.7867068,48.1532772
642,Ionășeni,ionaseni,village,26.3885559,47.8130125
642,Lunca,lunca,village,26.2721377,47.8831305
642,Vlădeni,vladeni,village,26.5195196,47.7149073
642,Brehuiești,brehuiesti,village,26.5421493,47.7017696
642,Hrișcani,hriscani,village,26.5112761,47.7468569
642,Huțani,hutani,village,26.4862592,47.7107128
642,Mândrești,mandresti,village,26.483356,47.737111
642,Vlăsinești,vlasinesti,village,26.8878824,47.9365943
642,Miron Costin,miron costin,village,26.9509607,47.9403681
642,Sârbi,sarbi,village,26.9178345,47.9425999
642,Davidoaia,davidoaia,village,26.6282268,47.9599074
642,Dealu Crucii,dealu crucii,village,26.6500065,47.9385864
642,Vorona,vorona,village,26.6448204,47.5966757
642,Icușeni,icuseni,village,26.5961073,47.5923288
642,Joldești,joldesti,village,26.5763392,47.5589115
642,Poiana,poiana,village,26.6082656,47.6014837
642,Vorona Mare,vorona mare,village,26.6158616,47.556137
642,Vorona-Teodoru,vorona-teodoru,village,26.6407525,47.5645238
642,Dămileni,damileni,village,26.3990274,48.1107747
642,Bașeu,baseu,village,26.4958556,48.1406022
642,Vatra,vatra,village,26.5369106,48.1472102
642,Dobrinăuți-Hapăi,dobrinauti-hapai,village,26.2796852,47.8938677
642,Maghera,maghera,village,26.3028499,47.8609353
642,Pustoaia,pustoaia,village,26.3179746,47.8698494
642,Câmpeni,campeni,village,26.6305634,44.9683628
642,Dulbanu,dulbanu,village,26.5973612,44.9061805
642,Lacu Sinaia,lacu sinaia,village,26.5569117,44.9251407
642,Scorțeanca,scorteanca,village,26.5788541,44.9408379
642,Băile,baile,village,27.3615038,45.2891588
642,Stăvărăști,stavarasti,village,27.2825553,45.2124349
642,Cărpiniștea,carpinistea,village,26.7667369,45.3618337
642,Dogari,dogari,village,26.7563333,45.4128453
642,Florești,floresti,village,26.8198914,45.405265
642,Izvoru Dulce,izvoru dulce,village,26.7773004,45.3417825
642,Valea Părului,valea parului,village,26.7754647,45.3621581
642,Băceni,baceni,village,26.5907849,45.3400394
642,Cojanu,cojanu,village,26.6170506,45.2988863
642,Joseni,joseni,village,26.6550637,45.3122133
642,Mânăstirea Rătești,manastirea ratesti,village,26.6305273,45.3062798
642,Pâclele,paclele,village,26.7027433,45.3290284
642,Pleșcoi,plescoi,village,26.7177693,45.2740685
642,Pleșești,plesesti,village,26.7036484,45.2830751
642,Rătești,ratesti,village,26.6457069,45.2964139
642,Tâțârligu,tatarligu,village,26.6059511,45.3159565
642,Valea Nucului,valea nucului,village,26.728065,45.2577816
642,Viforâta,viforata,village,26.6169393,45.3332487
642,Bisoca,bisoca,village,26.706427,45.5422326
642,Băltăgari,baltagari,village,26.7259288,45.5487248
642,Lacurile,lacurile,village,26.6522389,45.5430903
642,Lopătăreasa,lopatareasa,village,26.6798,45.52927
642,Pleși,plesi,village,26.6853827,45.5789441
642,Recea,recea,village,26.6915837,45.5496692
642,Sările,sarile,village,26.7506756,45.5330367
642,Șindrila,sindrila,village,26.7045464,45.5644241
642,Blăjani,blajani,village,26.8131665,45.3160042
642,Sorești,soresti,village,26.8209846,45.283388
642,Bozioru,bozioru,village,26.494483,45.3835005
642,Fișici,fisici,village,26.4676767,45.4022696
642,Găvanele,gavanele,village,26.4653738,45.4100126
642,Gresia,gresia,village,26.5064345,45.3733504
642,Izvoarele,izvoarele,village,26.4878484,45.3749048
642,Nucu,nucu,village,26.4473927,45.4153913
642,Scăeni,scaeni,village,26.4504104,45.3916304
642,Ulmet,ulmet,village,26.4710984,45.3674299
642,Văvălucile,vavalucile,village,26.463912,45.3945599
642,Brăești,braesti,village,26.5102517,45.4303432
642,Brătilești,bratilesti,village,26.4826606,45.4687135
642,Goidești,goidesti,village,26.5046862,45.4674136
642,Ivănețu,ivanetu,village,26.4917843,45.4622668
642,Pinu,pinu,village,26.4944933,45.4195878
642,Pârscovelu,parscovelu,village,26.4928446,45.4239296
642,Ruginoasa,ruginoasa,village,26.4869485,45.428138
642,Breaza,breaza,village,26.5328048,45.0912678
642,Bădeni,badeni,village,26.5544207,45.0985477
642,Văleanca-Vilănești,valeanca-vilanesti,village,26.5062908,45.0920163
642,Vispești,vispesti,village,26.5202356,45.0972831
642,Alexandru Odobescu,alexandru odobescu,village,26.9128499,45.5158529
642,Dănulești,danulesti,village,26.9365412,45.5074773
642,Mucești-Dănulești,mucesti-danulesti,village,26.9293326,45.5216051
642,Spidele,spidele,village,26.8484199,45.5183854
642,Toropălești,toropalesti,village,26.9185059,45.4925086
642,Valea Largă,valea larga,village,26.8754843,45.5078413
642,Frăsinet,frasinet,village,26.2926551,45.2371267
642,Olari,olari,village,26.3231775,45.2398709
642,Constantin Alexandru Rosetti,constantin alexandru rosetti,village,27.164784,45.0473971
642,Bălteni,balteni,village,27.1484056,45.0090502
642,Bâlhacu,balhacu,village,27.1324581,45.04833
642,Cotu Ciorii,cotu ciorii,village,27.1422881,45.0629855
642,Vizireni,vizireni,village,27.1960184,45.0476428
642,Gonțești,gontesti,village,26.5957806,45.3885972
642,Negoșina,negosina,village,26.6109483,45.3775753
642,Păcurile,pacurile,village,26.6188233,45.4156885
642,Șuchea,suchea,village,26.5860825,45.4106354
642,Valea Verzei,valea verzei,village,26.6329802,45.3945649
642,Slobozia,slobozia,village,26.2584523,45.2726931
642,Cernătești,cernatesti,village,26.7600554,45.2640539
642,Aldeni,aldeni,village,26.7567622,45.3191323
642,Băești,baesti,village,26.7873272,45.31766
642,Căldărușa,caldarusa,village,26.7562026,45.2925078
642,Fulga,fulga,village,26.7668672,45.3301724
642,Manasia,manasia,village,26.756344,45.3036306
642,Vlădeni,vladeni,village,26.7603078,45.2822374
642,Zărneștii de Slănic,zarnestii de slanic,village,26.7554942,45.2770825
642,Budești,budesti,village,26.5466068,45.4488848
642,Crevelești,crevelesti,village,26.5817476,45.4497553
642,Ghiocari,ghiocari,village,26.6008266,45.4551675
642,Glodu-Petcari,glodu-petcari,village,26.6271076,45.4540039
642,Poiana Pletari,poiana pletari,village,26.6306766,45.4425263
642,Trestioara,trestioara,village,26.5663156,45.4348267
642,Cătiașu,catiasu,village,26.2256889,45.3947102
642,Plescioara,plescioara,village,26.1972492,45.3757619
642,Poenițele,poenitele,village,26.2462458,45.3743793
642,Cilibia,cilibia,village,27.0652939,45.0601851
642,Gara Cilibia,gara cilibia,village,27.0205735,45.0424606
642,Movila Oii,movila oii,village,27.0712122,45.0308769
642,Poșta,posta,village,27.0141221,45.0672996
642,Bărăști,barasti,village,26.3829386,45.2270631
642,Buda Crăciunești,buda craciunesti,village,26.3830846,45.1808208
642,Scărișoara,scarisoara,village,26.3920528,45.221451
642,Cochirleanca,cochirleanca,village,27.039982,45.2093719
642,Roșioru,rosioru,village,27.080269,45.2115463
642,Târlele,tarlele,village,27.02029,45.1797404
642,Aluniș,alunis,village,26.416322,45.4086005
642,Colții de Jos,coltii de jos,village,26.3867474,45.3931839
642,Muscelu Cărămănești,muscelu caramanesti,village,26.4322649,45.3839233
642,Budișteni,budisteni,village,26.7857023,45.0436425
642,Gomoești,gomoesti,village,26.799742,45.0667854
642,Groșani,grosani,village,26.7536719,45.0679208
642,Pietrosu,pietrosu,village,26.7566345,45.0599189
642,Cozieni,cozieni,village,26.4906295,45.3309668
642,Anini,anini,village,26.4745645,45.35234
642,Bălănești,balanesti,village,26.4854676,45.3408989
642,Bercești,bercesti,village,26.473133,45.3491199
642,Ciocănești,ciocanesti,village,26.5135051,45.3226575
642,Cocârceni,cocarceni,village,26.4742227,45.3579661
642,Colțeni,colteni,village,26.533498,45.3246447
642,Fața lui Nan,fata lui nan,village,26.4844329,45.3596618
642,Glodurile,glodurile,village,26.5402896,45.3336059
642,Izvoru,izvoru,village,26.5192034,45.3341101
642,Lungești,lungesti,village,26.4954065,45.3190955
642,Nistorești,nistoresti,village,26.4773197,45.313851
642,Pietraru,pietraru,village,26.4817865,45.3071097
642,Punga,punga,village,26.4520567,45.305041
642,Teișu,teisu,village,26.4887222,45.3157271
642,Trestia,trestia,village,26.5169083,45.3288007
642,Tulburea,tulburea,village,26.4758363,45.3361823
642,Valea Banului,valea banului,village,26.5088661,45.3377006
642,Valea Roatei,valea roatei,village,26.4730424,45.3055924
642,Zăpodia,zapodia,village,26.5169339,45.3471535
642,Gălbinași,galbinasi,village,26.9395161,45.0792289
642,Bentu,bentu,village,26.9720426,45.0675377
642,Tăbărăști,tabarasti,village,26.9194348,45.079475
642,Sudiți,suditi,village,26.8100947,45.0229761
642,Sălcioara,salcioara,village,27.1769152,45.3087383
642,Glodeanu Sărat,glodeanu sarat,village,26.6505649,44.8714626
642,Căldărușanca,caldarusanca,village,26.6950793,44.880312
642,Ileana,ileana,village,26.6287062,44.8609624
642,Pitulicea,pitulicea,village,26.6597158,44.8909663
642,Glodeanu-Siliștea,glodeanu-silistea,village,26.8021367,44.8301921
642,Casota,casota,village,26.7147844,44.8518334
642,Cârligu Mare,carligu mare,village,26.7496714,44.8477364
642,Cârligu Mic,carligu mic,village,26.7665584,44.8406402
642,Corbu,corbu,village,26.7075637,44.8557336
642,Cotorca,cotorca,village,26.825445,44.8225836
642,Văcăreasca,vacareasca,village,26.7298666,44.8474473
642,Grebănu,grebanu,village,26.9824751,45.3764509
642,Homești,homesti,village,26.958768,45.3980506
642,Livada,livada,village,26.9476417,45.3818241
642,Livada Mică,livada mica,village,26.9217221,45.3903214
642,Plevna,plevna,village,27.0130976,45.3781536
642,Zăplazi,zaplazi,village,26.9739601,45.4028282
642,Păltiniș,paltinis,village,26.3732712,45.4630132
642,Secuiu,secuiu,hamlet,26.5053679,45.6128321
642,Vadu Oii,vadu oii,hamlet,26.4754361,45.5341854
642,Varlaam,varlaam,village,26.4415445,45.5089008
642,Largu,largu,village,27.1443398,44.9768843
642,Scărlătești,scarlatesti,village,27.1808702,44.9720725
642,Brebu,brebu,village,26.5934801,45.4969786
642,Fundata,fundata,village,26.5340472,45.4750479
642,Luncile,luncile,village,26.5442824,45.496327
642,Pestrițu,pestritu,village,26.5432744,45.4883538
642,Plaiu Nucului,plaiu nucului,village,26.5217336,45.4809654
642,Ploștina,plostina,village,26.5151047,45.5144238
642,Potecu,potecu,village,26.5227446,45.467044
642,Săreni,sareni,village,26.6161796,45.482705
642,Vârteju,varteju,village,26.5711161,45.4607187
642,Ciuta,ciuta,village,26.5224895,45.2615253
642,Căpățânești,capatanesti,village,26.7931131,45.1899254
642,Potoceni,potoceni,village,26.7764886,45.1966037
642,Mărgăritești,margaritesti,village,26.8386631,45.4318306
642,Câmpulungeanca,campulungeanca,village,26.8201302,45.4510994
642,Fântânele,fantanele,village,26.8489777,45.422719
642,Merei,merei,village,26.6779266,45.1291931
642,Ciobănoaia,ciobanoaia,village,26.695961,45.1588669
642,Dealul Viei,dealul viei,village,26.6553115,45.1133524
642,Dobrilești,dobrilesti,village,26.6136024,45.1176499
642,Gura Sărății,gura saratii,village,26.6434468,45.1205706
642,Izvoru Dulce,izvoru dulce,village,26.6321233,45.11153
642,Lipia,lipia,village,26.7356256,45.1394751
642,Nenciulești,nenciulesti,village,26.6295418,45.1258787
642,Ogrăzile,ograzile,village,26.6797937,45.1163863
642,Valea Puțului,valea putului,village,26.6644855,45.1603615
642,Colțăneni,coltaneni,village,26.6675647,44.9251836
642,Mărgineanu,margineanu,village,26.6649563,44.9404485
642,Satu Nou,satu nou,hamlet,26.6808153,44.9200293
642,Mânzălești,manzalesti,village,26.6575332,45.4886918
642,Cireșu,ciresu,village,26.6233616,45.5301636
642,Ghizdita,ghizdita,village,26.6568255,45.4963794
642,Jghiab,jghiab,village,26.6389469,45.5239685
642,Plavățu,plavatu,village,26.6595759,45.5314681
642,Poiana Vâlcului,poiana valcului,village,26.6311305,45.5097295
642,Satu Vechi,satu vechi,village,26.6636318,45.4848486
642,Valea Cotoarei,valea cotoarei,village,26.669879,45.4985382
642,Valea Ursului,valea ursului,hamlet,26.6496627,45.4637848
642,Murgești,murgesti,village,26.8894442,45.392312
642,Batogu,batogu,village,26.8798434,45.4105
642,Valea Ratei,valea ratei,village,26.8972137,45.4155488
642,Năeni,naeni,village,26.4922657,45.0932119
642,Fințești,fintesti,village,26.4643468,45.0881529
642,Fântânele,fantanele,village,26.4997704,45.1070799
642,Proșca,prosca,village,26.4825618,45.0948974
642,Vârf,varf,village,26.5065694,45.1148912
642,Bâsca Rozilei,basca rozilei,village,26.3372741,45.4534923
642,Chirlești,chirlesti,village,26.3238142,45.3702435
642,Curmătura,curmatura,village,26.2967135,45.3809039
642,Lunca Priporului,lunca priporului,village,26.3032207,45.4413453
642,Mlăjet,mlajet,village,26.3337994,45.3765144
642,Nehoiașu,nehoiasu,village,26.3007351,45.4295848
642,Păltineni,paltineni,village,26.321122,45.3955272
642,Stănila,stanila,village,26.3459351,45.4146852
642,Vinețișu,vinetisu,village,26.3355089,45.4692052
642,Odăile,odaile,village,26.5363929,45.396531
642,Capu Satului,capu satului,village,26.5285647,45.3864721
642,Corneanu,corneanu,village,26.5443619,45.3603495
642,Gorâni,gorani,village,26.5466954,45.365962
642,Lacu,lacu,village,26.5296227,45.4034348
642,Piatra Albă,piatra alba,village,26.5393612,45.3801431
642,Posobești,posobesti,village,26.5337052,45.3737762
642,Scoroșești,scorosesti,village,26.569588,45.4043637
642,Valea Fântânei,valea fantanei,village,26.5218581,45.405472
642,Valea Ștefanului,valea stefanului,village,26.5409661,45.3681968
642,Tătulești,tatulesti,hamlet,27.1231454,44.9059571
642,Pardoși,pardosi,village,26.8827343,45.4545741
642,Chiperu,chiperu,village,26.9013324,45.4364879
642,Costomiru,costomiru,village,26.8574833,45.4590489
642,Valea lui Lalu,valea lui lalu,village,26.8661081,45.4592742
642,Valea Șchiopului,valea schiopului,village,26.8885796,45.4394453
642,Pănătău,panatau,village,26.3923928,45.3238601
642,Begu,begu,village,26.3985023,45.3379916
642,Lacu cu Anini,lacu cu anini,village,26.4218192,45.3260981
642,Măguricea,maguricea,village,26.4072461,45.2888283
642,Plăișor,plaisor,village,26.3883801,45.3155164
642,Râpile,rapile,village,26.3797744,45.2651343
642,Sibiciu de Jos,sibiciu de jos,village,26.3772124,45.3181786
642,Tega,tega,village,26.3770304,45.2761494
642,Zaharești,zaharesti,village,26.3758266,45.2979357
642,Calea Chiojdului,calea chiojdului,village,26.2944437,45.3292777
642,Crâng,crang,village,26.3455015,45.324211
642,Fundăturile,fundaturile,village,26.3209736,45.3343093
642,Gornet,gornet,village,26.3848913,45.3472912
642,Lunca,lunca,village,26.3573673,45.2966099
642,Mărunțișu,maruntisu,village,26.3542081,45.2860993
642,Mănăstirea,manastirea,village,26.3307979,45.2995796
642,Mușcel,muscel,village,26.3112188,45.3307682
642,Poienile,poienile,village,26.3553237,45.2661413
642,Stroești,stroesti,village,26.3268547,45.3086677
642,Valea Lupului,valea lupului,village,26.3454632,45.3509962
642,Valea Sibiciului,valea sibiciului,village,26.3796948,45.3631251
642,Valea Viei,valea viei,village,26.3489157,45.3101031
642,Pietroasele,pietroasele,village,26.5774816,45.0945643
642,Câlțești,caltesti,village,26.5938386,45.1165483
642,Clondiru de Sus,clondiru de sus,village,26.5913721,45.0987015
642,Dara,dara,village,26.5958691,45.1059482
642,Pietroasa Mică,pietroasa mica,village,26.577345,45.1101321
642,Șarânga,saranga,village,26.6111294,45.0959712
642,Pârscov,parscov,village,26.5461663,45.2889214
642,Bădila,badila,village,26.5107666,45.2662012
642,Curcănești,curcanesti,village,26.5243013,45.3075467
642,Lunca Frumoasă,lunca frumoasa,village,26.5394983,45.3069855
642,Oleșești,olesesti,village,26.5844808,45.3223128
642,Pârjolești,parjolesti,village,26.526608,45.3204106
642,Runcu,runcu,village,26.5716822,45.3013477
642,Târcov,tarcov,village,26.5778676,45.3392762
642,Tocileni,tocileni,village,26.5269436,45.3021148
642,Trestieni,trestieni,village,26.5708344,45.3261683
642,Valea Purcarului,valea purcarului,village,26.5527254,45.3130337
642,Căldărăști,caldarasti,village,27.0333048,44.8938376
642,Aliceni,aliceni,village,26.8640171,45.2629846
642,Coconari,coconari,village,26.8773715,45.2459957
642,Potârnichești,potarnichesti,village,26.8612058,45.2191377
642,Sudiți,suditi,village,26.8718346,45.2689045
642,Zilișteanca,zilisteanca,village,26.8697025,45.2493483
642,Lunca,lunca,village,27.1810058,45.3760747
642,Nicolești,nicolesti,village,27.2304051,45.3987715
642,Plopi,plopi,village,27.1831632,45.3882337
642,Racovițeni,racoviteni,village,26.8940034,45.3553685
642,Budrea,budrea,village,26.9077061,45.364185
642,Petrișoru,petrisoru,village,26.8958601,45.3312061
642,Râmnicelu,ramnicelu,village,27.1066641,45.364083
642,Sergent Ionel Ștefan,sergent ionel stefan,village,27.2195857,44.9232066
642,Săgeata,sageata,village,26.9855669,45.1000009
642,Beilic,beilic,village,27.0137007,45.0841342
642,Bordușani,bordusani,village,26.9685893,45.108572
642,Movilița,movilita,hamlet,27.0804243,45.0990727
642,Săhăteni,sahateni,village,26.5217132,45.0360524
642,Găgeni,gageni,village,26.5859151,45.0148173
642,Istrița de Jos,istrita de jos,village,26.5665679,45.0537173
642,Mătești,matesti,village,26.7560674,45.2133931
642,Sărulești,sarulesti,village,26.7661278,45.4843746
642,Cărătnău de Jos,caratnau de jos,village,26.7563078,45.4637686
642,Cărătnău de Sus,caratnau de sus,village,26.7900202,45.4615533
642,Goicelu,goicelu,village,26.7987568,45.4843942
642,Sările-Cătun,sarile-catun,village,26.7764594,45.502791
642,Valea Largă-Sărulești,valea larga-sarulesti,village,26.7788341,45.5098823
642,Valea Stânei,valea stanei,village,26.7825515,45.4741006
642,Balta Tocila,balta tocila,village,26.6975616,45.4047559
642,Deleni,deleni,village,26.7142009,45.4132727
642,Dâlma,dalma,village,26.5967961,45.362818
642,Golu Grabicina,golu grabicina,village,26.6924965,45.4223016
642,Grabicina de Jos,grabicina de jos,village,26.662253,45.4037118
642,Grabicina de Sus,grabicina de sus,village,26.6658116,45.4312599
642,Plopeasa,plopeasa,village,26.6153289,45.3496969
642,Policiori,policiori,village,26.6676676,45.3450212
642,Arcanu,arcanu,village,26.9884751,44.8366749
642,Brăgăreasa,bragareasa,village,26.9328917,44.8240295
642,Lipănescu,lipanescu,village,26.9053219,44.848644
642,Lunca Jariștei,lunca jaristei,village,26.2598062,45.4777908
642,Colțu Pietrii,coltu pietrii,village,26.2808263,45.4680793
642,Cașoca,casoca,village,26.263255,45.4867738
642,Gura Siriului,gura siriului,village,26.2090177,45.5192566
642,Mușcelușa,muscelusa,village,26.2724873,45.47603
642,Bălaia,balaia,village,26.8304809,45.0132154
642,Moisica,moisica,village,26.8924729,44.9969033
642,Udați-Lucieni,udati-lucieni,village,26.9717114,44.9712836
642,Udați-Mânzu,udati-manzu,village,26.9528947,44.9857507
642,Stâlpu,stalpu,village,26.7083861,45.0851857
642,Bărbuncești,barbuncesti,village,26.6003772,45.2258586
642,Grăjdana,grajdana,village,26.6307835,45.2089871
642,Haleș,hales,village,26.5614514,45.1884072
642,Izvoranu,izvoranu,village,26.5828559,45.2333357
642,Leiculești,leiculesti,village,26.5812148,45.1822173
642,Pădurenii,padurenii,village,26.5432995,45.1842362
642,Salcia,salcia,village,26.6065048,45.1917677
642,Tisău,tisau,village,26.5220308,45.1715236
642,Valea Sălciilor,valea salciilor,village,26.609959,45.1981129
642,Topliceni,topliceni,village,27.0133751,45.4002373
642,Ceairu,ceairu,village,26.9358502,45.4814586
642,Dedulești,dedulesti,village,26.9673743,45.4700264
642,Gura Făgetului,gura fagetului,village,26.94485,45.4830782
642,Poșta,posta,village,27.0263306,45.3828616
642,Răducești,raducesti,village,27.0052961,45.425268
642,Țintești,tintesti,village,26.8805795,45.0754733
642,Odaia Banului,odaia banului,village,26.8313355,45.0776663
642,Pogonele,pogonele,village,26.8645392,45.0864496
642,Ulmeni,ulmeni,village,26.6386822,45.0816585
642,Băltăreți,baltareti,village,26.6224839,45.0610667
642,Clondiru,clondiru,village,26.6157176,45.0535579
642,Sărata,sarata,village,26.6055831,45.0603479
642,Vâlcele,valcele,village,26.6356364,45.0878526
642,Vadu Pașii,vadu pasii,village,26.8846178,45.1590864
642,Băjani,bajani,village,26.8730796,45.1666964
642,Focșănei,focsanei,village,26.8583444,45.1798664
642,Gura Câlnăului,gura calnaului,village,26.8479246,45.1747312
642,Scurtești,scurtesti,village,26.9049355,45.1369836
642,Stăncești,stancesti,village,26.9231904,45.1266488
642,Oreavul,oreavul,village,27.0230113,45.3682563
642,Rubla,rubla,village,27.0752528,45.353002
642,Modreni,modreni,village,26.8371619,45.4969421
642,Valea Salciei-Cătun,valea salciei-catun,village,26.826113,45.4713661
642,Brădeanca,bradeanca,village,26.7430433,45.1941013
642,Nenciu,nenciu,village,26.6678962,45.1783254
642,Săsenii Noi,sasenii noi,village,26.6987109,45.2056711
642,Săsenii pe Vale,sasenii pe vale,village,26.680812,45.1916684
642,Săsenii Vechi,sasenii vechi,village,26.680683,45.2158905
642,Zorești,zoresti,village,26.7016604,45.1745214
642,Bodinești,bodinesti,village,26.7223187,45.4658155
642,Coca-Antimirești,coca-antimiresti,village,26.700466,45.4557317
642,Coca-Niculești,coca-niculesti,village,26.6894328,45.4400603
642,Petrăchești,petrachesti,village,26.7459223,45.418334
642,Sârbești,sarbesti,village,26.703154,45.4768497
642,Smeești,smeesti,village,26.7349926,45.4974907
642,Muscel,muscel,village,26.4278455,45.2886358
642,Pălici,palici,village,26.4695756,45.2475645
642,Rușavăț,rusavat,village,26.4233075,45.247631
642,Tronari,tronari,village,26.437904,45.218593
642,Ursoaia,ursoaia,village,26.4488098,45.2472379
642,Vâlcelele,valcelele,village,27.3485386,45.3446106
642,Fundeni,fundeni,village,26.8802817,45.2914112
642,Comisoaia,comisoaia,locality,26.9320682,45.3094553
642,Pruneni,pruneni,village,26.8432542,45.3329796
642,Vadu Sorești,vadu soresti,village,26.8774819,45.3150039
642,Zărnești,zarnesti,village,26.870929,45.2977942
642,Costieni,costieni,village,27.0415479,45.2784355
642,Cuculeasa,cuculeasa,village,27.0073874,45.2815203
642,Heliade Rădulescu,heliade radulescu,village,27.1205746,45.2915143
642,Lanurile,lanurile,village,27.0877286,45.2695212
642,Zoița,zoita,village,27.0229562,45.2867506
642,Ojasca,ojasca,village,26.6497196,45.2794793
642,Ulm,ulm,village,22.7508379,45.7875783
642,Groș,gros,village,22.8062724,45.7740976
642,Radu Negru,radu negru,village,27.3553689,44.2876283
642,Stoenești,stoenesti,locality,27.3638653,44.2681284
642,Tonea,tonea,village,27.4086108,44.2053974
642,Dichiseni,dichiseni,village,27.5369459,44.2309356
642,Coslogeni,coslogeni,village,27.5000242,44.2253646
642,Libertatea,libertatea,hamlet,27.4992786,44.2691544
642,Satnoeni,satnoeni,village,27.5515946,44.2334548
642,Dor Mărunt,dor marunt,village,26.9338104,44.4440868
642,Dâlga,dalga,village,27.07164,44.4418631
642,Dâlga-Gară,dalga-gara,village,27.0545213,44.4356472
642,Înfrățirea,infratirea,village,26.9899107,44.4086863
642,Ogoru,ogoru,village,26.9043076,44.4554466
642,Pelinu,pelinu,village,27.0131225,44.462884
642,Boșneagu,bosneagu,village,26.930198,44.2372627
642,Constantin Brâncoveanu,constantin brancoveanu,village,27.4120242,44.4770442
642,Drajna Nouă,drajna noua,village,27.379574,44.4227685
642,Bogdana,bogdana,village,27.1379105,44.4298141
642,Socoalele,socoalele,village,27.1603843,44.4785773
642,Vișinii,visinii,village,27.1860196,44.2968969
642,Gâldău,galdau,village,27.6697237,44.3054396
642,Iezeru,iezeru,village,27.625092,44.2864301
642,Săpunari,sapunari,village,26.8366517,44.5014122
642,Buzoeni,buzoeni,village,26.8107781,44.4140155
642,Valea Seacă,valea seaca,village,26.9012333,44.4087496
642,Valea Rusului,valea rusului,village,27.0072049,44.3738517
642,Palazu Mare,palazu mare,village,28.601141,44.2290175
642,Mamaia-Sat,mamaia-sat,village,28.6181498,44.2914414
642,Limanu,limanu,village,28.5282696,43.7991051
642,Hagieni,hagieni,village,28.4801328,43.7840821
642,2 Mai,2 mai,village,28.5751234,43.7865042
642,Poiana,poiana,village,28.4994848,44.2220074
642,Schitu,schitu,suburb,28.6255365,43.9412245
642,Remus Opreanu,remus opreanu,village,28.2118442,44.2409092
642,Abrud,abrud,village,27.9810958,44.1459419
642,Hațeg,hateg,hamlet,27.9629335,44.1614926
642,Zorile,zorile,village,27.9348835,44.0754012
642,Coroana,coroana,village,28.3875998,43.7613238
642,Vârtop,vartop,village,28.3847282,43.8187244
642,Dunăreni,dunareni,village,27.7905753,44.2046339
642,Făurei,faurei,village,27.6980612,44.040916
642,Tudor Vladimirescu,tudor vladimirescu,village,27.7032664,43.9994275
642,Nisipari,nisipari,village,28.398399,44.2596416
642,Cerchezu,cerchezu,village,28.0975135,43.8240928
642,Căscioarele,cascioarele,village,28.1025303,43.8585499
642,Măgura,magura,village,28.0474904,43.845305
642,Viroaga,viroaga,village,28.088552,43.8716564
642,Credința,credinta,village,28.2404469,43.9786146
642,Plopeni,plopeni,village,28.1945155,43.9508884
642,Ciobanu,ciobanu,village,27.9864597,44.7167405
642,Conacu,conacu,village,28.1739226,43.9891842
642,Curcani,curcani,hamlet,28.0969594,43.9987282
642,Negrești,negresti,village,28.1333646,43.999839
642,Fântânele,fantanele,village,28.5765461,44.6127836
642,Râmnicu de Jos,ramnicu de jos,village,28.4553598,44.6291954
642,Râmnicu de Sus,ramnicu de sus,village,28.4652263,44.6512675
642,Casicea,casicea,village,28.2664098,43.9665885
642,General Scărișoreanu,general scarisoreanu,village,28.3033449,43.9547056
642,Luminița,luminita,village,28.6343966,44.3657821
642,Priseaca,priseaca,village,25.4030514,44.9237671
642,Răzvad,razvad,village,25.5337507,44.9369053
642,Gorgota,gorgota,village,25.5082507,44.9758425
642,Valea Voievozilor,valea voievozilor,village,25.4809831,44.9352397
642,Ulmi,ulmi,village,25.5017515,44.8960858
642,Colanu,colanu,village,25.4607416,44.8933713
642,Dimoiu,dimoiu,village,25.5484472,44.9041955
642,Dumbrava,dumbrava,village,25.4373066,44.890388
642,Udrești,udresti,village,25.4752902,44.8864696
642,Berevoești,berevoesti,village,25.4233662,45.117335
642,Costești,costesti,village,25.3902666,45.145101
642,Moțăieni,motaieni,village,25.4192402,45.0967276
642,Cucuteni,cucuteni,village,25.3985456,45.1145991
642,Gura Foii,gura foii,village,25.2937066,44.7545044
642,Bumbuia,bumbuia,village,25.3215088,44.7890167
642,Catanele,catanele,village,25.309862,44.7509249
642,Făgetu,fagetu,village,25.3253901,44.7506836
642,Petrești,petresti,village,25.3388239,44.6483844
642,Coada Izvorului,coada izvorului,village,25.3631079,44.6377923
642,Greci,greci,village,25.3412875,44.6615871
642,Ionești,ionesti,village,25.2774742,44.694156
642,Potlogeni-Deal,potlogeni-deal,village,25.2595352,44.7042724
642,Puntea de Greci,puntea de greci,village,25.3091869,44.6476817
642,Iedera de Jos,iedera de jos,village,25.6363497,45.02725
642,Colibași,colibasi,village,25.6240574,45.0324447
642,Cricovu Dulce,cricovu dulce,village,25.6292982,45.0219341
642,Iedera de Sus,iedera de sus,village,25.6308373,45.0417432
642,Diaconești,diaconesti,village,25.4534966,45.0928457
642,Malurile,malurile,village,25.477116,45.0591538
642,Pucioasa-Sat,pucioasa-sat,village,25.4238655,45.0612023
642,Toculești,toculesti,village,25.3881665,45.0285783
642,Lăculețe-Gară,laculete-gara,village,25.4092041,45.0169349
642,Gura Vulcănii,gura vulcanii,village,25.3962448,45.0303962
642,Vulcana-Pandele,vulcana-pandele,village,25.3931854,45.0155842
642,Hagioaica,hagioaica,village,25.5410312,44.668205
642,Mereni,mereni,neighbourhood,25.5777578,44.6581701
642,Braniștea,branistea,village,25.5772922,44.6796114
642,Săvești,savesti,village,25.6197378,44.6892206
642,Băleni-Români,baleni-romani,village,25.6536866,44.8192801
642,Băleni-Sârbi,baleni-sarbi,village,25.6445544,44.8263034
642,Gura Bărbulețului,gura barbuletului,village,25.3017256,45.1145445
642,Aluniș,alunis,village,25.3073868,45.0877506
642,Bărbulețu,barbuletu,village,25.2985673,45.1423167
642,Cetățuia,cetatuia,village,25.2974276,45.164302
642,După Deal,dupa deal,village,25.2918746,45.1146905
642,Pietrari,pietrari,village,25.2929298,45.0939014
642,Râu Alb de Jos,rau alb de jos,village,25.3474459,45.1365286
642,Râu Alb de Sus,rau alb de sus,village,25.3268323,45.1604752
642,Șipot,sipot,village,25.3112593,45.0996358
642,Valea,valea,village,25.261635,45.1085621
642,Măgura,magura,village,25.472121,45.1272609
642,Valea Morii,valea morii,village,25.4852713,45.1211413
642,Bilciurești,bilciuresti,village,25.8130467,44.7399655
642,Suseni Socetu,suseni socetu,village,25.7977687,44.7562564
642,Buciumeni,buciumeni,village,25.45565,45.1532585
642,Dealu Mare,dealu mare,village,25.4483286,45.1605637
642,Valea Leurzii,valea leurzii,village,25.4847681,45.1617359
642,Bucșani,bucsani,village,25.6473653,44.8673575
642,Hăbeni,habeni,village,25.6267459,44.8557669
642,Racovița,racovita,village,25.6199954,44.8400224
642,Rățoaia,ratoaia,village,25.6839081,44.8475462
642,Cândești-Vale,candesti-vale,village,25.214426,45.0858855
642,Aninoșani,aninosani,village,25.2295871,45.0690038
642,Cândești Deal,candesti deal,village,25.1844319,45.0578444
642,Dragodănești,dragodanesti,village,25.2352217,45.0555074
642,Valea Mare,valea mare,village,25.1568081,45.0639648
642,Gherghițești,gherghitesti,village,25.3387348,44.7889502
642,Blidari,blidari,village,25.325577,44.8169755
642,Călugăreni,calugareni,village,25.3394649,44.7986559
642,Căpșuna,capsuna,village,25.3395038,44.8221634
642,Cobiuța,cobiuta,village,25.3297448,44.8067146
642,Crăciunești,craciunesti,village,25.3440294,44.811386
642,Frasin Deal,frasin deal,village,25.3217633,44.8268412
642,Frasin Vale,frasin vale,village,25.335585,44.8307058
642,Mislea,mislea,village,25.3346492,44.8396735
642,Mănăstirea,manastirea,village,25.3344013,44.7777723
642,Cojasca,cojasca,village,25.8524722,44.7242712
642,Fântânele,fantanele,village,25.8811991,44.712606
642,Iazu,iazu,village,25.830867,44.7176622
642,Comișani,comisani,village,25.587844,44.8708549
642,Lazuri,lazuri,village,25.5494075,44.8784203
642,Conțești,contesti,village,25.637261,44.6838523
642,Bălteni,balteni,village,25.6933948,44.6648839
642,Boteni,boteni,village,25.6292435,44.6649538
642,Călugăreni,calugareni,village,25.7016593,44.6910676
642,Crângași,crangasi,village,25.6266161,44.7022347
642,Gămănești,gamanesti,village,25.6971393,44.6529097
642,Heleșteu,helesteu,village,25.6809467,44.6717928
642,Mereni,mereni,village,25.7134014,44.6959065
642,Bărăceni,baraceni,village,25.4578537,44.5452844
642,Grozăvești,grozavesti,village,25.4535969,44.5688235
642,Moara din Groapă,moara din groapa,village,25.4746145,44.534525
642,Petrești,petresti,village,25.4475555,44.5576969
642,Podu Corbencii,podu corbencii,village,25.5284443,44.5567642
642,Satu Nou,satu nou,village,25.4791279,44.5963393
642,Ungureni,ungureni,village,25.5000579,44.5780408
642,Vadu Stanchii,vadu stanchii,village,25.4868597,44.5279007
642,Cornățelu,cornatelu,village,25.6717386,44.7504608
642,Alunișu,alunisu,village,25.7273246,44.7223918
642,Bolovani,bolovani,village,25.6343221,44.7251953
642,Corni,corni,village,25.6861308,44.7314286
642,Slobozia,slobozia,village,25.7076213,44.7240072
642,Cristeasca,cristeasca,village,25.9036797,44.7952583
642,Crivățu,crivatu,village,25.9268835,44.7560076
642,Frasinu,frasinu,village,25.8605428,44.7929974
642,Ibrianu,ibrianu,village,25.844456,44.7743599
642,Postârnacu,postarnacu,village,25.8741502,44.8052474
642,Ungureni,ungureni,village,25.8982743,44.7847241
642,Mărunțișu,maruntisu,village,25.5071832,44.6262346
642,Bădulești,badulesti,village,25.270044,44.7605777
642,Crângurile de Jos,crangurile de jos,village,25.2571564,44.7473554
642,Crângurile de Sus,crangurile de sus,village,25.2452742,44.7669237
642,Pătroaia Deal,patroaia deal,village,25.2060314,44.7189048
642,Pătroaia Vale,patroaia vale,village,25.230155,44.7260153
642,Potlogeni Vale,potlogeni vale,village,25.2567808,44.7213501
642,Rățești,ratesti,village,25.2550374,44.7568795
642,Voia,voia,village,25.2037506,44.7426797
642,Mărginenii de Sus,marginenii de sus,village,25.7522782,44.9317244
642,Dobra,dobra,village,25.7182519,44.7858582
642,Mărcești,marcesti,village,25.7090073,44.8057827
642,Dragodana,dragodana,village,25.3652472,44.732508
642,Boboci,boboci,village,25.3954447,44.7984315
642,Burduca,burduca,village,25.4052938,44.7423917
642,Cuparu,cuparu,village,25.4007472,44.722983
642,Pădureni,padureni,village,25.3815418,44.8024291
642,Picior de Munte,picior de munte,village,25.3906881,44.7826525
642,Străoști,straosti,village,25.3508081,44.7312038
642,Finta Mare,finta mare,village,25.7935407,44.7914687
642,Bechinești,bechinesti,village,25.8187611,44.7904414
642,Finta Veche,finta veche,village,25.834506,44.7918594
642,Gheboaia,gheboaia,village,25.748552,44.8018776
642,Gușoiu,gusoiu,village,25.4572038,45.0117294
642,Livezile,livezile,village,25.466538,45.014748
642,Malu Mierii,malu mierii,suburb,25.4760335,45.0196326
642,Schela,schela,village,25.4756182,45.0303607
642,Gura Ocniței,gura ocnitei,village,25.5653931,44.9417111
642,Adânca,adanca,village,25.6101326,44.9220269
642,Ochiuri,ochiuri,village,25.5425845,44.9623674
642,Săcueni,sacueni,village,25.5722322,44.9107735
642,Gura Șuții,gura sutii,village,25.4992686,44.7571048
642,Speriețeni,sperieteni,village,25.451847,44.7665781
642,Hulubești,hulubesti,village,25.2513697,44.8462252
642,Butoiu de Jos,butoiu de jos,village,25.2675876,44.8380521
642,Măgura,magura,village,25.2353046,44.834254
642,Valea Dadei,valea dadei,village,25.2740704,44.8262702
642,Ghirdoveni,ghirdoveni,village,25.6732727,44.9403315
642,Ion Luca Caragiale,ion luca caragiale,village,25.7018747,44.9091976
642,Mija,mija,village,25.6747746,44.9136926
642,Lucieni,lucieni,village,25.4418641,44.8477651
642,Olteni,olteni,village,25.3976597,44.847166
642,Raciu,raciu,village,25.4410647,44.8179068
642,Siliștea,silistea,village,25.4527758,44.8018665
642,Șuța Seacă,suta seaca,village,25.4094363,44.8296716
642,Scheiu de Jos,scheiu de jos,village,25.1998611,44.9345977
642,Scheiu de Sus,scheiu de sus,village,25.1931676,44.9560197
642,Lungulețu,lunguletu,village,25.6633714,44.6052743
642,Oreasca,oreasca,village,25.6341665,44.6093551
642,Serdanu,serdanu,village,25.631239,44.6273232
642,Malu cu Flori,malu cu flori,village,25.2140893,45.1476623
642,Capu Coastei,capu coastei,village,25.2088235,45.1313005
642,Copăceni,copaceni,village,25.2437469,45.1707909
642,Micloșanii Mari,miclosanii mari,village,25.2293094,45.1621273
642,Micloșanii Mici,miclosanii mici,village,25.2514989,45.1518014
642,Mănești,manesti,village,25.2872551,44.9654303
642,Drăgăești Ungureni,dragaesti ungureni,village,25.3104819,44.9455709
642,Tețcoiu,tetcoiu,village,25.4384557,44.6818848
642,Crețulești,cretulesti,village,25.4349921,44.6942638
642,Mătăsaru,matasaru,village,25.429538,44.7089904
642,Odaia Turcului,odaia turcului,village,25.4504555,44.6977989
642,Puțu cu Salcie,putu cu salcie,village,25.4564912,44.652661
642,Sălcioara,salcioara,village,25.4471206,44.6320126
642,Mogoșani,mogosani,village,25.4051534,44.6818922
642,Chirca,chirca,village,25.3849974,44.6841046
642,Cojocaru,cojocaru,village,25.3811743,44.6944118
642,Merii,merii,village,25.3621632,44.6941447
642,Zăvoiu,zavoiu,village,25.4035011,44.6603796
642,Moroeni,moroeni,village,25.4370789,45.2143769
642,Dobrești,dobresti,village,25.4066991,45.2940035
642,Lunca,lunca,village,25.4435121,45.2002178
642,Mușcel,muscel,village,25.4963846,45.227079
642,Morteni,morteni,village,25.2374543,44.6650989
642,Neajlovu,neajlovu,village,25.2663515,44.6592836
642,Nucet,nucet,village,25.5465359,44.7807334
642,Cazaci,cazaci,village,25.5537129,44.8015407
642,Ilfoveni,ilfoveni,village,25.5599786,44.8281794
642,Ocnița,ocnita,village,25.554571,44.988747
642,Odobești,odobesti,village,25.5591946,44.6148964
642,Brâncoveanu,brancoveanu,village,25.535486,44.6075954
642,Crovu,crovu,village,25.5371101,44.5899355
642,Miulești,miulesti,village,25.5146567,44.6000374
642,Zidurile,zidurile,village,25.5549536,44.5814284
642,Pietroșița,pietrosita,village,25.443109,45.1895346
642,Dealul Frumos,dealul frumos,village,25.4128896,45.1857748
642,Bârsești,barsesti,village,23.2354318,45.0534912
642,Drăgoeni,dragoeni,village,23.3361182,45.0422756
642,Iezureni,iezureni,village,23.3298003,45.0956045
642,Polata,polata,village,23.244915,45.0730588
642,Preajba Mare,preajba mare,village,23.3485888,45.0633874
642,Românești,romanesti,village,23.2648749,45.011135
642,Slobozia,slobozia,village,23.231289,45.0292197
642,Ursați,ursati,village,23.2322528,45.0778844
642,Bălești,balesti,village,23.2097308,45.0190896
642,Ceauru,ceauru,village,23.2010296,45.0119597
642,Slobozia,slobozia,village,25.9101232,43.8562443
642,Alexandrița,alexandrita,village,25.3156218,46.2345017
642,Mărculești-Gară,marculesti-gara,village,27.4963695,44.4251079
642,Ștefan Vodă,stefan voda,village,27.3252633,44.3301642
642,Ulmu,ulmu,village,26.92105,44.2648658
642,Chirnogi,chirnogi,village,26.9177192,44.2724833
642,Făurei,faurei,village,26.8979351,44.2934488
642,Zimbru,zimbru,village,26.9358546,44.318194
642,Mitreni,mitreni,village,26.6089334,44.1694636
642,Clătești,clatesti,village,26.6001202,44.1431645
642,Valea Roșie,valea rosie,village,26.634441,44.1775232
642,Belciugatele,belciugatele,village,26.4327352,44.4859126
642,Cândeasca,candeasca,village,26.4440033,44.4870071
642,Cojești,cojesti,village,26.402406,44.4959504
642,Mataraua,mataraua,village,26.4605883,44.5518171
642,Măriuța,mariuta,village,26.4848938,44.5343083
642,Aprozi,aprozi,village,26.5020335,44.2659759
642,Curcani,curcani,village,26.5881555,44.1985063
642,Sălcioara,salcioara,village,26.5642366,44.2050292
642,Frăsinet,frasinet,village,26.8155685,44.3211983
642,Dănești,danesti,village,26.8311461,44.3355344
642,Pădurișu,padurisu,village,26.3039617,44.3160639
642,Pițigaia,pitigaia,village,26.3398824,44.3571524
642,Postăvari,postavari,village,26.2756445,44.3302614
642,Gurbănești,gurbanesti,village,26.6923027,44.379553
642,Codreni,codreni,hamlet,26.6517381,44.3908844
642,Coțofanca,cotofanca,village,26.7023669,44.3813638
642,Preasna,preasna,village,26.6695781,44.3867693
642,Valea Presnei,valea presnei,village,26.7197645,44.3514514
642,Arțari,artari,village,26.668222,44.5661173
642,Podari,podari,village,26.6440967,44.4884563
642,Răsurile,rasurile,hamlet,26.763202,44.5449701
642,Răzoarele,razoarele,village,26.6769908,44.5234326
642,Satu Nou,satu nou,village,26.7455133,44.5198542
642,Vlăiculești,vlaiculesti,village,26.666753,44.5857972
642,Luica,luica,village,26.5854557,44.2299888
642,Valea Stânii,valea stanii,village,26.6160814,44.2514391
642,Nana,nana,village,26.5911714,44.2670581
642,Nicolae Bălcescu,nicolae balcescu,village,26.7488275,44.449453
642,Fântâna Doamnei,fantana doamnei,village,26.7341368,44.4261866
642,Paicu,paicu,village,26.7912404,44.4587506
642,Plătărești,plataresti,village,26.3638533,44.3550307
642,Cucuieți,cucuieti,village,26.394016,44.3310174
642,Dorobanțu,dorobantu,village,26.3940645,44.3556666
642,Podu Pitarului,podu pitarului,village,26.3765325,44.3397035
642,Sărulești,sarulesti,village,26.6471421,44.4145131
642,Măgureni,magureni,village,26.6195614,44.4130786
642,Polcești,polcesti,village,26.6067152,44.4378819
642,Săndulița,sandulita,village,26.6268139,44.4217112
642,Sărulești-Gară,sarulesti-gara,village,26.660603,44.4437561
642,Sătucu,satucu,hamlet,26.5853282,44.3839743
642,Solacolu,solacolu,village,26.557351,44.3792836
642,Negoești,negoesti,village,26.5013178,44.2305567
642,Călăreți,calareti,village,26.6062992,44.4846348
642,Dârvari,darvari,village,26.5373638,44.4738115
642,Săcele,sacele,village,26.5906207,44.4370056
642,Șeinoiu,seinoiu,village,26.5787493,44.4408134
642,Valea Argovei,valea argovei,village,26.7898866,44.3539417
642,Lunca,lunca,hamlet,26.7730784,44.3417465
642,Ostrovu,ostrovu,village,26.7881363,44.3308657
642,Siliștea,silistea,village,26.758472,44.3649882
642,Vlădiceasca,vladiceasca,village,26.7978005,44.3482513
642,Gălbinași,galbinasi,village,26.4171017,44.3181665
642,Stejărișu,stejarisu,village,24.6766727,46.0384874
642,Iacobeni,iacobeni,village,24.7160322,46.0509836
642,Țicleni,ticleni,town,23.3941438,44.8836766
642,Marpod,marpod,village,24.4964523,45.8714271
642,Ilimbav,ilimbav,village,24.5245669,45.8706981
642,Buzd,buzd,village,24.4073244,46.1410835
642,Moșna,mosna,village,24.3957427,46.0924327
642,Cincșor,cincsor,village,24.8341414,45.8363928
642,Pișcolt,piscolt,village,22.2995982,47.5800207
642,Holda,holda,village,25.6804144,47.2593326
642,Prislop,prislop,village,24.0769534,45.6903114
642,Bungard,bungard,village,24.2228323,45.7758725
642,Ighișu Nou,ighisu nou,village,24.3492003,46.1112095
642,Colonia Târnava,colonia tarnava,village,24.3057258,46.1353285
642,Coveș,coves,village,24.5725949,45.980546
642,Ruja,ruja,village,24.648818,46.0104051
642,Cisnădioara,cisnadioara,village,24.1119425,45.7050543
642,Ernea,ernea,village,24.5309234,46.234516
642,Topârcea,toparcea,village,23.9546128,45.8864742
642,Benești,benesti,village,24.5012149,45.9549788
642,Ghijasa de Sus,ghijasa de sus,village,24.4181266,45.9774646
642,Apoldu de Jos,apoldu de jos,village,23.8462731,45.8794675
642,Sângătin,sangatin,village,23.8536532,45.912095
642,Ațel,atel,village,24.4678798,46.1574914
642,Alma,alma,village,24.4792602,46.2134254
642,Dupuș,dupus,village,24.4980641,46.1518147
642,Giacăș,giacas,village,24.4785948,46.2429548
642,Șmig,smig,village,24.4453932,46.2252523
642,Glâmboaca,glamboaca,village,24.4621524,45.7812623
642,Mârșa,marsa,village,24.3696261,45.7001327
642,Axente Sever,axente sever,village,24.2161435,46.0935391
642,Șoala,soala,village,24.2654304,46.0586878
642,Bazna,bazna,village,24.2834268,46.2006511
642,Boian,boian,village,24.2286206,46.2015908
642,Velț,velt,village,24.2810836,46.2392675
642,Copșa Mare,copsa mare,village,24.5507279,46.1337481
642,Richiș,richis,village,24.4818281,46.0978759
642,Apoș,apos,village,24.5535109,46.0298129
642,Pelișor,pelisor,village,24.5152385,46.0463242
642,Vecerd,vecerd,village,24.4557441,45.9840481
642,Blăjel,blajel,village,24.3261231,46.2083629
642,Păucea,paucea,village,24.3587349,46.2184559
642,Romanești,romanesti,village,24.3407924,46.2478244
642,Retiș,retis,village,24.8511979,46.0433674
642,Țeline,teline,village,24.9045046,46.0753731
642,Gherdeal,gherdeal,village,24.7346322,45.8586578
642,Șomartin,somartin,village,24.670446,45.8549184
642,Chirpăr,chirpar,village,24.5967488,45.8941496
642,Săsăuș,sasaus,village,24.603232,45.8490247
642,Vărd,vard,village,24.6022979,45.9460343
642,Dârlos,darlos,village,24.4142249,46.1898316
642,Curciu,curciu,village,24.4072523,46.2443092
642,Valea Lungă,valea lunga,village,24.3706392,46.1897082
642,Gura Râului,gura raului,village,23.9841713,45.7301191
642,Prod,prod,village,24.6513793,46.2593527
642,Valchid,valchid,village,24.5830999,46.1698112
642,Movile,movile,village,24.7918124,46.0225164
642,Netuș,netus,village,24.7866045,46.058599
642,Noiștat,noistat,village,24.7965787,46.0519698
642,Florești,floresti,village,24.6630471,46.160176
642,Mălâncrav,malancrav,village,24.6484435,46.1111535
642,Nou Săsesc,nou sasesc,village,24.6053691,46.1108714
642,Roandola,roandola,village,24.614711,46.1622931
642,Armeni,armeni,village,23.9752656,45.9661582
642,Hașag,hasag,village,24.0827686,45.9776098
642,Sădinca,sadinca,village,24.040824,45.9825481
642,Dobârca,dobarca,village,23.7715138,45.8484327
642,Chesler,chesler,village,24.1883424,46.1433349
642,Văleni,valeni,village,24.1313198,46.1248649
642,Moardăș,moardas,village,24.3553277,46.008572
642,Șalcău,salcau,village,24.3467831,45.9720995
642,Nemșa,nemsa,village,24.4444799,46.0859704
642,Fofeldea,fofeldea,village,24.4992786,45.8351974
642,Ghijasa de Jos,ghijasa de jos,village,24.3926601,45.9201037
642,Țichindeal,tichindeal,village,24.3907685,45.8691314
642,Păuca,pauca,village,23.8895447,46.0102716
642,Bogatu Român,bogatu roman,village,23.9351803,45.9909814
642,Broșteni,brosteni,village,23.9554231,46.0299786
642,Presaca,presaca,village,23.8892872,45.975488
642,Sărata,sarata,village,24.5051945,45.7407073
642,Racovița,racovita,village,24.3441024,45.6794152
642,Sebeșu de Sus,sebesu de sus,village,24.3539632,45.6532431
642,Râu Sadului,rau sadului,village,24.0605369,45.6236062
642,Roșia,rosia,village,24.314555,45.8169625
642,Cașolț,casolt,village,24.2811741,45.7789201
642,Cornățel,cornatel,village,24.3553341,45.8003439
642,Daia,daia,village,24.2850834,45.801242
642,Nou,nou,village,24.2830582,45.8299398
642,Aciliu,aciliu,village,23.8756026,45.8306599
642,Galeș,gales,village,23.8635805,45.7985962
642,Fântânele,fantanele,village,23.9248502,45.7563363
642,Vale,vale,village,23.8953428,45.7817594
642,Albi,albi,village,24.2466657,45.9359362
642,Pădureni,padureni,village,24.2196607,45.9290334
642,Buia,buia,village,24.2755249,45.9732704
642,Mighindoala,mighindoala,village,24.2776602,46.0003539
642,Petiș,petis,village,24.2847242,46.0167174
642,Ștenea,stenea,village,24.2393145,45.9755811
642,Șeica Mică,seica mica,village,24.1302597,46.0548065
642,Soroștin,sorostin,village,24.0610757,46.029242
642,Hamba,hamba,village,24.1970593,45.8631907
642,Șura Mică,sura mica,village,24.0571005,45.8320599
642,Rusciori,rusciori,village,24.0280223,45.8148761
642,Boița,boita,village,24.2602455,45.6346286
642,Colonia Tălmaciu,colonia talmaciu,village,24.2522705,45.6889698
642,Lazaret,lazaret,village,24.2604607,45.561201
642,Lotrioara,lotrioara,village,24.222007,45.5748139
642,Paltin,paltin,village,24.2410726,45.5456218
642,Tălmăcel,talmacel,village,24.2434333,45.647479
642,Sebeșu de Jos,sebesu de jos,village,24.3350637,45.650092
642,Valea Viilor,valea viilor,village,24.278887,46.0818295
642,Rontău,rontau,village,21.9983487,47.0024871
642,Sântandrei,santandrei,village,21.8547586,47.0682397
642,Palota,palota,village,21.8235532,47.0608378
642,Pădurea Neagră,padurea neagra,village,22.4132296,47.165542
642,Peștiș,pestis,village,22.4136662,47.0731825
642,Tinăud,tinaud,village,22.4336471,47.0528544
642,Aștileu,astileu,village,22.3934948,47.0287282
642,Călățea,calatea,village,22.4088711,46.987516
642,Peștere,pestere,village,22.3788164,47.025822
642,Delani,delani,village,22.3395885,46.6936568
642,Cheț,chet,village,22.3393213,47.419287
642,Ghenetea,ghenetea,village,22.3976019,47.388982
642,Câmp,camp,village,22.4435716,46.4694389
642,Câmp-Moți,camp-moti,village,22.4134125,46.4631871
642,Colești,colesti,village,22.4245763,46.4790076
642,Vărzarii de Jos,varzarii de jos,village,22.4987371,46.4895916
642,Vărzarii de Sus,varzarii de sus,village,22.5154846,46.4733258
642,Abram,abram,village,22.3799938,47.3167922
642,Cohani,cohani,village,22.4034984,47.3213223
642,Dijir,dijir,village,22.4635201,47.349035
642,Iteu,iteu,village,22.418616,47.352218
642,Iteu Nou,iteu nou,village,22.391747,47.3398015
642,Suiug,suiug,village,22.4321893,47.3201803
642,Abrămuț,abramut,village,22.2543947,47.3229578
642,Crestur,crestur,village,22.239412,47.3494263
642,Făncica,fancica,village,22.2343925,47.3240926
642,Petreu,petreu,village,22.2960674,47.3373822
642,Aușeu,auseu,village,22.4963927,47.036855
642,Cacuciu Vechi,cacuciu vechi,village,22.4921609,47.0233996
642,Codrișoru,codrisoru,village,22.5223537,47.1035472
642,Gheghie,gheghie,village,22.5174169,47.0181862
642,Groși,grosi,village,22.4796523,47.0452467
642,Luncșoara,luncsoara,village,22.5399003,47.0367967
642,Ant,ant,village,21.4675535,46.6663464
642,Tămașda,tamasda,village,21.5568457,46.6445335
642,Balc,balc,village,22.5350586,47.2984012
642,Almașu Mare,almasu mare,village,22.5328513,47.3281725
642,Almașu Mic,almasu mic,village,22.5103169,47.3172795
642,Ghida,ghida,village,22.451821,47.3111209
642,Săldăbagiu de Barcău,saldabagiu de barcau,village,22.4636787,47.3013336
642,Tăut,taut,village,21.8384466,46.7198995
642,Niuved,niuved,village,21.895297,47.2337977
642,Parhida,parhida,village,21.8715992,47.2343651
642,Satu Nou,satu nou,village,21.9202661,47.194763
642,Tămășeu,tamaseu,village,21.9275998,47.2211608
642,Boianu Mare,boianu mare,village,22.5224253,47.3827202
642,Corboaia,corboaia,village,22.5310301,47.361057
642,Huta,huta,village,22.5656077,47.3709388
642,Rugea,rugea,village,22.4989975,47.3550881
642,Borod,borod,village,22.6155705,46.9919054
642,Borozel,borozel,village,22.562154,47.0059654
642,Cetea,cetea,village,22.5781642,47.0168131
642,Cornițel,cornitel,village,22.6434392,46.9842567
642,Șerani,serani,village,22.6809845,47.0384066
642,Valea Mare de Criș,valea mare de cris,village,22.5741014,46.9930247
642,Sântion,santion,village,21.8366029,47.0963423
642,Lorău,lorau,village,22.6313873,46.91659
642,Ponoară,ponoara,village,22.6577595,46.8856052
642,Valea Crișului,valea crisului,village,22.6437197,46.9509757
642,Brusturi,brusturi,village,22.2401038,47.1587755
642,Cuieșd,cuiesd,village,22.2948495,47.1114297
642,Loranta,loranta,village,22.3257047,47.1412149
642,Orvișele,orvisele,village,22.2302096,47.1318563
642,Păulești,paulesti,village,22.219648,47.1749607
642,Picleu,picleu,village,22.2605844,47.1447021
642,Țigăneștii de Criș,tiganestii de cris,village,22.2818805,47.1273237
642,Varasău,varasau,village,22.2681326,47.162555
642,Budureasa,budureasa,village,22.4951739,46.6791819
642,Burda,burda,village,22.4789537,46.6951271
642,Saca,saca,village,22.469189,46.6617186
642,Săliște de Beiuș,saliste de beius,village,22.4464633,46.6510207
642,Teleac,teleac,village,22.43051,46.6614564
642,Buduslău,buduslau,village,22.2624624,47.4009313
642,Albiș,albis,village,22.2452808,47.3902391
642,Bulz,bulz,village,22.6753428,46.9141729
642,Munteni,munteni,village,22.6949164,46.8779311
642,Remeți,remeti,village,22.656266,46.8460866
642,Buntești,buntesti,village,22.4685608,46.6127999
642,Brădet,bradet,village,22.5321269,46.5830153
642,Dumbrăvani,dumbravani,village,22.5013782,46.5863379
642,Ferice,ferice,village,22.5227473,46.6371515
642,Lelești,lelesti,village,22.4570919,46.6201249
642,Poienii de Jos,poienii de jos,village,22.5006425,46.608408
642,Poienii de Sus,poienii de sus,village,22.517415,46.6080245
642,Săud,saud,village,22.495642,46.6197652
642,Căbești,cabesti,village,22.3736017,46.7708353
642,Goila,goila,village,22.3397463,46.772875
642,Gurbești,gurbesti,village,22.3593465,46.7510696
642,Josani,josani,village,22.3544734,46.7542307
642,Sohodol,sohodol,village,22.4288158,46.7810095
642,Căpâlna,capalna,village,22.1027377,46.7354795
642,Ginta,ginta,village,22.0880691,46.753418
642,Rohani,rohani,village,22.0932782,46.7491058
642,Săldăbagiu Mic,saldabagiu mic,village,22.1523474,46.7384615
642,Suplacu de Tinca,suplacu de tinca,village,22.1114709,46.7068134
642,Cărpinet,carpinet,village,22.4937923,46.4559928
642,Izbuc,izbuc,village,22.4673438,46.4400677
642,Leheceni,leheceni,village,22.5163845,46.4465656
642,Călugări,calugari,village,22.4784646,46.4237054
642,Cefa,cefa,village,21.7140848,46.9144977
642,Ateaș,ateas,village,21.6162944,46.9174877
642,Berechiu,berechiu,village,21.7325372,46.9495771
642,Bicaci,bicaci,village,21.7879004,46.9019878
642,Gepiu,gepiu,village,21.7901591,46.9303405
642,Inand,inand,village,21.7505264,46.8945314
642,Roit,roit,village,21.7093859,46.9818262
642,Sânnicolau Român,sannicolau roman,village,21.7125127,46.9607169
642,Ceica,ceica,village,22.1671429,46.8578103
642,Bucium,bucium,village,22.1522244,46.8792605
642,Ceișoara,ceisoara,village,22.2026519,46.85672
642,Corbești,corbesti,village,22.2366647,46.8874926
642,Cotiglet,cotiglet,village,22.2015171,46.8896325
642,Dușești,dusesti,village,22.1791545,46.8342791
642,Incești,incesti,village,22.1289423,46.8454788
642,Cetariu,cetariu,village,21.9999942,47.1435228
642,Săldăbagiu de Munte,saldabagiu de munte,village,21.9755169,47.0897046
642,Șișterea,sisterea,village,22.0740343,47.1600686
642,Șușturogi,susturogi,village,22.1116607,47.1411498
642,Tăutelec,tautelec,village,22.03217,47.1551622
642,Uileacu de Munte,uileacu de munte,village,21.9976276,47.117857
642,Cherechiu,cherechiu,village,22.1247244,47.381632
642,Cheșereu,chesereu,village,22.1141629,47.4277933
642,Târgușor,targusor,village,22.1676196,47.3884656
642,Chișlaz,chislaz,village,22.2319488,47.2812543
642,Chiraleu,chiraleu,village,22.2957752,47.3040268
642,Hăucești,haucesti,village,22.2032083,47.2281267
642,Mișca,misca,village,22.2581182,47.2626657
642,Poclușa de Barcău,poclusa de barcau,village,22.1981107,47.2576999
642,Sărsig,sarsig,village,22.1871841,47.2397158
642,Sânlazăr,sanlazar,village,22.2529561,47.2908976
642,Ciuhoi,ciuhoi,village,22.1244654,47.2380814
642,Cenaloș,cenalos,village,22.1568729,47.2441516
642,Sâniob,saniob,village,22.1301322,47.2628461
642,Sfârnaș,sfarnas,village,22.0878852,47.2357739
642,Boiu,boiu,village,21.6089062,46.6859817
642,Ghiorac,ghiorac,village,21.6824882,46.7140437
642,Fânațe,fanate,village,22.5397732,46.5047971
642,Hârsești,harsesti,village,22.5045061,46.5364369
642,Valea de Sus,valea de sus,village,22.5270744,46.5466993
642,Cociuba Mare,cociuba mare,village,21.998773,46.7391935
642,Cărăsău,carasau,village,22.0540145,46.7068817
642,Cheșa,chesa,village,22.0268857,46.7510436
642,Petid,petid,village,22.0773126,46.7184298
642,Copăcel,copacel,village,22.1687703,46.981883
642,Bucuroaia,bucuroaia,village,22.1849724,46.9288475
642,Chijic,chijic,village,22.1563528,46.9949423
642,Poiana Tășad,poiana tasad,village,22.1712045,46.9539712
642,Sărand,sarand,village,22.1209487,46.9982853
642,Surduc,surduc,village,22.2016037,46.9761053
642,Criștioru de Jos,cristioru de jos,village,22.5355213,46.4182176
642,Bâlc,balc,village,22.594564,46.4031396
642,Criștioru de Sus,cristioru de sus,village,22.5758753,46.4129976
642,Poiana,poiana,village,22.5799787,46.4483023
642,Săliște de Vașcău,saliste de vascau,village,22.5408724,46.4338804
642,Curățele,curatele,village,22.421699,46.7037392
642,Beiușele,beiusele,village,22.4511732,46.7182829
642,Cresuia,cresuia,village,22.4797173,46.7085715
642,Nimăiești,nimaiesti,village,22.3915327,46.6829442
642,Pocioveliște,pocioveliste,village,22.438593,46.7011716
642,Curtuișeni,curtuiseni,village,22.2031126,47.5456107
642,Vășad,vasad,village,22.2566023,47.5185961
642,Derna,derna,village,22.3078138,47.204854
642,Dernișoara,dernisoara,village,22.2534942,47.2205388
642,Sacalasău,sacalasau,village,22.2862956,47.1968262
642,Sacalasău Nou,sacalasau nou,village,22.3281297,47.1842679
642,Tria,tria,village,22.2658078,47.2334208
642,Diosig,diosig,village,21.9953407,47.3067786
642,Ianca,ianca,village,21.9917392,47.2844479
642,Mihai Bravu,mihai bravu,village,21.9381119,47.2577979
642,Roșiori,rosiori,village,21.9520896,47.2567721
642,Vaida,vaida,village,21.9947705,47.2527949
642,Dobrești,dobresti,village,22.2795212,46.8452224
642,Cornișești,cornisesti,village,22.2352433,46.8286436
642,Crâncești,crancesti,village,22.2530173,46.8179088
642,Hidișel,hidisel,village,22.2584231,46.8344356
642,Luncasprie,luncasprie,village,22.3120347,46.8458149
642,Răcaș,racas,village,22.3310836,46.874004
642,Topa de Jos,topa de jos,village,22.2338242,46.8464476
642,Topa de Sus,topa de sus,village,22.2510399,46.8649675
642,Drăgănești,draganesti,village,22.3942831,46.6292576
642,Belejeni,belejeni,village,22.4309478,46.6249796
642,Grădinari,gradinari,village,22.3741969,46.6399409
642,Livada Beiușului,livada beiusului,village,22.4007261,46.6500498
642,Mizieș,mizies,village,22.4002492,46.6633413
642,Păntășești,pantasesti,village,22.4046196,46.6173951
642,Șebiș,sebis,village,22.4322836,46.6190785
642,Talpe,talpe,village,22.4206472,46.6502644
642,Țigăneștii de Beiuș,tiganestii de beius,village,22.4153415,46.6292919
642,Drăgești,dragesti,village,22.128419,46.8998916
642,Dicănești,dicanesti,village,22.0988714,46.894998
642,Stracoș,stracos,village,22.1449305,46.9108889
642,Tășad,tasad,village,22.1251577,46.9377307
642,Topești,topesti,village,22.127373,46.8766932
642,Finiș,finis,village,22.3155928,46.6519938
642,Brusturi,brusturi,hamlet,22.2409307,46.5648112
642,Fiziș,fizis,village,22.2835038,46.6552874
642,Ioaniș,ioanis,village,22.274529,46.6707299
642,Șuncuiș,suncuis,village,22.2643734,46.6743766
642,Girișu de Criș,girisu de cris,village,21.7598809,47.0661518
642,Cheresig,cheresig,village,21.6852563,47.038111
642,Tărian,tarian,village,21.7773385,47.0762169
642,Toboliu,toboliu,village,21.7211425,47.0427274
642,Mierlău,mierlau,village,22.0156973,46.9154011
642,Sântelec,santelec,village,22.0646792,46.9582213
642,Șumugiu,sumugiu,village,21.9709821,46.8907677
642,Dumbrăvița,dumbravita,village,22.1523211,46.7939907
642,Lupoaia,lupoaia,village,22.1251739,46.8033044
642,Valea Mare de Codru,valea mare de codru,village,22.0787591,46.8077754
642,Vintere,vintere,village,22.1452156,46.7685499
642,Husasău de Tinca,husasau de tinca,village,21.9125003,46.8205759
642,Fonău,fonau,village,21.9741382,46.8173817
642,Oșand,osand,village,21.9632091,46.8416479
642,Sititelec,sititelec,village,21.9008541,46.8767004
642,Ineu,ineu,village,22.1153072,47.0862963
642,Botean,botean,village,22.1436946,47.1014377
642,Husasău de Criș,husasau de cris,village,22.0642315,47.0855049
642,Lazuri de Beiuș,lazuri de beius,village,22.4018737,46.5928287
642,Băleni,baleni,village,22.3992961,46.6093276
642,Cusuiuș,cusuius,village,22.4172959,46.5816526
642,Hinchiriș,hinchiris,village,22.3665374,46.5910129
642,Cărănzel,caranzel,village,22.0406502,46.8306217
642,Gepiș,gepis,village,22.0204924,46.8459249
642,Gruilung,gruilung,village,22.1003788,46.8790683
642,Miheleu,miheleu,village,22.0648761,46.8266693
642,Lugașu de Jos,lugasu de jos,village,22.3476263,47.0627919
642,Lugașu de Sus,lugasu de sus,village,22.3570906,47.0782607
642,Urvind,urvind,village,22.2817481,47.0672683
642,Lunca,lunca,village,22.4636541,46.5207049
642,Briheni,briheni,village,22.4027775,46.4996944
642,Hotărel,hotarel,village,22.4405523,46.5331951
642,Seghiște,seghiste,village,22.4891874,46.5385556
642,Sârbești,sarbesti,village,22.4864926,46.501573
642,Șuștiu,sustiu,village,22.4578617,46.5003487
642,Mădăras,madaras,village,21.6796625,46.8297473
642,Homorog,homorog,village,21.7467284,46.8316983
642,Ianoșda,ianosda,village,21.8051102,46.837936
642,Marțihaz,martihaz,village,21.6475181,46.8742494
642,Măgești,magesti,village,22.4507722,47.0100563
642,Butani,butani,village,22.4370009,47.0163566
642,Cacuciu Nou,cacuciu nou,village,22.4752129,47.0261798
642,Dobricionești,dobricionesti,village,22.4779628,46.9949231
642,Gălășeni,galaseni,village,22.4260452,46.9853356
642,Josani,josani,village,22.4638197,47.0000487
642,Ortiteag,ortiteag,village,22.4422786,47.0321591
642,Nojorid,nojorid,village,21.8860419,46.9989168
642,Apateu,apateu,village,21.9228125,46.971445
642,Chișirid,chisirid,village,21.8881638,46.9689395
642,Livada de Bihor,livada de bihor,village,21.8083629,47.010394
642,Păușa,pausa,village,21.8708591,46.946933
642,Șauaieu,sauaieu,village,21.9171946,46.9374677
642,Olcea,olcea,village,21.9824376,46.683257
642,Călacea,calacea,village,21.93292,46.6768665
642,Hodișel,hodisel,village,22.0635573,46.6461451
642,Ucuriș,ucuris,village,21.9568079,46.6372702
642,Oșorhei,osorhei,village,22.0290905,47.0412898
642,Alparea,alparea,village,22.0481236,47.0305371
642,Cheriu,cheriu,village,22.0219756,47.0125314
642,Felcheriu,felcheriu,village,22.0790596,46.9961795
642,Fughiu,fughiu,village,22.0484963,47.0584013
642,Pietroasa,pietroasa,village,22.5570877,46.5922877
642,Cociuba Mică,cociuba mica,village,22.5345012,46.5983752
642,Giulești,giulesti,village,22.5865067,46.5513467
642,Gurani,gurani,village,22.5454949,46.5951817
642,Măgura,magura,village,22.553449,46.5538028
642,Moțești,motesti,village,22.5092344,46.5620551
642,Pocola,pocola,village,22.2935349,46.6949582
642,Feneriș,feneris,village,22.2876206,46.7119249
642,Petrani,petrani,village,22.2684051,46.6892398
642,Poietari,poietari,village,22.3024414,46.7086068
642,Sânmartin de Beiuș,sanmartin de beius,village,22.3220271,46.6907702
642,Pomezeu,pomezeu,village,22.2889793,46.7942808
642,Câmpani de Pomezeu,campani de pomezeu,village,22.3121527,46.795902
642,Coșdeni,cosdeni,village,22.2747965,46.7695378
642,Hidiș,hidis,village,22.260991,46.7781023
642,Lacu Sărat,lacu sarat,village,22.3552757,46.8034185
642,Sitani,sitani,village,22.3022853,46.8131783
642,Spinuș de Pomezeu,spinus de pomezeu,village,22.2744966,46.7872699
642,Vălani de Pomezeu,valani de pomezeu,village,22.3234775,46.7860773
642,Popești,popesti,village,22.4186188,47.2385063
642,Bistra,bistra,village,22.4229503,47.2547821
642,Budoi,budoi,village,22.3571362,47.2074674
642,Cuzap,cuzap,village,22.4152346,47.2028774
642,Varviz,varviz,village,22.4385465,47.2248756
642,Vărzari,varzari,village,22.4632951,47.2020609
642,Voivozi,voivozi,village,22.3902414,47.2156161
642,Răbăgani,rabagani,village,22.2362565,46.7466703
642,Brătești,bratesti,village,22.1969701,46.7594959
642,Săucani,saucani,village,22.2675592,46.7324713
642,Săliște de Pomezeu,saliste de pomezeu,village,22.2888842,46.7469184
642,Vărășeni,varaseni,village,22.2116863,46.767586
642,Remetea,remetea,village,22.3479912,46.7389581
642,Drăgoteni,dragoteni,village,22.3066836,46.7321464
642,Meziad,meziad,village,22.4284605,46.7408983
642,Petreasa,petreasa,village,22.3481702,46.7143171
642,Șoimuș,soimus,village,22.3290002,46.7204527
642,Rieni,rieni,village,22.4466512,46.5755316
642,Cucuceni,cucuceni,village,22.424608,46.5652653
642,Ghighișeni,ghighiseni,village,22.4314833,46.5514147
642,Petrileni,petrileni,village,22.4477068,46.5554484
642,Sudrigiu,sudrigiu,village,22.4337877,46.5929215
642,Valea de Jos,valea de jos,village,22.4862635,46.5721119
642,Roșia,rosia,village,22.3975283,46.8026621
642,Lazuri,lazuri,village,22.4130583,46.7952542
642,Borșa,borsa,village,22.1810103,47.0240314
642,Săbolciu,sabolciu,village,22.1526222,47.0744166
642,Cadea,cadea,village,22.0622477,47.3118526
642,Ciocaia,ciocaia,village,22.0457504,47.3388979
642,Cubulcut,cubulcut,village,22.1865108,47.3225485
642,Sânnicolau de Munte,sannicolau de munte,village,22.1367057,47.3036214
642,Sălacea,salacea,village,22.3061447,47.4590468
642,Otomani,otomani,village,22.2370803,47.4380211
642,Hodoș,hodos,village,21.9849458,47.2248839
642,Sântimreu,santimreu,village,22.0450992,47.2487727
642,Sâmbăta,sambata,village,22.2019157,46.8014603
642,Copăceni,copaceni,village,22.1898676,46.7727521
642,Ogești,ogesti,village,22.2380543,46.8043298
642,Rogoz,rogoz,village,22.1705649,46.792251
642,Rotărești,rotaresti,village,22.2304901,46.79639
642,Zăvoiu,zavoiu,village,22.1968014,46.8216753
642,Sârbi,sarbi,village,22.1221462,47.193147
642,Almașu Mic,almasu mic,village,22.1351792,47.1713144
642,Burzuc,burzuc,village,22.171903,47.1560148
642,Chioag,chioag,village,22.1533813,47.1772267
642,Fegernic,fegernic,village,22.1285807,47.2036742
642,Fegernicu Nou,fegernicu nou,village,22.1022741,47.2203595
642,Sarcău,sarcau,village,22.1527095,47.2108312
642,Spinuș,spinus,village,22.1908585,47.2008212
642,Ciulești,ciulesti,village,22.1925532,47.2194275
642,Gurbești,gurbesti,village,22.2245275,47.194453
642,Nădar,nadar,village,22.1679286,47.2074792
642,Săliște,saliste,village,22.234972,47.1882689
642,Borumlaca,borumlaca,village,22.477763,47.2155063
642,Foglaș,foglas,village,22.4731342,47.243054
642,Valea Cerului,valea cerului,village,22.4964026,47.2378941
642,Vâlcelele,valcelele,village,22.4833626,47.2302775
642,Șimian,simian,village,22.0892659,47.4874878
642,Șilindru,silindru,village,22.0468336,47.4372469
642,Voivozi,voivozi,village,22.0403325,47.4695662
642,Șinteu,sinteu,village,22.5203268,47.1395524
642,Huta Voivozi,huta voivozi,village,22.4801123,47.155978
642,Socet,socet,village,22.4945347,47.1626985
642,Valea Târnei,valea tarnei,village,22.5301922,47.1251679
642,Șoimi,soimi,village,22.1237018,46.6856285
642,Borz,borz,village,22.1913953,46.6736182
642,Codru,codru,village,22.1451883,46.6331969
642,Dumbrăvița de Codru,dumbravita de codru,village,22.1638602,46.6558098
642,Poclușa de Beiuș,poclusa de beius,village,22.0913124,46.649668
642,Sânnicolau de Beiuș,sannicolau de beius,village,22.113225,46.6943748
642,Ursad,ursad,village,22.0919223,46.6816002
642,Urviș de Beiuș,urvis de beius,village,22.1572716,46.6902834
642,Bălnaca-Groși,balnaca-grosi,village,22.5504699,46.9190336
642,Zece Hotare,zece hotare,village,22.4670771,46.9126079
642,Tarcea,tarcea,village,22.1749848,47.4571595
642,Adoni,adoni,village,22.1758186,47.4323893
642,Galoșpetreu,galospetreu,village,22.2173026,47.4834496
642,Tărcaia,tarcaia,village,22.3652174,46.6347171
642,Mierag,mierag,village,22.3661038,46.6043325
642,Tărcăița,tarcaita,village,22.3350316,46.5886575
642,Totoreni,totoreni,village,22.3880846,46.6140955
642,Tăuteu,tauteu,village,22.338879,47.2715382
642,Bogei,bogei,village,22.3607916,47.2655044
642,Chiribiș,chiribis,village,22.3418402,47.3110147
642,Ciutelec,ciutelec,village,22.3868927,47.2620037
642,Poiana,poiana,village,22.3521571,47.2965223
642,Bălaia,balaia,village,22.1719847,47.1080914
642,Călătani,calatani,village,22.1958146,47.046855
642,Tilecuș,tilecus,village,22.2169119,47.022332
642,Uileacu de Criș,uileacu de cris,village,22.2128313,47.0812172
642,Gurbediu,gurbediu,village,21.8702262,46.7944688
642,Căuașd,cauasd,village,21.8202627,46.7909489
642,Țețchea,tetchea,village,22.3248478,47.0459392
642,Hotar,hotar,village,22.2851455,47.0196701
642,Subpiatră,subpiatra,village,22.3072709,47.0253811
642,Uileacu de Beiuș,uileacu de beius,village,22.221351,46.684581
642,Forău,forau,village,22.2001548,46.7105436
642,Prisaca,prisaca,village,22.2264767,46.7106922
642,Vălanii de Beiuș,valanii de beius,village,22.2454078,46.700048
642,Vadu Crișului,vadu crisului,village,22.5169342,46.9860493
642,Birtin,birtin,village,22.4976976,46.9899713
642,Tomnatic,tomnatic,village,22.4415314,46.9406145
642,Topa de Criș,topa de cris,village,22.5334151,47.002106
642,Izvoarele,izvoarele,village,22.3969434,47.4000529
642,Pădureni,padureni,hamlet,22.4620428,47.4186736
642,Reghea,reghea,village,22.4870514,47.3762807
642,Vârciorog,varciorog,village,22.2841459,46.9696903
642,Fâșca,fasca,village,22.3294199,46.9844175
642,Surducel,surducel,hamlet,22.3336856,46.9275402
642,Șerghiș,serghis,village,22.2399767,46.9803956
642,Păcălești,pacalesti,village,22.4086224,46.6235966
642,Buzad,buzad,village,21.5479862,45.9414363
642,Coșnea,cosnea,village,26.0720731,46.4317829
642,Păltiniș,paltinis,village,26.3564311,46.5434479
642,Brateșu Vechi,bratesu vechi,village,27.2923976,45.0653123
642,Făurei Sat,faurei sat,village,27.2257816,45.0585543
642,Horia,horia,village,27.2942219,45.1039193
642,Bărăganul,baraganul,village,27.5151509,44.8106789
642,Gura Călmățui,gura calmatui,village,27.7830047,44.81882
642,Gura Gârluței,gura garlutei,hamlet,27.8251591,44.8326257
642,Nicolești,nicolesti,hamlet,27.8348677,44.8213364
642,Constantin Gabrielescu,constantin gabrielescu,village,27.6381547,45.0723415
642,Filiu,filiu,hamlet,27.5228419,44.985651
642,Lișcoteanca,liscoteanca,village,27.5528539,45.0042764
642,Ciocile,ciocile,village,27.2466865,44.8231944
642,Chioibășești,chioibasesti,village,27.2660474,44.7865053
642,Odăieni,odaieni,village,27.2195262,44.870828
642,Chichinețu,chichinetu,village,27.2746604,44.8079631
642,Batogu,batogu,village,27.4302728,44.9970478
642,Ionești,ionesti,village,27.493747,45.005164
642,Scărlătești,scarlatesti,village,27.3927275,44.9478608
642,Vultureni,vultureni,village,27.3654013,44.9400388
642,Bumbăcari,bumbacari,hamlet,27.4556532,44.8936617
642,Frecăței,frecatei,village,28.125347,44.8949301
642,Agaua,agaua,village,28.0760415,44.8343229
642,Cistia,cistia,hamlet,28.0507935,44.7810611
642,Salcia,salcia,village,28.0888847,44.8533113
642,Stoienești,stoienesti,hamlet,28.0373174,44.7983371
642,Titcov,titcov,village,28.1255032,44.9970317
642,Drogu,drogu,village,27.2317411,45.1826433
642,Pântecani,pantecani,village,27.1743285,45.1923732
642,Zamfirești,zamfiresti,village,27.2109537,45.1933572
642,Găvani,gavani,village,27.6714242,45.2924321
642,Gradiștea,gradistea,village,27.3925803,45.2669578
642,Ibrianu,ibrianu,village,27.3818532,45.2476239
642,Maraloiu,maraloiu,village,27.3717122,45.230346
642,Berlești,berlesti,village,27.4481187,45.0802119
642,Gara Ianca,gara ianca,village,27.5203129,45.1384516
642,Perișoru,perisoru,village,27.4981725,45.1126761
642,Plopu,plopu,village,27.5138686,45.1484718
642,Târlele Filiu,tarlele filiu,village,27.4995341,45.0462385
642,Lacu Rezii,lacu rezii,village,27.6728646,44.8973778
642,Măru Roșu,maru rosu,village,27.6540421,44.9002178
642,Valea Călmățuiului,valea calmatuiului,village,27.626361,44.955749
642,Brădeanca,bradeanca,hamlet,27.2270608,45.1428678
642,Mărașu,marasu,village,27.968947,44.8452455
642,Băndoiu,bandoiu,village,27.9405314,44.866551
642,Măgureni,magureni,village,27.9259954,44.782878
642,Nedeicu,nedeicu,hamlet,27.9009684,44.8036358
642,Plopi,plopi,village,27.9881438,44.7742464
642,Țăcău,tacau,village,27.9471694,44.9282458
642,Corbu Vechi,corbu vechi,village,27.6727934,45.47072
642,Latinu,latinu,village,27.6987472,45.3925341
642,Voinești,voinesti,village,27.7209353,45.4076373
642,Dedulești,dedulesti,village,27.3888414,45.1469815
642,Movila Miresii,movila miresii,village,27.6219924,45.2152883
642,Esna,esna,village,27.5660564,45.2009277
642,Țepeș Vodă,tepes voda,village,27.6220159,45.1713893
642,Racoviță,racovita,village,27.46677,45.2988216
642,Corbeni,corbeni,village,27.4880387,45.3260643
642,Custura,custura,village,27.4466644,45.2938707
642,Boarca,boarca,village,27.5066663,45.3064264
642,Mihail Kogălniceanu,mihail kogalniceanu,village,27.5210048,45.3108876
642,Oancea,oancea,village,27.7332919,45.3459179
642,Colțea,coltea,village,27.3328239,44.8457455
642,Florica,florica,village,27.3343943,44.8302751
642,Pribeagu,pribeagu,village,27.3140452,44.8816791
642,Salcia Tudor,salcia tudor,village,27.4968606,45.371877
642,Ariciu,ariciu,village,27.5212475,45.3691182
642,Cuza Vodă,cuza voda,village,27.4481841,45.3894622
642,Scorțaru Nou,scortaru nou,village,27.6168166,45.3300011
642,Deșirați,desirati,hamlet,27.571429,45.3324156
642,Gurguieți,gurguieti,village,27.6617533,45.3633085
642,Nicolae Bălcescu,nicolae balcescu,hamlet,27.5705443,45.3740969
642,Pitulați,pitulati,village,27.6168669,45.3450049
642,Sihleanu,sihleanu,village,27.6514187,45.349642
642,Siliștea,silistea,village,27.8347037,45.3112468
642,Vameșu,vamesu,village,27.8013773,45.4012616
642,Stăncuța,stancuta,village,27.8367992,44.8966242
642,Polizești,polizesti,village,27.7967238,44.8567691
642,Stanca,stanca,village,27.8183201,44.8768666
642,Surdila-Găiseanca,surdila-gaiseanca,village,27.321916,45.0839375
642,Mihail Kogălniceanu,mihail kogalniceanu,village,27.5042321,45.2149556
642,Traian,traian,village,27.7336219,45.1836335
642,Căldărușa,caldarusa,village,27.6074396,45.1249572
642,Silistraru,silistraru,village,27.7778764,45.1686848
642,Urleasca,urleasca,village,27.6473645,45.1369697
642,Comăneasca,comaneasca,village,27.6974385,45.2218427
642,Scorțaru Vechi,scortaru vechi,village,27.7548868,45.2188583
642,Morotești,morotesti,hamlet,27.7419955,45.1297918
642,Victoria,victoria,village,27.6192731,44.8066745
642,Vișani,visani,village,27.2855077,45.1566727
642,Plăsoiu,plasoiu,village,27.3049736,45.2089894
642,Pârâul Rece,paraul rece,village,25.5096588,45.5118017
642,Timișu de Sus,timisu de sus,village,25.5783418,45.5276039
642,Apața,apata,village,25.5331162,45.950432
642,Boholț,boholt,village,24.9155739,45.8889894
642,Luța,luta,village,24.9072298,45.7998123
642,Predeluț,predelut,village,25.3575406,45.5296097
642,Sohodol,sohodol,village,25.4007414,45.5297073
642,Cața,cata,village,25.2803252,46.0896109
642,Beia,beia,village,25.1837701,46.1458381
642,Drăușeni,drauseni,village,25.3134336,46.1428349
642,Ionești,ionesti,village,25.3357637,46.1596298
642,Paloș,palos,village,25.2330037,46.1209355
642,Toarcla,toarcla,village,24.7399126,45.8986483
642,Comăna de Jos,comana de jos,village,25.231304,45.9138531
642,Comăna de Sus,comana de sus,village,25.2686795,45.8957013
642,Ticușu Nou,ticusu nou,village,25.1812439,45.9187851
642,Colonia Reconstrucția,colonia reconstructia,village,25.5710274,45.8268348
642,Fundățica,fundatica,village,25.2828149,45.424895
642,Crizbav,crizbav,village,25.4671782,45.8151493
642,Cutuș,cutus,village,25.4664896,45.8254723
642,Satu Nou,satu nou,village,25.5115266,45.772025
642,Hârseni,harseni,village,25.0118121,45.7546506
642,Copăcel,copacel,village,24.9950128,45.7458494
642,Măliniș,malinis,hamlet,25.0328369,45.7127499
642,Mărgineni,margineni,village,25.0440483,45.733518
642,Sebeș,sebes,village,25.0298082,45.7260815
642,Cuciulata,cuciulata,village,25.2754136,45.9438929
642,Fântâna,fantana,village,25.2995952,45.9662373
642,Lupșa,lupsa,village,25.2988383,45.9365898
642,Homorod,homorod,village,25.2793681,46.0412912
642,Jimbor,jimbor,village,25.3881894,46.1095327
642,Mercheașa,mercheasa,village,25.3361898,46.0666098
642,Grânari,granari,village,24.9718877,46.0405151
642,Văleni,valeni,village,24.9686842,45.9607604
642,Breaza,breaza,village,24.8820551,45.705979
642,Mândra,mandra,village,25.0467582,45.8224811
642,Ileni,ileni,village,24.9974229,45.7889675
642,Râușor,rausor,village,25.0034875,45.816069
642,Toderița,toderita,village,25.0636031,45.7873001
642,Moeciu,moeciu,village,25.3439776,45.5078972
642,Drumul Carului,drumul carului,village,25.2993405,45.4731441
642,Moieciu de Sus,moieciu de sus,village,25.3303975,45.4433462
642,Ormeniș,ormenis,village,25.5568304,46.0047268
642,Augustin,augustin,village,25.5533305,46.0461298
642,Părău,parau,village,25.1912553,45.8483623
642,Grid,grid,village,25.2162504,45.8240003
642,Veneția de Jos,venetia de jos,village,25.2122393,45.875065
642,Veneția de Sus,venetia de sus,village,25.2423174,45.8588553
642,Paltin,paltin,hamlet,25.3064655,45.6686921
642,Stupinii Prejmerului,stupinii prejmerului,village,25.8191374,45.7176272
642,Racoș,racos,village,25.4093738,46.0244547
642,Mateiaș,mateias,village,25.3812671,46.0168289
642,Ohaba,ohaba,village,25.1504433,45.7666403
642,Vâlcea,valcea,village,25.1767149,45.7546837
642,Bărcuț,barcut,village,24.9235817,46.0009357
642,Felmer,felmer,village,25.0121739,45.9285918
642,Rodbav,rodbav,village,24.8776817,45.9118712
642,Seliștat,selistat,village,24.8630592,45.9864467
642,Purcăreni,purcareni,village,25.7908677,45.6449427
642,Ticușu Vechi,ticusu vechi,village,25.1018327,45.9291453
642,Cobor,cobor,village,25.051631,45.9459489
642,Corbi,corbi,village,24.6944199,45.7786301
642,Feldioara,feldioara,village,24.6880361,45.8052412
642,Ucea de Sus,ucea de sus,village,24.6808766,45.7518685
642,Dăișoara,daisoara,village,25.167849,45.9721588
642,Vama Buzăului,vama buzaului,village,25.9935916,45.5966793
642,Acriș,acris,village,25.992467,45.6367288
642,Buzăiel,buzaiel,village,26.0228018,45.6054743
642,Dălghiu,dalghiu,hamlet,25.9122263,45.5741384
642,Drăguș,dragus,village,24.7778176,45.7613501
642,Rucăr,rucar,village,24.770808,45.8210142
642,Viștea de Sus,vistea de sus,village,24.7394751,45.7486795
642,Viștișoara,vistisoara,village,24.7600797,45.696222
642,Ludișor,ludisor,village,24.8862082,45.7756599
642,Sâmbăta de Jos,sambata de jos,village,24.8163772,45.8096425
642,Stațiunea Climaterică Sâmbăta,statiunea climaterica sambata,village,24.8045067,45.6925739
642,Voivodeni,voivodeni,village,24.8615728,45.7794772
642,Colonia 1 Mai,colonia 1 mai,village,25.4090456,45.6633023
642,Holbav,holbav,village,25.3864606,45.6582754
642,Popești,popesti,village,26.4013754,44.3034753
642,Potârnichea,potarnichea,village,28.4790596,44.0703931
642,Petroșani,petrosani,village,28.0521577,44.0146303
642,Șipotele,sipotele,village,27.9597013,44.0447447
642,Dobromir,dobromir,village,27.7791491,44.02015
642,Cetatea,cetatea,village,27.880991,44.0054857
642,Dobromiru din Deal,dobromiru din deal,village,27.7961738,43.99192
642,Lespezi,lespezi,village,27.8308386,44.0189748
642,Pădureni,padureni,village,27.8670106,44.0504829
642,Văleni,valeni,village,27.8779946,44.0205117
642,Tichilești,tichilesti,village,28.0915404,44.6020692
642,Independența,independenta,village,28.0855132,43.949863
642,Dumbrăveni,dumbraveni,village,27.9842705,43.9294389
642,Fântâna Mare,fantana mare,village,28.0562476,43.9800125
642,Furnica,furnica,village,28.0003762,43.961419
642,Movila Verde,movila verde,village,28.1406719,43.9630584
642,Olteni,olteni,village,28.0235379,43.9142459
642,Tufani,tufani,village,28.0088224,43.993331
642,Brebeni,brebeni,hamlet,27.7888015,44.0887938
642,Rariștea,raristea,village,27.8032467,44.0759482
642,Viile,viile,village,27.7561062,44.1618165
642,Canlia,canlia,village,27.5293311,44.1258327
642,Carvăn,carvan,village,27.5691239,44.0371366
642,Coslugea,coslugea,village,27.5787195,44.1187774
642,Cuiugiuc,cuiugiuc,village,27.5284116,44.0470381
642,Goruni,goruni,village,27.6129129,44.0469726
642,Izvoarele,izvoarele,village,27.5430719,44.1662067
642,Miriștea,miristea,hamlet,28.354437,44.0017755
642,Palazu Mic,palazu mic,village,28.5318337,44.4407612
642,Sibioara,sibioara,village,28.5533318,44.3632487
642,Gherghina,gherghina,hamlet,28.18185,44.3226273
642,Saligny,saligny,village,28.0905589,44.280127
642,Siminoc,siminoc,village,28.35302,44.1696734
642,Grăniceru,graniceru,locality,28.2644461,43.79407
642,Dropia,dropia,village,28.3092904,44.3464818
642,Oltina,oltina,village,27.6668112,44.169072
642,Răzoarele,razoarele,village,27.6800575,44.1016146
642,Satu Nou,satu nou,village,27.6058803,44.1608638
642,Strunga,strunga,hamlet,27.6411063,44.1236558
642,Almălău,almalau,village,27.3434462,44.0849037
642,Bugeac,bugeac,village,27.432871,44.0977639
642,Esechioi,esechioi,village,27.4215106,44.0313702
642,Galița,galita,village,27.4909559,44.0996988
642,Gârlița,garlita,village,27.4636488,44.0685042
642,Pantelimon,pantelimon,village,28.3309429,44.5458922
642,Călugăreni,calugareni,village,28.3745901,44.6633798
642,Nistorești,nistoresti,village,28.379296,44.6215515
642,Pantelimon de Jos,pantelimon de jos,village,28.3877368,44.5728579
642,Runcu,runcu,village,28.3280408,44.5990752
642,Vulturu,vulturu,village,28.2729415,44.6480618
642,Ivrinezu Mare,ivrinezu mare,village,28.0651809,44.2298303
642,Ivrinezu Mic,ivrinezu mic,village,28.0445899,44.2287645
642,Izvoru Mare,izvoru mare,village,28.1656254,44.1521584
642,Veteranu,veteranu,hamlet,28.1316183,44.1550615
642,Nazarcea,nazarcea,village,28.4341499,44.2278858
642,Dulgheru,dulgheru,village,28.2395076,44.7033449
642,Stejaru,stejaru,hamlet,28.2248397,44.7301091
642,Traian,traian,village,28.6796892,44.4911724
642,Casian,casian,hamlet,28.4828191,44.4973067
642,Mireasa,mireasa,village,28.3604503,44.4937763
642,Olimp,olimp,village,28.6064659,43.885555
642,Poienița,poienita,village,25.6760765,44.580921
642,Pitaru,pitaru,village,25.5840726,44.5906148
642,Podu Cristinii,podu cristinii,village,25.606414,44.5684716
642,Vlăsceni,vlasceni,village,25.5993064,44.585216
642,Produlești,produlesti,village,25.5125294,44.7079342
642,Broșteni,brosteni,village,25.5050518,44.7187752
642,Pucheni,pucheni,village,25.280047,45.1849325
642,Brădățel,bradatel,village,25.2949996,45.1863287
642,Meișoare,meisoare,village,25.2601446,45.1980596
642,Valea Largă,valea larga,village,25.2531102,45.1620497
642,Vârfureni,varfureni,village,25.2580468,45.179021
642,Bălănești,balanesti,village,25.7484752,44.68003
642,Colacu,colacu,village,25.7588113,44.6689451
642,Ghergani,ghergani,village,25.7229991,44.6359734
642,Mavrodin,mavrodin,village,25.7171609,44.6490237
642,Săbiești,sabiesti,village,25.7584236,44.6827861
642,Stănești,stanesti,village,25.7326873,44.6853895
642,Runcu,runcu,village,25.3860126,45.178136
642,Bădeni,badeni,village,25.402631,45.1527166
642,Brebu,brebu,village,25.3413555,45.1908366
642,Ferestre,ferestre,village,25.3789207,45.1894713
642,Piatra,piatra,village,25.3958761,45.167158
642,Siliștea,silistea,village,25.3954433,45.182045
642,Bănești,banesti,village,25.5744699,44.7351927
642,Cătunu,catunu,village,25.5055374,44.7367653
642,Cuza Vodă,cuza voda,village,25.6001101,44.7389827
642,Ghinești,ghinesti,village,25.5532846,44.7473247
642,Mircea Vodă,mircea voda,village,25.5884372,44.766922
642,Moara Nouă,moara noua,village,25.6030115,44.709739
642,Movila,movila,village,25.5719669,44.7678209
642,Podu Rizii,podu rizii,village,25.5830984,44.7075774
642,Sălcioara,salcioara,village,25.5838397,44.7188536
642,Șelaru,selaru,village,25.3048572,44.4689675
642,Fierbinți,fierbinti,village,25.2875635,44.5075393
642,Glogoveanu,glogoveanu,village,25.3461167,44.4847781
642,Tătărani,tatarani,village,25.2744036,45.0032264
642,Căprioru,caprioru,village,25.2812498,44.9821915
642,Gheboieni,gheboieni,village,25.3057301,44.9822234
642,Priboiu,priboiu,village,25.2579044,45.0300578
642,Uliești,uliesti,village,25.4276843,44.5888052
642,Croitori,croitori,village,25.4135647,44.5746954
642,Hanu lui Pală,hanu lui pala,village,25.3857339,44.5493933
642,Jugureni,jugureni,village,25.4029487,44.6225268
642,Mânăstioara,manastioara,village,25.4252662,44.6126908
642,Olteni,olteni,village,25.4074982,44.6300708
642,Ragu,ragu,village,25.4010627,44.5980083
642,Stavropolia,stavropolia,village,25.3933014,44.6384921
642,Băcești,bacesti,village,25.5746756,45.0801358
642,Ștubeie Tisa,stubeie tisa,village,25.5191307,45.0671318
642,Valea Lungă Ogrea,valea lunga ogrea,village,25.5910047,45.0596621
642,Valea Mare,valea mare,village,25.6058539,45.0602979
642,Valea Mare,valea mare,village,25.2401024,44.7798334
642,Fețeni,feteni,village,25.220609,44.7737391
642,Gârleni,garleni,village,25.2583692,44.799692
642,Livezile,livezile,village,25.2505537,44.7783057
642,Saru,saru,village,25.2124241,44.8041169
642,Stratonești,stratonesti,village,25.2007397,44.8204881
642,Valea Caselor,valea caselor,village,25.2475506,44.800677
642,Văcărești,vacaresti,village,25.4876282,44.8572428
642,Brăteștii de Jos,bratestii de jos,village,25.533877,44.8207465
642,Bungetu,bungetu,village,25.5262082,44.8520889
642,Perșinari,persinari,village,25.498799,44.8018541
642,Văleni-Dâmbovița,valeni-dambovita,village,25.175434,45.1644725
642,Mesteacăn,mesteacan,village,25.1774337,45.1871258
642,Vișina,visina,village,25.3330126,44.5907019
642,Broșteni,brosteni,village,25.3479652,44.6062894
642,Izvoru,izvoru,village,25.374302,44.6088755
642,Răscăeți,rascaeti,village,25.2698953,44.592209
642,Vultureanca,vultureanca,village,25.2425342,44.6029898
642,Vârfuri,varfuri,village,25.5147964,45.0981436
642,Cojoiu,cojoiu,village,25.5251923,45.112339
642,Merișoru,merisoru,village,25.530043,45.0965298
642,Stătești,statesti,village,25.4897329,45.0908489
642,Șuvița,suvita,village,25.507512,45.0835818
642,Voinești,voinesti,village,25.2487921,45.0679564
642,Gemenea Brătulești,gemenea bratulesti,village,25.2283369,45.1066382
642,Izvoarele,izvoarele,village,25.2842405,45.0437075
642,Lunca,lunca,village,25.2684237,45.0467999
642,Manga,manga,village,25.2765507,45.0697477
642,Mânjina,manjina,village,25.2782106,45.0596327
642,Oncești,oncesti,village,25.2126411,45.1105174
642,Suduleni,suduleni,village,25.2812017,45.0503948
642,Vulcana-Băi,vulcana-bai,village,25.3799827,45.0740983
642,Nicolaești,nicolaesti,village,25.3807472,45.080077
642,Vulcana de Sus,vulcana de sus,village,25.3582603,45.1012519
642,Brezoaele,brezoaele,village,25.7478265,44.5758132
642,Bărbuceanu,barbuceanu,village,25.9193147,44.7049074
642,Decindea,decindea,village,25.8750299,44.609217
642,Cocani,cocani,village,25.8947208,44.6284761
642,Ciocănari,ciocanari,village,25.9764349,44.6976403
642,Movila,movila,village,25.9734803,44.6728869
642,Bâldana,baldana,village,25.7789929,44.6027226
642,Cornești,cornesti,village,23.1546594,45.0042162
642,Găvănești,gavanesti,village,23.1398038,45.0251524
642,Rasova,rasova,village,23.183459,45.0472114
642,Stolojani,stolojani,village,23.1459644,45.0370046
642,Tălpășești,talpasesti,village,23.1610771,45.0251128
642,Tămășești,tamasesti,village,23.1875046,44.9951249
642,Voinigești,voinigesti,village,23.2430553,45.0034681
642,Drăguțești,dragutesti,village,23.2328279,44.9755356
642,Cârbești,carbesti,village,23.2137516,44.9566403
642,Dâmbova,dambova,village,23.2038343,44.9475094
642,Iași-Gorj,iasi-gorj,village,23.2482079,44.9933444
642,Tâlvești,talvesti,village,23.2361399,44.9484047
642,Urechești,urechesti,village,23.274056,44.9607895
642,Turcinești,turcinesti,village,23.3114308,45.0984858
642,Cartiu,cartiu,village,23.3161302,45.1223179
642,Horezu,horezu,village,23.2939388,45.1524924
642,Rugi,rugi,village,23.2917212,45.1338816
642,Dealu Pomilor,dealu pomilor,village,22.9855457,44.8124516
642,Horăști,horasti,village,23.013906,44.7859232
642,Însurăței,insuratei,village,22.9926022,44.7920664
642,Leurda,leurda,village,23.0009464,44.7992876
642,Ploștina,plostina,village,22.987805,44.8241779
642,Lupoița,lupoita,village,22.9574577,44.8547033
642,Roșiuța,rosiuta,village,22.9803631,44.8579143
642,Râpa,rapa,village,22.9461503,44.7977905
642,Hirișești,hirisesti,village,23.6435418,45.1761236
642,Pociovaliștea,pociovalistea,village,23.6449823,45.1528332
642,Sitești,sitesti,village,23.6782283,45.1419368
642,Târgu Cărbunești,targu carbunesti,town,23.5102158,44.9605231
642,Blahnița de Jos,blahnita de jos,village,23.5229681,45.0066416
642,Cărbunești-Sat,carbunesti-sat,village,23.5468131,44.9507061
642,Cojani,cojani,village,23.5471413,44.9975399
642,Crețești,cretesti,village,23.4349956,44.952041
642,Curteana,curteana,village,23.4468995,44.9552382
642,Floreșteni,floresteni,village,23.4229108,44.9462658
642,Măceșu,macesu,village,23.4641472,44.9417477
642,Pojogeni,pojogeni,village,23.4842512,44.9911889
642,Rogojeni,rogojeni,village,23.500687,44.9416168
642,Ștefănești,stefanesti,village,23.5664938,44.9806047
642,Albeni,albeni,village,23.6042603,45.0292471
642,Bârzeiu de Gilort,barzeiu de gilort,village,23.5980721,44.9999532
642,Bolbocești,bolbocesti,village,23.5954595,45.0062951
642,Doseni,doseni,village,23.577826,44.9925023
642,Mirosloveni,mirosloveni,village,23.598198,45.0352475
642,Prunești,prunesti,village,23.638092,45.0183545
642,Alimpești,alimpesti,village,23.8010554,45.1027006
642,Ciupercenii de Olteț,ciupercenii de oltet,village,23.7905293,45.1400309
642,Corșoru,corsoru,village,23.7933697,45.0791484
642,Nistorești,nistoresti,village,23.8027116,45.0843558
642,Sârbești,sarbesti,village,23.7920921,45.1201579
642,Aninoasa,aninoasa,village,23.4861687,44.7444279
642,Bobaia,bobaia,village,23.5201642,44.753834
642,Costești,costesti,village,23.4449121,44.7326437
642,Groșerea,groserea,village,23.4813509,44.7203227
642,Sterpoaia,sterpoaia,village,23.4360089,44.7905837
642,Arcani,arcani,village,23.1344438,45.0756227
642,Câmpofeni,campofeni,village,23.1407759,45.0556276
642,Sănătești,sanatesti,village,23.136768,45.095022
642,Stroiești,stroiesti,village,23.1523459,45.0630178
642,Voiteștii de Vale,voitestii de vale,village,23.4214487,45.0874563
642,Bălănești,balanesti,village,23.3902881,45.0585127
642,Blidari,blidari,village,23.5005397,45.1130211
642,Cânepești,canepesti,village,23.4257465,45.0923854
642,Glodeni,glodeni,village,23.462682,45.0816779
642,Ohaba,ohaba,village,23.4784993,45.096978
642,Voiteștii din Deal,voitestii din deal,village,23.4471412,45.1018073
642,Bărbătești,barbatesti,village,23.5082167,44.8692799
642,Musculești,musculesti,village,23.5076919,44.8287615
642,Petrești,petresti,village,23.5088852,44.8494695
642,Socu,socu,village,23.5055971,44.8891185
642,Bengești,bengesti,village,23.5888948,45.072087
642,Bălcești,balcesti,village,23.6289301,45.1033686
642,Bircii,bircii,village,23.5932928,45.0996658
642,Ciocadia,ciocadia,village,23.6087487,45.1169576
642,Berlești,berlesti,village,23.6682204,44.9134445
642,Bârzeiu,barzeiu,village,23.651317,44.9496418
642,Gâlcești,galcesti,village,23.6615032,44.8590118
642,Lihulești,lihulesti,village,23.6591368,44.9857903
642,Pârâu Viu,parau viu,village,23.6683857,44.9351463
642,Scrada,scrada,village,23.6560623,44.8859124
642,Scurtu,scurtu,village,23.6306758,44.9694738
642,Bâlteni,balteni,village,23.2731136,44.8691918
642,Cocoreni,cocoreni,village,23.3140547,44.8277221
642,Moi,moi,village,23.2083386,44.9009291
642,Peșteana Jiu,pesteana jiu,village,23.3040115,44.8469505
642,Vlăduleni,vladuleni,village,23.2372656,44.8885665
642,Bolboși,bolbosi,village,23.229409,44.7460679
642,Bălăcești,balacesti,village,23.1983705,44.7534979
642,Bolboasa,bolboasa,village,23.2101653,44.7442975
642,Igirosu,igirosu,village,23.2404353,44.7349442
642,Miclosu,miclosu,village,23.222767,44.739906
642,Ohaba Jiu,ohaba jiu,village,23.2468822,44.7206701
642,Valea,valea,village,23.2029444,44.7224186
642,Borăscu,borascu,village,23.2840214,44.6946682
642,Baniu,baniu,village,23.2873564,44.7354765
642,Calapăru,calaparu,village,23.3246316,44.6840654
642,Gura Menți,gura menti,village,23.2447433,44.6906409
642,Menții din Dos,mentii din dos,village,23.2234433,44.6923651
642,Miluta,miluta,village,23.1729786,44.7032106
642,Scorușu,scorusu,village,23.3335585,44.7068704
642,Brănești,branesti,village,23.4550602,44.6515458
642,Bădești,badesti,village,23.4683328,44.6891939
642,Brebenei,brebenei,village,23.4464903,44.6636038
642,Capu Dealului,capu dealului,village,23.4781303,44.6294008
642,Gilortu,gilortu,village,23.4875321,44.6725768
642,Pârâu,parau,village,23.4972025,44.6867288
642,Curtișoara,curtisoara,village,23.3609193,45.104193
642,Pleșa,plesa,village,23.363212,45.1801294
642,Bumbești-Pițic,bumbesti-pitic,village,23.6976696,45.1326214
642,Cârligei,carligei,village,23.6866471,45.1051065
642,Poienari,poienari,village,23.7372952,45.1393299
642,Bustuchin,bustuchin,village,23.728135,44.9645178
642,Cionți,cionti,village,23.6843383,44.9659522
642,Motorgi,motorgi,village,23.6839144,44.9777288
642,Nămete,namete,village,23.7020524,44.9830954
642,Poienița,poienita,village,23.6815019,44.9926683
642,Poiana Seciuri,poiana seciuri,village,23.7253549,44.9919105
642,Pojaru,pojaru,village,23.6954232,44.9386025
642,Valea Pojarului,valea pojarului,village,23.727003,44.9323019
642,Căpreni,capreni,village,23.6283241,44.7525012
642,Aluniș,alunis,village,23.6426631,44.7388747
642,Brătești,bratesti,village,23.6104159,44.7188706
642,Bulbuceni,bulbuceni,village,23.5771775,44.7040919
642,Cetatea,cetatea,village,23.6181324,44.7765453
642,Cornetu,cornetu,village,23.6199224,44.7382571
642,Dealu Spirei,dealu spirei,village,23.623782,44.7620522
642,Satu Nou,satu nou,village,23.6339423,44.7657078
642,Cătunele,catunele,village,22.9070653,44.8644211
642,Dealu Viilor,dealu viilor,village,22.903006,44.8498267
642,Lupoaia,lupoaia,village,22.9613523,44.8144351
642,Steic,steic,village,22.9193377,44.8346373
642,Valea Mânăstirii,valea manastirii,village,22.9357691,44.823453
642,Valea Perilor,valea perilor,village,22.9214835,44.8473056
642,Ciuperceni,ciuperceni,village,23.0124363,44.9389532
642,Boboiești,boboiesti,village,22.9599713,44.9395944
642,Peșteana Vulcan,pesteana vulcan,village,22.9747153,44.9269606
642,Priporu,priporu,village,22.974128,44.9295874
642,Strâmba Vulcan,stramba vulcan,village,23.0421399,44.9124228
642,Vârtopu,vartopu,village,22.9827938,44.9134861
642,Zorzila,zorzila,village,22.9955128,44.9348505
642,Câlnic,calnic,village,23.0734165,44.9581903
642,Câlnicu de Sus,calnicu de sus,village,23.0402117,44.9553157
642,Didilești,didilesti,village,23.0268648,44.9614926
642,Găleșoaia,galesoaia,locality,23.0887537,44.9279908
642,Hodoreasca,hodoreasca,village,23.0654497,44.9374148
642,Pieptani,pieptani,village,23.0427417,44.9369972
642,Pinoasa,pinoasa,village,23.0982508,44.9076285
642,Stejerei,stejerei,locality,23.1125735,44.9314691
642,Vâlceaua,valceaua,village,23.0179969,44.9616616
642,Aninișu din Deal,aninisu din deal,village,23.6165896,45.1778478
642,Buzești,buzesti,village,23.5110132,45.1233542
642,Dumbrăveni,dumbraveni,village,23.5136041,45.1495552
642,Radoși,radosi,village,23.596293,45.188609
642,Crușet,cruset,village,23.6605778,44.6308321
642,Bojinu,bojinu,village,23.6906561,44.6322832
642,Marinești,marinesti,village,23.7010332,44.6879352
642,Măiag,maiag,village,23.622108,44.6119541
642,Mierea,mierea,village,23.6999808,44.614138
642,Miericeaua,miericeaua,village,23.6538928,44.6183879
642,Slămnești,slamnesti,village,23.6913655,44.6044174
642,Slăvuța,slavuta,village,23.683459,44.69891
642,Urda de Jos,urda de jos,village,23.6242286,44.6313845
642,Văluța,valuta,village,23.6940904,44.6531228
642,Dănciulești,danciulesti,village,23.757899,44.7333768
642,Bibulești,bibulesti,village,23.7671848,44.8071028
642,Hălăngești,halangesti,village,23.7619568,44.7664543
642,Obârșia,obarsia,village,23.7679217,44.8245624
642,Petrăchei,petrachei,village,23.7549281,44.7234777
642,Rădinești,radinesti,village,23.7646398,44.7914504
642,Zăicoiu,zaicoiu,village,23.7455458,44.7437247
642,Barza,barza,village,23.3449878,44.9795446
642,Botorogi,botorogi,village,23.2894225,44.9886463
642,Brătuia,bratuia,village,23.3590796,44.9334448
642,Bucureasa,bucureasa,village,23.3162828,44.9986528
642,Merfulești,merfulesti,village,23.3684742,44.9502913
642,Șasa,sasa,village,23.3905427,44.9839458
642,Trocani,trocani,village,23.37936,44.9441202
642,Țârculești,tarculesti,village,23.3482989,44.9267633
642,Ungureni,ungureni,village,23.3650841,44.9884887
642,Văcarea,vacarea,village,23.3006364,44.9668983
642,Drăgotești,dragotesti,village,23.1424366,44.8203103
642,Corobăi,corobai,village,23.1629992,44.7981129
642,Trestioara,trestioara,village,23.179882,44.7795651
642,Fărcășești,farcasesti,village,23.2189957,44.8609085
642,Fărcășești Moșneni,farcasesti mosneni,village,23.1900989,44.8744403
642,Peșteana de Jos,pesteana de jos,village,23.2697432,44.833335
642,Rogojel,rogojel,village,23.1343014,44.9059877
642,Roșia Jiu,rosia jiu,village,23.1613649,44.89041
642,Timișeni,timiseni,village,23.1181895,44.8752438
642,Valea cu Apă,valea cu apa,village,23.2570514,44.8455251
642,Iormănești,iormanesti,village,22.915558,44.9064251
642,Cămuiești,camuiesti,village,22.8978143,44.9493841
642,Cleșnești,clesnesti,village,22.9017751,44.9057922
642,Glogova,glogova,village,22.9052361,44.9340215
642,Olteanu,olteanu,village,22.9201068,44.8855088
642,Godinești,godinesti,village,22.9659425,45.0072239
642,Arjoci,arjoci,village,22.9552031,44.9797121
642,Chiliu,chiliu,village,22.9290264,44.9768466
642,Câlcești,calcesti,village,22.9669603,44.9685962
642,Pârâu de Pripor,parau de pripor,village,22.9885583,44.9630702
642,Pârâu de Vale,parau de vale,village,22.9975741,44.9785753
642,Rătez,ratez,village,22.9231636,44.9602398
642,Hurezani,hurezani,village,23.6475805,44.8036778
642,Busuioci,busuioci,village,23.6672231,44.8121504
642,Pegeni,pegeni,village,23.6395926,44.7852799
642,Plopu,plopu,village,23.6018972,44.790283
642,Totea de Hurezani,totea de hurezani,village,23.6234306,44.82411
642,Ionești,ionesti,village,23.4301376,44.6238767
642,Gura Șușiței,gura susitei,village,23.4299231,44.6050676
642,Iliești,iliesti,village,23.4023618,44.6437428
642,Picu,picu,village,23.4441328,44.5941229
642,Jupânești,jupanesti,village,23.5307383,44.9065129
642,Boia,boia,village,23.5022496,44.9246617
642,Pârâu Boia,parau boia,village,23.5386703,44.9261738
642,Vidin,vidin,village,23.5131802,44.9261387
642,Vierșani,viersani,village,23.5311988,44.8787523
642,Lelești,lelesti,village,23.2036296,45.0936177
642,Frătești,fratesti,village,23.2159496,45.1233622
642,Rasovița,rasovita,village,23.1732501,45.0792615
642,Licurici,licurici,village,23.6218532,44.9146343
642,Frumușei,frumusei,village,23.6301322,44.884274
642,Negreni,negreni,village,23.641316,44.8442353
642,Totea,totea,village,23.5998722,44.8701428
642,Târgu Logrești,targu logresti,village,23.7139392,44.8721219
642,Colțești,coltesti,village,23.6800473,44.8324537
642,Frunza,frunza,village,23.6953388,44.8502359
642,Logrești Moșteni,logresti mosteni,village,23.7048036,44.906633
642,Măru,maru,village,23.7453819,44.9049072
642,Popești,popesti,village,23.698885,44.9223787
642,Seaca,seaca,village,23.7496239,44.9303851
642,Mătăsari,matasari,village,23.0887274,44.8477639
642,Brădet,bradet,village,23.0720609,44.8669862
642,Brădețel,bradetel,village,23.0627761,44.8828855
642,Croici,croici,village,23.0974799,44.8315026
642,Runcurel,runcurel,village,23.0199091,44.8590639
642,Arșeni,arseni,village,23.433842,45.1771661
642,Gămani,gamani,village,23.4261763,45.1362695
642,Grui,grui,village,23.4330269,45.1242044
642,Stăncești,stancesti,village,23.4667775,45.1761672
642,Negomir,negomir,village,23.1773662,44.8314913
642,Artanu,artanu,village,23.2219554,44.7873247
642,Bohorel,bohorel,village,23.1310846,44.8474648
642,Condeiești,condeiesti,village,23.2645219,44.7535436
642,Nucetu,nucetu,village,23.2784008,44.7486075
642,Orzu,orzu,village,23.2377138,44.7750276
642,Paltinu,paltinu,village,23.2383065,44.7680792
642,Raci,raci,village,23.2577601,44.7632324
642,Ursoaia,ursoaia,village,23.2097408,44.8127558
642,Valea Racilor,valea racilor,village,23.2523786,44.7713964
642,Călugăreni,calugareni,village,22.8208479,45.0508503
642,Apa Neagră,apa neagra,village,22.8593567,44.9952992
642,Cerna-Sat,cerna-sat,village,22.6857604,45.1285277
642,Cloșani,closani,village,22.8016551,45.0682046
642,Motru Sec,motru sec,village,22.7926209,45.0625816
642,Orzești,orzesti,village,22.8163088,45.0486835
642,Padeș,pades,village,22.8573914,45.0206714
642,Văieni,vaieni,village,22.841757,45.0315737
642,Peștișani,pestisani,village,23.0475151,45.0780161
642,Boroșteni,borosteni,village,23.028056,45.0971064
642,Brădiceni,bradiceni,village,23.0791018,45.0581087
642,Frâncești,francesti,village,23.0584775,45.0875056
642,Gureni,gureni,village,23.0397722,45.1118735
642,Hobița,hobita,village,23.057149,45.0512715
642,Seuca,seuca,village,23.0334381,45.0102131
642,Plopșoru,plopsoru,village,23.3502446,44.789841
642,Broșteni,brosteni,village,23.4176074,44.6861072
642,Broștenii de Sus,brostenii de sus,village,23.4404902,44.6703948
642,Ceplea,ceplea,village,23.4079827,44.6978081
642,Cursaru,cursaru,village,23.4319508,44.6760216
642,Deleni,deleni,village,23.3726971,44.7910127
642,Izvoarele,izvoarele,village,23.3988752,44.7172302
642,Olari,olari,village,23.3322213,44.8076139
642,Piscuri,piscuri,village,23.3934174,44.7764581
642,Sărdănești,sardanesti,village,23.3608739,44.7708602
642,Văleni,valeni,village,23.3866977,44.7408817
642,Racovița,racovita,village,23.8353737,45.1689981
642,Prigoria,prigoria,village,23.6865259,45.0707508
642,Bucșana,bucsana,village,23.7145453,45.0640069
642,Burlani,burlani,village,23.6961047,45.0435184
642,Călugăreasa,calugareasa,village,23.6378922,45.0413316
642,Dobrana,dobrana,village,23.6674531,45.0542824
642,Negoiești,negoiesti,village,23.6654226,45.0341966
642,Zorlești,zorlesti,village,23.7202348,45.0915182
642,Roșia de Amaradia,rosia de amaradia,village,23.7657064,45.0473405
642,Becheni,becheni,village,23.7507612,45.0667222
642,Dealu Viei,dealu viei,village,23.7693694,45.068765
642,Ruget,ruget,village,23.7676556,45.0153657
642,Seciurile,seciurile,village,23.7324755,45.0207735
642,Stejaru,stejaru,village,23.7152995,45.0187889
642,Șitoaia,sitoaia,village,23.7596855,45.0779044
642,Runcu,runcu,village,23.1423076,45.1192495
642,Bâlta,balta,village,23.1019565,45.1180532
642,Bâltișoara,baltisoara,village,23.1194736,45.119957
642,Dobrița,dobrita,village,23.1740631,45.1350352
642,Răchiți,rachiti,village,23.1516824,45.0975076
642,Suseni,suseni,village,23.2080101,45.1408786
642,Valea Mare,valea mare,village,23.0800428,45.112626
642,Samarinești,samarinesti,village,23.044059,44.7567996
642,Băzăvani,bazavani,village,23.0312511,44.7983153
642,Boca,boca,village,23.0270283,44.7656575
642,Duculești,duculesti,village,23.0444242,44.7908885
642,Larga,larga,village,23.0655708,44.7726116
642,Țirioi,tirioi,village,23.0474118,44.7811336
642,Valea Bisericii,valea bisericii,village,23.0265052,44.7566293
642,Valea Mică,valea mica,village,23.1005113,44.7759812
642,Valea Poienii,valea poienii,village,23.0528608,44.7446202
642,Blahnița de Sus,blahnita de sus,village,23.5509924,45.1358636
642,Hăiești,haiesti,village,23.5393051,45.0733621
642,Jeriștea,jeristea,village,23.5282491,45.1234829
642,Magherești,magheresti,village,23.5231693,45.094126
642,Săulești,saulesti,village,23.4829707,44.8079876
642,Bibești,bibesti,village,23.4917118,44.7800093
642,Dolcești,dolcesti,village,23.5049493,44.8156114
642,Purcaru,purcaru,village,23.4707948,44.8445948
642,Scoarța,scoarta,village,23.4651925,45.0179514
642,Bobu,bobu,village,23.5097476,45.0354433
642,Budieni,budieni,village,23.402405,45.0165914
642,Cerătu de Copăcioasa,ceratu de copacioasa,village,23.4340991,45.0151679
642,Câmpu Mare,campu mare,village,23.5514737,45.038123
642,Colibași,colibasi,village,23.5228125,45.0217169
642,Copăcioasa,copacioasa,village,23.4325082,45.0333124
642,Lazuri,lazuri,village,23.480098,45.0246874
642,Lintea,lintea,village,23.443251,45.0303882
642,Mogoșani,mogosani,village,23.5351641,45.053735
642,Pișteștii din Deal,pistestii din deal,village,23.3993526,45.0319723
642,Sâmbotin,sambotin,village,23.3411484,45.1362358
642,Arsuri,arsuri,village,23.3157215,45.1540243
642,Gornăcel,gornacel,village,23.3472226,45.1720168
642,Păjiștele,pajistele,village,23.325394,45.1534295
642,Schela,schela,village,23.2894872,45.1773754
642,Slivilești,slivilesti,village,23.136253,44.7781787
642,Cojmănești,cojmanesti,village,23.1169287,44.8036102
642,Miculești,miculesti,village,23.0453034,44.8228278
642,Știucani,stiucani,village,23.0398854,44.8296914
642,Strâmtu,stramtu,village,23.1132382,44.7763205
642,Sura,sura,village,23.1622987,44.7564991
642,Șiacu,siacu,village,23.1773001,44.7558961
642,Tehomir,tehomir,village,23.0789594,44.8059324
642,Stănești,stanesti,village,23.2412209,45.1156925
642,Alexeni,alexeni,village,23.2489092,45.1359823
642,Bălani,balani,village,23.2589006,45.0863348
642,Călești,calesti,village,23.2657745,45.0971602
642,Curpen,curpen,village,23.2587483,45.1571643
642,Măzăroi,mazaroi,village,23.2673791,45.1014302
642,Obreja,obreja,village,23.2647713,45.1092059
642,Pârvulești,parvulesti,village,23.2206338,45.1564568
642,Vaidei,vaidei,village,23.2699494,45.1861684
642,Vălari,valari,village,23.2343002,45.1587978
642,Stejari,stejari,village,23.6918296,44.7734943
642,Baloșani,balosani,village,23.658659,44.7309295
642,Băcești,bacesti,village,23.6769973,44.7365774
642,Dealu Leului,dealu leului,village,23.7181459,44.7323944
642,Piscoiu,piscoiu,village,23.7535515,44.8523911
642,Popești Stejari,popesti stejari,village,23.7338927,44.81641
642,Stoina,stoina,village,23.6341529,44.6841847
642,Mielușei,mielusei,village,23.664703,44.6741097
642,Păișani,paisani,village,23.6421183,44.666901
642,Toiaga,toiaga,village,23.645985,44.6922835
642,Ulmet,ulmet,village,23.6579207,44.6815086
642,Urda de Sus,urda de sus,village,23.6482437,44.6579561
642,Telești,telesti,village,23.0822603,44.9998084
642,Buduhala,buduhala,village,23.1289217,44.9843515
642,Șomănești,somanesti,village,23.1141034,44.961099
642,Celei,celei,village,22.9262225,45.0117597
642,Costeni,costeni,village,22.8954254,45.0175608
642,Gornovița,gornovita,village,22.9691741,45.0722255
642,Isvarna,isvarna,village,22.9083336,45.0327242
642,Pocruia,pocruia,village,22.9245483,45.0448258
642,Racoți,racoti,village,22.9352094,44.9890694
642,Sohodol,sohodol,village,22.8819393,45.0553129
642,Topești,topesti,village,22.9706841,45.0801791
642,Vâlcele,valcele,village,22.9847457,45.0888553
642,Vânata,vanata,village,22.9724617,45.0481396
642,Turburea,turburea,village,23.516677,44.7191902
642,Cocorova,cocorova,village,23.5573379,44.6569027
642,Poiana,poiana,village,23.5314803,44.6517449
642,Spahii,spahii,village,23.5294641,44.6832474
642,Șipotu,sipotu,village,23.523612,44.7013431
642,Gârbovu,garbovu,village,23.346425,44.7313571
642,Jilțu,jiltu,village,23.3799493,44.6896094
642,Murgești,murgesti,village,23.364015,44.7106484
642,Strâmba Jiu,stramba jiu,village,23.3210428,44.7597894
642,Valea Viei,valea viei,village,23.3343817,44.7407161
642,Țânțăreni,tantareni,village,23.4923729,44.595246
642,Arpadia,arpadia,village,23.5760449,44.6388244
642,Chiciora,chiciora,village,23.5745906,44.6217142
642,Florești,floresti,village,23.5283797,44.6191768
642,Urdari,urdari,village,23.2945327,44.7969345
642,Fântânele,fantanele,village,23.3109662,44.7780727
642,Hotăroasa,hotaroasa,village,23.2825122,44.8230258
642,Văgiulești,vagiulesti,village,23.0833411,44.7180484
642,Cârciu,carciu,village,23.0594239,44.7402776
642,Covrigi,covrigi,village,23.1489078,44.7384513
642,Murgilești,murgilesti,village,23.0966339,44.7542234
642,Valea Motrului,valea motrului,village,23.1170289,44.698228
642,Andreești,andreesti,village,23.5509935,44.7894797
642,Frasin,frasin,village,23.5328837,44.8170306
642,Valea Deșului,valea desului,village,23.5694252,44.8559144
642,Vladimir,vladimir,village,23.5659752,44.8277332
642,Vârt,vart,village,23.1311456,44.9455885
642,Crivina,crivina,village,25.7839635,44.4317548
642,Suseni,suseni,village,25.6957152,44.4514775
642,Bucșani,bucsani,village,25.6605398,44.3691185
642,Anghelești,anghelesti,village,25.6415905,44.3371539
642,Goleasca,goleasca,village,25.5881569,44.3555486
642,Obedeni,obedeni,village,25.6544859,44.3509197
642,Vadu Lat,vadu lat,village,25.6749835,44.3446079
642,Uiești,uiesti,village,25.6137856,44.3579879
642,Făcău,facau,village,25.8326239,44.2927148
642,Pădureni,padureni,village,25.8046906,44.3457559
642,Podu Ilfovățului,podu ilfovatului,village,25.8191201,44.3187154
642,Hulubești,hulubesti,village,25.942889,44.1660894
642,Clejani,clejani,village,25.7015682,44.3181344
642,Neajlov,neajlov,village,25.7527508,44.3143676
642,Podul Doamnei,podul doamnei,village,25.7450305,44.3083086
642,Sterea,sterea,village,25.7358542,44.3233585
642,Vlad Țepeș,vlad tepes,village,26.132139,44.1324764
642,Crevedia Mare,crevedia mare,village,25.6252472,44.4306294
642,Crevedia Mică,crevedia mica,village,25.6096626,44.4418928
642,Dealu,dealu,village,25.6481864,44.3996479
642,Găiseanca,gaiseanca,village,25.5869139,44.4644965
642,Priboiu,priboiu,village,25.5898509,44.4488288
642,Sfântu Gheorghe,sfantu gheorghe,village,25.6006024,44.4352363
642,Stoenești,stoenesti,village,25.7119602,44.4856886
642,Cărpenișu,carpenisu,village,25.634016,44.5338891
642,Căscioarele,cascioarele,village,25.6351651,44.4992729
642,Podu Popa Nae,podu popa nae,village,25.6089292,44.5189517
642,Cetățuia,cetatuia,village,25.7437874,43.7576749
642,Rălești,ralesti,village,25.6850307,43.8554255
642,Mironești,mironesti,village,26.2482242,44.1695327
642,Tântava,tantava,village,25.8255634,44.4151323
642,Puțu Greci,putu greci,village,26.3484904,44.1421302
642,Herăști,herasti,village,26.3590341,44.211743
642,Isvoarele,isvoarele,village,26.3139841,44.1691888
642,Miloșești,milosesti,village,26.3745169,44.2097908
642,Teiușu,teiusu,village,26.2797268,44.1674306
642,Bănești,banesti,village,25.8909787,44.2740612
642,Gorneni,gorneni,village,25.8637671,44.2840817
642,Valter Mărăcineanu,valter maracineanu,village,25.8657503,44.2370351
642,Izvoarele,izvoarele,village,25.7747271,44.0325147
642,Chiriacu,chiriacu,village,25.7772567,44.0503633
642,Dimitrie Cantemir,dimitrie cantemir,village,25.8190221,44.0268185
642,Radu Vodă,radu voda,village,25.8200626,44.0055849
642,Valea Bujorului,valea bujorului,village,25.8336849,44.0769755
642,Milcovățu,milcovatu,village,25.6988159,44.2656994
642,Mârșa,marsa,village,25.5593848,44.3730723
642,Ogrezeni,ogrezeni,village,25.7804173,44.4047928
642,Hobaia,hobaia,village,25.7761335,44.3897675
642,Roata de Jos,roata de jos,village,25.5439997,44.4116957
642,Cartojani,cartojani,village,25.4899414,44.4322081
642,Roata Mică,roata mica,village,25.5574422,44.3986732
642,Sadina,sadina,village,25.5277239,44.4125157
642,Bila,bila,village,25.8513099,44.1698023
642,Cămineasca,camineasca,village,25.8181503,44.1707757
642,Vlașin,vlasin,village,25.859266,44.0995082
642,Bălanu,balanu,village,25.9191908,43.9192207
642,Mirău,mirau,village,25.8641483,44.1401924
642,Ulmi,ulmi,village,25.7817601,44.4863323
642,Căscioarele,cascioarele,village,25.7470455,44.5181239
642,Drăgăneasca,draganeasca,village,25.740035,44.5290991
642,Ghionea,ghionea,village,25.8022333,44.4835352
642,Icoana,icoana,village,25.7457562,44.4922886
642,Moșteni,mosteni,village,25.780214,44.4607491
642,Poenari,poenari,village,25.767519,44.4722057
642,Trestieni,trestieni,village,25.7575922,44.5050194
642,Vărăști,varasti,village,26.2446052,44.2383697
642,Vedea,vedea,village,25.7886007,43.7821747
642,Malu,malu,village,25.8186347,43.8151755
642,Corbeanca,corbeanca,village,25.568176,44.4779291
642,Cupele,cupele,village,25.5271971,44.5037106
642,Izvoru,izvoru,village,25.5413351,44.5097758
642,Poiana lui Stângă,poiana lui stanga,village,25.5861467,44.5101685
642,Vâlcele,valcele,village,25.5714746,44.4690534
642,Vânătorii Mari,vanatorii mari,village,25.5417209,44.4891678
642,Zădăriciu,zadariciu,village,25.5812059,44.4732784
642,Tomulești,tomulesti,village,25.6382849,43.9767589
642,Arvățeni,arvateni,village,25.3054185,46.2688408
642,Cireșeni,cireseni,village,25.2026506,46.3205903
642,Forțeni,forteni,village,25.2390332,46.307899
642,Hoghia,hoghia,village,25.249701,46.2843795
642,Oțeni,oteni,village,25.2540221,46.2586807
642,Polonița,polonita,village,25.2517631,46.3350096
642,Teleac,teleac,village,25.3217676,46.2454987
642,Văleni,valeni,village,25.3305249,46.267592
642,Ciba,ciba,village,25.7458216,46.3788603
642,Harghita-Băi,harghita-bai,village,25.6365968,46.3856326
642,Jigodin-Băi,jigodin-bai,suburb,25.8097274,46.3274787
642,Păuleni-Ciuc,pauleni-ciuc,village,25.8339877,46.3955062
642,Delnița,delnita,village,25.8297017,46.412901
642,Șoimeni,soimeni,village,25.8527528,46.394364
642,Carpitus,carpitus,village,25.8543023,46.1218844
642,Covacipeter,covacipeter,hamlet,25.7195329,46.7261883
642,Lacu Roșu,lacu rosu,village,25.7953129,46.7930128
642,Vargatac,vargatac,hamlet,25.6314398,46.7543442
642,Călimănel,calimanel,village,25.320073,46.9391104
642,Luncani,luncani,village,25.3568203,46.9123509
642,Măgheruș,magherus,village,25.3467609,46.9198033
642,Moglănești,moglanesti,village,25.3830383,46.9235699
642,Secu,secu,village,25.4834929,46.989154
642,Vale,vale,village,25.3766355,46.9470769
642,Vâgani,vagani,village,25.2913165,46.9485999
642,Zencani,zencani,village,25.3339712,46.9267628
642,Băile Homorod,baile homorod,village,25.4696807,46.3526321
642,Minele Lueta,minele lueta,village,25.5064278,46.3063702
642,Atid,atid,village,25.0484394,46.4533075
642,Crișeni,criseni,village,24.9707767,46.4169299
642,Cușmed,cusmed,village,25.0455689,46.4761147
642,Inlăceni,inlaceni,village,25.1088567,46.4300477
642,Șiclod,siclod,village,25.0407564,46.5172006
642,Andreeni,andreeni,village,25.0232371,46.347104
642,Cechești,cechesti,village,25.0210311,46.3130031
642,Goagiu,goagiu,village,25.0302984,46.3652729
642,Firtănuș,firtanus,village,25.0957783,46.4076631
642,Laz-Firtănuș,laz-firtanus,hamlet,25.0422137,46.3940902
642,Laz-Șoimuș,laz-soimus,village,24.9821812,46.3607315
642,Medișoru Mic,medisoru mic,village,25.0503616,46.3868119
642,Bilbor,bilbor,village,25.4910662,47.0659301
642,Răchitiș,rachitis,village,25.5074379,47.0468637
642,Ciucsângeorgiu,ciucsangeorgiu,village,25.9566353,46.3219767
642,Armășeni,armaseni,village,25.960656,46.3531223
642,Armășenii Noi,armasenii noi,village,25.9656409,46.3309032
642,Bancu,bancu,village,25.9422575,46.3019065
642,Ciobăniș,ciobanis,village,26.1666932,46.3852233
642,Cotormani,cotormani,village,25.9084139,46.3049686
642,Ghiurche,ghiurche,hamlet,26.0675031,46.3885738
642,Potiond,potiond,village,25.9521721,46.3628194
642,Ciumani,ciumani,village,25.5178635,46.6782885
642,Corbu,corbu,village,25.6846844,46.9914199
642,Capu Corbului,capu corbului,village,25.6292151,46.9997517
642,Atia,atia,village,25.12963,46.4867673
642,Calonda,calonda,village,25.2176109,46.443561
642,Fântâna Brazilor,fantana brazilor,village,25.2509859,46.4862963
642,Valea lui Pavel,valea lui pavel,village,25.2168168,46.515933
642,Dealu,dealu,village,25.3043681,46.3950271
642,Fâncel,fancel,village,25.2996472,46.3683049
642,Sâncrai,sancrai,village,25.3257591,46.3678558
642,Tămașu,tamasu,village,25.288689,46.3481037
642,Tibod,tibod,village,25.3129657,46.3477882
642,Ulcani,ulcani,village,25.2782962,46.3596101
642,Valea Rotundă,valea rotunda,hamlet,25.3274479,46.406957
642,Ditrău,ditrau,village,25.5009076,46.8039132
642,Jolotca,jolotca,village,25.5278814,46.8640285
642,Țengheler,tengheler,locality,25.5523294,46.8689426
642,Dârjiu,darjiu,village,25.1988858,46.2007316
642,Mujna,mujna,village,25.150357,46.2068346
642,Frumoasa,frumoasa,village,25.8533261,46.4536792
642,Bârzava,barzava,village,25.8249459,46.4300821
642,Făgețel,fagetel,village,25.9519576,46.4626037
642,Nicolești,nicolesti,village,25.8444556,46.4391764
642,Gălăuțaș,galautas,village,25.4066075,46.9108276
642,Dealu Armanului,dealu armanului,hamlet,25.3997718,46.8900686
642,Gălăuțaș-Pârău,galautas-parau,village,25.3785016,46.8924166
642,Nuțeni,nuteni,village,25.4129284,46.8857757
642,Plopiș,plopis,village,25.3887093,46.9139663
642,Preluca,preluca,hamlet,25.3578305,46.8903773
642,Toleșeni,toleseni,village,25.4059323,46.9178904
642,Zăpodea,zapodea,hamlet,25.3584102,46.8986437
642,Borzont,borzont,village,25.4499129,46.6953815
642,Bucin,bucin,hamlet,25.3920628,46.6779165
642,Lăzarea,lazarea,village,25.5326726,46.7460218
642,Ghiduț,ghidut,village,25.5411438,46.7865286
642,Lueta,lueta,village,25.4899138,46.2737882
642,Băile Chirui,baile chirui,village,25.5834322,46.3012328
642,Lunca de Jos,lunca de jos,village,25.9741909,46.5623029
642,Barațcoș,baratcos,village,25.9741483,46.6369903
642,Poiana Fagului,poiana fagului,village,25.953768,46.6414041
642,Puntea Lupului,puntea lupului,village,25.929626,46.6899453
642,Valea lui Antaloc,valea lui antaloc,village,25.9668301,46.5689821
642,Valea Boroș,valea boros,village,25.988489,46.5473914
642,Valea Capelei,valea capelei,village,25.9899696,46.5593012
642,Valea Întunecoasă,valea intunecoasa,village,25.9536482,46.561246
642,Valea Rece,valea rece,village,25.9568882,46.6204952
642,Lunca de Sus,lunca de sus,village,25.959666,46.5300442
642,Comiat,comiat,village,25.943391,46.4929626
642,Izvorul Trotușului,izvorul trotusului,village,25.9419748,46.4833371
642,Păltiniș-Ciuc,paltinis-ciuc,village,25.9686836,46.5439968
642,Valea Gârbea,valea garbea,village,25.9437861,46.5355478
642,Valea Ugra,valea ugra,village,25.9766826,46.5252759
642,Lupeni,lupeni,village,25.2200378,46.3800055
642,Bisericani,bisericani,village,25.243075,46.3680441
642,Bulgăreni,bulgareni,village,25.25257,46.3659045
642,Firtușu,firtusu,village,25.1480751,46.426023
642,Morăreni,morareni,village,25.2184031,46.3570778
642,Păltiniș,paltinis,village,25.1979766,46.3919579
642,Păuleni,pauleni,village,25.1860108,46.4270761
642,Satu Mic,satu mic,village,25.1973635,46.3729717
642,Sâncel,sancel,village,25.2966698,46.4692892
642,Mărtiniș,martinis,village,25.3908976,46.2328028
642,Aldea,aldea,village,25.4342238,46.2524894
642,Bădeni,badeni,village,25.3475998,46.2177936
642,Călugăreni,calugareni,village,25.4009629,46.2920678
642,Chinușu,chinusu,village,25.3609377,46.2575896
642,Comănești,comanesti,village,25.440315,46.2655802
642,Ghipeș,ghipes,village,25.4045949,46.2616674
642,Locodeni,locodeni,village,25.3567016,46.2404551
642,Orășeni,oraseni,village,25.365827,46.1640278
642,Petreni,petreni,village,25.3767421,46.1768688
642,Rareș,rares,village,25.3860311,46.2076219
642,Sânpaul,sanpaul,village,25.3823508,46.1914025
642,Merești,meresti,village,25.4609855,46.2345849
642,Mihăileni,mihaileni,village,25.8321493,46.4749326
642,Livezi,livezi,village,25.8508694,46.5178364
642,Nădejdea,nadejdea,village,25.8395134,46.4963964
642,Văcărești,vacaresti,village,25.7984942,46.4658432
642,Aluniș,alunis,village,25.1862498,46.2634632
642,Beta,beta,village,25.2245601,46.2774753
642,Betești,betesti,village,25.082425,46.2902739
642,Dobeni,dobeni,village,25.1879206,46.2877919
642,Mătișeni,matiseni,village,25.1683029,46.2350469
642,Tăietura,taietura,village,25.2001329,46.2980474
642,Ocland,ocland,village,25.4261145,46.159516
642,Crăciunel,craciunel,village,25.4327586,46.1821915
642,Satu Nou,satu nou,village,25.4171183,46.1455231
642,Plăieșii de Jos,plaiesii de jos,village,26.1003289,46.2282659
642,Casinu Nou,casinu nou,village,26.0486107,46.19712
642,Iacobeni,iacobeni,village,26.1071899,46.200573
642,Imper,imper,village,26.1078659,46.2200492
642,Plăieșii de Sus,plaiesii de sus,village,26.107456,46.2351533
642,Becaș,becas,village,25.1974131,46.5169397
642,Bucin,bucin,hamlet,25.205313,46.5734393
642,Ocna de Jos,ocna de jos,village,25.1305935,46.5243834
642,Ocna de Sus,ocna de sus,village,25.150677,46.5267308
642,Șașvereș,sasveres,locality,25.0902401,46.5680242
642,Remetea,remetea,village,25.4502837,46.7935325
642,Făgețel,fagetel,hamlet,25.3843153,46.8368408
642,Martonca,martonca,locality,25.4376049,46.8312345
642,Sineu,sineu,hamlet,25.419255,46.814694
642,Săcel,sacel,village,24.9299934,46.3136238
642,Șoimușu Mare,soimusu mare,village,24.9265096,46.347871
642,Șoimușu Mic,soimusu mic,village,24.9616634,46.3358104
642,Uilac,uilac,village,24.8680862,46.3081027
642,Vidacut,vidacut,village,24.894981,46.3384649
642,Sărmaș,sarmas,village,25.4431318,46.8850588
642,Fundoaia,fundoaia,village,25.4578094,46.8899226
642,Hodoșa,hodosa,village,25.4461987,46.8655794
642,Platonești,platonesti,village,25.4173095,46.9064315
642,Runc,runc,village,25.4450578,46.8992812
642,Eliseni,eliseni,village,24.9372295,46.2925271
642,Ciaracio,ciaracio,village,25.7485069,46.4115946
642,Racu,racu,village,25.7605998,46.4517753
642,Gârciu,garciu,village,25.7813612,46.4555759
642,Fitod,fitod,village,25.8468135,46.3570358
642,Hosasău,hosasau,village,25.9055206,46.3441554
642,Leliceni,leliceni,village,25.8476568,46.3467606
642,Misentea,misentea,village,25.8947352,46.3268903
642,Sântimbru,santimbru,village,25.8543891,46.2812609
642,Sântimbru-Băi,santimbru-bai,village,25.7604152,46.271033
642,Sândominic,sandominic,village,25.7930527,46.5793285
642,Lăzărești,lazaresti,village,25.9418868,46.1919819
642,Valea Uzului,valea uzului,village,26.2528068,46.3431997
642,Sânsimion,sansimion,village,25.8860762,46.2582537
642,Cetățuia,cetatuia,village,25.8978386,46.2420544
642,Subcetate,subcetate,village,25.4327535,46.8557879
642,Călnaci,calnaci,village,25.3667397,46.8551891
642,Duda,duda,hamlet,25.4061101,46.846222
642,Filpea,filpea,village,25.4098717,46.8794166
642,Senetea,senetea,hamlet,25.5928744,46.6354576
642,Șimonești,simonesti,village,25.1088512,46.3358289
642,Bențid,bentid,village,25.1726063,46.372596
642,Cădaciu Mare,cadaciu mare,village,25.1342271,46.3532128
642,Cădaciu Mic,cadaciu mic,village,25.1204166,46.3462182
642,Cehețel,cehetel,village,25.143791,46.3977061
642,Chedia Mare,chedia mare,hamlet,25.0485342,46.3353297
642,Chedia Mică,chedia mica,village,25.0614016,46.3410914
642,Cobătești,cobatesti,village,25.142599,46.3570252
642,Medișoru Mare,medisoru mare,village,25.0731609,46.3615374
642,Mihăileni,mihaileni,village,25.1753621,46.3628617
642,Nicoleni,nicoleni,village,25.0876684,46.3387977
642,Rugănești,ruganesti,village,25.0734489,46.3046863
642,Tărcești,tarcesti,village,25.1329576,46.3763666
642,Turdeni,turdeni,village,25.1021327,46.3796486
642,Tulgheș,tulghes,village,25.7626421,46.9654071
642,Hagota,hagota,village,25.6827517,46.8727705
642,Pintic,pintic,village,25.8390105,46.9627898
642,Recea,recea,village,25.7287191,46.9007851
642,Vrabia,vrabia,village,25.9051183,46.2229465
642,Ulieș,ulies,village,25.2416106,46.2130074
642,Daia,daia,village,25.3098295,46.1936553
642,Iașu,iasu,village,25.2580343,46.2095492
642,Ighiu,ighiu,village,25.2863984,46.2042946
642,Nicolești,nicolesti,village,25.2583368,46.2421405
642,Obrănești,obranesti,village,25.2916858,46.2281727
642,Petecu,petecu,village,25.2348392,46.1727444
642,Vasileni,vasileni,village,25.2706101,46.2283538
642,Vărșag,varsag,village,25.3390012,46.5315546
642,Voșlăbeni,voslabeni,village,25.6225963,46.6460113
642,Izvoru Mureșului,izvoru muresului,village,25.682584,46.6268701
642,Desag,desag,village,25.46565,46.4443975
642,Izvoare,izvoare,village,25.4563458,46.4619541
642,Poiana Târnavei,poiana tarnavei,village,25.423803,46.5053231
642,Bora,bora,village,27.3966605,44.5576432
642,Buliga,buliga,village,27.7921849,44.3574503
642,Fetești-Gară,fetesti-gara,village,27.8243076,44.4170885
642,Vlașca,vlasca,village,27.8486463,44.3966378
642,Bataluri,bataluri,hamlet,27.1492893,44.5273874
642,Buești,buesti,village,27.1872935,44.5447311
642,Marsilieni,marsilieni,village,27.0923653,44.5389512
642,Andrășești,andrasesti,village,27.1448036,44.5756258
642,Orboești,orboesti,village,27.104237,44.5782762
642,Balaciu,balaciu,village,26.9030563,44.6355862
642,Copuzu,copuzu,village,26.8995281,44.6028009
642,Crăsanii de Jos,crasanii de jos,village,26.8752946,44.5989459
642,Crăsanii de Sus,crasanii de sus,village,26.8503867,44.6002695
642,Sărățeni,sarateni,village,26.9268613,44.6342189
642,Bordușani,bordusani,village,27.9049997,44.4819212
642,Cegani,cegani,village,27.9017506,44.4627916
642,Căzănești,cazanesti,town,27.010812,44.6222417
642,Piersica,piersica,village,27.0022614,44.5655056
642,Ciulnița,ciulnita,village,27.3435059,44.5369935
642,Ion Ghica,ion ghica,village,27.3060837,44.531487
642,Ivănești,ivanesti,village,27.2798195,44.5343015
642,Poiana,poiana,village,27.259516,44.5489615
642,Colelia,colelia,village,27.0074634,44.761193
642,Cosâmbești,cosambesti,village,27.4357874,44.5603397
642,Gimbășani,gimbasani,village,27.475709,44.5623228
642,Mărculești,marculesti,village,27.5156197,44.5669758
642,Mihail Kogălniceanu,mihail kogalniceanu,village,27.7113138,44.6788391
642,Hagieni,hagieni,hamlet,27.7572937,44.6454871
642,Miloșești,milosesti,village,27.2285136,44.7365595
642,Nicolești,nicolesti,village,27.2125005,44.7592391
642,Tovărășia,tovarasia,village,27.1643497,44.7811206
642,Movila,movila,village,27.7174028,44.5374537
642,Munteni-Buzău,munteni-buzau,village,26.972877,44.6383832
642,Perieți,perieti,village,27.2414436,44.5630835
642,Misleanu,misleanu,village,27.2143253,44.5741576
642,Sălcioara,salcioara,village,26.8813795,44.5397565
642,Săveni,saveni,village,27.6359111,44.6032448
642,Frățilești,fratilesti,village,27.6044444,44.6145243
642,Lăcusteni,lacusteni,village,27.6756875,44.6071492
642,Platonești,platonesti,village,27.6937276,44.6073552
642,Sfântu Gheorghe,sfantu gheorghe,village,26.8656199,44.6434752
642,Butoiu,butoiu,village,26.8393907,44.6484423
642,Malu,malu,village,26.8244522,44.6501249
642,Maltezi,maltezi,village,27.8877651,44.4231707
642,Retezatu,retezatu,hamlet,27.8950678,44.4418166
642,Sudiți,suditi,village,27.595976,44.5723558
642,Gura Văii,gura vaii,village,27.5683314,44.5703513
642,Bucșa,bucsa,village,27.5225502,44.7173971
642,Dumitrești,dumitresti,village,27.5059283,44.7157959
642,Adâncata,adancata,village,26.4345592,44.7686348
642,Patru Frați,patru frati,village,26.4705928,44.7367187
642,Alexeni,alexeni,village,26.7106387,44.6796571
642,Armășești,armasesti,village,26.5861721,44.7470928
642,Bărbulești,barbulesti,village,26.5992945,44.7262928
642,Malu Roșu,malu rosu,village,26.5793685,44.7811562
642,Nenișori,nenisori,village,26.576115,44.7608031
642,Axintele,axintele,village,26.7614141,44.612495
642,Bărbătescu,barbatescu,village,26.8001799,44.6106589
642,Horia,horia,village,26.8026894,44.5374779
642,Bărcănești,barcanesti,village,26.6442468,44.6427238
642,Condeești,condeesti,village,26.6870097,44.6254065
642,Rădulești,radulesti,village,26.3595816,44.766452
642,Maia,maia,village,26.4015197,44.7360618
642,Movileanca,movileanca,village,26.3211399,44.7841529
642,Răsimnicea,rasimnicea,village,26.3364215,44.7785416
642,Drăgoești,dragoesti,village,26.539538,44.567706
642,Chiroiu-Pamânteni,chiroiu-pamanteni,village,26.5057868,44.5976107
642,Chiroiu-Satu Nou,chiroiu-satu nou,hamlet,26.4914397,44.5942461
642,Chiroiu-Ungureni,chiroiu-ungureni,hamlet,26.4989352,44.5899165
642,Valea Bisericii,valea bisericii,village,26.5653488,44.5895998
642,Dridu,dridu,village,26.453252,44.6952079
642,Dridu-Snagov,dridu-snagov,village,26.4531409,44.7129507
642,Moldoveni,moldoveni,village,26.5187591,44.7141388
642,Fierbinți-Târg,fierbinti-targ,town,26.3823791,44.6824655
642,Fierbinții de Jos,fierbintii de jos,village,26.3962931,44.6952337
642,Fierbinții de Sus,fierbintii de sus,village,26.4009856,44.6823836
642,Grecii de Jos,grecii de jos,village,26.3525219,44.6722756
642,Ion Roată,ion roata,village,26.7832923,44.6619044
642,Broșteni,brosteni,village,26.7478714,44.671922
642,Slătioarele,slatioarele,village,26.5169429,44.7861488
642,Bițina-Pământeni,bitina-pamanteni,village,26.4728534,44.6075628
642,Bițina-Ungureni,bitina-ungureni,village,26.4812005,44.6056836
642,Roșiori,rosiori,village,26.5345736,44.6128978
642,Boteni,boteni,village,26.4543536,44.5697091
642,Cătrunești,catrunesti,village,26.3905321,44.5568391
642,Hagiești,hagiesti,village,26.4358929,44.5451584
642,Livedea,livedea,village,26.4251863,44.587714
642,Grindași,grindasi,village,26.8400845,44.7270996
642,Gura Văii,gura vaii,village,22.5564574,44.6673203
642,Dudașu Schelei,dudasu schelei,village,22.5960132,44.6412791
642,Schela Cladovei,schela cladovei,village,22.6134261,44.6283647
642,Cerneți,cerneti,village,22.7094222,44.6347817
642,Dedovița Nouă,dedovita noua,village,22.7298917,44.6271632
642,Dedovița Veche,dedovita veche,village,22.7729669,44.6272365
642,Dudașu,dudasu,village,22.6958746,44.6520511
642,Erghevița,erghevita,village,22.7852191,44.6077222
642,Poroina,poroina,village,22.7780176,44.6178466
642,Valea Copcii,valea copcii,village,22.7603063,44.6354363
642,Bratilovu,bratilovu,village,22.7887406,45.0228813
642,Brebina,brebina,village,22.8162276,45.0126463
642,Dealu Mare,dealu mare,village,22.8141915,44.9841202
642,Mărășești,marasesti,village,22.7744865,45.0209457
642,Negoești,negoesti,village,22.8608291,44.983112
642,Pistrița,pistrita,village,22.8419505,44.9675142
642,Stănești,stanesti,village,22.7540903,45.0199848
642,Titerlești,titerlesti,village,22.8041188,45.0223525
642,Obârșia-Cloșani,obarsia-closani,village,22.6834375,45.0234171
642,Godeanu,godeanu,village,22.65228,45.0198725
642,Comanda,comanda,village,23.1641344,44.6487658
642,Hurducești,hurducesti,village,23.1433836,44.6016343
642,Lunca Banului,lunca banului,village,23.2451756,44.6141639
642,Slătinicu Mare,slatinicu mare,village,23.2056659,44.599366
642,Slătinicu Mic,slatinicu mic,village,23.1908581,44.5903086
642,Menți,menti,village,23.1658501,44.6750623
642,Motruleni,motruleni,village,23.1870911,44.6644428
642,Stăncești,stancesti,village,23.2673017,44.6167291
642,Bucura,bucura,village,22.8643745,44.3994235
642,Nicolae Bălcescu,nicolae balcescu,village,22.8583679,44.3742689
642,Orevița Mare,orevita mare,village,22.9131706,44.457446
642,Traian,traian,village,22.8578187,44.4594307
642,Bala,bala,village,22.8369817,44.883202
642,Bala de Sus,bala de sus,village,22.8134602,44.8983402
642,Brateșul,bratesul,village,22.8280526,44.9102602
642,Brativoești,brativoesti,village,22.8480381,44.9244685
642,Câmpu Mare,campu mare,village,22.8888859,44.8580162
642,Cârșu,carsu,village,22.8248171,44.9000894
642,Comănești,comanesti,village,22.8673699,44.935946
642,Crainici,crainici,village,22.8725134,44.9031481
642,Dâlma,dalma,village,22.7494637,44.8999921
642,Iupca,iupca,village,22.8636946,44.8669308
642,Molani,molani,village,22.8520694,44.9308101
642,Rudina,rudina,village,22.7955497,44.8797014
642,Runcșor,runcsor,village,22.7286317,44.8916541
642,Sărdănești,sardanesti,village,22.8881591,44.8787237
642,Vidimirești,vidimiresti,village,22.8253802,44.8596748
642,Balta,balta,village,22.6341985,44.8892433
642,Coada Cornetului,coada cornetului,village,22.6561136,44.9088077
642,Costești,costesti,village,22.584822,44.9255633
642,Gornovița,gornovita,village,22.6288211,44.9341164
642,Nevățu,nevatu,locality,22.6102744,44.896299
642,Prejna,prejna,village,22.5984694,44.9357919
642,Sfodea,sfodea,village,22.6024919,44.8593548
642,Bălăcița,balacita,village,23.126098,44.3854618
642,Dobra,dobra,village,23.0904045,44.3906946
642,Gvardinița,gvardinita,village,23.1463504,44.3950499
642,Bâcleș,bacles,village,23.1244993,44.4847508
642,Adunații Teiului,adunatii teiului,village,23.0543636,44.5187735
642,Brâgleasa,bragleasa,village,23.0659958,44.5189197
642,Corzu,corzu,village,23.1690951,44.4542424
642,Giura,giura,village,23.0956777,44.5065987
642,Petra,petra,village,23.095164,44.4588941
642,Podu Grosului,podu grosului,village,23.0658183,44.4829307
642,Seliștiuța,selistiuta,village,23.1025997,44.4942312
642,Smadovița,smadovita,village,23.2016165,44.4804995
642,Vlădica,vladica,village,23.072724,44.5084498
642,Bâlvănești,balvanesti,village,22.6777781,44.7971477
642,Băsești,basesti,village,22.7221658,44.7949278
642,Călineștii de Jos,calinestii de jos,village,22.6767236,44.809577
642,Călineștii de Sus,calinestii de sus,village,22.649723,44.8215314
642,Pârlagele,parlagele,village,22.6913193,44.7657573
642,Breznița-Motru,breznita-motru,village,23.2151048,44.5669351
642,Cosovăț,cosovat,village,23.2591819,44.5439408
642,Deleni,deleni,village,23.2990785,44.5576008
642,Făuroaia,fauroaia,village,23.2898819,44.5451037
642,Plai,plai,village,23.2376198,44.5436148
642,Tălăpanu,talapanu,village,23.2359514,44.5783948
642,Valea Teiului,valea teiului,village,23.155712,44.5609004
642,Breznița-Ocol,breznita-ocol,village,22.6126961,44.6726739
642,Jidoștița,jidostita,village,22.5931134,44.7158175
642,Magheru,magheru,village,22.6301678,44.6543701
642,Șușița,susita,village,22.6028392,44.7274927
642,Broșteni,brosteni,village,22.986185,44.7593951
642,Căpățânești,capatanesti,village,22.9943166,44.7490413
642,Luncșoara,luncsoara,village,23.0403377,44.7270585
642,Lupșa de Jos,lupsa de jos,village,22.9957198,44.7312979
642,Lupșa de Sus,lupsa de sus,village,22.9469249,44.7320775
642,Meriș,meris,village,22.9772841,44.7825451
642,Izvoru Frumos,izvoru frumos,village,22.4952385,44.4532989
642,Butoiești,butoiesti,village,23.3723541,44.5880155
642,Arginești,arginesti,village,23.4134901,44.5753712
642,Buicești,buicesti,village,23.3642661,44.5650188
642,Gura Motrului,gura motrului,village,23.4367839,44.5553278
642,Jugastru,jugastru,village,23.3951233,44.5786301
642,Pluta,pluta,village,23.3302888,44.5748806
642,Răduțești,radutesti,village,23.3516057,44.5894783
642,Tânțaru,tantaru,village,23.3418629,44.5376266
642,Căzănești,cazanesti,village,22.8934346,44.7240844
642,Ercea,ercea,village,22.9869099,44.6771881
642,Gârbovățu de Sus,garbovatu de sus,village,22.8317193,44.7261343
642,Govodarva,govodarva,village,22.897084,44.6924366
642,Ilovu,ilovu,village,22.8694772,44.7241682
642,Jignița,jignita,village,22.9011355,44.7155463
642,Păltinișu,paltinisu,village,22.9044561,44.6871244
642,Poiana,poiana,village,22.9777405,44.6860884
642,Roșia,rosia,village,22.8821899,44.6966408
642,Severinești,severinesti,village,22.9457377,44.6932949
642,Suharu,suharu,village,22.8585881,44.7271602
642,Valea Coșuștei,valea cosustei,village,22.9157257,44.7072924
642,Cireșu,ciresu,village,22.5384228,44.8238388
642,Bunoaica,bunoaica,village,22.5439073,44.7991415
642,Jupânești,jupanesti,village,22.5640155,44.8327962
642,Negrușa,negrusa,village,22.5130681,44.8230602
642,Corcova,corcova,village,23.045951,44.6975601
642,Breța,breta,village,23.1103854,44.6550472
642,Cernaia,cernaia,village,23.1269722,44.6572409
642,Cordun,cordun,village,23.0445605,44.6865097
642,Croica,croica,village,23.1239775,44.6678574
642,Gârbovățu de Jos,garbovatu de jos,village,23.0018246,44.7050237
642,Imoasa,imoasa,village,23.0420697,44.7181234
642,Jirov,jirov,village,23.0869295,44.6709799
642,Măru Roșu,maru rosu,village,23.113111,44.6695934
642,Pârvulești,parvulesti,village,23.0138013,44.6819412
642,Pușcașu,puscasu,village,23.1032804,44.6689696
642,Stejaru,stejaru,village,23.0735074,44.6845502
642,Vlădășești,vladasesti,village,23.132847,44.6499215
642,Corlățel,corlatel,village,22.9341842,44.3973605
642,Valea Anilor,valea anilor,village,22.9227657,44.3646564
642,Cujmir,cujmir,village,22.9286927,44.2089196
642,Aurora,aurora,village,22.9391631,44.1928495
642,Cujmiru Mic,cujmiru mic,village,22.9260759,44.1900795
642,Devesel,devesel,village,22.6670301,44.4681263
642,Bistrețu,bistretu,village,22.6172194,44.4480961
642,Dunărea Mică,dunarea mica,village,22.7127911,44.5044376
642,Scăpău,scapau,village,22.7193775,44.4628242
642,Tismana,tismana,village,22.6638681,44.5235481
642,Dârvari,darvari,village,23.050452,44.1910367
642,Gemeni,gemeni,village,23.0825072,44.1726506
642,Dumbrava de Jos,dumbrava de jos,village,23.1571088,44.5149268
642,Albulești,albulesti,village,23.2035733,44.515713
642,Dumbrava de Mijloc,dumbrava de mijloc,village,23.1363659,44.5179807
642,Dumbrava de Sus,dumbrava de sus,village,23.1148634,44.5176324
642,Golineasa,golineasa,village,23.1460082,44.5263668
642,Higiu,higiu,village,23.1781147,44.5360262
642,Rocșoreni,rocsoreni,village,23.0667961,44.5318318
642,Valea Marcului,valea marcului,village,23.242339,44.5159661
642,Varodia,varodia,village,23.1056243,44.528614
642,Florești,floresti,village,22.9437272,44.7638657
642,Copăcioasa,copacioasa,village,22.9036482,44.7802179
642,Gârdoaia,gardoaia,village,22.9226946,44.7653679
642,Livezi,livezi,village,22.9205168,44.7772085
642,Moșneni,mosneni,village,22.930545,44.7784992
642,Peșteana,pesteana,village,22.8848811,44.8212455
642,Peștenuța,pestenuta,village,22.8563969,44.8347752
642,Stroești,stroesti,village,22.8994918,44.8283653
642,Zegujani,zegujani,village,22.9152283,44.8085388
642,Godeanu,godeanu,village,22.6079125,44.8005329
642,Marga,marga,village,22.5842841,44.8173341
642,Păunești,paunesti,village,22.6309616,44.7861323
642,Șiroca,siroca,village,22.6098201,44.8276987
642,Gogoșu,gogosu,village,22.5938074,44.3739475
642,Balta Verde,balta verde,village,22.5987805,44.3441137
642,Burila Mică,burila mica,village,22.5854075,44.4204639
642,Greci,greci,village,23.1098246,44.5619857
642,Bâltanele,baltanele,village,23.1479781,44.5786495
642,Blidaru,blidaru,village,23.0700301,44.5592773
642,Sălătruc,salatruc,village,23.09506,44.5740794
642,Valea Petrii,valea petrii,village,23.0935927,44.5830177
642,Vișina,visina,village,23.1280599,44.573073
642,Grozești,grozesti,village,23.3107717,44.6482609
642,Cârceni,carceni,village,23.2598897,44.6638872
642,Păsărani,pasarani,village,23.4013235,44.6093293
642,Șușița,susita,village,23.3562741,44.624496
642,Poiana Gruii,poiana gruii,village,22.8167144,44.2793968
642,Hinova,hinova,village,22.7776899,44.5400813
642,Bistrița,bistrita,village,22.7876192,44.585108
642,Cârjei,carjei,village,22.8151741,44.537192
642,Husnicioara,husnicioara,village,22.8459299,44.678546
642,Alunișul,alunisul,village,22.8603981,44.6345615
642,Bădițești,baditesti,village,22.8693173,44.63915
642,Borogea,borogea,village,22.9142976,44.6527813
642,Celnata,celnata,village,22.809062,44.6776472
642,Dumbrăvița,dumbravita,locality,22.7899713,44.6685346
642,Marmanu,marmanu,village,22.8026489,44.642786
642,Oprănești,opranesti,village,22.7825371,44.6569165
642,Peri,peri,village,22.8942224,44.6569614
642,Priboiești,priboiesti,village,22.8188449,44.7103949
642,Selișteni,selisteni,village,22.842988,44.6725579
642,Eșelnița,eselnita,village,22.3657726,44.6990474
642,Ilovăț,ilovat,village,22.7633324,44.8119711
642,Budănești,budanesti,village,22.7363788,44.7817795
642,Cracu Lung,cracu lung,village,22.6906546,44.8261448
642,Dâlbocița,dalbocita,village,22.7411516,44.8312073
642,Firizu,firizu,village,22.7242169,44.843798
642,Racova,racova,village,22.7674137,44.7971363
642,Ilovița,ilovita,village,22.474331,44.7565631
642,Bahna,bahna,village,22.4974464,44.7757893
642,Moisești,moisesti,village,22.5012721,44.8088074
642,Isverna,isverna,village,22.6262081,44.9793165
642,Busești,busesti,village,22.7131809,44.9492592
642,Cerna-Vârf,cerna-varf,village,22.6809623,44.9245148
642,Drăghești,draghesti,village,22.6762813,44.9862603
642,Giurgiani,giurgiani,village,22.5733647,44.969914
642,Nadanova,nadanova,village,22.6646405,44.9458195
642,Seliștea,selistea,village,22.6491524,44.9844727
642,Turtaba,turtaba,village,22.6946683,44.9813793
642,Izvoru Bârzii,izvoru barzii,village,22.6772881,44.7091284
642,Balotești,balotesti,village,22.6375865,44.735838
642,Halânga,halanga,village,22.6903675,44.6811586
642,Puținei,putinei,village,22.7032299,44.6810161
642,Răscolești,rascolesti,village,22.6903765,44.6925458
642,Schinteiești,schinteiesti,village,22.6672267,44.7010714
642,Schitu Topolniței,schitu topolnitei,village,22.6227828,44.7554546
642,Jiana,jiana,village,22.7127803,44.4018385
642,Cioroboreni,cioroboreni,village,22.763301,44.3888516
642,Dănceu,danceu,village,22.7209814,44.3641628
642,Jiana Mare,jiana mare,village,22.6889045,44.4111265
642,Jiana Veche,jiana veche,village,22.667866,44.3919065
642,Livezile,livezile,village,22.8613736,44.5153666
642,Izvorălu de Jos,izvoralu de jos,village,22.9219826,44.5353489
642,Izvoru Aneștilor,izvoru anestilor,village,22.8550128,44.5580831
642,Petriș,petris,village,22.861139,44.5384867
642,Ștefan Odobleja,stefan odobleja,village,22.8316296,44.5757103
642,Malovăț,malovat,village,22.7293901,44.7056633
642,Bobaița,bobaita,village,22.7211364,44.7601069
642,Colibași,colibasi,village,22.7445224,44.7279907
642,Lazu,lazu,village,22.7771949,44.7270999
642,Negrești,negresti,village,22.7811774,44.6832865
642,Bârda,barda,village,22.7003901,44.7298819
642,23 August,23 august,village,22.7625055,44.7161505
642,Obârșia de Câmp,obarsia de camp,village,22.9850366,44.1719442
642,Izimșa,izimsa,village,22.9564918,44.1781884
642,Oprișor,oprisor,village,23.0783559,44.2847114
642,Prisăceaua,prisaceaua,village,23.0945616,44.31739
642,Pădina Mare,padina mare,village,23.0134491,44.4420819
642,Biban,biban,village,23.0764965,44.4356245
642,Iablanița,iablanita,village,22.9885955,44.4648815
642,Olteanca,olteanca,village,22.9641552,44.4375832
642,Pădina Mică,padina mica,village,22.9932569,44.4265662
642,Slașoma,slasoma,village,23.0496185,44.4198066
642,Pătulele,patulele,village,22.7814786,44.3452178
642,Viașu,viasu,village,22.825665,44.3541722
642,Baia Nouă,baia noua,village,22.1288922,44.5546471
642,Dubova,dubova,village,22.25578,44.6200244
642,Podeni,podeni,village,22.5441389,44.8784144
642,Gornenți,gornenti,village,22.5462082,44.9125542
642,Mălărișca,malarisca,village,22.5691466,44.8864149
642,Ponoarele,ponoarele,village,22.764225,44.9748717
642,Băluța,baluta,village,22.7551431,44.9575259
642,Bârâiacu,baraiacu,village,22.7388832,45.007575
642,Brânzeni,branzeni,village,22.7954685,44.9484172
642,Buicani,buicani,village,22.7380983,44.9704548
642,Ceptureni,ceptureni,village,22.7624558,44.9934519
642,Cracu Muntelui,cracu muntelui,village,22.7540415,44.9861379
642,Delureni,delureni,village,22.7718654,44.9481077
642,Gărdăneasa,gardaneasa,village,22.7880107,44.9652034
642,Gheorghești,gheorghesti,village,22.7260942,44.9665235
642,Ludu,ludu,village,22.8070948,44.9595618
642,Proitești,proitesti,village,22.7212467,44.9713769
642,Răiculești,raiculesti,village,22.7762351,44.9683572
642,Șipotu,sipotu,village,22.7222433,44.9972135
642,Valea Ursului,valea ursului,village,22.7303158,44.9872489
642,Poroina Mare,poroina mare,village,22.9319159,44.4966285
642,Fântânile Negre,fantanile negre,village,22.9169934,44.4881175
642,Stignița,stignita,village,23.0013736,44.4929853
642,Șipotu,sipotu,village,22.9161583,44.5028911
642,Cozia,cozia,village,22.713518,44.2151126
642,Arvătești,arvatesti,village,22.9192636,44.5608262
642,Balota,balota,village,22.8008445,44.618973
642,Bâltanele,baltanele,village,22.9467352,44.577433
642,Cervenița,cervenita,village,22.9679584,44.6380616
642,Dragotești,dragotesti,village,22.9420696,44.5818306
642,Fântâna Domnească,fantana domneasca,village,22.9246973,44.5842698
642,Ghelmegioaia,ghelmegioaia,village,22.8347901,44.614918
642,Gârnița,garnita,village,22.8544631,44.5898742
642,Gutu,gutu,village,22.8757868,44.605301
642,Igiroasa,igiroasa,village,22.9631028,44.5761277
642,Lumnic,lumnic,village,23.0047933,44.6311948
642,Mijarca,mijarca,village,22.9027235,44.5728425
642,Prunaru,prunaru,village,22.8831591,44.6124606
642,Zegaia,zegaia,village,22.8331886,44.633126
642,Punghina,punghina,village,22.9378413,44.2818936
642,Cearângu,cearangu,village,22.9818114,44.2818684
642,Drincea,drincea,village,22.9983432,44.3045942
642,Măgurele,magurele,village,22.9488476,44.2705657
642,Recea,recea,village,22.9165338,44.3193207
642,Satu Nou,satu nou,locality,22.9948443,44.3137128
642,Rogova,rogova,village,22.807502,44.4710619
642,Poroinița,poroinita,village,22.8515223,44.4704518
642,Stângăceaua,stangaceaua,village,23.3127317,44.608957
642,Bârlogeni,barlogeni,village,23.2873854,44.6303929
642,Breznicioara,breznicioara,village,23.2628362,44.5805493
642,Cerânganul,ceranganul,village,23.2743158,44.6391675
642,Fața Motrului,fata motrului,village,23.3015439,44.6012375
642,Poșta Veche,posta veche,village,23.3259773,44.5958513
642,Satu Mare,satu mare,village,23.2764456,44.5760687
642,Târsa,tarsa,village,23.2997802,44.5696634
642,Svinița,svinita,village,22.1054671,44.4981054
642,Șișești,sisesti,village,22.8420962,44.776543
642,Cărămidaru,caramidaru,village,22.8641635,44.7859818
642,Ciovârnășani,ciovarnasani,village,22.8710488,44.7574964
642,Cocorova,cocorova,village,22.806929,44.7477181
642,Crăguești,craguesti,village,22.7731577,44.7599474
642,Noapteșa,noaptesa,village,22.8678351,44.8011014
642,Șovarna,sovarna,village,22.8024644,44.8513283
642,Ohaba,ohaba,village,22.8523395,44.8511978
642,Studina,studina,village,22.7822401,44.8425889
642,Tâmna,tamna,village,23.0149383,44.5713364
642,Boceni,boceni,village,23.003623,44.5617395
642,Colareț,colaret,village,23.0270631,44.5408555
642,Cremenea,cremenea,village,23.0186899,44.6068757
642,Fața Cremenii,fata cremenii,village,22.997365,44.5918272
642,Izvorălu,izvoralu,village,22.9683687,44.5414332
642,Manu,manu,village,22.9462586,44.5503262
642,Pavăț,pavat,village,22.9854652,44.5701026
642,Plopi,plopi,village,23.0156049,44.5329675
642,Valea Ursului,valea ursului,village,23.0553202,44.5903364
642,Vânători,vanatori,village,22.9311935,44.2392921
642,Braniștea,branistea,village,22.9729396,44.2421515
642,Goanța,goanta,village,22.9623147,44.2333437
642,Roșiori,rosiori,village,22.9284098,44.2559733
642,Vânjuleț,vanjulet,village,22.7933596,44.4437546
642,Hotărani,hotarani,village,22.8108134,44.4183222
642,Vlădaia,vladaia,village,23.0280236,44.3576125
642,Almăjel,almajel,village,23.0299765,44.3830825
642,Scorila,scorila,village,23.0866424,44.3480386
642,Ștircovița,stircovita,village,23.0065058,44.3555675
642,Voloiac,voloiac,village,23.0951214,44.6250101
642,Cotoroaia,cotoroaia,village,23.0339761,44.6492233
642,Lac,lac,village,23.0746659,44.6115625
642,Ruptura,ruptura,village,23.0371168,44.62569
642,Sperlești,sperlesti,village,23.0098825,44.6491429
642,Țițirigi,titirigi,village,23.0486975,44.6393706
642,Valea Bună,valea buna,village,23.1107975,44.635981
642,Voloicel,voloicel,village,23.0643424,44.6232762
642,Mureșeni,mureseni,village,24.5179442,46.5241689
642,Remetea,remetea,village,24.5219272,46.5719324
642,Vălureni,valureni,village,24.5432493,46.5002878
642,Nazna,nazna,village,24.5020998,46.5355198
642,Cotuș,cotus,village,24.671699,46.5756209
642,Tofalău,tofalau,hamlet,24.6577051,46.5870611
642,Chinari,chinari,village,24.5896912,46.605257
642,Curteni,curteni,village,24.5733417,46.594767
642,Angofa,angofa,hamlet,24.7841799,46.1865823
642,Rora,rora,village,24.7433275,46.2260644
642,Șoromiclea,soromiclea,village,24.7710999,46.2602454
642,Viilor,viilor,village,24.8090324,46.2378998
642,Bârlibășoaia,barlibasoaia,locality,24.8349546,46.2933654
642,Șapartoc,sapartoc,village,24.8564329,46.1721191
642,Țopa,topa,village,24.8816186,46.2544469
642,Valea Albeștiului,valea albestiului,village,24.8483385,46.2146166
642,Valea Dăii,valea daii,village,24.8960768,46.2234831
642,Valea Șapartocului,valea sapartocului,village,24.8485743,46.2059969
642,Avrămești,avramesti,village,24.0992836,46.5362084
642,Cioarga,cioarga,village,24.0729653,46.493856
642,Ciurgău,ciurgau,village,24.1050436,46.5013226
642,Fundătura,fundatura,village,24.0435741,46.5432897
642,Gheja,gheja,village,24.0613593,46.4449481
642,Roșiori,rosiori,village,24.0947558,46.5143344
642,Apalina,apalina,suburb,24.6927549,46.7523127
642,Iernuțeni,iernuteni,suburb,24.7168804,46.7651067
642,Căpeți,capeti,village,25.0779617,46.6306156
642,Ilieși,iliesi,village,25.1277674,46.5825888
642,Săcădat,sacadat,village,25.0421427,46.6341738
642,Botorca,botorca,village,24.3017639,46.2826372
642,Corbești,corbesti,village,24.5907547,46.4294303
642,Găiești,gaiesti,village,24.6708799,46.4254974
642,Gruișor,gruisor,village,24.61717,46.4527388
642,Murgești,murgesti,village,24.6551642,46.480879
642,Roteni,roteni,village,24.6818256,46.458749
642,Stejeriș,stejeris,village,24.6164207,46.4788971
642,Suveica,suveica,village,24.7158406,46.4339793
642,Vălenii,valenii,village,24.6470857,46.4469141
642,Adămuș,adamus,village,24.2361763,46.3042107
642,Chinciuș,chincius,hamlet,24.1832328,46.3523536
642,Cornești,cornesti,village,24.2115056,46.2931514
642,Crăiești,craiesti,village,24.1967482,46.2962804
642,Dâmbău,dambau,village,24.2327935,46.3188108
642,Herepea,herepea,village,24.1551571,46.3307428
642,Aluniș,alunis,village,24.8147517,46.8915657
642,Fițcău,fitcau,village,24.8700023,46.8990824
642,Lunca Mureșului,lunca muresului,village,24.790733,46.8745991
642,Daia,daia,village,24.9027445,46.1470787
642,Ațintiș,atintis,village,24.1051089,46.4306738
642,Botez,botez,village,24.0242993,46.3867457
642,Cecălaca,cecalaca,village,24.0401324,46.394492
642,Iștihaza,istihaza,village,24.105241,46.3926786
642,Maldaoci,maldaoci,hamlet,24.0397729,46.4113341
642,Sâniacob,saniacob,village,24.1319157,46.4235426
642,Bahnea,bahnea,village,24.479028,46.3740452
642,Bernadea,bernadea,village,24.4584657,46.3740677
642,Cund,cund,village,24.5135595,46.2716424
642,Daia,daia,village,24.4627618,46.3056015
642,Gogan,gogan,village,24.5171192,46.3049166
642,Idiciu,idiciu,village,24.4610496,46.2762496
642,Lepindea,lepindea,village,24.4754592,46.3288852
642,Drăculea Bandului,draculea bandului,village,24.3384423,46.6204168
642,Fânațe,fanate,village,24.3145649,46.6427083
642,Fânațele Mădărașului,fanatele madarasului,village,24.3627325,46.6259616
642,Iștan-Tău,istan-tau,village,24.3031038,46.6501525
642,Mădăraș,madaras,village,24.433808,46.6054279
642,Mărășești,marasesti,village,24.3532753,46.5930219
642,Negrenii de Câmpie,negrenii de campie,village,24.2874316,46.6456117
642,Oroiu,oroiu,village,24.3547002,46.5430916
642,Petea,petea,village,24.3457114,46.5104834
642,Țiptelnic,tiptelnic,village,24.4120184,46.5840603
642,Valea Mare,valea mare,village,24.3001941,46.637619
642,Valea Rece,valea rece,village,24.3360649,46.571068
642,Batoș,batos,village,24.6525538,46.8847972
642,Dedrad,dedrad,village,24.657994,46.8263214
642,Goreni,goreni,village,24.6545351,46.8542601
642,Uila,uila,village,24.6175367,46.9314781
642,Băgaciu,bagaciu,village,24.3736355,46.2713216
642,Deleni,deleni,village,24.3411899,46.2634032
642,Băla,bala,village,24.5001897,46.7130898
642,Ercea,ercea,village,24.5105737,46.7308145
642,Dumitreni,dumitreni,village,24.7559248,46.4006554
642,Filitelnic,filitelnic,village,24.6680033,46.3663891
642,Senereuș,senereus,village,24.6470408,46.3323151
642,Beica de Jos,beica de jos,village,24.79814,46.7330003
642,Beica de Sus,beica de sus,village,24.8227011,46.7379542
642,Căcuciu,cacuciu,village,24.8498666,46.7255944
642,Nadășa,nadasa,village,24.8171374,46.7027469
642,Sânmihai de Pădure,sanmihai de padure,village,24.8747401,46.7288894
642,Șerbeni,serbeni,village,24.866479,46.7147543
642,Bichiș,bichis,village,24.0919683,46.3742625
642,Gâmbuț,gambut,village,24.0652334,46.3524243
642,Nandra,nandra,village,24.0766367,46.3830036
642,Ozd,ozd,village,24.119871,46.3578692
642,Bogata,bogata,village,24.1196172,46.4564083
642,Ranta,ranta,hamlet,24.1258113,46.4810227
642,Breaza,breaza,village,24.6367393,46.761177
642,Filpișu Mare,filpisu mare,village,24.5874984,46.7533271
642,Filpișu Mic,filpisu mic,village,24.6012478,46.7821969
642,Brâncovenești,brancovenesti,village,24.7613032,46.8571245
642,Idicel,idicel,village,24.8175845,46.8554934
642,Idicel-Pădure,idicel-padure,village,24.8572329,46.8546387
642,Săcalu de Pădure,sacalu de padure,village,24.7113368,46.8836857
642,Vălenii de Mureș,valenii de mures,village,24.7979259,46.8927438
642,Ceuașu de Câmpie,ceuasu de campie,village,24.5138707,46.6429315
642,Bozed,bozed,village,24.4622602,46.6873569
642,Câmpenița,campenita,village,24.4868031,46.6512498
642,Culpiu,culpiu,village,24.4325804,46.639608
642,Herghelia,herghelia,village,24.4781883,46.6310602
642,Porumbeni,porumbeni,village,24.5468039,46.6368396
642,Săbed,sabed,village,24.4465483,46.6644823
642,Voiniceni,voiniceni,village,24.5239893,46.6137577
642,Chețani,chetani,village,24.02788,46.4643514
642,Coasta Grindului,coasta grindului,village,23.9826362,46.4954985
642,Cordoș,cordos,village,24.0230439,46.512847
642,Giurgiș,giurgis,village,23.9695789,46.5170589
642,Grindeni,grindeni,village,23.9969229,46.5000586
642,Hădăreni,hadareni,village,23.9837385,46.4669836
642,Linț,lint,locality,24.0020566,46.5331972
642,Chiheru de Jos,chiheru de jos,village,24.8816359,46.687002
642,Chiheru de Sus,chiheru de sus,village,24.9031887,46.6808077
642,Urisiu de Jos,urisiu de jos,village,24.8960895,46.7108529
642,Urisiu de Sus,urisiu de sus,village,24.9110872,46.7062229
642,Coroisânmărtin,coroisanmartin,village,24.6021916,46.4076614
642,Coroi,coroi,village,24.6338911,46.4090987
642,Odrihei,odrihei,village,24.5678903,46.404673
642,Șoimuș,soimus,village,24.587032,46.3938767
642,Cozma,cozma,village,24.5225319,46.8070718
642,Fânațele Socolului,fanatele socolului,hamlet,24.4880316,46.7929869
642,Socolu de Câmpie,socolu de campie,village,24.5157526,46.7914154
642,Valea Sasului,valea sasului,hamlet,24.48454,46.8227162
642,Valea Ungurului,valea ungurului,hamlet,24.4805544,46.8049919
642,Crăciunești,craciunesti,village,24.5754399,46.4777987
642,Budiu Mic,budiu mic,village,24.5848073,46.5092057
642,Cinta,cinta,village,24.5510383,46.4602196
642,Cornești,cornesti,village,24.586742,46.4566015
642,Tirimioara,tirimioara,village,24.5478943,46.4546285
642,Crăiești,craiesti,village,24.4249862,46.757708
642,Lefaia,lefaia,village,24.4704184,46.7479297
642,Milășel,milasel,village,24.4524993,46.7426994
642,Nima Milășelului,nima milaselului,hamlet,24.4436279,46.7283869
642,Cucerdea,cucerdea,village,24.2665271,46.4029197
642,Bord,bord,village,24.2269396,46.3936892
642,Șeulia de Mureș,seulia de mures,village,24.2472097,46.41586
642,Cuci,cuci,village,24.1562257,46.4642687
642,Dătășeni,dataseni,village,24.1748519,46.474748
642,După Deal,dupa deal,hamlet,24.1958827,46.4887493
642,Orosia,orosia,village,24.140508,46.4565107
642,Petrilaca,petrilaca,village,24.1459448,46.4111119
642,Criș,cris,village,24.6938449,46.1435574
642,Stejărenii,stejarenii,village,24.7224475,46.152866
642,Deda,deda,village,24.8717651,46.947477
642,Bistra Mureșului,bistra muresului,village,24.9050591,46.9609321
642,Filea,filea,village,24.8837547,46.9417973
642,Pietriș,pietris,village,24.8440778,46.9359372
642,Eremitu,eremitu,village,24.9241108,46.6616859
642,Călugăreni,calugareni,village,24.8777227,46.629819
642,Dămieni,damieni,village,24.8607144,46.6261223
642,Mătrici,matrici,village,24.9023747,46.6529933
642,Ernei,ernei,village,24.643766,46.6057689
642,Călușeri,caluseri,village,24.7371731,46.6063733
642,Dumbrăvioara,dumbravioara,village,24.6352844,46.6431411
642,Icland,icland,village,24.6933767,46.6119686
642,Săcăreni,sacareni,village,24.6972955,46.5998771
642,Sângeru de Pădure,sangeru de padure,village,24.6650629,46.640718
642,Fărăgău,faragau,village,24.5174523,46.7626084
642,Fânațe,fanate,hamlet,24.475404,46.7697982
642,Hodaia,hodaia,hamlet,24.4792822,46.7736756
642,Onuca,onuca,village,24.5812036,46.7262973
642,Poarta,poarta,village,24.5614666,46.7351673
642,Tonciu,tonciu,village,24.5520134,46.7802525
642,Călimănești,calimanesti,village,24.7327088,46.4133252
642,Cibu,cibu,village,24.8037078,46.379038
642,Roua,roua,village,24.8289058,46.3823628
642,Viforoasa,viforoasa,village,24.8069025,46.432256
642,Adrianu Mare,adrianu mare,village,24.8032443,46.4935733
642,Adrianu Mic,adrianu mic,village,24.7905139,46.5008211
642,Bedeni,bedeni,village,24.782714,46.4673424
642,Maiad,maiad,village,24.7148536,46.5196708
642,Troița,troita,village,24.7678538,46.4858007
642,Gănești,ganesti,village,24.3604066,46.3343146
642,Cuștelnic,custelnic,village,24.3117678,46.3389615
642,Păucișoara,paucisoara,village,24.3511878,46.3508892
642,Sub Pădure,sub padure,village,24.3255062,46.369192
642,Gheorghe Doja,gheorghe doja,village,24.5078296,46.4634926
642,Ilieni,ilieni,village,24.5260945,46.4629547
642,Leordeni,leordeni,village,24.4863175,46.4710774
642,Satu Nou,satu nou,village,24.5122541,46.4568131
642,Tirimia,tirimia,village,24.4916224,46.4492732
642,Ghindari,ghindari,village,24.9253519,46.5049282
642,Abud,abud,village,24.9144195,46.5257472
642,Ceie,ceie,village,24.9839069,46.4641199
642,Chibed,chibed,village,24.9624347,46.5328758
642,Solocma,solocma,village,24.9952592,46.4759169
642,Trei Sate,trei sate,village,24.8970348,46.4764432
642,Glodeni,glodeni,village,24.6099973,46.6534798
642,Merișor,merisor,village,24.5497769,46.6992135
642,Moișa,moisa,village,24.5281949,46.6845601
642,Păcureni,pacureni,village,24.5565152,46.6618548
642,Păingeni,paingeni,village,24.5619627,46.6800329
642,Gornești,gornesti,village,24.6445174,46.6728421
642,Iara de Mureș,iara de mures,village,24.7305563,46.6614835
642,Ilioara,ilioara,village,24.7475882,46.6458503
642,Mura Mare,mura mare,village,24.7801662,46.6569661
642,Mura Mică,mura mica,village,24.7637759,46.6490277
642,Pădureni,padureni,village,24.7162472,46.6405316
642,Periș,peris,village,24.6633681,46.6942234
642,Petrilaca de Mureș,petrilaca de mures,village,24.7529849,46.689214
642,Teleac,teleac,village,24.7967088,46.6738287
642,Grebenișu de Câmpie,grebenisu de campie,village,24.3117133,46.6088057
642,Leorința,leorinta,village,24.2297412,46.6082498
642,Valea Sânpetrului,valea sanpetrului,village,24.2866613,46.6225816
642,Adrian,adrian,village,24.8332425,46.7820915
642,Cașva,casva,village,24.8778804,46.7819356
642,Comori,comori,village,24.8969056,46.7358033
642,Fundoaia,fundoaia,village,24.9046597,46.8276253
642,Glăjărie,glajarie,village,24.9328495,46.8327097
642,Larga,larga,village,24.9198197,46.8234263
642,Orșova,orsova,village,24.9064284,46.751534
642,Orșova-Pădure,orsova-padure,village,24.9417262,46.7358152
642,Păuloaia,pauloaia,village,24.8835811,46.8042775
642,Hodac,hodac,village,24.9223237,46.7744773
642,Arșița,arsita,village,24.9985854,46.7858741
642,Bicașu,bicasu,village,24.9560872,46.8106619
642,Dubiștea de Pădure,dubistea de padure,village,24.9651509,46.7767907
642,Mirigioaia,mirigioaia,hamlet,24.9282351,46.8020472
642,Toaca,toaca,village,24.9655038,46.7986089
642,Uricea,uricea,village,24.9840729,46.7838487
642,Hodoșa,hodosa,village,24.8253783,46.6369791
642,Ihod,ihod,village,24.7989861,46.6349475
642,Isla,isla,village,24.7856374,46.6247562
642,Sâmbriaș,sambrias,village,24.8288404,46.6618085
642,Ibănești,ibanesti,village,24.9299099,46.7705028
642,Blidireasa,blidireasa,village,25.030651,46.7639439
642,Brădețelu,bradetelu,village,25.0517098,46.755389
642,Dulcea,dulcea,village,25.0324673,46.7576903
642,Ibănești-Pădure,ibanesti-padure,village,24.9835916,46.7591928
642,Lăpușna,lapusna,village,25.2132216,46.7688702
642,Pârâu Mare,parau mare,village,25.0042422,46.7638759
642,Tireu,tireu,village,24.9945619,46.7666077
642,Tisieu,tisieu,village,25.0125829,46.7655938
642,Zimți,zimti,village,25.0491217,46.7597897
642,Căpușu de Câmpie,capusu de campie,village,24.3141417,46.5422628
642,Chisălița,chisalita,hamlet,24.314757,46.5680906
642,După Deal,dupa deal,hamlet,24.2462962,46.5174082
642,Fânațe,fanate,hamlet,24.2186567,46.5331106
642,Fânațele Căpușului,fanatele capusului,village,24.2673238,46.5794953
642,Ghidașteu,ghidasteu,hamlet,24.2681007,46.554603
642,Iclandu Mare,iclandu mare,village,24.2653654,46.5281044
642,Mădărășeni,madaraseni,village,24.2568767,46.5032602
642,Tăblășeni,tablaseni,hamlet,24.3066688,46.5176265
642,Valea Iclandului,valea iclandului,hamlet,24.2539114,46.5343922
642,Ideciu de Jos,ideciu de jos,village,24.7611449,46.8169006
642,Deleni,deleni,village,24.8086616,46.8369718
642,Ideciu de Sus,ideciu de sus,village,24.7706264,46.8425059
642,Cipău,cipau,village,24.2778586,46.4487573
642,Deag,deag,village,24.1922042,46.3891847
642,Lechința,lechinta,village,24.2265354,46.4737561
642,Porumbac,porumbac,village,24.2647191,46.4811033
642,Racameț,racamet,hamlet,24.2404388,46.5130685
642,Sălcud,salcud,village,24.1714067,46.407555
642,Sfântu Gheorghe,sfantu gheorghe,village,24.2659348,46.4535497
642,Bozeni,bozeni,village,24.6712429,46.5321242
642,Ivănești,ivanesti,village,24.6763472,46.5420454
642,Poienița,poienita,village,24.6700843,46.5556232
642,Băița,baita,village,24.5299967,46.8363523
642,Frunzeni,frunzeni,village,24.567969,46.8144579
642,Logig,logig,village,24.5737756,46.8794563
642,Sântu,santu,village,24.6007438,46.8016802
642,Neagra,neagra,village,25.1468527,46.9722959
642,Sălard,salard,village,25.0754542,46.9514562
642,Măgherani,magherani,village,24.9071601,46.5637587
642,Bereni,bereni,village,24.8682071,46.5573349
642,Bâra,bara,village,24.8726204,46.5722131
642,Cându,candu,village,24.8879086,46.5991771
642,Drojdii,drojdii,village,24.8571106,46.5459664
642,Eremieni,eremieni,village,24.8715824,46.5364189
642,Maia,maia,village,24.8481842,46.5811811
642,Mărculeni,marculeni,village,24.8652395,46.5971283
642,Șilea Nirajului,silea nirajului,village,24.9231929,46.5988732
642,Torba,torba,village,24.8875842,46.5474579
642,Mica,mica,village,24.4124051,46.3680461
642,Abuș,abus,village,24.3830333,46.3575847
642,Căpâlna de Sus,capalna de sus,village,24.4344031,46.3777436
642,Ceuaș,ceuas,village,24.4429324,46.3430841
642,Deaj,deaj,village,24.4020648,46.3471075
642,Hărănglab,haranglab,village,24.4153529,46.3047577
642,Șomoștelnic,somostelnic,village,24.3852973,46.3917495
642,Beu,beu,village,24.7177428,46.5733666
642,Dumitreștii,dumitrestii,village,24.7878845,46.5217068
642,Lăureni,laureni,village,24.7346956,46.5432206
642,Moșuni,mosuni,village,24.7429461,46.5691743
642,Șardu Nirajului,sardu nirajului,village,24.752856,46.5442599
642,Veța,veta,village,24.7218877,46.5600724
642,Miheșu de Câmpie,mihesu de campie,village,24.1542712,46.680191
642,Bujor,bujor,village,24.1734222,46.6553403
642,Cirhagău,cirhagau,hamlet,24.1068685,46.6604146
642,Groapa Rădăii,groapa radaii,village,24.234343,46.6580923
642,Mogoaia,mogoaia,hamlet,24.2324074,46.6702713
642,Răzoare,razoare,village,24.1938602,46.69243
642,Șăulița,saulita,village,24.2150539,46.6626771
642,Ștefanca,stefanca,village,24.2290612,46.6854559
642,Măgheruș,magherus,village,24.6894356,46.3219618
642,Pipea,pipea,village,24.7745457,46.3252346
642,Neaua,neaua,village,24.8306117,46.4771126
642,Ghinești,ghinesti,village,24.8657384,46.4963086
642,Rigmani,rigmani,village,24.8380787,46.5090997
642,Sânsimion,sansimion,village,24.834585,46.4954943
642,Vădaș,vadas,village,24.8192967,46.4550496
642,Ogra,ogra,village,24.3180444,46.4466822
642,Dileu Vechi,dileu vechi,village,24.3098753,46.4710897
642,Giuluș,giulus,village,24.3113654,46.4016818
642,Lăscud,lascud,village,24.3556462,46.3918207
642,Vaideiu,vaideiu,village,24.3208894,46.495356
642,Papiu Ilarian,papiu ilarian,village,24.20059,46.5593212
642,Dobra,dobra,village,24.2373489,46.5814238
642,Merișoru,merisoru,village,24.2140329,46.5702623
642,Șandru,sandru,hamlet,24.2106334,46.5373333
642,Ursoaia,ursoaia,village,24.224713,46.5494865
642,Pănet,panet,village,24.470387,46.5562037
642,Berghia,berghia,village,24.4296144,46.5396459
642,Cuieșd,cuiesd,village,24.4781165,46.6016825
642,Hărțău,hartau,village,24.478623,46.5773278
642,Sântioana de Mureș,santioana de mures,village,24.4561768,46.5147223
642,Bolintineni,bolintineni,village,24.7130931,46.4924567
642,Gălățeni,galateni,village,24.7078543,46.4731969
642,Petelea,petelea,village,24.7069611,46.7302457
642,Habic,habic,village,24.7906009,46.7079596
642,Pogăceaua,pogaceaua,village,24.3121978,46.6760576
642,Bologaia,bologaia,hamlet,24.2587683,46.6368557
642,Ciulea,ciulea,village,24.2635517,46.6666779
642,Deleni,deleni,village,24.2812428,46.6750496
642,Fântâna Babii,fantana babii,hamlet,24.3377637,46.6774223
642,Scurta,scurta,hamlet,24.249545,46.6606579
642,Sicele,sicele,village,24.292038,46.6943535
642,Valea Sânpetrului,valea sanpetrului,village,24.2633298,46.6821344
642,Văleni,valeni,village,24.2710407,46.6624775
642,Răstolița,rastolita,village,24.9929438,46.9723514
642,Andreneasa,andreneasa,village,25.0242347,46.9678432
642,Borzia,borzia,village,24.9324017,46.9697419
642,Gălăoaia,galaoaia,village,24.9182494,46.9708667
642,Iod,iod,village,24.9771955,46.9733676
642,Râciu,raciu,village,24.3969981,46.6901916
642,Căciulata,caciulata,village,24.4060229,46.7151347
642,Coasta Mare,coasta mare,village,24.3633096,46.6929074
642,Cotorinău,cotorinau,hamlet,24.3716623,46.7237878
642,Curețe,curete,hamlet,24.4317705,46.7411684
642,Hagău,hagau,village,24.3728609,46.7162814
642,Leniș,lenis,village,24.420054,46.7279287
642,Nima Râciului,nima raciului,village,24.4435666,46.7036525
642,Obârșie,obarsie,hamlet,24.3927075,46.747816
642,Sânmărtinu de Câmpie,sanmartinu de campie,village,24.4084327,46.7281215
642,Ulieș,ulies,village,24.3335485,46.7334797
642,Valea Seacă,valea seaca,hamlet,24.4075253,46.745365
642,Valea Sânmărtinului,valea sanmartinului,village,24.3375789,46.7431663
642,Rușii-Munți,rusii-munti,village,24.8328191,46.9152487
642,Maiorești,maioresti,village,24.8106001,46.9078717
642,Morăreni,morareni,village,24.8313863,46.9243585
642,Sebeș,sebes,village,24.8643808,46.9320223
642,Cloașterf,cloasterf,village,24.9962122,46.1476383
642,Sărmașu,sarmasu,town,24.1600833,46.7533926
642,Balda,balda,village,24.1436155,46.7335282
642,Larga,larga,village,24.1810799,46.7197106
642,Moruț,morut,village,24.1990844,46.7435548
642,Sărmășel,sarmasel,village,24.1788535,46.7606246
642,Titiana,titiana,village,24.1865004,46.7316888
642,Vișinelu,visinelu,village,24.1023997,46.7379
642,Sângeorgiu de Pădure,sangeorgiu de padure,town,24.8421705,46.4314439
642,Bezid,bezid,village,24.9228488,46.4062796
642,Bezidu Nou,bezidu nou,hamlet,24.9104891,46.4241649
642,Loțu,lotu,hamlet,24.8963358,46.4002875
642,Sânger,sanger,village,24.1404235,46.558342
642,Bârza,barza,village,24.1462317,46.5741517
642,Cipăieni,cipaieni,village,24.1677087,46.5324767
642,Dalu,dalu,locality,24.0888278,46.5454412
642,Pripoare,pripoare,village,24.1984445,46.5246786
642,Vălișoara,valisoara,hamlet,24.1955999,46.5331377
642,Zăpodea,zapodea,village,24.1175118,46.5405704
642,Chirileu,chirileu,village,24.3829648,46.4766437
642,Dileu Nou,dileu nou,village,24.3326759,46.4632649
642,Sânmărghita,sanmarghita,village,24.3723324,46.481571
642,Valea Izvoarelor,valea izvoarelor,village,24.3769961,46.4384386
642,Sânpetru de Câmpie,sanpetru de campie,village,24.2624285,46.7158877
642,Bârlibaș,barlibas,village,24.2454941,46.6889651
642,Dâmbu,dambu,village,24.2685849,46.7425597
642,Satu Nou,satu nou,village,24.2667814,46.7617849
642,Sângeorgiu de Câmpie,sangeorgiu de campie,village,24.2966516,46.726953
642,Tușinu,tusinu,village,24.2275927,46.7333125
642,Solovăstru,solovastru,village,24.7737965,46.7780855
642,Jabenița,jabenita,village,24.7939536,46.7825898
642,Stânceni,stanceni,village,25.2392115,46.9601847
642,Ciobotani,ciobotani,village,25.2687292,46.9503763
642,Meștera,mestera,village,25.192894,46.9684583
642,Idrifaia,idrifaia,village,24.4647622,46.3878664
642,Laslău Mare,laslau mare,village,24.5405714,46.3839603
642,Laslău Mic,laslau mic,village,24.5546376,46.3675872
642,Vaidacuta,vaidacuta,village,24.526264,46.4190617
642,Suseni,suseni,village,24.7312586,46.8129441
642,Luieriu,luieriu,village,24.7210509,46.8454785
642,Leorința-Șăulia,leorinta-saulia,village,24.2122088,46.6189734
642,Măcicășești,macicasesti,village,24.2358567,46.639594
642,Pădurea,padurea,village,24.1773137,46.6329817
642,Șincai,sincai,village,24.3912745,46.6544626
642,Lechincioara,lechincioara,village,24.4200887,46.6657019
642,Pusta,pusta,village,24.3581487,46.6781226
642,Șincai-Fânațe,sincai-fanate,village,24.3362165,46.6542036
642,Tăureni,taureni,village,24.0807705,46.5795225
642,Fânațe,fanate,village,24.0741914,46.5668826
642,Moara de Jos,moara de jos,village,24.0919423,46.5645036
642,Cerghid,cerghid,village,24.4460197,46.4145093
642,Cerghizel,cerghizel,village,24.4475005,46.4498173
642,Morești,moresti,village,24.4399402,46.4893785
642,Recea,recea,village,24.416266,46.4643801
642,Șăușa,sausa,village,24.3961465,46.5037619
642,Valea Largă,valea larga,village,24.0775774,46.6225702
642,Grădini,gradini,village,24.0903433,46.6147437
642,Mălăești,malaesti,hamlet,24.0967485,46.6279341
642,Poduri,poduri,village,24.0610723,46.6345838
642,Valea Frăției,valea fratiei,village,24.0665653,46.6450486
642,Valea Glodului,valea glodului,village,24.0848077,46.6469943
642,Valea Pădurii,valea padurii,village,24.053702,46.6196858
642,Valea Șurii,valea surii,village,24.052609,46.636764
642,Valea Urieșului,valea uriesului,village,24.0849018,46.6300465
642,Vărgata,vargata,village,24.8021388,46.5795906
642,Grâușorul,grausorul,village,24.8304857,46.5991338
642,Mitrești,mitresti,village,24.8014685,46.5844932
642,Vadu,vadu,village,24.7818772,46.6081216
642,Valea,valea,village,24.7969145,46.5632866
642,Vătava,vatava,village,24.7650683,46.9610934
642,Dumbrava,dumbrava,village,24.8049143,46.9420675
642,Râpa de Jos,rapa de jos,village,24.7660799,46.9408485
642,Sălașuri,salasuri,village,24.7760672,46.3755142
642,Viișoara,viisoara,village,24.5990595,46.2961261
642,Ormeniș,ormenis,village,24.5443447,46.3282673
642,Sântioana,santioana,village,24.551323,46.2836754
642,Archita,archita,village,25.087223,46.1806876
642,Feleag,feleag,village,25.0141878,46.2410996
642,Mureni,mureni,village,24.9892121,46.2304099
642,Șoard,soard,village,24.9262823,46.2630149
642,Voivodeni,voivodeni,village,24.627459,46.7029765
642,Toldal,toldal,village,24.5815498,46.7050918
642,Zagăr,zagar,village,24.6180894,46.3505949
642,Seleuș,seleus,village,24.5887082,46.362803
642,Zau de Câmpie,zau de campie,village,24.1254379,46.6160828
642,Bărboși,barbosi,village,24.1819349,46.5808719
642,Botei,botei,village,24.1319776,46.6393968
642,Bujor-Hodaie,bujor-hodaie,hamlet,24.1683275,46.6449471
642,Ciretea,ciretea,village,24.1681,46.6058003
642,Gaura Sângerului,gaura sangerului,village,24.1253969,46.6003171
642,Malea,malea,village,24.1908074,46.5824259
642,Ștefăneaca,stefaneaca,hamlet,24.1106922,46.6119026
642,Tău,tau,village,24.1541881,46.5944159
642,Ciba,ciba,village,24.5667752,46.4789745
642,Foi,foi,village,24.5997345,46.4799613
642,Nicolești,nicolesti,village,24.5557455,46.4770552
642,Seuca,seuca,village,24.3288233,46.3304169
642,Ocna Dejului,ocna dejului,village,23.8596764,47.1154652
642,Peștera,pestera,village,23.726963,47.186586
642,Pintic,pintic,village,23.7963625,47.0803058
642,Cuzdrioara,cuzdrioara,village,23.9199158,47.1677299
642,Mănășturel,manasturel,village,23.9528849,47.1712637
642,Valea Gârboului,valea garboului,village,23.9191645,47.207914
642,Jichișu de Jos,jichisu de jos,village,23.7883742,47.1289021
642,Codor,codor,village,23.8242253,47.127207
642,Jichișu de Sus,jichisu de sus,village,23.7478317,47.1008138
642,Șigău,sigau,village,23.7171394,47.1010528
642,Tărpiu,tarpiu,village,23.7614877,47.143534
642,Mica,mica,village,23.9263525,47.1470777
642,Dâmbu Mare,dambu mare,village,23.9501931,47.1515319
642,Mănăstirea,manastirea,village,23.9237791,47.1206157
642,Nireș,nires,village,23.9809169,47.1149889
642,Sânmărghita,sanmarghita,village,23.9927973,47.1575252
642,Valea Cireșoii,valea ciresoii,village,24.0262253,47.1507448
642,Valea Luncii,valea luncii,village,24.0253638,47.1674242
642,Mihai Viteazu,mihai viteazu,village,23.7458555,46.5403484
642,Băița,baita,village,23.865916,47.0304987
642,Hășdate,hasdate,village,23.8799396,47.008458
642,Silivaș,silivas,village,23.86796,46.9876117
642,Bicălatu,bicalatu,village,23.0523742,46.8795039
642,Aghireșu,aghiresu,village,23.2376556,46.8721445
642,Aghireșu-Fabrici,aghiresu-fabrici,village,23.2700567,46.866878
642,Arghișu,arghisu,village,23.2412294,46.9365279
642,Băgara,bagara,village,23.3040828,46.8641444
642,Dâncu,dancu,village,23.2256981,46.9101957
642,Dorolțu,doroltu,village,23.2951674,46.8560407
642,Inucu,inucu,village,23.2484024,46.8484017
642,Leghia,leghia,village,23.1891918,46.8470727
642,Macău,macau,village,23.2937802,46.8309152
642,Ticu,ticu,village,23.2449295,46.9070887
642,Ticu-Colonie,ticu-colonie,village,23.2349433,46.9169961
642,Aluniș,alunis,village,23.7463936,47.041418
642,Corneni,corneni,village,23.7472761,47.0754004
642,Ghirolt,ghirolt,village,23.784922,47.0388339
642,Pruneni,pruneni,village,23.7178661,47.0428143
642,Vale,vale,village,23.7217723,47.081275
642,Bodrog,bodrog,village,23.7667424,46.7316375
642,Câmpenești,campenesti,village,23.6892146,46.8523955
642,Corpadea,corpadea,village,23.8281,46.7919516
642,Pata,pata,village,23.747128,46.727216
642,Sub Coastă,sub coasta,village,23.7200044,46.7997991
642,Ășchileu Mare,aschileu mare,village,23.4926307,46.9828433
642,Așchileu Mic,aschileu mic,village,23.4377779,46.985173
642,Cristorel,cristorel,village,23.463312,46.9648035
642,Dorna,dorna,village,23.504124,47.0136293
642,Fodora,fodora,village,23.5255404,46.9784458
642,Corușu,corusu,village,23.5008569,46.8454386
642,Mera,mera,village,23.454047,46.8152527
642,Popești,popesti,village,23.5351289,46.8243652
642,Rădaia,radaia,village,23.4643435,46.8015425
642,Săliștea Nouă,salistea noua,village,23.4919013,46.8732242
642,Suceagu,suceagu,village,23.4650038,46.78429
642,Frăsinet,frasinet,village,23.3850211,46.6156127
642,Moara de Pădure,moara de padure,village,23.4313267,46.6006683
642,Muntele Băișorii,muntele baisorii,village,23.3482314,46.5604317
642,Muntele Bocului,muntele bocului,village,23.3416489,46.5740061
642,Muntele Cacovei,muntele cacovei,village,23.3351614,46.5333726
642,Muntele Filii,muntele filii,village,23.3938944,46.5852136
642,Muntele Săcelului,muntele sacelului,village,23.3871062,46.6007312
642,Săcel,sacel,village,23.456666,46.6016321
642,Giurcuța de Jos,giurcuta de jos,locality,22.9895802,46.6541709
642,Giurcuța de Sus,giurcuta de sus,village,22.9186742,46.6462456
642,Smida,smida,village,22.8771204,46.6426313
642,Antăș,antas,village,23.5811853,47.1122214
642,Băbdiu,babdiu,village,23.6994639,47.1269824
642,Blidărești,blidaresti,hamlet,23.5672767,47.1064627
642,Cremenea,cremenea,village,23.7258422,47.1464482
642,Maia,maia,village,23.7269862,47.1504915
642,Oșorhel,osorhel,village,23.6047343,47.1255088
642,Pruni,pruni,village,23.609631,47.1625361
642,Suarăș,suaras,village,23.711414,47.136059
642,Vâlcelele,valcelele,village,23.596023,47.1067256
642,Bonțida,bontida,village,23.8157063,46.9121311
642,Coasta,coasta,village,23.8972007,46.8857671
642,Răscruci,rascruci,village,23.7685987,46.9056905
642,Tăușeni,tauseni,village,23.9262675,46.8732382
642,Borșa,borsa,village,23.6627274,46.9329886
642,Borșa-Cătun,borsa-catun,village,23.7093252,46.906212
642,Borșa-Crestaia,borsa-crestaia,hamlet,23.6422372,46.9088788
642,Ciumăfaia,ciumafaia,village,23.6227208,46.9437197
642,Giula,giula,village,23.6099665,46.92828
642,Buza,buza,village,24.1474856,46.9097318
642,Rotunda,rotunda,village,24.2129838,46.8991335
642,Căianu,caianu,village,23.9184964,46.784603
642,Bărăi,barai,village,23.9082474,46.8455188
642,Căianu Mic,caianu mic,village,23.8984495,46.7952282
642,Căianu-Vamă,caianu-vama,village,23.8761958,46.8025623
642,Vaida-Cămăraș,vaida-camaras,village,23.9472414,46.8282285
642,Văleni,valeni,village,23.9043346,46.7840553
642,Călărași,calarasi,village,23.8556367,46.4834878
642,Bogata,bogata,village,23.8172903,46.5099152
642,Călărași-Gară,calarasi-gara,village,23.8874556,46.4852201
642,Călățele,calatele,village,23.0098605,46.7642788
642,Dealu Negru,dealu negru,village,23.0661138,46.7117488
642,Finciu,finciu,village,23.0412913,46.7544153
642,Năoiu,naoiu,village,24.1019608,46.7637306
642,Sâmboleni,samboleni,village,24.1086339,46.8071414
642,Bălcești,balcesti,village,23.1937407,46.7718725
642,Dumbrava,dumbrava,village,23.2176284,46.8250204
642,Straja,straja,village,23.2952291,46.8073253
642,Cășeiu,caseiu,village,23.8537714,47.1969031
642,Comorâța,comorata,village,23.8206917,47.2900106
642,Coplean,coplean,village,23.8256227,47.1976433
642,Custura,custura,village,23.8511523,47.2586111
642,Gârbău Dejului,garbau dejului,village,23.9085957,47.2364587
642,Guga,guga,village,23.8309833,47.2744877
642,Leurda,leurda,village,23.9029492,47.2620366
642,Rugășești,rugasesti,village,23.8717152,47.2313266
642,Sălătruc,salatruc,village,23.8796443,47.2613659
642,Urișor,urisor,village,23.8777736,47.1689579
642,Cătina,catina,village,24.1632811,46.8450442
642,Copru,copru,village,24.2022431,46.8733959
642,Feldioara,feldioara,village,24.1545602,46.8840612
642,Hodaie,hodaie,village,24.1328556,46.8311778
642,Valea Caldă,valea calda,village,24.139446,46.8498522
642,Ceanu Mare,ceanu mare,village,23.9597635,46.6617228
642,Andici,andici,locality,23.9190665,46.6477536
642,Boian,boian,village,23.9907961,46.637363
642,Bolduț,boldut,village,23.9517603,46.6218522
642,Ciurgău,ciurgau,village,23.9378692,46.66056
642,Dosu Napului,dosu napului,village,23.9094098,46.663935
642,Fânațe,fanate,village,23.961871,46.6802357
642,Hodăi-Boian,hodai-boian,village,24.0112431,46.6408595
642,Iacobeni,iacobeni,village,24.0287778,46.6695568
642,Morțești,mortesti,village,23.9038089,46.6380817
642,Stârcu,starcu,locality,23.8905309,46.65063
642,Strucut,strucut,village,23.8847318,46.6771172
642,Valea lui Cati,valea lui cati,village,23.9436011,46.6453162
642,Chinteni,chinteni,village,23.5404553,46.861747
642,Deușu,deusu,village,23.5237159,46.8983135
642,Feiurdeni,feiurdeni,village,23.6273366,46.8824114
642,Măcicașu,macicasu,village,23.5685454,46.8903973
642,Pădureni,padureni,village,23.5968044,46.8700678
642,Satu Lung,satu lung,village,23.6028132,46.9087588
642,Săliștea Veche,salistea veche,village,23.4642554,46.8936082
642,Sânmărtin,sanmartin,village,23.5684101,46.8994923
642,Vechea,vechea,village,23.5125969,46.8968553
642,Chiuiești,chiuiesti,village,23.8746706,47.2956274
642,Dosu Bricii,dosu bricii,village,23.9065858,47.2856916
642,Huta,huta,village,24.0094559,47.332674
642,Măgoaja,magoaja,village,23.861667,47.3478356
642,Strâmbu,strambu,village,23.9531907,47.336874
642,Valea Cășeielului,valea caseielului,village,23.9265885,47.3282539
642,Valea lui Opriș,valea lui opris,village,23.901381,47.3290664
642,Ciucea,ciucea,village,22.8127498,46.9543407
642,Bucea,bucea,village,22.6948114,46.9491304
642,Negreni,negreni,village,22.7565211,46.9554087
642,Prelucele,prelucele,village,22.7782334,46.9401312
642,Vânători,vanatori,village,22.8477477,46.9625131
642,Filea de Jos,filea de jos,village,23.508347,46.6204823
642,Filea de Sus,filea de sus,village,23.4828489,46.6103223
642,Pădureni,padureni,village,23.5606358,46.6072104
642,Pruniș,prunis,village,23.5658795,46.6392381
642,Sălicea,salicea,village,23.5244397,46.6755928
642,Săliște,saliste,village,23.5843182,46.6511283
642,Câțcău,catcau,village,23.789674,47.2176494
642,Muncel,muncel,village,23.7665068,47.2564584
642,Sălișca,salisca,village,23.8237959,47.2211302
642,Cojocna,cojocna,village,23.8317763,46.7507433
642,Boj-Cătun,boj-catun,village,23.8411238,46.6971131
642,Boju,boju,village,23.7815928,46.7101196
642,Cara,cara,village,23.7800774,46.7555699
642,Huci,huci,village,23.8983834,46.6827645
642,Iuriu de Câmpie,iuriu de campie,village,23.9165755,46.6989174
642,Straja,straja,village,23.8700758,46.7005038
642,Cornești,cornesti,village,23.678875,47.0360768
642,Bârlea,barlea,village,23.723063,46.9911561
642,Igriția,igritia,village,23.6342555,47.0919787
642,Lujerdiu,lujerdiu,village,23.7171932,46.9697765
642,Morău,morau,village,23.6930985,46.9970379
642,Stoiana,stoiana,village,23.6867691,47.0177536
642,Tiocu de Jos,tiocu de jos,village,23.6609332,47.0590739
642,Tiocu de Sus,tiocu de sus,village,23.6484974,47.0761764
642,Tioltiur,tioltiur,village,23.7202603,47.0134472
642,Dăbâca,dabaca,village,23.6745636,46.9698278
642,Luna de Jos,luna de jos,village,23.7597203,46.9366423
642,Pâglișa,paglisa,village,23.646265,47.0029852
642,Casele Micești,casele micesti,village,23.5735757,46.6991363
642,Gheorghieni,gheorghieni,village,23.6885337,46.7139288
642,Sărădiș,saradis,village,23.6634881,46.7008635
642,Bonț,bont,village,23.925476,46.9892501
642,Lunca Bonțului,lunca bontului,locality,23.9602944,46.9850615
642,Nicula,nicula,village,23.9417943,47.0079887
642,Săcălaia,sacalaia,village,23.9205529,46.9645161
642,Tăuți,tauti,village,23.5063749,46.7113087
642,Berchieșu,berchiesu,village,24.0380863,46.7284208
642,Oaș,oas,village,24.0917533,46.6998843
642,Olariu,olariu,village,24.0691848,46.6927307
642,Pădurea Iacobeni,padurea iacobeni,hamlet,24.0501755,46.6894982
642,Poiana Frății,poiana fratii,village,24.0924012,46.6707447
642,Răzoare,razoare,hamlet,24.0227144,46.7071108
642,Soporu de Câmpie,soporu de campie,village,24.0065768,46.6961844
642,Chiriș,chiris,village,24.0417771,46.8843691
642,Lacu,lacu,village,24.1097758,46.8854987
642,Legii,legii,village,24.0496241,46.8559395
642,Puini,puini,village,24.0140779,46.9087251
642,Someșu Cald,somesu cald,village,23.3299621,46.7290928
642,Gârbău,garbau,village,23.3526552,46.833035
642,Cornești,cornesti,village,23.32735,46.8886712
642,Nădășelu,nadaselu,village,23.4154967,46.8274793
642,Viștea,vistea,village,23.4021752,46.8025955
642,Turea,turea,village,23.353399,46.8511104
642,Iara,iara,village,23.5161497,46.5558658
642,Borzești,borzesti,village,23.6128959,46.5395813
642,Făgetu Ierii,fagetu ierii,village,23.5225051,46.5388682
642,Lungești,lungesti,village,23.5389232,46.5000529
642,Mașca,masca,village,23.4575635,46.5536635
642,Măgura Ierii,magura ierii,village,23.5839385,46.5433324
642,Valea Agrișului,valea agrisului,village,23.556603,46.5705799
642,Valea Vadului,valea vadului,village,23.4258986,46.5539
642,Iclod,iclod,village,23.8073545,46.9814253
642,Fundătura,fundatura,village,23.7786185,46.9563875
642,Iclozel,iclozel,village,23.8212007,46.9726401
642,Livada,livada,village,23.8452436,47.0008659
642,Orman,orman,village,23.818995,47.0468742
642,Izvoru Crișului,izvoru crisului,village,23.1058661,46.8382963
642,Nadășu,nadasu,village,23.1510621,46.8564036
642,Nearșova,nearsova,village,23.0643661,46.8372035
642,Șaula,saula,village,23.0755903,46.8518185
642,Jucu de Sus,jucu de sus,village,23.7931647,46.8548624
642,Gădălin,gadalin,village,23.8485171,46.8402209
642,Juc-Herghelie,juc-herghelie,village,23.7587981,46.8538406
642,Jucu de Mijloc,jucu de mijloc,village,23.7737997,46.8423583
642,Vișea,visea,village,23.8736114,46.8564144
642,Gligorești,gligoresti,village,23.9774863,46.4446036
642,Luncani,luncani,village,23.9458045,46.4771704
642,Muntele Rece,muntele rece,village,23.3005839,46.6557437
642,Mănăstireni,manastireni,village,23.0852228,46.7818653
642,Ardeova,ardeova,village,23.1050235,46.7953314
642,Bica,bica,village,23.083179,46.7944354
642,Dretea,dretea,village,23.0991743,46.8057219
642,Mănășturu Românesc,manasturu romanesc,village,23.0839135,46.7752084
642,Mărgău,margau,village,22.959314,46.7527035
642,Bociu,bociu,village,22.9459865,46.7790222
642,Buteni,buteni,village,22.9816779,46.7868793
642,Ciuleni,ciuleni,village,22.9807801,46.7697928
642,Scrind-Frăsinet,scrind-frasinet,village,22.9023682,46.7460698
642,Mărișel,marisel,village,23.1154982,46.6831146
642,Mintiu Gherlii,mintiu gherlii,village,23.9439929,47.0546014
642,Nima,nima,village,23.8675381,47.0759396
642,Pădurenii,padurenii,village,24.0002542,47.070759
642,Petrești,petresti,village,23.9381871,47.0762522
642,Salatiu,salatiu,village,23.9301293,47.1002406
642,Boteni,boteni,village,24.0263136,46.7662381
642,Chesău,chesau,village,24.0101949,46.8187183
642,Crișeni,criseni,village,24.0480734,46.7521857
642,Falca,falca,hamlet,24.0085797,46.787294
642,Ghirișu Român,ghirisu roman,village,23.9766296,46.8047308
642,Roșieni,rosieni,village,24.0690964,46.8157092
642,Turmași,turmasi,village,24.0058261,46.7981557
642,Moldovenești,moldovenesti,village,23.6644851,46.5005469
642,Bădeni,badeni,village,23.7361948,46.4886776
642,Pietroasa,pietroasa,village,23.6359245,46.463234
642,Plăiești,plaiesti,village,23.7114627,46.4996194
642,Podeni,podeni,village,23.6416518,46.4274192
642,Stejeriș,stejeris,village,23.7376495,46.4663328
642,Pălatca,palatca,village,23.9887191,46.8408905
642,Băgaciu,bagaciu,village,23.9471435,46.8857308
642,Mureșenii de Câmpie,muresenii de campie,village,23.9883529,46.8906072
642,Petea,petea,village,24.0155956,46.8665761
642,Sava,sava,village,23.9712623,46.8839954
642,Panticeu,panticeu,village,23.5573369,47.0423459
642,Cătălina,catalina,village,23.5044388,47.0361974
642,Cubleșu Someșan,cublesu somesan,village,23.6280149,47.0513771
642,Dârja,darja,village,23.5950403,47.016535
642,Sărata,sarata,village,23.4963189,47.0558246
642,Crăești,craesti,village,23.5904633,46.6134674
642,Livada,livada,village,23.591898,46.5695789
642,Plaiuri,plaiuri,village,23.5713897,46.5889425
642,Ploscoș,ploscos,village,23.8470556,46.6433566
642,Crairât,crairat,village,23.8169155,46.6557354
642,Lobodaș,lobodas,village,23.8475903,46.6790276
642,Valea Florilor,valea florilor,village,23.8604868,46.6646364
642,Poieni,poieni,village,22.8598861,46.9171936
642,Bologa,bologa,village,22.8788928,46.8824542
642,Cerbești,cerbesti,village,22.8654996,46.9013595
642,Hodișu,hodisu,village,22.9096221,46.9083258
642,Morlaca,morlaca,village,22.9186933,46.8575145
642,Recea-Cristur,recea-cristur,village,23.5209402,47.0796778
642,Ciubanca,ciubanca,village,23.5738932,47.1631445
642,Ciubăncuța,ciubancuta,village,23.5531999,47.1424015
642,Elciu,elciu,village,23.5669269,47.0811925
642,Escu,escu,village,23.5287354,47.1285521
642,Jurca,jurca,village,23.5480433,47.1262951
642,Osoi,osoi,village,23.5218366,47.1479067
642,Pustuța,pustuta,village,23.5646717,47.1229304
642,Dealu Mare,dealu mare,village,23.1579285,46.7202291
642,Săcuieu,sacuieu,village,22.8882382,46.8233499
642,Rogojel,rogojel,village,22.8610394,46.7926521
642,Vișagu,visagu,village,22.8306946,46.8309828
642,Lita,lita,village,23.4664603,46.632682
642,Liteni,liteni,village,23.4530285,46.6198863
642,Stolna,stolna,village,23.4006437,46.7117189
642,Sic,sic,village,23.896415,46.9312386
642,Sâncraiu,sancraiu,village,22.985319,46.8300727
642,Alunișu,alunisu,village,22.9418216,46.8316105
642,Brăișoru,braisoru,village,22.9571736,46.8573931
642,Domoșu,domosu,village,23.0232478,46.8317046
642,Horlacea,horlacea,village,23.0398136,46.8192827
642,Sânmărtin,sanmartin,village,24.0764646,47.0091843
642,Ceaba,ceaba,village,24.0979916,47.0500928
642,Cutca,cutca,village,24.07928,47.0319291
642,Diviciorii Mari,diviciorii mari,village,24.0752537,46.9890383
642,Diviciorii Mici,diviciorii mici,village,24.1005476,46.973275
642,Măhal,mahal,village,24.0456887,46.9752007
642,Sâmboieni,samboieni,village,24.0622772,47.0297679
642,Târgușor,targusor,village,24.0463716,46.9968531
642,Sânpaul,sanpaul,village,23.4197044,46.8693686
642,Berindu,berindu,village,23.4372769,46.9342756
642,Mihăiești,mihaiesti,village,23.4187456,46.9035925
642,Sumurducu,sumurducu,village,23.4492386,46.8707056
642,Șardu,sardu,village,23.3917138,46.8615941
642,Topa Mică,topa mica,village,23.387216,46.936168
642,Suatu,suatu,village,23.9686333,46.7720689
642,Aruncuta,aruncuta,village,23.9680148,46.7332757
642,Dâmburile,damburile,village,23.9374288,46.7555547
642,Tritenii de Jos,tritenii de jos,village,24.0013791,46.5851589
642,Clapa,clapa,village,24.0253651,46.5691322
642,Colonia,colonia,village,23.9722314,46.5972293
642,Pădureni,padureni,village,24.0269988,46.5931618
642,Tritenii de Sus,tritenii de sus,village,23.9984884,46.6054423
642,Tritenii-Hotar,tritenii-hotar,village,23.983864,46.5739738
642,Ceanu Mic,ceanu mic,village,23.7112147,46.64274
642,Comșești,comsesti,village,23.6716753,46.6332741
642,Mărtinești,martinesti,village,23.6800397,46.6558557
642,Năsal,nasal,village,24.1122191,46.9444849
642,Sântejude,santejude,village,23.990529,46.9268308
642,Sântejude-Vale,santejude-vale,village,23.9624974,46.9634433
642,Sântioana,santioana,village,24.0116107,46.9698126
642,Unguraș,unguras,village,24.0511555,47.1121163
642,Batin,batin,village,24.061398,47.0727654
642,Daroț,darot,hamlet,24.1045971,47.1221068
642,Sicfa,sicfa,hamlet,24.1318181,47.0924441
642,Valea Ungurașului,valea ungurasului,village,24.1150257,47.0764455
642,Vad,vad,village,23.7482034,47.2202941
642,Bogata de Jos,bogata de jos,village,23.7062019,47.2042319
642,Bogata de Sus,bogata de sus,village,23.6680876,47.1936782
642,Calna,calna,village,23.6460496,47.1767604
642,Cetan,cetan,village,23.8028205,47.192992
642,Curtuiușu Dejului,curtuiusu dejului,village,23.6817375,47.2167129
642,Valea Groșilor,valea grosilor,village,23.7450953,47.2397197
642,Cerc,cerc,village,23.2809658,46.6206011
642,Urca,urca,village,23.961872,46.5488522
642,Vultureni,vultureni,village,23.5569136,46.9607551
642,Băbuțiu,babutiu,village,23.5310201,46.9403033
642,Bădești,badesti,village,23.6363152,46.9698404
642,Chidea,chidea,village,23.6006827,46.977483
642,Făureni,faureni,village,23.5456195,46.9284135
642,Șoimeni,soimeni,village,23.533392,46.9584545
642,Câlnic,calnic,village,21.8575372,45.3384428
642,Cuptoare,cuptoare,village,21.9656328,45.2621216
642,Doman,doman,village,21.9162055,45.2653264
642,Secu,secu,village,21.9794344,45.2699807
642,Țerova,terova,village,21.9237408,45.3085075
642,Moniom,moniom,village,21.8344567,45.3499437
642,Steierdorf,steierdorf,village,21.8521646,45.0635863
642,Jupa,jupa,village,22.1886456,45.4575504
642,Măcești,macesti,village,21.6082736,44.7543188
642,Ciclova Montană,ciclova montana,village,21.7297265,45.0259379
642,Marila,marila,village,21.7798626,45.0613907
642,Agadici,agadici,village,21.6978168,45.1089164
642,Brădișoru de Jos,bradisoru de jos,village,21.714664,45.078578
642,Broșteni,brosteni,village,21.6509549,45.0458645
642,Răchitova,rachitova,village,21.6807213,45.0620386
642,Cireșa,ciresa,village,22.3883764,45.5258157
642,Mal,mal,village,22.3971781,45.5047547
642,Feneș,fenes,village,22.3467803,45.1906571
642,Plopu,plopu,hamlet,22.4223274,45.2382026
642,Sat Bătrân,sat batran,village,22.3305258,45.2346477
642,Sub Margine,sub margine,village,22.348769,45.2216263
642,Bănia,bania,village,22.0451306,44.8762424
642,Gârbovăț,garbovat,village,22.009805,44.8677598
642,Bucova,bucova,village,22.6373084,45.509062
642,Cornișoru,cornisoru,village,22.5623754,45.5205867
642,Preveciori,preveciori,village,22.5581771,45.5759376
642,Berzasca,berzasca,village,21.9526263,44.647617
642,Bigăr,bigar,village,22.1033138,44.6648863
642,Cozla,cozla,village,22.0009257,44.632999
642,Drencova,drencova,hamlet,21.9723364,44.6377707
642,Bolvașnița,bolvasnita,village,22.3101167,45.3455774
642,Vârciorova,varciorova,village,22.352077,45.3271012
642,Poneasca,poneasca,village,21.9505134,45.0345332
642,Prilipeț,prilipet,village,22.0633362,44.9304727
642,Valea Minișului,valea minisului,hamlet,21.9047519,45.0207676
642,Apadia,apadia,village,22.0481627,45.3902306
642,Valeadeni,valeadeni,village,22.0133687,45.4001603
642,Gărâna,garana,village,22.0973564,45.2277578
642,Lindenfeld,lindenfeld,hamlet,22.1122696,45.313763
642,Poiana,poiana,village,22.1783672,45.352507
642,Prisian,prisian,village,22.2424883,45.358486
642,Valea Timișului,valea timisului,village,22.2659246,45.3489148
642,Goleț,golet,village,22.2566606,45.2833883
642,Petroșnița,petrosnita,village,22.2589467,45.3233744
642,Vălișoara,valisoara,village,22.2880632,45.3177037
642,Iabalcea,iabalcea,village,21.9163651,45.2184245
642,Nermed,nermed,village,21.8637089,45.2293686
642,Știnăpari,stinapari,village,21.7354833,44.8461946
642,Maciova,maciova,village,22.2044617,45.5215511
642,Mâtnicu Mare,matnicu mare,village,22.1219334,45.5096164
642,Peștere,pestere,village,22.1862085,45.52905
642,Prisaca,prisaca,village,22.1565822,45.4994603
642,Zăgujeni,zagujeni,village,22.1628636,45.4820355
642,Ciclova Română,ciclova romana,village,21.7053964,45.0097037
642,Ilidia,ilidia,village,21.7084744,44.9708048
642,Socolari,socolari,village,21.72829,44.9437837
642,Ciuchici,ciuchici,village,21.6153552,44.9444214
642,Macoviște,macoviste,village,21.6558008,44.9391961
642,Petrilova,petrilova,village,21.6298005,44.9190209
642,Ciudanovița,ciudanovita,village,21.7790764,45.156643
642,Jitin,jitin,village,21.7289677,45.1495262
642,Ohaba-Mâtnic,ohaba-matnic,village,22.077947,45.4704617
642,Ruginosu,ruginosu,village,22.1142359,45.4602764
642,Zorile,zorile,village,22.0631711,45.4935384
642,Cornea,cornea,village,22.3251641,45.0410801
642,Crușovăț,crusovat,village,22.3206096,44.9967621
642,Cuptoare,cuptoare,village,22.3084531,45.0107604
642,Macoviște,macoviste,village,22.3218855,45.0295338
642,Cornereva,cornereva,village,22.4199179,45.0638893
642,Arsuri,arsuri,hamlet,22.4287465,45.1223385
642,Bogâltin,bogaltin,village,22.4149164,45.0390464
642,Bojia,bojia,village,22.4147303,45.1064999
642,Borugi,borugi,hamlet,22.3951291,45.0504715
642,Camena,camena,village,22.4762029,45.111415
642,Cireșel,ciresel,hamlet,22.4168944,45.0703607
642,Costiș,costis,hamlet,22.3977869,45.0220678
642,Cozia,cozia,village,22.4411092,45.1183155
642,Cracu Mare,cracu mare,hamlet,22.5227159,45.0073799
642,Cracu Teiului,cracu teiului,hamlet,22.4126288,45.0253428
642,Dobraia,dobraia,hamlet,22.4684945,45.0039207
642,Dolina,dolina,hamlet,22.4519936,45.0681312
642,Gruni,gruni,hamlet,22.4264893,45.1095763
642,Hora Mare,hora mare,hamlet,22.4219148,45.1154136
642,Hora Mică,hora mica,hamlet,22.4128881,45.1106619
642,Ineleț,inelet,hamlet,22.540658,45.0153328
642,Izvor,izvor,hamlet,22.4051686,45.0711999
642,Lunca Florii,lunca florii,hamlet,22.4679066,45.0794954
642,Lunca Zaicii,lunca zaicii,hamlet,22.4589465,45.0862286
642,Mesteacăn,mesteacan,hamlet,22.386993,45.037384
642,Negiudin,negiudin,hamlet,22.3985447,45.0590931
642,Obița,obita,hamlet,22.4277617,45.138466
642,Pogara de Sus,pogara de sus,village,22.4217531,45.0870443
642,Pogara,pogara,hamlet,22.4080301,45.0440969
642,Poiana Lungă,poiana lunga,hamlet,22.4584465,45.0016071
642,Prisacina,prisacina,hamlet,22.4850334,45.015875
642,Prislop,prislop,hamlet,22.4534596,45.1080073
642,Ruștin,rustin,hamlet,22.4117612,45.1024712
642,Scărișoara,scarisoara,hamlet,22.5450623,45.0306327
642,Strugasca,strugasca,hamlet,22.4477539,45.0960772
642,Studena,studena,hamlet,22.4614105,45.0645577
642,Sub Crâng,sub crang,hamlet,22.4720259,45.1010055
642,Sub Plai,sub plai,hamlet,22.4629179,45.0691685
642,Topla,topla,village,22.4611067,45.0586317
642,Țațu,tatu,hamlet,22.5617455,45.0382847
642,Zănogi,zanogi,village,22.4665923,45.090313
642,Zbegu,zbegu,village,22.4123514,45.0925823
642,Zmogotin,zmogotin,hamlet,22.4706526,45.0967349
642,Zoina,zoina,hamlet,22.4540192,45.0572017
642,Dalboșeț,dalboset,village,21.9585426,44.863988
642,Bârz,barz,hamlet,21.9165961,44.8439178
642,Boina,boina,hamlet,21.888385,44.8230401
642,Boinița,boinita,hamlet,21.9084675,44.8320545
642,Prislop,prislop,hamlet,21.9351323,44.8359502
642,Reșița Mică,resita mica,hamlet,21.9421154,44.852543
642,Șopotu Vechi,sopotu vechi,village,21.9954429,44.8582318
642,Calina,calina,village,21.6994591,45.2280673
642,Domașnea,domasnea,village,22.3172921,45.0824981
642,Cănicea,canicea,village,22.3563752,45.0692162
642,Dezești,dezesti,village,21.8907827,45.4694981
642,Duleu,duleu,village,21.7800048,45.5118179
642,Scăiuș,scaius,village,21.919442,45.5176702
642,Valea Mare,valea mare,village,21.8052779,45.5033734
642,Brezon,brezon,village,21.5805422,45.2446998
642,Comorâște,comoraste,village,21.5629901,45.1817537
642,Goruia,goruia,village,21.7780854,45.1861822
642,Giurgiova,giurgiova,village,21.7202306,45.1851077
642,Gârliște,garliste,village,21.8134312,45.1775299
642,Grădinari,gradinari,village,21.5933791,45.1210787
642,Greoni,greoni,village,21.6173098,45.0890098
642,Iablanița,iablanita,village,22.3137504,44.9511737
642,Globu Craiovei,globu craiovei,village,22.2709736,44.9951978
642,Petnic,petnic,village,22.2906857,44.9776496
642,Lăpușnicel,lapusnicel,village,22.2282518,44.9837796
642,Pârvova,parvova,village,22.205904,45.01527
642,Șumița,sumita,village,22.1872267,44.9600222
642,Lăpușnicu Mare,lapusnicu mare,village,21.9433283,44.8999231
642,Moceriș,moceris,village,21.9230895,44.8704649
642,Luncavița,luncavita,village,22.2670334,45.0931277
642,Verendin,verendin,village,22.2391704,45.0775463
642,Rafnic,rafnic,village,21.7883463,45.2331471
642,Vodnic,vodnic,village,21.7961516,45.2467573
642,Vama Marga,vama marga,village,22.5123023,45.5233215
642,Mehadia,mehadia,village,22.3654341,44.9043893
642,Globurău,globurau,village,22.3711221,45.0065979
642,Valea Bolvașnița,valea bolvasnita,village,22.3901905,44.9460224
642,Mehadica,mehadica,village,22.2635658,45.0392324
642,Naidăș,naidas,village,21.589927,44.8816608
642,Lescovița,lescovita,village,21.5441996,44.8700086
642,Ciuta,ciuta,village,22.2273134,45.4809522
642,Iaz,iaz,village,22.2338393,45.4650871
642,Var,var,village,22.3051308,45.4483724
642,Cornuțel,cornutel,village,22.0955637,45.4348905
642,Delinești,delinesti,village,22.072802,45.3877165
642,Ohabița,ohabita,village,22.0976573,45.3873111
642,Rugi,rugi,village,22.1335016,45.3861599
642,Coronini,coronini,village,21.6855228,44.6800362
642,Pojejena,pojejena,village,21.5772027,44.7733163
642,Belobreșca,belobresca,village,21.5124434,44.7861089
642,Divici,divici,village,21.4803598,44.7821354
642,Radimna,radimna,village,21.5637993,44.7950211
642,Șușca,susca,village,21.5313327,44.7844752
642,Prigor,prigor,village,22.1135222,44.9272454
642,Borlovenii Noi,borlovenii noi,village,22.1433668,44.9687584
642,Borlovenii Vechi,borlovenii vechi,village,22.1094737,44.9551315
642,Pătaș,patas,village,22.1013124,44.9510605
642,Putna,putna,village,22.1771256,44.9364942
642,Bărbosu,barbosu,village,21.7537902,45.4648749
642,Răcășdia,racasdia,village,21.625772,44.9939927
642,Vrăniuț,vraniut,village,21.5506252,45.0013704
642,Eftimie Murgu,eftimie murgu,village,22.0952225,44.8774416
642,Rusca Montană,rusca montana,village,22.4581607,45.5674099
642,Rușchița,ruschita,village,22.4146072,45.6334202
642,Sălbăgelu Nou,salbagelu nou,village,22.0631702,45.5670538
642,Bogodinț,bogodint,village,21.6623442,44.8984224
642,Potoc,potoc,village,21.7225792,44.9275559
642,Sasca Română,sasca romana,village,21.7245753,44.8923475
642,Slatina-Nera,slatina-nera,village,21.689692,44.9159374
642,Brestelnic,brestelnic,hamlet,21.8842212,44.7031377
642,Camenița,camenita,hamlet,21.8249003,44.7200309
642,Cârșie,carsie,village,21.8084421,44.7294074
642,Cracu Almăj,cracu almaj,hamlet,21.8506729,44.7379854
642,Crușovița,crusovita,village,21.817334,44.6827332
642,Curmătura,curmatura,hamlet,21.8052913,44.7222597
642,Frăsiniș,frasinis,hamlet,21.7736816,44.7283292
642,Liborajdea,liborajdea,hamlet,21.7723189,44.6742066
642,Lucacevăț,lucacevat,hamlet,21.7907791,44.6902371
642,Martinovăț,martinovat,hamlet,21.776399,44.7031252
642,Ogașu Podului,ogasu podului,hamlet,21.8701953,44.6962042
642,Streneac,streneac,hamlet,21.7672797,44.681013
642,Valea Orevița,valea orevita,hamlet,21.9250517,44.6912662
642,Valea Ravensca,valea ravensca,hamlet,21.8582595,44.7256283
642,Valea Sicheviței,valea sichevitei,hamlet,21.8592021,44.710259
642,Zănou,zanou,hamlet,21.8374106,44.7347606
642,Zăsloane,zasloane,hamlet,21.8288478,44.7089239
642,Ilova,ilova,village,22.3415119,45.2777113
642,Sadova Nouă,sadova noua,village,22.3455376,45.2568664
642,Baziaș,bazias,village,21.39048,44.8159071
642,Câmpia,campia,village,21.4118186,44.8626615
642,Pârneaura,parneaura,village,21.4415192,44.8630396
642,Zlatița,zlatita,village,21.4691716,44.864946
642,Șopotu Nou,sopotu nou,village,21.8612041,44.8178765
642,Cârșa Roșie,carsa rosie,hamlet,21.814156,44.7848263
642,Driștie,dristie,hamlet,21.8576065,44.8359362
642,Poienile Boinei,poienile boinei,hamlet,21.8800376,44.7921449
642,Ravensca,ravensca,village,21.9142191,44.774274
642,Răchita,rachita,hamlet,21.8472574,44.7810338
642,Stăncilova,stancilova,village,21.8127849,44.8162327
642,Urcu,urcu,hamlet,21.8355548,44.8066
642,Valea Răchitei,valea rachitei,village,21.8730581,44.7597293
642,Valea Roșie,valea rosie,hamlet,21.8162791,44.7963976
642,Ticvaniu Mare,ticvaniu mare,village,21.6410742,45.1404537
642,Cârnecea,carnecea,village,21.6350027,45.2009861
642,Secășeni,secaseni,village,21.6961283,45.1787895
642,Ticvaniu Mic,ticvaniu mic,village,21.6516363,45.1158259
642,Bratova,bratova,hamlet,21.9332775,45.326902
642,Topleț,toplet,village,22.3959081,44.7982105
642,Bârza,barza,village,22.3856031,44.8106584
642,Turnu Ruieni,turnu ruieni,village,22.3355739,45.3907024
642,Borlova,borlova,village,22.3520007,45.367375
642,Cicleni,cicleni,hamlet,22.3084706,45.428135
642,Dalci,dalci,village,22.3152602,45.4151061
642,Zervești,zervesti,village,22.2917192,45.406498
642,Zlagna,zlagna,village,22.3001537,45.3780544
642,Vărădia,varadia,village,21.5423295,45.0817026
642,Ersig,ersig,village,21.6244779,45.4999307
642,Izgar,izgar,village,21.6059058,45.5437208
642,Iertof,iertof,village,21.5149807,45.0109922
642,Măgura,magura,village,22.4144301,45.4995493
642,Măru,maru,village,22.4503861,45.4758583
642,Poiana Mărului,poiana marului,village,22.5407054,45.4032778
642,Valea Bistrei,valea bistrei,village,22.4273833,45.5255886
642,Voislova,voislova,village,22.459671,45.5275206
642,23 August,23 august,village,22.3993013,45.5230324
642,Zorlencior,zorlencior,village,22.0057848,45.4757971
642,Chilieni,chilieni,village,25.8031554,45.8371333
642,Coșeni,coseni,village,25.7998834,45.8118698
642,Bodoș,bodos,village,25.6631265,46.076358
642,Micloșoara,miclosoara,village,25.5818166,46.0082559
642,Racoșul de Sus,racosul de sus,village,25.547828,46.0790947
642,Chiuruș,chiurus,village,26.1566835,45.8231843
642,Brădet,bradet,village,25.9977734,45.6522016
642,Floroaia,floroaia,village,26.0156271,45.6949685
642,Scrădoasa,scradoasa,village,26.0077256,45.7197336
642,Barcani,barcani,village,26.0851396,45.6881539
642,Lădăuți,ladauti,village,26.0630515,45.7218589
642,Sărămăș,saramas,village,26.0494641,45.6987775
642,Valea Mare,valea mare,village,26.0143469,45.7638898
642,Sita Buzăului,sita buzaului,village,26.0665327,45.6574336
642,Crasna,crasna,village,26.1444482,45.5899617
642,Merișor,merisor,hamlet,26.0765011,45.6508276
642,Zăbrătău,zabratau,village,26.1313263,45.6162374
642,Bățanii Mari,batanii mari,village,25.6978882,46.0885019
642,Bățanii Mici,batanii mici,village,25.695112,46.1038306
642,Herculian,herculian,village,25.7097685,46.1340217
642,Ozunca-Băi,ozunca-bai,village,25.8011714,46.0909
642,Belin-Vale,belin-vale,village,25.6087763,45.9323707
642,Zălan,zalan,village,25.8174027,45.9599554
642,Boroșneu Mare,borosneu mare,village,26.0078365,45.8192316
642,Boroșneu Mic,borosneu mic,village,26.011588,45.7862062
642,Dobolii de Sus,dobolii de sus,village,26.0342762,45.7832758
642,Valea Mică,valea mica,hamlet,25.9931379,45.7816436
642,Pachia,pachia,village,26.1180463,45.8253865
642,Brăduț,bradut,village,25.609558,46.1294071
642,Doboșeni,doboseni,village,25.5934624,46.1244341
642,Filia,filia,village,25.6213974,46.1440924
642,Tălișoara,talisoara,village,25.5887469,46.1049422
642,Brețcu,bretcu,village,26.3021371,46.0442336
642,Mărtănuș,martanus,village,26.2902946,46.0187642
642,Hătuica,hatuica,village,26.1277016,45.9399539
642,Imeni,imeni,village,26.1714798,45.943563
642,Mărtineni,martineni,village,26.0956536,45.9212861
642,Mărcușa,marcusa,village,26.0574181,45.915716
642,Albiș,albis,village,26.0065161,45.9357225
642,Icafalău,icafalau,village,26.0236477,45.9994698
642,Băcel,bacel,village,25.8222242,45.757869
642,Dobârlău,dobarlau,village,25.886992,45.7374928
642,Lunca Mărcușului,lunca marcusului,village,25.8409123,45.7476352
642,Mărcuș,marcus,village,25.8603356,45.7201551
642,Valea Dobârlăului,valea dobarlaului,village,25.9350058,45.7305049
642,Fotoș,fotos,village,25.8678276,45.898746
642,Zoltan,zoltan,village,25.847201,45.9287955
642,Iarăș,iaras,village,25.598276,45.8698103
642,Sâncraiu,sancraiu,village,25.7601474,45.8243
642,Lemnia,lemnia,village,26.2666105,46.0506247
642,Lutoasa,lutoasa,village,26.2332345,46.0906828
642,Mereni,mereni,village,26.2359812,46.0794486
642,Valea Zălanului,valea zalanului,village,25.7553912,46.0113621
642,Dalnic,dalnic,village,25.9874101,45.9224173
642,Bicfalău,bicfalau,village,25.8763053,45.7587624
642,Lisnău,lisnau,village,25.8892217,45.7754141
642,Lisnău-Vale,lisnau-vale,village,25.9318241,45.7662823
642,Lunca Ozunului,lunca ozunului,village,25.8308488,45.7718566
642,Măgheruș,magherus,village,25.9258979,45.788095
642,Poian,poian,village,26.1609114,46.0687346
642,Belani,belani,village,26.1875513,46.0858927
642,Cărpinenii,carpinenii,hamlet,26.2064329,46.1677496
642,Estelnic,estelnic,village,26.2096093,46.1039744
642,Valea Scurtă,valea scurta,village,26.1982662,46.1035095
642,Aninoasa,aninoasa,village,25.966966,45.8167145
642,Bita,bita,village,25.9754427,45.8348302
642,Saciova,saciova,village,25.9576071,45.7843504
642,Sânzieni,sanzieni,village,26.1304742,46.0445528
642,Cașinu Mic,casinu mic,village,26.1342475,46.0609571
642,Petriceni,petriceni,village,26.086963,46.0683637
642,Valea Seacă,valea seaca,village,26.1203676,46.0834546
642,Turia,turia,village,26.0534884,46.0410764
642,Alungeni,alungeni,village,26.0249681,46.0171338
642,Zagon,zagon,village,26.1124198,45.7697212
642,Păpăuți,papauti,village,26.1447532,45.7894651
642,Peteni,peteni,village,26.1447041,45.9212279
642,Tamașfalău,tamasfalau,village,26.1158674,45.8843815
642,Popoveni,popoveni,village,23.7804865,44.2865023
642,Cârligei,carligei,village,23.7471802,44.2836273
642,Italieni,italieni,locality,23.5970514,44.302352
642,Leamna de Jos,leamna de jos,village,23.7223919,44.3110679
642,Leamna de Sus,leamna de sus,village,23.6833048,44.3013368
642,Palilula,palilula,village,23.7210216,44.2683133
642,Sărbătoarea,sarbatoarea,village,23.6525667,44.2988145
642,Cernele,cernele,suburb,23.7443706,44.33439
642,Cernelele de Sus,cernelele de sus,village,23.7352554,44.3416744
642,Izvorul Rece,izvorul rece,village,23.7529537,44.3560253
642,Rovine 2,rovine 2,village,23.7202962,44.3613559
642,Ișalnița,isalnita,village,23.7332513,44.3946512
642,Podari,podari,village,23.7811511,44.2475323
642,Balta Verde,balta verde,village,23.8019264,44.2625516
642,Braniște,braniste,village,23.7902972,44.2706981
642,Gura Văii,gura vaii,village,23.7928204,44.2142568
642,Livezi,livezi,village,23.7894044,44.2312054
642,Șimnicu de Sus,simnicu de sus,village,23.796581,44.3928599
642,Albești,albesti,village,23.7698033,44.3741753
642,Duțulești,dutulesti,village,23.7779531,44.4595914
642,Florești,floresti,village,23.7949892,44.3964971
642,Izvor,izvor,village,23.7990115,44.4243293
642,Jieni,jieni,village,23.7980465,44.3779654
642,Leșile,lesile,village,23.7835855,44.4271367
642,Milești,milesti,village,23.7852806,44.450294
642,Românești,romanesti,village,23.7840891,44.3935997
642,Ciupercenii Vechi,ciupercenii vechi,village,22.8946867,43.9451224
642,Golenți,golenti,village,23.0566601,44.0129038
642,Almăjel,almajel,village,23.5938323,44.5555233
642,Bâlta,balta,village,23.4697639,44.5357652
642,Braniște,braniste,village,23.5567191,44.6036271
642,Fratoștița,fratostita,village,23.5704466,44.5868576
642,Răcarii de Sus,racarii de sus,village,23.5574595,44.5353892
642,Uscăci,uscaci,village,23.5882364,44.6084571
642,Covei,covei,village,23.4222693,43.9739716
642,Almăj,almaj,village,23.7069312,44.4469065
642,Beharca,beharca,village,23.6841789,44.4457936
642,Bogea,bogea,village,23.7062994,44.4341965
642,Coțofenii din Față,cotofenii din fata,village,23.657012,44.4592891
642,Moșneni,mosneni,village,23.7002632,44.4605615
642,Șitoaia,sitoaia,village,23.7222143,44.4222639
642,Ocolna,ocolna,village,24.139854,43.8789308
642,Prapor,prapor,village,24.175166,43.9446867
642,Dobrotești,dobrotesti,village,24.1239509,43.9614605
642,Nisipuri,nisipuri,village,24.1326439,43.9735673
642,Argetoaia,argetoaia,village,23.3781535,44.515338
642,Băranu,baranu,village,23.3872494,44.4968463
642,Berbeșu,berbesu,village,23.3499942,44.5045696
642,Iordăchești,iordachesti,village,23.3663767,44.5060953
642,Leordoasa,leordoasa,village,23.4138004,44.510868
642,Malumnic,malumnic,village,23.3187476,44.5177669
642,Novac,novac,village,23.3760535,44.498239
642,Piria,piria,village,23.3142478,44.5068038
642,Poiana Fântânii,poiana fantanii,village,23.366673,44.5142902
642,Salcia,salcia,village,23.4472286,44.4829513
642,Teascu din Deal,teascu din deal,village,23.3904279,44.5227799
642,Ursoaia,ursoaia,village,23.4025929,44.5328723
642,Bistrețu Nou,bistretu nou,village,23.4705271,43.9005667
642,Plosca,plosca,village,23.5534692,43.8955328
642,Botoșești-Paia,botosesti-paia,village,23.2633878,44.4040536
642,Brabova,brabova,village,23.4257289,44.3676841
642,Caraiman,caraiman,locality,23.3810514,44.3473663
642,Mosna,mosna,village,23.368993,44.3372979
642,Răchita de Jos,rachita de jos,village,23.4049456,44.3459974
642,Urdinița,urdinita,village,23.4260574,44.3891037
642,Voita,voita,village,23.3816902,44.3644675
642,Brădești,bradesti,village,23.6306442,44.4887621
642,Brădeștii Bătrâni,bradestii batrani,village,23.6674102,44.4946249
642,Meteu,meteu,village,23.6281757,44.539206
642,Piscani,piscani,village,23.6061572,44.5421671
642,Răcari,racari,village,23.5752062,44.5238875
642,Tatomirești,tatomiresti,village,23.596675,44.5168112
642,Braloștița,bralostita,village,23.5254645,44.4987755
642,Ciocanele,ciocanele,village,23.449108,44.5136635
642,Racovița,racovita,village,23.4352861,44.5196108
642,Schitu,schitu,village,23.5052517,44.5084025
642,Sfârcea,sfarcea,village,23.546608,44.4861256
642,Valea Fântânilor,valea fantanilor,village,23.4831421,44.5013706
642,Bratovoești,bratovoesti,village,23.9036928,44.1279253
642,Georocu Mare,georocu mare,village,23.9509716,44.1210869
642,Prunet,prunet,village,23.9134008,44.1527511
642,Tâmburești,tamburesti,village,23.93602,44.0277899
642,Breasta,breasta,village,23.6886032,44.3417874
642,Cotu,cotu,village,23.693057,44.3545729
642,Crovna,crovna,village,23.6517704,44.3656005
642,Făget,faget,village,23.623728,44.3314878
642,Obedin,obedin,village,23.6901498,44.3656031
642,Roșieni,rosieni,village,23.6864684,44.3353952
642,Valea Lungului,valea lungului,village,23.6666299,44.351409
642,Prejoi,prejoi,village,23.8747188,44.5764712
642,Frățila,fratila,village,23.8532188,44.6244852
642,Gura Racului,gura racului,village,23.895967,44.5245781
642,Înfrățirea,infratirea,village,23.8589288,44.6123569
642,Piscu Lung,piscu lung,village,23.8837849,44.6183837
642,Poienile,poienile,village,23.8371821,44.6319236
642,Săliște,saliste,village,23.8640082,44.5970108
642,Seculești,seculesti,village,23.8818046,44.5575865
642,Stoicești,stoicesti,village,23.8772362,44.6265808
642,Calopăr,calopar,village,23.7605985,44.1650206
642,Belcinu,belcinu,village,23.7935468,44.1298744
642,Bâzdâna,bazdana,village,23.8358514,44.1484696
642,Panaghia,panaghia,village,23.7044279,44.1737561
642,Sălcuța,salcuta,village,23.7024743,44.1598555
642,Cleanov,cleanov,village,23.2103213,44.3528815
642,Geblești,geblesti,village,23.3110978,44.3353756
642,Puțuri,puturi,village,24.0102955,44.1400672
642,Sărata,sarata,village,24.0333525,43.7748644
642,Ghizdăvești,ghizdavesti,village,24.1081096,44.0575658
642,Marotinu de Jos,marotinu de jos,village,24.1465836,44.0309602
642,Marotinu de Sus,marotinu de sus,village,24.0838186,44.0260243
642,Soreni,soreni,village,24.1265785,44.0522711
642,Malaica,malaica,hamlet,23.6710706,44.0858144
642,Cernătești,cernatesti,village,23.4351595,44.4490331
642,Cornița,cornita,village,23.491652,44.4524437
642,Rasnicu Bătrân,rasnicu batran,village,23.538051,44.4253107
642,Rasnicu Oghian,rasnicu oghian,village,23.5313127,44.4428241
642,Țiu,tiu,village,23.3818909,44.4457015
642,Moreni,moreni,village,23.0773958,44.0877049
642,Cioroiași,cioroiasi,village,23.4516464,44.0854335
642,Cetățuia,cetatuia,village,23.4703957,44.1099189
642,Cioroiu Nou,cioroiu nou,village,23.4330669,44.0638008
642,Smârdan,smardan,village,22.9645494,43.9341769
642,Coțofenii din Dos,cotofenii din dos,village,23.6146711,44.435604
642,Mihăița,mihaita,village,23.6652339,44.3924062
642,Potmelțu,potmeltu,village,23.6507563,44.4103872
642,Brabeți,brabeti,village,24.0137655,43.9607237
642,Braniște,braniste,village,24.0119546,43.982253
642,Locusteni,locusteni,village,23.9975414,43.9745565
642,Chiașu,chiasu,village,24.08201,43.759015
642,Desa,desa,village,23.0328974,43.8702545
642,Dioști,diosti,village,24.184075,44.1070312
642,Ciocănești,ciocanesti,village,24.1623758,44.1598506
642,Șendreni,sendreni,village,27.9287764,45.4110377
642,Costi,costi,village,28.0177891,45.4987281
642,Munteni,munteni,village,27.4404537,45.9276425
642,Frunzeasca,frunzeasca,village,27.4235016,45.9181208
642,Negrilești,negrilesti,village,27.4808465,45.9572866
642,Slobozia Blăneasa,slobozia blaneasa,village,27.4778652,45.9384569
642,Țigănești,tiganesti,village,27.4344244,45.9014644
642,Ungureni,ungureni,village,27.4703286,45.9121693
642,Berești,beresti,town,27.8862307,46.0964805
642,Berești-Meria,beresti-meria,village,27.9021269,46.0852578
642,Aldești,aldesti,village,27.915181,46.1323555
642,Balintești,balintesti,village,27.922011,46.0293711
642,Onciu,onciu,village,27.9500968,46.0558807
642,Pleșa,plesa,village,27.8664293,46.1431036
642,Prodănești,prodanesti,village,27.9532011,46.1099746
642,Puricani,puricani,village,27.9392174,46.1205881
642,Săseni,saseni,village,27.9310683,46.1277917
642,Slivna,slivna,village,27.9415342,46.0843628
642,Șipote,sipote,village,27.9081793,46.1472529
642,Moscu,moscu,village,27.9314825,45.9023152
642,Umbrărești,umbraresti,village,27.9183747,45.848207
642,Bălăbănești,balabanesti,village,27.7220603,46.0954568
642,Bursucani,bursucani,village,27.7717837,46.044328
642,Cruceanu,cruceanu,village,27.8001336,46.0940098
642,Lungești,lungesti,village,27.7537279,46.10911
642,Rădești,radesti,village,27.7903342,46.0730498
642,Zimbru,zimbru,village,27.7657014,46.0565156
642,Bălășești,balasesti,village,27.6738766,46.1013374
642,Ciurești,ciuresti,village,27.6356416,46.0785606
642,Ciureștii Noi,ciurestii noi,village,27.6394084,46.100869
642,Pupezeni,pupezeni,village,27.684831,46.0793513
642,Băneasa,baneasa,village,27.9358063,45.9472063
642,Traian,traian,village,27.8682315,45.4247462
642,Brăhășești,brahasesti,village,27.3701456,46.0399173
642,Corcioveni,corcioveni,village,27.3673122,46.070714
642,Cosițeni,cositeni,village,27.3762662,46.0720404
642,Toflea,toflea,village,27.3341059,46.0637191
642,Buciumeni,buciumeni,village,27.3060727,46.0015994
642,Hănțești,hantesti,village,27.309497,45.9640486
642,Tecucelu Sec,tecucelu sec,village,27.3294097,45.9815291
642,Vizurești,vizuresti,village,27.3326693,45.9598513
642,Cavadinești,cavadinesti,village,28.0255037,46.0586507
642,Comănești,comanesti,village,27.9671345,46.0990178
642,Gănești,ganesti,village,27.9936555,46.0895195
642,Vădeni,vadeni,village,28.0862277,46.0665632
642,Cerțești,certesti,village,27.6331471,46.0152123
642,Cârlomănești,carlomanesti,village,27.5907802,45.9935604
642,Cotoroaia,cotoroaia,village,27.645708,46.0439788
642,Corod,corod,village,27.6305281,45.9000082
642,Blânzi,blanzi,village,27.6506294,45.9357476
642,Brătulești,bratulesti,village,27.6657945,45.9460974
642,Cărăpcești,carapcesti,village,27.6546034,45.9644809
642,Corni,corni,village,27.7840285,45.8578202
642,Măcișeni,maciseni,village,27.7535464,45.8558328
642,Urlești,urlesti,village,27.7923891,45.8941191
642,Băltăreți,baltareti,village,27.3149879,45.8554087
642,Cosmeștii-Vale,cosmestii-vale,village,27.2877077,45.8693113
642,Furcenii Noi,furcenii noi,village,27.339537,45.8111752
642,Furcenii Vechi,furcenii vechi,village,27.3255238,45.8492093
642,Satu Nou,satu nou,village,27.318451,45.8467222
642,Cuca,cuca,village,27.8915707,45.7319061
642,Drăgușeni,draguseni,village,27.7633904,45.9783528
642,Adam,adam,village,27.7329576,46.0286843
642,Căuiești,cauiesti,village,27.7052626,46.010656
642,Fundeanu,fundeanu,village,27.7328434,45.9852
642,Ghinghești,ghinghesti,village,27.7654424,46.0135265
642,Nicopole,nicopole,village,27.7201444,45.9690121
642,Știețești,stietesti,village,27.7083167,46.0294023
642,Fârțănești,fartanesti,village,27.9913159,45.7896398
642,Viile,viile,village,27.945117,45.8057929
642,Stoicani,stoicani,village,28.073671,45.7046691
642,Frumușița,frumusita,village,28.0662543,45.6530187
642,Ijdileni,ijdileni,village,28.0570237,45.6351702
642,Tămăoani,tamaoani,village,28.0744117,45.6792634
642,Fundenii Noi,fundenii noi,village,27.547023,45.5779771
642,Fundeni,fundeni,hamlet,27.5405645,45.5412251
642,Lungoci,lungoci,village,27.5179696,45.566238
642,Ghidigeni,ghidigeni,village,27.487167,46.0423919
642,Gara Ghidigeni,gara ghidigeni,village,27.4847823,46.0703274
642,Gefu,gefu,village,27.5163825,46.0747489
642,Gârbovăț,garbovat,village,27.5196957,46.0219201
642,Gura Gârbovățului,gura garbovatului,village,27.4849865,46.0262866
642,Slobozia Corni,slobozia corni,village,27.4803424,45.9916641
642,Tălpigi,talpigi,village,27.4724677,46.0079558
642,Tăplău,taplau,village,27.4856124,46.0316919
642,Gohor,gohor,village,27.4121792,46.0649156
642,Berheci,berheci,village,27.4356537,45.9742697
642,Ireasca,ireasca,village,27.4303233,46.0402107
642,Nărtești,nartesti,village,27.4075507,46.0137321
642,Poșta,posta,village,27.4443529,45.9849419
642,Jorăști,jorasti,village,27.8716888,45.9914258
642,Lunca,lunca,village,27.8894,45.9466888
642,Zărnești,zarnesti,village,27.853733,46.0178733
642,Matca,matca,village,27.542675,45.857335
642,Măstăcani,mastacani,village,28.0547273,45.763801
642,Chiraftei,chiraftei,village,28.0287704,45.7702015
642,Nămoloasa,namoloasa,village,27.5515627,45.5362696
642,Crângeni,crangeni,hamlet,27.558025,45.4939701
642,Nămoloasa Sat,namoloasa sat,village,27.5787684,45.5413035
642,Brăniștea,branistea,village,27.3260343,45.9453332
642,Coasta Lupei,coasta lupei,village,27.2731263,45.9460925
642,Dobrinești,dobrinesti,village,27.3198754,45.9133879
642,Fântâni,fantani,village,27.2900263,45.9544857
642,Grozăvești,grozavesti,village,27.3068073,45.9424828
642,Ionășești,ionasesti,village,27.2844002,45.910863
642,Mălureni,malureni,village,27.2752041,45.930397
642,Piscu Corbului,piscu corbului,village,27.2612124,45.9577061
642,Poiana,poiana,village,27.2558831,45.9923201
642,Sârbi,sarbi,village,27.3272198,45.927118
642,Vișina,visina,village,27.2772766,45.9984394
642,Oancea,oancea,village,28.1119654,45.9185033
642,Slobozia Oancea,slobozia oancea,village,28.1103306,45.8947288
642,Lupele,lupele,village,27.8566086,45.6611999
642,Priponești,priponesti,village,27.4392695,46.0860692
642,Ciorăști,ciorasti,village,27.4531108,46.113802
642,Huștiu,hustiu,hamlet,27.4225826,46.1306993
642,Liești,liesti,village,27.4330324,46.105446
642,Priponeștii de Jos,priponestii de jos,village,27.4489734,46.0714962
642,Rediu,rediu,village,27.8401329,45.7134484
642,Plevna,plevna,village,27.8530723,45.7283286
642,Suhurlui,suhurlui,village,27.8262874,45.7285372
642,Scânteiești,scanteiesti,village,28.0044807,45.6748686
642,Fântânele,fantanele,village,28.0032773,45.7012234
642,Negrea,negrea,village,27.8710186,45.5359774
642,Smulți,smulti,village,27.7548772,45.9324604
642,Suceveni,suceveni,village,28.0223424,46.0095038
642,Rogojeni,rogojeni,village,28.0917683,45.9804363
642,Șivița,sivita,village,28.0575654,45.6128479
642,Tătarca,tatarca,village,28.0517693,45.598752
642,Țepu,tepu,village,27.3794505,45.9691204
642,Țepu de Sus,tepu de sus,village,27.374099,45.9855505
642,Condrea,condrea,village,27.4314533,45.709274
642,Salcia,salcia,village,27.441771,45.6966314
642,Siliștea,silistea,village,27.4381726,45.7337225
642,Torcești,torcesti,village,27.4859921,45.6970791
642,Umbrărești-Deal,umbraresti-deal,village,27.4864061,45.7312399
642,Valea Mărului,valea marului,village,27.6915988,45.8386747
642,Mândrești,mandresti,village,27.6992105,45.879995
642,Vărlezi,varlezi,village,27.8479705,45.9017475
642,Crăiești,craiesti,village,27.8116225,45.9432561
642,Vlădești,vladesti,village,28.0910359,45.8375984
642,Brănești,branesti,village,28.0858569,45.8022231
642,Bârcea Mică,barcea mica,village,22.9551357,45.8217177
642,Cârjiți,carjiti,village,22.8270381,45.8443769
642,Chergheș,cherghes,village,22.7937803,45.8446669
642,Răcăștia,racastia,village,22.8733963,45.7677324
642,Plop,plop,village,22.7662215,45.7205078
642,Izvoarele,izvoarele,village,22.8578427,45.6679638
642,Teliucu Superior,teliucu superior,village,22.8758368,45.7077577
642,Dâlja Mare,dalja mare,village,23.3400403,45.4139299
642,Dâlja Mică,dalja mica,village,23.3579189,45.4046802
642,Peștera,pestera,village,23.3188123,45.4515483
642,Slătinioara,slatinioara,village,23.3950794,45.4105043
642,Cimpa,cimpa,village,23.4430948,45.4581896
642,Jieț,jiet,village,23.4271539,45.4259577
642,Răscoala,rascoala,village,23.4567752,45.4704621
642,Tirici,tirici,village,23.4662638,45.4623116
642,Uricani,uricani,town,23.1150121,45.3290313
642,Câmpu lui Neag,campu lui neag,village,23.0368118,45.3038757
642,Valea de Brazi,valea de brazi,village,23.0821013,45.3174622
642,Dealu Babii,dealu babii,village,23.2681185,45.401305
642,Jiu-Paroșeni,jiu-paroseni,village,23.2599726,45.3611312
642,Aninoasa,aninoasa,town,23.3163652,45.4074338
642,Iscroni,iscroni,village,23.3359481,45.377033
642,Bănița,banita,village,23.2626051,45.4481306
642,Crivadia,crivadia,village,23.2027076,45.4656486
642,Merișor,merisor,village,23.2286753,45.4552902
642,Mesteacăn,mesteacan,village,22.7693808,46.1488518
642,Potingani,potingani,village,22.8432239,46.2012447
642,Ruda-Brad,ruda-brad,village,22.8171535,46.0991517
642,Țărățel,taratel,village,22.8328392,46.1215372
642,Valea Bradului,valea bradului,village,22.8288277,46.1513627
642,Barza,barza,village,22.8457225,46.118585
642,Valea Arsului,valea arsului,hamlet,22.8699942,46.0936071
642,Zdrapți,zdrapti,village,22.8688126,46.1557337
642,Călan,calan,town,22.9972247,45.7348308
642,Streisângeorgiu,streisangeorgiu,village,23.0210119,45.7276866
642,Batiz,batiz,village,23.0007008,45.7784688
642,Călanu Mic,calanu mic,village,22.9981837,45.7585948
642,Grid,grid,village,23.1012591,45.7334463
642,Ohaba Streiului,ohaba streiului,village,23.0360101,45.7188308
642,Sâncrai,sancrai,village,22.9789782,45.7538275
642,Sântămăria de Piatră,santamaria de piatra,village,23.0202152,45.7689829
642,Strei-Săcel,strei-sacel,village,23.0257649,45.7455118
642,Valea Sângeorgiului,valea sangeorgiului,village,23.0629197,45.7456252
642,Bârcea Mare,barcea mare,village,22.9599583,45.8280597
642,Cărpiniș,carpinis,village,23.0333798,45.8820756
642,Simeria Veche,simeria veche,village,23.0526086,45.8349562
642,Baldovin,baldovin,village,22.7181458,46.2092514
642,Căraci,caraci,village,22.6891489,46.1506341
642,Cărăstău,carastau,village,22.6594913,46.1750053
642,Lunca,lunca,village,22.67673,46.169277
642,Rișca,risca,village,22.7093977,46.1873224
642,Rișculița,risculita,village,22.7216915,46.2266748
642,Văleni,valeni,village,22.686164,46.1895992
642,Balșa,balsa,village,23.0997095,46.0283465
642,Almașu Mic de Munte,almasu mic de munte,village,23.0813097,46.056298
642,Ardeu,ardeu,village,23.1429404,46.0222822
642,Bunești,bunesti,locality,23.0279276,46.073129
642,Galbina,galbina,village,23.0704315,46.0271433
642,Mada,mada,village,23.1392946,45.9895126
642,Oprișești,oprisesti,village,23.0165921,46.0881433
642,Poiana,poiana,village,23.0528739,46.0864756
642,Poienița,poienita,village,23.0239082,46.1004074
642,Roșia,rosia,hamlet,23.0719581,46.0096187
642,Stăuini,stauini,village,23.1103961,45.9982905
642,Techereu,techereu,village,23.0718418,46.0924722
642,Vălișoara,valisoara,village,22.9960734,46.0585798
642,Voia,voia,village,23.0463403,46.0368773
642,Baru,baru,village,23.1657121,45.4702594
642,Livadia,livadia,village,23.1291141,45.4898721
642,Petros,petros,village,23.1914132,45.4711443
642,Valea Lupului,valea lupului,village,23.1241841,45.4718556
642,Totia,totia,village,23.0496225,45.8118789
642,Băița,baita,village,22.8928078,46.0312338
642,Barbura,barbura,village,22.900435,46.0055518
642,Căinelu de Sus,cainelu de sus,village,22.8907566,46.0481258
642,Crăciunești,craciunesti,village,22.8703842,46.0145092
642,Fizeș,fizes,village,22.8825952,45.9964831
642,Peștera,pestera,village,22.8547278,46.0318664
642,Săliște,saliste,village,22.9183139,46.0347253
642,Trestia,trestia,village,22.9300203,46.0235489
642,Bătrâna,batrana,village,22.5854927,45.7916909
642,Fața Roșie,fata rosie,village,22.6215081,45.8188895
642,Răchițaua,rachitaua,village,22.5686052,45.8137791
642,Beriu,beriu,village,23.1910468,45.790253
642,Căstău,castau,village,23.2117284,45.8146527
642,Cucuiș,cucuis,village,23.2706068,45.7728548
642,Măgureni,magureni,hamlet,23.322581,45.6752398
642,Poieni,poieni,village,23.2201014,45.7633618
642,Sereca,sereca,village,23.1826101,45.7817806
642,Sibișel,sibisel,village,23.2531835,45.7499242
642,Blăjeni,blajeni,village,22.9091614,46.2138891
642,Blăjeni-Vulcan,blajeni-vulcan,village,22.9393608,46.2401497
642,Criș,cris,village,22.9000639,46.2505781
642,Dragu-Brad,dragu-brad,locality,22.8655933,46.3021685
642,Groșuri,grosuri,village,22.938154,46.294956
642,Plai,plai,village,22.9124513,46.2310661
642,Reț,ret,village,22.8779314,46.2676723
642,Sălătruc,salatruc,village,22.8800082,46.2384005
642,Boșorod,bosorod,village,23.0909915,45.6837017
642,Alun,alun,hamlet,23.1597018,45.6085507
642,Bobaia,bobaia,village,23.1146944,45.6793422
642,Chitid,chitid,village,23.0661112,45.7051681
642,Cioclovina,cioclovina,village,23.1369347,45.5867364
642,Luncani,luncani,village,23.1209852,45.6200461
642,Prihodiște,prihodiste,hamlet,23.2070149,45.6195933
642,Ursici,ursici,hamlet,23.0907141,45.6050113
642,Târsa,tarsa,hamlet,23.1572909,45.6329312
642,Bărăștii Iliei,barastii iliei,village,22.7298723,46.0207959
642,Căbești,cabesti,village,22.7635245,45.9978627
642,Gialacuta,gialacuta,village,22.7859509,46.0028417
642,Furcșoara,furcsoara,village,22.7573888,46.0144806
642,Târnava,tarnava,village,22.7800171,45.9674617
642,Târnăvița,tarnavita,village,22.7721515,45.949244
642,Bățălar,batalar,village,23.0179872,45.6980892
642,Bercu,bercu,village,23.0210929,45.6069409
642,Covragiu,covragiu,village,23.0207506,45.6249047
642,Gânțaga,gantaga,village,23.0338162,45.6339635
642,Plopi,plopi,village,23.0021471,45.6371185
642,Vâlcele,valcele,village,23.0536432,45.6707278
642,Vâlceluța,valceluta,village,23.0622864,45.6765714
642,Buceș,buces,village,22.9433017,46.1876871
642,Buceș-Vulcan,buces-vulcan,village,22.967064,46.2233288
642,Dupăpiatră,dupapiatra,village,23.0071161,46.1871329
642,Grohoțele,grohotele,village,22.9866909,46.2049825
642,Mihăileni,mihaileni,village,22.896613,46.1845976
642,Stănija,stanija,village,22.9847488,46.1733221
642,Tarnița,tarnita,village,23.0547065,46.1780785
642,Bucureșci,bucuresci,village,22.9031745,46.1281515
642,Curechiu,curechiu,village,22.9695803,46.0978216
642,Merișor,merisor,village,22.9306614,46.141686
642,Rovina,rovina,village,22.9210386,46.1545895
642,Șesuri,sesuri,village,22.9260579,46.0968066
642,Bulzeștii de Sus,bulzestii de sus,village,22.7622547,46.3011601
642,Bulzeștii de Jos,bulzestii de jos,village,22.7437055,46.268668
642,Giurgești,giurgesti,village,22.7527252,46.316058
642,Grohot,grohot,village,22.7726493,46.245471
642,Păulești,paulesti,village,22.7780957,46.3005502
642,Rusești,rusesti,village,22.7721841,46.3176349
642,Stănculești,stanculesti,hamlet,22.7397007,46.2969583
642,Ticera,ticera,locality,22.8800467,46.3196897
642,Tomnatec,tomnatec,village,22.8044795,46.2846605
642,Alun,alun,village,22.6844501,45.7062138
642,Cernișoara Florese,cernisoara florese,village,22.6748973,45.6797646
642,Poienița Voinii,poienita voinii,village,22.7056749,45.6954069
642,Vadu Dobrii,vadu dobrii,village,22.5461571,45.6912624
642,Glodghilești,glodghilesti,village,22.4766857,45.9784812
642,Petrești,petresti,village,22.5240433,46.0071152
642,Tătărăști,tatarasti,village,22.5115841,45.950812
642,Arănieș,aranies,village,22.7382484,45.7948777
642,Feregi,feregi,village,22.6493387,45.7917109
642,Merișoru de Munte,merisoru de munte,village,22.6674403,45.8185806
642,Poienița Tomii,poienita tomii,village,22.6797548,45.8001019
642,Poiana Răchițelii,poiana rachitelii,village,22.5680449,45.7367627
642,Socet,socet,village,22.6694557,45.7767046
642,Bocșa Mare,bocsa mare,locality,23.0190302,45.999362
642,Bocșa Mică,bocsa mica,village,23.0093415,45.9801763
642,Hondol,hondol,village,22.9899412,45.9890582
642,Măgura-Toplița,magura-toplita,village,22.9371727,45.9787876
642,Toplița Mureșului,toplita muresului,village,22.9200875,45.9739283
642,Vărmaga,varmaga,village,23.0132562,45.9429168
642,Criva,criva,village,22.7185229,45.5665288
642,Hățăgel,hatagel,village,22.8368349,45.5759415
642,Peștenița,pestenita,village,22.8058831,45.553098
642,Poieni,poieni,village,22.7233176,45.5446796
642,Ștei,stei,village,22.734952,45.5786495
642,Mihăiești,mihaiesti,village,22.561828,45.8764357
642,Panc,panc,village,22.5219044,45.8568621
642,Panc-Săliște,panc-saliste,village,22.5224287,45.8658776
642,Roșcani,roscani,village,22.561631,45.8674725
642,Stâncești,stancesti,village,22.6490116,45.8784237
642,Stâncești-Ohaba,stancesti-ohaba,village,22.6712463,45.8767978
642,Aurel Vlaicu,aurel vlaicu,village,23.2742538,45.9134741
642,Bacâia,bacaia,village,23.1780236,46.016057
642,Bozeș,bozes,village,23.170975,45.9719091
642,Cigmău,cigmau,village,23.1667633,45.8966516
642,Homorod,homorod,village,23.2472747,45.940172
642,Mermezeu-Văleni,mermezeu-valeni,village,23.2026799,45.9926513
642,Renghet,renghet,village,23.1425578,45.955653
642,Văleni,valeni,village,23.2205757,45.9859577
642,Boiu de Jos,boiu de jos,village,22.6001278,46.0043822
642,Boiu de Sus,boiu de sus,village,22.5898207,46.0197598
642,Cărmăzănești,carmazanesti,village,22.615666,46.0170118
642,Câmpuri de Sus,campuri de sus,village,22.5532476,45.9564739
642,Câmpuri-Surduc,campuri-surduc,village,22.5535594,45.9396097
642,Dănulești,danulesti,village,22.5956803,46.05365
642,Vica,vica,village,22.5772549,45.9951594
642,Hărău,harau,village,22.9588067,45.9007548
642,Chimindia,chimindia,village,22.9950745,45.8943775
642,Brâznic,braznic,village,22.6532167,45.9197057
642,Sârbi,sarbi,village,22.7056318,45.9609626
642,Baștea,bastea,hamlet,22.4110673,45.8775829
642,Cosești,cosesti,village,22.4179276,45.8936164
642,Fintoag,fintoag,village,22.4350437,45.9117714
642,Holdea,holdea,village,22.3893057,45.8914042
642,Lăpugiu de Sus,lapugiu de sus,village,22.4808011,45.8446868
642,Lăsău,lasau,village,22.4922345,45.9211663
642,Ohaba,ohaba,village,22.4518305,45.8876275
642,Teiu,teiu,village,22.5019217,45.895342
642,Cerișor,cerisor,village,22.7547462,45.7435864
642,Runcu Mare,runcu mare,village,22.6396177,45.7431823
642,Sohodol,sohodol,village,22.666407,45.7262614
642,Ciumița,ciumita,locality,22.5790197,45.6638237
642,Fântâna,fantana,village,22.5898507,45.6674101
642,Gura Bordului,gura bordului,village,22.532367,45.6367268
642,Lunca Cernii de Sus,lunca cernii de sus,village,22.5843865,45.6394087
642,Meria,meria,village,22.6336992,45.6607064
642,Negoiu,negoiu,village,22.5634535,45.6108688
642,Valea Babii,valea babii,village,22.5737542,45.624168
642,Dudești,dudesti,village,22.8092966,46.052705
642,Stejărel,stejarel,village,22.7594327,46.0780384
642,Mărtinești,martinesti,village,23.1264569,45.8130515
642,Dâncu Mare,dancu mare,village,23.1151873,45.7592381
642,Dâncu Mic,dancu mic,village,23.1431503,45.776772
642,Jeledinți,jeledinti,village,23.0751386,45.8037002
642,Măgura,magura,village,23.0768383,45.7787889
642,Tămășasa,tamasasa,village,23.1541551,45.7983665
642,Turmaș,turmas,village,23.1365115,45.8195201
642,Bucium,bucium,village,23.1777029,45.742534
642,Costești,costesti,village,23.1638874,45.7011156
642,Costești-Deal,costesti-deal,hamlet,23.1971415,45.6769237
642,Grădiștea de Munte,gradistea de munte,village,23.2152357,45.6330413
642,Ludeștii de Jos,ludestii de jos,village,23.1714099,45.7179702
642,Ludeștii de Sus,ludestii de sus,hamlet,23.2221175,45.6962041
642,Ocolișu Mic,ocolisu mic,village,23.1282635,45.7112929
642,Ciulpăz,ciulpaz,village,22.7777406,45.7954253
642,Cutin,cutin,village,22.7677194,45.8092985
642,Dumbrava,dumbrava,village,22.7841949,45.8015069
642,Pui,pui,village,23.0942294,45.5143154
642,Băiești,baiesti,village,23.01292,45.5353998
642,Federi,federi,village,23.1458713,45.5431794
642,Fizești,fizesti,village,23.0843175,45.5416514
642,Galați,galati,village,23.065062,45.5226459
642,Hobița,hobita,village,23.0804607,45.4709211
642,Ohaba-Ponor,ohaba-ponor,village,23.141065,45.5269674
642,Ponor,ponor,village,23.1270079,45.510506
642,Râu Bărbat,rau barbat,village,23.0902139,45.4842017
642,Rușor,rusor,village,23.0261271,45.5297339
642,Șerel,serel,village,23.0519122,45.4838329
642,Uric,uric,village,23.0850712,45.4643896
642,Rapoltu Mare,rapoltu mare,village,23.0752959,45.8656556
642,Bobâlna,bobalna,village,23.1302545,45.8756557
642,Boiu,boiu,village,23.1503821,45.8973594
642,Folt,folt,village,23.1582118,45.8763054
642,Rapolțel,rapoltel,village,23.061602,45.8804326
642,Boița,boita,village,22.8202805,45.6095399
642,Ciula Mare,ciula mare,village,22.8153718,45.5944189
642,Ciula Mică,ciula mica,village,22.7829117,45.5995875
642,Gotești,gotesti,village,22.6743942,45.6105792
642,Mesteacăn,mesteacan,village,22.7355638,45.6339376
642,Vălioara,valioara,village,22.7927253,45.6160362
642,Crișan,crisan,village,22.798363,46.1706805
642,Dumbrava de Jos,dumbrava de jos,village,22.8227204,46.2255864
642,Dumbrava de Sus,dumbrava de sus,village,22.8480408,46.2452474
642,Ribicioara,ribicioara,village,22.7763595,46.2107299
642,Uibărești,uibaresti,village,22.7619467,46.2060508
642,Ohaba-Sibișel,ohaba-sibisel,village,22.9051153,45.4953705
642,Ostrovel,ostrovel,village,22.8546919,45.5048779
642,Ostrovu Mic,ostrovu mic,village,22.8421941,45.5156415
642,Sibișel,sibisel,village,22.901092,45.5070563
642,Unciuc,unciuc,village,22.8823887,45.5444485
642,Valea Dâljii,valea daljii,village,22.8842108,45.5149101
642,Romos,romos,village,23.275462,45.8404379
642,Ciungu Mare,ciungu mare,village,23.3461132,45.7573872
642,Pișchinți,pischinti,village,23.3089867,45.8756088
642,Romoșel,romosel,village,23.311102,45.805019
642,Vaidei,vaidei,village,23.2985747,45.8611401
642,Breazova,breazova,village,22.7928896,45.5289039
642,Hobița-Grădiște,hobita-gradiste,village,22.7877595,45.4967897
642,Păucinești,paucinesti,village,22.7548497,45.5063847
642,Coroiești,coroiesti,village,23.0007865,45.4844093
642,Ohaba de Sub Piatră,ohaba de sub piatra,village,22.9895266,45.5458354
642,Peștera,pestera,village,22.9636454,45.4732033
642,Râu Mic,rau mic,village,23.0089187,45.4923634
642,Sălașu de Jos,salasu de jos,village,22.9723385,45.5333186
642,Zăvoi,zavoi,village,22.9804503,45.5188621
642,Balomir,balomir,village,22.9989288,45.5851198
642,Bărăștii Hațegului,barastii hategului,village,22.943466,45.5712937
642,Bucium-Orlea,bucium-orlea,village,23.0083238,45.6014213
642,Vadu,vadu,village,22.9375459,45.5853807
642,Bejan-Târnăvița,bejan-tarnavita,locality,22.8226028,45.9406854
642,Tomești,tomesti,village,22.6636559,46.2104726
642,Dobroț,dobrot,village,22.6801145,46.2466661
642,Leauț,leaut,village,22.6901134,46.2322615
642,Livada,livada,village,22.631538,46.2196792
642,Obârșa,obarsa,village,22.6688551,46.2546861
642,Steia,steia,village,22.6433615,46.1978158
642,Tiulești,tiulesti,village,22.6772554,46.223451
642,Valea Mare de Criș,valea mare de cris,hamlet,22.7013191,46.2061246
642,Curpenii Silvașului,curpenii silvasului,locality,22.8213948,45.6548567
642,Dealu Mic,dealu mic,village,22.8198262,45.6845368
642,Dăbâca,dabaca,village,22.7494333,45.6553474
642,Goleș,goles,village,22.7571314,45.676256
642,Hășdău,hasdau,village,22.7155818,45.6569903
642,Mosoru,mosoru,locality,22.80228,45.652754
642,Totești,totesti,village,22.8876152,45.5750953
642,Cârnești,carnesti,village,22.8660385,45.5482835
642,Copaci,copaci,locality,22.9028652,45.5915692
642,Reea,reea,village,22.9126161,45.5801923
642,Pricaz,pricaz,village,23.1709069,45.8590532
642,Râpaș,rapas,village,23.063633,45.827416
642,General Berthelot,general berthelot,village,22.8877706,45.6135478
642,Crăguiș,craguis,village,22.8985755,45.6263014
642,Fărcădin,farcadin,village,22.8737401,45.6091128
642,Livezi,livezi,village,22.868046,45.6141729
642,Tuștea,tustea,village,22.8469924,45.6003111
642,Basarabasa,basarabasa,village,22.5875422,46.1929737
642,Birtin,birtin,village,22.6402821,46.1733274
642,Brotuna,brotuna,village,22.603906,46.1985169
642,Căzănești,cazanesti,village,22.5082795,46.1428867
642,Ciungani,ciungani,village,22.5005757,46.1858151
642,Ociu,ociu,village,22.5728657,46.2107729
642,Ocișor,ocisor,village,22.5608057,46.2237386
642,Prăvăleni,pravaleni,village,22.5567069,46.1938947
642,Prihodiște,prihodiste,village,22.6053036,46.1674516
642,Tătărăștii de Criș,tatarastii de cris,village,22.6148792,46.1640802
642,Vața de Sus,vata de sus,village,22.5706015,46.1712025
642,Dealu Mare,dealu mare,village,22.7959016,46.0417098
642,Stoieneasa,stoieneasa,village,22.8430634,45.9998569
642,Boia Bârzii,boia barzii,village,22.6995867,45.8469402
642,Mintia,mintia,village,22.8487956,45.9238836
642,Muncelu Mare,muncelu mare,village,22.6847433,45.8264536
642,Muncelu Mic,muncelu mic,village,22.7321087,45.8471774
642,Runcu Mic,runcu mic,village,22.7317552,45.8356131
642,Certeju de Jos,certeju de jos,village,22.6543737,46.0142306
642,Coaja,coaja,village,22.6491957,45.9980519
642,Dumești,dumesti,village,22.7110031,46.0137409
642,Luncșoara,luncsoara,village,22.7090339,46.0692271
642,Valea Poienii,valea poienii,village,22.6386728,46.0695597
642,Visca,visca,village,22.6682965,46.0693126
642,Almășel,almasel,village,22.433917,46.0934018
642,Almaș-Săliște,almas-saliste,village,22.5221647,46.060154
642,Brășeu,braseu,village,22.5833939,46.0779538
642,Cerbia,cerbia,village,22.4510764,46.0432979
642,Deleni,deleni,village,22.5692709,46.0918946
642,Godinești,godinesti,village,22.5333972,46.0247977
642,Micănești,micanesti,village,22.478465,46.0671914
642,Pogănești,poganesti,village,22.4601812,46.0603958
642,Tămășești,tamasesti,village,22.4887234,46.0129062
642,Valea,valea,village,22.5631769,46.0710447
642,Radomir,radomir,village,24.1682607,44.1209637
642,Dobrești,dobresti,village,23.9509871,43.97225
642,Murta,murta,village,23.9426389,43.9841958
642,Toceni,toceni,village,23.945047,43.9642898
642,Drăgotești,dragotesti,village,24.09793,44.2429775
642,Benești,benesti,village,24.094725,44.2590524
642,Bobeanu,bobeanu,village,24.0759164,44.2730465
642,Buzduc,buzduc,village,24.0352778,44.2568392
642,Popânzălești,popanzalesti,village,24.0682444,44.2807423
642,Viișoara,viisoara,village,24.1148005,44.2334908
642,Foișor,foisor,village,23.8617252,44.1065883
642,Padea,padea,village,23.8682654,44.0212774
642,Fărcaș,farcas,village,23.7456393,44.606141
642,Amărăști,amarasti,village,23.7276658,44.5859681
642,Golumbelu,golumbelu,village,23.7398749,44.6271734
642,Golumbu,golumbu,village,23.7541121,44.6337847
642,Moflești,moflesti,village,23.7511778,44.6592789
642,Nistoi,nistoi,village,23.7333332,44.6998856
642,Plopu Amărăști,plopu amarasti,village,23.7363182,44.6103143
642,Puținei,putinei,village,23.7394018,44.6688935
642,Soceni,soceni,village,23.7490319,44.7022203
642,Tălpaș,talpas,village,23.7452232,44.6820657
642,Gârlești,garlesti,village,23.9163076,44.3497605
642,Luncșoru,luncsoru,village,23.9515128,44.4041714
642,Ungureni,ungureni,village,23.9435201,44.400156
642,Ungurenii Mici,ungurenii mici,village,23.9159164,44.4155829
642,Gighera,gighera,village,23.7934307,43.8491452
642,Zăval,zaval,village,23.8420785,43.8471731
642,Giubega,giubega,village,23.4116364,44.1282109
642,Galiciuica,galiciuica,village,23.3912816,44.1032875
642,Filaret,filaret,village,23.6234224,44.0011447
642,Gângiova,gangiova,village,23.8598141,43.8981127
642,Comoșteni,comosteni,village,23.8636551,43.8743698
642,Gogoșu,gogosu,village,23.3661547,44.4263828
642,Gogoșița,gogosita,village,23.3591443,44.3990002
642,Ștefănel,stefanel,village,23.4092468,44.4263394
642,Goiești,goiesti,village,23.7585204,44.4831423
642,Adâncata,adancata,village,23.7401329,44.4823352
642,Fântâni,fantani,village,23.763329,44.4734732
642,Gruița,gruita,hamlet,23.7990521,44.5085342
642,Mălăești,malaesti,village,23.7414491,44.4628914
642,Mogoșești,mogosesti,village,23.7688652,44.4681367
642,Muereni,muereni,village,23.7573743,44.5109133
642,Piorești,pioresti,village,23.7437027,44.4779797
642,Pometești,pometesti,village,23.7325281,44.5106048
642,Popeasa,popeasa,village,23.7348351,44.4947653
642,Țandăra,tandara,village,23.7375816,44.4893925
642,Vladimir,vladimir,village,23.7611829,44.5020451
642,Zlătari,zlatari,village,23.7469782,44.4574477
642,Grecești,grecesti,village,23.2812734,44.4482311
642,Bărboi,barboi,village,23.3226109,44.4462371
642,Busu,busu,village,23.2261632,44.4508261
642,Busulețu,busuletu,village,23.2479832,44.4626435
642,Grădiștea,gradistea,village,23.2648161,44.4520402
642,Gropanele,gropanele,village,23.2408878,44.4686535
642,Domnu Tudor,domnu tudor,village,23.3188017,44.1400545
642,Lipovu de Sus,lipovu de sus,village,23.6237563,44.1235667
642,Săpata,sapata,village,23.6639065,43.8817543
642,Măceșu de Sus,macesu de sus,village,23.7112633,43.9166719
642,Hunia,hunia,village,23.0985818,44.055377
642,Preajba,preajba,village,23.8501587,44.2649317
642,Melinești,melinesti,village,23.7095155,44.5720004
642,Bodăiești,bodaiesti,village,23.6845378,44.5867424
642,Bodăieștii de Sus,bodaiestii de sus,village,23.6472442,44.5680215
642,Godeni,godeni,village,23.7396917,44.54805
642,Muierușu,muierusu,village,23.6913445,44.5654278
642,Negoiești,negoiesti,village,23.7261107,44.5336626
642,Odoleni,odoleni,village,23.6799209,44.573872
642,Ohaba,ohaba,village,23.6601931,44.591055
642,Ploștina,plostina,village,23.704818,44.54166
642,Popești,popesti,village,23.6888978,44.5711506
642,Spineni,spineni,village,23.7305566,44.5588899
642,Valea Mare,valea mare,village,23.695361,44.5492828
642,Valea Muierii de Jos,valea muierii de jos,village,23.6785471,44.5580063
642,Călinești,calinesti,village,23.8769322,44.452052
642,Gogoșești,gogosesti,village,23.8856536,44.4546313
642,Balota de Jos,balota de jos,village,23.8147948,44.5472984
642,Balota de Sus,balota de sus,village,23.7934449,44.5607433
642,Bușteni,busteni,village,23.8336998,44.5323033
642,Gaia,gaia,village,23.846195,44.5159076
642,Rupturile,rupturile,village,23.8133007,44.6021479
642,Velesti,velesti,village,23.7891865,44.6004516
642,Catanele Noi,catanele noi,village,23.4143049,43.9431871
642,Bechet,bechet,village,23.294975,44.2948835
642,Călugărei,calugarei,village,23.2554174,44.2945225
642,Cornu,cornu,village,23.2756382,44.2339954
642,Teiu,teiu,village,23.2947254,44.2533136
642,Lișteava,listeava,village,23.920159,43.833997
642,Perișor,perisor,village,23.4758744,44.1442516
642,Mărăcinele,maracinele,village,23.5091913,44.1735408
642,Câmpeni,campeni,village,24.0149852,44.3658025
642,Lânga,langa,village,23.9624176,44.3614899
642,Ghidici,ghidici,village,23.1968045,43.8914617
642,Pisculeț,pisculet,village,23.1468688,43.8510371
642,Castrele Traiane,castrele traiane,village,23.1392055,44.2286519
642,Tunarii Noi,tunarii noi,village,23.1345927,43.9306486
642,Predești,predesti,village,23.6087822,44.3619486
642,Bucicani,bucicani,village,23.5619655,44.3353237
642,Cârstovani,carstovani,village,23.5721243,44.3434269
642,Frasin,frasin,village,23.4958773,44.3581218
642,Milovan,milovan,village,23.5643414,44.361923
642,Pleșoi,plesoi,village,23.5334475,44.3507693
642,Predeștii Mici,predestii mici,village,23.5824801,44.3437698
642,Fântânele,fantanele,village,23.6011552,44.1927414
642,Târnava,tarnava,village,23.5490203,44.1770502
642,Robăneștii de Jos,robanestii de jos,village,24.0166393,44.3111271
642,Bojoiu,bojoiu,village,24.0377388,44.3063236
642,Golfin,golfin,village,24.0209543,44.290879
642,Lăcrița Mare,lacrita mare,village,23.9910053,44.2946373
642,Lăcrița Mică,lacrita mica,village,23.9617268,44.2964139
642,Robăneștii de Sus,robanestii de sus,village,24.0068522,44.321985
642,Mârza,marza,village,23.4781194,44.195886
642,Tencănău,tencanau,village,23.4864075,44.2278499
642,Scăești,scaesti,village,23.5751629,44.4595341
642,Valea lui Pătru,valea lui patru,village,23.521276,44.4722953
642,Seaca de Câmp,seaca de camp,village,23.2199269,43.9324853
642,Piscu Nou,piscu nou,village,23.1773841,43.9268056
642,Seaca de Pădure,seaca de padure,village,23.3058732,44.3661061
642,Răchita de Sus,rachita de sus,village,23.3589091,44.3647857
642,Veleni,veleni,village,23.3059882,44.3823359
642,Secu,secu,village,23.292217,44.4741989
642,Comănicea,comanicea,village,23.3312308,44.4853739
642,Smadovicioara de Secu,smadovicioara de secu,village,23.2686041,44.4904325
642,Șumandra,sumandra,village,23.2895572,44.4639575
642,Siliștea Crucii,silistea crucii,village,23.4819444,44.0448785
642,Sopot,sopot,village,23.493844,44.4126821
642,Bașcov,bascov,village,23.5202923,44.3884796
642,Beloț,belot,village,23.5380943,44.3952825
642,Cernat,cernat,village,23.4229683,44.4027113
642,Pereni,pereni,village,23.5602562,44.3865268
642,Pietroaia,pietroaia,village,23.5058766,44.3775428
642,Sârsca,sarsca,village,23.5456862,44.3704048
642,Căruia,caruia,village,23.5519167,44.3179233
642,Căciulatu,caciulatu,village,23.4211652,44.3141485
642,Floran,floran,village,23.4392779,44.31
642,Lazu,lazu,village,23.5425457,44.2957246
642,Teslui,teslui,village,24.157627,44.2055246
642,Coșereni,cosereni,village,24.1893189,44.1955969
642,Fântânele,fantanele,village,24.0897135,44.2007849
642,Preajba de Jos,preajba de jos,village,24.1944579,44.2038956
642,Preajba de Pădure,preajba de padure,village,24.213117,44.197035
642,Țărțăl,tartal,village,24.1154485,44.1999448
642,Urieni,urieni,village,24.1466969,44.2196977
642,Viișoara Moșneni,viisoara mosneni,village,24.1414668,44.2297262
642,Țuglui,tuglui,village,23.8117645,44.1875061
642,Jiul,jiul,village,23.8341518,44.2131833
642,Valea Stanciului,valea stanciului,village,23.8745209,43.9852875
642,Horezu-Poenari,horezu-poenari,village,23.8690999,43.9594936
642,Vela,vela,village,23.4208776,44.2777378
642,Bucovicior,bucovicior,village,23.3532122,44.2990347
642,Cetățuia,cetatuia,hamlet,23.3860721,44.2949836
642,Desnățui,desnatui,village,23.3725679,44.2697858
642,Gubaucea,gubaucea,village,23.3438328,44.28077
642,Segleț,seglet,village,23.4074992,44.2671897
642,Suharu,suharu,village,23.3881421,44.2682837
642,Știubei,stiubei,village,23.3586187,44.3245491
642,Verbicioara,verbicioara,village,23.1876679,44.2838256
642,Vârvoru de Jos,varvoru de jos,village,23.6088626,44.2447392
642,Bujor,bujor,village,23.6531943,44.2272804
642,Ciutura,ciutura,village,23.5692968,44.2257041
642,Criva,criva,village,23.6322131,44.2497705
642,Dobromira,dobromira,village,23.6151501,44.2626524
642,Drăgoaia,dragoaia,village,23.5256959,44.2338531
642,Gabru,gabru,village,23.5678711,44.2568534
642,Vârvor,varvor,village,23.6265897,44.2281016
642,Islaz,islaz,village,26.3869074,44.4614471
642,Pasărea,pasarea,village,26.3192709,44.4731854
642,Vadu Anei,vadu anei,village,26.3536471,44.4238744
642,Piscu,piscu,village,26.0718987,44.7346541
642,Olteni,olteni,village,25.9546173,44.402668
642,Buda,buda,village,25.9606678,44.3544973
642,Piteasca,piteasca,village,26.3291283,44.493305
642,Șindrilița,sindrilita,village,26.3195071,44.5141282
642,Sitaru,sitaru,village,26.3282042,44.6688897
642,Balta Neagră,balta neagra,village,26.3048166,44.6972832
642,Micșuneștii Mari,micsunestii mari,village,26.355359,44.6909534
642,Micșuneștii-Moară,micsunestii-moara,village,26.3291906,44.7009505
642,Bălteni,balteni,village,26.0327979,44.7144449
642,Buriaș,burias,village,25.9805273,44.7330364
642,Petrăchioaia,petrachioaia,village,26.3120975,44.5827854
642,Măineasca,maineasca,village,26.3505967,44.5752837
642,Dudu,dudu,village,25.990478,44.4562378
642,Rudeni,rudeni,village,25.9704045,44.4726178
642,Otopeni,otopeni,town,26.0729271,44.5507941
642,Odăile,odaile,village,26.0577023,44.5343934
642,Pietrăria,pietraria,village,27.6427843,47.0802954
642,Cristești,cristesti,village,27.7225147,47.1712957
642,Balș,bals,village,26.9785607,47.2962795
642,Boureni,boureni,village,26.9767232,47.2649716
642,Buznea,buznea,village,27.015716,47.1951476
642,Coasta Măgurii,coasta magurii,village,26.9277766,47.3162781
642,Gănești,ganesti,village,27.0318928,47.1671789
642,Ion Neculce,ion neculce,village,27.0509129,47.2022881
642,Prigoreni,prigoreni,village,27.0681157,47.2074346
642,Alexandru I. Cuza,alexandru i cuza,village,26.8605997,47.1317942
642,Kogălniceni,kogalniceni,village,26.8420011,47.1588957
642,Scheia,scheia,village,26.8815399,47.1171387
642,Volintirești,volintiresti,village,26.8335478,47.1690109
642,Drăgănești,draganesti,village,27.2618196,47.520902
642,Iepureni,iepureni,village,27.3276818,47.4704033
642,Cotârgaci,cotargaci,village,27.1674043,47.2197876
642,Filiași,filiasi,village,27.0417571,47.2580749
642,Podișu,podisu,village,27.0656781,47.2555933
642,Sârca,sarca,village,27.1797276,47.2298101
642,Valea Oilor,valea oilor,village,27.1017315,47.2437501
642,Liteni,liteni,village,27.0383668,47.3016885
642,Munteni,munteni,village,27.1383945,47.3153016
642,Satu Nou,satu nou,village,27.0949997,47.3218302
642,Tansa,tansa,village,27.0765271,47.3013916
642,Ulmi,ulmi,village,27.067744,47.2830262
642,Buruienești,buruienesti,village,27.4013811,47.5537987
642,Soloneț,solonet,village,27.4592511,47.4978026
642,Traian,traian,village,27.4164579,47.5021136
642,Bosia,bosia,village,27.7670719,47.2169595
642,Coada Stâncii,coada stancii,village,27.7107396,47.2089555
642,Mânzătești,manzatesti,village,27.7235542,47.1858871
642,Brăești,braesti,village,27.1020397,47.1551169
642,Albești,albesti,village,27.1049519,47.1851661
642,Buda,buda,village,27.0738039,47.1195415
642,Cristești,cristesti,village,27.0788591,47.1622699
642,Rediu,rediu,village,27.0890633,47.1931412
642,Ceplenița,ceplenita,village,26.9610883,47.3815889
642,Buhalnița,buhalnita,village,26.9154772,47.3789146
642,Poiana Mărului,poiana marului,village,26.8924317,47.3795074
642,Zlodica,zlodica,village,26.9366774,47.3675393
642,Șerbești,serbesti,village,27.8460005,46.8776592
642,Hlincea,hlincea,village,27.5823193,47.1105885
642,Coarnele Caprei,coarnele caprei,village,27.1072345,47.3911977
642,Arama,arama,village,27.114378,47.3982922
642,Petroșica,petrosica,village,27.0657946,47.4182648
642,Cotnari,cotnari,village,26.9440813,47.3479441
642,Bahluiu,bahluiu,village,26.9835227,47.358581
642,Cireșeni,cireseni,village,26.8485179,47.3685555
642,Cârjoaia,carjoaia,village,26.9044716,47.3425756
642,Făgăt,fagat,village,26.8484231,47.379735
642,Hodora,hodora,village,27.0196364,47.3373981
642,Horodiștea,horodistea,village,26.9180264,47.3539199
642,Iosupeni,iosupeni,village,27.0033678,47.3422106
642,Lupăria,luparia,village,26.8878741,47.3658824
642,Valea Racului,valea racului,village,26.8765906,47.3622737
642,Zbereni,zbereni,village,26.8407301,47.3796817
642,Podolenii de Jos,podolenii de jos,village,28.0317326,46.8487746
642,Podolenii de Sus,podolenii de sus,village,28.0152095,46.8573026
642,Homița,homita,village,26.5943067,47.2959911
642,Cucuteni,cucuteni,village,26.9403241,47.2750184
642,Băiceni,baiceni,village,26.9110717,47.3127611
642,Bărbătești,barbatesti,village,26.9056296,47.2765379
642,Săcărești,sacaresti,village,26.9363092,47.2543183
642,Dagâța,dagata,village,27.1935729,46.9191077
642,Bălușești,balusesti,village,27.2094152,46.8860408
642,Boatca,boatca,village,27.2224663,46.9517329
642,Buzdug,buzdug,village,27.168249,46.9633019
642,Mănăstirea,manastirea,village,27.2056146,46.9484027
642,Piscu Rusului,piscu rusului,village,27.1478046,46.9562156
642,Poienile,poienile,village,27.210566,46.9608792
642,Tarnița,tarnita,village,27.1823195,46.9771374
642,Zece Prăjini,zece prajini,village,27.1832162,46.9394343
642,Leahu-Nacu,leahu-nacu,hamlet,26.9586755,47.4925918
642,Slobozia,slobozia,village,26.8895821,47.4771967
642,Dolhești,dolhesti,village,27.8967274,46.8751111
642,Brădicești,bradicesti,village,27.9027009,46.8481019
642,Pietriș,pietris,village,27.9203308,46.8852058
642,Dumești,dumesti,village,27.3430897,47.1747238
642,Banu,banu,village,27.3721928,47.1903992
642,Chilișoaia,chilisoaia,village,27.3061933,47.163957
642,Hoisești,hoisesti,village,27.3260732,47.1962221
642,Păușești,pausesti,village,27.3217118,47.1567498
642,Erbiceni,erbiceni,village,27.2385707,47.2582076
642,Bârlești,barlesti,village,27.2607718,47.2522846
642,Spinoasa,spinoasa,village,27.1915613,47.2627695
642,Sprânceana,spranceana,village,27.2580253,47.2362026
642,Totoești,totoesti,village,27.2868552,47.2531986
642,Fântânele,fantanele,village,27.180664,47.4149775
642,Bran,bran,hamlet,27.752954,47.2499364
642,Cilibiu,cilibiu,village,27.6785151,47.2550169
642,Cotu lui Ivan,cotu lui ivan,village,27.6535347,47.2735294
642,Grădinari,gradinari,village,27.6696623,47.2703438
642,Podu Jijiei,podu jijiei,village,27.7201275,47.2406722
642,Scopoșeni,scoposeni,hamlet,28.096062,46.9272186
642,Corcodel,corcodel,village,27.5505072,46.9443697
642,Bulbucani,bulbucani,village,27.2495296,47.3591311
642,Săveni,saveni,village,27.248099,47.3997027
642,Sângeri,sangeri,village,27.2291792,47.3888215
642,Hălăucești,halaucesti,village,26.8104004,47.0935328
642,Luncași,luncasi,village,26.8034523,47.1173896
642,Heleșteni,helesteni,village,26.8775485,47.203032
642,Hărmăneasa,harmaneasa,village,26.8662224,47.1907173
642,Movileni,movileni,village,26.9002371,47.2009487
642,Oboroceni,oboroceni,village,26.8776551,47.1768063
642,Ipatele,ipatele,village,27.4358384,46.9191311
642,Alexești,alexesti,village,27.4445959,46.8774684
642,Bâcu,bacu,village,27.4597644,46.9242388
642,Cuza Vodă,cuza voda,village,27.4097632,46.8947247
642,Buda,buda,village,26.6783464,47.4031795
642,Dumbrava,dumbrava,village,26.7156998,47.3538441
642,Goești,goesti,village,27.1365977,47.1565459
642,Zmeu,zmeu,village,27.1791611,47.1916115
642,Mădârjac,madarjac,village,27.2618202,47.0499434
642,Bojila,bojila,village,27.2730223,47.0177157
642,Frumușica,frumusica,village,27.2966279,47.0551595
642,Iugani,iugani,village,26.828913,47.044312
642,Mironeasa,mironeasa,village,27.4296924,46.9693462
642,Valea Adâncă,valea adanca,village,27.5564959,47.1255508
642,Mitești,mitesti,village,26.6449027,47.1002005
642,Verșeni,verseni,village,26.6427695,47.1125963
642,Mogoșești-Siret,mogosesti-siret,village,26.7896275,47.1364022
642,Muncelu de Sus,muncelu de sus,village,26.7351845,47.1238389
642,Tudor Vladimirescu,tudor vladimirescu,village,26.7780097,47.1322851
642,Movileni,movileni,village,27.3615285,47.3297175
642,Iepureni,iepureni,village,27.4352501,47.3003228
642,Potângeni,potangeni,village,27.3298629,47.3309014
642,Oțeleni,oteleni,village,27.0274231,47.065562
642,Hândrești,handresti,village,27.0271721,47.1057619
642,Plugari,plugari,village,27.1272778,47.48763
642,Borosoaia,borosoaia,village,27.0986209,47.4629967
642,Onești,onesti,village,27.1202917,47.4807159
642,Cosițeni,cositeni,village,27.2375517,47.2024241
642,Holm,holm,village,27.307497,47.2083667
642,Scobâlțeni,scobalteni,village,27.281054,47.2015056
642,Popești,popesti,village,27.240937,47.152193
642,Doroșcani,doroscani,village,27.2673468,47.1458422
642,Hărpășești,harpasesti,village,27.2824358,47.150197
642,Obrijeni,obrijeni,village,27.2196619,47.1480595
642,Pădureni,padureni,village,27.3150367,47.1099285
642,Vama,vama,village,27.2433657,47.115986
642,Popricani,popricani,village,27.5135829,47.2874651
642,Cotu Morii,cotu morii,village,27.5505507,47.3021054
642,Moimești,moimesti,village,27.5118282,47.2778445
642,Rediu Mitropoliei,rediu mitropoliei,village,27.4917009,47.3008991
642,Țipilești,tipilesti,village,27.4814098,47.2999619
642,Vânători,vanatori,village,27.522949,47.2433832
642,Perieni,perieni,village,27.4648745,47.3893707
642,Românești,romanesti,village,27.3200315,47.2829581
642,Avântu,avantu,village,27.3685996,47.2574009
642,Dumbrăvița,dumbravita,village,26.841692,47.2548285
642,Rediu,rediu,village,26.8642912,47.2404138
642,Vascani,vascani,village,26.873738,47.2727085
642,Scânteia,scanteia,village,27.5788534,46.920152
642,Boroșești,borosesti,village,27.5948031,46.9428454
642,Rediu,rediu,village,27.593415,46.8945549
642,Tufeștii de Sus,tufestii de sus,village,27.6289714,46.9142042
642,Bădeni,badeni,village,26.9487442,47.4058658
642,Fetești,fetesti,village,26.9092229,47.4091595
642,Zagavia,zagavia,village,26.8979045,47.418173
642,Sinești,sinesti,village,27.1934022,47.1144129
642,Bocnița,bocnita,village,27.1895245,47.1600528
642,Osoi,osoi,village,27.1931339,47.0913197
642,Cozmești,cozmesti,village,26.7628366,47.1679934
642,Crivești,crivesti,village,26.9304753,47.1989776
642,Cucova,cucova,village,26.9169655,47.1605963
642,Fărcășeni,farcaseni,village,26.8961516,47.1598784
642,Fedeleșeni,fedeleseni,village,26.9784718,47.1230107
642,Gura Văii,gura vaii,village,26.9410186,47.1918176
642,Cioca-Boca,cioca-boca,village,27.4655986,46.9459102
642,Drăgușeni,draguseni,village,27.5126008,46.9011592
642,Frenciugi,frenciugi,village,27.4772201,46.887472
642,Satu Nou,satu nou,village,27.4797735,46.9332144
642,Iazu Vechi,iazu vechi,hamlet,27.2276241,47.4347558
642,Tansa,tansa,village,27.2376669,46.9125553
642,Suhuleț,suhulet,village,27.2584917,46.9036814
642,Iorcani,iorcani,village,26.5246832,47.3532197
642,Uda,uda,village,26.5587326,47.3365543
642,Vâlcica,valcica,village,26.6351477,47.3326509
642,Todirești,todiresti,village,26.8333583,47.3234587
642,Boldești,boldesti,village,26.8268799,47.2822177
642,Hărmăneștii Vechi,harmanestii vechi,village,26.8131914,47.2773052
642,Stroești,stroesti,village,26.8881974,47.3238919
642,Rădeni,radeni,village,27.4362406,47.4262747
642,Roșcani,roscani,village,27.3989034,47.4560134
642,Zaboloteni,zaboloteni,village,27.4978029,47.475925
642,Țibana,tibana,village,27.3394515,46.9866477
642,Alexeni,alexeni,village,27.3686025,46.9700801
642,Gârbești,garbesti,village,27.2944034,46.9777218
642,Moara Ciornei,moara ciornei,village,27.3485624,46.9632996
642,Oproaia,oproaia,village,27.3708996,46.9562106
642,Poiana Mănăstirii,poiana manastirii,village,27.3569257,46.9856892
642,Vadu Vejei,vadu vejei,village,27.2439925,46.9960843
642,Țibănești,tibanesti,village,27.338088,46.9070892
642,Glodenii Gândului,glodenii gandului,village,27.2992099,46.9515973
642,Griești,griesti,village,27.3734358,46.9027939
642,Jigoreni,jigoreni,village,27.3141549,46.8964403
642,Răsboieni,rasboieni,village,27.3171629,46.9317638
642,Recea,recea,village,27.3883523,46.9311843
642,Tungujei,tungujei,village,27.3663295,46.92546
642,Vălenii,valenii,village,27.2846187,46.8943835
642,Stejarii,stejarii,village,27.4353893,47.3774279
642,Victoria,victoria,village,27.5936752,47.2952094
642,Icușeni,icuseni,village,27.6343429,47.2776116
642,Luceni,luceni,village,27.6144216,47.2875973
642,Stânca,stanca,village,27.584707,47.283807
642,Vânători,vanatori,village,26.7642262,47.3597971
642,Crivești,crivesti,village,26.7824012,47.3242967
642,Gura Bâdiliței,gura badilitei,village,26.7504226,47.3000358
642,Hârtoape,hartoape,village,26.7211643,47.3219054
642,Vlădnicuț,vladnicut,village,26.7992567,47.3642254
642,Broșteni,brosteni,village,27.3375101,47.45608
642,Iacobeni,iacobeni,village,27.3199728,47.4466078
642,Vâlcelele,valcelele,village,27.3662264,47.4350555
642,Groși,grosi,village,23.6115021,47.6174014
642,Ocoliș,ocolis,village,23.5792692,47.602034
642,Satu Nou de Jos,satu nou de jos,village,23.5685002,47.6162045
642,Recea,recea,village,23.5055957,47.633871
642,Bozânta Mică,bozanta mica,village,23.422357,47.636414
642,Lăpușel,lapusel,village,23.4791325,47.6182985
642,Mocira,mocira,village,23.5250597,47.6229501
642,Săsar,sasar,village,23.4986933,47.6440637
642,Tăuții-Măgherăuș,tautii-magheraus,town,23.467985,47.6659652
642,Bozânta Mare,bozanta mare,village,23.4416552,47.6396578
642,Bușag,busag,village,23.4277522,47.6587149
642,Merișor,merisor,village,23.4102579,47.6609057
642,Nistru,nistru,village,23.4544388,47.7207898
642,Ulmoasa,ulmoasa,village,23.5332413,47.732423
642,Iapa,iapa,village,23.8253872,47.9251306
642,Lazu Baciului,lazu baciului,village,23.9205217,47.9051306
642,Șugău,sugau,village,23.9090087,47.8836269
642,Valea Hotarului,valea hotarului,village,23.843847,47.9311333
642,Vadu Izei,vadu izei,village,23.9312412,47.8884093
642,Valea Stejarului,valea stejarului,village,23.9895281,47.8744145
642,Chiuzbaia,chiuzbaia,village,23.6805604,47.6995478
642,Tăuții de Sus,tautii de sus,village,23.658376,47.6566581
642,Satu Nou de Sus,satu nou de sus,village,23.6347649,47.6384735
642,Băile Borșa,baile borsa,village,24.7139118,47.6841578
642,Târgu Lăpuș,targu lapus,town,23.8646852,47.4535458
642,Boiereni,boiereni,village,23.9304831,47.388859
642,Borcut,borcut,village,23.8407143,47.4819978
642,Cufoaia,cufoaia,village,23.803382,47.479244
642,Dămăcușeni,damacuseni,village,23.9070387,47.4553865
642,Dobricu Lăpușului,dobricu lapusului,village,23.9080059,47.4974841
642,Dumbrava,dumbrava,village,23.8723634,47.4932482
642,Fântânele,fantanele,village,23.8260005,47.4113507
642,Groape,groape,village,23.7253012,47.4444896
642,Inău,inau,village,23.8248344,47.5173343
642,Răzoare,razoare,village,23.7794324,47.4444061
642,Rogoz,rogoz,village,23.9289688,47.4680731
642,Rohia,rohia,village,23.8580401,47.4061256
642,Stoiceni,stoiceni,village,23.8807991,47.5112128
642,Vișeu de Mijloc,viseu de mijloc,village,24.4057516,47.7155458
642,Arieșu de Câmp,ariesu de camp,village,23.3987255,47.63977
642,Ariniș,arinis,village,23.2304772,47.5010234
642,Rodina,rodina,village,23.2535291,47.5182675
642,Tămășești,tamasesti,village,23.189042,47.5034339
642,Asuaju de Sus,asuaju de sus,village,23.1824512,47.5670327
642,Asuaju de Jos,asuaju de jos,village,23.2229869,47.540519
642,Băița de Sub Codru,baita de sub codru,village,23.1498263,47.5297502
642,Odești,odesti,village,23.0958732,47.51595
642,Urmeniș,urmenis,village,23.1962596,47.523572
642,Băiuț,baiut,village,23.9975195,47.6139872
642,Poiana Botizii,poiana botizii,village,24.0253145,47.5933374
642,Strâmbu-Băiuț,strambu-baiut,village,23.9817227,47.5980767
642,Băsești,basesti,village,23.1462242,47.4805909
642,Săliște,saliste,village,23.112225,47.4959573
642,Stremț,stremt,village,23.0771032,47.491836
642,Bicaz,bicaz,village,23.03685,47.4617701
642,Ciuta,ciuta,village,22.98833,47.4471378
642,Corni,corni,village,23.0190425,47.478318
642,Nănești,nanesti,village,24.0110492,47.8381196
642,Oncești,oncesti,village,23.9818272,47.8481391
642,Bocicoiu Mare,bocicoiu mare,village,24.0135637,47.9634547
642,Crăciunești,craciunesti,village,23.9826698,47.9555053
642,Tisa,tisa,village,23.9576793,47.9484406
642,Frâncenii Boiului,francenii boiului,village,23.6179097,47.399692
642,Prislop,prislop,village,23.553394,47.4115535
642,Românești,romanesti,village,23.6453757,47.4033627
642,Poienile Izei,poienile izei,village,24.1127592,47.70309
642,Budești,budesti,village,23.946482,47.7304494
642,Sârbi,sarbi,village,23.9448967,47.7618438
642,Călinești,calinesti,village,23.9715238,47.7858
642,Cornești,cornesti,village,23.9681172,47.8167551
642,Văleni,valeni,village,24.0162489,47.7855929
642,Cernești,cernesti,village,23.7425267,47.5083676
642,Brebeni,brebeni,village,23.7813564,47.5035816
642,Ciocotiș,ciocotis,village,23.7964991,47.5566596
642,Fânațe,fanate,village,23.7579187,47.5346375
642,Izvoarele,izvoarele,village,23.8691382,47.5951784
642,Măgureni,magureni,village,23.7435348,47.4867164
642,Trestia,trestia,village,23.7936848,47.5647442
642,Cicârlău,cicarlau,village,23.4037969,47.691545
642,Bârgău,bargau,village,23.3997116,47.6834381
642,Handalu Ilbei,handalu ilbei,village,23.3645104,47.7354984
642,Ilba,ilba,village,23.3584079,47.7126396
642,Copalnic-Mănăștur,copalnic-manastur,village,23.6792647,47.5091485
642,Berința,berinta,village,23.6769286,47.5406693
642,Cărpiniș,carpinis,village,23.7033652,47.5755549
642,Copalnic,copalnic,village,23.6556268,47.5204184
642,Copalnic-Deal,copalnic-deal,village,23.6490699,47.5124351
642,Curtuiușu Mic,curtuiusu mic,village,23.6253111,47.5429932
642,Făurești,fauresti,village,23.7500489,47.5631943
642,Lăschia,laschia,village,23.7321423,47.5433183
642,Preluca Nouă,preluca noua,village,23.6515083,47.4669723
642,Preluca Veche,preluca veche,village,23.7078967,47.4694132
642,Rușor,rusor,village,23.7110178,47.504405
642,Vad,vad,village,23.7116144,47.5214582
642,Coroieni,coroieni,village,23.7642987,47.3746538
642,Baba,baba,village,23.7456112,47.340268
642,Dealu Mare,dealu mare,village,23.8152064,47.3602653
642,Drăghia,draghia,village,23.7747842,47.3516634
642,Vălenii Lăpușului,valenii lapusului,village,23.7859211,47.4057294
642,Cupșeni,cupseni,village,23.9343377,47.5414281
642,Costeni,costeni,village,23.9146464,47.537054
642,Libotin,libotin,village,23.9683261,47.5054123
642,Ungureni,ungureni,village,23.9524147,47.5463061
642,Desești,desesti,village,23.8591471,47.7724578
642,Hărnicești,harnicesti,village,23.8865889,47.7821315
642,Mara,mara,village,23.8312619,47.7555233
642,Dumbrăvița,dumbravita,village,23.6521787,47.5989268
642,Cărbunari,carbunari,village,23.6419002,47.5742609
642,Chechiș,chechis,village,23.6038849,47.5844136
642,Rus,rus,village,23.6693831,47.6129238
642,Șindrești,sindresti,village,23.6951328,47.6065954
642,Unguraș,unguras,village,23.6786107,47.6293479
642,Giulești,giulesti,village,23.931328,47.8219802
642,Berbești,berbesti,village,23.9344772,47.848651
642,Ferești,feresti,village,23.9496097,47.8321871
642,Lăpuș,lapus,village,24.0061748,47.4937148
642,Mireșu Mare,miresu mare,village,23.3353105,47.5032224
642,Dăneștii Chioarului,danestii chioarului,village,23.3447842,47.5538161
642,Iadăra,iadara,village,23.3989307,47.4792706
642,Lucăcești,lucacesti,village,23.3355039,47.5399557
642,Remeți pe Someș,remeti pe somes,village,23.3392976,47.481435
642,Stejera,stejera,village,23.4244377,47.4418992
642,Tulghieș,tulghies,village,23.3708144,47.5009104
642,Oarța de Jos,oarta de jos,village,23.1318654,47.4590029
642,Oarța de Sus,oarta de sus,village,23.0776732,47.4679328
642,Orțița,ortita,village,23.094275,47.4626199
642,Ocna Șugatag,ocna sugatag,village,23.9394772,47.7813212
642,Breb,breb,village,23.9049394,47.7485406
642,Hoteni,hoteni,village,23.8999328,47.7719149
642,Sat-Șugatag,sat-sugatag,village,23.9059275,47.798044
642,Remetea Chioarului,remetea chioarului,village,23.5477992,47.5276115
642,Berchez,berchez,village,23.5056927,47.5189241
642,Berchezoaia,berchezoaia,village,23.5384399,47.4984198
642,Posta,posta,village,23.4939023,47.547813
642,Remecioara,remecioara,village,23.5588598,47.513977
642,Piatra,piatra,village,23.5384206,47.9956553
642,Teceu Mic,teceu mic,village,23.5808046,48.0030497
642,Repedea,repedea,village,24.4014159,47.8321184
642,Rona de Jos,rona de jos,village,24.0176056,47.9243991
642,Coștiui,costiui,village,24.0303173,47.8793119
642,Rozavlea,rozavlea,village,24.2228619,47.7384158
642,Satulung,satulung,village,23.4281496,47.5711038
642,Arieșu de Pădure,ariesu de padure,village,23.4791057,47.5862382
642,Fersig,fersig,village,23.3837119,47.5404929
642,Finteușu Mic,finteusu mic,village,23.4539006,47.5677883
642,Pribilești,pribilesti,village,23.3732844,47.5652297
642,Săcălășeni,sacalaseni,village,23.564215,47.5814387
642,Cătălina,catalina,village,23.544591,47.6038353
642,Coaș,coas,village,23.5858386,47.5395686
642,Coltău,coltau,village,23.5238627,47.5983047
642,Coruia,coruia,village,23.59653,47.5633476
642,Culcea,culcea,village,23.5553617,47.5660902
642,Întrerâuri,intrerauri,village,23.6150873,47.4860731
642,Săcel,sacel,village,24.4348444,47.6368406
642,Sălsig,salsig,village,23.3026962,47.5193387
642,Gârdani,gardani,village,23.3087976,47.5513544
642,Săbișa,sabisa,village,23.3290059,47.729462
642,Viile Apei,viile apei,village,23.2910349,47.7810913
642,Suciu de Sus,suciu de sus,village,24.04119,47.4314855
642,Groșii Țibleșului,grosii tiblesului,village,24.0617941,47.4892697
642,Larga,larga,village,24.1050685,47.4520083
642,Suciu de Jos,suciu de jos,village,23.9821622,47.4459006
642,Bontăieni,bontaieni,village,23.7215995,47.6122147
642,Cetățele,cetatele,village,23.73945,47.598809
642,Dănești,danesti,village,23.7324992,47.6198091
642,Negreia,negreia,village,23.7440648,47.6353883
642,Plopiș,plopis,village,23.7723022,47.5890319
642,Buciumi,buciumi,village,23.4892585,47.4703255
642,Buteasa,buteasa,village,23.5498784,47.4483033
642,Ciolt,ciolt,village,23.5094428,47.4838535
642,Codru Butesii,codru butesii,village,23.6014628,47.4681789
642,Finteușu Mare,finteusu mare,village,23.4645117,47.5400064
642,Hovrila,hovrila,village,23.5080602,47.4590905
642,Vălenii Șomcutei,valenii somcutei,village,23.4513847,47.4729117
642,Arduzel,arduzel,village,23.2668619,47.448045
642,Chelința,chelinta,village,23.3179872,47.4531069
642,Mânău,manau,village,23.2624742,47.4817874
642,Someș-Uileac,somes-uileac,village,23.227554,47.4591822
642,Tohat,tohat,village,23.3066913,47.4947567
642,Țicău,ticau,village,23.3072281,47.4456634
642,Vicea,vicea,village,23.2410109,47.4509484
642,Valea Chioarului,valea chioarului,village,23.4847619,47.4296849
642,Curtuiușu Mare,curtuiusu mare,village,23.4477723,47.4274332
642,Durușa,durusa,village,23.464734,47.4129143
642,Fericea,fericea,village,23.3937005,47.4066261
642,Mesteacăn,mesteacan,village,23.5217768,47.3812425
642,Vărai,varai,village,23.4510763,47.3861847
642,Vima Mică,vima mica,village,23.7068004,47.4122866
642,Aspra,aspra,village,23.638179,47.4502103
642,Dealu Corbului,dealu corbului,village,23.6852328,47.4496646
642,Jugăstreni,jugastreni,village,23.6642478,47.3952695
642,Peteritea,peteritea,village,23.7436842,47.4229113
642,Sălnița,salnita,village,23.6721888,47.4115895
642,Vima Mare,vima mare,village,23.7085336,47.3817015
642,Sâlța,salta,village,24.1794506,47.7374073
642,Ciritei,ciritei,suburb,26.4088437,46.9319028
642,Doamna,doamna,suburb,26.3248961,46.9249574
642,Văleni,valeni,suburb,26.3893971,46.9030524
642,Dumbrava Roșie,dumbrava rosie,village,26.4383003,46.8832668
642,Brășăuți,brasauti,village,26.432903,46.8662769
642,Cut,cut,village,26.416469,46.8827664
642,Săvinești,savinesti,village,26.4710712,46.8575023
642,Dumbrava Deal,dumbrava deal,village,26.5024413,46.8725122
642,Cordun,cordun,village,26.8950968,46.9505744
642,Pildești,pildesti,village,26.8255798,46.9967483
642,Simionești,simionesti,village,26.8672607,46.9713639
642,Capșa,capsa,village,26.1108217,46.9045306
642,Dodeni,dodeni,suburb,26.0939532,46.9255205
642,Izvoru Muntelui,izvoru muntelui,village,26.074601,46.9408718
642,Izvorul Alb,izvorul alb,village,26.0586286,46.9957906
642,Potoci,potoci,village,26.112116,46.9848184
642,Secu,secu,village,26.0314861,46.9745997
642,Blebea,blebea,suburb,26.4084836,47.1963933
642,Humuleștii Noi,humulestii noi,village,26.333477,47.1857994
642,Agapia,agapia,village,26.2857181,47.1735588
642,Filioara,filioara,village,26.2780384,47.1672284
642,Văratec,varatec,village,26.2769574,47.1429892
642,Bahna,bahna,village,26.7967842,46.7780317
642,Arămești,aramesti,village,26.8180921,46.77911
642,Băhnișoara,bahnisoara,village,26.7913687,46.7595702
642,Broșteni,brosteni,village,26.7970785,46.7968339
642,Izvoare,izvoare,village,26.8022126,46.746992
642,Liliac,liliac,village,26.8303051,46.7874292
642,Țuțcanii din Deal,tutcanii din deal,village,26.7748681,46.7972052
642,Țuțcanii din Vale,tutcanii din vale,village,26.7686877,46.7836497
642,Ghindăoani,ghindaoani,village,26.3386446,47.1099588
642,Valea Arini,valea arini,village,26.2914227,47.1292653
642,Valea Seacă,valea seaca,village,26.2997167,47.1395714
642,Bârnadu,barnadu,hamlet,25.8237018,46.8316763
642,Gherman,gherman,hamlet,25.8744442,46.8402284
642,Ivaneș,ivanes,village,25.9011064,46.8247635
642,Bicazu Ardelean,bicazu ardelean,village,25.93332,46.8548733
642,Telec,telec,village,25.877746,46.8797914
642,Ticoș,ticos,village,25.9653577,46.8723299
642,Căușeni,causeni,village,27.1064531,47.0420753
642,Negrești,negresti,village,27.0701183,47.0066046
642,Nistria,nistria,village,27.1525753,47.0806369
642,Rediu,rediu,village,27.0053361,47.0098627
642,Bârgauani,bargauani,village,26.6439728,46.9876797
642,Bahna Mare,bahna mare,village,26.6057076,46.966743
642,Baratca,baratca,village,26.6646242,46.9594114
642,Bălănești,balanesti,village,26.6384522,46.9506706
642,Breaza,breaza,village,26.6387775,47.0194069
642,Certieni,certieni,village,26.6645646,46.9769908
642,Chilia,chilia,village,26.6329825,47.0375007
642,Dârloaia,darloaia,village,26.6664965,46.9402439
642,Ghelăiești,ghelaiesti,village,26.6494945,46.9436399
642,Hârtop,hartop,village,26.6065993,46.9498598
642,Homiceni,homiceni,village,26.6558683,47.0185324
642,Talpa,talpa,village,26.646534,47.0349906
642,Vlădiceni,vladiceni,village,26.6796224,46.9335506
642,Bodești,bodesti,village,26.4184985,47.030579
642,Bodeștii de Jos,bodestii de jos,village,26.4448254,47.0275236
642,Corni,corni,village,26.4861023,47.0413775
642,Oșlobeni,oslobeni,village,26.3945869,47.0560135
642,Borca,borca,village,25.7886918,47.1789284
642,Lunca,lunca,village,25.742533,47.2170696
642,Mădei,madei,village,25.7525431,47.2046555
642,Pârâul Cârjei,paraul carjei,village,25.7645181,47.1982977
642,Pârâul Pântei,paraul pantei,village,25.8122197,47.1659818
642,Sabasa,sabasa,village,25.8171381,47.2016807
642,Soci,soci,village,25.7915472,47.1703354
642,Borlești,borlesti,village,26.5100768,46.7783867
642,Nechit,nechit,village,26.415791,46.7730698
642,Mastacăn,mastacan,village,26.4867697,46.7891817
642,Șovoaia,sovoaia,village,26.5019531,46.8076646
642,Botești,botesti,village,26.7486312,47.0519979
642,David,david,village,26.6701952,47.0387808
642,Moreni,moreni,village,26.7379656,47.0253638
642,Munteni,munteni,village,26.7644847,47.0236137
642,Nisiporești,nisiporesti,village,26.7379109,47.0772
642,Văleni,valeni,village,26.6884578,47.0310381
642,Bozieni,bozieni,village,27.1489677,46.8412176
642,Băneasa,baneasa,village,27.0996934,46.8533205
642,Cuci,cuci,village,27.1978947,46.8281912
642,Iucșa,iucsa,village,27.1347652,46.8442263
642,Brusturi,brusturi,village,26.3827694,47.2804385
642,Drăgănești,draganesti,village,26.4055129,47.3088633
642,Groși,grosi,village,26.3145822,47.2918305
642,Orțăști,ortasti,village,26.386717,47.3202481
642,Râșca,rasca,village,26.4270151,47.3086723
642,Șoimărești,soimaresti,village,26.4430761,47.3083023
642,Ceahlău,ceahlau,village,25.9626341,47.0417537
642,Bistricioara,bistricioara,village,25.9227583,47.053411
642,Pârâul Mare,paraul mare,village,25.9881088,47.0393253
642,Cândești,candesti,village,26.5850056,46.722609
642,Bărcănești,barcanesti,village,26.5918066,46.7143017
642,Dragova,dragova,village,26.6041734,46.7214839
642,Pădureni,padureni,village,26.5626512,46.6963231
642,Țârdenii Mici,tardenii mici,village,26.5887724,46.6894397
642,Vădurele,vadurele,village,26.5710975,46.7293975
642,Costișa,costisa,village,26.6638533,46.7516033
642,Dornești,dornesti,village,26.6640602,46.7789012
642,Frunzeni,frunzeni,village,26.6266003,46.7351058
642,Mănoaia,manoaia,village,26.6306681,46.7643428
642,Cracăul Negru,cracaul negru,village,26.240035,47.0938773
642,Magazia,magazia,village,26.2616662,47.1031385
642,Mitocu Bălan,mitocu balan,village,26.1729745,47.1159
642,Poiana Crăcăoani,poiana cracaoani,village,26.3067202,47.0689605
642,Dămuc,damuc,village,25.9107388,46.8043086
642,Huisurez,huisurez,village,25.9134136,46.7451737
642,Trei Fântâni,trei fantani,village,25.8524296,46.7191434
642,Dobreni,dobreni,village,26.417557,47.0023767
642,Cășăria,casaria,village,26.420634,46.9890909
642,Negrești,negresti,village,26.3784711,47.0283529
642,Poiana,poiana,village,26.3205196,47.0661971
642,Sărata,sarata,village,26.3878594,46.9887778
642,Doljești,doljesti,village,26.9744612,47.0465581
642,Buhonca,buhonca,village,26.9882025,47.0474742
642,Buruienești,buruienesti,village,26.9767268,46.9952191
642,Rotunda,rotunda,village,26.9626587,47.0220957
642,Dragomirești,dragomiresti,village,26.5715737,47.0291431
642,Borniș,bornis,village,26.5934188,47.0189374
642,Hlăpești,hlapesti,village,26.5984217,47.038168
642,Mastacăn,mastacan,village,26.573703,47.0110021
642,Unghi,unghi,village,26.5634924,47.0449803
642,Vad,vad,village,26.5514011,47.0256692
642,Dulcești,dulcesti,village,26.78553,46.966386
642,Bozienii de Sus,bozienii de sus,village,26.7052622,46.9624057
642,Brițcani,britcani,village,26.7335581,46.9923366
642,Cârlig,carlig,village,26.7530725,46.9917627
642,Corhana,corhana,village,26.8080844,46.9807542
642,Poiana,poiana,village,26.7729971,47.005459
642,Roșiori,rosiori,village,26.8280616,46.9647663
642,Ruginoasa,ruginoasa,village,26.7067154,46.9861063
642,Farcașa,farcasa,village,25.8417181,47.1559327
642,Bușmei,busmei,village,25.8415493,47.151153
642,Frumosu,frumosu,village,25.8660452,47.1466449
642,Popești,popesti,village,25.8704883,47.1506689
642,Stejaru,stejaru,village,25.8231389,47.1578014
642,Budești,budesti,village,26.7117731,46.9408431
642,Micșunești,micsunesti,village,26.7105453,46.8982559
642,Gherăești,gheraesti,village,26.8225754,47.0239197
642,Gherăeștii Noi,gheraestii noi,village,26.7956937,47.0495751
642,Tețcani,tetcani,village,26.84193,47.0350936
642,Girov,girov,village,26.5014225,46.9557123
642,Bălușești,balusesti,village,26.6020609,46.9274916
642,Boțești,botesti,village,26.5018536,46.935741
642,Căciulești,caciulesti,village,26.4765378,46.9637639
642,Dănești,danesti,village,26.5215974,46.919702
642,Doina,doina,village,26.5104302,46.9186195
642,Gura Văii,gura vaii,village,26.4503956,46.9569056
642,Popești,popesti,village,26.4438186,46.9701868
642,Turturești,turturesti,village,26.4507448,46.9404615
642,Verșești,versesti,village,26.4834147,46.9793221
642,Gârcina,garcina,village,26.3455457,46.9774502
642,Almaș,almas,village,26.344192,47.0089749
642,Cuejdiu,cuejdiu,village,26.294552,46.9904021
642,Grințieș,grinties,village,25.8947645,47.0394564
642,Bradu,bradu,village,25.8534576,47.0042409
642,Poiana,poiana,village,25.880088,47.028853
642,Grumăzești,grumazesti,village,26.3772683,47.133606
642,Curechiștea,curechistea,village,26.4147167,47.1340055
642,Netezi,netezi,village,26.370985,47.1537652
642,Topolița,topolita,village,26.3823406,47.1694944
642,Hangu,hangu,village,26.0359229,47.0607267
642,Buhalnița,buhalnita,village,26.0890321,47.0188853
642,Chirițeni,chiriteni,village,26.0209876,47.0496251
642,Grozăvești,grozavesti,village,26.067062,47.0361757
642,Ruginești,ruginesti,village,26.0982246,47.004493
642,Bălușești,balusesti,village,26.9989526,46.8155801
642,Bătrânești,batranesti,village,26.9923677,46.7682628
642,Chilii,chilii,village,27.0339352,46.8025414
642,Mesteacăn,mesteacan,village,27.0237532,46.8324434
642,Spiridonești,spiridonesti,village,26.9544459,46.7789067
642,Tabăra,tabara,village,27.039248,46.8204809
642,Averești,averesti,village,27.0396469,46.873305
642,Muncelu,muncelu,village,26.9711263,46.8585518
642,Hârțești,hartesti,village,26.687471,46.8722317
642,Hoisești,hoisesti,village,26.6628179,46.8782497
642,Itrinești,itrinesti,village,26.6271544,46.9262791
642,Moldoveni,moldoveni,village,26.7972002,46.8302887
642,Hociungi,hociungi,village,26.7759251,46.8129083
642,Oniceni,oniceni,village,27.1661718,46.8040449
642,Ciornei,ciornei,village,27.1770443,46.8022831
642,Gorun,gorun,village,27.1416875,46.7780368
642,Linsești,linsesti,village,27.1379572,46.8016981
642,Lunca,lunca,village,27.1643014,46.7978888
642,Mărmureni,marmureni,village,27.1836052,46.8112929
642,Pietrosu,pietrosu,village,27.1653856,46.7780796
642,Poiana Humei,poiana humei,village,27.1525834,46.743726
642,Pustieta,pustieta,village,27.2007057,46.8043892
642,Solca,solca,village,27.156316,46.7601257
642,Valea Enei,valea enei,village,27.1505508,46.8004231
642,Păstrăveni,pastraveni,village,26.5713973,47.1599838
642,Lunca Moldovei,lunca moldovei,village,26.5924139,47.1851752
642,Rădeni,radeni,village,26.537027,47.1426047
642,Spiești,spiesti,hamlet,26.6042168,47.1493934
642,Petricani,petricani,village,26.4510401,47.1695641
642,Boiștea,boistea,village,26.4294635,47.1765701
642,Târpești,tarpesti,village,26.4319551,47.1490664
642,Țolici,tolici,village,26.447596,47.1176407
642,Piatra Șoimului,piatra soimului,village,26.4494085,46.8336705
642,Luminiș,luminis,village,26.4527512,46.8133164
642,Negulești,negulesti,village,26.408291,46.8106382
642,Poieni,poieni,village,26.3636014,46.8403916
642,Pipirig,pipirig,village,26.0829604,47.229177
642,Boboiești,boboiesti,village,26.0374921,47.253703
642,Dolhești,dolhesti,village,26.0673808,47.2118863
642,Leghin,leghin,village,26.1967488,47.2244518
642,Pâțâligeni,pataligeni,village,26.1040859,47.2314391
642,Pluton,pluton,village,26.013308,47.2002814
642,Stânca,stanca,village,26.1311438,47.2308568
642,Oanțu,oantu,village,26.1985065,46.9098058
642,Pângărăcior,pangaracior,village,26.2181566,46.9350654
642,Poiana,poiana,village,26.1839882,46.9038052
642,Preluca,preluca,village,26.2327082,46.9290648
642,Stejaru,stejaru,village,26.1777498,46.9150409
642,Podoleni,podoleni,village,26.61946,46.7973444
642,Negritești,negritesti,village,26.6461405,46.8380968
642,Bunghi,bunghi,village,27.108027,46.9084293
642,Ciurea,ciurea,village,27.1867993,46.8882987
642,Holm,holm,village,27.1697056,46.879353
642,Patricheni,patricheni,village,27.1711505,46.9156113
642,Pâncești,pancesti,village,27.1540541,46.9019273
642,Săcăleni,sacaleni,village,27.1135215,46.8653391
642,Tălpălăi,talpalai,village,27.1622649,46.9234336
642,Poiana Teiului,poiana teiului,village,25.9239618,47.1156741
642,Călugăreni,calugareni,village,25.9481624,47.0742707
642,Dreptu,dreptu,village,25.8655809,47.1270227
642,Galu,galu,village,25.9082905,47.1252869
642,Pârâul Fagului,paraul fagului,village,25.8716188,47.1366079
642,Poiana Largului,poiana largului,village,25.97836,47.0946964
642,Roșeni,roseni,village,25.9413739,47.0950186
642,Ruseni,ruseni,village,25.9126417,47.1197767
642,Săvinești,savinesti,village,25.8916252,47.1359931
642,Topoliceni,topoliceni,village,25.9346542,47.1102188
642,Răucești,raucesti,village,26.4088435,47.2507641
642,Oglinzi,oglinzi,village,26.3506308,47.2492267
642,Săvești,savesti,village,26.4293106,47.2762116
642,Ungheni,ungheni,village,26.4594402,47.2646709
642,Războienii de Jos,razboienii de jos,village,26.563737,47.068865
642,Borșeni,borseni,village,26.5858907,47.0806556
642,Războieni,razboieni,village,26.5569419,47.0921159
642,Valea Albă,valea alba,village,26.5312824,47.0750942
642,Valea Mare,valea mare,village,26.5696515,47.054452
642,Rediu,rediu,village,26.5652264,46.7568016
642,Bețești,betesti,village,26.5834769,46.7423798
642,Poloboc,poloboc,village,26.5498242,46.76129
642,Socea,socea,village,26.5642545,46.7386078
642,Români,romani,village,26.6896911,46.7930254
642,Goșmani,gosmani,village,26.7152235,46.8361984
642,Siliștea,silistea,village,26.6926052,46.7778553
642,Slobozia,slobozia,village,26.5330745,46.848908
642,Vulpășești,vulpasesti,village,27.0564926,46.9697569
642,Traian,traian,village,26.9043791,46.9913989
642,Secuieni,secuieni,village,26.8489746,46.855582
642,Bașta,basta,village,26.913375,46.865464
642,Bârjoveni,barjoveni,village,26.7825829,46.8637815
642,Bogzești,bogzesti,village,26.7763162,46.8978742
642,Butnărești,butnaresti,village,26.7945363,46.8731059
642,Giulești,giulesti,village,26.772368,46.885322
642,Prăjești,prajesti,village,26.7272819,46.8694105
642,Secuienii Noi,secuienii noi,village,26.8830424,46.8469321
642,Uncești,uncesti,village,26.7969842,46.8604686
642,Stănița,stanita,village,27.1051417,47.0091295
642,Chicerea,chicerea,village,27.132355,46.9761992
642,Ghidion,ghidion,village,27.1562832,47.0406156
642,Poienile Oancei,poienile oancei,village,27.111013,47.0304383
642,Todireni,todireni,village,27.1357934,47.0141274
642,Veja,veja,village,27.1537516,47.0177077
642,Vlădnicele,vladnicele,village,27.1620156,46.998063
642,Ștefan cel Mare,stefan cel mare,village,26.5177804,46.9846594
642,Bordea,bordea,village,26.4918239,47.03362
642,Cârligi,carligi,village,26.5213508,47.0053405
642,Deleni,deleni,village,26.5272697,47.0031502
642,Dușești,dusesti,village,26.5170688,47.0189988
642,Ghigoiești,ghigoiesti,village,26.5766821,46.9828261
642,Soci,soci,village,26.5046684,47.027506
642,Tarcău,tarcau,village,26.1309383,46.890929
642,Ardeluța,ardeluta,village,26.1972028,46.7226738
642,Brateș,brates,village,26.1491716,46.7988299
642,Cazaci,cazaci,village,26.1431128,46.8577073
642,Schitu Tarcău,schitu tarcau,village,26.1826665,46.7629589
642,Straja,straja,village,26.1707382,46.9027594
642,Tașca,tasca,village,26.0226419,46.8936854
642,Hamzoaia,hamzoaia,village,26.0385992,46.9038178
642,Neagra,neagra,village,25.9823635,46.8802489
642,Ticoș-Floarea,ticos-floarea,village,25.9929316,46.8803697
642,Tămășeni,tamaseni,village,26.9527055,46.9924629
642,Adjudeni,adjudeni,village,26.9490274,47.0140845
642,Timișești,timisesti,village,26.5504487,47.2322151
642,Dumbrava,dumbrava,village,26.4630875,47.2161957
642,Plăieșu,plaiesu,village,26.5022744,47.2292699
642,Preutești,preutesti,village,26.5143805,47.2566882
642,Zvorănești,zvoranesti,village,26.5697447,47.2125557
642,Miron Costin,miron costin,village,26.8056659,46.9202998
642,Tupilați,tupilati,village,26.6452951,47.0806885
642,Arămoaia,aramoaia,village,26.6198515,47.0724826
642,Hanul Ancuței,hanul ancutei,village,26.699376,47.0994391
642,Totoiești,totoiesti,village,26.601793,47.0732652
642,Țibucani,tibucani,village,26.5389074,47.1137208
642,Davideni,davideni,village,26.6000333,47.1262297
642,Țibucanii de Jos,tibucanii de jos,village,26.5835104,47.1179908
642,Urecheni,urecheni,village,26.5078276,47.1570335
642,Ingărești,ingaresti,village,26.5367103,47.1782243
642,Plugari,plugari,hamlet,26.5572033,47.1977743
642,Bucium,bucium,village,27.0716665,46.7785529
642,Giurgeni,giurgeni,village,27.1086844,46.8163513
642,Muncelu de Jos,muncelu de jos,village,27.1077024,46.7813763
642,Agârcia,agarcia,village,26.2952307,46.9265313
642,Bisericani,bisericani,village,26.2378146,46.9604368
642,Scăricica,scaricica,village,26.2585599,46.9456951
642,Vădurele,vadurele,village,26.2482599,46.9262342
642,Vânători-Neamț,vanatori-neamt,village,26.3188151,47.2130251
642,Lunca,lunca,village,26.2997904,47.2276549
642,Nemțișor,nemtisor,village,26.2720884,47.2396222
642,Zănești,zanesti,village,26.5478362,46.8179707
642,Traian,traian,village,26.5765456,46.8333472
642,Bărcănești,barcanesti,village,26.0506466,44.881511
642,Ghighiu,ghighiu,village,26.0780956,44.8981489
642,Pușcași,puscasi,village,26.0921838,44.8505872
642,Românești,romanesti,village,26.0709911,44.8590196
642,Tătărani,tatarani,village,26.0348428,44.8930578
642,Cartierul Dâmbu,cartierul dambu,village,26.071245,44.9241398
642,Cătunu,catunu,village,26.1341357,44.8999508
642,Corlătești,corlatesti,village,26.086054,44.9134281
642,Moara Nouă,moara noua,village,26.1028951,44.9481244
642,Ploieștiori,ploiestiori,village,26.0196118,44.9809808
642,Țânțăreni,tantareni,village,26.0268741,44.9708414
642,Negoiești,negoiesti,village,25.9806209,44.8732046
642,Popești,popesti,village,25.9948777,44.859835
642,Bighilin,bighilin,village,26.1152976,44.9965492
642,Chițorani,chitorani,village,26.1231671,44.9703467
642,Pleașa,pleasa,village,26.0714423,45.0038404
642,Valea Orlei,valea orlei,village,26.129336,44.9780654
642,Cocoșești,cocosesti,village,25.9865702,45.0047451
642,Păuleștii Noi,paulestii noi,village,25.9789581,44.9928577
642,Târgșoru Vechi,targsoru vechi,village,25.9198027,44.879641
642,Dâmbu,dambu,village,25.8877945,45.0447484
642,Schela,schela,neighbourhood,25.8443795,45.0331066
642,Breaza de Jos,breaza de jos,village,25.6757139,45.1712535
642,Breaza de Sus,breaza de sus,village,25.6556646,45.1987192
642,Frăsinet,frasinet,village,25.6762759,45.1956455
642,Irimești,irimesti,hamlet,25.6579588,45.1531783
642,Nistorești,nistoresti,village,25.6679262,45.2022009
642,Podu Corbului,podu corbului,village,25.6565808,45.2157694
642,Podu Vadului,podu vadului,village,25.6909269,45.1500537
642,Surdești,surdesti,village,25.6265108,45.1869979
642,Valea Târsei,valea tarsei,village,25.6334632,45.177102
642,Pietrișu,pietrisu,village,25.7245495,45.119279
642,Răgman,ragman,village,25.6976834,45.1336628
642,Ghioșești,ghiosesti,village,25.6273742,45.2425181
642,Podu Lung,podu lung,village,25.6474787,45.223154
642,Poiana,poiana,village,25.6545417,45.2441392
642,Posada,posada,village,25.6179104,45.2867513
642,Fefelei,fefelei,village,26.4405132,45.0123597
642,Dumbrăvești,dumbravesti,village,25.9973235,45.0906093
642,Găvănel,gavanel,village,25.9976029,45.0811903
642,Mălăeștii de Jos,malaestii de jos,village,25.9970936,45.1045415
642,Mălăeștii de Sus,malaestii de sus,village,26.0046167,45.1195151
642,Sfârleanca,sfarleanca,village,26.0101341,45.0967179
642,Groșani,grosani,village,25.9474961,45.2480007
642,Prăjani,prajani,village,25.9505145,45.2049739
642,Arioneștii Noi,arionestii noi,village,26.1989445,44.9889627
642,Arioneștii Vechi,arionestii vechi,village,26.2211309,44.9935832
642,Mărunțiș,maruntis,village,26.2758002,44.9926245
642,Orzoaia de Jos,orzoaia de jos,village,26.2284872,45.0037166
642,Orzoaia de Sus,orzoaia de sus,village,26.2344235,45.0012216
642,Valea Bobului,valea bobului,village,26.2286284,45.007099
642,Valea Crângului,valea crangului,village,26.2593406,44.9938549
642,Valea Mieilor,valea mieilor,village,26.222515,44.9680479
642,Valea Nucetului,valea nucetului,village,26.2616263,45.0117311
642,Valea Pietrei,valea pietrei,village,26.219691,45.009595
642,Valea Seman,valea seman,village,26.2942736,45.0129398
642,Valea Urloii,valea urloii,village,26.2836088,45.0097395
642,Gura Vitioarei,gura vitioarei,village,26.0293665,45.1505788
642,Bughea de Jos,bughea de jos,village,26.0197507,45.1797405
642,Făgetu,fagetu,village,26.0209007,45.1366732
642,Fundeni,fundeni,village,26.0238256,45.1168493
642,Poiana Copăceni,poiana copaceni,village,26.0691117,45.1639907
642,Adunați,adunati,village,25.5993255,45.1835573
642,Ocina de Jos,ocina de jos,village,25.6072904,45.1808928
642,Ocina de Sus,ocina de sus,village,25.5988188,45.2006021
642,Cioceni,cioceni,village,26.2823877,44.9075083
642,Vadu Părului,vadu parului,village,26.2094279,44.9306435
642,Aluniș,alunis,village,25.8887345,45.1989052
642,Ostrovu,ostrovu,village,25.9012391,45.203634
642,Apostolache,apostolache,village,26.2615013,45.128754
642,Buzota,buzota,village,26.2421456,45.1180726
642,Mârlogea,marlogea,village,26.2880065,45.1278982
642,Udrești,udresti,village,26.2860479,45.1155009
642,Valea Cricovului,valea cricovului,village,26.2481643,45.1155994
642,Ariceștii Rahtivani,aricestii rahtivani,village,25.8337032,44.9473974
642,Buda,buda,village,25.9195918,44.9657232
642,Nedelea,nedelea,village,25.8163492,44.971795
642,Târgșoru Nou,targsoru nou,village,25.8814408,44.9164458
642,Ariceștii Zeletin,aricestii zeletin,village,26.1805169,45.2194126
642,Albinari,albinari,village,26.1550916,45.2100331
642,Baba Ana,baba ana,village,26.4635062,44.9684977
642,Conduratu,conduratu,village,26.4313361,44.9719666
642,Crângurile,crangurile,hamlet,26.4879732,44.9961387
642,Satu Nou,satu nou,village,26.5322865,44.9576011
642,Balta Doamnei,balta doamnei,village,26.1745283,44.7585081
642,Bâra,bara,village,26.2401537,44.747976
642,Curcubeu,curcubeu,village,26.146759,44.7652714
642,Lacu Turcului,lacu turcului,village,26.2178837,44.7631257
642,Izești,izesti,village,26.1459878,45.1126738
642,Bertea,bertea,village,25.8690982,45.2304217
642,Lutu Roșu,lutu rosu,village,25.8216026,45.2513615
642,Boldești,boldesti,village,26.551739,44.8656301
642,Grădiștea,gradistea,village,26.5157584,44.8865709
642,Brebu Mânăstirei,brebu manastirei,village,25.7617392,45.1898923
642,Brebu Megieșesc,brebu megiesesc,village,25.7747641,45.1671131
642,Pietriceaua,pietriceaua,village,25.80632,45.2172263
642,Podu Cheii,podu cheii,village,25.7504726,45.2079075
642,Călugăreni,calugareni,village,26.3790463,45.0853389
642,Valea Scheilor,valea scheilor,village,26.3998929,45.0753797
642,Cărbunești,carbunesti,village,26.2084712,45.2206932
642,Gogeasca,gogeasca,village,26.1847127,45.240595
642,Ceptura de Jos,ceptura de jos,village,26.326321,45.0203734
642,Ceptura de Sus,ceptura de sus,village,26.3106312,45.0389385
642,Malu Roșu,malu rosu,village,26.3307971,45.0637435
642,Cerașu,cerasu,village,26.0413001,45.3252212
642,Slon,slon,village,26.0418915,45.3552127
642,Valea Borului,valea borului,village,26.0376016,45.3058421
642,Valea Brădetului,valea bradetului,village,26.0360551,45.3265382
642,Valea Lespezii,valea lespezii,village,26.0426556,45.3447477
642,Valea Tocii,valea tocii,village,26.032954,45.3188174
642,Chiojdeanca,chiojdeanca,village,26.2694904,45.1565103
642,Nucet,nucet,village,26.2879278,45.1591393
642,Trenu,trenu,village,26.2700506,45.184921
642,Cioranii de Jos,cioranii de jos,village,26.4128341,44.8207165
642,Cioranii de Sus,cioranii de sus,village,26.3954507,44.8396439
642,Cocorăștii Mislii,cocorastii mislii,village,25.9252396,45.0832958
642,Colceag,colceag,village,26.3603296,44.9436928
642,Inotești,inotesti,village,26.3579848,44.9615198
642,Parepa-Rușani,parepa-rusani,village,26.3543878,44.9022592
642,Vâlcelele,valcelele,village,26.3754233,44.9396816
642,Cornu de Sus,cornu de sus,village,25.6953209,45.1691302
642,Valea Oprii,valea oprii,hamlet,25.7054614,45.1646548
642,Cosmina de Sus,cosmina de sus,village,25.8972366,45.1734049
642,Drăghicești,draghicesti,hamlet,25.9165863,45.1668803
642,Poiana Trestiei,poiana trestiei,village,25.8719492,45.1598344
642,Cătunu,catunu,village,26.0949278,45.2518785
642,Ciocrac,ciocrac,village,26.0734242,45.2384857
642,Drajna de Jos,drajna de jos,village,26.0572519,45.2244714
642,Făget,faget,village,26.0657372,45.2520857
642,Piatra,piatra,village,26.0536467,45.213522
642,Pițigoi,pitigoi,village,26.0690927,45.2199804
642,Plai,plai,village,26.0858359,45.2194314
642,Podurile,podurile,village,26.0529347,45.2732111
642,Poiana Mierlei,poiana mierlei,village,26.1102463,45.2661306
642,Belciug,belciug,village,26.2480122,44.8188975
642,Hătcărău,hatcarau,village,26.3224578,44.8100405
642,Meri,meri,village,26.305235,44.835981
642,Tufani,tufani,village,26.3256437,44.7991037
642,Ciupelnița,ciupelnita,village,26.2348379,44.8449832
642,Cornu de Sus,cornu de sus,village,26.239257,44.8416525
642,Trestienii de Jos,trestienii de jos,village,26.232119,44.8643715
642,Trestienii de Sus,trestienii de sus,village,26.2205888,44.8806572
642,Zănoaga,zanoaga,village,26.1637507,44.8669666
642,Dițești,ditesti,village,25.7335387,44.9824308
642,Minieri,minieri,village,25.7592313,44.982587
642,Siliștea Dealului,silistea dealului,village,25.7136687,45.0154758
642,Filipeștii de Târg,filipestii de targ,village,25.7919787,44.978069
642,Brătășanca,bratasanca,village,25.8108212,44.934056
642,Ezeni,ezeni,village,25.8171091,44.9316348
642,Ungureni,ungureni,village,25.8101645,44.9397874
642,Ghinoaica,ghinoaica,village,26.3914229,45.0477878
642,Ungureni,ungureni,village,26.3855454,45.0348895
642,Vadu Săpat,vadu sapat,village,26.3869962,45.039732
642,Cap Roșu,cap rosu,village,25.7864197,45.0481281
642,Călinești,calinesti,village,25.7812309,45.0187635
642,Cătina,catina,village,25.7827083,45.0118349
642,Novăcești,novacesti,village,25.7757908,45.0260247
642,Fulga de Jos,fulga de jos,village,26.4428681,44.88152
642,Fulga de Sus,fulga de sus,village,26.4456306,44.8965839
642,Gherghița,gherghita,village,26.2699197,44.7998538
642,Fânari,fanari,village,26.1917633,44.8012169
642,Independența,independenta,village,26.222229,44.8029569
642,Malamuc,malamuc,village,26.306638,44.7957925
642,Ungureni,ungureni,village,26.2872609,44.7972253
642,Gorgota,gorgota,village,26.0875401,44.7839979
642,Crivina,crivina,village,26.0560415,44.7863565
642,Poienarii Apostoli,poienarii apostoli,village,26.0541209,44.7717149
642,Potigrafu,potigrafu,village,26.0981222,44.7852724
642,Gornet,gornet,village,26.0797807,45.118148
642,Bogdănești,bogdanesti,village,26.06793,45.1423176
642,Cuib,cuib,village,26.0770523,45.1324751
642,Nucet,nucet,village,26.097381,45.1527374
642,Gornet-Cricov,gornet-cricov,village,26.2527724,45.0749198
642,Coșerele,coserele,village,26.2503522,45.08705
642,Dobrota,dobrota,village,26.2832491,45.1002222
642,Priseaca,priseaca,village,26.2460815,45.1044261
642,Țărculești,tarculesti,village,26.2516758,45.0693685
642,Valea Seacă,valea seaca,village,26.2677773,45.1039335
642,Perșunari,persunari,village,26.4478449,45.0568184
642,Tohani,tohani,village,26.4366252,45.0642485
642,Iordăcheanu,iordacheanu,village,26.2395873,45.0461334
642,Mocești,mocesti,village,26.2412112,45.0521342
642,Plavia,plavia,village,26.2412083,45.0321238
642,Străoști,straosti,village,26.2240022,45.0408699
642,Izvoarele,izvoarele,village,26.01062,45.2811825
642,Cernești,cernesti,village,26.0279988,45.2616944
642,Chirițești,chiritesti,village,26.0238176,45.2729012
642,Homorâciu,homoraciu,village,26.0163364,45.2694045
642,Malu Vânăt,malu vanat,village,26.0222006,45.2558458
642,Schiulești,schiulesti,village,25.9540261,45.2847053
642,Jugureni,jugureni,village,26.4378351,45.0957907
642,Boboci,boboci,village,26.4122391,45.0849893
642,Marginea Pădurii,marginea padurii,village,26.416749,45.1025139
642,Valea Unghiului,valea unghiului,village,26.4220912,45.1228489
642,Lapoș,lapos,village,26.4191077,45.1519747
642,Glod,glod,village,26.448632,45.1405757
642,Lăpoșel,laposel,village,26.3944181,45.1472948
642,Pietricica,pietricica,village,26.448996,45.1641435
642,Satu Nou,satu nou,village,26.0411212,45.0645598
642,Șipotu,sipotu,village,26.0171377,45.0407597
642,Zamfira,zamfira,village,26.0085592,45.0682878
642,Coada Malului,coada malului,village,26.0338512,45.1228435
642,Lunca Prahovei,lunca prahovei,village,25.7693293,45.0471664
642,Măneciu-Ungureni,maneciu-ungureni,village,25.9922062,45.3160671
642,Chiciureni,chiciureni,village,25.9983552,45.3267727
642,Costeni,costeni,village,26.0205549,45.2990666
642,Făcăieni,facaieni,village,25.9962988,45.3047901
642,Gheaba,gheaba,village,26.0064435,45.3088309
642,Mânăstirea Suzana,manastirea suzana,village,25.9293061,45.3941595
642,Măneciu-Pământeni,maneciu-pamanteni,village,26.0023615,45.2904066
642,Plăiețu,plaietu,locality,25.9822689,45.3361439
642,Mănești,manesti,village,25.8507508,44.8666742
642,Băltița,baltita,village,25.8513377,44.8356369
642,Coada Izvorului,coada izvorului,village,25.8179355,44.8572798
642,Cocorăștii Grind,cocorastii grind,village,25.875045,44.8469172
642,Colțu de Jos,coltu de jos,village,25.9109253,44.825328
642,Ghioldum,ghioldum,village,25.8789627,44.8348481
642,Gura Crivățului,gura crivatului,village,25.8159328,44.8373216
642,Perșunari,persunari,village,25.8945023,44.8359337
642,Piatra,piatra,village,25.9411761,44.841048
642,Satu de Sus,satu de sus,village,25.8950211,44.8454009
642,Păcureți,pacureti,village,26.1325686,45.1420488
642,Bărzila,barzila,village,26.1482542,45.1398541
642,Curmătura,curmatura,village,26.1284786,45.1507311
642,Matița,matita,village,26.1635763,45.1418979
642,Slavu,slavu,village,26.1243723,45.1599562
642,Gâlmeia,galmeia,village,26.1004995,45.0355961
642,Hârșa,harsa,village,26.1605947,45.037428
642,Nisipoasa,nisipoasa,village,26.1614316,45.0196239
642,Podenii Noi,podenii noi,village,26.1712775,45.1112272
642,Ghiocel,ghiocel,village,26.1709831,45.0981709
642,Mehedința,mehedinta,village,26.1871808,45.0952303
642,Nevesteasca,nevesteasca,village,26.2201288,45.0896216
642,Podu lui Galben,podu lui galben,village,26.1526301,45.1142894
642,Popești,popesti,village,26.2338437,45.1068101
642,Rahova,rahova,village,26.203879,45.0915705
642,Sălcioara,salcioara,village,26.1893973,45.1103724
642,Sfăcăru,sfacaru,village,26.1661368,45.1078511
642,Valea Dulce,valea dulce,village,26.207872,45.1142811
642,Poienarii Burchii,poienarii burchii,village,26.0078609,44.7616682
642,Ologeni,ologeni,village,25.9503314,44.7335541
642,Piorești,pioresti,village,26.019621,44.7620695
642,Podu Văleni,podu valeni,village,25.9784813,44.7465736
642,Poienarii Rali,poienarii rali,village,26.0462489,44.7469023
642,Poienarii Vechi,poienarii vechi,village,26.0619953,44.7528443
642,Tătărăi,tatarai,village,25.9298543,44.737461
642,Bodești,bodesti,village,26.1592529,45.2649746
642,Merdeala,merdeala,hamlet,26.1413605,45.2555618
642,Nucșoara de Jos,nucsoara de jos,village,26.1007621,45.2858873
642,Poseștii Ungureni,posestii ungureni,village,26.1415584,45.2767461
642,Valea Screzii,valea screzii,village,26.1824551,45.2941935
642,Predeal,predeal,village,26.1013475,45.1881852
642,Bobicești,bobicesti,village,26.0960837,45.1913967
642,Poienile,poienile,village,26.1104305,45.174323
642,Sărari,sarari,village,26.134417,45.1907495
642,Sărățel,saratel,village,26.0949397,45.1765842
642,Tulburea,tulburea,village,26.1141929,45.2055583
642,Tulburea Văleni,tulburea valeni,village,26.1088714,45.1994348
642,Vitioara de Sus,vitioara de sus,village,26.0856789,45.1719775
642,Zâmbroaia,zambroaia,village,26.1275544,45.1989631
642,Provița de Jos,provita de jos,village,25.6699508,45.1198952
642,Drăgăneasa,draganeasa,village,25.6813779,45.1046747
642,Piatra,piatra,village,25.6825206,45.1109317
642,Provița de Sus,provita de sus,village,25.6369146,45.1365646
642,Izvoru,izvoru,village,25.6294133,45.1551493
642,Plaiu,plaiu,village,25.5945341,45.2196798
642,Valea Bradului,valea bradului,village,25.6115594,45.1650118
642,Puchenii Mari,puchenii mari,village,26.0816874,44.8241634
642,Moara,moara,village,26.0671801,44.8328359
642,Odăile,odaile,village,26.0549777,44.824696
642,Pietroșani,pietrosani,village,26.1028698,44.8363992
642,Puchenii Mici,puchenii mici,village,26.0511668,44.8282998
642,Râfov,rafov,village,26.1310059,44.8732215
642,Antofiloaia,antofiloaia,village,26.1417966,44.8622307
642,Buchilași,buchilasi,village,26.1433367,44.8742886
642,Goga,goga,village,26.141449,44.8865264
642,Mălăiești,malaiesti,village,26.1186282,44.8699521
642,Moara Domnească,moara domneasca,village,26.1490064,44.8569072
642,Sicrita,sicrita,village,26.1937661,44.8360298
642,Salcia,salcia,village,26.3254205,45.1829219
642,Sălciile,salciile,village,26.4924566,44.8165098
642,Bordenii Mari,bordenii mari,village,25.869638,45.0895083
642,Bordenii Mici,bordenii mici,village,25.8667362,45.0775156
642,Sârca,sarca,village,25.8649903,45.0845398
642,Sângeru,sangeru,village,26.3425609,45.1298731
642,Butuci,butuci,village,26.3847579,45.1579802
642,Mireșu Mare,miresu mare,village,26.3762759,45.1350016
642,Mireșu Mic,miresu mic,village,26.3681652,45.1430065
642,Piatra Mică,piatra mica,village,26.3340193,45.1640773
642,Tisa,tisa,village,26.3218692,45.1340154
642,Starchiojd,starchiojd,village,26.1880972,45.3227631
642,Brădet,bradet,village,26.1862701,45.3445084
642,Gresia,gresia,village,26.1542879,45.350193
642,Poiana Mare,poiana mare,village,26.122134,45.3225071
642,Rotarea,rotarea,village,26.2169863,45.312935
642,Zmeuret,zmeuret,village,26.1552099,45.3397346
642,Surani,surani,village,26.1912563,45.1960423
642,Păcuri,pacuri,village,26.1552604,45.1923661
642,Șirna,sirna,village,25.961923,44.8015619
642,Brătești,bratesti,village,25.9144258,44.7995533
642,Coceana,coceana,hamlet,25.9245349,44.8173071
642,Hăbud,habud,village,25.9325967,44.7772187
642,Varnița,varnita,village,25.944512,44.8071766
642,Șoimari,soimari,village,26.2112283,45.1759916
642,Lopatnița,lopatnita,village,26.2202082,45.1855838
642,Măgura,magura,village,26.1975154,45.1464645
642,Șotrile,sotrile,village,25.7154727,45.2100122
642,Lunca Mare,lunca mare,village,25.7446607,45.1997966
642,Plaiu Câmpinei,plaiu campinei,village,25.7383676,45.1866055
642,Plaiu Cornului,plaiu cornului,village,25.6838939,45.2163269
642,Seciuri,seciuri,village,25.7273484,45.2319384
642,Vistieru,vistieru,village,25.7010332,45.2228713
642,Ștefești,stefesti,village,25.9037693,45.2310519
642,Scurtești,scurtesti,village,25.8969446,45.243272
642,Târșoreni,tarsoreni,village,25.8847452,45.2577364
642,Talea,talea,village,25.5656682,45.2253117
642,Plaiu,plaiu,village,25.6218994,45.1374168
642,Tătaru,tataru,village,26.3474993,45.098578
642,Podgoria,podgoria,village,26.3091586,45.1084894
642,Siliștea,silistea,village,26.2929368,45.1068015
642,Teișani,teisani,village,26.0107449,45.2379759
642,Bughea de Sus,bughea de sus,village,25.9933809,45.2018286
642,Olteni,olteni,village,26.0346546,45.2191491
642,Ștubeiu,stubeiu,village,26.0144906,45.2189213
642,Valea Stâlpului,valea stalpului,village,26.0151653,45.2129527
642,Boșilcești,bosilcesti,village,25.8405732,45.1521993
642,Doftana,doftana,village,25.7782075,45.1405815
642,Melicești,melicesti,village,25.8117641,45.1618996
642,Țonțești,tontesti,hamlet,25.8324158,45.1264597
642,Tinosu,tinosu,village,26.0165684,44.8169154
642,Pisculești,pisculesti,village,26.0159552,44.8303656
642,Tomșani,tomsani,village,26.2943649,44.9397394
642,Magula,magula,village,26.3015012,44.9290873
642,Sătucu,satucu,village,26.2958464,44.9548134
642,Arva,arva,village,26.1608854,44.9584233
642,Radila,radila,village,26.171468,44.9238594
642,Valea Largă,valea larga,village,26.1979732,44.9634063
642,Valea Mantei,valea mantei,village,26.1632933,44.9763242
642,Valea Nicovani,valea nicovani,village,26.1906567,44.9619939
642,Valea Poienii,valea poienii,village,26.167759,44.9653304
642,Valea Ursoii,valea ursoii,village,26.1744,44.9588023
642,Vârfurile,varfurile,village,26.1520588,44.9926485
642,Teșila,tesila,village,25.7226343,45.303179
642,Trăisteni,traisteni,village,25.7266012,45.3383933
642,Coțofenești,cotofenesti,village,25.9920635,45.132519
642,Poiana Vărbilău,poiana varbilau,village,25.9890906,45.1522064
642,Cârjari,carjari,village,25.9495631,45.106941
642,Plopeni Sat,plopeni sat,village,25.9825202,45.0657103
642,Plopeni,plopeni,town,25.9532258,45.0490859
642,Trestioara,trestioara,village,25.9459247,45.1424743
642,Gura Beliei,gura beliei,village,25.6471282,45.2109971
642,Stâna,stana,village,23.1356478,47.1533458
642,Horoatu Cehului,horoatu cehului,village,23.2452163,47.4041227
642,Motiș,motis,village,23.1391095,47.4254903
642,Ulciug,ulciug,village,23.1938193,47.4337595
642,Husia,husia,village,23.2958288,47.2858882
642,Rona,rona,village,23.288205,47.2679169
642,Bic,bic,village,22.8273354,47.1920434
642,Cehei,cehei,village,22.7750675,47.2563202
642,Pusta,pusta,village,22.7237402,47.2459552
642,Agrij,agrij,village,23.1010467,47.0671158
642,Bozna,bozna,village,23.0955071,47.0830226
642,Răstolțu Deșert,rastoltu desert,village,23.1376009,47.0477269
642,Treznea,treznea,village,23.1078205,47.1056203
642,Almașu,almasu,village,23.132898,46.945452
642,Băbiu,babiu,village,23.0625186,46.9463313
642,Cutiș,cutis,village,23.0180348,46.9513236
642,Jebucu,jebucu,village,23.105306,46.8841958
642,Mesteacănu,mesteacanu,village,23.0240407,46.9655535
642,Petrinzel,petrinzel,village,23.1440365,46.9087754
642,Sfăraș,sfaras,village,23.0985891,46.9048906
642,Stana,stana,village,23.1421134,46.8869968
642,Țăudu,taudu,village,23.0528248,46.9831443
642,Cliț,clit,village,23.4299815,47.2970516
642,Piroșa,pirosa,village,23.3862921,47.3171073
642,Poienița,poienita,village,23.3525535,47.3107575
642,Bălan,balan,village,23.3076523,47.1543594
642,Chechiș,chechis,village,23.3099595,47.1748114
642,Chendrea,chendrea,village,23.2990439,47.1223592
642,Gălpâia,galpaia,village,23.2486653,47.1320078
642,Gâlgău Almașului,galgau almasului,village,23.3266636,47.1979418
642,Bănișor,banisor,village,22.8390931,47.1051092
642,Ban,ban,village,22.8040818,47.0927155
642,Peceiu,peceiu,village,22.861989,47.1242817
642,Benesat,benesat,village,23.2898,47.4128046
642,Aluniș,alunis,village,23.2755522,47.3852082
642,Biușa,biusa,village,23.2437932,47.4233169
642,Bobota,bobota,village,22.7667801,47.3823064
642,Derșida,dersida,village,22.8016994,47.3881025
642,Zalnoc,zalnoc,village,22.6866281,47.3674537
642,Bocșa,bocsa,village,22.9166746,47.2978248
642,Borla,borla,village,22.9394922,47.2800415
642,Câmpia,campia,village,22.887893,47.3149923
642,Sălăjeni,salajeni,village,22.9053957,47.3204206
642,Buciumi,buciumi,village,23.0485782,47.0446642
642,Bodia,bodia,village,23.0672414,47.0597976
642,Bogdana,bogdana,village,23.0055814,47.0213057
642,Huta,huta,village,22.9480225,47.0093007
642,Răstolț,rastolt,village,23.0754552,47.0293072
642,Sângeorgiu de Meseș,sangeorgiu de meses,village,23.0074681,47.0440995
642,Camăr,camar,village,22.6203016,47.2984289
642,Pădureni,padureni,locality,22.6360043,47.3361365
642,Carastelec,carastelec,village,22.6982096,47.2998961
642,Dumuslău,dumuslau,village,22.6755144,47.3437385
642,Chieșd,chiesd,village,22.8887747,47.3828837
642,Colonia Sighetu Silvaniei,colonia sighetu silvaniei,village,22.9138969,47.3626992
642,Sighetu Silvaniei,sighetu silvaniei,village,22.876202,47.3495712
642,Cizer,cizer,village,22.8618501,47.0673175
642,Plesca,plesca,village,22.891734,47.0844234
642,Pria,pria,village,22.8902966,47.0487825
642,Coșeiu,coseiu,village,22.9929995,47.3190298
642,Archid,archid,village,23.0135291,47.3451875
642,Chilioara,chilioara,village,23.0319179,47.331448
642,Huseni,huseni,village,22.8036274,47.1830206
642,Marin,marin,village,22.8105458,47.127535
642,Ratin,ratin,village,22.8332046,47.1741577
642,Creaca,creaca,village,23.2347137,47.1970509
642,Borza,borza,village,23.2734828,47.2197982
642,Brebi,brebi,village,23.196897,47.2077523
642,Brusturi,brusturi,village,23.2253737,47.1602463
642,Ciglean,ciglean,village,23.2445552,47.2232407
642,Jac,jac,village,23.1983193,47.1672454
642,Lupoaia,lupoaia,village,23.2510328,47.1926026
642,Prodănești,prodanesti,village,23.2675207,47.2220393
642,Viile Jacului,viile jacului,locality,23.1569472,47.1638004
642,Cristolț,cristolt,village,23.4374693,47.2084808
642,Muncel,muncel,village,23.394516,47.2241051
642,Poiana Onții,poiana ontii,village,23.4709399,47.1875424
642,Văleni,valeni,village,23.4468939,47.2291025
642,Cristur-Crișeni,cristur-criseni,village,23.0904616,47.259811
642,Gârceiu,garceiu,village,23.0642504,47.2566957
642,Cuzăplac,cuzaplac,village,23.1915821,46.9661195
642,Cubleșu,cublesu,village,23.3191199,46.9321735
642,Gălășeni,galaseni,village,23.1800336,46.8937013
642,Mierța,mierta,village,23.1808269,46.9959136
642,Petrindu,petrindu,village,23.1851834,46.920219
642,Ruginoasa,ruginoasa,village,23.2710509,46.9348372
642,Stoboru,stoboru,village,23.2890384,46.9372019
642,Tămașa,tamasa,village,23.1873395,46.9483899
642,Dobrin,dobrin,village,23.1319405,47.2953528
642,Deleni,deleni,village,23.0908328,47.3211068
642,Doba,doba,village,23.0961019,47.2908733
642,Naimon,naimon,village,23.1176546,47.3274388
642,Sâncraiu Silvaniei,sancraiu silvaniei,village,23.1352441,47.3003636
642,Verveghiu,verveghiu,village,23.110271,47.3135622
642,Dragu,dragu,village,23.3992046,47.0352199
642,Fântânele,fantanele,village,23.4130089,47.0656931
642,Ugruțiu,ugrutiu,village,23.3763606,47.0062617
642,Voivodeni,voivodeni,village,23.4262784,47.0550779
642,Fildu de Jos,fildu de jos,village,23.0579945,46.9190201
642,Fildu de Mijloc,fildu de mijloc,village,22.9967396,46.9237224
642,Fildu de Sus,fildu de sus,village,22.9637585,46.933187
642,Tetișu,tetisu,village,23.0451383,46.8975398
642,Gâlgău,galgau,village,23.701567,47.2818287
642,Bârsău Mare,barsau mare,village,23.6633076,47.2717492
642,Căpâlna,capalna,village,23.735039,47.2527632
642,Chizeni,chizeni,village,23.6396431,47.2766105
642,Dobrocina,dobrocina,village,23.7170556,47.2638287
642,Fodora,fodora,village,23.6757788,47.2645155
642,Frâncenii de Piatră,francenii de piatra,village,23.6789513,47.3218945
642,Glod,glod,village,23.6522651,47.2903788
642,Gura Vlădesei,gura vladesei,village,23.7228816,47.2668206
642,Gârbou,garbou,village,23.4175434,47.1606157
642,Bezded,bezded,village,23.4787126,47.1581798
642,Călacea,calacea,village,23.4491148,47.1187841
642,Cernuc,cernuc,village,23.473651,47.1352785
642,Fabrica,fabrica,village,23.3952287,47.2002551
642,Popteleac,popteleac,village,23.4141948,47.1345951
642,Solomon,solomon,village,23.4181114,47.1735973
642,Halmășd,halmasd,village,22.5897263,47.1573218
642,Aleuș,aleus,village,22.6309612,47.1469931
642,Cerișa,cerisa,village,22.5668831,47.1814758
642,Drighiu,drighiu,village,22.649749,47.1628537
642,Fufez,fufez,village,22.5372879,47.1576143
642,Hereclean,hereclean,village,23.002202,47.2445086
642,Badon,badon,village,22.9778391,47.2502149
642,Bocșița,bocsita,village,23.0519846,47.3058665
642,Dioșod,diosod,village,23.0209883,47.2923759
642,Guruslău,guruslau,village,22.981104,47.2771656
642,Panic,panic,village,22.9932756,47.204966
642,Hida,hida,village,23.3086824,47.0619133
642,Baica,baica,village,23.3014294,47.0765647
642,Miluani,miluani,village,23.3315214,47.014332
642,Păduriș,paduris,village,23.4123711,47.0980774
642,Racâș,racas,village,23.2960433,47.1047071
642,Sânpetru Almașului,sanpetru almasului,village,23.3386998,47.0828797
642,Stupini,stupini,village,23.382055,47.073463
642,Trestia,trestia,village,23.3353311,47.1143311
642,Horoatu Crasnei,horoatu crasnei,village,22.8990341,47.1259293
642,Hurez,hurez,village,22.9145707,47.06551
642,Stârciu,starciu,village,22.9199786,47.0874728
642,Șeredeiu,seredeiu,village,22.9516669,47.110228
642,Ileanda,ileanda,village,23.6155456,47.3272534
642,Bizușa-Băi,bizusa-bai,village,23.6036831,47.3427378
642,Bârsăuța,barsauta,village,23.694879,47.3463829
642,Dăbâceni,dabaceni,village,23.6011061,47.3029511
642,Dolheni,dolheni,village,23.6571577,47.3600129
642,Luminișu,luminisu,village,23.6080851,47.3624781
642,Măleni,maleni,hamlet,23.6370061,47.3590039
642,Negreni,negreni,village,23.5614314,47.3428865
642,Perii Vadului,perii vadului,village,23.566815,47.3499255
642,Podișu,podisu,village,23.5928287,47.3192019
642,Rogna,rogna,village,23.5928953,47.3372365
642,Șasa,sasa,village,23.6399862,47.3756277
642,Cosniciu de Jos,cosniciu de jos,village,22.5936114,47.1951799
642,Cosniciu de Sus,cosniciu de sus,village,22.6138757,47.2083521
642,Zăuan Băi,zauan bai,village,22.6447366,47.2477483
642,Ciula,ciula,village,23.4170451,47.3396812
642,Cozla,cozla,village,23.3848579,47.3484314
642,Purcăreț,purcaret,village,23.4373717,47.3719485
642,Șoimușeni,soimuseni,village,23.3775683,47.3360672
642,Toplița,toplita,village,23.4711658,47.358113
642,Vălișoara,valisoara,village,23.4027963,47.3789711
642,Lozna,lozna,village,23.4697843,47.3212362
642,Cormeniș,cormenis,village,23.5167469,47.3519941
642,Preluci,preluci,village,23.4643424,47.3107733
642,Valea Leșului,valea lesului,village,23.4798357,47.3306889
642,Valea Loznei,valea loznei,village,23.4934754,47.2606609
642,Marca,marca,village,22.5552539,47.2154472
642,Leșmir,lesmir,village,22.5747375,47.2565872
642,Marca-Huta,marca-huta,village,22.5033853,47.1886077
642,Șumal,sumal,village,22.5628636,47.2817314
642,Măeriște,maeriste,village,22.7929085,47.3235163
642,Criștelec,cristelec,village,22.7231701,47.2637507
642,Doh,doh,village,22.7185763,47.3297756
642,Giurtelecu Șimleului,giurtelecu simleului,village,22.7953811,47.2969152
642,Mălădia,maladia,village,22.7418589,47.2986232
642,Uileacu Șimleului,uileacu simleului,village,22.7536007,47.2791377
642,Meseșenii de Jos,mesesenii de jos,village,22.9479289,47.1529824
642,Aghireș,aghires,village,23.0176356,47.1616399
642,Fetindia,fetindia,village,23.0153363,47.1413646
642,Meseșenii de Sus,mesesenii de sus,village,22.9844071,47.1267209
642,Firminiș,firminis,village,23.1365015,47.2459424
642,Moigrad-Porolissum,moigrad-porolissum,village,23.1438749,47.1970167
642,Năpradea,napradea,village,23.3185054,47.3646527
642,Cheud,cheud,village,23.3161169,47.3837447
642,Someș-Guruslău,somes-guruslau,village,23.2973044,47.3114428
642,Traniș,tranis,village,23.3064858,47.3331696
642,Vădurele,vadurele,village,23.3417154,47.3318349
642,Bilghez,bilghez,village,22.7106409,47.2296534
642,Bozieș,bozies,village,22.7153128,47.1571044
642,Pericei,pericei,village,22.8641694,47.2314018
642,Bădăcin,badacin,village,22.8545623,47.2559496
642,Periceiu Mic,periceiu mic,village,22.9093323,47.2409095
642,Sici,sici,village,22.8777087,47.2574741
642,Plopiș,plopis,village,22.6542811,47.1282122
642,Făgetu,fagetu,village,22.5845093,47.095244
642,Iaz,iaz,village,22.6884172,47.1192898
642,Poiana Blenchii,poiana blenchii,village,23.7492214,47.3069672
642,Fălcușa,falcusa,village,23.781446,47.2794044
642,Gostila,gostila,village,23.8042167,47.3235612
642,Măgura,magura,village,23.7055895,47.3150882
642,Românași,romanasi,village,23.1832717,47.1116137
642,Chichișa,chichisa,village,23.1938262,47.1341331
642,Ciumărna,ciumarna,village,23.1324674,47.1241334
642,Păușa,pausa,village,23.1480456,47.0855234
642,Poarta Sălajului,poarta salajului,village,23.1912134,47.0878898
642,Romita,romita,village,23.2086868,47.1447923
642,Rus,rus,village,23.5943949,47.2740549
642,Buzaș,buzas,village,23.5791236,47.3069335
642,Fântânele-Rus,fantanele-rus,village,23.5586904,47.2519611
642,Hășmaș,hasmas,village,23.6072175,47.1915488
642,Șimișna,simisna,village,23.623695,47.2320241
642,Sălățig,salatig,village,23.1397488,47.3660234
642,Mineu,mineu,village,23.095826,47.345148
642,Noțig,notig,village,23.2162164,47.3651769
642,Mal,mal,village,22.8146583,47.0698513
642,Sârbi,sarbi,village,22.7944044,47.0668811
642,Sânmihaiu Almașului,sanmihaiu almasului,village,23.268106,47.0368526
642,Bercea,bercea,village,23.1868923,47.0248291
642,Sântă Măria,santa maria,village,23.2030022,47.0413039
642,Someș-Odorhei,somes-odorhei,village,23.2681312,47.3234528
642,Bârsa,barsa,village,23.2104478,47.325266
642,Domnin,domnin,village,23.1891999,47.3337975
642,Inău,inau,village,23.2599735,47.3597344
642,Șoimuș,soimus,village,23.1862957,47.2992041
642,Brâglez,braglez,village,23.381601,47.2179332
642,Cristolțel,cristoltel,village,23.4047033,47.244381
642,Solona,solona,village,23.4086586,47.2638146
642,Teștioara,testioara,village,23.4256556,47.2538806
642,Tihău,tihau,village,23.3294531,47.2265615
642,Turbuța,turbuta,village,23.3128072,47.2480261
642,Șamșud,samsud,village,22.9535274,47.3457986
642,Valea Pomilor,valea pomilor,village,22.9539341,47.3188861
642,Șărmășag,sarmasag,village,22.8320051,47.3451444
642,Ilișua,ilisua,village,22.8396628,47.2974302
642,Lompirt,lompirt,village,22.8455642,47.323021
642,Moiad,moiad,village,22.8020084,47.3409533
642,Poiana Măgura,poiana magura,village,22.8098246,47.2806758
642,Țărmure,tarmure,hamlet,22.7574291,47.353532
642,Valcău de Jos,valcau de jos,village,22.7382311,47.1290758
642,Lazuri,lazuri,village,22.7510185,47.0991363
642,Preoteasa,preoteasa,village,22.7240855,47.0831788
642,Ratovei,ratovei,village,22.7662052,47.12917
642,Sub Cetate,sub cetate,village,22.702533,47.1069917
642,Valcău de Sus,valcau de sus,village,22.7298803,47.1144969
642,Recea,recea,village,22.9460732,47.1960486
642,Recea Mică,recea mica,village,22.9729817,47.1893833
642,Zalha,zalha,village,23.5279927,47.1942744
642,Ceaca,ceaca,village,23.559523,47.1968126
642,Ciureni,ciureni,village,23.5384359,47.202423
642,Valea Ciurenilor,valea ciurenilor,village,23.5221142,47.2251665
642,Valea Hranei,valea hranei,village,23.5533209,47.2246971
642,Valea Lungă,valea lunga,village,23.51409,47.1667281
642,Vârteșca,vartesca,village,23.504271,47.1749327
642,Zimbor,zimbor,village,23.2633625,47.0024846
642,Chendremal,chendremal,village,23.2630356,47.0114234
642,Dolu,dolu,village,23.3260212,46.9872054
642,Sutoru,sutoru,village,23.2500229,46.9871398
642,Sâncraiu Almașului,sancraiu almasului,village,23.3489958,46.9560892
642,Ianculești,ianculesti,village,22.4217671,47.6337525
642,Căpleni,capleni,village,22.4990723,47.7072809
642,Cămin,camin,village,22.4798739,47.7283606
642,Luna,luna,village,23.4376759,47.849236
642,Tur,tur,village,23.3904459,47.8823137
642,Blaja,blaja,village,22.5551053,47.4589223
642,Rațiu,ratiu,village,22.6090648,47.4398841
642,Sărăuad,sarauad,village,22.6255926,47.4794432
642,Valea Morii,valea morii,village,22.5432258,47.4961998
642,Acâș,acas,village,22.7843354,47.5390572
642,Ganaș,ganas,locality,22.6980072,47.5192754
642,Mihăieni,mihaieni,village,22.7365369,47.5623725
642,Unimăt,unimat,village,22.7453475,47.5050179
642,Andrid,andrid,village,22.3382367,47.5143249
642,Dindești,dindesti,village,22.3792648,47.5343363
642,Irina,irina,village,22.4034168,47.5533396
642,Apa,apa,village,23.1994946,47.7627283
642,Lunca Apei,lunca apei,village,23.1630733,47.7412089
642,Someșeni,someseni,village,23.2064103,47.7440889
642,Ardud-Vii,ardud-vii,village,22.9361731,47.6460783
642,Baba Novac,baba novac,village,22.7930386,47.649215
642,Sărătura,saratura,village,22.9409916,47.6255757
642,Bătarci,batarci,village,23.1510964,48.0356358
642,Comlăușa,comlausa,village,23.1558065,48.0523496
642,Șirlău,sirlau,village,23.1286118,48.0588243
642,Tămășeni,tamaseni,village,23.1354285,48.0153653
642,Beltiug,beltiug,village,22.8428066,47.5492272
642,Bolda,bolda,village,22.9181165,47.5324561
642,Ghirișa,ghirisa,village,22.7934948,47.5959646
642,Giungi,giungi,village,22.7754673,47.5732192
642,Berveni,berveni,village,22.4728754,47.7559723
642,Lucăceni,lucaceni,village,22.4759584,47.7427569
642,Boinești,boinesti,village,23.3511749,47.915674
642,Trip,trip,village,23.3764845,47.9245019
642,Bârsău de Sus,barsau de sus,village,23.2213883,47.5923294
642,Bârsău de Jos,barsau de jos,village,23.2637564,47.5951833
642,Bogdand,bogdand,village,22.9393971,47.4146815
642,Babța,babta,village,22.9428265,47.4577835
642,Corund,corund,village,22.8692186,47.422185
642,Ser,ser,village,22.9632896,47.3783241
642,Agriș,agris,village,23.0034027,47.8807504
642,Ciuperceni,ciuperceni,village,23.0034636,47.8667821
642,Coca,coca,village,23.2652471,47.8991272
642,Lechința,lechinta,village,23.2982317,47.9231341
642,Pășunea Mare,pasunea mare,village,23.2322906,47.8827474
642,Cămărzana,camarzana,village,23.3076348,47.9947222
642,Căuaș,cauas,village,22.5441587,47.5692682
642,Ady Endre,ady endre,village,22.6165724,47.5817175
642,Ghenci,ghenci,village,22.5294208,47.6298026
642,Ghilești,ghilesti,village,22.5857411,47.5408997
642,Hotoan,hotoan,village,22.4886298,47.556285
642,Rădulești,radulesti,village,22.5682314,47.6018942
642,Cehăluț,cehalut,village,22.5656699,47.4265555
642,Cehal,cehal,village,22.5946859,47.3843237
642,Orbău,orbau,village,22.6321215,47.4113135
642,Moișeni,moiseni,village,23.4683286,47.9279842
642,Crișeni,criseni,village,22.6803181,47.6393097
642,Țeghea,teghea,village,22.7357842,47.586613
642,Crucișor,crucisor,village,23.2381641,47.6884977
642,Iegheriște,iegheriste,village,23.2627198,47.6578048
642,Poiana Codrului,poiana codrului,village,23.2505647,47.6266685
642,Culciu Mare,culciu mare,village,23.0604114,47.7554558
642,Apateu,apateu,village,22.994906,47.7728945
642,Cărășeu,caraseu,village,23.0979789,47.7412604
642,Corod,corod,village,23.0128883,47.7631009
642,Culciu Mic,culciu mic,village,23.0368361,47.7645509
642,Lipău,lipau,village,23.132557,47.7174968
642,Boghiș,boghis,village,22.673713,47.7595854
642,Dacia,dacia,village,22.6567026,47.7333709
642,Traian,traian,village,22.6962387,47.768355
642,Dorolț,dorolt,village,22.8125962,47.8434926
642,Atea,atea,village,22.7886629,47.8709043
642,Dara,dara,village,22.7521633,47.8163622
642,Foieni,foieni,village,22.3842253,47.6971141
642,Gherța Mică,gherta mica,village,23.2216943,47.9372376
642,Băbești,babesti,village,23.0794822,47.9689278
642,Cidreag,cidreag,village,22.9620817,47.9860505
642,Dobolț,dobolt,village,23.0382591,47.9835777
642,Halmeu Vii,halmeu vii,village,23.1048101,48.0176064
642,Mesteacăn,mesteacan,village,23.0207744,47.9444431
642,Porumbești,porumbesti,village,22.9807637,47.9830464
642,Hodod,hodod,village,23.0250179,47.4025956
642,Giurtelecu Hododului,giurtelecu hododului,village,23.0929499,47.4165533
642,Lelei,lelei,village,23.0681638,47.3758553
642,Nadișu Hododului,nadisu hododului,village,22.9991763,47.3997952
642,Homorodu de Mijloc,homorodu de mijloc,village,23.0636967,47.6291475
642,Chilia,chilia,village,23.0760909,47.6420531
642,Homorodu de Jos,homorodu de jos,village,23.0840901,47.665496
642,Homorodu de Sus,homorodu de sus,village,23.0546568,47.616537
642,Necopoi,necopoi,village,23.0652919,47.6832393
642,Lazuri,lazuri,village,22.8708361,47.85426
642,Bercu,bercu,village,22.8889559,47.914795
642,Nisipeni,nisipeni,village,22.9034235,47.9026069
642,Noroieni,noroieni,village,22.8875118,47.8867398
642,Peleș,peles,village,22.8199778,47.8848993
642,Pelișor,pelisor,village,22.8602738,47.9051059
642,Adrian,adrian,village,23.127155,47.9036912
642,Dumbrava,dumbrava,village,23.0806029,47.8441784
642,Livada Mică,livada mica,village,23.1162236,47.8444624
642,Medieșu Aurit,mediesu aurit,village,23.1364319,47.7895851
642,Băbășești,babasesti,village,23.0992139,47.77594
642,Iojib,iojib,village,23.1560337,47.816172
642,Medieș-Râturi,medies-raturi,village,23.2072935,47.8097405
642,Medieș-Vii,medies-vii,village,23.2398738,47.8225967
642,Potău,potau,village,23.1209012,47.7567273
642,Românești,romanesti,village,23.1154312,47.7908212
642,Micula,micula,village,22.9505493,47.9002518
642,Bercu Nou,bercu nou,village,22.9293623,47.9335729
642,Micula Nouă,micula noua,village,22.9296473,47.9167932
642,Domănești,domanesti,village,22.5897513,47.7107082
642,Ghilvaci,ghilvaci,village,22.6708158,47.6783896
642,Ghirolt,ghirolt,village,22.6233438,47.6093057
642,Istrău,istrau,village,22.6471192,47.6230959
642,Moftinu Mare,moftinu mare,village,22.6588437,47.6752882
642,Sânmiclăuș,sanmiclaus,village,22.6067838,47.6384573
642,Berindan,berindan,village,23.0122193,47.7851645
642,Cucu,cucu,locality,22.9661397,47.7862122
642,Eteni,eteni,locality,23.0584872,47.7809889
642,Mărtinești,martinesti,village,22.9404928,47.7864812
642,Vânătorești,vanatoresti,village,23.0043674,47.8315812
642,Orașu Nou,orasu nou,village,23.291718,47.8355298
642,Orașu Nou-Vii,orasu nou-vii,village,23.2697745,47.807975
642,Prilog,prilog,village,23.3190114,47.8510471
642,Prilog-Vii,prilog-vii,village,23.278789,47.8600302
642,Racșa,racsa,village,23.3345073,47.8207234
642,Racșa-Vii,racsa-vii,village,23.3038866,47.7923252
642,Remetea Oașului,remetea oasului,village,23.3175777,47.8758967
642,Ambud,ambud,village,22.9437156,47.7715695
642,Hrip,hrip,village,22.9858225,47.7218076
642,Petin,petin,village,22.9673939,47.7724532
642,Rușeni,ruseni,village,22.9466735,47.711863
642,Petrești,petresti,village,22.3673812,47.6068637
642,Dindeștiu Mic,dindestiu mic,village,22.3520533,47.5729906
642,Pir,pir,village,22.3715921,47.4600425
642,Piru Nou,piru nou,village,22.3910743,47.4838441
642,Sărvăzel,sarvazel,village,22.4169773,47.4560797
642,Resighea,resighea,village,22.2956379,47.5967936
642,Scărișoara Nouă,scarisoara noua,village,22.2292415,47.61604
642,Aciua,aciua,village,23.3639013,47.6814105
642,Bicău,bicau,village,23.286661,47.6627029
642,Sanislău,sanislau,village,22.325098,47.6369824
642,Berea,berea,village,22.3408118,47.6698512
642,Ciumești,ciumesti,village,22.340688,47.6638203
642,Horea,horea,village,22.2357399,47.6847017
642,Marna Nouă,marna noua,village,22.3928362,47.658002
642,Viișoara,viisoara,village,22.2965101,47.7097618
642,Santău,santau,village,22.5109948,47.5103406
642,Chereușa,chereusa,village,22.4512962,47.4915983
642,Sudurău,sudurau,village,22.4575167,47.5326104
642,Săcășeni,sacaseni,village,22.6856373,47.479955
642,Chegea,chegea,village,22.6798193,47.4593341
642,Săuca,sauca,village,22.4953234,47.4702612
642,Becheni,becheni,village,22.4489624,47.452434
642,Chisău,chisau,village,22.4446037,47.4614528
642,Silvaș,silvas,village,22.5226248,47.4738528
642,Stâna,stana,village,22.9642335,47.5075709
642,Dobra,dobra,village,22.8276216,47.4947655
642,Giorocuta,giorocuta,village,22.7976937,47.4322568
642,Hurezu Mare,hurezu mare,village,22.8383772,47.4652316
642,Racova,racova,village,22.8870781,47.4623143
642,Sechereșa,secheresa,village,22.7423245,47.4525782
642,Supuru de Sus,supuru de sus,village,22.765492,47.4335685
642,Tarna Mare,tarna mare,village,23.1993123,48.091388
642,Bocicău,bocicau,village,23.1555126,48.0969643
642,Valea Seacă,valea seaca,village,23.1648862,48.0807969
642,Văgaș,vagas,locality,23.2599118,48.0650729
642,Aliza,aliza,village,22.7310312,47.695423
642,Tiream,tiream,village,22.4728058,47.6137847
642,Portița,portita,village,22.4144542,47.5688006
642,Vezendiu,vezendiu,village,22.4325364,47.5739974
642,Târșolț,tarsolt,village,23.3489881,47.9542828
642,Aliceni,aliceni,village,23.3065868,47.9645939
642,Turț,turt,village,23.2000194,47.9898103
642,Gherța Mare,gherta mare,village,23.2085319,47.9688406
642,Turț-Băi,turt-bai,hamlet,23.2539266,48.0238409
642,Turulung,turulung,village,23.0843478,47.9327773
642,Drăgușeni,draguseni,village,23.0777981,47.9054062
642,Turulung Vii,turulung vii,village,23.1493036,47.9323603
642,Urziceni Pădure,urziceni padure,village,22.3440819,47.7436297
642,Valea Vinului,valea vinului,village,23.1882566,47.7200059
642,Măriuș,marius,village,23.184556,47.665777
642,Roșiori,rosiori,village,23.2441892,47.7128127
642,Sâi,sai,village,23.1203913,47.683087
642,Oar,oar,village,22.7308516,47.8056935
642,Cionchești,cionchesti,village,22.9137905,47.7010405
642,Tătărești,tataresti,village,23.0068822,47.6828429
642,Tireac,tireac,village,23.036394,47.6937657
642,Tudor Vladimirescu,tudor vladimirescu,village,28.7995364,45.1867457
642,Tichilești,tichilesti,village,28.3591955,45.2634842
642,Camena,camena,village,28.6079229,44.8099878
642,Caugagia,caugagia,village,28.6657698,44.7920426
642,Neatârnarea,neatarnarea,village,28.5066871,44.7458887
642,Sarighiol de Deal,sarighiol de deal,village,28.5138318,44.6996014
642,C.A. Rosetti,c a rosetti,village,29.5682453,45.2934785
642,Cardon,cardon,hamlet,29.6242566,45.2379915
642,Periprava,periprava,village,29.5471838,45.4017805
642,Sfiștofca,sfistofca,hamlet,29.5957496,45.2982468
642,Carcaliu,carcaliu,village,28.1486955,45.1868804
642,Cișmeaua Nouă,cismeaua noua,village,28.3334732,44.8006537
642,Corugea,corugea,village,28.3395439,44.7356511
642,Haidar,haidar,hamlet,28.2785534,44.7726882
642,Războieni,razboieni,village,28.4197272,44.765223
642,Stânca,stanca,hamlet,28.2905151,44.7454734
642,Ceatalchioi,ceatalchioi,village,28.7936599,45.288554
642,Pătlăgeanca,patlageanca,village,28.7459819,45.2291765
642,Plauru,plauru,village,28.8293668,45.3235812
642,Sălceni,salceni,hamlet,28.7630863,45.2744445
642,General Praporgescu,general praporgescu,village,28.3754065,45.0142954
642,Mircea Vodă,mircea voda,village,28.3552376,45.0370265
642,Traian,traian,village,28.235177,45.0287564
642,Câșlița,caslita,hamlet,29.2984784,45.3557768
642,Ostrovu Tătaru,ostrovu tataru,hamlet,29.2312879,45.3879687
642,Tatanir,tatanir,hamlet,29.0333219,45.3511306
642,Atmagea,atmagea,village,28.4346997,44.9654851
642,Fântâna Mare,fantana mare,village,28.4965626,44.8613474
642,Crișan,crisan,village,29.389012,45.1735502
642,Dorobanțu,dorobantu,village,28.2872066,44.9591339
642,Ardealu,ardealu,hamlet,28.3167795,44.9733116
642,Cârjelari,carjelari,village,28.34115,44.962669
642,Fântâna Oilor,fantana oilor,village,28.2531604,44.9233116
642,Meșteru,mesteru,village,28.3050053,44.9263387
642,Balabancea,balabancea,village,28.406097,45.0693999
642,Căprioara,caprioara,village,28.4048121,45.1232459
642,Horia,horia,village,28.4522336,45.0267965
642,Cloșca,closca,village,28.476579,45.009343
642,Florești,floresti,village,28.4497809,45.0737418
642,Izvoarele,izvoarele,village,28.5359913,45.0380072
642,Alba,alba,village,28.518481,45.06431
642,Iulia,iulia,village,28.5435542,45.0160522
642,Valea Teilor,valea teilor,village,28.4878281,45.1120107
642,Rachelu,rachelu,village,28.3234905,45.2866741
642,Văcăreni,vacareni,village,28.1949727,45.3256506
642,Mahmudia,mahmudia,village,29.0875986,45.0860739
642,Băltenii de Jos,baltenii de jos,village,29.0565479,45.1199105
642,Băltenii de Sus,baltenii de sus,village,29.0014326,45.1249606
642,Beștepe,bestepe,village,29.015554,45.0926339
642,Mihai Bravu,mihai bravu,village,28.6570236,44.9480057
642,Satu Nou,satu nou,village,28.6840799,44.956204
642,Turda,turda,village,28.6235267,44.9755807
642,Lăstuni,lastuni,village,28.6969784,45.0271811
642,Rândunica,randunica,village,28.750907,45.000796
642,Uzlina,uzlina,hamlet,29.2250668,45.0755045
642,Trestenic,trestenic,village,28.589886,45.0788838
642,Nufăru,nufaru,village,28.9203166,45.150433
642,Ilganii de Jos,ilganii de jos,village,28.922176,45.1560303
642,Malcoci,malcoci,village,28.8870337,45.1391498
642,Victoria,victoria,village,28.9670599,45.1282743
642,Piatra,piatra,hamlet,28.142719,44.8978067
642,Pardina,pardina,village,28.9569324,45.3064322
642,Peceneaga,peceneaga,village,28.1487232,45.0084884
642,Visterna,visterna,village,28.7713437,44.8597127
642,Zebil,zebil,village,28.7678516,44.9465435
642,Slava Cercheză,slava cercheza,village,28.5528064,44.9012789
642,Slava Rusă,slava rusa,village,28.6096229,44.8509863
642,Smârdan,smardan,village,28.0059929,45.2846195
642,Parcheș,parches,village,28.5921224,45.2144083
642,Mina Altân Tepe,mina altan tepe,village,28.5657289,44.7887271
642,Calfa,calfa,village,28.3499669,44.8266763
642,Luminița,luminita,village,28.3306753,44.8947207
642,Măgurele,magurele,village,28.2348152,44.9027073
642,Sâmbăta Nouă,sambata noua,village,28.4023805,44.8393719
642,I.C. Brătianu,i c bratianu,village,28.0533244,45.4064805
642,Moldoveni,moldoveni,village,24.7280179,43.7777179
642,Lița,lita,village,24.8215726,43.7954452
642,Coșoaia,cosoaia,village,25.6253187,44.277922
642,Crevenicu,crevenicu,village,25.5866859,44.2447262
642,Burdeni,burdeni,village,24.9456859,44.3703261
642,Tecuci,tecuci,village,24.8585133,44.3424995
642,Băbăița,babaita,village,25.3833103,44.1614995
642,Clănița,clanita,village,25.3739667,44.195774
642,Frăsinet,frasinet,village,25.3823842,44.1803836
642,Merișani,merisani,village,25.3998049,44.1166876
642,Blejești,blejesti,village,25.47568,44.2924682
642,Baciu,baciu,village,25.4435571,44.3313901
642,Sericu,sericu,village,25.4380882,44.2855202
642,Bogdana,bogdana,village,25.103415,43.9160913
642,Broșteanca,brosteanca,village,25.0740292,43.9410513
642,Ulmeni,ulmeni,village,25.1029925,43.9024039
642,Urluiu,urluiu,village,25.0551266,43.9555927
642,Călugăru,calugaru,village,25.4944995,44.1496808
642,Târnava,tarnava,village,25.5662302,44.1407082
642,Tunari,tunari,village,25.5894455,44.1367855
642,Valea Cireșului,valea ciresului,village,25.5645089,44.1670292
642,Antonești,antonesti,village,25.1831946,44.1166426
642,Licuriciu,licuriciu,village,25.1964346,44.0978336
642,Marița,marita,village,25.220983,44.1168667
642,Călmățuiu,calmatuiu,village,24.8652024,43.9694952
642,Bujoru,bujoru,village,24.8501656,43.9585871
642,Caravaneți,caravaneti,village,24.876247,43.9555052
642,Nicolae Bălcescu,nicolae balcescu,village,24.8328704,43.9597146
642,Călmățuiu de Sus,calmatuiu de sus,village,24.8139123,44.0291141
642,Băcălești,bacalesti,village,24.8163598,44.0599679
642,Ionașcu,ionascu,village,24.8171741,44.0430414
642,Ciolăneștii din Deal,ciolanestii din deal,village,25.0891305,44.3048589
642,Baldovinești,baldovinesti,village,25.0588791,44.3395199
642,Ciolăneștii din Vale,ciolanestii din vale,village,25.1032266,44.2962253
642,Cosmești,cosmesti,village,25.3935242,44.2952795
642,Ciuperceni,ciuperceni,village,25.3786112,44.3176027
642,Crângeni,crangeni,village,24.7994527,44.0227627
642,Balta Sărată,balta sarata,village,24.8253707,44.0138967
642,Dorobanțu,dorobantu,village,24.8263945,43.992471
642,Stejaru,stejaru,village,24.7806321,44.0249055
642,Crângu,crangu,village,25.0734991,43.8461107
642,Dracea,dracea,village,25.0460012,43.8514222
642,Florica,florica,village,25.0195974,43.890625
642,Secara,secara,village,25.0889264,43.8436877
642,Zlata,zlata,village,25.0224613,43.8749154
642,Didești,didesti,village,24.8880575,44.2154732
642,Însurăței,insuratei,village,24.8852202,44.2328124
642,Satu Nou,satu nou,village,24.8809839,44.2214579
642,Dobrotești,dobrotesti,village,24.8864349,44.2774243
642,Merișani,merisani,village,24.8755039,44.251899
642,Drăcșenei,dracsenei,village,24.9824787,44.225274
642,Beuca,beuca,village,24.9663685,44.2519989
642,Drăcșani,dracsani,village,24.9930179,44.2132609
642,Plopi,plopi,village,24.9888401,44.2813179
642,Drăgănești de Vede,draganesti de vede,village,25.0566629,44.1290929
642,Măgura cu Liliac,magura cu liliac,village,25.0664267,44.1289881
642,Văcărești,vacaresti,village,25.0212303,44.1344779
642,Comoara,comoara,village,25.5076697,44.1130285
642,Furculești,furculesti,village,25.142846,43.8720151
642,Moșteni,mosteni,village,25.1419033,43.8613654
642,Spătărei,spatarei,village,25.1300726,43.8888477
642,Voievoda,voievoda,village,25.1375075,43.8414986
642,Păuleasca,pauleasca,village,25.4560378,43.8129602
642,Gălăteni,galateni,village,25.3588633,44.2273936
642,Bâscoveni,bascoveni,village,25.3599826,44.2444352
642,Grădișteanca,gradisteanca,village,25.3751384,44.2028978
642,Gratia,gratia,village,25.4479795,44.4388716
642,Ciurari-Deal,ciurari-deal,village,25.4491793,44.4310796
642,Drăghinești,draghinesti,village,25.4260904,44.4313019
642,Lisa,lisa,village,25.1429119,43.7928087
642,Vânători,vanatori,village,25.1536889,43.7530354
642,Lunca,lunca,village,24.7692523,43.839387
642,Pleașov,pleasov,village,24.7488615,43.849714
642,Prundu,prundu,village,24.6919569,43.8239427
642,Saelele,saelele,village,24.7278926,43.8557665
642,Nenciulești,nenciulesti,village,25.2000956,44.0349487
642,Păru Rotund,paru rotund,village,25.1696251,44.0426541
642,Măgura,magura,village,25.3952451,44.022633
642,Guruieni,guruieni,village,25.3965608,44.0584549
642,Măldăeni,maldaeni,village,24.9222091,44.1194184
642,Merenii de Jos,merenii de jos,village,25.643463,44.232137
642,Merenii de Sus,merenii de sus,village,25.6210303,44.2283932
642,Ștefeni,stefeni,village,25.6669683,44.225851
642,Moșteni,mosteni,village,25.5085443,44.1978737
642,Zimnicele,zimnicele,village,25.4129129,43.6612636
642,Necșești,necsesti,village,25.1493751,44.2518057
642,Belciug,belciug,village,25.1180809,44.2681771
642,Gârdești,gardesti,village,25.1293029,44.262567
642,Orbeasca de Jos,orbeasca de jos,village,25.3295162,44.1217665
642,Piatra,piatra,village,25.1662885,43.8099934
642,Plosca,plosca,village,25.1487501,44.0236626
642,Plopii-Slăvitești,plopii-slavitesti,village,24.6836357,43.9628745
642,Beciu,beciu,village,24.6657101,44.0042925
642,Bârseștii de Jos,barsestii de jos,village,24.6539801,44.016541
642,Brâncoveanca,brancoveanca,village,24.6927339,43.9402124
642,Dudu,dudu,village,24.6767511,43.9783967
642,Smârdan,smardan,village,24.665199,44.01734
642,Poeni,poeni,village,25.3436226,44.4012835
642,Banov,banov,village,25.3403364,44.4449195
642,Brătești,bratesti,village,25.3088243,44.4320223
642,Cătunu,catunu,village,25.3228433,44.4233883
642,Preajba,preajba,village,25.3591011,44.4339071
642,Țăvârlău,tavarlau,village,25.3368503,44.4543962
642,Vătași,vatasi,village,25.3566014,44.4430943
642,Schitu Poienari,schitu poienari,village,25.4776948,43.9888078
642,Siliștea,silistea,village,25.4736993,43.9941164
642,Putineiu,putineiu,village,24.9665937,43.9035351
642,Băduleasa,baduleasa,village,24.9831158,43.922605
642,Cârlomanu,carlomanu,village,24.9597268,43.9164647
642,Răsmirești,rasmiresti,village,25.5612216,43.9963555
642,Ludăneasca,ludaneasca,village,25.5801124,44.0030759
642,Salcia,salcia,village,24.9237712,43.9373421
642,Băneasa,baneasa,village,24.9512422,43.9397251
642,Tudor Vladimirescu,tudor vladimirescu,village,24.9061578,43.9476058
642,Săceni,saceni,village,25.0646339,44.2299276
642,Ciurari,ciurari,village,25.0456911,44.2545415
642,Cucueți,cucueti,village,24.9482609,44.1843249
642,Viile,viile,hamlet,24.9301457,44.1640972
642,Scurtu Mare,scurtu mare,village,25.2701986,44.3424671
642,Albeni,albeni,village,25.2601496,44.3974515
642,Drăcești,dracesti,village,25.2447859,44.3678952
642,Negrilești,negrilesti,village,25.2512382,44.3340154
642,Scurtu-Slăvești,scurtu-slavesti,village,25.2521129,44.347826
642,Valea Poștei,valea postei,village,25.2753741,44.3258323
642,Seaca,seaca,village,25.0542687,43.7566214
642,Năvodari,navodari,village,25.0940977,43.7420757
642,Sfințești,sfintesti,village,25.0993805,44.1904166
642,Segarcea-Vale,segarcea-vale,village,24.8064953,43.8168053
642,Olteanca,olteanca,village,24.7951956,43.8300275
642,Segarcea-Deal,segarcea-deal,village,24.8402009,43.8254761
642,Siliștea,silistea,village,25.3574344,44.3727162
642,Butești,butesti,village,25.3802593,44.3905186
642,Purani,purani,village,25.4252754,44.3612473
642,Puranii de Sus,puranii de sus,village,25.4012942,44.3681271
642,Siliștea Mică,silistea mica,village,25.3114017,44.3574274
642,Siliștea-Gumești,silistea-gumesti,village,25.0148034,44.3800828
642,Sârbenii de Jos,sarbenii de jos,village,25.4087833,44.4631488
642,Sârbeni,sarbeni,village,25.3848917,44.4724151
642,Udeni,udeni,village,25.4296369,44.4638542
642,Slobozia Mândra,slobozia mandra,village,24.6991431,43.9157624
642,Uda-Clocociov,uda-clocociov,village,24.7143671,43.8879139
642,Uda-Paciurea,uda-paciurea,village,24.7237875,43.8797931
642,Șoimu,soimu,village,25.4442195,43.8325786
642,Bratcovu,bratcovu,village,24.868723,44.1576805
642,Gresia,gresia,village,24.9186551,44.1712566
642,Suhaia,suhaia,village,25.2529148,43.7395259
642,Fântânele,fantanele,village,25.2926524,43.7210353
642,Beiu,beiu,village,25.4557941,43.8740977
642,Talpa-Ogrăzile,talpa-ograzile,village,25.2932824,44.2872598
642,Linia Costii,linia costii,village,25.3132028,44.2779061
642,Rotărești,rotaresti,village,25.3272807,44.2575665
642,Talpa-Bâscoveni,talpa-bascoveni,village,25.3235218,44.2706717
642,Talpa Poștei,talpa postei,village,25.2883595,44.3101315
642,Tătărăștii de Jos,tatarastii de jos,village,25.1772095,44.3750145
642,Lada,lada,village,25.2121143,44.3194626
642,Negreni,negreni,village,25.1954603,44.4104159
642,Negrenii de Sus,negrenii de sus,village,25.1854743,44.4194149
642,Negrenii-Osebiți,negrenii-osebiti,village,25.1975154,44.4019166
642,Obârtu,obartu,village,25.1869088,44.3195977
642,Slăvești,slavesti,village,25.1976843,44.3410609
642,Tătărăștii de Sus,tatarastii de sus,village,25.1219703,44.4067635
642,Dobreni,dobreni,village,25.1275857,44.4214568
642,Udupu,udupu,village,25.1411767,44.395909
642,Traian,traian,village,25.0034176,43.7665139
642,Trivalea-Moșteni,trivalea-mosteni,village,25.2417198,44.2631152
642,Brătășani,bratasani,village,25.2589438,44.2388012
642,Deparați,deparati,village,25.2153267,44.2805689
642,Troianul,troianul,village,25.0210568,44.001432
642,Dulceni,dulceni,village,25.0457805,43.9862605
642,Vatra,vatra,village,25.0043897,44.0233237
642,Vedea,vedea,village,25.0658976,44.0922915
642,Dulceanca,dulceanca,village,25.1051261,44.0905771
642,Meri,meri,village,25.0551584,44.100744
642,Viișoara,viisoara,village,25.175125,43.7798379
642,Zâmbreasca,zambreasca,village,24.9984711,44.3034993
642,Mândrești-Moldova,mandresti-moldova,village,27.2559873,45.6885805
642,Mândrești-Munteni,mandresti-munteni,village,27.2427492,45.6825954
642,Câmpineanca,campineanca,village,27.12832,45.7116585
642,Pietroasa,pietroasa,village,27.1195129,45.7121737
642,Vâlcele,valcele,village,27.1478885,45.7013092
642,Ceardac,ceardac,village,27.166178,45.669661
642,Burcioaia,burcioaia,village,27.2300591,46.0709356
642,Adjudu Vechi,adjudu vechi,village,27.1887631,46.1348696
642,Șișcani,siscani,village,27.1703935,46.1523045
642,Siretu,siretu,village,27.2375324,45.8853016
642,Pădureni,padureni,village,27.2315233,45.9372912
642,Unirea,unirea,village,27.1074128,45.7402019
642,Crucea de Jos,crucea de jos,village,27.1015276,45.8963567
642,Crucea de Sus,crucea de sus,village,27.0833045,45.9174731
642,Dumbrava,dumbrava,village,27.1122379,45.9099258
642,Neicu,neicu,village,27.0745691,45.9167757
642,Satu Nou,satu nou,village,27.0982389,45.8894777
642,Arșița,arsita,village,26.8314558,45.7386898
642,Răchitașu,rachitasu,village,26.8098455,45.731248
642,Topești,topesti,village,26.7518052,45.9054514
642,Boghești,boghesti,village,27.4095567,46.1588679
642,Bichești,bichesti,village,27.4104988,46.1852113
642,Bogheștii de Sus,boghestii de sus,village,27.4043676,46.169697
642,Chițcani,chitcani,village,27.4139688,46.1418503
642,Iugani,iugani,village,27.4344646,46.1497539
642,Plăcințeni,placinteni,village,27.3757324,46.1470012
642,Pleșești,plesesti,village,27.4519255,46.1550876
642,Prisecani,prisecani,village,27.4254766,46.1807275
642,Tăbucești,tabucesti,village,27.4415217,46.1708365
642,Bolotești,bolotesti,village,27.0744971,45.8397071
642,Găgești,gagesti,village,27.0553964,45.8559829
642,Pietroasa,pietroasa,village,27.0407441,45.8646663
642,Vităneștii de Sub Măgură,vitanestii de sub magura,village,27.0267908,45.8741358
642,Bordești,bordesti,village,27.0433728,45.5551942
642,Bordeștii de Jos,bordestii de jos,village,27.0389039,45.5391143
642,Arva,arva,village,26.9859414,45.7681849
642,Pitulușa,pitulusa,village,27.0142398,45.7675656
642,Chiojdeni,chiojdeni,village,26.8647582,45.5632401
642,Cătăuți,catauti,village,26.8465838,45.5404399
642,Lojnița,lojnita,village,26.8368922,45.5856091
642,Luncile,luncile,village,26.8142076,45.5603662
642,Mărăcini,maracini,village,26.8449769,45.5804212
642,Podurile,podurile,village,26.8607096,45.5553567
642,Seciu,seciu,village,26.835289,45.5368626
642,Tulburea,tulburea,village,26.8405642,45.5643367
642,Salcia Nouă,salcia noua,village,27.3407509,45.456839
642,Salcia Veche,salcia veche,village,27.3077341,45.4573431
642,Satu Nou,satu nou,village,27.3296954,45.4291089
642,Spătăreasa,spatareasa,village,27.2962175,45.4267914
642,Rotileștii Mari,rotilestii mari,village,26.7402263,46.0347999
642,Rotileștii Mici,rotilestii mici,village,26.7463671,46.0373523
642,Cârligele,carligele,village,27.0810296,45.6748004
642,Blidari,blidari,village,27.0564325,45.6629893
642,Bonțești,bontesti,village,27.0537234,45.6790944
642,Buda,buda,village,27.3027878,46.1317874
642,Corbița,corbita,village,27.3054548,46.151661
642,Izvoarele,izvoarele,village,27.3438869,46.1558036
642,Ocheșești,ochesesti,village,27.3237735,46.1471952
642,Rădăcinești,radacinesti,village,27.2987015,46.1856962
642,Tuțu,tutu,village,27.2725324,46.174605
642,Vâlcelele,valcelele,village,27.3362258,46.1617747
642,Budești,budesti,village,27.0566923,45.6277898
642,Goleștii de Sus,golestii de sus,village,27.1034289,45.6411575
642,Valea Cotești,valea cotesti,village,27.0758105,45.6344636
642,Alexandru Vlahuță,alexandru vlahuta,village,27.0977992,45.5634646
642,Cândești,candesti,village,27.0756446,45.5388493
642,Biceștii de Jos,bicestii de jos,village,26.9324229,45.5433346
642,Biceștii de Sus,bicestii de sus,village,26.9259827,45.5628405
642,Blidari,blidari,village,26.913628,45.5638261
642,Dumitreștii-Față,dumitrestii-fata,village,26.9335797,45.5936743
642,Găloiești,galoiesti,village,26.9563158,45.5519
642,Lupoaia,lupoaia,village,26.9111548,45.5428118
642,Poienița,poienita,village,26.9132957,45.5846541
642,Roșcari,roscari,village,26.9137213,45.5722731
642,Siminoc,siminoc,village,26.8660193,45.5988073
642,Trestia,trestia,village,26.858149,45.6108709
642,Valea Mică,valea mica,village,26.9188739,45.600214
642,Ciolănești,ciolanesti,village,27.0613546,45.95778
642,Ghimicești,ghimicesti,village,27.0776871,45.9669616
642,Mănăstioara,manastioara,village,27.0787085,45.9558993
642,Doaga,doaga,village,27.293199,45.8302536
642,Precistanu,precistanu,village,27.2104249,45.7725443
642,Străjescu,strajescu,village,27.2877939,45.8177697
642,Bălănești,balanesti,village,26.9636542,45.6092628
642,Cocoșari,cocosari,village,26.9598883,45.6145462
642,Groapa Tufei,groapa tufei,village,27.0023265,45.6030706
642,Lacu lui Baban,lacu lui baban,village,26.9752705,45.6034443
642,Rașca,rasca,village,26.9335701,45.6404541
642,Șotârcari,sotarcari,village,26.9680821,45.6120724
642,Argea,argea,village,27.2612615,46.043254
642,Costișa,costisa,village,27.2108576,46.1777211
642,Lespezi,lespezi,village,27.2406497,46.1602748
642,Ploscuțeni,ploscuteni,village,27.2703234,46.0785855
642,Pădureni,padureni,village,27.0350348,45.793467
642,Scânteia,scanteia,village,27.0261186,45.8227182
642,Vărsătura,varsatura,village,27.0417459,45.7867413
642,Dealu Sării,dealu sarii,village,26.7583226,45.5723682
642,Jitia de Jos,jitia de jos,village,26.7828219,45.5689633
642,Măgura,magura,village,26.7436746,45.6016562
642,Măicănești,maicanesti,village,27.4945422,45.501799
642,Belciugele,belciugele,village,27.4858747,45.5091415
642,Slobozia Botești,slobozia botesti,village,27.4215553,45.5172009
642,Livada,livada,village,26.922229,45.7744915
642,Milcovel,milcovel,village,26.9193866,45.7900547
642,Roșioara,rosioara,village,26.9785331,45.7665275
642,Vulcăneasa,vulcaneasa,village,26.9098091,45.773881
642,Lămotești,lamotesti,village,27.2511304,45.6585137
642,Diocheți-Rediu,diocheti-rediu,village,27.138637,45.930988
642,Frecăței,frecatei,village,27.0897178,45.9632229
642,Trotușanu,trotusanu,village,27.0949595,45.981749
642,Văleni,valeni,village,27.0951453,45.9570703
642,Călienii Noi,calienii noi,village,27.490521,45.590446
642,Călienii Vechi,calienii vechi,village,27.5094302,45.5994702
642,Podu Nărujei,podu narujei,village,26.7503505,45.8192965
642,Podu Stoica,podu stoica,village,26.7875277,45.8219635
642,Rebegari,rebegari,village,26.7440576,45.8244724
642,Brădăcești,bradacesti,village,26.679159,45.7023658
642,Chiricani,chiricani,village,26.7105731,45.6936274
642,Nereju Mic,nereju mic,village,26.6952066,45.7067576
642,Sahastru,sahastru,village,26.6871383,45.7272081
642,Bâtcari,batcari,village,26.7115782,45.8264424
642,Brădetu,bradetu,village,26.6238477,45.8019287
642,Făgetu,fagetu,village,26.6999223,45.8200861
642,Romănești,romanesti,village,26.6846233,45.8164677
642,Ungureni,ungureni,village,26.6742246,45.8134675
642,Valea Neagră,valea neagra,village,26.6357073,45.8114335
642,Carșochești-Corăbița,carsochesti-corabita,village,26.7567781,45.731331
642,Morărești,moraresti,village,26.7567797,45.739551
642,Păvălari,pavalari,village,26.6829218,45.7382597
642,Spulber,spulber,village,26.746364,45.7476243
642,Tojanii de Jos,tojanii de jos,village,26.7201888,45.7696798
642,Tojanii de Sus,tojanii de sus,village,26.7456256,45.7606365
642,Țepa,tepa,village,26.6889478,45.7798597
642,Țipău,tipau,village,26.7258194,45.7550969
642,Viișoara,viisoara,village,27.0959318,46.0516018
642,Dumbrava,dumbrava,village,27.0065217,45.6563077
642,Odobasca,odobasca,village,26.9808306,45.6570194
642,Podu Lacului,podu lacului,village,26.9897838,45.643523
642,Domnești-Târg,domnesti-targ,village,27.1883663,46.0274981
642,Gogoiu,gogoiu,village,26.8416237,45.9992989
642,Mărăști,marasti,village,26.8451069,46.0131749
642,Verdea,verdea,village,26.8938205,46.012108
642,Jgheaburi,jgheaburi,village,26.8190617,45.8118667
642,Șindrilari,sindrilari,village,26.8801882,45.7912331
642,Valea Milcovului,valea milcovului,village,26.8551943,45.7834682
642,Copăcești,copacesti,village,27.1203541,46.0908793
642,Sihlea,sihlea,village,27.1281456,45.4985803
642,Voetin,voetin,village,27.1449062,45.4434573
642,Slobozia Bradului,slobozia bradului,village,27.056836,45.4907564
642,Cornetu,cornetu,village,27.0488327,45.5016482
642,Olăreni,olareni,village,27.0070186,45.4850941
642,Valea Beciului,valea beciului,village,27.0424721,45.4906103
642,Slobozia Ciorăști,slobozia ciorasti,village,27.2040592,45.6167439
642,Armeni,armeni,village,27.1939747,45.6006448
642,Rucăreni,rucareni,village,26.654948,45.9938629
642,Repedea,repedea,village,27.0340728,45.9214391
642,Văleni,valeni,village,27.0575385,45.911874
642,Călimăneasa,calimaneasa,village,27.4103058,46.113677
642,Costișa de Sus,costisa de sus,village,27.414267,46.1003532
642,Covrag,covrag,village,27.3348067,46.0849466
642,Feldioara,feldioara,village,27.3509275,46.0987385
642,Galbeni,galbeni,village,27.3766596,46.1089266
642,Nănești,nanesti,village,27.3753615,46.0991877
642,Vladnicu de Jos,vladnicu de jos,village,27.3608101,46.0971251
642,Vladnicu de Sus,vladnicu de sus,village,27.3555512,46.1146558
642,Vâjâitoarea,vajaitoarea,village,27.3085837,45.4805496
642,Tâmboești,tamboesti,village,27.0542507,45.5149259
642,Pădureni,padureni,village,27.0605839,45.5245865
642,Pietroasa,pietroasa,village,27.038857,45.5264452
642,Slimnic,slimnic,village,27.0513262,45.5081109
642,Trestieni,trestieni,village,27.0227139,45.5155452
642,Păulești,paulesti,village,26.6893196,45.8914345
642,Bătinești,batinesti,village,27.15472,45.8297064
642,Clipicești,clipicesti,village,27.0258815,45.892702
642,Igești,igesti,village,27.1703005,45.8275565
642,Oleșești,olesesti,village,27.1009712,45.8478082
642,Sârbi,sarbi,village,27.065269,45.8696836
642,Urechești,urechesti,village,27.0714088,45.6018073
642,Terchești,terchesti,village,27.052048,45.5843272
642,Colacu,colacu,village,26.8290779,45.8897341
642,Mătăcina,matacina,village,26.8081623,45.8830652
642,Poduri,poduri,village,26.8226949,45.8809198
642,Burca,burca,village,26.9449414,45.9117845
642,Ruget,ruget,village,26.8600931,45.9018213
642,Scafari,scafari,village,26.8870373,45.9048417
642,Tichiriș,tichiris,village,26.8765461,45.9009402
642,Voloșcani,voloscani,village,26.9229105,45.9248864
642,După Măgura,dupa magura,village,26.7380111,45.6282582
642,Poiana Stoichii,poiana stoichii,village,26.7509193,45.6603811
642,Tănăsari,tanasari,village,26.7261677,45.6127506
642,Mesteacănu,mesteacanu,village,26.8325857,45.9379371
642,Piscu Radului,piscu radului,village,26.807134,45.9621211
642,Balta Raței,balta ratei,village,27.2706742,45.7623944
642,Jorăști,jorasti,village,27.2627837,45.7144898
642,Mirceștii Vechi,mircestii vechi,village,27.2846646,45.7440233
642,Rădulești,radulesti,village,27.3134566,45.7431364
642,Olteni,olteni,village,27.0983757,45.73369
642,Pietroasa,pietroasa,village,27.0441124,45.7003652
642,Râmniceanca,ramniceanca,village,27.0600598,45.7291326
642,Vrâncioaia,vrancioaia,village,26.7296028,45.8648321
642,Bodești,bodesti,village,26.7248732,45.8913474
642,Muncei,muncei,village,26.6838038,45.8553572
642,Poiana,poiana,village,26.7590485,45.8748017
642,Spinești,spinesti,village,26.7060591,45.8920108
642,Giarmata-Vii,giarmata-vii,village,21.3002623,45.7995987
642,Silagiu,silagiu,village,21.6107531,45.6079533
642,Opatița,opatita,village,21.2696815,45.4142352
642,Fădimac,fadimac,village,21.8662245,45.8468301
642,Târgoviște,targoviste,village,21.8254833,45.8155437
642,Livezile,livezile,village,21.0579432,45.3902593
642,Ofsenița,ofsenita,village,21.1457813,45.4156919
642,Partoș,partos,village,21.1268167,45.3344575
642,Soca,soca,village,21.164253,45.3712449
642,Dobrești,dobresti,village,21.9405302,45.9086875
642,Lăpușnic,lapusnic,village,21.922381,45.8936153
642,Rădmănești,radmanesti,village,21.904373,45.9271489
642,Spata,spata,village,21.8731934,45.9310254
642,Pordeanu,pordeanu,village,20.4016818,46.1497667
642,Babșa,babsa,village,21.789263,45.8087452
642,Chizătău,chizatau,village,21.7322493,45.75411
642,Gruni,gruni,village,21.8123139,45.7650659
642,Leucușești,leucusesti,village,22.0047993,45.8354218
642,Nevrincea,nevrincea,village,21.9313291,45.7894267
642,Șandra,sandra,village,20.8938998,45.9257859
642,Uihei,uihei,village,20.8621281,45.911769
642,Botești,botesti,village,22.0852022,45.7027117
642,Botinești,botinesti,village,22.0909163,45.738541
642,Drinova,drinova,village,22.0688217,45.685885
642,Jurești,juresti,village,22.0672793,45.7056218
642,Pogănești,poganesti,village,22.0156642,45.72422
642,Sărăzani,sarazani,village,22.0609626,45.7373785
642,Altringen,altringen,village,21.5549492,45.9824104
642,Charlottenburg,charlottenburg,village,21.5195065,45.9786102
642,Comeat,comeat,village,21.6147321,45.9607429
642,Sintar,sintar,village,21.5976924,45.9740955
642,Ohaba-Forgaci,ohaba-forgaci,village,21.7413043,45.7188338
642,Sinersig,sinersig,village,21.7225414,45.6738811
642,Brestovăț,brestovat,village,21.6820062,45.8734183
642,Coșarii,cosarii,village,21.7353108,45.9277409
642,Hodoș,hodos,village,21.6526596,45.903604
642,Lucareț,lucaret,village,21.6717761,45.838647
642,Teș,tes,village,21.6575411,45.847477
642,Iecea Mare,iecea mare,village,20.8930965,45.8507422
642,Iecea Mică,iecea mica,village,20.9232172,45.8214664
642,Dragșina,dragsina,village,21.4315957,45.6988563
642,Vucova,vucova,village,21.5118217,45.6205308
642,Cebza,cebza,village,21.0665574,45.5523815
642,Gad,gad,village,20.9911015,45.4676523
642,Macedonia,macedonia,village,21.0578162,45.5162469
642,Obad,obad,village,21.1569622,45.5405163
642,Petroman,petroman,village,21.1140495,45.5415877
642,Comloșu Mic,comlosu mic,village,20.6685609,45.8517346
642,Lunga,lunga,village,20.5918017,45.8832591
642,Cireșu,ciresu,village,22.0335977,45.65074
642,Cireșu Mic,ciresu mic,hamlet,22.036125,45.6754998
642,Jdioara,jdioara,village,22.106586,45.6212743
642,Coșava,cosava,village,22.3119503,45.8483366
642,Homojdia,homojdia,village,22.3578722,45.85607
642,Darova,darova,village,21.7733339,45.6420035
642,Hodoș,hodos,village,21.7965097,45.6650347
642,Breștea,brestea,village,21.2760934,45.3524306
642,Rovinița Mare,rovinita mare,village,21.2953932,45.3770866
642,Rovinița Mică,rovinita mica,hamlet,21.3112201,45.3495978
642,Colonia Bulgară,colonia bulgara,village,20.413385,46.0997429
642,Bucovăț,bucovat,village,22.1524519,45.7885676
642,Bătești,batesti,village,22.2063465,45.8466298
642,Begheiu Mic,begheiu mic,village,22.1481314,45.8344129
642,Bichigi,bichigi,village,22.138591,45.8568024
642,Brănești,branesti,village,22.2508614,45.814073
642,Bunea Mare,bunea mare,village,22.0984467,45.9114905
642,Bunea Mică,bunea mica,village,22.0943807,45.9257334
642,Jupânești,jupanesti,village,22.2697505,45.7874296
642,Povârgina,povargina,village,22.1346643,45.8852996
642,Temerești,temeresti,village,22.2148626,45.8733537
642,Gladna Română,gladna romana,village,22.2276217,45.7503863
642,Hăuzești,hauzesti,village,22.1597265,45.7165035
642,Mâtnicu Mic,matnicu mic,village,22.1766003,45.763511
642,Zolt,zolt,village,22.256928,45.7561187
642,Cruceni,cruceni,village,20.8757854,45.4736835
642,Jena,jena,village,22.0750721,45.6025604
642,Lugojel,lugojel,village,21.9611252,45.665538
642,Sălbăgel,salbagel,village,22.0391945,45.5676836
642,Berecuța,berecuta,village,21.3536857,45.413533
642,Birda,birda,village,21.3435936,45.4299568
642,Mânăstire,manastire,village,21.3325749,45.4076936
642,Percosova,percosova,village,21.3528501,45.321949
642,Sculia,sculia,village,21.432254,45.4442929
642,Sângeorge,sangeorge,village,21.3194756,45.3994178
642,Hisiaș,hisias,village,21.7286718,45.8410407
642,Grănicerii,granicerii,village,20.8817471,45.4417039
642,Toager,toager,village,20.9651078,45.4125188
642,Crai Nou,crai nou,village,21.0002996,45.4882207
642,Ivanda,ivanda,village,20.9417218,45.5657788
642,Rudna,rudna,village,21.0086298,45.4983836
642,Gherman,gherman,village,21.3621736,45.2729129
642,Lățunaș,latunas,village,21.4809626,45.2116994
642,Bulgăruș,bulgarus,village,20.8221875,45.9194718
642,Cerna,cerna,village,21.4063959,45.5631439
642,Iosif,iosif,village,21.2782556,45.5693863
642,Gottlob,gottlob,village,20.7116849,45.9360035
642,Tomnatic,tomnatic,village,20.6618594,45.9885699
642,Vizejdia,vizejdia,village,20.6559977,45.9423262
642,Breazova,breazova,village,22.2805722,45.8369088
642,Bulza,bulza,village,22.3438318,45.936105
642,Coșevița,cosevita,village,22.3842599,45.8787028
642,Coșteiu de Sus,costeiu de sus,village,22.3684055,45.90337
642,Groși,grosi,village,22.2860438,45.9152841
642,Nemeșești,nemesesti,village,22.3157697,45.8874316
642,Sintești,sintesti,village,22.2467336,45.8738803
642,Zorani,zorani,village,22.277521,45.8718436
642,Alioș,alios,village,21.4929114,46.0379008
642,Fibiș,fibis,village,21.4235521,45.9727968
642,Remetea Mică,remetea mica,village,21.4796035,45.9666343
642,Pădurani,padurani,village,22.0613653,45.8784974
642,Remetea-Luncă,remetea-lunca,village,22.0446738,45.8625894
642,Topla,topla,village,22.0383962,45.8977072
642,Dejan,dejan,village,21.2928161,45.2854705
642,Gaiu Mic,gaiu mic,village,21.2097698,45.295895
642,Albina,albina,village,21.3753778,45.7147987
642,Rudicica,rudicica,hamlet,21.2728999,45.7080676
642,Crivina,crivina,village,22.1216538,45.6510018
642,Blajova,blajova,village,21.4814169,45.5932671
642,Dubești,dubesti,village,22.0266648,45.929878
642,Ierșnic,iersnic,village,22.0030359,45.8835955
642,Ohaba Română,ohaba romana,village,21.945848,45.9501602
642,Pesac,pesac,village,20.8352182,45.9959003
642,Crivina de Sus,crivina de sus,village,22.4348218,45.8445274
642,Fărășești,farasesti,village,22.3867829,45.7987686
642,Poieni,poieni,village,22.4540384,45.8015774
642,Bencecu de Jos,bencecu de jos,village,21.4295359,45.9046885
642,Bencecu de Sus,bencecu de sus,village,21.4265454,45.884204
642,Sălciua Nouă,salciua noua,village,21.5038365,45.902373
642,Căpăt,capat,village,21.6660968,45.6870138
642,Drăgoiești,dragoiesti,village,21.6710376,45.7132004
642,Ficătar,ficatar,village,21.6980493,45.7152595
642,Hitiaș,hitias,village,21.5986312,45.7106288
642,Sârbova,sarbova,village,21.5624966,45.700108
642,Bazoș,bazos,village,21.4964171,45.7369275
642,Izvin,izvin,village,21.4593483,45.7990361
642,Nadăș,nadas,village,21.5430922,45.903209
642,Stanciova,stanciova,village,21.5711959,45.8665939
642,Ianova,ianova,village,21.419256,45.8395567
642,Icloda,icloda,village,21.3885554,45.6431302
642,Uliuc,uliuc,village,21.3607543,45.677235
642,Unip,unip,village,21.3369935,45.6567985
642,Beregsău Mare,beregsau mare,village,21.0266618,45.7592117
642,Beregsău Mic,beregsau mic,village,20.9768967,45.7518924
642,Checheș,cheches,village,21.7550543,45.896365
642,Vizma,vizma,village,21.8353861,45.9251056
642,Covaci,covaci,village,21.2320182,45.834677
642,Utvin,utvin,village,21.1301358,45.7133661
642,Igriș,igris,village,20.7849562,46.113126
642,Saravale,saravale,village,20.7401964,46.0689632
642,Parța,parta,village,21.1387727,45.6288773
642,Dragomirești,dragomiresti,village,21.9519834,45.5440974
642,Oloșag,olosag,village,21.9588324,45.6030871
642,Nerău,nerau,village,20.5607005,45.9692882
642,Teremia Mică,teremia mica,village,20.4983883,45.9577324
642,Baloșești,balosesti,village,22.2896202,45.7823416
642,Colonia Fabricii,colonia fabricii,village,22.3145198,45.7655265
642,Luncanii de Jos,luncanii de jos,village,22.3133526,45.7198528
642,Luncanii de Sus,luncanii de sus,village,22.3082609,45.7390371
642,Românești,romanesti,village,22.3146078,45.8103242
642,Cralovăț,cralovat,village,21.623372,45.8279775
642,Ictar-Budinț,ictar-budint,village,21.6743847,45.7692539
642,Iosifalău,iosifalau,village,21.6796434,45.7816822
642,Topolovățu Mic,topolovatu mic,village,21.6419651,45.7596329
642,Cadar,cadar,village,21.5345713,45.5350323
642,Sudriaș,sudrias,village,22.0285715,45.7895233
642,Jupani,jupani,village,22.0188061,45.8051098
642,Săceni,saceni,village,22.0629397,45.7601154
642,Surducu Mic,surducu mic,village,22.0935123,45.7673304
642,Susani,susani,village,21.994236,45.8021459
642,Iohanisfeld,iohanisfeld,village,20.8634472,45.5667947
642,Otelec,otelec,village,20.851455,45.6164152
642,Pustiniș,pustinis,village,20.8579558,45.6341917
642,Răuți,rauti,village,20.9307783,45.6746438
642,Sânmartinu Maghiar,sanmartinu maghiar,village,20.9086456,45.6361774
642,Sânpetru Mic,sanpetru mic,village,21.0361485,46.0288969
642,Honorici,honorici,village,21.9089317,45.6152235
642,Pădureni,padureni,village,21.9081559,45.5782328
642,Pini,pini,village,21.8936293,45.6331151
642,Visag,visag,village,21.8122101,45.5497724
642,Folea,folea,village,21.3000399,45.4985745
642,Aranghel,aranghel,village,24.3254162,45.1126495
642,Căzănești,cazanesti,village,24.2851215,45.0576727
642,Copăcelu,copacelu,suburb,24.311418,45.0694457
642,Dealu Malului,dealu malului,village,24.3437914,45.1327137
642,Poenari,poenari,village,24.3346365,45.103243
642,Priba,priba,village,24.338955,45.1269334
642,Râureni,raureni,village,24.3312487,45.0554485
642,Stolniceni,stolniceni,village,24.3063795,45.0396298
642,Troian,troian,suburb,24.3481481,45.0776198
642,Goranu,goranu,suburb,24.3855629,45.1041253
642,Fețeni,feteni,village,24.4310719,45.0952297
642,Lespezi,lespezi,village,24.3837652,45.1207372
642,Săliștea,salistea,village,24.4456349,45.1171569
642,Curăturile,curaturile,village,24.1762436,45.0667882
642,Gătejești,gatejesti,village,24.1998933,45.0961492
642,Prajila,prajila,village,24.1626256,45.0850708
642,Cheia,cheia,village,24.2126538,45.1849662
642,Comanca,comanca,village,24.2248086,45.2362652
642,Gurguiata,gurguiata,village,24.1881786,45.215999
642,Băile Olănești,baile olanesti,town,24.2419916,45.2050901
642,Moșoroașa,mosoroasa,village,24.2938793,45.1563197
642,Pietrișu,pietrisu,village,24.2260958,45.2207301
642,Tisa,tisa,village,24.2166025,45.2049541
642,Călinești,calinesti,village,24.2927425,45.3693984
642,Corbu,corbu,village,24.2628011,45.3530088
642,Drăgănești,draganesti,village,24.3017442,45.3570351
642,Golotreni,golotreni,village,24.2755472,45.3417553
642,Păscoaia,pascoaia,village,24.1540827,45.3532058
642,Proieni,proieni,village,24.2768263,45.3561539
642,Valea lui Stan,valea lui stan,village,24.1939661,45.3528846
642,Văratica,varatica,village,24.2787089,45.3369149
642,Căciulata,caciulata,village,24.3247217,45.2594327
642,Jiblea Nouă,jiblea noua,village,24.3552563,45.2228559
642,Jiblea Veche,jiblea veche,village,24.3515232,45.2435934
642,Păușa,pausa,village,24.3241096,45.2637471
642,Seaca,seaca,village,24.3452042,45.2202529
642,Valea Caselor,valea caselor,village,24.2302043,44.6440056
642,Zărneni,zarneni,village,24.2299694,44.6284732
642,Zlătărei,zlatarei,village,24.2578777,44.6305723
642,Ifrimești,ifrimesti,village,23.9780313,45.1867336
642,Râmești,ramesti,village,23.9866793,45.1706986
642,Romanii de Sus,romanii de sus,village,24.0006891,45.1879569
642,Tănăsești,tanasesti,village,23.9677145,45.1831634
642,Urșani,ursani,village,23.9618213,45.1715042
642,Buda,buda,village,24.304273,45.1016716
642,Cosota,cosota,village,24.2821672,45.0826763
642,Făcăi,facai,village,24.2879605,45.0724376
642,Gura Suhașului,gura suhasului,village,24.3107691,45.0818809
642,Lunca,lunca,village,24.2645,45.1006945
642,Ocnița,ocnita,village,24.2752411,45.0870559
642,Slătioarele,slatioarele,village,24.2599253,45.0823732
642,Țeica,teica,locality,24.2831548,45.0927702
642,Alunu,alunu,village,23.8236064,45.021874
642,Bodești,bodesti,village,23.8076208,45.0653039
642,Colțești,coltesti,village,23.8301086,44.9827184
642,Igoiu,igoiu,village,23.8120802,45.0414232
642,Ilaciu,ilaciu,village,23.8157695,44.9855843
642,Ocracu,ocracu,village,23.8182702,44.967727
642,Roșia,rosia,village,23.8194987,44.9953525
642,Mereșești,meresesti,village,24.1564468,44.7403885
642,Padina,padina,village,24.1302494,44.7725359
642,Palanga,palanga,village,24.1337692,44.782085
642,Teiul,teiul,village,24.1263707,44.7642172
642,Băbeni,babeni,town,24.234565,44.9753376
642,Bonciu,bonciu,village,24.2267585,44.9548942
642,Capu Dealului,capu dealului,village,24.2374359,44.9852948
642,Pădurețu,paduretu,village,24.1788863,44.9734612
642,Români,romani,village,24.2110798,44.9741301
642,Tătărani,tatarani,village,24.2457402,44.9830257
642,Valea Mare,valea mare,village,24.2388348,44.9378299
642,Chirculești,chirculesti,village,23.9372458,44.672789
642,Cârlogani,carlogani,village,23.9215612,44.6824246
642,Gorunești,gorunesti,village,23.9609357,44.567108
642,Palei,palei,village,23.9479703,44.6651348
642,Satu Poieni,satu poieni,village,23.9098372,44.6207444
642,Bodești,bodesti,village,24.1125236,45.1415998
642,Bârzești,barzesti,village,24.1128202,45.129496
642,Negrulești,negrulesti,village,24.0885675,45.1300463
642,Berbești,berbesti,town,23.8689691,44.9891508
642,Dămțeni,damteni,village,23.8997071,45.0055042
642,Dealu Aluniș,dealu alunis,village,23.8671178,44.9827308
642,Roșioara,rosioara,village,23.8793475,45.0144844
642,Târgu Gângulești,targu gangulesti,village,23.8598201,44.9716813
642,Valea Mare,valea mare,village,23.8863938,45.0090121
642,Stoenești,stoenesti,village,24.4245786,45.2611905
642,Berislăvești,berislavesti,village,24.4167048,45.2506401
642,Brădișor,bradisor,village,24.4211592,45.2694836
642,Dângești,dangesti,village,24.4238444,45.292726
642,Rădăcinești,radacinesti,village,24.4429186,45.2786155
642,Robaia,robaia,village,24.474237,45.2487079
642,Scăueni,scaueni,village,24.4493587,45.2641862
642,Boișoara,boisoara,village,24.3836305,45.4423925
642,Bumbuești,bumbuesti,village,24.3603119,45.4313788
642,Găujani,gaujani,village,24.3768525,45.4529763
642,Budești,budesti,village,24.3874477,45.0648653
642,Barza,barza,village,24.3708749,45.0484957
642,Bercioiu,bercioiu,village,24.3177481,45.0014452
642,Bârsești,barsesti,village,24.3458394,45.0373704
642,Linia,linia,village,24.4041326,45.0723
642,Piscu Pietrei,piscu pietrei,village,24.3662217,45.0379559
642,Racovița,racovita,village,24.3972614,45.0782289
642,Ruda,ruda,village,24.3330109,45.0307428
642,Olteni,olteni,village,24.3820622,45.1457368
642,Bogdănești,bogdanesti,village,24.3427695,45.1759611
642,Bujoreni,bujoreni,village,24.3600438,45.1418063
642,Gura Văii,gura vaii,village,24.3690569,45.1892361
642,Lunca,lunca,village,24.3650014,45.1699223
642,Malu Vârtop,malu vartop,village,24.3566421,45.1845778
642,Bunești,bunesti,village,24.1871974,45.1179279
642,Coasta Mare,coasta mare,village,24.2237501,45.1074754
642,Firești,firesti,village,24.2084431,45.0992649
642,Râpănești,rapanesti,village,24.2139383,45.0931218
642,Teiușu,teiusu,village,24.2388765,45.0929253
642,Titireci,titireci,village,24.1974259,45.107967
642,Armășești,armasesti,village,24.0122869,45.0171702
642,Cernișoara,cernisoara,village,23.9632346,45.0443618
642,Groși,grosi,village,24.037945,44.9967991
642,Mădulari,madulari,village,23.9922639,45.0532556
642,Modoia,modoia,village,24.0570072,44.9764629
642,Obârșia,obarsia,village,23.9892788,45.0756031
642,Sărsănești,sarsanesti,village,23.9787722,45.0747923
642,Câinenii Mici,cainenii mici,village,24.3080637,45.4959841
642,Câinenii Mari,cainenii mari,village,24.2980022,45.4985025
642,Greblești,greblesti,village,24.3105154,45.4753051
642,Priloage,priloage,village,24.3006411,45.453525
642,Râu Vadului,rau vadului,village,24.2797549,45.5174885
642,Robești,robesti,village,24.2966906,45.4509487
642,Ulmetu,ulmetu,village,23.9671376,45.0034649
642,Bălteni,balteni,village,23.9523417,45.0157342
642,Bondoci,bondoci,village,23.9958484,44.9601447
642,Copăceni,copaceni,village,23.9768006,44.9913579
642,Hotărasa,hotarasa,village,24.0130414,44.9510628
642,Vețelu,vetelu,village,23.9797725,44.9726439
642,Costești,costesti,village,24.0663229,45.1606545
642,Văratici,varatici,village,24.0562142,45.1466792
642,Streminoasa,streminoasa,village,24.1787974,44.6848254
642,Dăești,daesti,village,24.3867154,45.2006603
642,Băbuești,babuesti,village,24.4127652,45.211335
642,Fedeleșoiu,fedelesoiu,village,24.391337,45.1522656
642,Sânbotin,sanbotin,village,24.3788058,45.177379
642,Dealu Lăunele,dealu launele,village,24.4606703,44.9201733
642,Bădeni,badeni,village,24.4272179,44.9008165
642,Ceretu,ceretu,village,24.4528013,44.8859756
642,Cireșul,ciresul,village,24.4367591,44.8636414
642,Dealu Scheiului,dealu scheiului,village,24.4578354,44.9537577
642,Dobrești,dobresti,village,24.4394915,44.925403
642,Drăgulești,dragulesti,village,24.4423367,44.9440918
642,Glodu,glodu,village,24.4407459,44.8969157
642,Gura Crucilor,gura crucilor,village,24.4279017,44.9100542
642,Lăunele de Jos,launele de jos,village,24.4388056,44.8807716
642,Linia pe Vale,linia pe vale,village,24.4140684,44.9066445
642,Udrești,udresti,village,24.4643736,44.9266035
642,Valea Scheiului,valea scheiului,village,24.4769415,44.9376061
642,Drăgoești,dragoesti,village,24.2945233,44.8189777
642,Buciumeni,buciumeni,village,24.2915717,44.7856775
642,Geamăna,geamana,village,24.3045735,44.8024812
642,Milești,milesti,village,23.9944104,44.5808676
642,Băbeni-Oltețu,babeni-oltetu,village,23.97798,44.6140382
642,Budești,budesti,village,23.9933024,44.6024759
642,Bungețani,bungetani,village,24.0104666,44.5721114
642,Colelia,colelia,village,23.9908479,44.6289502
642,Diculești,diculesti,village,23.9896805,44.5935064
642,Făurești,fauresti,village,24.0193443,44.5727261
642,Găinești,gainesti,village,24.0035638,44.5765928
642,Mărcușu,marcusu,village,24.0182326,44.5648144
642,Fârtățești,fartatesti,village,23.9899509,44.776472
642,Becșani,becsani,village,24.0002938,44.7950311
642,Cățetu,catetu,village,23.9561428,44.8302618
642,Cuci,cuci,village,23.9715659,44.8198216
642,Dăncăi,dancai,village,23.9684235,44.7682222
642,Dejoi,dejoi,village,24.0040784,44.8231771
642,Dozești,dozesti,village,23.9607196,44.7954276
642,Giulești,giulesti,village,23.9743556,44.741273
642,Gârnicet,garnicet,village,24.0032519,44.8142706
642,Măricești,maricesti,village,23.96201,44.7013252
642,Nisipi,nisipi,village,24.0072419,44.8043814
642,Popești,popesti,village,23.9692132,44.7495991
642,Seciu,seciu,village,23.9783149,44.806603
642,Stănculești,stanculesti,village,23.9609158,44.7830306
642,Șotani,sotani,village,24.0122422,44.8169355
642,Tanislavi,tanislavi,village,23.9671633,44.7723956
642,Valea Ursului,valea ursului,village,23.9754898,44.7985954
642,Frâncești,francesti,village,24.1903586,44.9996986
642,Băluțoaia,balutoaia,village,24.1879201,45.0471257
642,Coșani,cosani,village,24.191884,45.0078752
642,Dezrobiți,dezrobiti,village,24.1864712,45.0269204
642,Genuneni,genuneni,village,24.1073847,45.0337276
642,Mănăilești,manailesti,village,24.1245126,45.0246363
642,Moșteni,mosteni,village,24.1746853,45.0362697
642,Surpatele,surpatele,village,24.1809265,45.0476717
642,Viișoara,viisoara,village,24.1632089,44.9947637
642,Galicea,galicea,village,24.2753079,44.9269029
642,Bratia din Deal,bratia din deal,village,24.3003777,44.964822
642,Bratia din Vale,bratia din vale,village,24.2840872,44.9574853
642,Cocoru,cocoru,village,24.3033548,44.9473171
642,Cremenari,cremenari,village,24.3143627,44.9807904
642,Dealu Mare,dealu mare,village,24.3069802,44.9531524
642,Ostroveni,ostroveni,village,24.2619252,44.9282757
642,Teiu,teiu,village,24.2831544,44.9038746
642,Valea Râului,valea raului,village,24.3170545,44.9388871
642,Ghioroiu,ghioroiu,village,23.8380014,44.6889508
642,Căzănești,cazanesti,village,23.8928336,44.6353571
642,Herăști,herasti,village,23.86783,44.6608877
642,Mierea,mierea,village,23.797756,44.7190945
642,Poienari,poienari,village,23.8077571,44.7182557
642,Știrbești,stirbesti,village,23.8768506,44.6477244
642,Glăvile,glavile,village,24.1363816,44.8237697
642,Aninoasa,aninoasa,village,24.1543065,44.7939136
642,Jaroștea,jarostea,village,24.1061846,44.7868292
642,Voiculeasa,voiculeasa,village,24.1030288,44.8091963
642,Aldești,aldesti,village,24.431553,45.0632968
642,Blidari,blidari,village,24.4474764,45.0714171
642,Coasta,coasta,village,24.4905484,45.1430178
642,Drăgănești,draganesti,village,24.4807721,45.1514329
642,Gibești,gibesti,village,24.4931014,45.0875925
642,Giurgiuveni,giurgiuveni,village,24.4945545,45.1199978
642,Opătești,opatesti,village,24.4769571,45.1093037
642,Poenița,poenita,village,24.4780857,45.1418023
642,Tulei-Câmpeni,tulei-campeni,village,24.4837595,45.1346005
642,Vătășești,vatasesti,village,24.456792,45.1162418
642,Grădiștea,gradistea,village,23.8236146,44.8739281
642,Diaconești,diaconesti,village,23.8171854,44.9133181
642,Dobricea,dobricea,village,23.8618969,44.8990614
642,Linia,linia,village,23.8234972,44.9035722
642,Obislavu,obislavu,village,23.7968758,44.903945
642,Străchinești,strachinesti,village,23.8376658,44.9049892
642,Turburea,turburea,village,23.860791,44.8821209
642,Țuțuru,tuturu,village,23.7777821,44.9200815
642,Valea Grădiștei,valea gradistei,village,23.7918907,44.886104
642,Burdălești,burdalesti,village,24.1118273,44.7472825
642,Dealu Mare,dealu mare,village,24.1123524,44.7092615
642,Gușoianca,gusoianca,village,24.1172562,44.7547771
642,Măgureni,magureni,village,24.1519025,44.7001155
642,Spârleni,sparleni,village,24.1382359,44.704091
642,Ionești,ionesti,village,24.2333093,44.8671159
642,Bucșani,bucsani,village,24.2287525,44.8489352
642,Dealu Mare,dealu mare,village,24.2430084,44.8227574
642,Delureni,delureni,village,24.2381168,44.8368365
642,Fișcălia,fiscalia,village,24.2448856,44.8104214
642,Fotești,fotesti,village,24.2260013,44.8404172
642,Guguianca,guguianca,village,24.2122661,44.8632093
642,Marcea,marcea,village,24.2333185,44.9052069
642,Prodănești,prodanesti,village,24.2226947,44.8929241
642,Laloșu,lalosu,village,24.0282427,44.548287
642,Berbești,berbesti,village,24.0605334,44.5130107
642,Ghindari,ghindari,village,24.0216036,44.5575716
642,Mologești,mologesti,village,24.0493823,44.5248872
642,Oltețani,oltetani,village,24.0763801,44.4965997
642,Portărești,portaresti,village,24.0451799,44.5423864
642,Lădești,ladesti,village,24.0459241,44.8840953
642,Cermegești,cermegesti,village,24.0485211,44.8462906
642,Chiricești,chiricesti,village,24.0592287,44.8649016
642,Ciumagi,ciumagi,village,24.0176202,44.8669868
642,Dealu Corni,dealu corni,village,24.0534895,44.905804
642,Găgeni,gageni,village,24.0177939,44.8435975
642,Măldărești,maldaresti,village,24.0309912,44.8956773
642,Olteanca,olteanca,village,24.0989308,44.8607249
642,Păsculești,pasculesti,village,24.0331063,44.8576593
642,Popești,popesti,village,24.0293519,44.8754435
642,Sărulești,sarulesti,village,24.0246911,44.9136938
642,Berești,beresti,village,24.0327912,44.9360042
642,Broșteni,brosteni,village,24.0029458,44.9406412
642,Mijați,mijati,village,23.9865982,44.9271128
642,Scorușu,scorusu,village,24.0139423,44.9210004
642,Șerbănești,serbanesti,village,23.9922919,44.9440389
642,Zărnești,zarnesti,village,24.0148475,44.898634
642,Livezi,livezi,village,23.8267988,44.8421183
642,Părăușani,parausani,village,23.849565,44.8649968
642,Pârâienii de Jos,paraienii de jos,village,23.8292363,44.8045945
642,Pârâienii de Mijloc,paraienii de mijloc,village,23.8288872,44.8136272
642,Pârâienii de Sus,paraienii de sus,village,23.8228576,44.8246168
642,Pleșoiu,plesoiu,village,23.8431292,44.8484427
642,Tina,tina,village,23.8241295,44.8605861
642,Carcadiești,carcadiesti,village,24.1373342,44.6485751
642,Gănțulei,gantulei,village,24.2197473,44.5695656
642,Stănești-Lunca,stanesti-lunca,village,24.208416,44.5677406
642,Malaia,malaia,village,24.0440494,45.3519532
642,Săliștea,salistea,village,24.1336148,45.3538769
642,Mateești,mateesti,village,23.8480756,45.0693215
642,Greci,greci,village,23.8475334,45.0935863
642,Turcești,turcesti,village,23.8638953,45.0401926
642,Oveselu,oveselu,village,24.0146224,44.7515528
642,Bocșa,bocsa,village,24.0336746,44.755686
642,Botorani,botorani,village,24.0396297,44.7455307
642,Ciocănari,ciocanari,village,24.0114214,44.7351653
642,Măciuceni,maciuceni,village,24.0189772,44.7627594
642,Măldărești,maldaresti,village,24.027714,44.77125
642,Popești,popesti,village,24.017947,44.7410333
642,Ștefănești,stefanesti,village,24.0305531,44.7826776
642,Zăvoieni,zavoieni,village,24.0220744,44.7764257
642,Bălșoara,balsoara,village,24.1235136,44.6734207
642,Bănțești,bantesti,village,24.0754446,44.6844402
642,Dimulești,dimulesti,village,24.0913962,44.6675347
642,Iacovile,iacovile,village,24.1024788,44.6825674
642,Mamu,mamu,village,24.1199584,44.6839233
642,Măldărești,maldaresti,village,23.9990273,45.1216545
642,Măldăreștii de Jos,maldarestii de jos,village,24.0147841,45.1059602
642,Roșoveni,rosoveni,village,24.0333619,45.1081824
642,Telechești,telechesti,village,23.9963683,45.0933275
642,Buleta,buleta,village,24.2475865,45.0418416
642,Arsanca,arsanca,village,24.2387277,45.0101432
642,Bârsești,barsesti,village,24.2518415,45.0486921
642,Govora,govora,village,24.2278728,45.0687319
642,Gurișoara,gurisoara,village,24.2177274,45.075942
642,Măgura,magura,village,24.2471993,45.0065382
642,Mihăești,mihaesti,village,24.2426495,45.018838
642,Munteni,munteni,village,24.2659341,44.9883652
642,Negreni,negreni,village,24.2466246,45.0279405
642,Rugetu,rugetu,village,24.2395524,44.9966125
642,Scărișoara,scarisoara,village,24.2208452,45.0616596
642,Stupărei,stuparei,village,24.2800393,45.017362
642,Vulpuești,vulpuesti,village,24.2312473,45.0618309
642,Milcoiu,milcoiu,village,24.4682546,45.042859
642,Căzănești,cazanesti,village,24.4726534,45.0500847
642,Ciutești,ciutesti,village,24.4995809,45.0450698
642,Izbăsești,izbasesti,village,24.4452086,45.0388367
642,Șuricaru,suricaru,village,24.4307141,45.0371702
642,Tepșenari,tepsenari,village,24.4841782,45.0248234
642,Muereasca,muereasca,village,24.3078528,45.1915391
642,Andreiești,andreiesti,village,24.278758,45.2176872
642,Frâncești-Coasta,francesti-coasta,village,24.3014406,45.2112033
642,Găvănești,gavanesti,village,24.2885301,45.210594
642,Hotarele,hotarele,village,24.3330156,45.1866567
642,Muereasca de Sus,muereasca de sus,village,24.2909329,45.2033039
642,Pripoara,pripoara,village,24.2866407,45.194973
642,Șuta,suta,village,24.2663059,45.2178225
642,Rotărăști,rotarasti,village,24.4411385,44.9958247
642,Bănești,banesti,village,24.3699017,44.995605
642,Corbii din Vale,corbii din vale,village,24.4639003,44.9923118
642,Dosu Râului,dosu raului,village,24.3916725,44.960423
642,Ginerica,ginerica,village,24.4848171,45.0081158
642,Gâltofani,galtofani,village,24.3820771,45.001576
642,Linia Hanului,linia hanului,village,24.4237032,44.9874819
642,Măzăraru,mazararu,village,24.401848,45.0021715
642,Mângureni,mangureni,village,24.4468671,45.0013428
642,Pleșoiu,plesoiu,village,24.3509175,44.9596242
642,Popești,popesti,village,24.4900246,44.985077
642,Predești,predesti,village,24.3635841,44.9695103
642,Schitu,schitu,village,24.4824401,44.9837826
642,Șerbăneasa,serbaneasa,village,24.4079622,44.9825896
642,Tufanii,tufanii,village,24.4703917,44.979803
642,Valea Bălcească,valea balceasca,village,24.4289436,44.9901437
642,Valea Viei,valea viei,village,24.3638758,44.9752405
642,Olanu,olanu,village,24.2904767,44.8672138
642,Casa Veche,casa veche,village,24.3167919,44.8676421
642,Cioboți,cioboti,village,24.2906719,44.8501834
642,Drăgioiu,dragioiu,village,24.2906834,44.8904923
642,Nicolești,nicolesti,village,24.2663774,44.8869192
642,Stoicănești,stoicanesti,village,24.290689,44.8812634
642,Orlești,orlesti,village,24.229881,44.7956704
642,Aurești,auresti,village,24.2665213,44.774413
642,Procopoaia,procopoaia,village,24.234682,44.7785834
642,Scaioși,scaiosi,village,24.2578042,44.7963957
642,Silea,silea,village,24.2355662,44.7678948
642,Oteșani,otesani,village,24.0281534,45.0787903
642,Bogdănești,bogdanesti,village,24.0519311,45.0339789
642,Cârstănești,carstanesti,village,24.046404,45.040544
642,Cucești,cucesti,village,24.0640616,45.0234058
642,Sub Deal,sub deal,village,24.0086074,45.062378
642,Păușești,pausesti,village,24.1326944,45.0761618
642,Barcanele,barcanele,village,24.1257951,45.0904903
642,Buzdugan,buzdugan,village,24.1328499,45.05795
642,Cernelele,cernelele,village,24.1553429,45.066878
642,Păusești-Otăsău,pausesti-otasau,village,24.1303748,45.0712295
642,Șerbănești,serbanesti,village,24.1510075,45.0595884
642,Solicești,solicesti,village,24.1145763,45.0860154
642,Văleni,valeni,village,24.1223869,45.0846707
642,Păușești-Măglași,pausesti-maglasi,village,24.2476008,45.1363299
642,Coasta,coasta,village,24.2441143,45.1275402
642,Pietrari,pietrari,village,24.2657361,45.125122
642,Ulmețel,ulmetel,village,24.2337584,45.1396654
642,Valea Cheii,valea cheii,village,24.2467469,45.1563919
642,Perișani,perisani,village,24.4112846,45.3747786
642,Băiașu,baiasu,village,24.3892291,45.3712669
642,Bratovești,bratovesti,village,24.3591049,45.4128082
642,Cucoiu,cucoiu,village,24.3947422,45.4056551
642,Mlăceni,mlaceni,village,24.4311461,45.3837127
642,Podeni,podeni,village,24.420108,45.3960195
642,Poiana,poiana,village,24.4365881,45.342323
642,Pripoare,pripoare,village,24.4052678,45.3633511
642,Spinu,spinu,village,24.4038347,45.3908133
642,Surdoiu,surdoiu,village,24.4134451,45.3524726
642,Titești,titesti,village,24.3900571,45.4186581
642,Pesceana,pesceana,village,24.1380351,44.8823868
642,Cermegești,cermegesti,village,24.1390001,44.8679041
642,Lupoaia,lupoaia,village,24.1176225,44.8770214
642,Negraia,negraia,village,24.115026,44.9077471
642,Roești,roesti,village,24.1353168,44.8947141
642,Ursoaia,ursoaia,village,24.1206268,44.8594716
642,Pietrari,pietrari,village,24.1184943,45.1068755
642,Pietrarii de Sus,pietrarii de sus,village,24.0965814,45.118967
642,Popești,popesti,village,24.0885848,44.9931946
642,Curtea,curtea,village,24.1345196,44.9640532
642,Dăești,daesti,village,24.1192603,44.9637947
642,Firijba,firijba,village,24.1314686,44.9895808
642,Meieni,meieni,village,24.1024472,44.9791738
642,Urși,ursi,village,24.077598,45.0030535
642,Valea Caselor,valea caselor,village,24.1241583,44.9469724
642,Prundeni,prundeni,village,24.2502222,44.7371988
642,Bărbuceni,barbuceni,village,24.2448247,44.746387
642,Călina,calina,village,24.2537527,44.7021813
642,Zăvideni,zavideni,village,24.2433396,44.7533771
642,Racovița,racovita,village,24.3102098,45.4096162
642,Balota,balota,village,24.2943789,45.4333483
642,Blănoiu,blanoiu,village,24.3294725,45.4206487
642,Bradu-Clocotici,bradu-clocotici,village,24.3236567,45.4043658
642,Copăceni,copaceni,village,24.3145453,45.3938589
642,Gruiu Lupului,gruiu lupului,village,24.3410417,45.4284845
642,Tuțulești,tutulesti,village,24.2990928,45.4040204
642,Roești,roesti,village,24.0688649,44.9134464
642,Băiașa,baiasa,village,24.0617786,44.9317117
642,Băjenari,bajenari,village,24.0823377,44.9200638
642,Bărbărigeni,barbarigeni,village,24.0632264,44.8834422
642,Ciocâltei,ciocaltei,village,24.0706569,44.9345064
642,Cueni,cueni,village,24.0699914,44.8943437
642,Frăsina,frasina,village,24.0735246,44.8873934
642,Piscu Scoarței,piscu scoartei,village,24.0883306,44.9156134
642,Râpa Cărămizii,rapa caramizii,village,24.0937993,44.9313973
642,Saioci,saioci,village,24.0744919,44.9425778
642,Roșiile,rosiile,village,23.9227494,44.876509
642,Balaciu,balaciu,village,23.9351251,44.9249759
642,Cherăști,cherasti,village,23.9511754,44.8563541
642,Hotăroaia,hotaroaia,village,23.9224123,44.8588294
642,Lupuiești,lupuiesti,village,23.9107088,44.8798438
642,Păsărei,pasarei,village,23.942514,44.8721324
642,Pertești,pertesti,village,23.8879805,44.8718433
642,Plesești,plesesti,village,23.932088,44.883817
642,Rățălești,ratalesti,village,23.9222182,44.8883338
642,Romanești,romanesti,village,23.9292677,44.9056322
642,Zgubea,zgubea,village,23.9072954,44.9218079
642,Runcu,runcu,village,24.4434122,45.1753388
642,Căligi,caligi,village,24.4624113,45.2180117
642,Gropeni,gropeni,village,24.4320662,45.179952
642,Snamăna,snamana,hamlet,24.4549618,45.1956084
642,Surpați,surpati,village,24.4817032,45.2026878
642,Valea Babei,valea babei,village,24.4914535,45.1835059
642,Vărateci,varateci,village,24.4446012,45.156562
642,Sălătrucel,salatrucel,village,24.3881952,45.2487855
642,Pătești,patesti,village,24.3880373,45.2784208
642,Seaca,seaca,village,24.4082007,45.2644612
642,Șerbănești,serbanesti,village,24.3650338,45.2742402
642,Scundu,scundu,village,24.1887467,44.8390755
642,Avrămești,avramesti,village,24.1673466,44.8559124
642,Blejani,blejani,village,24.2037107,44.8259974
642,Crângu,crangu,village,24.1588552,44.8740566
642,Sinești,sinesti,village,23.8402961,44.9365361
642,Ciucheți,ciucheti,village,23.8162797,44.9557034
642,Dealu Bisericii,dealu bisericii,village,23.8567836,44.9204484
642,Mijlocu,mijlocu,village,23.8509997,44.9252229
642,Popești,popesti,village,23.8275488,44.9456199
642,Urzica,urzica,village,23.822605,44.9158889
642,Slătioara,slatioara,village,23.8928427,45.1192574
642,Coasta Cerbului,coasta cerbului,village,23.911045,45.1358714
642,Gorunești,gorunesti,village,23.8924404,45.0987726
642,Milostea,milostea,village,23.8351792,45.1251723
642,Mogești,mogesti,village,23.8733464,45.1181282
642,Rugetu,rugetu,village,23.8726108,45.1410884
642,Stănești,stanesti,village,24.0422441,44.8175543
642,Bărcănești,barcanesti,village,24.0329945,44.8057477
642,Cioponești,cioponesti,village,24.0299432,44.8000425
642,Cuculești,cuculesti,village,24.0437023,44.8242205
642,Gârnicetu,garnicetu,village,24.0450587,44.8366216
642,Linia Dealului,linia dealului,village,24.0518294,44.7891248
642,Suiești,suiesti,village,24.0579682,44.8453879
642,Valea Lungă,valea lunga,village,24.0521444,44.810518
642,Vârleni,varleni,village,24.0271722,44.7927556
642,Stoenești,stoenesti,village,24.1640958,45.1220945
642,Bârlogu,barlogu,village,24.1499224,45.1059687
642,Budurăști,budurasti,village,24.145825,45.1390459
642,Deleni,deleni,village,24.165297,45.1612815
642,Dobriceni,dobriceni,village,24.1415293,45.1585622
642,Gruiu,gruiu,village,24.1692884,45.149016
642,Gruieri,gruieri,village,24.1544168,45.1616944
642,Mogoșești,mogosesti,village,24.1516435,45.1282498
642,Neghinești,neghinesti,village,24.1789559,45.1566814
642,Piscu Mare,piscu mare,village,24.1734672,45.1614861
642,Popești,popesti,village,24.1696055,45.1535145
642,Suseni,suseni,village,24.140059,45.1670073
642,Zmeurătu,zmeuratu,village,24.1907945,45.1462327
642,Stoilești,stoilesti,village,24.3431323,44.8880092
642,Balomireasa,balomireasa,village,24.3775116,44.9111465
642,Bârsoiu,barsoiu,village,24.3426487,44.8818442
642,Bulagei,bulagei,village,24.3755016,44.919767
642,Delureni,delureni,village,24.3793278,44.8905654
642,Geamăna,geamana,village,24.3928148,44.9316704
642,Ghiobești,ghiobesti,village,24.3436101,44.9127645
642,Giuroiu,giuroiu,village,24.3440513,44.918464
642,Izvoru Rece,izvoru rece,village,24.406856,44.933224
642,Malu,malu,village,24.3513568,44.933248
642,Nețești,netesti,village,24.3529258,44.926732
642,Obogeni,obogeni,village,24.3776247,44.9411444
642,Stănești,stanesti,village,24.3399561,44.8997419
642,Urși,ursi,village,24.3372753,44.9129346
642,Vlădulești,vladulesti,village,24.3196375,44.9156648
642,Stroești,stroesti,village,23.9111056,45.0856153
642,Cireșu,ciresu,village,23.9120816,45.0631513
642,Dianu,dianu,village,23.9442464,45.0860121
642,Obrocești,obrocesti,village,23.9307096,45.1017772
642,Pojogi-Cerna,pojogi-cerna,village,23.9338157,45.0384992
642,Boroșești,borosesti,village,24.213467,44.659274
642,Cetățeaua,cetateaua,village,24.1874605,44.7628118
642,Izvorașu,izvorasu,village,24.1945458,44.7709769
642,Mitrofani,mitrofani,village,24.2087893,44.7325486
642,Racu,racu,village,24.2031881,44.7453184
642,Verdea,verdea,village,24.2279345,44.6914001
642,Șirineasa,sirineasa,village,24.1810719,44.9427366
642,Aricioaia,aricioaia,village,24.2213653,44.9206823
642,Ciorăști,ciorasti,village,24.156929,44.9574845
642,Slăvitești,slavitesti,village,24.2184815,44.9241822
642,Valea Alunișului,valea alunisului,village,24.1450761,44.9482214
642,Ștefănești,stefanesti,village,24.2367609,44.6095174
642,Dobrușa,dobrusa,village,24.2066072,44.6265401
642,Șușani,susani,village,24.0969312,44.6081035
642,Râmești,ramesti,village,24.1074513,44.574283
642,Sârbi,sarbi,village,24.0861278,44.6496701
642,Stoiculești,stoiculesti,village,24.1168282,44.5882446
642,Ușurei,usurei,village,24.0888527,44.6316698
642,Tetoiu,tetoiu,village,23.9211306,44.7542414
642,Băroiu,baroiu,village,23.9217414,44.7157249
642,Budele,budele,village,23.9011125,44.8326319
642,Măneasa,maneasa,village,23.9193111,44.7737932
642,Nenciulești,nenciulesti,village,23.9168755,44.8211018
642,Popești,popesti,village,23.9142545,44.7939321
642,Țepești,tepesti,village,23.9228459,44.7919864
642,Tomșani,tomsani,village,24.0447039,45.1236198
642,Băltățeni,baltateni,village,24.0688973,45.0896975
642,Bogdănești,bogdanesti,village,24.0342759,45.1372037
642,Chiceni,chiceni,village,24.051852,45.1077719
642,Dumbrăvești,dumbravesti,village,24.0917004,45.0797824
642,Foleștii de Jos,folestii de jos,village,24.0782662,45.0609848
642,Foleștii de Sus,folestii de sus,village,24.056363,45.0956569
642,Mirești,miresti,village,24.0469236,45.0743576
642,Cerna,cerna,village,23.8488542,45.1840558
642,Cornet,cornet,village,23.8784587,45.1692
642,Izvoru Rece,izvoru rece,village,23.9001028,45.1667619
642,Marița,marita,village,23.868463,45.174953
642,Valea Mare,valea mare,village,23.9989397,44.6650512
642,Bătășani,batasani,village,23.99626,44.6748809
642,Delureni,delureni,village,24.0050606,44.6546497
642,Drăganu,draganu,village,24.0020012,44.7120444
642,Mărgineni,margineni,village,24.0061282,44.6950384
642,Pietroasa,pietroasa,village,23.9951798,44.6399471
642,Fundătura,fundatura,village,24.3079412,45.1494638
642,Pleașa,pleasa,village,24.2935553,45.1485669
642,Priporu,priporu,village,24.291462,45.1261603
642,Trundin,trundin,village,24.3197871,45.1347592
642,Valea Măceșului,valea macesului,village,24.0058514,45.3953263
642,Voineșița,voinesita,village,23.9657186,45.4113183
642,Zătreni,zatreni,village,23.856976,44.7620015
642,Butanu,butanu,village,23.8563804,44.7555759
642,Ciortești,ciortesti,village,23.8315478,44.7780407
642,Contea,contea,village,23.8975277,44.7008931
642,Dealu Glămeia,dealu glameia,village,23.8220099,44.7736071
642,Dealu Văleni,dealu valeni,village,23.8025554,44.7893872
642,Făurești,fauresti,village,23.8761663,44.7406745
642,Gănești,ganesti,village,23.8938022,44.7232713
642,Lăcusteni,lacusteni,village,23.8985268,44.6903891
642,Lăcustenii de Jos,lacustenii de jos,village,23.8883264,44.6866048
642,Lăcustenii de Sus,lacustenii de sus,village,23.8908424,44.7288122
642,Mănicea,manicea,village,23.8612727,44.7489936
642,Mecea,mecea,village,23.8013328,44.7738811
642,Oltețu,oltetu,village,23.8417635,44.7765169
642,Sășcioara,sascioara,village,23.8707415,44.8006968
642,Stanomiru,stanomiru,village,23.8620269,44.7440666
642,Valea Văleni,valea valeni,village,23.8380115,44.7851996
642,Văleni,valeni,village,23.832315,44.7916857
642,Zătrenii de Sus,zatrenii de sus,village,23.8465539,44.7678565
642,Căzănești,cazanesti,village,27.5017951,46.8661977
642,Cioatele,cioatele,village,27.4290569,46.8291376
642,Glodeni,glodeni,village,27.5202935,46.8419955
642,Parpanița,parpanita,village,27.488579,46.8322195
642,Poiana,poiana,village,27.4857461,46.8055752
642,Valea Mare,valea mare,village,27.459538,46.8139838
642,Bahnari,bahnari,village,27.7990888,46.640979
642,Gura Bustei,gura bustei,suburb,27.7542054,46.645169
642,Corni-Albești,corni-albesti,village,27.8719955,46.5180746
642,Gura Albești,gura albesti,village,27.8385496,46.4689736
642,Ghicani,ghicani,village,27.656202,46.3912315
642,Ibănești,ibanesti,village,27.6254751,46.3948216
642,Mânzați,manzati,village,27.5881218,46.4454801
642,Puțu Olarului,putu olarului,village,27.6476969,46.3749139
642,Mihail Kogălniceanu,mihail kogalniceanu,village,28.0697989,46.7949139
642,Gara Banca,gara banca,village,27.7941974,46.3392311
642,Banca,banca,village,27.8131473,46.3005927
642,Ghermănești,ghermanesti,village,27.8391799,46.3237447
642,Miclești,miclesti,village,27.8989957,46.3249736
642,Mitoc,mitoc,village,27.7817207,46.3841712
642,Satu Nou,satu nou,hamlet,27.7993811,46.4199629
642,Sălcioara,salcioara,village,27.7727865,46.3454651
642,Sârbi,sarbi,village,27.8046947,46.3933685
642,Stoișești,stoisesti,village,27.8540454,46.3422391
642,Strâmtura,stramtura,village,27.7830445,46.3612679
642,Țifu,tifu,village,27.8908531,46.3345745
642,1 Decembrie,1 decembrie,village,27.8094177,46.3597908
642,Băltățeni,baltateni,village,27.6958419,46.336952
642,Suseni,suseni,village,27.6634321,46.3542614
642,Vulpășeni,vulpaseni,village,27.6744941,46.3622668
642,Armășeni,armaseni,village,27.2517005,46.8451682
642,Băbușa,babusa,village,27.2273044,46.8087194
642,Păltiniș,paltinis,village,27.2446304,46.7886644
642,Țibăneștii Buhlii,tibanestii buhlii,village,27.24312,46.8625417
642,Vovriești,vovriesti,village,27.2079342,46.8699882
642,Bălteni,balteni,village,27.6239884,46.6749392
642,Bălteni-Deal,balteni-deal,village,27.6123314,46.6683482
642,Chetrești,chetresti,village,27.5941238,46.6829985
642,Berezeni,berezeni,village,28.1521189,46.3735151
642,Mușata,musata,village,28.1026388,46.4323891
642,Rânceni,ranceni,village,28.1054341,46.4039552
642,Satu Nou,satu nou,village,28.1499972,46.358063
642,Stuhuleț,stuhulet,village,28.0678952,46.4151645
642,Blăgești,blagesti,village,28.0146146,46.1360894
642,Igești,igesti,village,27.9928064,46.1505246
642,Sipeni,sipeni,village,27.9827543,46.1369427
642,Bogdana,bogdana,village,27.6327772,46.5266756
642,Arșița,arsita,village,27.625731,46.5599945
642,Fântâna Blănarului,fantana blanarului,village,27.598934,46.5943731
642,Găvanu,gavanu,village,27.6115961,46.5093833
642,Lacu Babei,lacu babei,village,27.5901614,46.5855889
642,Plopeni,plopeni,locality,27.6039241,46.5785456
642,Similișoara,similisoara,village,27.607623,46.5179996
642,Suceveni,suceveni,village,27.6485414,46.5368797
642,Verdeș,verdes,village,27.6158116,46.5512114
642,Bogdănești,bogdanesti,village,27.7249048,46.4510865
642,Buda,buda,village,27.7149839,46.4920566
642,Horoiata,horoiata,village,27.7495314,46.3571973
642,Hupca,hupca,village,27.713284,46.4063692
642,Orgoiești,orgoiesti,village,27.6970231,46.490091
642,Ulea,ulea,village,27.7350515,46.4212257
642,Unțești,untesti,village,27.7320998,46.3972365
642,Vișinari,visinari,village,27.7030034,46.4657744
642,Vlădești,vladesti,village,27.7088091,46.4530451
642,Bogdănița,bogdanita,village,27.6855182,46.4590383
642,Cepești,cepesti,village,27.6824134,46.383659
642,Cârțibași,cartibasi,village,27.6683779,46.4568472
642,Coroiești,coroiesti,village,27.6724306,46.4393081
642,Rădăești,radaesti,village,27.6810511,46.4057244
642,Schitu,schitu,village,27.6720494,46.5063633
642,Tunsești,tunsesti,village,27.6614596,46.4840721
642,Boțești,botesti,village,27.8887043,46.7958915
642,Gănești,ganesti,village,27.9271478,46.8117785
642,Gugești,gugesti,village,27.8979524,46.7630802
642,Tălpigeni,talpigeni,hamlet,27.8900639,46.8332539
642,Averești,averesti,village,27.9896972,46.7866654
642,Armășeni,armaseni,village,27.9812168,46.8063773
642,Bunești,bunesti,village,27.9705507,46.8311254
642,Plopi,plopi,village,27.9902858,46.7702715
642,Podu Oprii,podu oprii,village,27.9467437,46.832493
642,Roșiori,rosiori,village,27.9767416,46.7955214
642,Tăbălăești,tabalaesti,village,27.9809707,46.7624962
642,Codăești,codaesti,village,27.7691355,46.8712705
642,Ghergheleu,ghergheleu,village,27.7166657,46.8534126
642,Pribești,pribesti,village,27.7965942,46.9100092
642,Rediu Galian,rediu galian,village,27.7320152,46.8864842
642,Coroiești,coroiesti,village,27.4792964,46.2475687
642,Chilieni,chilieni,village,27.4718344,46.3120744
642,Coroieștii de Sus,coroiestii de sus,village,27.4904749,46.2629042
642,Hreasca,hreasca,village,27.498978,46.339393
642,Mireni,mireni,village,27.4871921,46.3161692
642,Movileni,movileni,village,27.5140762,46.2702013
642,Păcurărești,pacuraresti,village,27.4838012,46.2832929
642,Costești,costesti,village,27.764495,46.4977028
642,Chițcani,chitcani,village,27.7818843,46.4525932
642,Dinga,dinga,village,27.7345978,46.4951336
642,Pârvești,parvesti,village,27.7424913,46.4755604
642,Puntișeni,puntiseni,village,27.7628118,46.4785457
642,Rădești,radesti,village,27.7911428,46.4786601
642,Crețești,cretesti,village,27.9615453,46.6318648
642,Budești,budesti,village,27.9540988,46.6125872
642,Crețeștii de Sus,cretestii de sus,village,27.9802274,46.6394648
642,Satu Nou,satu nou,village,27.9761099,46.6564113
642,Dănești,danesti,village,27.6731091,46.8475195
642,Bereasa,bereasa,village,27.6572579,46.8313445
642,Boțoaia,botoaia,village,27.635671,46.8269806
642,Emil Racoviță,emil racovita,village,27.6793686,46.8714666
642,Rășcani,rascani,village,27.6330697,46.8560552
642,Tătărăni,tatarani,village,27.6758091,46.8046625
642,Deleni,deleni,village,27.7439287,46.5431357
642,Bulboaca,bulboaca,village,27.7786897,46.5500131
642,Moreni,moreni,village,27.7416371,46.5131203
642,Zizinca,zizinca,village,27.7674471,46.548802
642,Delești,delesti,village,27.552014,46.7120203
642,Albești,albesti,village,27.5528519,46.6961258
642,Bălești,balesti,village,27.5286484,46.7123652
642,Cozmești,cozmesti,village,27.501644,46.733754
642,Fâstâci,fastaci,village,27.447335,46.7303686
642,Fundătura,fundatura,village,27.5308161,46.6852013
642,Hârsova,harsova,village,27.5460762,46.6708506
642,Hordilești,hordilesti,village,27.5108205,46.7442638
642,Mânăstirea,manastirea,village,27.5420063,46.6880571
642,Răduiești,raduiesti,village,27.5839923,46.6965826
642,Băbuța,babuta,village,27.3551101,46.6087799
642,Belzeni,belzeni,village,27.3063573,46.6213882
642,Botoi,botoi,hamlet,27.3851949,46.6036428
642,Ciuperca,ciuperca,village,27.4087323,46.6100189
642,Doagele,doagele,village,27.3324598,46.6706926
642,Poiana Pietrei,poiana pietrei,village,27.3488089,46.6468064
642,Popești,popesti,village,27.4036645,46.5904242
642,Rădeni,radeni,village,27.3738362,46.589332
642,Semenea,semenea,village,27.3725778,46.6074769
642,Tulești,tulesti,village,27.3323807,46.6031427
642,Drânceni,dranceni,village,28.1316843,46.8001538
642,Albița,albita,village,28.1451896,46.7974786
642,Băile Drânceni,baile dranceni,village,28.1034764,46.8147761
642,Râșești,rasesti,village,28.1351517,46.7711895
642,Șopârleni,soparleni,village,28.1204171,46.7609695
642,Bobești,bobesti,village,28.0028662,46.7218736
642,Valea Grecului,valea grecului,village,28.1100606,46.7146792
642,Dumeștii Vechi,dumestii vechi,village,27.3090839,46.8325856
642,Schinetea,schinetea,village,27.2604285,46.8623114
642,Valea Mare,valea mare,village,27.328433,46.8336698
642,Epureni,epureni,village,27.911231,46.2469324
642,Bârlălești,barlalesti,village,27.9168741,46.2221512
642,Bursuci,bursuci,village,27.8634674,46.2216362
642,Horga,horga,village,27.89172,46.2783923
642,Fălciu,falciu,village,28.1428376,46.2949302
642,Bogdănești,bogdanesti,village,28.1150074,46.2621217
642,Bozia,bozia,village,28.1221194,46.3404077
642,Copăceana,copaceana,village,28.0631703,46.3553031
642,Odaia Bogdana,odaia bogdana,village,28.0813389,46.2885532
642,Rânzești,ranzesti,village,28.0946835,46.2210111
642,Găgești,gagesti,village,27.9732077,46.3312433
642,Giurcani,giurcani,village,27.9813809,46.2830115
642,Peicani,peicani,village,27.9881776,46.3056492
642,Popeni,popeni,village,27.9766129,46.3544016
642,Tupilați,tupilati,village,27.9802192,46.3910658
642,Gherghești,gherghesti,village,27.5356813,46.489259
642,Chetrosu,chetrosu,village,27.5036228,46.5721257
642,Corodești,corodesti,village,27.5127865,46.5293097
642,Dragomănești,dragomanesti,village,27.5400209,46.5086488
642,Drăxeni,draxeni,village,27.4750389,46.5821968
642,Lazu,lazu,village,27.4942033,46.578528
642,Lunca,lunca,village,27.5466944,46.4556685
642,Soci,soci,village,27.5574433,46.4920524
642,Valea Lupului,valea lupului,hamlet,27.5484434,46.4854392
642,Gârceni,garceni,village,27.3065466,46.755272
642,Dumbrăveni,dumbraveni,village,27.3471375,46.7637549
642,Racova,racova,village,27.2473074,46.7444751
642,Racovița,racovita,village,27.2595574,46.7582447
642,Slobozia,slobozia,village,27.2299688,46.7522309
642,Trohan,trohan,village,27.2871762,46.7330772
642,Grivița,grivita,village,27.6625747,46.1614107
642,Fruntișeni,fruntiseni,village,27.769041,46.2063435
642,Grăjdeni,grajdeni,village,27.7783191,46.1897719
642,Odaia Bursucani,odaia bursucani,village,27.7107236,46.1527141
642,Trestiana,trestiana,village,27.6723008,46.1917325
642,Hoceni,hoceni,village,28.0074587,46.5396577
642,Barboși,barbosi,village,27.9701294,46.4885555
642,Deleni,deleni,village,27.9888553,46.517131
642,Oțeleni,oteleni,village,27.9815389,46.5403105
642,Rediu,rediu,hamlet,27.9333876,46.5453399
642,Șișcani,siscani,village,27.9951294,46.5826586
642,Tomșa,tomsa,village,27.9944702,46.567687
642,Hurdugi,hurdugi,village,28.0569822,46.5093783
642,Grumezoaia,grumezoaia,village,28.0371524,46.5575389
642,Gușiței,gusitei,village,28.0278566,46.4589409
642,Plotonești,plotonesti,village,28.0759744,46.5559306
642,Urlați,urlati,village,28.0539632,46.5654258
642,Iana,iana,village,27.5546058,46.3801243
642,Hălărești,halaresti,village,27.5564924,46.3947971
642,Recea,recea,village,27.5487546,46.445059
642,Siliștea,silistea,village,27.5562108,46.4283729
642,Vadurile,vadurile,village,27.5428804,46.3718319
642,Albina,albina,hamlet,27.376,46.6590918
642,Bleșca,blesca,village,27.3970986,46.659131
642,Broșteni,brosteni,village,27.4933044,46.6365655
642,Buscata,buscata,village,27.4165682,46.6348391
642,Coșca,cosca,village,27.4743937,46.6839488
642,Coșești,cosesti,village,27.4574966,46.6749411
642,Fundătura Mare,fundatura mare,village,27.4488454,46.7044444
642,Fundătura Mică,fundatura mica,village,27.43988,46.7023301
642,Hârșoveni,harsoveni,village,27.5083128,46.644708
642,Iezerel,iezerel,village,27.423302,46.6516789
642,Ursoaia,ursoaia,village,27.4042432,46.650414
642,Valea Mare,valea mare,village,27.4888143,46.663815
642,Valea Oanei,valea oanei,village,27.4302179,46.670008
642,Belcești,belcesti,village,27.5161605,46.153522
642,Pogonești,pogonesti,village,27.532255,46.1522938
642,Polocin,polocin,village,27.5315237,46.1366122
642,Laza,laza,village,27.5976131,46.6456637
642,Bejenești,bejenesti,village,27.6171735,46.6510208
642,Poiana lui Alexa,poiana lui alexa,village,27.6174582,46.6188295
642,Pușcași,puscasi,village,27.6450332,46.6215374
642,Râșnița,rasnita,village,27.5737067,46.660507
642,Sauca,sauca,village,27.6052284,46.6526781
642,Teișoru,teisoru,village,27.5855301,46.6057818
642,Valea Târgului,valea targului,village,27.6524202,46.6541977
642,Lipovăț,lipovat,village,27.7144588,46.5653887
642,Căpușneni,capusneni,village,27.6872021,46.527098
642,Chițoc,chitoc,village,27.6745048,46.5954473
642,Corbu,corbu,village,27.706283,46.5813556
642,Fundu Văii,fundu vaii,hamlet,27.6784033,46.5460788
642,Lunca Banului,lunca banului,village,28.1708602,46.5965489
642,Broscoșești,broscosesti,village,28.2218941,46.5668997
642,Condrea,condrea,village,28.2162003,46.5412211
642,Focșa,focsa,village,28.1935742,46.5651521
642,Lunca Veche,lunca veche,village,28.1764898,46.5278728
642,Oțetoaia,otetoaia,village,28.1768135,46.5814868
642,Răducani,raducani,hamlet,28.2291825,46.5857607
642,Mălușteni,malusteni,village,27.919258,46.1806914
642,Ghireasca,ghireasca,village,27.89732,46.1977672
642,Lupești,lupesti,village,27.8818656,46.1786057
642,Mânăstirea,manastirea,village,27.9563922,46.1788649
642,Mânzătești,manzatesti,village,27.886901,46.1556954
642,Țuțcani,tutcani,village,27.951003,46.1636198
642,Miclești,miclesti,village,27.8399846,46.8224185
642,Chircești,chircesti,village,27.8492728,46.8464093
642,Popești,popesti,village,27.8373619,46.7974921
642,Mânjești,manjesti,village,27.8164172,46.5981593
642,Secuia,secuia,village,27.8016093,46.5643004
642,Cârja,carja,village,28.1092273,46.1482028
642,Lățești,latesti,village,27.9859275,46.1839684
642,Sărățeni,sarateni,village,27.9604594,46.192737
642,Schineni,schineni,village,27.9529027,46.203512
642,Raiu,raiu,village,28.0178113,46.2398971
642,Floreni,floreni,village,27.9802098,46.2359891
642,Oltenești,oltenesti,village,27.9013603,46.5830113
642,Curteni,curteni,village,27.9346762,46.6000493
642,Pâhna,pahna,village,27.8702736,46.5555305
642,Târzii,tarzii,village,27.8610262,46.5685774
642,Vinețești,vinetesti,village,27.9006429,46.6296464
642,Zgura,zgura,village,27.9397193,46.5684729
642,Oșești,osesti,village,27.4846808,46.7589876
642,Buda,buda,village,27.421133,46.7623126
642,Pădureni,padureni,village,27.4408141,46.7855927
642,Vâlcele,valcele,village,27.445141,46.747472
642,Pădureni,padureni,village,28.0819803,46.6219225
642,Căpotești,capotesti,village,28.0986397,46.5941266
642,Davidești,davidesti,village,28.0953268,46.6034063
642,Ivănești,ivanesti,village,28.1177742,46.5628779
642,Leoști,leosti,village,28.0750886,46.612996
642,Rusca,rusca,village,28.0640762,46.6436873
642,Todireni,todireni,hamlet,28.1277724,46.51091
642,Văleni,valeni,village,28.0670667,46.5929396
642,Perieni,perieni,village,27.6099538,46.3044359
642,Ciocani,ciocani,village,27.5599449,46.2604365
642,Crâng,crang,village,27.6109148,46.2455684
642,Crângu Nou,crangu nou,village,27.566817,46.273127
642,Podu Petriș,podu petris,village,27.5446689,46.2353774
642,Dealu Secării,dealu secarii,hamlet,27.5688257,46.5216166
642,Frasinu,frasinu,village,27.5071814,46.6155456
642,Fundu Văii,fundu vaii,village,27.5240511,46.5713638
642,Oprișița,oprisita,village,27.5718571,46.6111793
642,Pogana,pogana,village,27.5727934,46.3155448
642,Bogești,bogesti,village,27.5513358,46.3418633
642,Cârjoani,carjoani,village,27.535224,46.3224008
642,Măscurei,mascurei,village,27.5228742,46.3402153
642,Tomești,tomesti,village,27.5832589,46.3555051
642,Puiești,puiesti,village,27.4851647,46.4227004
642,Bărtăluș-Mocani,bartalus-mocani,village,27.4572345,46.3951904
642,Bărtăluș-Răzeși,bartalus-razesi,village,27.4591445,46.3850964
642,Călimănești,calimanesti,village,27.4237201,46.5004261
642,Cetățuia,cetatuia,village,27.4365181,46.430399
642,Cristești,cristesti,village,27.4525283,46.4658623
642,Fântânele,fantanele,village,27.4498145,46.4961095
642,Fulgu,fulgu,village,27.3932804,46.4979818
642,Gâlțești,galtesti,village,27.5152629,46.4322405
642,Iezer,iezer,village,27.5251196,46.4120373
642,Lălești,lalesti,village,27.426372,46.4747009
642,Rotari,rotari,village,27.461947,46.4166473
642,Ruși,rusi,village,27.5081447,46.4599017
642,Armășoaia,armasoaia,village,27.3834688,46.6878985
642,Cursești-Deal,cursesti-deal,village,27.3866023,46.7125642
642,Cursești-Vale,cursesti-vale,village,27.3777539,46.720568
642,Hordila,hordila,locality,27.4302881,46.7090039
642,Rapșa,rapsa,village,27.4151771,46.711662
642,Siliștea,silistea,village,27.36988,46.6914998
642,Stejaru,stejaru,village,27.3193688,46.6896404
642,Toporăști,toporasti,village,27.4117985,46.6929866
642,Bolați,bolati,village,27.5962558,46.845893
642,Crăciunești,craciunesti,village,27.5318202,46.8707616
642,Drăxeni,draxeni,village,27.626612,46.8733291
642,Măcrești,macresti,village,27.536697,46.8919651
642,Rateșu Cuzei,ratesu cuzei,village,27.5642302,46.837551
642,Sasova,sasova,village,27.5806384,46.8822788
642,Tatomirești,tatomiresti,village,27.5343368,46.9012865
642,Tufeștii de Jos,tufestii de jos,village,27.6211906,46.8808951
642,Roșiești,rosiesti,village,27.9024172,46.4396162
642,Codreni,codreni,village,27.9054381,46.4808913
642,Gara Roșiești,gara rosiesti,village,27.835107,46.4326978
642,Gura Idrici,gura idrici,village,27.8832544,46.4141669
642,Idrici,idrici,village,27.9005208,46.4670189
642,Rediu,rediu,village,27.8741347,46.4740917
642,Valea lui Darie,valea lui darie,village,27.9429595,46.4492589
642,Solești,solesti,village,27.7844749,46.7634409
642,Boușori,bousori,village,27.8252579,46.7333472
642,Iaz,iaz,village,27.7601085,46.8192421
642,Satu Nou,satu nou,village,27.7979261,46.7830318
642,Șerbotești,serbotesti,village,27.7776302,46.8096231
642,Știoborăni,stioborani,village,27.8576466,46.7463632
642,Valea Siliștei,valea silistei,village,27.831181,46.7452892
642,Stănilești,stanilesti,village,28.1735594,46.6208643
642,Bogdana-Voloseni,bogdana-voloseni,village,28.1194372,46.6380892
642,Budu Cantemir,budu cantemir,village,28.1297732,46.6146881
642,Chersăcosu,chersacosu,village,28.1379501,46.7173615
642,Gura Văii,gura vaii,village,28.1596712,46.6441856
642,Pogănești,poganesti,village,28.1657507,46.6937123
642,Săratu,saratu,village,28.2399107,46.6244181
642,Ștefan cel Mare,stefan cel mare,village,27.631075,46.7175296
642,Bârzești,barzesti,village,27.5669592,46.7434305
642,Brăhășoaia,brahasoaia,village,27.6031234,46.7168334
642,Călugăreni,calugareni,village,27.5761149,46.7285221
642,Cănțălărești,cantalaresti,village,27.6200791,46.7329455
642,Mărășeni,maraseni,village,27.6668927,46.6977956
642,Muntenești,muntenesti,village,27.5316494,46.7583152
642,Șuletea,suletea,village,27.9133349,46.2886914
642,Fedești,fedesti,village,27.874821,46.3065451
642,Jigălia,jigalia,village,27.922328,46.3123237
642,Rășcani,rascani,village,27.9034182,46.3180543
642,Tanacu,tanacu,village,27.8190674,46.6787941
642,Benești,benesti,village,27.8297892,46.6956318
642,Muntenii de Sus,muntenii de sus,village,27.7776316,46.6896757
642,Tăcuta,tacuta,village,27.6879318,46.9200186
642,Cujba,cujba,village,27.6654648,46.9569614
642,Dumasca,dumasca,village,27.7102792,46.9243104
642,Focșeașca,focseasca,village,27.6329368,46.9333103
642,Mircești,mircesti,village,27.6728535,46.9006153
642,Protopopești,protopopesti,village,27.6397457,46.9653824
642,Sofieni,sofieni,village,27.6468174,46.953548
642,Tătărăni,tatarani,village,27.9644254,46.6942209
642,Bălțați,baltati,village,27.9001951,46.6991076
642,Crăsnășeni,crasnaseni,village,27.9571585,46.67087
642,Giurgești,giurgesti,village,27.9773789,46.7349391
642,Leoști,leosti,village,27.9482321,46.6621527
642,Mantu,mantu,village,27.9299886,46.7332303
642,Stroiești,stroiesti,village,27.9774014,46.7253077
642,Valea lui Bosie,valea lui bosie,village,27.9735584,46.7100697
642,Valea Seacă,valea seaca,village,27.9762073,46.7510897
642,Cotic,cotic,village,27.3632159,46.8720743
642,Drăgești,dragesti,village,27.3946606,46.8711297
642,Huc,huc,village,27.4070217,46.8286912
642,Plopoasa,plopoasa,village,27.3715191,46.8143979
642,Rafaila,rafaila,village,27.3623606,46.800638
642,Sofronești,sofronesti,village,27.3784209,46.8809588
642,Valea Popii,valea popii,village,27.411762,46.8625793
642,Viișoara,viisoara,village,27.3619971,46.83145
642,Tutova,tutova,village,27.5633221,46.1211492
642,Bădeana,badeana,village,27.5925333,46.16209
642,Borodești,borodesti,village,27.5848491,46.0569651
642,Ciortolom,ciortolom,village,27.5757853,46.1122841
642,Coroiu,coroiu,village,27.5430854,46.1043042
642,Crivești,crivesti,village,27.561265,46.0903425
642,Pochidia,pochidia,village,27.5874634,46.043179
642,Satu Nou,satu nou,village,27.5964293,46.0440249
642,Sălceni,salceni,village,27.5690726,46.0649898
642,Vizureni,vizureni,village,27.5917638,46.0837381
642,Văleni,valeni,village,27.7656999,46.7403339
642,Ferești,feresti,village,27.7009251,46.781792
642,Moara Domnească,moara domneasca,village,27.7610382,46.7204557
642,Vetrișoaia,vetrisoaia,village,28.2096737,46.4291215
642,Bumbăta,bumbata,village,28.2254479,46.4847796
642,Viișoara,viisoara,village,27.8963987,46.3794595
642,Dodești,dodesti,village,27.8939854,46.3521631
642,Halta Dodești,halta dodesti,village,27.8230317,46.3758436
642,Urdești,urdesti,village,27.9426579,46.3487477
642,Văleni,valeni,village,27.8450057,46.3845448
642,Viltotești,viltotesti,village,27.8771557,46.379512
642,Vinderei,vinderei,village,27.8153532,46.1507182
642,Brădești,bradesti,village,27.7731245,46.1619574
642,Docani,docani,village,27.7523095,46.1412075
642,Docăneasa,docaneasa,village,27.8011586,46.1116307
642,Gara Docăneasa,gara docaneasa,village,27.7854379,46.113779
642,Gara Tălășman,gara talasman,village,27.8420356,46.1326132
642,Obârșeni,obarseni,village,27.8445525,46.184305
642,Valea Lungă,valea lunga,village,27.8315007,46.151661
642,Voinești,voinesti,village,27.4243705,46.5608673
642,Avrămești,avramesti,village,27.3640304,46.5509088
642,Băncești,bancesti,village,27.4470199,46.5401602
642,Corobănești,corobanesti,village,27.4658027,46.5154418
642,Gârdești,gardesti,village,27.4514987,46.5508393
642,Mărășești,marasesti,village,27.4141833,46.5244676
642,Obârșeni,obarseni,village,27.4503909,46.5736153
642,Obârșenii Lingurari,obarsenii lingurari,village,27.4358239,46.5952085
642,Rugăria,rugaria,village,27.4647272,46.6038458
642,Stâncășeni,stancaseni,village,27.4746777,46.521425
642,Uricari,uricari,village,27.3646639,46.5733956
642,Buhăiești,buhaiesti,village,27.5265065,46.7792446
642,Podeni,podeni,village,27.5653358,46.8005537
642,Voinești,voinesti,village,27.5113756,46.8197695
642,Vutcani,vutcani,village,27.9512623,46.4632551
642,Mălăiești,malaiesti,village,27.972275,46.4608081
642,Poșta Elan,posta elan,village,27.9969576,46.4133854
642,Zăpodeni,zapodeni,village,27.6623321,46.7452418
642,Butucăria,butucaria,village,27.625145,46.7972695
642,Ciofeni,ciofeni,village,27.6336133,46.7578096
642,Delea,delea,village,27.7026002,46.6974393
642,Dobroslovești,dobroslovesti,village,27.6085902,46.7690532
642,Măcrești,macresti,village,27.5934126,46.8106473
642,Portari,portari,village,27.7001561,46.7385626
642,Telejna,telejna,village,27.6483396,46.7829506
642,Uncești,uncesti,village,27.5975025,46.7994426
642,Dealu Mare,dealu mare,village,27.7213056,46.2244916
642,Popeni,popeni,village,27.8052021,46.2466716
642,Ipotești,ipotesti,village,26.2869228,47.6256649
642,Lisaura,lisaura,village,26.2924942,47.6385663
642,Tișăuți,tisauti,village,26.3084137,47.624174
642,Mitocu Dragomirnei,mitocu dragomirnei,village,26.2443832,47.7239143
642,Dragomirna,dragomirna,village,26.2267577,47.7594774
642,Prelipca,prelipca,village,26.3541364,47.6108531
642,Văratec,varatec,village,26.4022942,47.6406348
642,Șcheia,scheia,village,26.2263583,47.6561
642,Florinta,florinta,village,26.1289761,47.6460096
642,Mihoveni,mihoveni,village,26.1800749,47.6797335
642,Sfântu Ilie,sfantu ilie,village,26.2085509,47.6369244
642,Trei Movile,trei movile,village,26.1556559,47.6316839
642,Câmpulung Moldovenesc,campulung moldovenesc,city,25.5597482,47.5297764
642,Șoldănești,soldanesti,village,26.3239902,47.4520516
642,Țarna Mare,tarna mare,village,26.3276341,47.4727093
642,Mănăstioara,manastioara,village,26.0326139,47.9429149
642,Pădureni,padureni,village,26.1058637,47.9501308
642,Poieni-Solca,poieni-solca,village,25.8937392,47.6862564
642,Roșu,rosu,village,25.3142531,47.3482543
642,Todireni,todireni,village,25.3441241,47.2990285
642,Arțari,artari,hamlet,26.3185942,47.7630245
642,Berești,beresti,village,26.3347141,47.7827818
642,Arbore,arbore,village,25.9200022,47.7312669
642,Bodnăreni,bodnareni,village,25.9334323,47.7580171
642,Baia,baia,village,26.2190039,47.4183168
642,Bogata,bogata,village,26.1865521,47.4078945
642,Bădeuți,badeuti,village,25.9837676,47.8025171
642,Gara,gara,village,26.0538244,47.7726485
642,Iaslovăț,iaslovat,village,25.9774206,47.7586184
642,Lunca,lunca,hamlet,26.0221622,47.772607
642,Bălcăuți,balcauti,village,26.0726912,47.8920091
642,Gropeni,gropeni,village,26.1003596,47.8971912
642,Negostina,negostina,village,26.0778287,47.9211184
642,Bilca,bilca,village,25.7545426,47.9180864
642,Bogdănești,bogdanesti,village,26.2738643,47.366711
642,Boroaia,boroaia,village,26.3380001,47.3490395
642,Bărăști,barasti,village,26.3538318,47.3631775
642,Giulești,giulesti,village,26.3800041,47.3486458
642,Moișa,moisa,village,26.2870257,47.3325692
642,Săcuța,sacuta,village,26.289468,47.3177933
642,Bosanci,bosanci,village,26.3172237,47.5875681
642,Botoșana,botosana,village,25.9434219,47.6873963
642,Breaza,breaza,village,25.3203686,47.6151442
642,Breaza de Sus,breaza de sus,village,25.3106173,47.6491338
642,Pârâu Negrei,parau negrei,village,25.364169,47.6087909
642,Brodina,brodina,village,25.4281647,47.8849335
642,Brodina de Jos,brodina de jos,village,25.3805568,47.8112608
642,Cununschi,cununschi,village,25.3516243,47.7892269
642,Dubiușca,dubiusca,hamlet,25.4097008,47.7954497
642,Ehrește,ehreste,hamlet,25.3461789,47.8366253
642,Falcău,falcau,village,25.4690809,47.9108662
642,Norocu,norocu,village,25.3977433,47.9038827
642,Paltin,paltin,village,25.3442313,47.8671887
642,Sadău,sadau,village,25.4013176,47.8763548
642,Zalomestra,zalomestra,hamlet,25.3994235,47.8520112
642,Broșteni,brosteni,town,25.69769,47.2389891
642,Cotârgași,cotargasi,village,25.760175,47.2644925
642,Dârmoxa,darmoxa,village,25.5443154,47.186211
642,Frasin,frasin,village,25.7372349,47.2207215
642,Hăleasa,haleasa,village,25.716932,47.2345044
642,Holdița,holdita,village,25.6977147,47.2553947
642,Lungeni,lungeni,village,25.7255688,47.2333336
642,Neagra,neagra,village,25.6966913,47.2352338
642,Pietroasa,pietroasa,village,25.7418035,47.2366161
642,Petia,petia,village,26.3192592,47.5101278
642,Podeni,podeni,village,26.2798915,47.5150304
642,Șes,ses,hamlet,26.2750103,47.51136
642,Uncești,uncesti,village,26.3234106,47.5281257
642,Cacica,cacica,village,25.9018465,47.6381408
642,Maidan,maidan,village,25.8237572,47.6624608
642,Runcu,runcu,village,25.8454383,47.6736564
642,Solonețu Nou,solonetu nou,village,25.8517605,47.6543617
642,Calafindești,calafindesti,village,26.1259184,47.8562226
642,Botoșanița Mare,botosanita mare,village,26.1060331,47.8753365
642,Șerbăuți,serbauti,village,26.1400907,47.8268448
642,Cajvana,cajvana,town,25.9669237,47.7016993
642,Codru,codru,village,26.0167868,47.726171
642,Ilișești,ilisesti,village,26.047889,47.6095154
642,Bălăceana,balaceana,village,26.0385841,47.6428604
642,Brașca,brasca,village,26.0567959,47.6236027
642,Cârlibaba,carlibaba,village,25.1266707,47.5758338
642,Cârlibaba Nouă,carlibaba noua,village,25.1269425,47.5707684
642,Iedu,iedu,village,25.1079178,47.6206174
642,Șesuri,sesuri,village,24.9633651,47.5969703
642,Țibău,tibau,village,25.0750907,47.5965111
642,Valea Stânei,valea stanei,village,25.1631198,47.5531385
642,Cornu Luncii,cornu luncii,village,26.1523976,47.4635175
642,Băișești,baisesti,village,26.1111466,47.4802379
642,Brăiești,braiesti,village,26.0718166,47.4967277
642,Dumbrava,dumbrava,village,26.1517672,47.4884265
642,Păiseni,paiseni,village,26.1097124,47.4297953
642,Sasca Mare,sasca mare,village,26.1416569,47.4327057
642,Sasca Mică,sasca mica,village,26.1788828,47.439269
642,Sasca Nouă,sasca noua,village,26.193342,47.4591455
642,Șinca,sinca,village,26.1583427,47.4275746
642,Măriței,maritei,village,26.1455688,47.7410829
642,Dănila,danila,village,26.1017326,47.7519405
642,Dărmănești,darmanesti,village,26.1279343,47.7468286
642,Călinești-Vasilache,calinesti-vasilache,village,26.1220232,47.7905305
642,Mărițeia Mică,mariteia mica,village,26.1117422,47.7494953
642,Dolhasca,dolhasca,town,26.611131,47.426148
642,Budeni,budeni,village,26.6592576,47.4138385
642,Gulia,gulia,village,26.6085489,47.4120321
642,Poiana,poiana,village,26.5714413,47.4596512
642,Poienari,poienari,village,26.5989111,47.3880332
642,Probota,probota,village,26.6246537,47.3758683
642,Siliștea Nouă,silistea noua,village,26.6363666,47.4501559
642,Valea Poienei,valea poienei,village,26.5712813,47.4166263
642,Dolheștii-Mari,dolhestii-mari,village,26.513262,47.4502044
642,Dolheștii Mici,dolhestii mici,village,26.5517837,47.4363273
642,Valea Bourei,valea bourei,village,26.5064386,47.4250684
642,Cozănești,cozanesti,village,25.4287074,47.3430922
642,Coșna,cosna,village,25.1813846,47.3694413
642,Dealu Floreni,dealu floreni,village,25.2278854,47.3596934
642,Poiana Negrii,poiana negrii,village,25.2192135,47.3199204
642,Podu Coșnei,podu cosnei,village,25.1895775,47.3583613
642,Românești,romanesti,village,25.1532602,47.3708637
642,Teșna,tesna,village,25.1293448,47.3669198
642,Valea Bancului,valea bancului,village,25.1911712,47.3985079
642,Iaz,iaz,village,25.9829533,47.9077381
642,Măzănăești,mazanaesti,village,26.0840127,47.5279542
642,Berchișești,berchisesti,village,26.0320688,47.5230574
642,Corlata,corlata,village,26.0470792,47.5443871
642,Drăgoiești,dragoiesti,village,26.0845054,47.5456253
642,Lucăcești,lucacesti,village,26.1068127,47.5316161
642,Drăgușeni,draguseni,village,26.4891409,47.2960668
642,Broșteni,brosteni,village,26.5562458,47.3045877
642,Gara Leu,gara leu,hamlet,26.5220371,47.3332644
642,Fântânele,fantanele,village,26.5327657,47.5746308
642,Bănești,banesti,village,26.5233534,47.5894624
642,Cotu Dobei,cotu dobei,village,26.4733784,47.5873723
642,Slobozia,slobozia,village,26.5537286,47.5680673
642,Stamate,stamate,village,26.5169768,47.6059806
642,Forăști,forasti,village,26.4670312,47.3493848
642,Antoceni,antoceni,village,26.4764201,47.3327212
642,Boura,boura,village,26.4800777,47.4061291
642,Manolea,manolea,village,26.4645337,47.4012887
642,Oniceni,oniceni,village,26.4621659,47.3244094
642,Roșiori,rosiori,village,26.4144995,47.3511446
642,Ruși,rusi,village,26.4360429,47.3528408
642,Țolești,tolesti,village,26.4839796,47.379559
642,Uidești,uidesti,village,26.4685984,47.3785129
642,Doroteia,doroteia,village,25.7980329,47.5002734
642,Plutonița,plutonita,village,25.7914521,47.4808079
642,Frătăuții Noi,fratautii noi,village,25.8399606,47.9296042
642,Costișa,costisa,village,25.9074709,47.9217596
642,Frătăuții Vechi,fratautii vechi,village,25.8786354,47.9096232
642,Măneuți,maneuti,village,25.9271032,47.8997469
642,Deia,deia,village,25.6193826,47.5951183
642,Dragoșa,dragosa,village,25.6357609,47.6489486
642,Botușel,botusel,village,25.2981859,47.5781634
642,Botuș,botus,village,25.3417357,47.5598831
642,Braniștea,branistea,village,25.3399682,47.5868904
642,Colacu,colacu,village,25.3721082,47.5383011
642,Delnița,delnita,village,25.3088755,47.5373082
642,Deluț,delut,village,25.2921643,47.5588131
642,Obcina,obcina,hamlet,25.2668419,47.5729958
642,Plai,plai,hamlet,25.3669493,47.5626125
642,Smida Ungurenilor,smida ungurenilor,village,25.3383798,47.5169336
642,Gălănești,galanesti,village,25.8042536,47.9122531
642,Hurjuieni,hurjuieni,village,25.8536129,47.9198729
642,Voitinel,voitinel,village,25.7573498,47.8836552
642,Grămești,gramesti,village,26.1479972,47.9128312
642,Botoșanița Mică,botosanita mica,village,26.1295722,47.885202
642,Rudești,rudesti,village,26.1105846,47.9035701
642,Verbia,verbia,hamlet,26.1590863,47.8860095
642,Grănicești,granicesti,village,26.0546635,47.8109984
642,Dumbrava,dumbrava,village,26.0962076,47.8007062
642,Gura Solcii,gura solcii,village,26.0501395,47.7409315
642,Iacobești,iacobesti,village,26.0851499,47.7649406
642,Românești,romanesti,village,26.0778807,47.781156
642,Slobozia Sucevei,slobozia sucevei,village,26.0465607,47.7642773
642,Horodniceni,horodniceni,village,26.1634053,47.5284811
642,Botești,botesti,village,26.1338051,47.5161804
642,Brădățel,bradatel,village,26.1659072,47.4995897
642,Mihăiești,mihaiesti,village,26.2173391,47.5156313
642,Rotopănești,rotopanesti,village,26.1846163,47.5075745
642,Horodnic de Jos,horodnic de jos,village,25.8325129,47.8608677
642,Botoș,botos,village,25.2218262,47.5175196
642,Ciocănești,ciocanesti,village,25.2791197,47.4810663
642,Brodina,brodina,village,25.2723612,47.781111
642,Liteni,liteni,town,26.528299,47.5204905
642,Corni,corni,village,26.5566536,47.4726466
642,Roșcani,roscani,village,26.5490942,47.5334522
642,Rotunda,rotunda,village,26.5246576,47.4874516
642,Siliștea,silistea,village,26.4792464,47.5220345
642,Vercicani,vercicani,village,26.5734139,47.5268864
642,Mălini,malini,village,26.0856829,47.4542559
642,Iesle,iesle,hamlet,25.9020642,47.3207693
642,Pâraie,paraie,village,26.0660849,47.4629935
642,Poiana Mărului,poiana marului,village,26.0407735,47.4118765
642,Văleni-Stânișoara,valeni-stanisoara,village,25.9788516,47.3672932
642,Mănăstirea Humorului,manastirea humorului,village,25.8548807,47.5936186
642,Pleșa,plesa,village,25.8365024,47.6306584
642,Poiana Micului,poiana micului,village,25.7701333,47.6583131
642,Moara Nica,moara nica,village,26.2226153,47.6008605
642,Bulai,bulai,village,26.221223,47.6155103
642,Frumoasa,frumoasa,village,26.1928318,47.595845
642,Groapa Vlădichii,groapa vladichii,hamlet,26.2303884,47.5528607
642,Liteni,liteni,village,26.181812,47.570915
642,Moara Carp,moara carp,village,26.2305261,47.5817971
642,Vornicenii Mari,vornicenii mari,village,26.1228552,47.5608342
642,Vornicenii Mici,vornicenii mici,village,26.1621473,47.5651676
642,Moldova-Sulița,moldova-sulita,village,25.2417229,47.6931655
642,Benia,benia,village,25.2669694,47.6645867
642,Moldovița,moldovita,village,25.5400655,47.6881576
642,Argel,argel,village,25.4684029,47.7618504
642,Demacușa,demacusa,village,25.5049852,47.6971657
642,Rașca,rasca,village,25.5115384,47.7452003
642,Baineț,bainet,village,25.9449636,47.9673739
642,Băncești,bancesti,village,26.0124911,47.9559072
642,Climăuți,climauti,village,25.9274877,47.9658593
642,Mușenița,musenita,village,25.9968059,47.9668435
642,Vășcăuți,vascauti,village,26.0231085,47.9675157
642,Vicșani,vicsani,village,25.9815699,47.9375997
642,Ostra,ostra,village,25.7546224,47.3967305
642,Tărnicioara,tarnicioara,village,25.7550602,47.4117294
642,Panaci,panaci,village,25.379066,47.2471824
642,Catrinari,catrinari,village,25.4676849,47.1784317
642,Coverca,coverca,village,25.3894684,47.2330883
642,Drăgoiasa,dragoiasa,village,25.4372883,47.1645857
642,Glodu,glodu,village,25.4765548,47.1609609
642,Păltiniș,paltinis,village,25.429981,47.1938624
642,Păltinoasa,paltinoasa,village,25.9541801,47.5509036
642,Capu Codrului,capu codrului,village,25.9863846,47.5316816
642,Deleni,deleni,village,25.9709025,47.6308191
642,Varvata,varvata,hamlet,26.0001509,47.6124872
642,Vârfu Dealului,varfu dealului,village,25.9376011,47.6082171
642,Căsoi,casoi,village,25.1163133,47.3045013
642,Dornișoara,dornisoara,village,25.0835047,47.2179001
642,Pilugani,pilugani,village,25.1674528,47.3311428
642,Prăleni,praleni,village,25.1842855,47.338033
642,Tătaru,tataru,village,25.099355,47.3349322
642,Teșna,tesna,village,25.1293927,47.3319813
642,Pojorâta,pojorata,village,25.4666778,47.5240443
642,Preutești,preutesti,village,26.4140176,47.4576011
642,Arghira,arghira,village,26.4724956,47.4541207
642,Bahna Arin,bahna arin,village,26.4440228,47.4885461
642,Hârtop,hartop,village,26.3722604,47.4900016
642,Huși,husi,village,26.387061,47.4468209
642,Leucușești,leucusesti,village,26.3730667,47.4275069
642,Gura Putnei,gura putnei,village,25.5950961,47.8995078
642,Rădășeni,radaseni,village,26.2527133,47.4688017
642,Lămășeni,lamaseni,village,26.2270473,47.4933124
642,Pocoleni,pocoleni,village,26.2661926,47.5020384
642,Râșca,rasca,village,26.2343367,47.3567267
642,Buda,buda,village,26.1699547,47.3694528
642,Dumbrăveni,dumbraveni,village,26.1876531,47.355473
642,Jahalia,jahalia,village,26.2399156,47.3799255
642,Slătioara,slatioara,village,26.1172178,47.379194
642,Sadova,sadova,village,25.5037958,47.5424818
642,Satu Mare,satu mare,village,26.0023952,47.8313671
642,Țibeni,tibeni,village,26.0243805,47.8161826
642,Slatina,slatina,village,26.0028417,47.4460948
642,Găinești,gainesti,village,25.9180877,47.4196774
642,Herla,herla,village,26.0125374,47.4428555
642,Straja,straja,village,25.5527501,47.9182518
642,Stroiești,stroiesti,village,26.129146,47.6170711
642,Vâlcelele,valcelele,village,26.1007389,47.6502381
642,Zaharești,zaharesti,village,26.1518034,47.5913642
642,Stulpicani,stulpicani,village,25.7650455,47.4585147
642,Gemenea,gemenea,village,25.7012051,47.438031
642,Negrileasa,negrileasa,village,25.8161708,47.42348
642,Slătioara,slatioara,village,25.6676238,47.4635461
642,Vadu Negrilesei,vadu negrilesei,village,25.8410927,47.3849449
642,Voievodeasa,voievodeasa,village,25.7493897,47.7995332
642,Neagra Șarului,neagra sarului,village,25.3311958,47.2405282
642,Gura Haitii,gura haitii,village,25.2637591,47.1972575
642,Plaiu Șarului,plaiu sarului,village,25.3795847,47.3042745
642,Sărișor,sarisor,village,25.3127458,47.259693
642,Sărișoru Mare,sarisoru mare,village,25.3325809,47.2705046
642,Șaru Bucovinei,saru bucovinei,village,25.3437319,47.2905415
642,Șaru Dornei,saru dornei,village,25.3708138,47.2920314
642,Todirești,todiresti,village,26.0631423,47.7038278
642,Costâna,costana,village,26.1186125,47.6903441
642,Părhăuți,parhauti,village,26.0902036,47.7106449
642,Sârghiești,sarghiesti,village,26.0836253,47.7287068
642,Soloneț,solonet,village,26.0320666,47.6869812
642,Udești,udesti,village,26.4122337,47.5755652
642,Chilișeni,chiliseni,village,26.4792281,47.5624595
642,Luncușoara,luncusoara,village,26.359469,47.5962364
642,Mănăstioara,manastioara,village,26.3978631,47.5543028
642,Plăvălari,plavalari,village,26.3573049,47.5692187
642,Poieni-Suceava,poieni-suceava,village,26.4627456,47.5744812
642,Racova,racova,village,26.4441298,47.5512718
642,Reuseni,reuseni,village,26.3693347,47.5801628
642,Rușii-Mănăstioara,rusii-manastioara,village,26.3821148,47.5915705
642,Securiceni,securiceni,village,26.3432454,47.5779303
642,Știrbăț,stirbat,village,26.4925661,47.5554162
642,Ulma,ulma,village,25.2893928,47.8897496
642,Costileva,costileva,hamlet,25.2353359,47.8809227
642,Lupcina,lupcina,hamlet,25.2474428,47.8311207
642,Măgura,magura,hamlet,25.235647,47.8218701
642,Nisipitu,nisipitu,village,25.3236298,47.8734929
642,Vadu Moldovei,vadu moldovei,village,26.3706524,47.3778504
642,Cămârzani,camarzani,village,26.3864834,47.3846521
642,Ciumulești,ciumulesti,village,26.3923689,47.374137
642,Cotu Băii,cotu baii,village,26.2817587,47.4193044
642,Dumbrăvița,dumbravita,village,26.345782,47.3984549
642,Fântâna Mare,fantana mare,village,26.3001537,47.4143227
642,Ioneasa,ioneasa,village,26.4374927,47.3728034
642,Mesteceni,mesteceni,village,26.4196029,47.4017936
642,Movileni,movileni,village,26.4142578,47.3950849
642,Nigotești,nigotesti,village,26.4351268,47.3828455
642,Valea Moldovei,valea moldovei,village,26.0211829,47.4733554
642,Capu Câmpului,capu campului,village,25.9795934,47.5082202
642,Mironu,mironu,village,26.0095192,47.4879851
642,Ciumârna,ciumarna,village,25.611572,47.7102175
642,Paltinu,paltinu,village,25.5409828,47.6324763
642,Verești,veresti,village,26.4396175,47.6069649
642,Bursuceni,bursuceni,village,26.4755874,47.6507162
642,Corocăiești,corocaiesti,village,26.4880382,47.6385046
642,Hancea,hancea,village,26.4543737,47.6037497
642,Vicovu de Jos,vicovu de jos,village,25.7265852,47.9011188
642,Bivolăria,bivolaria,village,25.6556277,47.9147684
642,Volovăț,volovat,village,25.8941127,47.8064719
642,Burla,burla,village,25.9269556,47.7903312
642,Pleșești,plesesti,village,26.3815237,47.5222402
642,Giurgești,giurgesti,village,26.4230495,47.5038101
642,Hreațca,hreatca,village,26.3544132,47.5272284
642,Jacota,jacota,village,26.3897657,47.5098357
642,Merești,meresti,village,26.4080796,47.5492048
642,Osoi,osoi,village,26.4606143,47.5205793
642,Valea Glodului,valea glodului,village,26.448572,47.5099263
642,Vulturești,vulturesti,village,26.4108387,47.5204573
642,Badragi,badragi,village,26.1657815,47.8791882
642,Ciomârtan,ciomartan,village,26.1787343,47.8737064
642,Cojocăreni,cojocareni,village,26.2168755,47.8604618
642,Corpaci,corpaci,village,26.1715246,47.8650819
642,Lunca,lunca,village,26.2231738,47.8894378
642,Nicani,nicani,village,26.2275526,47.8684445
642,Răuțeni,rauteni,village,26.203211,47.8490732
642,Tăutești,tautesti,village,26.2378904,47.8436012
642,Buda,buda,village,26.2610738,47.8453942
642,Poiana,poiana,village,26.2761446,47.7961748
642,Slobozia,slobozia,village,26.3215615,47.7936838
642,Stânca,stanca,village,26.2708777,47.8213988
642,Stâncuța,stancuta,village,26.2741227,47.8097605
642,Preotești,preotesti,village,23.9850967,44.5416724
642,Coșoteni,cosoteni,village,25.0249155,44.1208515
642,Голубац,golubats,town,21.6305205,44.6531108
642,Podgoria,podgoria,suburb,22.0022391,47.0597114
642,Nădab,nadab,village,21.5098836,46.4818073
642,Șugaș Băi,sugas bai,village,25.7079922,45.8975418
642,Hidișelu de Sus,hidiselu de sus,village,22.0445057,46.9330113
642,Medeleni,medeleni,village,27.6781311,47.2876112
642,Poienile de Sub Munte,poienile de sub munte,village,24.435654,47.8220108
642,Prăpăstiile Zărneștilor,prapastiile zarnestilor,locality,25.2769089,45.5241275
642,Bálványos,balvanyos,village,25.9585668,46.1091517
642,Balaci,balaci,village,24.924152,44.3389242
642,Никопол,nikopol,town,24.8996563,43.7070803
642,Pasul Bucin,pasul bucin,village,25.2948993,46.6560347
642,Lușca,lusca,village,24.405894,47.2785583
642,Șerbănești,serbanesti,village,24.2422342,44.5871824
642,Podoleni,podoleni,village,27.4466743,45.7482613
642,Tulca Nouă,tulca noua,suburb,21.7472867,46.794189
642,Coteasca,coteasca,village,24.9378327,45.1304906
642,Vállaj,vallaj,village,22.382185,47.7641624
642,Tabonu,tabonu,village,24.3303775,43.900099
642,Poiana Chicera,poiana chicera,village,25.586615,47.7500749
642,Sihăstria Putnei,sihastria putnei,hamlet,25.5658177,47.8476931
642,Boga,boga,village,22.6442483,46.6043454
642,Давидовац,davidovats,village,22.5535155,44.6435256
642,Piscu Negru,piscu negru,locality,24.6009422,45.556999
642,Luna Șes,luna ses,locality,23.5015883,47.8212277
642,Trestia,trestia,locality,23.5350623,47.8216888
642,Dâmbu Morii,dambu morii,neighbourhood,25.6378965,45.591573
642,Valea Ierii,valea ierii,village,23.3438026,46.64729
642,Sătic,satic,village,25.1734453,45.4429067
642,Војводинци,vojvodintsi,village,21.3463647,45.0164548
642,Куштиљ,kushtilj,village,21.3782767,45.0344523
642,Наково,nakovo,village,20.5671278,45.874223
642,Радојево,radojevo,village,20.7894695,45.7447038
642,Сочица,sochitsa,village,21.4491595,45.0874861
642,Мали Жам,mali zham,village,21.3367927,45.2104242
642,Крушчица,krushchitsa,village,21.4747269,44.9280034
642,Врачев Гај,vrachev gaj,village,21.3672443,44.8789227
642,Кусић,kusitsh,village,21.4815305,44.8774425
642,Калуђерово,kaludjerovo,village,21.5496002,44.9000487
642,Купиник,kupinik,village,21.1372649,45.2908363
642,Марковићево,markovitshevo,village,21.034417,45.3191894
642,Милетићево,miletitshevo,village,21.0647276,45.3037058
642,Велики Гај,veliki gaj,village,21.1759999,45.2902802
642,La Panda,la panda,locality,25.4992944,45.4275468
642,Cheile Pisicii,cheile pisicii,locality,25.2627209,45.5282922
642,Văgăuna Groșilor,vagauna grosilor,locality,25.5807695,45.6237537
642,Piatra Crinului,piatra crinului,locality,25.59699,45.56895
642,Piciorul Boului,piciorul boului,locality,25.5810756,45.6289509
642,Међа,medja,village,20.8068073,45.5356384
642,Јаша Томић,jasha tomitsh,town,20.8564493,45.4465892
642,Hilișeu-Crișan,hiliseu-crisan,village,26.2368585,48.0360624
642,Винци,vintsi,village,21.6055621,44.7111946
642,Adalin,adalin,village,23.4366435,47.0120551
642,Litera N,litera n,locality,28.2595117,45.2305954
642,Cartier I.T.L,cartier i t l,neighbourhood,21.8654476,45.6841796
642,Calafat,calafat,city,22.9337027,43.9942983
642,Plopi,plopi,suburb,21.2799489,45.7498825
642,Păuliș,paulis,village,21.5928341,46.1168952
642,Petrești,petresti,village,27.7110974,47.2897827
642,Zorilor,zorilor,suburb,23.5857936,46.7555595
642,Grigorescu,grigorescu,suburb,23.5535428,46.7680429
642,Andrei Mureșanu,andrei muresanu,suburb,23.6095578,46.7618391
642,Valea Chintăului,valea chintaului,suburb,23.6035442,46.8110943
642,Bulgaria,bulgaria,suburb,23.6184909,46.7889169
642,Cordoș,cordos,suburb,23.5546835,46.7858012
642,Grădinile Mănăștur,gradinile manastur,suburb,23.5682183,46.7618347
642,Zona Industrială Est,zona industriala est,suburb,23.6379444,46.7959456
642,Zona Industrială Vest,zona industriala vest,suburb,23.5359902,46.7836554
642,Aurel Vlaicu,aurel vlaicu,suburb,23.6342383,46.7809806
642,Gruia,gruia,suburb,23.5768325,46.7771503
642,Bună Ziua,buna ziua,suburb,23.5984619,46.7498055
642,Dâmbul Rotund,dambul rotund,suburb,23.5674139,46.7875377
642,Iris,iris,suburb,23.6035121,46.7951071
642,Mărăști,marasti,suburb,23.6125126,46.7804568
642,Între Lacuri,intre lacuri,suburb,23.6256649,46.7763627
642,Făget,faget,suburb,23.58048,46.7246711
642,Borhanci,borhanci,suburb,23.6386995,46.7468793
642,Becaș,becas,suburb,23.6137116,46.7402343
642,Europa,europa,suburb,23.585719,46.7448828
642,Bacău,bacau,city,26.9153557,46.5560493
642,Gigartu,gigartu,neighbourhood,24.4553527,44.2156697
642,Galdae,galdae,neighbourhood,24.4747292,44.2175762
642,Urzica,urzica,village,24.2880718,43.8576671
642,Stăvaru,stavaru,village,24.2553015,43.8633553
642,Medeleni,medeleni,village,27.6904222,47.2961495
642,Kübekháza,kubekhaza,village,20.2763754,46.1495422
642,Голубиње,golubinje,village,22.2021216,44.4990401
642,Текија,tekija,village,22.4090838,44.6828281
642,Костол,kostol,village,22.6455891,44.6100699
642,Мала Врбица,mala vrbitsa,village,22.6867881,44.6015211
642,Veseud,veseud,village,24.6412848,45.9296409
642,Câmpani,campani,village,22.5160369,46.5173893
642,Берег,bereg,locality,24.1606722,47.9167391
642,Ватин,vatin,village,21.245349,45.2329055
642,Затоње,zatonje,village,21.3873385,44.7675431
642,Mănăstirea,manastirea,neighbourhood,22.8444668,45.7137043
642,Frontul 2,frontul 2,neighbourhood,22.8523525,45.7166483
642,Plosca,plosca,neighbourhood,22.8603777,45.7132698
642,Cățănaș,catanas,village,22.8250262,45.734721
642,Tulea,tulea,locality,22.8124257,45.7331707
642,Cătămărești,catamaresti,village,26.5707138,47.7511705
642,Cătămărești-Deal,catamaresti-deal,village,26.600717,47.770702
642,Lunga,lunga,village,26.2086818,46.0168303
642,Reghin,reghin,city,24.7000238,46.7796886
642,Bozieni,bozieni,village,26.3475629,45.0449897
642,Tăbăcari,tabacari,village,27.0013717,45.4425771
642,Smârdan,smardan,village,26.8407939,44.8776807
642,Uzina,uzina,village,23.2749957,46.6861755
642,Preasna Veche,preasna veche,hamlet,26.7161669,44.3605906
642,Colțul Rotund,coltul rotund,locality,23.272175,46.518551
642,Valea Vadului,valea vadului,locality,23.3289893,46.5282314
642,Colibele Zăpodie,colibele zapodie,locality,23.339101,46.519607
642,Colibele Stiolne,colibele stiolne,locality,23.334188,46.508177
642,Stauina Runcanilor,stauina runcanilor,locality,23.313953,46.519654
642,Colibele Bocsesti,colibele bocsesti,locality,23.321088,46.51185
642,Sebeș,sebes,city,23.5691574,45.9575384
642,Petroșani,petrosani,city,23.373969,45.4141065
642,Pasul Azuga,pasul azuga,locality,25.657203,45.533364
642,La Table,la table,locality,25.2280571,45.5175839
642,Poiana cu Totem,poiana cu totem,locality,25.2253003,45.5150746
642,Poiana Grind,poiana grind,locality,25.2246488,45.5078161
642,Poiana Neamțului,poiana neamtului,locality,24.4725654,45.6370427
642,Mănăștur,manastur,suburb,23.5565892,46.7554185
642,Suplac,suplac,village,24.5199153,46.3967447
642,Cheile Buții,cheile butii,locality,22.9725017,45.302225
642,Colonia Fânațe,colonia fanate,suburb,23.6287436,46.8269378
642,Râușor,rausor,village,22.8435319,45.4186794
642,Стара Паланка,stara palanka,hamlet,21.3421948,44.8279019
642,Brînza,brinza,village,28.1742016,45.6833682
642,Fizeș,fizes,village,22.7630817,47.0942064
642,Turt mine,turt mine,locality,23.2444829,48.046354
642,Moriști,moristi,village,23.7912013,46.7695183
642,Sopor,sopor,suburb,23.6544189,46.7612568
642,Tăurile din Valea Rea,taurile din valea rea,locality,22.9028988,45.374998
642,Stațiunea Durău,statiunea durau,suburb,25.9219592,46.9979851
642,Bordea,bordea,village,27.543127,47.0034718
642,La Cablu,la cablu,locality,25.4879022,45.4321604
642,Bulgari,bulgari,village,23.1344976,47.3416268
642,Borșa,borsa,village,27.3599532,47.4110167
642,Cheile Vârghișului,cheile varghisului,locality,25.5442711,46.2208068
642,Șumuleu Ciuc,sumuleu ciuc,suburb,25.8217892,46.3783639
642,Бољетин,boljetin,village,22.0353006,44.5294373
642,Etfalău,etfalau,village,25.8520198,45.921802
642,Велико Градиште,veliko gradishte,town,21.5161946,44.7629166
642,Пожежено,pozhezheno,village,21.5717932,44.7583007
642,Усије,usije,village,21.5996526,44.6850733
642,Брњица,brnjitsa,village,21.769231,44.6523939
642,Добра,dobra,village,21.9080139,44.6354209
642,Мала Росіш,mala rosish,locality,24.2124727,47.9179711
642,Lungani,lungani,village,27.1396353,47.1854966
642,Mag,mag,village,23.9556067,45.8194769
642,Bistreț,bistret,village,23.4994752,43.8912292
642,Poiana Toancheș,poiana toanches,locality,25.2532885,45.5171617
642,Ciuperceni,ciuperceni,village,24.9276645,43.7610993
642,Poiana,poiana,village,24.9512242,43.7416792
642,Rastu Nou,rastu nou,village,23.2990495,43.9387592
642,Bercu Roșu,bercu rosu,suburb,22.904342,47.7885375
642,Vaduri,vaduri,village,26.2522189,46.9338716
642,Viișoara,viisoara,village,26.2747679,46.9414999
642,Alexandru cel Bun,alexandru cel bun,village,26.3006256,46.943095
642,Răuseni,rauseni,village,27.2026937,47.5638335
642,Poiana,poiana,village,26.3604917,47.2967229
642,Târzia,tarzia,village,26.3518364,47.308211
642,Fabric,fabric,suburb,21.2498888,45.7569891
642,Eghersec,eghersec,village,26.0670522,46.333859
642,Grigorescu,grigorescu,suburb,21.9313922,47.0265156
642,Gulioaia,gulioaia,locality,26.8627198,47.8344851
642,Odaia Veche,odaia veche,hamlet,27.0720378,47.5658157
642,Agrișu Mare,agrisu mare,village,21.7556224,46.2718138
642,Cicir,cicir,village,21.4807394,46.1452578
642,Frumușeni,frumuseni,village,21.4603157,46.1018558
642,Mândruloc,mandruloc,village,21.464251,46.1470554
642,Sculeni,sculeni,village,27.605704,47.3140503
642,Oltenița,oltenita,city,26.6406794,44.0905153
642,Șerbeștii Vechi,serbestii vechi,village,27.8767443,45.4204327
642,Girișu Negru,girisu negru,village,21.9089386,46.7249422
642,Săcălușești,sacalusesti,village,26.3282154,47.1736244
642,Apateu,apateu,village,22.3854898,46.8164548
642,Ponița,ponita,village,22.4013259,46.8218279
642,Țarină,tarina,village,22.375684,46.8321178
642,Alexandru Ioan Cuza,alexandru ioan cuza,hamlet,26.5184714,44.4181476
642,Beceni,beceni,village,26.769004,45.3821003
642,Bistrița Nouă,bistrita noua,village,24.2295327,44.3994067
642,Bogdănești,bogdanesti,village,26.6824146,46.2121165
642,Bucești,bucesti,village,27.5286666,45.6528722
642,Călinești-Cuparencu,calinesti-cuparencu,village,26.1535072,47.8024625
642,Cărăndeni,carandeni,village,22.0862008,46.8566509
642,Dealul Lung,dealul lung,village,26.9472492,45.6211275
642,Deleni,deleni,village,23.7955431,44.4317125
642,Dumbrăvița,dumbravita,village,22.0831083,46.0953963
642,Durnești,durnesti,village,27.1121715,47.7659448
642,Făurei,faurei,town,27.2713188,45.0853085
642,Gelmar,gelmar,village,23.2231813,45.9022659
642,Geoagiu,geoagiu,town,23.1997535,45.9207374
642,Glodeni,glodeni,suburb,25.4510626,45.0621828
642,Gura Dimienii,gura dimienii,village,26.7589143,45.4047483
642,Gura Văii,gura vaii,village,26.8302866,46.2691984
642,Izvoru,izvoru,village,27.0159716,46.8655657
642,Lunca,lunca,village,27.2134901,45.004958
642,Movileni,movileni,village,27.3758731,45.7658407
642,Negrești,negresti,town,27.4590795,46.8347137
642,Nicolae Bălcescu,nicolae balcescu,village,26.9185328,46.4781408
642,Olari,olari,village,26.2162404,44.785407
642,Olarii Vechi,olarii vechi,village,26.2021382,44.7916784
642,Poienari,poienari,village,27.1330617,46.8852831
642,Popești-Leordeni,popesti-leordeni,town,26.167695,44.3794328
642,Pârâu Crucii,parau crucii,village,24.3370501,46.6941717
642,Rediu,rediu,suburb,27.6943867,46.6337387
642,Seaca,seaca,village,24.7614861,44.1515867
642,Stejaru,stejaru,village,24.8858034,44.1844677
642,Sălcuța,salcuta,village,23.4396282,44.2443021
642,Sărata,sarata,village,26.8685722,46.5024947
642,Tichilești,tichilesti,village,27.9082207,45.1289454
642,Valea Ursului,valea ursului,village,27.0801743,46.8004135
642,Viișoara,viisoara,suburb,27.7859593,46.6425367
642,Văleni,valeni,village,24.7859599,44.2366271
642,Turnișor,turnisor,suburb,24.1186515,45.7912398
642,Bucecea,bucecea,town,26.4397674,47.7726498
642,Băiceni,baiceni,village,26.9264254,47.2990264
642,Comandău,comandau,village,26.2745216,45.7586792
642,Călinești,calinesti,village,26.1356338,47.7758191
642,Darabani,darabani,town,26.5968263,48.186634
642,Eriu-Sâncrai,eriu-sancrai,village,22.6693854,47.5738471
642,Feliceni,feliceni,village,25.2784349,46.2731443
642,Fântânele,fantanele,village,26.3777045,45.0082594
642,Izvoare,izvoare,village,23.2959333,44.1480533
642,Nănești,nanesti,village,27.4997715,45.5436863
642,Pârâu Crucii,parau crucii,village,24.35673,46.7086075
642,Schiau,schiau,village,26.1821318,44.9918368
642,Slobozia,slobozia,village,27.1148878,47.0641645
642,Stoenești,stoenesti,village,25.8898904,44.1449413
642,Straja,straja,village,28.4596313,44.102659
642,Săveni,saveni,town,26.8602858,47.9562662
642,Tureni,tureni,village,23.6996778,46.6221141
642,Șotânga,sotanga,village,25.3860568,44.9841534
642,Ploiești Vest (Mitică Apostol),ploiesti vest,suburb,25.9839383,44.9082934
642,Budești,budesti,village,22.257495,46.7222784
642,Dénesmajor,denesmajor,suburb,21.4146791,46.6557719
642,Acic Tepe,acic tepe,hamlet,28.4094429,45.2392999
642,Telek,telek,neighbourhood,25.1917327,46.4749289
642,Tószeg,toszeg,neighbourhood,25.1811645,46.4638461
642,Tómező,tomezo,neighbourhood,25.1855043,46.4687382
642,Alszeg,alszeg,neighbourhood,25.1775971,46.473881
642,Sóút,sout,neighbourhood,25.1789704,46.4684721
642,Felszeg,felszeg,neighbourhood,25.1960781,46.4716776
642,Nyilak,nyilak,neighbourhood,25.1847485,46.4649827
642,Dió,dio,neighbourhood,25.1956597,46.469084
642,Központ,kozpont,neighbourhood,25.1823919,46.4702093
642,Árcsó,arcso,neighbourhood,25.1689107,46.4854001
642,Băile Sovata,baile sovata,neighbourhood,25.0850731,46.6001412
642,Cserehát,cserehat,neighbourhood,25.2962764,46.2971898
642,Băile Seiche,baile seiche,hamlet,25.2749175,46.3311603
642,Elisabetin,elisabetin,suburb,21.225628,45.7416201
642,Fratelia,fratelia,suburb,21.2147246,45.7235512
642,Freidorf,freidorf,suburb,21.1805573,45.727077
642,Cetate,cetate,suburb,21.228846,45.7560376
642,Iosefin,iosefin,suburb,21.2058031,45.740978
642,Mehala,mehala,suburb,21.2040894,45.7642474
642,Ghiroda Nouă,ghiroda noua,suburb,21.2788978,45.7605855
642,Ciarda Roșie,ciarda rosie,suburb,21.26715,45.7273786
642,Virág,virag,suburb,25.5926958,46.7214411
642,Lonea,lonea,neighbourhood,23.4136939,45.4461137
642,Livadia,livadia,neighbourhood,24.2491161,45.2071442
642,Ocnele Mari,ocnele mari,town,24.2966578,45.0884608
642,Băile Govora,baile govora,town,24.1840221,45.079229
642,Dej,dej,city,23.8759884,47.1426672
642,La Recea,la recea,suburb,23.5575467,46.0568212
642,Orizont,orizont,suburb,23.5687389,46.097949
642,Rădulești,radulesti,village,25.5573584,44.2436931
642,Complexul Studențesc,complexul studentesc,suburb,21.2392081,45.7482711
642,Lipovei,lipovei,suburb,21.2394418,45.7750816
642,Buduile,buduile,village,26.4402025,45.3881047
642,Broscăuți,broscauti,village,26.4508798,47.9526296
642,Periam Port,periam port,village,20.9007784,46.0758208
642,Mangalia,mangalia,city,28.5830306,43.8150793
642,Crișeni,criseni,village,23.0089719,45.7409225
642,Lipan,lipan,village,26.3837523,44.3298037
642,Cretari,cretari,village,28.4102711,44.2283136
642,Nemoiu,nemoiu,village,24.1630102,44.7476265
642,Izvoru,izvoru,village,24.1747368,44.7255554
642,Amărăști,amarasti,village,24.1502717,44.7702979
642,Dorna Candrenilor,dorna candrenilor,village,25.2664175,47.3553555
642,Culmea,culmea,village,28.4590821,44.2549094
642,Cotoiu,cotoiu,neighbourhood,25.8473932,45.0421586
642,Cartier Munteni,cartier munteni,suburb,27.6814689,46.2310151
642,Deal,deal,suburb,27.6564481,46.2220994
642,Spital,spital,suburb,27.6733579,46.2381246
642,Grădina,gradina,suburb,27.670783,46.2401133
642,Mihai Eminescu,mihai eminescu,suburb,27.6528166,46.2132854
642,Cotu Negru,cotu negru,suburb,27.6615776,46.2325298
642,Podeni,podeni,suburb,27.6827338,46.2243359
642,Centru,centru,suburb,27.6691038,46.2260971
642,Gară,gara,suburb,27.6714812,46.2168541
642,Piața Mare,piata mare,suburb,27.6729082,46.2251603
642,Țuguiata,tuguiata,suburb,27.6659336,46.2371755
642,Crolux,crolux,suburb,27.670849,46.2324853
642,Stadion,stadion,suburb,27.6697975,46.2342219
642,Chiciu,chiciu,village,27.2749248,44.1343993
642,Poiana cu Brazi,poiana cu brazi,locality,25.60128,45.50138
642,Confecții,confectii,suburb,27.6620695,46.216046
642,Галицівка,galitsivka,village,25.2252137,47.8910296
642,Руська,rus'ka,village,25.2537454,47.8958852
642,Cartier Iris,cartier iris,suburb,27.6643281,46.2183567
642,Magnolia,magnolia,neighbourhood,23.9106273,44.3047948
642,Lunca,lunca,village,25.1187026,45.1586366
642,Gălăciuc,galaciuc,locality,26.6484146,45.9247345
642,Praxia,praxia,village,26.3173872,47.3808437
642,Alexandru cel Bun,alexandru cel bun,suburb,27.5630556,47.163837
642,Aviației,aviatiei,suburb,27.6317064,47.1567054
642,Baza 3,baza 3,suburb,27.6050552,47.1465066
642,Bucium,bucium,suburb,27.6222515,47.1242658
642,Canta,canta,suburb,27.5478055,47.1731944
642,Cantemir,cantemir,suburb,27.581057,47.151436
642,Dacia,dacia,suburb,27.5496454,47.1673251
642,Frumoasa,frumoasa,suburb,27.5899819,47.1372648
642,Galata,galata,suburb,27.5706285,47.1441979
642,Gară,gara,suburb,27.571759,47.1667423
642,Mircea cel Bătrân,mircea cel batran,suburb,27.5692134,47.1548766
642,Moara de Vânt,moara de vant,suburb,27.5997324,47.1684001
642,Nicolina,nicolina,suburb,27.5838661,47.1468516
642,Păcurari,pacurari,suburb,27.5578839,47.1740452
642,Tătărași,tatarasi,suburb,27.6113534,47.1610399
642,Zona Industrială,zona industriala,suburb,27.6206946,47.148528
642,Țicău,ticau,suburb,27.585375,47.1741016
642,Dranov,dranov,isolated_dwelling,29.2186288,44.860352
642,Pasul Turnu Roșu,pasul turnu rosu,locality,24.2707498,45.5475305
642,16 Februarie,16 februarie,suburb,26.0181215,44.4762544
642,Eroii Revoluției,eroii revolutiei,neighbourhood,26.0953454,44.4041066
642,Ștefan cel Mare,stefan cel mare,neighbourhood,26.1126205,44.4524718
642,Cicănești,cicanesti,village,24.6045636,45.2442323
642,Ogașul Lupilor,ogasul lupilor,locality,22.2859608,45.6783604
642,Olari,olari,village,23.9818137,45.161816
642,Colonie,colonie,suburb,23.3627669,45.4198346
642,Petroșani Nord,petrosani nord,neighbourhood,23.3688261,45.4229677
642,Huși,husi,village,26.3800446,47.4555924
642,Știubieni,stiubieni,village,26.8067335,47.9704778
642,Carasa,carasa,village,26.5071255,47.9484425
642,Stăvila,stavila,suburb,21.9284252,45.2929422
642,Muncitoresc,muncitoresc,suburb,21.9127826,45.2957498
642,Colonia Driglovăț,colonia driglovat,suburb,21.9256143,45.2858018
642,Colonia Poiana Golului,colonia poiana golului,suburb,21.9017748,45.2883531
642,Govândari,govandari,suburb,21.873096,45.3282552
642,Horezu Vechi,horezu vechi,village,23.9758947,44.4659466
642,Găgeți,gageti,village,23.9511985,44.4756104
642,Vorniceni,vorniceni,village,26.6755971,47.9764099
642,Slobozia,slobozia,village,26.6115455,47.9939927
642,Oradea,oradea,city,21.9285231,47.0549163
642,Moieciu de Jos,moieciu de jos,village,25.3273367,45.4946913
642,Stâna de Vale,stana de vale,village,22.6211025,46.6905421
642,Satul de vacanță Dejani,satul de vacanta dejani,hamlet,24.9208764,45.6772137
642,Gheorgheni,gheorgheni,suburb,23.6168223,46.7663539
642,Poiana Vântului,poiana vantului,village,22.6167049,44.7834025
642,Borănești,boranesti,village,26.6071236,44.6608376
642,Pătrimea,patrimea,village,26.546945,44.6869762
642,Sintești,sintesti,village,26.5885134,44.6677982
642,Băile 1 Mai,baile 1 mai,village,21.9986616,46.9968371
642,Damiș,damis,village,22.5565061,46.8693293
642,Dângău Mic,dangau mic,village,23.1913913,46.7551843
642,Mărcești,marcesti,village,23.1531856,46.7450516
642,Fundeni - Dobroești,fundeni - dobroesti,village,26.1668051,44.459492
642,Bistrița,bistrita,village,26.292277,46.9531998
642,Tonești,tonesti,village,24.4259373,44.7869379
642,Stejaru,stejaru,village,25.9606208,44.8377917
642,Stupini,stupini,suburb,25.5583685,45.6984197
642,Mădăraș,madaras,locality,25.5813381,46.4395354
642,Ciolănești,ciolanesti,village,25.0837263,44.3168017
642,Фертешолмаш,fertesholmash,village,22.92894,47.982719
642,Orașul Nou,orasul nou,suburb,21.9288161,47.054711
642,Velența,velenta,suburb,21.9498705,47.0494182
642,Nagyzomlin,nagyzomlin,hamlet,21.7976677,47.1527211
642,Socol,socol,village,21.3720119,44.8600989
642,Rudărie,rudarie,hamlet,24.4323239,44.2054455
642,Bucsin,bucsin,suburb,25.5862015,46.7207185
642,Forradalom,forradalom,suburb,25.6028928,46.7246825
642,Godinaci,godinaci,neighbourhood,24.457198,44.2232664
642,Albeștii de Argeș,albestii de arges,village,24.6663775,45.216398
642,Rățeni,rateni,neighbourhood,26.513317,46.6410279
642,Brusturescu,brusturescu,hamlet,22.4123803,46.3555586
642,Cheile Someșului Cald,cheile somesului cald,locality,22.7159962,46.6356783
642,Uvala Răchite,uvala rachite,locality,22.7140624,46.589155
642,Uvala Bălileasa,uvala balileasa,locality,22.6903439,46.5894617
642,Cernatu de Sus,cernatu de sus,suburb,26.0112779,45.9787357
642,Clarii Vii,clarii vii,hamlet,20.8030073,45.8071367
642,Steinkreuz,steinkreuz,locality,25.0400725,46.2977972
642,Oești,oesti,village,24.6511971,45.2650162
642,Prosia,prosia,village,24.7948361,45.2169588
642,Poiana Stânei Pietricica,poiana stanei pietricica,locality,25.6452004,45.5341833
642,Flămânda,flamanda,neighbourhood,25.0498449,45.267695
642,Tabaci,tabaci,neighbourhood,25.0420887,45.2651421
642,Rotunda,rotunda,neighbourhood,25.0533665,45.274816
642,Schei,schei,neighbourhood,25.0538672,45.2832988
642,Grui,grui,neighbourhood,25.0465184,45.2855051
642,Vişoi,visoi,neighbourhood,25.0570292,45.2763859
642,Лісин,lisin,locality,24.1132768,47.9161799
642,Нориця,noritsia,locality,24.1641642,47.9206643
642,Ghicea,ghicea,hamlet,25.2095285,47.8161469
642,Ploçca,plocca,hamlet,25.2051322,47.8111796
642,Arsița,arsita,hamlet,25.1887225,47.7834799
642,Cătrușa,catrusa,village,26.0997527,46.1459878
642,Kis-Szárcsás,kis-szarcsas,locality,21.7369218,47.1346262
642,Bagaméri-erdő,bagameri-erdo,locality,22.00475,47.500917
642,Mosighet,mosighet,locality,25.7026317,45.8647429
642,Boszorkány-rét,boszorkany-ret,locality,21.258376,46.53258
642,Dénesmajori Csigás-erdő,denesmajori csigas-erdo,locality,21.432028,46.675974
642,Calea Lată,calea lata,village,22.8332,46.9737344
642,Кеят,keiat,suburb,25.9486538,43.8515939
642,Brătești,bratesti,village,25.5458799,44.844622
642,Pinticu,pinticu,village,24.5404882,46.9403866
642,Poiana Sarmani,poiana sarmani,locality,25.7048393,45.8889499
642,Viile Noi,viile noi,suburb,28.6118808,44.1513497
642,Poiana Kölcze,poiana kolcze,locality,25.744927,45.8661034
642,Bartolomeu,bartolomeu,suburb,25.5780336,45.6627598
642,Faleză Nord,faleza nord,suburb,28.6486027,44.2033491
642,Tomis Nord,tomis nord,suburb,28.6241023,44.2075763
642,Faleză Sud,faleza sud,suburb,28.6310375,44.142393
642,Peninsulă,peninsula,suburb,28.6614409,44.1718491
642,Tomis 1,tomis 1,suburb,28.6388458,44.1881825
642,Tomis 3,tomis 3,suburb,28.6324815,44.2005128
642,Zona Centrală,zona centrala,suburb,28.6465586,44.1835124
642,CET,cet,suburb,28.6106645,44.1615061
642,Abator,abator,suburb,28.6299957,44.1604485
642,Coiciu,coiciu,suburb,28.6228097,44.182918
642,Veterani,veterani,suburb,28.610808,44.1333529
642,Km 4,km 4,suburb,28.6283958,44.150717
642,Km 4-5,km 4-5,suburb,28.6219165,44.1481714
642,Km 5,km 5,suburb,28.6163048,44.1402404
642,Tomis Plus,tomis plus,suburb,28.5959192,44.2196466
642,Anadalchioi,anadalchioi,suburb,28.6266561,44.1965087
642,Henri Coandă,henri coanda,neighbourhood,28.6205885,44.1979454
642,Medeea,medeea,suburb,28.6043163,44.1646398
642,Palas,palas,suburb,28.5853818,44.1696077
642,Tomis 2,tomis 2,suburb,28.6431774,44.1904484
642,Zona Industrială,zona industriala,suburb,28.5928824,44.1617984
642,Vlădeț,vladet,neighbourhood,25.569523,45.5124766
642,Sărățeni,sarateni,village,25.0102902,46.5619751
642,Gușterița,gusterita,suburb,24.1834477,45.811185
642,Satul Nemțesc,satul nemtesc,neighbourhood,27.9356928,45.3179127
642,Stâna Navri,stana navri,locality,25.5654146,45.6023126
642,Domald,domald,neighbourhood,24.5999155,46.3017782
642,Piatra Corbului,piatra corbului,locality,25.5474056,45.6257299
642,Padina Lăutei,padina lautei,locality,25.5457005,45.5734631
642,Râpa Dracului,rapa dracului,locality,25.5208052,45.5812224
642,Chicera,chicera,hamlet,25.2907246,47.846663
642,Prăpastia Rece,prapastia rece,locality,25.5711213,45.5849818
642,Poiana Aviatorilor,poiana aviatorilor,locality,25.5254243,45.5905016
642,Padiș,padis,village,22.7331395,46.5966772
642,Piscul Lung,piscul lung,locality,25.6138983,45.6141147
642,Sărata-Monteoru,sarata-monteoru,village,26.6373836,45.1481114
642,Herghelia Mangalia,herghelia mangalia,neighbourhood,28.5787931,43.8456692
642,Visafolio,visafolio,village,25.6308289,46.7046641
642,Popeni,popeni,village,26.0867757,47.2333152
642,Plaiul Ciutei,plaiul ciutei,locality,25.6673852,45.5257484
642,Cinod,cinod,village,26.0644262,46.3039047
642,Cheile Râșnoavei,cheile rasnoavei,locality,25.5171732,45.5458939
642,Culelia,culelia,locality,28.4126449,44.6042252
642,Brătianu,bratianu,suburb,28.6006419,44.1705329
642,Boreal,boreal,suburb,28.5938588,44.2218688
642,Cabana Unguru,cabana unguru,neighbourhood,22.6777244,46.6562478
642,Szalmaváros,szalmavaros,hamlet,22.502397,47.8239365
642,Călineasa,calineasa,neighbourhood,22.8135579,46.5602989
642,Fundu Zârnii,fundu zarnii,neighbourhood,22.7766259,46.7443667
642,Culmea Voiosu,culmea voiosu,neighbourhood,22.7077643,46.6705337
642,Grumazu Bătrânii,grumazu batranii,locality,22.7821519,46.5755562
642,Staul de Izvor,staul de izvor,neighbourhood,22.6354982,46.8078218
642,Petru Vodă,petru voda,village,25.9962343,47.1442791
642,Valea Lazuri,valea lazuri,neighbourhood,22.5168756,46.8239352
642,Coama Calului,coama calului,neighbourhood,22.5204432,46.7736725
642,Băliceana,baliceana,locality,22.7547462,46.5737058
642,Moara Filea,moara filea,neighbourhood,22.7823966,46.5108654
642,Turnu Roșu,turnu rosu,village,24.2991365,45.6415249
642,Scorușețu,scorusetu,neighbourhood,22.7418973,46.8570008
642,Plopișu,plopisu,neighbourhood,22.7268557,46.8553466
642,La Răscruce,la rascruce,neighbourhood,22.7506968,46.9130198
642,Canton Poiana,canton poiana,neighbourhood,22.660182,46.4506251
642,Cicera,cicera,neighbourhood,22.7399826,46.5324139
642,Stana de Runc,stana de runc,neighbourhood,22.6009671,46.7468292
642,Kings Land Ineu,kings land ineu,neighbourhood,22.101402,47.0761708
642,Canton Sebesel,canton sebesel,neighbourhood,22.6123627,46.7449319
642,Ruseni,ruseni,suburb,26.159651,45.9939363
642,Hotești,hotesti,hamlet,24.9056887,46.4848219
642,Lemnia de Sus,lemnia de sus,village,26.2710015,46.0717409
642,Szent Mihály hegy,szent mihaly hegy,locality,26.2484641,46.0669738
642,Nagygéc,nagygec,suburb,22.7441481,47.8479819
642,Câmpul Benedec,campul benedec,locality,25.7207081,45.8429194
642,Farbükk,farbukk,locality,25.6931698,45.8475027
642,Sudiți,suditi,village,26.2990253,44.7352608
642,Glod,glod,village,25.4501861,45.2417829
642,Braytim-Timișoara Sud,braytim-timisoara sud,suburb,21.2446384,45.7252821
642,Soarelui,soarelui,suburb,21.2487273,45.7341079
642,Șagului,sagului,suburb,21.2107604,45.7293822
642,Bucovina,bucovina,suburb,21.2148179,45.7696031
642,Dacia,dacia,suburb,21.2200086,45.7658429
642,Blașcovici,blascovici,suburb,21.2002234,45.7571021
642,Aradului Vest,aradului vest,suburb,21.2184658,45.7749523
642,Tipografilor,tipografilor,suburb,21.2382512,45.7615607
642,Aradului Est,aradului est,suburb,21.2261019,45.7749444
642,Bastion,bastion,suburb,21.235767,45.756861
642,Telegrafului,telegrafului,suburb,21.2517076,45.7684641
642,Modern,modern,suburb,21.2697124,45.766348
642,Prințul Turcesc-Lunei,printul turcesc-lunei,suburb,21.2593008,45.7541031
642,Planetelor,planetelor,suburb,21.2382441,45.7103909
642,Zona Industrială Buziașului,zona industriala buziasului,suburb,21.26817,45.7378943
642,Ronaț,ronat,suburb,21.187325,45.7567011
642,Poiana Benkő,poiana benko,locality,25.6810623,45.9051356
642,Poiana Chilieni,poiana chilieni,locality,25.7479512,45.8421534
642,Хетин,khetin,village,20.7891718,45.6626265
642,Câmpul Sărat,campul sarat,locality,25.9428218,46.1163274
642,Babarunca,babarunca,village,25.8430335,45.5178499
642,Pădurea Rotundă,padurea rotunda,locality,25.7563479,45.8878059
642,Nádas-puszta,nadas-puszta,locality,25.7261475,45.8703895
642,Cornu,cornu,village,25.7033844,45.157412
642,Steaua,steaua,suburb,21.2040659,45.7235104
642,Hârlău,harlau,town,26.9007393,47.4278349
642,Csordajárás,csordajaras,locality,20.49198,46.2015103
642,La Carieră,la cariera,locality,23.684053,44.1090496
642,La Herghelie,la herghelie,locality,23.7034482,44.0987486
642,La Scripete,la scripete,locality,23.7348252,44.0658317
642,Дубовинка,dubovinka,suburb,23.1517062,48.1258847
642,Orașul de Sus,orasul de sus,neighbourhood,24.1530162,45.7957618
642,Centrul Istoric,centrul istoric,suburb,24.1498557,45.7969501
642,Orașul de Jos,orasul de jos,neighbourhood,24.148111,45.7996259
642,Ștrand,strand,suburb,24.1368335,45.7876521
642,Pava,pava,suburb,26.1895384,45.8747976
642,Olimpia-Stadion,olimpia-stadion,suburb,21.246474,45.741308
642,Dâmbovița,dambovita,suburb,21.198609,45.7339571
642,Piata Vándor,piata vandor,locality,25.7618451,46.2691094
642,Orzari,orzari,neighbourhood,28.3160033,43.9052179
642,Stâncile Turnuri,stancile turnuri,locality,25.8515827,46.1547041
642,Simeria Veche,simeria veche,suburb,25.7730847,45.854441
642,Poiana Ianca,poiana ianca,locality,25.908871,45.9006457
642,Poiana Răchiței,poiana rachitei,locality,25.9099761,45.9118552
642,Dealul Ticoș,dealul ticos,locality,25.9145466,45.9104742
642,Dealul Rușinii,dealul rusinii,locality,25.9125953,45.9206899
642,Dealul Ascunzișului,dealul ascunzisului,locality,25.9118112,45.9006873
642,кв. Калето,kv kaleto,suburb,22.8806739,43.9889516
642,Център,tsent'r,suburb,22.8769648,43.9859034
642,Câmpul Aldaș,campul aldas,locality,25.894229,45.9601566
642,Pădurea Udvari,padurea udvari,locality,25.8731964,45.9599242
642,Huedin,huedin,town,23.0246871,46.8656535
642,Toplița Ciuc,toplita ciuc,suburb,25.7991559,46.3769513
642,Csente-hegy,csente-hegy,locality,25.9215361,45.881943
642,Mikó-tető,miko-teto,locality,25.9149801,45.8856889
642,Dealul Sarheghi,dealul sarheghi,locality,25.9239244,46.0559519
642,Păș. Baica,pas baica,locality,25.914738,46.0260076
642,Nagy-Pádis-rét,nagy-padis-ret,locality,22.7075066,46.6006948
642,Cădișeni,cadiseni,suburb,25.3156332,46.3260589
642,Sâmbătești,sambatesti,suburb,25.2867206,46.3144268
642,Torontalului,torontalului,suburb,21.2119515,45.773587
642,Dolaț,dolat,village,21.0632178,45.4302891
642,Valea Domanului,valea domanului,suburb,21.8837955,45.288068
642,Moroasa,moroasa,suburb,21.8773209,45.294066
642,Reșița Română,resita romana,suburb,21.8951626,45.2922263
642,Marginea-Recita,marginea-recita,suburb,21.9339727,45.292086
642,Lend,lend,suburb,21.9472234,45.2932413
642,Cserekert,cserekert,suburb,21.8892423,47.3215734
642,Kuvar,kuvar,suburb,25.2911501,46.2995012
642,Sziget,sziget,suburb,25.2900825,46.3024661
642,Budvár,budvar,suburb,25.2861382,46.2939121
642,Rufarét,rufaret,neighbourhood,25.8072376,45.8798282
642,Felszeg,felszeg,suburb,25.6173234,46.7251227
642,Alszeg,alszeg,suburb,25.5787211,46.7146781
642,Мелеш,melesh,neighbourhood,25.1584723,47.8166143
642,Poiana Tarcău,poiana tarcau,locality,25.8658343,46.6493809
642,Панюки,paniuki,neighbourhood,25.168568,47.8335921
642,Кобилора,kobilora,neighbourhood,25.1406702,47.7881063
642,Filești,filesti,hamlet,22.77846,46.50255
642,Ansamblul Ștefan cel Mare,ansamblul stefan cel mare,neighbourhood,26.2562189,47.6439955
642,Ansamblul Union-Centru,ansamblul union-centru,neighbourhood,26.2604471,47.6439901
642,Központ,kozpont,suburb,25.5999923,46.7212759
642,Băieși,baiesi,neighbourhood,23.6944988,45.7962745
642,Сарата,sarata,hamlet,25.0008058,47.7399006
642,Ільта,il'ta,neighbourhood,25.1924403,47.8343992
642,Нижній Шепіт,nizhnii shepit,neighbourhood,25.1775686,47.8187295
642,Ізвори,izvori,neighbourhood,25.1575944,47.7964362
642,Жупани,zhupani,neighbourhood,24.9952969,47.7328348
642,Острово,ostrovo,village,21.4472437,44.7663321
642,Complex turistic Borșa,complex turistic borsa,suburb,24.7828168,47.6173071
642,Irimești,irimesti,village,23.9302792,44.6640458
642,MÁV-telep,mav-telep,neighbourhood,22.0186644,47.5229631
642,Garand,garand,locality,22.7703832,47.8460481
642,Cioboteni,cioboteni,suburb,25.8371299,46.384918
642,Agyagfalva,agyagfalva,neighbourhood,25.8457584,46.3848519
642,Modărceni,modarceni,hamlet,24.0546822,45.1179812
642,Hétvezér,hetvezer,neighbourhood,25.8183043,46.3822614
642,Poieni,poieni,neighbourhood,24.116404,45.1767256
642,Dealul Dobricenilor,dealul dobricenilor,neighbourhood,24.1222995,45.1678422
642,Capu' Satului,capu' satului,neighbourhood,24.1132999,45.1792383
642,Hotar,hotar,neighbourhood,24.1135662,45.1519522
642,Miulești,miulesti,neighbourhood,24.1093349,45.1535611
642,Drăgănești,draganesti,neighbourhood,24.1151648,45.1452784
642,Vătășești,vatasesti,neighbourhood,24.1146632,45.172446
642,Traian,traian,suburb,24.3704143,45.1096415
642,Morilor,morilor,suburb,24.3455895,45.1001615
642,1 Mai,1 mai,suburb,24.3619571,45.0979068
642,Ostroveni,ostroveni,suburb,24.3713663,45.0924317
642,Nord,nord,suburb,24.3679475,45.1162035
642,Iernatic,iernatic,neighbourhood,24.1152928,45.1648264
642,Sorbet,sorbet,locality,24.1185222,45.1550377
642,Rușitori,rusitori,neighbourhood,24.109225,45.1594511
642,Fenyés,fenyes,neighbourhood,25.8163449,46.323803
642,Celei,celei,neighbourhood,24.4545124,43.7673532
642,Vârciorova,varciorova,village,22.4759535,44.7215977
642,Doboj,doboj,neighbourhood,26.1069381,46.2095109
642,Semenic,semenic,suburb,22.0600165,45.1797001
642,Câmpeni,campeni,village,23.9612734,44.4680091
642,Bavaria,bavaria,neighbourhood,24.2350398,45.7971756
642,Daia Nouă,daia noua,neighbourhood,24.2596456,45.8009451
642,Gordeanu,gordeanu,neighbourhood,22.7124744,46.1691929
642,Calvaser,calvaser,neighbourhood,24.1666542,46.0217837
642,Piata Széchenyi Istvan,piata szechenyi istvan,locality,25.7961413,45.8640795
642,Piața Kálvin,piata kalvin,locality,25.7891283,45.8713199
642,Dobrin,dobrin,hamlet,23.1905591,46.5828052
642,Gura Bardiu,gura bardiu,suburb,24.4730145,47.8307812
642,Luhei,luhei,suburb,24.5005186,47.8509955
642,Uloha,uloha,hamlet,24.4912366,47.8291
642,Cvașnița,cvasnita,suburb,24.4697584,47.8006454
642,Soloteani,soloteani,hamlet,24.4420197,47.8500968
642,Valea Scradei,valea scradei,suburb,24.4889859,47.7110925
642,Cartierul Țipțerai,cartierul tipterai,suburb,24.4239967,47.7148013
642,Cartier Valea Peștilor,cartier valea pestilor,locality,24.460085,47.7341562
642,Cartier Arșița,cartier arsita,suburb,24.4329252,47.6945304
642,Cartier Rădeasa,cartier radeasa,suburb,24.4589828,47.6748466
642,Rotundu,rotundu,suburb,24.689055,47.6730119
642,Obcina,obcina,hamlet,24.4106815,47.7887434
642,Lujana,lujana,suburb,24.3856837,47.8292823
642,Miclusa,miclusa,suburb,24.3662276,47.8353321
642,Lespedea,lespedea,suburb,24.3540192,47.8318823
642,Oblaz,oblaz,suburb,24.3218137,47.813682
642,Cartierul Românesc,cartierul romanesc,suburb,24.4432053,47.713571
642,Cartierul Fehér Sándor,cartierul feher sandor,suburb,24.415357,47.7080213
642,Cartierul Dâmbu Vancii,cartierul dambu vancii,suburb,24.4443676,47.6961018
642,Cartierul Valea Peștilor,cartierul valea pestilor,suburb,24.458837,47.7241175
642,Viile Noi,viile noi,suburb,22.8913428,45.8930459
642,Matei Corvin,matei corvin,suburb,22.8962978,45.8934242
642,Progresul,progresul,suburb,22.9054699,45.8866369
642,Mureș,mures,suburb,22.9141085,45.8842068
642,Centrul Vechi,centrul vechi,suburb,22.90016,45.8824048
642,Aurel Vlaicu,aurel vlaicu,suburb,22.8898113,45.8812604
642,Călugăreni,calugareni,suburb,22.8961625,45.8752913
642,Emanoil Gojdu,emanoil gojdu,suburb,22.9120405,45.8736786
642,Dorobanți,dorobanti,suburb,22.9180275,45.8664455
642,Ceangaiască,ceangaiasca,suburb,22.911586,45.8660598
642,Cioc,cioc,hamlet,24.8918974,46.4704828
642,Ștefănești,stefanesti,hamlet,24.8968649,46.4775908
642,Zăbala,zabala,village,26.1906695,45.8937494
642,кв. Боруна,kv boruna,neighbourhood,23.2103465,43.8247723
642,Ciorobești,ciorobesti,neighbourhood,24.0637646,45.1758959
642,Grămești,gramesti,neighbourhood,24.0646813,45.1700306
642,Țigănia,tigania,neighbourhood,24.0427725,45.1828438
642,Săcături,sacaturi,neighbourhood,24.0669488,45.1622037
642,Canton Carpa,canton carpa,locality,23.5222341,45.6236032
642,Dălvărești,dalvaresti,hamlet,24.0555428,45.1139879
642,Boiereasca,boiereasca,hamlet,24.0617486,45.1038615
642,Delureni,delureni,neighbourhood,24.0454336,45.1503004
642,Lungulești,lungulesti,hamlet,24.0854049,45.0508722
642,Vârful lui Roman,varful lui roman,locality,23.9349692,45.2737391
642,Transylvaliens Festival,transylvaliens festival,locality,23.8686207,45.925646
642,Centru,centru,suburb,23.5900905,46.7687648
642,Ștrand II,strand ii,suburb,24.1305597,45.7824162
642,Valea Aurie,valea aurie,suburb,24.1262964,45.7704407
642,Tilișca,tilisca,suburb,24.1226969,45.7745934
642,Arhitecților,arhitectilor,suburb,24.148827,45.7633621
642,Primăverii,primaverii,suburb,24.1381362,45.7542649
642,Hipodrom IV,hipodrom iv,suburb,24.144497,45.7722077
642,Dumbrăvii,dumbravii,suburb,24.143157,45.7774021
642,Hipodrom III,hipodrom iii,suburb,24.1525975,45.7774165
642,Hipodrom II,hipodrom ii,suburb,24.1550756,45.7835856
642,Hipodrom I,hipodrom i,suburb,24.1621703,45.7809097
642,Vasile Aaron,vasile aaron,suburb,24.1719878,45.7850328
642,Trei Stejari,trei stejari,suburb,24.1647723,45.7905714
642,CFR Triaj (Broscărie),cfr triaj,suburb,24.1836757,45.7888841
642,Lazaret,lazaret,suburb,24.1726234,45.8020138
642,Reșița,resita,suburb,24.1647895,45.8075631
642,Veteranilor de Război,veteranilor de razboi,suburb,24.1406176,45.8207698
642,Viile Sibiului,viile sibiului,suburb,24.1591986,45.8360201
642,Tineretului,tineretului,suburb,24.1315851,45.8163441
642,Țiglari,tiglari,suburb,24.1345729,45.8113265
642,Terezian,terezian,suburb,24.1443458,45.806375
642,Nord - Vest,nord - vest,suburb,24.1124095,45.8086923
642,Centrul Civic,centrul civic,suburb,24.1476145,45.7902657
642,Doamna Stanca,doamna stanca,suburb,24.1647655,45.7775877
642,Tineretului,tineretului,suburb,24.1944767,45.7432704
642,Tropinii Noi,tropinii noi,suburb,24.0820997,45.7296085
642,Sud - Vest,sud - vest,neighbourhood,24.0499985,45.8329581
642,Eden,eden,neighbourhood,24.0486836,45.8446336
642,Colonia Seviș,colonia sevis,suburb,24.1473981,45.7449133
642,Zona Cartier,zona cartier,suburb,24.1569602,45.7116876
642,Piața Nouă,piata noua,suburb,24.1375911,45.7091491
642,Stejarul,stejarul,suburb,24.1429504,45.7109763
642,Centru,centru,suburb,24.1520457,45.7144656
642,Paradicsom,paradicsom,suburb,21.3093943,46.6352009
642,Podu Roș,podu ros,neighbourhood,27.5865091,47.1505621
642,Clopotari,clopotari,neighbourhood,27.5815419,47.1376147
642,C.U.G.,c u g,neighbourhood,27.5687655,47.1284682
642,Mila 23,mila 23,village,29.2506398,45.2298593
642,Dealul Cetății,dealul cetatii,locality,25.8494889,45.9950759
642,Vârful Ascuțit,varful ascutit,locality,25.8495855,46.0040045
642,Compozitori,compozitori,suburb,28.6109211,44.1829488
642,Szilvás,szilvas,neighbourhood,21.318536,46.6341774
642,Óvári,ovari,neighbourhood,21.3259532,46.6398804
642,Centrul Istoric,centrul istoric,neighbourhood,24.3623902,45.1046465
642,Cărări,carari,hamlet,23.5491621,45.7821151
642,22 Decembrie,22 decembrie,suburb,23.3785294,45.4458036
642,Prundului,prundului,suburb,23.3700239,45.4390718
642,Tudor Vladimirescu,tudor vladimirescu,suburb,23.3821916,45.4454913
642,Alexandru Sahia,alexandru sahia,suburb,23.3763986,45.441582
642,Minei,minei,suburb,23.3742439,45.4403497
642,8 Martie,8 martie,neighbourhood,23.3896516,45.4501117
642,Cartierul Muncii,cartierul muncii,suburb,23.4245877,45.4494979
642,6 August,6 august,suburb,23.4200506,45.4487221
642,Brusturi,brusturi,village,22.5914311,46.3458389
642,Ionești,ionesti,village,22.5568628,46.2349602
642,Bârlești-Cătun,barlesti-catun,village,23.3813464,46.2877461
642,Poiu,poiu,hamlet,23.1556391,46.4021042
642,Sárhíd,sarhid,neighbourhood,25.8348012,46.4786695
642,Tőkeszeg,tokeszeg,neighbourhood,25.8310139,46.4772584
642,Felszeg,felszeg,neighbourhood,25.832591,46.4754482
642,Csigafalva,csigafalva,neighbourhood,25.8340609,46.473505
642,Templom szere,templom szere,neighbourhood,25.8253652,46.4732704
642,Alszeg,alszeg,neighbourhood,25.8169484,46.4714065
642,Iaz Decantare Aurul,iaz decantare aurul,locality,23.4729766,47.6415091
642,Iaz Decantare Aurul,iaz decantare aurul,locality,23.4713459,47.6467424
642,Iaz Decantare Aurul,iaz decantare aurul,locality,23.4593725,47.6322266
642,Cungrea Mică,cungrea mica,village,24.4008978,44.6641178
642,Epureni,epureni,village,26.8272936,47.868236
642,Valea Ștefanului,valea stefanului,village,26.5191936,45.3735539
642,Funduri,funduri,locality,26.9202161,45.4096662
642,Valeapai,valeapai,village,21.7234254,45.4915324
642,Mormințele,mormintele,locality,24.1216009,45.1560392
642,Ferentari,ferentari,suburb,26.0794334,44.3992704
642,Adâncata,adancata,hamlet,27.8822922,44.1324494
642,Totea de Hurezani,totea de hurezani,village,23.6061323,44.8511836
642,Popești,popesti,hamlet,23.9586494,44.5759249
642,Poiana Biróné,poiana birone,locality,25.7536853,45.8702909
642,Vest-Copăcelu,vest-copacelu,neighbourhood,24.3445005,45.078014
642,Coasta Grecilor,coasta grecilor,locality,24.261683,45.1060793
642,Cuibul cu Barză,cuibul cu barza,neighbourhood,24.3391977,45.0738326
642,La Șipote,la sipote,locality,25.5213613,45.498672
642,Islazul Buneștilor,islazul bunestilor,locality,24.2131542,45.1340323
642,Chiciora,chiciora,neighbourhood,24.2418519,45.1431877
642,Goruniș,gorunis,locality,24.277277,45.1399044
642,Bălănești,balanesti,neighbourhood,24.2536994,45.1409448
642,La Salcia Roșie,la salcia rosie,locality,24.1345173,45.1374519
642,Covei,covei,locality,24.1472179,45.1333961
642,Satu Nou,satu nou,village,24.3009612,44.552992
642,Sub Dos,sub dos,locality,24.1571206,45.1499446
642,Ponoare,ponoare,locality,24.1532817,45.1323578
642,Marinești,marinesti,neighbourhood,24.138998,45.1559878
642,La Meteu,la meteu,locality,24.1292123,45.1663185
642,La Șipot,la sipot,locality,24.1572138,45.1792262
642,Sulina,sulina,town,29.655027,45.155824
642,Nagy-halom,nagy-halom,locality,20.388844,46.1790281
642,Bucu,bucu,village,27.491559,44.6054388
642,Tâncăbești,tancabesti,village,26.0767949,44.6763109
642,Circumvalațiunii,circumvalatiunii,suburb,21.2140323,45.7593451
642,Crișan,crisan,suburb,21.2649137,45.7619421
642,Pădurea Carpeni,padurea carpeni,locality,22.3439758,46.7525497
642,La Brazi,la brazi,locality,22.1746109,45.3813741
642,Poiana cu nuc,poiana cu nuc,locality,22.182096,45.3943915
642,Păsărei,pasarei,hamlet,23.8906635,44.9964506
642,Centru,centru,neighbourhood,25.7281466,47.9031548
642,Remezeu,remezeu,neighbourhood,25.7072335,47.888192
642,Paciucheni,paciucheni,neighbourhood,25.7054062,47.9093183
642,Catunul Câmp,catunul camp,neighbourhood,25.7058473,47.9011372
642,Crușâni,crusani,neighbourhood,25.6974452,47.8931068
642,Dunării,dunarii,suburb,23.8007713,44.2830952
642,Romanești,romanesti,suburb,23.8035501,44.2907063
642,1 Mai,1 mai,suburb,23.7941516,44.3006124
642,Ungureni,ungureni,suburb,23.8032068,44.3065552
642,Valea Roșie - Eroilor,valea rosie - eroilor,suburb,23.8178492,44.3056654
642,Sărari,sarari,suburb,23.8232562,44.3122042
642,Siloz,siloz,suburb,23.8159027,44.3123397
642,Lăpuș - Argeș,lapus - arges,suburb,23.8353679,44.3151117
642,Bordei,bordei,suburb,23.8407739,44.3203771
642,Plaiul Vulcănești,plaiul vulcanesti,suburb,23.8526936,44.3139827
642,Banu Mărăcine,banu maracine,suburb,23.8606008,44.2902339
642,Rovine,rovine,suburb,23.8209541,44.322537
642,Piața Gării,piata garii,suburb,23.8161369,44.3263056
642,Brazda lui Novac,brazda lui novac,suburb,23.8009174,44.3302359
642,George Enescu,george enescu,suburb,23.7837978,44.3285398
642,Brestei,brestei,suburb,23.7798978,44.322783
642,Severinului,severinului,suburb,23.7762053,44.3257239
642,Craiovița Veche,craiovita veche,suburb,23.7632416,44.3288177
642,Craiovița Nouă,craiovita noua,suburb,23.7764576,44.3362245
642,Triaj,triaj,suburb,23.7955709,44.339877
642,Bariera Vâlcii,bariera valcii,suburb,23.8244637,44.3357179
642,Catargiu,catargiu,suburb,23.7801321,44.3040623
642,Fața Luncii,fata luncii,suburb,23.7737461,44.3127054
642,Veteranilor,veteranilor,suburb,23.8175851,44.2879554
642,Preajba Nouă,preajba noua,suburb,23.8422981,44.2877256
642,Pelendava,pelendava,suburb,23.8775174,44.275183
642,Dealul Somnului,dealul somnului,locality,25.7841182,46.050495
642,Plai,plai,locality,24.1128473,45.1858789
642,Văcăreața,vacareata,hamlet,22.1604312,45.3741988
642,Livezile din Păduri,livezile din paduri,locality,24.0055679,45.3554082
642,Livezile Preajba,livezile preajba,locality,24.0018612,45.369357
642,La Rogoz,la rogoz,locality,24.0107447,45.3815361
642,Șesul Burului,sesul burului,locality,22.2078126,45.3907128
642,Sub Teiuș,sub teius,locality,22.2142511,45.4018682
642,La Ghețar,la ghetar,locality,22.1989076,45.4096776
642,La Carpeni,la carpeni,locality,22.1651057,45.4043263
642,Piața Chiliei,piata chiliei,neighbourhood,28.6460613,44.1942896
642,Butucoasa,butucoasa,village,26.8139912,45.7138025
642,Poiana cu galbeni,poiana cu galbeni,locality,22.108517,45.4911746
642,Pârloaga,parloaga,locality,24.4396088,45.3868931
642,Papkert,papkert,locality,25.2984387,46.2991526
642,Leordeni,leordeni,suburb,26.2025293,44.3808271
642,Colonia Cotești,colonia cotesti,locality,24.9727635,45.2041841
642,Aluniș,alunis,locality,26.3652992,46.068893
642,Colonia Ciudanovița,colonia ciudanovita,locality,21.7929602,45.1470217
642,Vităneștii Mici,vitanestii mici,hamlet,24.6867549,44.5473317
642,Zăvoiu,zavoiu,neighbourhood,24.6798761,44.5421973
642,Bălțați,baltati,village,24.5835652,44.5096606
642,Bădești Băi,badesti bai,locality,24.7567787,44.3995169
642,Poiana Nisipoasă,poiana nisipoasa,locality,25.8899259,45.9786981
642,Mociar,mociar,locality,25.9083725,46.0046466
642,Maliuc,maliuc,village,29.1098642,45.1770077
642,Valea Puțului,valea putului,village,26.7602279,45.2520565
642,Podul Muncii Cătun,podul muncii catun,locality,26.7723882,45.4302568
642,Boru,boru,locality,26.6055091,45.2006155
642,La Codițoaia,la coditoaia,locality,27.2137331,46.1639777
642,Hângani,hangani,hamlet,26.4589907,46.4417806
642,Speranța,speranta,neighbourhood,26.4317284,46.9161753
642,Nucșoara,nucsoara,village,24.7777319,45.3409855
642,Vadul Frumos,vadul frumos,locality,24.5052786,45.3570046
642,Crucea Mierlei,crucea mierlei,locality,24.4164101,45.099886
642,Jervani,jervani,locality,21.9421276,45.1348495
642,Parseni,parseni,neighbourhood,25.0437243,45.227465
642,Stațiunea Viticolă Recaș,statiunea viticola recas,locality,21.5294264,45.8288735
642,Izvor,izvor,suburb,25.7069674,45.661013
642,Pilișca,pilisca,locality,25.7324695,45.8935627
642,Stațiunea Zoologică Marină Agigea,statiunea zoologica marina agigea,village,28.6389327,44.0829457
642,Sanatoriul Agigea,sanatoriul agigea,village,28.6409652,44.0931181
642,Gura Ciobănașului,gura ciobanasului,locality,26.3460538,46.4417963
642,Felszeg,felszeg,hamlet,25.5472771,46.7414316
642,Alszeg,alszeg,hamlet,25.5210734,46.7591946
642,Nătărăi,natarai,village,23.9084014,44.5122977
642,Turda Nouă,turda noua,suburb,23.7718016,46.5799293
642,Cernatul de Jos,cernatul de jos,suburb,26.0299391,45.9606409
642,Nisipuri Dorobănția,nisipuri dorobantia,suburb,23.7681351,44.3195627
642,Iepura,iepura,locality,22.2366881,45.4466883
642,La Vălău,la valau,locality,22.2217101,45.4420932
642,Peneș Curcanul,penes curcanul,suburb,25.9995731,44.9365598
642,Ienăchiță Văcărescu,ienachita vacarescu,suburb,25.9968863,44.9399068
642,La Chenta,la chenta,locality,22.194157,45.3906626
642,La mesteceni,la mesteceni,locality,22.1965156,45.3751701
642,Cristești,cristesti,hamlet,23.1177961,46.7427191
642,Бели Багрем,beli bagrem,hamlet,21.4860567,44.7631
642,Fehérbükk,feherbukk,locality,26.1519772,46.3009931
642,Kisbükk,kisbukk,locality,25.8906609,46.5477417
642,SCPC,scpc,locality,25.9315491,46.391021
642,Bökény,bokeny,hamlet,20.6604067,46.1572521
642,Grui,grui,neighbourhood,24.4492069,46.4566576
642,Tău,tau,neighbourhood,24.4465703,46.4444628
642,Hipodrom,hipodrom,suburb,27.9560405,45.2601292
642,Sâlha,salha,neighbourhood,21.8660116,45.733954
642,Ictar,ictar,neighbourhood,21.6704357,45.7688327
642,Budinț,budint,neighbourhood,21.6869688,45.7715418
642,Satu Nou,satu nou,neighbourhood,21.1440038,45.6321958
642,Munteni,munteni,neighbourhood,21.1350453,45.6381148
642,Cora,cora,neighbourhood,21.2145782,45.8018384
642,Хајдучка воденица,khajduchka vodenitsa,locality,22.3036945,44.638044
642,Dâmbul Pietros,dambul pietros,suburb,24.5566455,46.5309302
642,Budai Nagy Antal,budai nagy antal,suburb,24.5659071,46.5375027
642,Tudor Vladimirescu,tudor vladimirescu,suburb,24.5834007,46.5351287
642,Valea Rece,valea rece,neighbourhood,24.5668942,46.5305427
642,Viile Dealului Mic,viile dealului mic,neighbourhood,24.5648932,46.5241688
642,Mureșeni,mureseni,suburb,24.5338628,46.5227847
642,Libertății,libertatii,suburb,24.5455867,46.5400322
642,Depozitelor,depozitelor,neighbourhood,24.5396027,46.5304634
642,Rovinari,rovinari,suburb,24.5394538,46.5429443
642,Aleea Carpați,aleea carpati,suburb,24.5585753,46.5538638
642,22 Decembrie 1989,22 decembrie 1989,suburb,24.5752573,46.5574485
642,Cornișa,cornisa,suburb,24.5753378,46.5516523
642,Podeni,podeni,neighbourhood,24.5477378,46.5556474
642,Unirii,unirii,suburb,24.5474991,46.5630928
642,Westfield,westfield,neighbourhood,21.2703989,46.2293644
642,Episcopia Bihor,episcopia bihor,suburb,21.8953674,47.1010757
642,Hipodrom,hipodrom,neighbourhood,23.8145894,44.2932228
642,Jora,jora,village,26.9904907,47.2133151
642,Zona Mănăstirii,zona manastirii,neighbourhood,21.1881998,45.6550816
642,Costea,costea,locality,25.0110355,45.1967258
642,Serena,serena,neighbourhood,21.3213661,45.7293552
642,Europa,europa,neighbourhood,21.2958437,45.7284272
642,Tineret,tineret,neighbourhood,21.3268447,45.7394504
642,Europa,europa,neighbourhood,21.1275737,45.7629504
642,Joseni,joseni,village,25.5039123,46.7008796
642,Casa de Cultură,casa de cultura,suburb,28.634732,44.1807147
642,Santa Maria Bay,santa maria bay,neighbourhood,28.6503424,44.21128
642,Delfinariu,delfinariu,neighbourhood,28.6444174,44.2049386
642,Victoria,victoria,neighbourhood,28.6385526,44.1927224
642,Trocadero,trocadero,neighbourhood,28.6342026,44.1886516
642,Dacia,dacia,neighbourhood,28.632351,44.1963516
642,Stadion,stadion,neighbourhood,28.6391667,44.1973396
642,Gară,gara,suburb,28.6347255,44.1694124
642,ICIL,icil,neighbourhood,28.6365417,44.1725863
642,Tóth Miska-halom,toth miska-halom,locality,20.3738575,46.1675883
642,Brebu,brebu,village,25.769463,45.1825203
642,Șcheii Brașovului,scheii brasovului,neighbourhood,25.5811375,45.6356517
642,Crivaia,crivaia,suburb,22.012707,45.1975828
642,Alângu,alangu,hamlet,24.4853534,45.2449167
642,Rudari,rudari,neighbourhood,24.5188257,45.2926793
642,Padini,padini,locality,24.5074952,45.2921398
642,Golul Leurdei,golul leurdei,locality,24.4082856,45.4744729
642,Prislop,prislop,neighbourhood,24.3089935,45.3822574
642,Măgura Cerbușu,magura cerbusu,locality,24.3943502,45.5180074
642,Kuncz,kuncz,neighbourhood,21.2646013,45.7471025
642,Полонина Верх. Щаул,polonina verkh shchaul,locality,24.5025231,47.9539121
642,Урочище Маслокрут,urochishche maslokrut,locality,24.3952338,47.9589914
642,Curături,curaturi,hamlet,23.0417513,46.3269962
642,Полонина Балтагул,polonina baltagul,locality,24.8451369,47.7786667
642,La Balta Verde,la balta verde,locality,24.2784859,45.5081635
642,Vest II,vest ii,suburb,25.993199,44.9313867
642,Vest I,vest i,suburb,25.9858545,44.9342009
642,Poiana Stricatului,poiana stricatului,locality,23.8861642,45.4860718
642,Dosul Runculețului,dosul runculetului,locality,23.8774388,45.458308
642,Curmătura Balu,curmatura balu,locality,23.7390875,45.5016461
642,Căldarea Gropii,caldarea gropii,locality,23.7692562,45.5094942
642,Groapa Bujorilor,groapa bujorilor,locality,23.9009041,45.5761615
642,9 Mai,9 mai,suburb,25.9978119,44.9278587
642,Eroilor,eroilor,suburb,26.0084013,44.9273947
642,Mărășești,marasesti,suburb,26.009943,44.9321891
642,Gheorghe Grigore Cantacuzino,gheorghe grigore cantacuzino,suburb,26.0119149,44.9385795
642,Traian,traian,suburb,26.008215,44.9430253
642,Malu Roșu,malu rosu,suburb,25.9983178,44.9443148
642,Republicii Vest I,republicii vest i,suburb,26.0025685,44.9476125
642,Republicii Vest II,republicii vest ii,suburb,26.012629,44.9448332
642,Mimiu,mimiu,suburb,26.0210567,44.9156434
642,Petrolul,petrolul,suburb,26.0408943,44.9163857
642,Bariera București,bariera bucuresti,neighbourhood,26.0324306,44.921164
642,Râfov,rafov,suburb,26.0516207,44.9224914
642,Moțoi,motoi,suburb,26.0493261,44.927972
642,Pictor Rosenthal,pictor rosenthal,suburb,26.0513397,44.9329034
642,Lupeni,lupeni,suburb,26.0401666,44.9322681
642,Mihai Bravu,mihai bravu,suburb,26.0395166,44.9400066
642,Centrul Istoric,centrul istoric,suburb,23.7856956,46.5726616
642,Poiana,poiana,suburb,23.8315359,46.559178
642,Bucov II,bucov ii,suburb,26.0422489,44.9443661
642,Bereasca,bereasca,suburb,26.0441294,44.9518693
642,Carino,carino,suburb,25.991156,44.9573636
642,Nord,nord,suburb,26.002586,44.9572878
642,Centru,centru,suburb,23.8860279,46.5461265
642,Blocuri,blocuri,suburb,23.8841392,46.5384551
642,Șarât,sarat,suburb,23.8750626,46.5461482
642,Parc Industrial,parc industrial,suburb,23.8636667,46.5533484
642,Insulă,insula,suburb,23.8778864,46.5568935
642,Zona Industrială,zona industriala,suburb,23.7837196,46.5560966
642,Sâncrai,sancrai,suburb,23.8968555,46.5358122
642,Primăverii,primaverii,suburb,23.8147048,46.5528471
642,Eden,eden,suburb,26.0121083,44.9627869
642,Andrei Mureșanu,andrei muresanu,suburb,26.0077071,44.9528862
642,Găgeni,gageni,suburb,26.014746,44.9549423
642,Јакшићево,jakshitshevo,hamlet,20.6973255,45.7382786
642,Gheorghe Doja,gheorghe doja,suburb,26.018599,44.9491488
642,Transilvaniei,transilvaniei,suburb,26.0280599,44.9482211
642,Bariera Poștei - Bucov,bariera postei - bucov,suburb,26.032111,44.9441649
642,Ogoare,ogoare,locality,24.0926667,45.3693369
642,Rudului,rudului,neighbourhood,26.018739,44.9281033
642,Ploiești Sud,ploiesti sud,suburb,26.0291372,44.9268343
642,Ana Ipătescu,ana ipatescu,suburb,26.020483,44.9324398
642,Democraţiei,democratiei,suburb,26.0311507,44.9337637
642,Centru,centru,suburb,26.0230725,44.9420331
642,Manița,manita,locality,24.4778274,45.3914904
642,Jaroslav,jaroslav,locality,24.4886868,45.4080976
642,Albert,albert,neighbourhood,25.9836783,44.9590964
642,La Stâna lui Gavrilă,la stana lui gavrila,locality,24.3083875,45.3253825
642,Cotina,cotina,neighbourhood,24.2822863,44.2460312
642,Săliște,saliste,neighbourhood,24.286712,44.2438023
642,Gușata,gusata,neighbourhood,24.2723943,44.2424381
642,Sipos hát,sipos hat,locality,25.7416564,46.706766
642,Poiana Albă,poiana alba,locality,25.8004532,46.7165722
642,Inel II,inel ii,suburb,28.6158897,44.1767737
642,Inel I,inel i,suburb,28.6246543,44.1906758
642,Dealul Borzaș,dealul borzas,neighbourhood,23.67312,46.7732139
642,Girocului,girocului,suburb,21.231879,45.7318471
642,Poiana Runcului,poiana runcului,locality,24.4475408,45.431967
642,Brateșul Unguresc,bratesul unguresc,locality,26.0313063,46.7406485
642,Bărăgan,baragan,suburb,24.8208162,46.2327431
642,Tic-Tac,tic-tac,neighbourhood,28.6228602,44.2079721
642,Nagy rét,nagy ret,locality,21.9812616,47.1290649
642,Szálkás sarok,szalkas sarok,hamlet,25.7368457,46.7806396
642,Fenék tető,fenek teto,locality,25.4289367,46.8016342
642,Măguran,maguran,hamlet,22.4928043,46.9217014
642,Micălaca,micalaca,suburb,21.3570487,46.1735594
642,Sânicolaul Mic,sanicolaul mic,suburb,21.345258,46.1404835
642,Aradu Nou,aradu nou,suburb,21.3229093,46.1511248
642,Mureșel,muresel,suburb,21.3158661,46.1593015
642,Subcetate,subcetate,suburb,21.3341163,46.1629358
642,Alfa,alfa,suburb,21.2918206,46.1637002
642,Pârneava,parneava,suburb,21.3009295,46.1747302
642,Confecții,confectii,suburb,21.2938247,46.1824607
642,Șega,sega,suburb,21.2992356,46.1900725
642,Bujac,bujac,suburb,21.2821851,46.1940266
642,Poltura,poltura,suburb,21.2989526,46.2040808
642,6 Vânători,6 vanatori,suburb,21.3209091,46.2089935
642,Grădiște,gradiste,suburb,21.3355053,46.1956548
642,Ion G. Duca,ion g duca,suburb,21.2951076,46.1996389
642,Centru,centru,suburb,21.3152143,46.173936
642,Gai,gai,suburb,21.2766611,46.210707
642,Külsőpereg-Rákóczitelep,kulsopereg-rakoczitelep,hamlet,20.8932758,46.2888504
642,Külső-Pereg,kulso-pereg,locality,20.9016109,46.2797054
642,Luncile Prigoanei,luncile prigoanei,locality,23.5694611,45.5827416
642,Poarta Raiului,poarta raiului,locality,23.5265511,45.5838191
642,Băile Sărate,baile sarate,suburb,23.7972208,46.5784859
642,Valea Piersicilor,valea piersicilor,locality,26.1090252,44.3328847
642,La Trei Lacuri,la trei lacuri,suburb,23.9133884,46.5288693
642,Колонія,koloniia,locality,24.0382153,47.9537308
642,Câmpul mişeilor,campul miseilor,locality,25.0354101,45.2600507
642,Olari Şubeşti,olari subesti,neighbourhood,25.034751,45.2623354
642,Vişoi III,visoi iii,neighbourhood,25.0597359,45.2804322
642,Mărcuși,marcusi,neighbourhood,25.0142302,45.2462116
642,Apa Sărată,apa sarata,neighbourhood,25.02813,45.244784
642,Pescăreasa,pescareasa,neighbourhood,25.0126535,45.2287093
642,Darabani,darabani,village,28.2982921,43.7876864
642,Cartier Tei,cartier tei,suburb,26.3961564,46.9412058
642,Poștarât,postarat,suburb,23.8026687,46.5640445
642,Alszeg,alszeg,neighbourhood,25.4529773,46.805226
642,Túlamaros,tulamaros,neighbourhood,25.459878,46.7896023
642,Csutakfalva,csutakfalva,neighbourhood,25.42508,46.7989581
642,Bakó,bako,neighbourhood,25.4436736,46.7902976
642,Boziaș,bozias,suburb,24.301212,46.3206461
642,La Despina,la despina,locality,23.8042737,45.4254155
642,La Stâna Roșca,la stana rosca,locality,23.7916665,45.3895991
642,Урочище Бандак,urochishche bandak,locality,24.2258121,47.9052362
642,Урочище Гроби,urochishche grobi,locality,24.2441439,47.9104415
642,Petrilaca,petrilaca,neighbourhood,23.8754266,46.5686616
642,Hărcana,harcana,neighbourhood,23.8308888,46.5709581
642,Istru,istru,suburb,25.9493873,43.8844953
642,Bâlciului,balciului,suburb,25.9574407,43.8983985
642,Cartierul Tineretului,cartierul tineretului,suburb,25.9740382,43.9090816
642,Daciei,daciei,suburb,25.9684297,43.9034243
642,Giurgiu Nord,giurgiu nord,suburb,25.9732443,43.9225487
642,Cartierul Vânători,cartierul vanatori,suburb,28.0327744,45.4764256
642,Micro 39 B,micro 39 b,suburb,28.0252465,45.4570476
642,Micro 39 C,micro 39 c,suburb,28.0206116,45.4538567
642,Cartier Filești,cartier filesti,suburb,28.0068573,45.4587936
642,Azaclau,azaclau,suburb,28.0446005,45.4497481
642,Micro 13,micro 13,suburb,28.0186152,45.4463008
642,Cartier IC Frimu,cartier ic frimu,suburb,28.0259538,45.444404
642,Mazepa 1,mazepa 1,suburb,28.0503082,45.4304484
642,Mazepa 2,mazepa 2,suburb,28.0444788,45.4273993
642,Micro 14,micro 14,suburb,28.0235469,45.4374956
642,Țiglina 3,tiglina 3,suburb,28.0183004,45.4307461
642,Țiglina 2,tiglina 2,suburb,28.0312502,45.4308854
642,Țiglina 1,tiglina 1,suburb,28.0333315,45.4232955
642,Micro 17,micro 17,suburb,28.0126571,45.4223956
642,Micro 19,micro 19,suburb,28.0165409,45.4154673
642,Micro 21,micro 21,suburb,28.0176406,45.4101858
642,Micro 20,micro 20,suburb,28.0105113,45.4107281
642,Brăila Sud,braila sud,suburb,27.9486496,45.2393503
642,Radu Negru,radu negru,suburb,27.9418475,45.2434713
642,Vizirul I,vizirul i,suburb,27.9463536,45.2463342
642,Ansamblul Buzăului,ansamblul buzaului,suburb,27.9373414,45.2477921
642,Călărași 4,calarasi 4,suburb,27.9564599,45.2498614
642,Viziru II,viziru ii,suburb,27.9574066,45.2526828
642,Viziru III,viziru iii,suburb,27.9506904,45.2512401
642,ANL,anl,suburb,27.9437382,45.2602849
642,Lacu Dulce,lacu dulce,suburb,27.9440386,45.2674814
642,Minerva,minerva,suburb,27.9297156,45.2716909
642,Obor,obor,suburb,27.953972,45.2675785
642,Tineretului,tineretului,suburb,27.9629707,45.2652499
642,Centru Civic,centru civic,suburb,27.9696011,45.2625125
642,Faleza Dunării,faleza dunarii,suburb,27.9756951,45.267738
642,Școlilor,scolilor,suburb,27.9604387,45.2682741
642,Dorobanților,dorobantilor,suburb,27.958722,45.2717285
642,Unirii,unirii,suburb,27.9669403,45.2736727
642,Centru,centru,suburb,27.9746436,45.2715813
642,1 Mai,1 mai,suburb,27.9554819,45.2762623
642,Chercea,chercea,suburb,27.9462873,45.2793954
642,Apollo,apollo,suburb,27.9590546,45.2814903
642,Gării,garii,suburb,27.9630565,45.2772815
642,Marna,marna,suburb,27.9607022,45.2864009
642,Islaz,islaz,suburb,27.9648006,45.2860084
642,M. Kogălniceanu,m kogalniceanu,suburb,27.9651975,45.288473
642,Plantelor,plantelor,suburb,27.9734909,45.2878238
642,Comorovca,comorovca,suburb,27.9760642,45.2826226
642,Catanga,catanga,suburb,27.9475066,45.2932265
642,Progresu,progresu,suburb,27.9724619,45.2942228
642,Brăilița,brailita,suburb,27.9707024,45.2978341
642,Vidin,vidin,suburb,27.9646942,45.301298
642,Pisc,pisc,suburb,27.9722075,45.301861
642,Locuri Noi,locuri noi,suburb,27.959569,45.3042003
642,Amber Gardens,amber gardens,neighbourhood,26.1168273,44.5507159
642,La Dorobanțu,la dorobantu,locality,24.1945441,45.2440616
642,Pietrele lui Bot,pietrele lui bot,locality,24.2003607,45.2223168
642,Jaroștea,jarostea,locality,24.3402575,45.195172
642,La Mușețel,la musetel,locality,24.3185421,45.282234
642,Варош-Вейг,varosh-veig,locality,23.5995343,48.0098772
642,Pietrele Goale,pietrele goale,locality,24.2061628,45.302692
642,Cârnic,carnic,locality,22.893759,45.4337522
642,Vadalmás,vadalmas,locality,22.7395242,47.2321002
642,Giurgiului,giurgiului,suburb,26.0917909,44.3894924
642,Sălaj,salaj,suburb,26.0685581,44.394586
642,Rahova,rahova,suburb,26.063243,44.406474
642,Progresul,progresul,suburb,26.0953245,44.3745435
642,Berceni,berceni,suburb,26.1180036,44.3886959
642,Apărătorii Patriei,aparatorii patriei,suburb,26.1368394,44.3768209
642,Ghencea,ghencea,suburb,26.0201916,44.4105091
642,Drumul Taberei,drumul taberei,suburb,26.0283834,44.41981
642,Tudor Vladimirescu,tudor vladimirescu,suburb,26.0458169,44.4167938
642,13 Septembrie,13 septembrie,suburb,26.0665034,44.4205573
642,Lipscani,lipscani,suburb,26.1015828,44.4318058
642,Vitan,vitan,suburb,26.1270761,44.4141205
642,Independenței,independentei,suburb,26.0112567,44.3848084
642,Odăi,odai,suburb,26.0386689,44.3931423
642,Cartierul Latin,cartierul latin,suburb,25.9949731,44.403536
642,Uranus,uranus,suburb,26.0820917,44.4222156
642,Cotroceni,cotroceni,suburb,26.0708103,44.4311178
642,Grozăveşti,grozavesti,suburb,26.0598554,44.4410483
642,Giuleşti Sârbi,giulesti sarbi,suburb,26.0087762,44.4707826
642,Belvedere,belvedere,suburb,26.0550255,44.4497789
642,Gara de Nord,gara de nord,suburb,26.0760245,44.4459598
642,Dudeşti,dudesti,suburb,26.1306853,44.4197309
642,Dristor,dristor,suburb,26.1419967,44.4148939
642,Sălăjan,salajan,suburb,26.1635432,44.4102787
642,Trapezului,trapezului,suburb,26.1798252,44.4041257
642,Ozana,ozana,suburb,26.1822177,44.4152043
642,Titan,titan,suburb,26.1629173,44.4246301
642,Industriilor,industriilor,suburb,26.2043996,44.4281426
642,Vatra Luminoasă,vatra luminoasa,suburb,26.1425849,44.438284
642,Iancului,iancului,suburb,26.1339337,44.4411079
642,Cartierul Evreiesc,cartierul evreiesc,suburb,26.1080285,44.4287249
642,Străuleşti,straulesti,suburb,26.0194563,44.511453
642,Cartierul Pădurea Băneasa,cartierul padurea baneasa,suburb,26.0429066,44.5185577
642,Vatra Nouă,vatra noua,suburb,26.0541958,44.5021114
642,Băneasa,baneasa,suburb,26.0786696,44.4945018
642,Dorobanți,dorobanti,suburb,26.0929447,44.4550838
642,Cartierul Armenesc,cartierul armenesc,suburb,26.1090297,44.4397906
642,Andronache,andronache,suburb,26.1473351,44.4781499
642,Dealul Spirii,dealul spirii,neighbourhood,26.0840977,44.4261669
642,Dămăroaia,damaroaia,suburb,26.0520454,44.4883618
642,Floreasca,floreasca,suburb,26.1029344,44.4631717
642,Militari,militari,suburb,26.0206552,44.4349533
642,Obor,obor,suburb,26.1290446,44.4499514
642,Ion Creangă,ion creanga,suburb,26.1638311,44.4714514
642,Fundeni,fundeni,suburb,26.1537755,44.4609185
642,Colentina,colentina,suburb,26.1422559,44.4676744
642,Baicului,baicului,suburb,26.1472504,44.451661
642,Oprișani,oprisani,suburb,23.8067302,46.5574357
642,Arizona,arizona,suburb,24.0927757,46.4775324
642,Dalas,dalas,suburb,28.7770807,45.1836695
642,Cartier E3,cartier e3,suburb,28.7867689,45.1713477
642,Cartier C5,cartier c5,suburb,28.7951481,45.1649456
642,Dacia,dacia,suburb,24.0919379,46.471178
642,Independenței,independentei,suburb,24.4852517,47.1270973
642,Zona Industrială,zona industriala,suburb,24.4813957,47.1364544
642,Decebal,decebal,suburb,24.4937006,47.1354027
642,Andrei Mureșanu,andrei muresanu,suburb,24.5013261,47.1409684
642,Petre Ispirescu,petre ispirescu,suburb,24.5036489,47.1380073
642,Ștefan cel Mare,stefan cel mare,suburb,24.507455,47.1356764
642,Centrul Istoric,centrul istoric,suburb,24.4971768,47.1318792
642,Pe Tabără,pe tabara,suburb,24.5122079,47.1307023
642,Valea Miții,valea mitii,neighbourhood,23.0160052,47.2005018
642,Tudor Vladimirescu,tudor vladimirescu,suburb,25.812744,46.3542597
642,Zona Industrială,zona industriala,suburb,25.7829647,46.3658663
642,Centru,centru,suburb,25.8022445,46.3583948
642,Cetățuie,cetatuie,neighbourhood,23.5829929,46.773649
642,Carolina,carolina,suburb,23.5662791,46.0632148
642,Cetate,cetate,suburb,23.5573,46.0710864
642,Tolstoi,tolstoi,suburb,23.5744097,46.0768369
642,Partoș,partos,suburb,23.5649174,46.0440885
642,Maieri,maieri,suburb,23.5814157,46.0627381
642,Lipoveni,lipoveni,suburb,23.5884578,46.0730877
642,Ampoi III,ampoi iii,suburb,23.5834609,46.0826878
642,Ampoi I,ampoi i,suburb,23.5880314,46.0846812
642,Ampoi II,ampoi ii,suburb,23.5866206,46.0873666
642,Rogerius,rogerius,suburb,21.9164294,47.0776592
642,Oncea,oncea,suburb,21.9189239,47.090968
642,Nicolae Iorga,nicolae iorga,suburb,21.9480366,47.074247
642,Olosig,olosig,suburb,21.9345236,47.0600716
642,Gheorghe Doja,gheorghe doja,suburb,21.963824,47.0593142
642,Tokai,tokai,suburb,21.9880015,47.037903
642,Mihai Eminescu,mihai eminescu,suburb,21.9700052,47.0452573
642,Zona Industrială Est,zona industriala est,suburb,21.9866027,47.0270333
642,Subcetate,subcetate,suburb,21.9427486,47.050747
642,Dimitrie Cantemir,dimitrie cantemir,suburb,21.9477965,47.0426779
642,Seleuș,seleus,suburb,21.9636671,47.0355956
642,Zona Industrială Vest,zona industriala vest,suburb,21.8768923,47.0873096
642,Decebal-Dacia,decebal-dacia,suburb,21.9164281,47.0695041
642,Ioșia Nord,iosia nord,suburb,21.9070001,47.0666779
642,Splaiul Crișanei,splaiul crisanei,suburb,21.9171815,47.06327
642,Ioșia,iosia,suburb,21.9022311,47.0575778
642,Ioșia Sud,iosia sud,suburb,21.8961237,47.0498415
642,Europa,europa,suburb,21.91377,47.04188
642,Salca,salca,suburb,21.9385,47.0352857
642,Halta,halta,suburb,22.0080496,46.9984862
642,Calea Aradului,calea aradului,suburb,21.9104441,47.032177
642,Calea Sântandrei,calea santandrei,suburb,21.879781,47.043324
642,Zona Industrială Vest,zona industriala vest,suburb,28.7682517,45.1879595
642,Cartier Vest Blocuri,cartier vest blocuri,suburb,28.7824567,45.1776863
642,Zona Industrială Est,zona industriala est,suburb,28.8243742,45.1931786
642,Cartier Sud,cartier sud,suburb,27.1842986,45.6790319
642,Zona Industrială Sud,zona industriala sud,suburb,27.1747339,45.6781492
642,ANL Sud,anl sud,suburb,27.1764665,45.6738745
642,LVG,lvg,suburb,27.2020415,45.6874257
642,Centru Zalăului,centru zalaului,suburb,23.0557496,47.1827227
642,Meseș,meses,suburb,23.0739984,47.1766164
642,Traian,traian,suburb,23.0495876,47.1831303
642,Porolissum,porolissum,suburb,23.0653205,47.1893716
642,Dumbrava II,dumbrava ii,suburb,23.0503591,47.1930288
642,Dealul Morii,dealul morii,suburb,23.0420416,47.1971943
642,Dumbrava Nord,dumbrava nord,suburb,23.0483609,47.2006296
642,Ortelec,ortelec,suburb,23.0948221,47.2077893
642,Armatei,armatei,suburb,22.8145742,47.2324079
642,Centru,centru,suburb,22.798202,47.2299072
642,Micro 17,micro 17,suburb,22.8920126,47.7790979
642,Carpați I,carpati i,suburb,22.8863394,47.7750641
642,Carpați II,carpati ii,suburb,22.8864255,47.7696697
642,Micro 16,micro 16,suburb,22.8597104,47.7860937
642,Micro 15,micro 15,suburb,22.859587,47.7816296
642,Micro 14,micro 14,suburb,22.8681594,47.7813232
642,Soarelui,soarelui,suburb,22.8844109,47.7812844
642,Zona Industrială,zona industriala,suburb,22.9073786,47.8058112
642,Centrul Nou,centrul nou,suburb,22.875632,47.7901431
642,Lunca Sighet,lunca sighet,suburb,22.856886,47.8015748
642,Mintiu,mintiu,suburb,22.8749587,47.8020847
642,Bira,bira,village,27.0446687,47.0234469
642,Nufărul,nufarul,suburb,21.9570118,47.0324887
642,Universității,universitatii,suburb,21.9227877,47.0383268
642,Dorobanților,dorobantilor,suburb,21.9347775,47.0435198
642,Cetatea Bastionară Alba Carolina,cetatea bastionara alba carolina,suburb,23.5705807,46.0682444
642,Brădet,bradet,suburb,22.800771,47.2249025
642,Gheorghe Lazăr,gheorghe lazar,suburb,22.7933899,47.2289431
642,Brădet,bradet,suburb,23.0666362,47.1741455
642,Sărmaș,sarmas,suburb,23.0827353,47.1851742
642,Păcii,pacii,suburb,23.060103,47.188897
642,Simion Bărnuțiu,simion barnutiu,suburb,23.0568051,47.1911994
642,Solidarității,solidaritatii,suburb,22.8822498,47.8040986
642,Vișinilor,visinilor,suburb,23.0509672,47.1890847
642,Dragoș Vodă,dragos voda,suburb,21.9604033,47.0490979
642,ANL Democrației,anl democratiei,suburb,27.1994215,45.6847769
642,Zamora,zamora,neighbourhood,25.5407349,45.408697
642,Poiana Palanca,poiana palanca,locality,25.5293744,45.4065448
642,Silva,silva,neighbourhood,25.5287363,45.4099849
642,Cartierul Fierăstrău,cartierul fierastrau,neighbourhood,25.5217605,45.4069859
642,Valea Alba,valea alba,neighbourhood,25.534555,45.421563
642,Кіблер,kibler,locality,23.3237744,48.0587881
642,Băile Figa,baile figa,neighbourhood,24.2068883,47.1645911
642,Bulevardul București,bulevardul bucuresti,suburb,26.0343246,44.921695
642,Teleajen,teleajen,suburb,26.0781419,44.9470384
642,Albert,albert,suburb,25.9821314,44.9598507
642,Baciu,baciu,suburb,25.6739833,45.6078479
642,Bunloc,bunloc,suburb,25.664895,45.6061963
642,Turcheș,turches,suburb,25.6813314,45.6130912
642,Movilei,movilei,suburb,25.6907555,45.623053
642,Ștefan Cel Mare,stefan cel mare,suburb,25.6964702,45.6203629
642,Electroprecizia,electroprecizia,suburb,25.720369,45.6164138
642,Satulung,satulung,suburb,25.7120277,45.6145903
642,Noua-Dârste,noua-darste,suburb,25.6356273,45.6210231
642,Astra,astra,suburb,25.6273973,45.6399695
642,Est Zizin,est zizin,suburb,25.6489698,45.6439768
642,Valea Cetății,valea cetatii,suburb,25.6121665,45.6386424
642,Centrul Vechi,centrul vechi,suburb,25.5884179,45.6392996
642,Florilor - Craiter,florilor - craiter,suburb,25.6262446,45.6552678
642,Prund-Schei,prund-schei,suburb,25.574318,45.6399912
642,Bartolomeu Nord,bartolomeu nord,suburb,25.5563456,45.6676332
642,Centrul Nou,centrul nou,suburb,25.608404,45.6533138
642,Triaj Hărman,triaj harman,suburb,25.6494315,45.6697327
642,Tractorul,tractorul,suburb,25.6008043,45.6722705
642,Hârjeu,harjeu,suburb,26.1399721,44.4342533
642,Cartierul Verde,cartierul verde,suburb,26.0255102,44.3872805
642,Danubiana,danubiana,suburb,26.1964658,44.3644748
642,Metalurgiei,metalurgiei,suburb,26.1260128,44.3705598
642,Obârșia Lotrului,obarsia lotrului,locality,23.6302451,45.435161
642,Valea Blanei,valea blanei,locality,25.4394599,45.407461
642,Valea Soarelui,valea soarelui,locality,25.4745138,45.3576327
642,Podirei,podirei,neighbourhood,24.1997354,47.1746062
642,Târsulești,tarsulesti,neighbourhood,24.1235415,45.1457021
642,Belcești,belcesti,village,27.0855495,47.3065496
642,Spulber (vatra veche),spulber,locality,26.7607302,45.7519233
642,Ordoreanu (Vatra veche),ordoreanu,locality,25.8812077,44.3577492
642,Curculești,curculesti,neighbourhood,24.1401447,44.8268145
642,La Comarnice,la comarnice,locality,24.1515892,45.1761817
642,Între Văi,intre vai,hamlet,25.3511943,45.6341181
642,Pajura,pajura,suburb,26.0510309,44.4821911
642,Pantelimon,pantelimon,suburb,26.1667732,44.4430647
642,Domenii,domenii,suburb,26.0664448,44.4697003
642,Tâmplari,tamplari,hamlet,24.3666428,44.897084
642,Lacurile din Șaua Zănoagelor,lacurile din saua zanoagelor,locality,22.906079,45.3798724
642,Cosmopolis,cosmopolis,suburb,26.1711773,44.5368562
642,Stearpa,stearpa,village,26.1666487,45.4719342
642,Satu Vechi,satu vechi,locality,24.4525301,46.4410952
642,Fântâni,fantani,hamlet,22.471413,46.9304054
642,Pojorâta,pojorata,hamlet,22.5046751,46.9427273
642,Cornet,cornet,hamlet,22.3961824,46.9572451
642,Corn,corn,hamlet,22.5160745,46.9052923
642,Cărmăzan,carmazan,hamlet,22.4772709,46.8890254
642,Tonciu,tonciu,village,24.3785848,46.9984446
642,Valea Mare,valea mare,village,24.9489804,47.465827
642,Podenii,podenii,hamlet,24.2816505,46.81167
642,Valea Ulieșului,valea uliesului,hamlet,24.3688058,46.7365666
642,Porumbenii,porumbenii,hamlet,24.3194495,46.7621532
642,7 Noiembrie,7 noiembrie,suburb,23.8760552,47.1314073
642,Dealul Florilor,dealul florilor,suburb,23.8862892,47.1301889
642,Dealul Cocoșului,dealul cocosului,suburb,23.8709936,47.1324139
642,Sinistrați,sinistrati,suburb,23.8594427,47.1361539
642,Mulatău,mulatau,suburb,23.8660986,47.1425479
642,Ștefan cel Mare,stefan cel mare,suburb,23.8718361,47.1394739
642,Centru,centru,suburb,23.8758878,47.1427989
642,1 Mai,1 mai,suburb,23.8803208,47.144239
642,Zona Industrială,zona industriala,suburb,23.9005244,47.1606036
642,Centrul istoric (Cetatea),centrul istoric,suburb,25.590991,45.6429809
642,Brașovechi,brasovechi,suburb,25.5830356,45.6537511
642,Blumăna,blumana,suburb,25.6007121,45.6456528
642,Csaló sarok,csalo sarok,locality,25.5287389,46.9758759
642,Obârșie,obarsie,locality,21.9453198,45.2287877
642,Căprioara,caprioara,village,23.5283104,47.1024649
642,Măgureni,magureni,suburb,27.3592048,44.1832532
642,Cărămidari,caramidari,neighbourhood,27.3414879,44.2010594
642,Mircea Vodă,mircea voda,suburb,27.3042682,44.2131335
642,Lut,lut,neighbourhood,23.8840195,46.5649212
642,Topolia,topolia,locality,21.16117,45.3397411
642,Poiana Cătunenilor,poiana catunenilor,locality,24.9440932,47.3307082
642,Podul Berii,podul berii,locality,25.9219769,45.4856068
642,Micro 3,micro 3,neighbourhood,22.9078477,45.7664511
642,Buituri,buituri,suburb,22.921376,45.7714659
642,Micro 5,micro 5,neighbourhood,22.9120406,45.7697346
642,La Stâni,la stani,locality,23.9460779,45.3350791
642,Malu Alb,malu alb,village,24.3805243,45.1365521
642,Berila,berila,hamlet,24.4048464,45.1879007
642,Dealul Potecașilor,dealul potecasilor,locality,23.8865606,45.1079802
642,Duzi,duzi,locality,24.249651,44.6162914
642,Bâra,bara,locality,24.1866945,44.6666619
642,Valea Ursului,valea ursului,neighbourhood,24.2866022,45.1332524
642,Treapt,treapt,locality,24.0095395,44.5642581
642,Adacale,adacale,neighbourhood,24.1106633,44.5571267
642,Mazili,mazili,neighbourhood,23.8919254,44.6915688
642,Bârluiu,barluiu,neighbourhood,24.0080659,44.863965
642,Valea Iezerului,valea iezerului,neighbourhood,23.8203006,44.9371859
642,Diocești,diocesti,neighbourhood,24.0282247,45.0663029
642,Boborăști,boborasti,neighbourhood,24.0179124,45.0767091
642,Rovine,rovine,neighbourhood,24.0303823,45.1383622
642,Rudari,rudari,neighbourhood,23.9457075,45.1887471
642,Aricești,aricesti,neighbourhood,23.9558695,45.1817096
642,Vişoi II,visoi ii,neighbourhood,25.0577234,45.2776231
642,Vişoi I,visoi i,neighbourhood,25.0538954,45.2734771
642,Mitrofani,mitrofani,locality,24.1028406,44.7043847
642,Zona F,zona f,neighbourhood,28.454424,44.1605443
642,Afumați,afumati,neighbourhood,28.4350294,44.163508
642,La C.A.P.,la c a p,locality,24.2400392,44.9374421
642,Tăușești,tausesti,locality,24.1436625,45.0862756
642,Dealul Danului,dealul danului,hamlet,24.4635737,44.8830819
642,Fostă exploatare minieră,fosta exploatare miniera,locality,22.9897856,44.8796052
642,Dorobanților,dorobantilor,neighbourhood,21.2580407,45.762993
642,Chilia,chilia,hamlet,22.649926,44.4780469
642,La Vegheni,la vegheni,locality,24.0289489,45.1170288
642,La Gălbinești,la galbinesti,locality,24.0360085,45.1141517
642,La Râpi,la rapi,locality,24.0425745,45.1151511
642,Lunca Stelești,lunca stelesti,locality,24.3215273,45.1840409
642,Găiculești,gaiculesti,locality,24.3003005,45.2108897
642,Lespedea,lespedea,hamlet,23.8845888,45.0496657
642,Iriștea,iristea,neighbourhood,23.8816949,45.0359693
642,Ogoare,ogoare,neighbourhood,23.8862632,45.0428806
642,Valea Ursului,valea ursului,locality,24.4785654,44.9810409
642,Mângureni Deal,mangureni deal,hamlet,24.4528933,45.0153392
642,Mályvádi Őstölgyes,malyvadi ostolgyes,neighbourhood,21.4189261,46.6922574
642,Dealul Ulmului,dealul ulmului,locality,24.0139999,45.1427627
642,Șesul de Sus,sesul de sus,neighbourhood,23.4752769,46.7389891
642,Cetatea Fetei,cetatea fetei,neighbourhood,23.4868604,46.7385447
642,Valea Urdii,valea urdii,neighbourhood,25.2470086,45.4256924
642,Complex Muntele Mic,complex muntele mic,suburb,22.4630043,45.3591624
642,Dealul Roșu,dealul rosu,neighbourhood,23.8076799,45.0263862
642,Eden,eden,neighbourhood,28.6248107,44.1902776
642,Catanga,catanga,neighbourhood,28.6223904,44.186467
642,Baba Novac,baba novac,neighbourhood,28.6133677,44.1910847
642,Berechet,berechet,neighbourhood,28.6127274,44.1716919
642,Sub Coastă,sub coasta,hamlet,23.7959622,45.0592529
642,Ferma 7 Nazarcea,ferma 7 nazarcea,locality,28.6007344,44.2122987
642,Albeta,albeta,locality,24.1183231,45.1173082
642,Alexești,alexesti,neighbourhood,23.8687893,44.9699476
642,Amărăștii din Dos,amarastii din dos,neighbourhood,24.1466393,44.7651957
642,Palanga Față,palanga fata,neighbourhood,24.1326493,44.7844017
642,Palanga Dos,palanga dos,neighbourhood,24.1138953,44.7790101
642,Andreești,andreesti,locality,24.2118118,44.8167869
642,Angelești,angelesti,neighbourhood,23.8562283,45.0658698
642,Aninoasa,aninoasa,locality,24.0038893,44.9177677
642,Cioculești,cioculesti,neighbourhood,24.0173133,44.9479747
642,Scercus,scercus,locality,23.976126,44.9477906
642,Bădițoiu,baditoiu,neighbourhood,23.8797984,44.9845143
642,Mănosu,manosu,neighbourhood,24.0629811,44.9158044
642,Păsărești,pasaresti,locality,23.9179207,44.7189343
642,La Poieni,la poieni,locality,23.919809,44.6152542
642,Ulicioiu,ulicioiu,neighbourhood,23.9342922,44.6168783
642,Bărcănești,barcanesti,suburb,23.9495675,44.5962196
642,Ruginosu,ruginosu,hamlet,23.9191214,44.7342805
642,Băltărești,baltaresti,locality,24.0348458,44.8534335
642,Barangi,barangi,neighbourhood,24.3243651,44.9850788
642,Baza de recepție Palas,baza de receptie palas,locality,28.5934079,44.1638213
642,Zona Industrială Vest,zona industriala vest,suburb,21.2511191,46.2079382
642,Obor,obor,neighbourhood,28.6335726,44.177544
642,Fehérkő,feherko,locality,23.11582,47.1560913
642,Vărzaru,varzaru,hamlet,24.5068837,45.0246672
642,Urzicani,urzicani,hamlet,24.2858774,45.1122662
642,Valea Sângătinului,valea sangatinului,hamlet,23.8594937,45.9517017
642,Argetuieni,argetuieni,neighbourhood,24.0859794,44.2479812
642,Bradu,bradu,neighbourhood,24.3218562,45.4016978
642,Atârnați,atarnati,village,26.6510785,45.1168668
642,Valea Stănicioiului,valea stanicioiului,neighbourhood,24.4019915,45.1114944
642,Groși,grosi,hamlet,24.1960461,45.21288
642,Movilele Paraipan,movilele paraipan,locality,29.6202857,44.9393331
642,Cvartal UMT,cvartal umt,neighbourhood,21.263102,45.7765238
642,Crețulești,cretulesti,neighbourhood,24.1100264,45.1409009
642,Goruniș,gorunis,neighbourhood,24.164484,45.0492575
642,Ursărești,ursaresti,neighbourhood,24.1286546,45.0652725
642,Bicăjelul de Jos,bicajelul de jos,hamlet,25.8334305,46.7818236
642,Árpataka,arpataka,locality,25.5233538,46.2345706
642,Canton Țiglărie,canton tiglarie,locality,25.5287236,46.2339398
642,Stăvilarul lui Crăciun,stavilarul lui craciun,locality,25.5276239,46.2311716
642,Sub piatră,sub piatra,locality,25.5488026,46.2136165
642,Peninsula,peninsula,locality,25.5463484,46.2163429
642,Drăgășani,dragasani,suburb,21.3098878,46.1644969
642,Cadaș-Silvaș,cadas-silvas,suburb,21.288263,46.1829962
642,Funcționarilor,functionarilor,suburb,21.3159556,46.1870201
642,Popești-Deal,popesti-deal,hamlet,24.4586702,45.0997079
642,Slăveni,slaveni,village,24.5254653,44.0833803
642,Салманові,salmanovi,hamlet,29.3657589,45.4436619
642,Odăile,odaile,locality,24.2378489,45.4070712
642,Ic Ponor,ic ponor,hamlet,22.8192687,46.6397946
642,Doda Pilii,doda pilii,hamlet,22.85815,46.65025
642,Glăjărie,glajarie,neighbourhood,25.4403383,45.5335757
642,Mâzgana,mazgana,hamlet,25.090971,45.0719295
642,Zăvoiul Popii,zavoiul popii,locality,21.7089254,44.8935531
642,Калиновчић,kalinovchitsh,hamlet,21.4020115,44.7643089
642,Раваница,ravanitsa,hamlet,21.4291448,44.7638785
642,Рударево,rudarevo,hamlet,21.4646358,44.7597991
642,Дедине,dedine,hamlet,21.6540748,44.6555487
642,Ридан,ridan,hamlet,21.6885144,44.6596316
642,Ливадица,livaditsa,hamlet,21.7082125,44.6548084
642,Велика Орлова,velika orlova,hamlet,21.788196,44.6547626
642,Мала Орлова,mala orlova,hamlet,21.7937723,44.6549744
642,Чезава,chezava,hamlet,21.8388951,44.6460729
642,Ionași,ionasi,neighbourhood,26.4315176,45.4949619
642,Utviniș,utvinis,suburb,21.3492626,46.2736257
642,Говди,govdi,suburb,23.6200154,48.0142001
642,Bârnea,barnea,neighbourhood,23.1812543,45.7088465
642,Fântâna Mare,fantana mare,hamlet,25.362913,46.5089573
642,Centru,centru,suburb,26.2587761,47.64536
642,Ițcani,itcani,suburb,26.2380981,47.678359
642,Cuza Vodă III,cuza voda iii,neighbourhood,26.2845406,47.6736815
642,Cuza Vodă II,cuza voda ii,neighbourhood,26.2815875,47.6689385
642,Cuza Vodă I,cuza voda i,neighbourhood,26.2765288,47.6728326
642,Burdujeni,burdujeni,suburb,26.2790567,47.6724044
642,Dumbrava,dumbrava,neighbourhood,26.2695873,47.6851416
642,Dragomirna,dragomirna,neighbourhood,26.2409736,47.6839028
642,Soarelui,soarelui,neighbourhood,26.2289572,47.6292188
642,Burdujeni-Gară,burdujeni-gara,neighbourhood,26.2666207,47.6709687
642,Zamca,zamca,suburb,26.2493017,47.6506364
642,Mărășești,marasesti,suburb,26.2497197,47.6438418
642,Obcini,obcini,suburb,26.2320203,47.6373921
642,Areni,areni,suburb,26.2469294,47.6402909
642,George Enescu,george enescu,suburb,26.2379695,47.6426034
642,Laniște,laniste,neighbourhood,26.2908317,47.6654652
642,Dealul Mănăstirii,dealul manastirii,neighbourhood,26.2959266,47.666081
642,Tătărași,tatarasi,neighbourhood,26.2594968,47.6376271
642,Burdești,burdesti,neighbourhood,22.4489629,46.525313
642,Ulița Din Jos,ulita din jos,neighbourhood,22.4508606,46.5187391
642,Ulița La Drum,ulita la drum,neighbourhood,22.4640745,46.5223454
642,Ursești,ursesti,hamlet,22.4211042,46.5118534
642,Sat vacanță Groșeni,sat vacanta groseni,neighbourhood,22.1616501,46.5072873
642,Sânmihaiu de Jos,sanmihaiu de jos,neighbourhood,23.7626231,46.5407111
642,Sânmihaiu de Sus,sanmihaiu de sus,neighbourhood,23.7366714,46.5386088
642,Vălenii de Arieș,valenii de aries,neighbourhood,23.6770686,46.4986231
642,Unirea II,unirea ii,neighbourhood,23.8360029,46.4018063
642,Unirea I,unirea i,neighbourhood,23.8114956,46.4035376
642,Dimitrov,dimitrov,neighbourhood,26.129558,44.4437255
642,Mărcești,marcesti,hamlet,22.4609041,46.8953638
642,Valea Luncilor,valea luncilor,hamlet,22.49862,46.8851814
642,Hulpi,hulpi,hamlet,22.5174183,46.878939
642,Gugu,gugu,hamlet,22.4498212,46.9088335
642,Coștule,costule,hamlet,22.4960062,46.8952831
642,Prodan,prodan,hamlet,22.4997103,46.9214864
642,Bătrânu,batranu,hamlet,22.4713325,46.9156092
642,Szilaspuszta,szilaspuszta,hamlet,21.6557468,46.9636833
642,Movila Sara,movila sara,locality,28.6275566,44.1322727
642,Sasu,sasu,neighbourhood,27.3312271,45.7106333
642,Pipirigele,pipirigele,locality,22.64999,46.80296
642,Anda,anda,neighbourhood,28.6146665,44.1567067
642,Lunca Pomostului,lunca pomostului,suburb,21.8809327,45.2967393
642,Triaj,triaj,neighbourhood,21.8769309,45.3105997
642,Intim,intim,neighbourhood,21.8790422,45.3171746
642,Bălanu,balanu,village,26.5112813,46.8016204
642,Rodejda Pomilor,rodejda pomilor,locality,22.1641257,45.3771191
642,Slatina Park,slatina park,neighbourhood,24.2952185,44.4318112
642,Tilalmas,tilalmas,neighbourhood,25.5086375,46.8548055
642,Combinat,combinat,suburb,24.9688137,45.818547
642,Colonia Combinat,colonia combinat,suburb,24.9781008,45.8177968
642,Ion Creangă,ion creanga,suburb,24.9804449,45.8265516
642,Gării,garii,suburb,24.9755894,45.8310668
642,Vasile Alecsandri,vasile alecsandri,suburb,24.9779176,45.8410441
642,Negoiu,negoiu,suburb,24.9740739,45.8359216
642,13 Decembrie,13 decembrie,suburb,24.968866,45.8370157
642,Florilor,florilor,suburb,24.9626838,45.8386121
642,Veteranilor,veteranilor,suburb,24.9569679,45.8434007
642,Titu Perția,titu pertia,suburb,24.9649444,45.8460625
642,Centru,centru,suburb,24.9718996,45.8433742
642,Meltea,meltea,suburb,24.9882095,45.8454018
642,Tudor Vladimirescu,tudor vladimirescu,suburb,24.9852101,45.8412047
642,Galați,galati,suburb,24.9803826,45.8550421
642,Vlad Țepeș,vlad tepes,suburb,24.9552357,45.8334072
642,Deal,deal,hamlet,22.4968495,46.9353763
642,Brejești,brejesti,hamlet,22.4156181,46.9175379
642,Țepeșeni,tepeseni,hamlet,25.912509,46.8470764
642,Голо Брдо,golo brdo,hamlet,22.3131209,44.6528859
642,Градашница,gradashnitsa,hamlet,22.1815176,44.4698295
642,Мало Голубиње,malo golubinje,hamlet,22.2254098,44.5279312
642,Стара Орешковица,stara oreshkovitsa,hamlet,22.1070041,44.4675224
642,Poiana Stupilor,poiana stupilor,locality,22.1497745,45.4461452
642,Miorița,miorita,neighbourhood,24.9666024,45.8197749
642,Badea Cârțan,badea cartan,neighbourhood,28.6179695,44.2025198
642,Putna,putna,locality,24.9407512,46.6482283
642,Körös Istók mezeje,koros istok mezeje,locality,24.9647238,46.6454748
642,Kerek-hegy,kerek-hegy,locality,24.964199,46.6058183
642,Pădurea Câmpul Chereș,padurea campul cheres,locality,24.9284076,46.6204991
642,Piatra Arsă,piatra arsa,neighbourhood,25.5457232,45.3853362
642,Tulbureni,tulbureni,suburb,26.7005631,47.7193903
642,Grăniceri,graniceri,neighbourhood,28.6206293,44.2007003
642,Blocurile lui Mazăre,blocurile lui mazare,neighbourhood,28.6114639,44.1878239
642,Valea cu Corn,valea cu corn,suburb,23.8804525,44.2794097
642,Ерней Лаз,ernei laz,neighbourhood,23.3326435,48.0598221
642,Bresnic,bresnic,hamlet,21.8505768,44.8386927
642,Bahne,bahne,suburb,27.1941963,45.6938525
642,Obor,obor,suburb,27.1834322,45.7102788
642,Gară,gara,suburb,27.1716622,45.7009928
642,Centru,centru,suburb,27.1832971,45.6977013
642,Tăbăcari,tabacari,suburb,27.1749915,45.6966069
642,Călățele Pădure,calatele padure,neighbourhood,23.0169368,46.7027172
642,Autogara Veche,autogara veche,neighbourhood,27.1816612,45.689898
642,B.I.G.,b i g,neighbourhood,27.1853627,45.6942704
642,Ceasu' Rău,ceasu' rau,neighbourhood,27.1827425,45.699249
642,Colonia Valea Caldă,colonia valea calda,neighbourhood,23.6994323,46.811392
642,2 Stejari,2 stejari,neighbourhood,27.1885691,45.6944141
642,Crasna Vale,crasna vale,neighbourhood,23.5335141,45.1806775
642,Cartier Pârliți,cartier parliti,suburb,24.3730406,44.4467344
642,Câmp,camp,neighbourhood,28.6114144,44.1764174
642,Prozanic,prozanic,neighbourhood,26.4480177,44.2959456
642,Damian,damian,suburb,23.9695287,43.8952329
642,Blasova,blasova,locality,28.1146093,45.1263862
642,Agropol,agropol,neighbourhood,26.2069604,44.3544919
642,Coasta Damișului,coasta damisului,neighbourhood,22.5847632,46.8658066
642,Ostrov,ostrov,suburb,26.1587894,44.4490984
642,Panduri,panduri,neighbourhood,26.7502684,44.6159089
642,Brătia,bratia,neighbourhood,26.7581844,44.6105204
642,Frumușica,frumusica,neighbourhood,26.7355359,44.6184666
642,Oituz,oituz,village,26.3863251,46.0696039
642,Horgoșa,horgosa,neighbourhood,24.547196,46.579745
642,Doicești,doicesti,neighbourhood,27.5159684,44.8057604
642,Dobrovăț-Ruși,dobrovat-rusi,neighbourhood,27.7085173,46.9616313
642,Țâcău,tacau,neighbourhood,27.255787,45.9973596
642,Sântoma,santoma,neighbourhood,21.1907065,46.1881424
642,Mățara,matara,hamlet,26.4384377,45.3700717
642,Valea Măcelarului,valea macelarului,hamlet,24.9653463,45.2861097
642,Barăcile italienilor,baracile italienilor,locality,28.2552632,45.2079353
642,Полонина Пір'є Велике,polonina pir'ie velike,locality,24.8337596,47.8184246
642,Полонина Чурус,polonina churus,locality,24.6769905,47.877864
642,Полонина Танасевкова,polonina tanasevkova,locality,24.7015622,47.8666864
642,Полонина Пір'є Мале,polonina pir'ie male,locality,24.8107413,47.8255663
642,Полонина Палениця,polonina palenitsia,locality,24.8780886,47.7581813
642,Полонина Гнатася,polonina gnatasia,locality,24.8964591,47.7345715
642,Полонина Ґропа,polonina g'ropa,locality,24.8894909,47.7433709
642,Pietroiu,pietroiu,neighbourhood,27.7144114,44.3247731
642,Pupezeni,pupezeni,neighbourhood,26.6987403,44.6832202
642,Ghimpați,ghimpati,neighbourhood,27.2277962,44.5477798
642,Полонина Берческа,polonina bercheska,locality,24.6086831,47.9544355
642,Полонина Регєска Мала,polonina regieska mala,locality,24.5912,47.9592161
642,Полонина Регєска Велика,polonina regieska velika,locality,24.589332,47.9689473
642,Урочище Пікет,urochishche piket,locality,24.4224459,47.9689944
642,Rotărești,rotaresti,neighbourhood,27.0640823,45.7486663
642,Călimanu,calimanu,neighbourhood,26.9161866,45.911469
642,Cucuieți,cucuieti,neighbourhood,26.9571254,45.9058052
642,Sălătrucu de Sus,salatrucu de sus,hamlet,24.5116921,45.3337204
642,Flămânda,flamanda,neighbourhood,26.824607,45.2922131
642,Zorile,zorile,neighbourhood,24.8553072,44.6724143
642,Cungrișoara,cungrisoara,neighbourhood,24.4697973,44.7945911
642,Livezile,livezile,neighbourhood,27.2906123,46.2731761
642,Iazu,iazu,neighbourhood,27.1048734,46.4794799
642,Cartierul-Nou,cartierul-nou,neighbourhood,26.1000815,46.9103181
642,Rădenii de Sus,radenii de sus,neighbourhood,26.5096741,47.12906
642,Livezi-Vale,livezi-vale,neighbourhood,26.7509932,46.4128955
642,Livezi-Deal,livezi-deal,neighbourhood,26.7343183,46.4062974
642,Târnăvioara,tarnavioara,neighbourhood,24.2495493,46.1243163
642,Brădet,bradet,neighbourhood,25.7648389,45.5611563
642,Izvoarele,izvoarele,neighbourhood,25.2236056,44.1414683
642,Ștefănești,stefanesti,neighbourhood,25.2197604,44.1284267
642,Argeșul,argesul,neighbourhood,26.041316,44.2718143
642,Lunca,lunca,neighbourhood,27.8311116,44.650644
642,Dunărea,dunarea,neighbourhood,26.8418591,44.156656
642,Pescarii,pescarii,neighbourhood,26.1820391,44.7345488
642,Nucești,nucesti,neighbourhood,25.5757629,44.6007778
642,Tufeni,tufeni,neighbourhood,25.7804226,44.4854953
642,Grădinari,gradinari,neighbourhood,24.6842069,43.8010086
642,Pelinu,pelinu,neighbourhood,26.6714169,44.6299924
642,Mircești,mircesti,neighbourhood,26.3743978,44.6812064
642,Colinele,colinele,neighbourhood,26.7865783,44.6618349
642,Hârlești,harlesti,neighbourhood,25.2084782,44.2904631
642,Tălpeni,talpeni,neighbourhood,25.2568423,44.244228
642,Valea Cristolțului,valea cristoltului,neighbourhood,23.4279381,47.2277736
642,Radu Vodă,radu voda,neighbourhood,27.5021685,44.799774
642,Spicul,spicul,neighbourhood,27.5101924,44.8149913
642,Bujor-Sat,bujor-sat,neighbourhood,27.9267462,45.8714937
642,Teii,teii,neighbourhood,26.8128871,46.0057144
642,Chițcani,chitcani,neighbourhood,27.1079484,45.9507711
642,Sperieți,sperieti,neighbourhood,27.1119402,45.9464843
642,Barboși,barbosi,neighbourhood,27.9910038,45.401972
642,Bolboaca,bolboaca,neighbourhood,27.4975123,45.4997534
642,Bulgaru,bulgaru,neighbourhood,25.9716884,44.3631557
642,Valea Gârbăului,valea garbaului,neighbourhood,23.5320957,46.7401282
642,Mînzații de Jos,minzatii de jos,neighbourhood,27.5964645,46.4442291
642,Mînzații de Sus,minzatii de sus,neighbourhood,27.5856779,46.4459962
642,Cîrțibașul,cirtibasul,neighbourhood,27.4279074,46.5610812
642,Voinești,voinesti,neighbourhood,27.4190024,46.5647106
642,Viișoara,viisoara,neighbourhood,27.8787299,46.809124
642,Blîndești,blindesti,neighbourhood,27.4787491,47.3272419
642,Raiu,raiu,neighbourhood,27.4863559,47.3266164
642,Plopi,plopi,neighbourhood,27.5030555,47.4657801
642,Plopi,plopi,neighbourhood,27.7621738,47.2251982
642,Zorile,zorile,neighbourhood,27.1084121,46.7723627
642,Izvoarele,izvoarele,neighbourhood,27.1174322,46.756859
642,Frunzișul,frunzisul,neighbourhood,27.4279448,46.9882333
642,Poenița,poenita,neighbourhood,26.7348952,47.3148652
642,Satul Vechi,satul vechi,neighbourhood,23.4889956,43.9992467
642,Ciupercenii de Sus,ciupercenii de sus,neighbourhood,23.0025887,44.9476692
642,Valea Frumoasă,valea frumoasa,neighbourhood,25.7302847,46.9689474
642,Viișoara,viisoara,neighbourhood,26.8653198,45.2306472
642,Bălțații Vechi,baltatii vechi,neighbourhood,27.0456476,45.3595443
642,Satul Nou,satul nou,neighbourhood,27.0351,45.3632903
642,Урочище Плай,urochishche plai,locality,24.9764482,47.7387417
642,Drăgănoiu,draganoiu,village,26.3511972,45.3510275
642,Zăpodie,zapodie,isolated_dwelling,23.3395305,46.5204941
642,Mioaca,mioaca,locality,26.3505953,45.7929669
642,Grăpeni,grapeni,neighbourhood,28.0304505,46.0444671
642,Rugineni,rugineni,neighbourhood,28.018613,46.0657721
642,Posada,posada,neighbourhood,28.0140732,46.0605383
642,Cristești,cristesti,neighbourhood,27.9770153,46.0908242
642,Slobozia Ventura,slobozia ventura,neighbourhood,27.8965666,45.7389189
642,Cotros,cotros,neighbourhood,27.8923821,45.7253703
642,Cetățuia,cetatuia,hamlet,28.3046939,45.2325517
642,Blajerii de Sus,blajerii de sus,neighbourhood,27.5305663,45.6881855
642,Blajerii de Jos,blajerii de jos,neighbourhood,27.525941,45.6703856
642,Vultureni,vultureni,neighbourhood,27.5327498,45.663189
642,Diecheni,diecheni,neighbourhood,27.5295015,45.659668
642,Șerbănești,serbanesti,neighbourhood,27.5420973,45.6152716
642,Hulești,hulesti,neighbourhood,27.249964,45.98247
642,Pașcani,pascani,neighbourhood,28.0863194,45.8328443
642,Groapa de la Barsa,groapa de la barsa,locality,22.6857161,46.5777796
642,Sătuc,satuc,neighbourhood,27.9119096,45.2694962
642,Tanasesti,tanasesti,neighbourhood,26.3199578,45.1337002
642,Draculești,draculesti,neighbourhood,26.3224724,45.1363104
642,Comănești,comanesti,neighbourhood,26.420306,48.1406186
642,Caps,caps,hamlet,23.3073556,46.6289578
642,Fodorhăz,fodorhaz,locality,20.9794772,45.4451797
642,Valea Țapului,valea tapului,locality,27.7287519,43.9764642
642,Grindul Lupilor,grindul lupilor,locality,28.833885,44.6351515
642,Soveja,soveja,neighbourhood,26.6550422,45.9995404
642,Lucina,lucina,hamlet,25.1724887,47.6515271
642,Кілійська фортеця,kiliis'ka fortetsia,suburb,29.2686922,45.4336813
642,Fabrica de Cărămidă,fabrica de caramida,hamlet,24.4236894,44.1966446
642,Deleni,deleni,village,26.5414841,46.9963914
642,Dâlboaca,dalboaca,locality,23.1136454,46.7105584
642,Rusești,rusesti,hamlet,23.1634819,46.6968013
642,Cahăn,cahan,locality,24.9153668,47.2134103
642,Belvedere,belvedere,neighbourhood,21.2647913,45.8113232
642,Subpădure,subpadure,village,25.7503431,46.3709724
642,Colonia Budunuș,colonia budunus,hamlet,23.6806192,46.7535905
642,Breaza,breaza,hamlet,23.5859762,46.7959541
642,Colonia Hodăi,colonia hodai,hamlet,23.6788844,46.8013238
642,Colonia Cantonului,colonia cantonului,hamlet,23.6881449,46.7786077
642,Pata Rât,pata rat,suburb,23.6897147,46.7741712
642,Dallas,dallas,hamlet,23.6852934,46.7733655
642,Plopilor,plopilor,neighbourhood,23.5653934,46.7641969
642,Tocile,tocile,village,24.1561568,45.6854816
642,Berek,berek,neighbourhood,22.8197539,47.2194772
642,Szécseny,szecseny,suburb,25.7668802,46.3435512
642,Lenkút,lenkut,isolated_dwelling,25.6294537,46.336251
642,Kalibáskő,kalibasko,isolated_dwelling,25.600499,46.3293429
642,Láz-dűlő,laz-dulo,locality,25.6362017,46.3498659
642,Zergős,zergos,locality,25.6525457,46.3538224
642,Karós-puszta,karos-puszta,locality,25.6673944,46.3360917
642,Schei,schei,neighbourhood,26.7407873,45.4584774
642,Lunca,lunca,neighbourhood,26.7231922,45.4739765
642,Gura Papei,gura papei,neighbourhood,26.7169157,45.4766856
642,Mânăstire,manastire,neighbourhood,26.7187631,45.473698
642,Răghinari,raghinari,neighbourhood,26.7097029,45.4749026
642,Valea Viilor,valea viilor,neighbourhood,24.1445803,47.1681704
642,Beclenuț,beclenut,neighbourhood,24.183011,47.1885167
642,Dealul Hajongard,dealul hajongard,locality,23.5957331,46.7587938
642,Dealul Sfântu Gheorghe,dealul sfantu gheorghe,locality,23.6292208,46.812597
642,Râtul Popii,ratul popii,locality,23.5442018,46.7205986
642,Curba Morții,curba mortii,locality,23.598853,46.7271208
642,Groapa Moșului,groapa mosului,locality,23.5584644,46.7459127
642,Poiana Hirtelen,poiana hirtelen,locality,25.7270855,46.3152747
642,Ionele,ionele,suburb,23.5549343,44.0006484
642,Valea Ciherek,valea ciherek,hamlet,25.9412864,46.517443
642,Eperiș,eperis,locality,23.6558013,46.7673772
642,Dealul Mihai Viteazu,dealul mihai viteazu,locality,22.9615905,47.2688428
642,Peștea,pestea,hamlet,22.0735502,47.1356329
642,Fertișag,fertisag,hamlet,22.0803148,47.1227551
642,Valea Lupului,valea lupului,village,25.9631069,46.5129547
642,Urușag,urusag,locality,23.4438539,46.7335931
642,Răzoare,razoare,neighbourhood,23.5284888,46.7448854
642,Bongard,bongard,hamlet,23.5186995,46.7629431
642,Colonia de Sub Deal,colonia de sub deal,hamlet,23.4843365,46.7502946
642,Poiana Kígyós,poiana kigyos,locality,25.8483872,46.3709302
642,Libidári-domb,libidari-domb,locality,25.8940865,46.3549447
642,Valea Csíkik,valea csikik,village,25.988628,46.5713022
642,Micro 1,micro 1,neighbourhood,23.62382,46.7691905
642,Micro 2,micro 2,neighbourhood,23.6233408,46.7666112
642,Micro 3,micro 3,neighbourhood,23.6178086,46.7631031
642,Micro 4,micro 4,neighbourhood,23.6161594,46.7576677
642,Coasta Pietroasă,coasta pietroasa,locality,25.814836,46.3333321
642,Poiana Techera,poiana techera,locality,25.6974577,46.331168
642,Poiana Biliboc,poiana biliboc,locality,25.7583959,46.3204055
642,Poderei,poderei,locality,23.8096699,46.8871637
642,Ligat,ligat,locality,25.77306,46.3695755
642,Széked,szeked,neighbourhood,25.8209122,46.3760357
642,Csütörtökfalva,csutortokfalva,locality,25.8090784,46.3666247
642,Bocomaia,bocomaia,locality,23.6442101,46.8324691
642,Isaccea,isaccea,neighbourhood,24.3652453,44.4604671
642,Diós,dios,locality,23.5542425,46.7397208
642,Poiana Sântivan,poiana santivan,locality,23.5086321,46.8159136
642,Gura Dobroneagului,gura dobroneagului,neighbourhood,24.7111967,45.3993552
642,Zgaroiești,zgaroiesti,neighbourhood,24.7851559,45.0869582
642,Șoptana,soptana,neighbourhood,24.7848761,45.1016421
642,Valea Buții,valea butii,neighbourhood,24.78768,45.0916962
642,La Avalanșă,la avalansa,locality,22.7984391,46.7446835
642,Șator,sator,neighbourhood,23.7883159,46.9383404
642,Bărc,barc,neighbourhood,23.8086462,46.9129004
642,Bădiceni,badiceni,neighbourhood,24.784759,45.0613075
642,Moșia lui Coștanț,mosia lui costant,locality,28.3412365,45.0260066
642,Cotul Cernei,cotul cernei,locality,28.3114668,45.0493316
642,Câmpia Lozovei,campia lozovei,locality,28.4378675,45.0436301
642,Mereaua Cernei,mereaua cernei,locality,28.2383061,45.0558035
642,Groapa Mare,groapa mare,locality,28.2630748,45.1172546
642,Fundul Plopilor,fundul plopilor,locality,28.3076911,45.1400467
642,Câmpul Grecilor,campul grecilor,locality,28.2461076,45.1628517
642,Gura Arman,gura arman,locality,28.1944152,45.1320992
642,Groapa De Aramă,groapa de arama,locality,28.3266007,45.1421295
642,La Teiul Strâmb,la teiul stramb,locality,28.3251636,45.1547133
642,La Cozluc,la cozluc,locality,28.2923086,45.1597084
642,Lăcătaru,lacataru,locality,28.1226037,45.314362
642,La Cadin,la cadin,locality,28.1622117,45.3195438
642,Islazu,islazu,locality,28.3583426,45.1510854
642,Cotocul,cotocul,locality,28.3654843,45.1354219
642,Lodzova,lodzova,locality,28.4405001,45.0914064
642,La Corniș,la cornis,locality,28.580604,45.0584832
642,Câmpia Islazului,campia islazului,locality,28.5732584,45.0537681
642,Cherchez,cherchez,locality,28.5712511,45.037102
642,La Martina,la martina,locality,28.3323897,45.0975419
642,La Ceair,la ceair,locality,28.27371,45.0660042
642,Movilele de la Petre Ceardac,movilele de la petre ceardac,locality,28.2775248,45.0560341
642,Heveder,heveder,village,25.639429,46.6585109
642,Barăcile Piatra,baracile piatra,locality,28.1935237,45.2507716
642,Veresvész,veresvesz,hamlet,26.0393056,46.1966697
642,Felszeg,felszeg,hamlet,26.0407756,46.1948697
642,Középszeg,kozepszeg,hamlet,26.0494464,46.1973722
642,Hermánszeg,hermanszeg,hamlet,26.0507225,46.194078
642,Ajnád,ajnad,hamlet,26.0516362,46.200078
642,Alszeg,alszeg,hamlet,26.055176,46.1968168
642,Aeroport,aeroport,neighbourhood,23.8730975,44.3111924
642,ур.Рівно,ur rivno,locality,25.3332709,47.9180342
642,Cheile Roșiei,cheile rosiei,locality,23.3698695,45.4599006
642,Celic Dere,celic dere,locality,28.5820611,45.1262211
642,Cheile Chediului,cheile chediului,locality,28.297693,45.1668377
642,Maneșcu,manescu,locality,28.204746,45.0796895
642,La Mină,la mina,locality,28.5189656,45.0084781
642,Picioru Lilieci,picioru lilieci,locality,28.5007233,45.1780795
642,Piciorul Scurt,piciorul scurt,locality,28.4927373,44.9748713
642,La Carieră,la cariera,locality,28.5012696,44.986804
642,Piatra cu Apă,piatra cu apa,locality,28.4879608,44.9900916
642,La  Vii,la vii,locality,28.5976154,44.9704896
642,La Parchet,la parchet,locality,28.5693406,44.9598704
642,La Barăci,la baraci,locality,28.2453995,45.202116
642,Tufărișu satului Iulia,tufarisu satului iulia,locality,28.5194305,45.022982
642,Cotul Călugărului,cotul calugarului,locality,27.4496283,45.2749546
642,Cotul Mare,cotul mare,locality,27.4522624,45.2675765
642,Cotul Menda,cotul menda,locality,27.4475188,45.2553839
642,La Carasan,la carasan,locality,28.2447657,45.2091573
642,Bratia,bratia,village,24.9433976,45.2716832
642,Raza Soarelui,raza soarelui,suburb,25.692008,45.6512419
642,14 Mai,14 mai,suburb,22.8914775,47.8034498
642,Riveriside Residence,riveriside residence,neighbourhood,25.8075946,44.495503
642,Cantacuzu,cantacuzu,neighbourhood,25.1164719,44.6001444
642,Golful Depresionar Al Ulmului,golful depresionar al ulmului,locality,28.2253706,45.0939091
642,Golful Depresionar Al Armanului,golful depresionar al armanului,locality,28.2199834,45.1416809
642,Câmpul Rotund,campul rotund,locality,25.7336675,46.6700212
642,Podul lui Meifan,podul lui meifan,locality,28.2713832,44.9782344
642,Tincani,tincani,locality,25.6838639,46.6257082
642,Boteni,boteni,locality,25.6634275,46.6287593
642,sălase,salase,hamlet,22.1427176,44.5791754
642,Csorosza,csorosza,locality,25.8170793,46.4740074
642,Malomszeg,malomszeg,locality,25.8374948,46.5008224
642,La Petrovici,la petrovici,locality,28.2075747,45.185548
642,La Plantație,la plantatie,locality,28.2562068,45.150314
642,Cheile Caradei,cheile caradei,locality,28.2859252,45.1721062
642,La Lac,la lac,locality,28.2400238,44.9541706
642,Lanul Nu Vede Soare,lanul nu vede soare,locality,28.2208625,44.9484856
642,Poiana Piatra Coșarului,poiana piatra cosarului,locality,25.6908699,46.2922192
642,La Salcii,la salcii,locality,28.3592621,44.930672
642,La Tene,la tene,locality,28.351365,44.9631206
642,La Izvor,la izvor,locality,28.4509699,44.9296118
642,La Donca,la donca,locality,28.4481656,44.9224018
642,Cotul Tichilești,cotul tichilesti,locality,28.3669184,45.2731067
642,Tatamere,tatamere,locality,28.5762288,45.10436
642,Copcealăul,copcealaul,locality,28.1892204,45.2174828
642,Vragi,vragi,locality,28.1832228,45.2515812
642,Lanul Georgescu,lanul georgescu,locality,28.4014491,45.2663241
642,Linia Mare,linia mare,locality,28.4471919,45.2543981
642,Pădurea Răzoare,padurea razoare,locality,27.1641045,45.9034702
642,Cartierul Suseni,cartierul suseni,neighbourhood,25.4507464,44.9375907
642,Zona Clas Park,zona clas park,neighbourhood,25.4611331,44.9396233
642,Piciorul Arsului,piciorul arsului,locality,28.3231547,45.1029182
642,Cetatea Veche,cetatea veche,hamlet,23.0029356,46.882943
642,La Pârlitură,la parlitura,locality,28.3191809,45.1585625
642,Centru,centru,suburb,23.7943772,44.3211767
642,Poienița,poienita,locality,28.4076483,44.9391217
642,Zăval,zaval,locality,28.1425141,45.0994968
642,Ferma Suluc,ferma suluc,locality,28.1916448,45.242446
642,La Patru Drumuri,la patru drumuri,locality,28.3264102,45.2167297
642,Aviației,aviatiei,suburb,26.0971203,44.4826693
642,Militari Residence,militari residence,neighbourhood,25.986974,44.4454237
642,Platforma Pipera,platforma pipera,suburb,26.1152296,44.4809238
642,Panduri,panduri,suburb,26.0677774,44.4266992
642,Popești,popesti,suburb,26.1522162,44.3692824
642,Brâncuși,brancusi,suburb,26.0072999,44.420534
642,Crângași,crangasi,suburb,26.048119,44.4531382
642,1 Mai,1 mai,suburb,26.0503309,44.472011
642,Giulești,giulesti,suburb,26.0384691,44.4631933
642,Străulești Sud,straulesti sud,suburb,26.025711,44.4953446
642,Bazilescu,bazilescu,suburb,26.0355441,44.4905474
642,Chitila - Triaj,chitila - triaj,suburb,26.0170931,44.4858123
642,Tei Toboc,tei toboc,suburb,26.1279975,44.4722212
642,Antim,antim,suburb,26.0930632,44.4259895
642,Costeasca,costeasca,suburb,26.0375228,44.4760681
642,Străulești Nord,straulesti nord,suburb,26.021747,44.51202
642,Greenfield,greenfield,suburb,26.0946858,44.5352383
642,Izvor,izvor,suburb,26.0849771,44.4307486
642,Filaret,filaret,suburb,26.0917026,44.4162768
642,Brățării,bratarii,suburb,26.1876508,44.4204418
642,Podu de Chiatră,podu de chiatra,locality,28.2201966,45.1786092
642,Primăverii,primaverii,suburb,26.091611,44.4663654
642,Pallady,pallady,suburb,26.2065711,44.4077515
642,Gurilor,gurilor,suburb,26.1958985,44.4151614
642,Doamna Ghica,doamna ghica,suburb,26.1345037,44.458769
642,Pădureni,padureni,suburb,21.50922,46.5182814
642,Frumușica,frumusica,neighbourhood,28.2419055,45.1815333
642,S.M.T,s m t,neighbourhood,28.2306685,45.1852929
642,Carabalu,carabalu,neighbourhood,28.2418892,45.1876768
642,Jandaru,jandaru,neighbourhood,28.2264242,45.1927654
642,Morsu,morsu,neighbourhood,28.2430763,45.1996639
642,Grivița,grivita,suburb,26.064315,44.4602842
642,Aviatorilor,aviatorilor,suburb,26.0812081,44.4610731
642,Tineretului,tineretului,suburb,26.1102921,44.4130863
642,Văcărești,vacaresti,suburb,26.1199852,44.4044407
642,Gara de Est,gara de est,suburb,26.139236,44.4468496
642,Herăstrău,herastrau,suburb,26.0852087,44.4809755
642,Principatele Unite,principatele unite,suburb,26.0982534,44.4223607
642,Radu Vodă,radu voda,suburb,26.1065149,44.4237165
642,Timpuri Noi,timpuri noi,suburb,26.1143589,44.4193797
642,Carol,carol,suburb,26.0973509,44.4141472
642,Bellu,bellu,suburb,26.0973839,44.4031046
642,Brâncoveanu,brancoveanu,neighbourhood,26.0954365,44.428877
642,Baza de producție Palas,baza de productie palas,locality,28.6017721,44.1551399
642,Tarcea,tarcea,neighbourhood,23.7212624,46.8413793
642,Decebal,decebal,neighbourhood,26.105013,44.4304055
642,Villacrosse,villacrosse,neighbourhood,26.104802,44.4337908
642,Lipscanii Noi,lipscanii noi,neighbourhood,26.0951298,44.4330541
642,Mihai Vodă,mihai voda,suburb,26.0908587,44.4320344
642,Sf. Gheorghe,sf gheorghe,neighbourhood,26.1037427,44.4322331
642,Sf. Vineri,sf vineri,neighbourhood,26.1073351,44.4296824
642,Corneliu Coposu,corneliu coposu,neighbourhood,26.1115398,44.4325279
642,Dealul Mitropoliei,dealul mitropoliei,neighbourhood,26.0990874,44.424742
642,Calicilor,calicilor,neighbourhood,26.0998423,44.4286939
642,Sf. Anton,sf anton,neighbourhood,26.1033245,44.4298261
642,Căuzași,cauzasi,neighbourhood,26.1103916,44.4274543
642,Udricani,udricani,neighbourhood,26.1098723,44.4298105
642,Blanduzia,blanduzia,neighbourhood,26.0997681,44.4336565
642,Colțea,coltea,neighbourhood,26.1025427,44.4345829
642,Teatrului,teatrului,neighbourhood,26.0976113,44.4366423
642,Mântuleasa,mantuleasa,suburb,26.1124677,44.4354324
642,Negustori,negustori,neighbourhood,26.1083919,44.4338367
642,C. A. Rosetti,c a rosetti,neighbourhood,26.1062003,44.4361473
642,Lucaci,lucaci,neighbourhood,26.1148161,44.4310441
642,Sf. Ștefan,sf stefan,neighbourhood,26.1162043,44.4339954
642,Traian,traian,suburb,26.1208374,44.433581
642,Cișmigiu,cismigiu,suburb,26.0909026,44.4373874
642,Eliberării,eliberarii,neighbourhood,22.4664586,47.6806848
642,Centru,centru,neighbourhood,22.4663326,47.6841188
642,Republicii,republicii,neighbourhood,22.4647878,47.6903392
642,Grădina Viilor 1,gradina viilor 1,neighbourhood,22.4529503,47.6726878
642,Grădina Viilor 2,gradina viilor 2,neighbourhood,22.4659282,47.6745219
642,Grădina Viilor 3,gradina viilor 3,neighbourhood,22.4509229,47.6797269
642,Plaiul Teșiței,plaiul tesitei,locality,25.7083773,45.293033
642,Muchia Galei,muchia galei,locality,25.7169031,45.2713998
642,La Antene,la antene,locality,25.7005907,45.2849599
642,La Suieran,la suieran,locality,25.7173012,45.2622745
642,Șarampău,sarampau,locality,23.7454236,46.8190587
642,Dealul Rignat,dealul rignat,locality,23.6824757,46.8368857
642,Hidegveghi,hidegveghi,locality,23.704885,46.8629211
642,Prundărie,prundarie,locality,23.5995451,46.7108225
642,Între Ape,intre ape,neighbourhood,23.9012042,47.0281076
642,Cocoșvar,cocosvar,neighbourhood,23.9085052,47.0221376
642,Candia,candia,neighbourhood,23.9112059,47.034611
642,Tineretului,tineretului,neighbourhood,23.8996007,47.0167354
642,Tilalmaș,tilalmas,locality,23.8837182,47.114137
642,Semănătoarea,semanatoarea,suburb,26.0444216,44.4435216
642,Pustă,pusta,locality,21.3151057,45.7610408
642,Slavik,slavik,neighbourhood,21.3037975,45.7567742
642,Erjibet,erjibet,locality,21.3380477,45.7848728
642,Cartierul Taberei,cartierul taberei,suburb,25.3035415,46.3070408
642,Csalóka,csaloka,suburb,25.3083169,46.3006377
642,Szászok Tábora,szaszok tabora,neighbourhood,25.314705,46.3059741
642,Cartierul Bethlen,cartierul bethlen,suburb,25.3138682,46.3145448
642,Fukeschdorf,fukeschdorf,hamlet,24.3865619,46.1323221
642,Hotar Brașoveană,hotar brasoveana,hamlet,24.368601,46.1312386
642,Centrul Vechi,centrul vechi,suburb,24.350993,46.1646926
642,Cartierul Gloria,cartierul gloria,suburb,24.3600247,46.1557286
642,Cartierul Binderbubi,cartierul binderbubi,neighbourhood,24.3679489,46.1610899
642,Cartierul A.S. Werner,cartierul a s werner,neighbourhood,24.3329692,46.1436339
642,Cartierul Virometan,cartierul virometan,suburb,24.336542,46.1505925
642,Cartierul După Zid,cartierul dupa zid,suburb,24.3535157,46.1680327
642,Cartierul Greweln,cartierul greweln,neighbourhood,24.3464295,46.1836765
642,Cartierul Wewern,cartierul wewern,neighbourhood,24.3269718,46.1779535
642,Cartierul Stadionului,cartierul stadionului,neighbourhood,24.3596076,46.1738739
642,Cartierul Gura Câmpului,cartierul gura campului,neighbourhood,24.337004,46.1686138
642,Valea Tisei,valea tisei,neighbourhood,26.3188219,45.1292518
642,Râpa,rapa,neighbourhood,24.1039503,46.479032
642,Coasta Turcului,coasta turcului,locality,28.4875369,45.0072434
642,La Cazemată,la cazemata,locality,28.8413039,45.1559479
642,La Bordei,la bordei,locality,28.8564908,45.1572783
642,Poiana Vărețelor,poiana varetelor,locality,24.1114163,45.6123941
642,Heidenfeld,heidenfeld,locality,24.4542729,47.1012435
642,La Salcie,la salcie,locality,28.2651845,43.971108
642,Gramont,gramont,neighbourhood,26.0929695,44.4211593
642,Centrul Vechi,centrul vechi,suburb,23.5818477,47.659925
642,Săsar,sasar,neighbourhood,23.5541471,47.6606231
642,Valea Borcutului,valea borcutului,hamlet,23.5114872,47.6700691
642,Ferneziu,ferneziu,suburb,23.6286534,47.6941509
642,Vasile Alecsandri,vasile alecsandri,suburb,23.5819921,47.6464275
642,Meda,meda,neighbourhood,23.546836,47.6536483
642,Progresul,progresul,suburb,23.5756627,47.6523049
642,Traian,traian,neighbourhood,23.5650413,47.6523139
642,Gării,garii,neighbourhood,23.5576604,47.6462223
642,Valea Roșie,valea rosie,hamlet,23.5627282,47.6714306
642,Depozitelor,depozitelor,neighbourhood,23.5472166,47.6475599
642,Griviței,grivitei,suburb,23.5918593,47.6654624
642,La Plantație,la plantatie,locality,28.5977917,45.1105103
642,Lanul Morta,lanul morta,locality,28.7426195,44.8989167
642,La Suhat,la suhat,locality,28.7630858,44.8993513
642,Lanul Singurului,lanul singurului,locality,28.7461255,44.8792088
642,Tabic,tabic,locality,28.7121101,44.9094575
642,Centru,centru,suburb,23.5685015,45.9571079
642,Lutul Alb,lutul alb,locality,28.8275982,44.8368616
642,La Dipșa,la dipsa,locality,28.8166725,44.8463854
642,La Mănăstire,la manastire,locality,28.3584749,45.1648297
642,Muchiile Crăpate,muchiile crapate,locality,28.6913816,45.1568417
642,Sănășele,sanasele,locality,23.8317224,46.9198826
642,Finteuș,finteus,locality,23.7936878,46.8966107
642,Baboskert,baboskert,locality,23.8212096,46.9047365
642,Orieș,ories,locality,23.8392997,46.895672
642,Căpuș,capus,locality,23.8274974,46.9359726
642,Pe Coastă,pe coasta,locality,23.8201762,46.9222697
642,Fundul Vădanei,fundul vadanei,locality,28.2256345,45.2530094
642,Dallas,dallas,neighbourhood,23.7187218,46.3067575
642,Securicea,securicea,hamlet,22.7170985,44.4723525
642,Mileni,mileni,hamlet,22.6082789,44.4387502
642,Piatra Albă,piatra alba,hamlet,22.7109574,44.6488122
642,Măzăriște,mazariste,locality,23.7666303,46.8528431
642,Vânta,vanta,hamlet,23.3587359,46.6970996
642,Dâmbu de Lut,dambu de lut,locality,23.9027917,46.82734
642,La Moțu,la motu,locality,28.8182535,44.8856734
642,Kamsas,kamsas,neighbourhood,28.6147293,44.1870941
642,Cotul Daiului,cotul daiului,locality,27.8814477,45.0121747
642,Cotul Manghelului,cotul manghelului,locality,27.9179292,45.0343872
642,Grădina lui Tache,gradina lui tache,locality,28.1185617,44.423913
642,Podul lui Chiose,podul lui chiose,locality,28.1170225,44.4326293
642,Comcereal,comcereal,neighbourhood,28.5953686,44.2342328
642,Podurile Toprachioi,podurile toprachioi,locality,28.7259199,44.9317109
642,Tăucu,taucu,locality,28.7324295,44.941258
642,Platoul Igliței,platoul iglitei,locality,28.1966832,45.1532766
642,Platoul Dunăvățului,platoul dunavatului,locality,29.1767856,45.0090294
642,Calagiu,calagiu,locality,28.5593582,44.7665081
642,La Giampașa,la giampasa,locality,28.5476181,44.7508447
642,Calabair,calabair,locality,28.5709254,44.7407949
642,La Piatra Albă,la piatra alba,locality,28.5877473,44.7372474
642,Rât,rat,neighbourhood,23.8009445,46.9237893
642,Tufanu cu Icoană,tufanu cu icoana,neighbourhood,24.8212661,45.0428189
642,Crucea Celtică,crucea celtica,locality,28.4541362,45.1836463
642,Bahna Rusului,bahna rusului,neighbourhood,24.8162187,45.3701788
642,Popeasca,popeasca,neighbourhood,24.7890322,45.0325401
642,Cacaleți,cacaleti,neighbourhood,24.7692564,45.01978
642,Butești,butesti,neighbourhood,24.7834283,45.0249127
642,Valea Boului,valea boului,neighbourhood,24.7544161,45.0589576
642,Bohari,bohari,neighbourhood,24.7654418,45.0489109
642,Surzari,surzari,neighbourhood,24.79592,45.054924
642,Valea Lată,valea lata,neighbourhood,24.7945312,45.0624167
642,Minești,minesti,neighbourhood,24.7948436,45.0767241
642,Bâscari,bascari,neighbourhood,24.7969698,45.0819942
642,Muchia Cartalului,muchia cartalului,locality,28.2750675,45.1860606
642,Depresiunea Jijilei,depresiunea jijilei,locality,28.1312929,45.2936773
642,Depresiunea Cernei,depresiunea cernei,locality,28.3240513,45.0936377
642,Depresiunea Cerna-Mircea Vodă,depresiunea cerna-mircea voda,locality,28.3095922,45.0345419
642,Câmpia Sarichioi,campia sarichioi,locality,28.8440454,44.9302632
642,Depresiunea Greci,depresiunea greci,locality,28.2495359,45.1705699
642,Depresiunea Luncaviței,depresiunea luncavitei,locality,28.2790665,45.265766
642,Câmpia Sarinasuf,campia sarinasuf,locality,29.0439347,45.040869
642,Depresiunea Dorobanțu,depresiunea dorobantu,locality,28.273704,44.9853229
642,Cuza Vodă,cuza voda,neighbourhood,23.5529172,47.653623
642,Parc Industrial Sud,parc industrial sud,suburb,22.8688606,47.7259872
642,Heliport,heliport,locality,24.2142427,45.2016013
642,Țărățeni,tarateni,hamlet,25.9983186,47.2022661
642,Agăpeni,agapeni,hamlet,26.0071542,47.2054135
642,Calea Caransebeșului,calea caransebesului,neighbourhood,21.8828666,45.3171919
642,Rotunda,rotunda,suburb,26.8001561,46.2928378
642,Bărcu Mare,barcu mare,locality,23.7915767,46.9072505
642,Cartierul Primăverii,cartierul primaverii,neighbourhood,21.1240307,45.7586529
642,Lempeș,lempes,locality,24.5063413,47.1140452
642,Obor,obor,suburb,25.9590025,43.9027315
642,Trandafirul,trandafirul,neighbourhood,28.6509163,44.1879147
642,Groapă,groapa,neighbourhood,28.6218595,44.1754477
642,Голомдомб,golomdomb,locality,23.0309924,48.0259988
642,Хольт-Ботар,khol't-botar,locality,23.1052537,48.0895572
642,Хаща,khashcha,locality,23.1033949,48.0351754
642,Долина,dolina,neighbourhood,23.2291539,48.1227973
642,Клемник,klemnik,neighbourhood,23.2234464,48.1193719
642,Буковина,bukovina,locality,23.1960732,48.1296423
642,Воскун,voskun,neighbourhood,23.2292253,48.1273721
642,Млиновиця,mlinovitsia,neighbourhood,23.1851805,48.1303982
642,Глухий Мочар,glukhii mochar,locality,23.1787877,48.1351038
642,Магуриця,maguritsia,neighbourhood,23.2014908,48.1326464
642,Поляна,poliana,neighbourhood,23.1785116,48.1365467
642,Буковина Новоселицька,bukovina novoselits'ka,locality,23.2032156,48.1234397
642,Кутловина,kutlovina,neighbourhood,23.2123603,48.1213155
642,Мочарки,mocharki,locality,23.2048989,48.1293337
642,Середній Горб,serednii gorb,locality,23.2334351,48.1061481
642,Яворник,iavornik,locality,23.2404541,48.1207018
642,Ботарські Хутори,botars'ki khutori,locality,22.9174488,48.0306539
642,Bodonkút,bodonkut,locality,22.9785794,47.2701838
642,Előrét,eloret,locality,22.9653769,47.2637149
642,Văidoaia,vaidoaia,neighbourhood,23.136566,46.3080508
642,Pupula,pupula,locality,23.0245755,46.780451
642,Comolău,comolau,suburb,25.907443,45.8415208
642,Râșca Pleș,rasca ples,hamlet,23.0695423,46.7077329
642,Onicești,onicesti,hamlet,23.1117794,46.7296874
642,Râșca de Sus,rasca de sus,hamlet,23.0724851,46.7295068
642,Dâmbul Lung,dambul lung,locality,23.1479578,46.7123962
642,Martonca,martonca,hamlet,25.4286107,46.8288456
642,Lesőd,lesod,hamlet,26.0830812,46.2943335
642,Sârca,sarca,suburb,25.8660975,45.084494
642,Mihai Eminescu,mihai eminescu,neighbourhood,25.9924953,44.3801565
642,Pomilor,pomilor,neighbourhood,26.0730132,44.3698417
642,Romană,romana,neighbourhood,26.0965511,44.4468428
642,Citeră,citera,hamlet,23.2433711,46.1403512
642,Centru Vechi,centru vechi,suburb,24.0952032,46.4820768
642,Baltă,balta,suburb,24.0965209,46.4760682
642,Cartier Kossuth Lajos,cartier kossuth lajos,neighbourhood,25.7987849,45.8840637
642,Câmpul Stânei,campul stanei,locality,25.9001445,45.8091023
642,Plaiu Scurt,plaiu scurt,locality,25.9591123,45.6663937
642,Циганський Табір,tsigans'kii tabir,neighbourhood,23.2152775,48.107777
642,Cânepiști,canepisti,neighbourhood,23.8468181,46.6079035
642,Slatina,slatina,locality,28.2039489,45.1969033
642,Padina,padina,locality,28.1762803,45.1650317
642,Boldea,boldea,locality,28.2313107,45.153209
642,Crucele,crucele,locality,28.2614139,45.1666223
642,Dumbrava,dumbrava,locality,28.2262084,45.2219604
642,Varhegy,varhegy,village,26.0089314,45.8417357
642,Pădureni,padureni,village,25.9297747,45.8854266
642,Hoșteze,hosteze,neighbourhood,23.4556119,47.6759757
642,Cartierul Ciuc,cartierul ciuc,suburb,25.7927089,45.8747683
642,Valea Bothavas,valea bothavas,village,25.962639,46.4955394
642,Oinac,oinac,suburb,25.980477,43.9052743
642,Cartierul Fabricii de Zahăr,cartierul fabricii de zahar,neighbourhood,25.9779326,43.8946112
642,Smârda,smarda,suburb,25.9744628,43.8959934
642,Pipera,pipera,neighbourhood,26.143715,44.5079653
642,Băile Bálványos,baile balvanyos,village,25.9426258,46.1168301
642,Lupacul Bătrân,lupacul batran,neighbourhood,21.8069794,45.2869281
642,Mâna Iglița,mana iglita,locality,28.1870418,45.136917
642,Iglița,iglita,locality,28.1797462,45.1475117
642,Salcea,salcea,village,26.3685825,47.6537317
642,Foișorul de Foc,foisorul de foc,neighbourhood,26.1209646,44.440243
642,La Cimitir,la cimitir,locality,25.7406465,46.8435166
642,Szegelet,szegelet,hamlet,22.9922504,46.8309795
642,Zentelke,zentelke,neighbourhood,22.9902826,46.8320028
642,Bicăjelul de Sus,bicajelul de sus,hamlet,25.8438181,46.7487617
642,Biscaria,biscaria,neighbourhood,23.0136829,45.8561204
642,Piciorul Ghepartoc,piciorul ghepartoc,locality,25.7013774,46.7862856
642,Bechet,bechet,locality,25.8372768,46.7591879
642,Páter,pater,locality,23.5644611,46.7289495
642,La Două Dealuri,la doua dealuri,locality,28.2690075,45.0951021
642,Rén,ren,locality,25.8624895,46.5101517
642,Fenyőszeg,fenyoszeg,locality,25.8435098,46.4979375
642,Caracău,caracau,locality,25.8479945,46.5156557
642,Bucureni,bucureni,locality,25.8570991,46.5342665
642,Ludmilla-kilátó,ludmilla-kilato,locality,25.8618969,46.1498584
642,Mt-le Bereș,mt-le beres,locality,26.015372,46.4612333
642,Ceacă,ceaca,locality,25.9978473,46.4574957
642,Muntele Nilenc,muntele nilenc,locality,26.0278537,46.4911064
642,Текереш,tekeresh,locality,23.0087089,48.0301466
642,Muntele Muhoș,muntele muhos,locality,25.9948436,46.6533126
642,IAS km 13,ias km 13,neighbourhood,21.2038171,45.8691769
642,Bortoșeni,bortoseni,hamlet,26.035359,46.5950811
642,Mahala,mahala,neighbourhood,21.7949392,45.2471841
642,Oreșe,orese,neighbourhood,21.7974031,45.2476964
642,Stânca Dracului,stanca dracului,locality,25.2625731,45.4589272
642,Armonia Residence,armonia residence,neighbourhood,26.7840835,46.2560147
642,Otulu,otulu,locality,28.2548498,45.204488
642,Baba Novac,baba novac,neighbourhood,26.1402405,44.4246025
642,Teiul Doamnei,teiul doamnei,neighbourhood,26.1217301,44.459572
642,Crucea de Piatră,crucea de piatra,neighbourhood,26.8020376,46.2486729
642,Mal,mal,neighbourhood,26.7720603,46.2455548
642,Sat Catolic,sat catolic,neighbourhood,26.7531808,46.2483581
642,Buhoci,buhoci,neighbourhood,26.7448803,46.251557
642,Cuciur,cuciur,neighbourhood,26.7429127,46.2458812
642,Centru,centru,neighbourhood,26.7644701,46.250412
642,Egres-mocsár,egres-mocsar,locality,25.6334285,46.3216266
642,Majzos,majzos,locality,25.5509325,46.3323638
642,Belci,belci,neighbourhood,26.7636517,46.2814136
642,Fundul Ulucei,fundul ulucei,locality,28.3920144,45.2361362
642,Șaroșut,sarosut,locality,23.4601208,46.7915571
642,Harmoș,harmos,hamlet,23.6797319,46.648769
642,Taița,taita,locality,28.3825309,45.1850847
642,Lanul Gării,lanul garii,neighbourhood,26.7768485,46.2623933
642,Trafic greu,trafic greu,neighbourhood,26.0784151,44.4156835
642,Pad,pad,locality,23.4503889,46.6932136
642,Lókert,lokert,neighbourhood,23.452458,46.6998327
642,Valea Hăitașului,valea haitasului,locality,23.5287629,46.765704
642,Metro 2,metro 2,neighbourhood,21.1802593,45.7895294
642,Irtaș,irtas,locality,23.2859649,46.8249065
642,La Silaș,la silas,locality,23.2739726,46.846119
642,Bistra,bistra,hamlet,25.891163,46.9052353
642,Ciocaș,ciocas,hamlet,23.2747663,46.8880867
642,Căpranța,capranta,locality,23.2262186,46.8782829
642,Hordós-kút,hordos-kut,locality,23.6328932,46.6545331
642,Platoul Pordei,platoul pordei,locality,23.7021194,46.5695951
642,Techeniș,techenis,locality,23.7123787,46.576937
642,Ciuma Goală,ciuma goala,locality,23.6855941,46.5554285
642,Nasul Dracului,nasul dracului,locality,23.6471553,46.4829769
642,Dărăbant,darabant,locality,23.6477795,46.4666135
642,Ganeș,ganes,locality,23.7014104,46.7146149
642,Berekalja,berekalja,locality,23.7050218,46.7057441
642,Bocșa Montană,bocsa montana,suburb,21.7863715,45.3819379
642,Vasiova,vasiova,suburb,21.7654878,45.3797789
642,Bocșa Română,bocsa romana,suburb,21.709604,45.3745298
642,Poiana Priporului,poiana priporului,locality,25.2544412,45.5157014
