country_id,name,name_norm,place,lon,lat
807,Гевгелија,gevgelija,city,22.5033192,41.1388664
807,Скопје,skopje,city,21.4319213,41.9961816
807,Струмица,strumitsa,city,22.6374139,41.4390081
807,Ειδομένη,eidomene,village,22.5108649,41.122077
807,Νίκη,nike,village,21.4213034,40.9087378
807,Струга,struga,town,20.6790586,41.1770278
807,Дебар,debar,town,20.5269779,41.523466
807,Гостивар,gostivar,city,20.9081703,41.7920222
807,Тетово,tetovo,city,20.9728556,42.0068297
807,Љубаништа,ljubanishta,village,20.7718578,40.9180425
807,Кичево,kichevo,city,20.9585155,41.5089037
807,Кременица,kremenitsa,village,21.4577235,40.9236692
807,Меџитлија,medzhitlija,village,21.4290903,40.9279758
807,Лажец,lazhets,village,21.3782865,40.9120874
807,Брајчино,brajchino,village,21.1600004,40.9074093
807,Трпејца,trpejtsa,village,20.7830495,40.9605173
807,Демир Хисар,demir khisar,town,21.2034144,41.2239873
807,Глоѓи,glogji,village,21.0623254,42.0873927
807,Теарце,teartse,village,21.0538531,42.0781929
807,Желино,zhelino,village,21.0619745,41.9815581
807,Лешок,leshok,village,21.0312411,42.065843
807,Сиричино,sirichino,village,21.095204,42.0173134
807,Џепчиште,dzhepchishte,village,21.002694,42.0363532
807,Велес,veles,city,21.7705695,41.718869
807,Житоше,zhitoshe,village,21.2921793,41.4200844
807,Алданци,aldantsi,village,21.2972796,41.3668035
807,Бучин,buchin,village,21.3158021,41.2743635
807,Пресил,presil,village,21.3138985,41.2959304
807,Пуста Река,pusta reka,village,21.1575428,41.4137618
807,Долно Дивјаци,dolno divjatsi,village,21.1844937,41.3906556
807,Горно Дивјаци,gorno divjatsi,village,21.1710542,41.4152957
807,Арилево,arilevo,village,21.1993251,41.3977962
807,Норово,norovo,village,21.2754645,41.3996724
807,Врбоец,vrboets,village,21.296246,41.3370388
807,Свето Митрани,sveto mitrani,village,21.3037578,41.3227262
807,Крушеани,krusheani,village,21.3486207,41.3113908
807,Бела Црква,bela tsrkva,village,21.3456344,41.2801903
807,Славеј,slavej,village,21.4058521,41.338347
807,Лажани,lazhani,village,21.3107481,41.4431196
807,Јакреново,jakrenovo,village,21.2624515,41.4484712
807,Белушино,belushino,village,21.2532465,41.4369192
807,Попова Шапка,popova shapka,locality,20.8869241,42.0135469
807,Новаци,novatsi,village,21.4578033,41.0417702
807,Железара,zhelezara,suburb,21.4587963,42.0141175
807,Ѓорче Петров,gjorche petrov,suburb,21.360542,42.0078064
807,Хром,khrom,suburb,21.3717496,42.0020914
807,Маврово,mavrovo,village,20.7358064,41.65178
807,Маврови Анови,mavrovi anovi,village,20.7564136,41.7025243
807,Никифорово,nikiforovo,village,20.7750181,41.6768541
807,Леуново,leunovo,village,20.8044366,41.6941127
807,Карпош 4,karposh 4,suburb,21.3862569,42.0062279
807,Карпош 3,karposh 3,suburb,21.3975978,42.0051794
807,Тафталиџе 1,taftalidzhe 1,suburb,21.3970826,42.0004037
807,Кавадарци,kavadartsi,city,22.0122593,41.4332802
807,Долна Матка,dolna matka,village,21.3052479,41.9676596
807,Тафталиџе 2,taftalidzhe 2,suburb,21.3853654,42.0019013
807,Кисела Вода,kisela voda,suburb,21.4399254,41.978353
807,Водно,vodno,suburb,21.4141498,41.987261
807,Жданец,zhdanets,suburb,21.3884876,41.9943546
807,Нов Дојран,nov dojran,village,22.703914,41.2179107
807,Стар Дојран,star dojran,village,22.7215952,41.1827308
807,Бутел 1,butel 1,suburb,21.4462437,42.0328919
807,Автокоманда,avtokomanda,suburb,21.4650547,42.003916
807,Припор,pripor,suburb,21.445483,41.9624078
807,Методија Андонов-Ченто,metodija andonov-chento,suburb,21.5040359,42.0060802
807,Гази Баба,gazi baba,suburb,21.4737249,41.9984446
807,Куманово,kumanovo,city,21.7185474,42.135913
807,Крива Паланка,kriva palanka,town,22.3336663,42.2038104
807,Даме Груев,dame gruev,suburb,21.3553188,42.0202774
807,Волково,volkovo,village,21.3484614,42.0442007
807,Арачиново,arachinovo,village,21.5577659,42.0252965
807,Фалише,falishe,village,21.0074639,41.9789971
807,Бањиче,banjiche,locality,20.9438842,42.0249092
807,Калуѓер,kalugjer,locality,21.1578973,42.1617434
807,Рогачево,rogachevo,village,21.1570212,42.1566048
807,Старо Село,staro selo,village,21.1359053,42.1484646
807,Одри,odri,village,21.0902929,42.1265559
807,Првце,prvtse,village,21.0749362,42.1273901
807,Доброште,dobroshte,village,21.078432,42.1039671
807,Слатино,slatino,village,21.0393067,42.0674039
807,Порој,poroj,village,20.9959354,42.0305432
807,Неготино,negotino,town,22.0905903,41.4844229
807,Прилеп,prilep,city,21.5527115,41.3444984
807,Беј Бунар,bej bunar,suburb,20.8147395,41.1127037
807,Крст Џамија,krst dzhamija,suburb,20.8054232,41.1183858
807,Горна Влашка Мала,gorna vlashka mala,suburb,20.8141982,41.1183778
807,Далјан,daljan,suburb,20.7828156,41.1219063
807,Видобишта,vidobishta,suburb,20.8256452,41.1251533
807,Воска,voska,suburb,20.7907241,41.1214008
807,Лескајца,leskajtsa,suburb,20.7992213,41.122306
807,Железничка,zheleznichka,suburb,20.8035987,41.1280602
807,Македонски Брод,makedonski brod,town,21.2165416,41.507489
807,Ивањевци,ivanjevtsi,village,21.3583549,41.2056009
807,Буково,bukovo,village,21.3324419,40.9947462
807,Суводол,suvodol,village,21.2386613,41.5210343
807,Калуѓерец,kalugjerets,village,21.2413465,41.6612024
807,Требино,trebino,village,21.2111632,41.5277074
807,Брезно,brezno,village,21.0385141,42.0865179
807,Варвара,varvara,village,21.016838,42.0626171
807,Јелошник,jeloshnik,village,21.0557394,42.1010511
807,Отушиште,otushishte,hamlet,21.0566695,42.0805906
807,Самоков,samokov,village,21.1503979,41.6804927
807,Кривогаштани,krivogashtani,village,21.3317127,41.3367945
807,Железнец,zheleznets,village,21.0629488,41.3261997
807,Прибилци,pribiltsi,village,21.2012295,41.2717929
807,Воѓани,vogjani,village,21.3400112,41.2833385
807,Острилци,ostriltsi,village,21.2352131,41.3334972
807,Сладуево,sladuevo,village,21.2080156,41.2570552
807,Валандово,valandovo,town,22.5619765,41.3173419
807,Дрмени,drmeni,village,21.000485,41.0322806
807,Царев Двор,tsarev dvor,village,21.007094,41.0430097
807,Пештани,peshtani,village,20.8104255,41.01784
807,Градиште,gradishte,locality,20.7981493,40.9967268
807,Големо Коњари,golemo konjari,village,21.4374003,41.3406306
807,Селце,seltse,village,21.2522908,41.4191097
807,Локвени,lokveni,village,21.3086248,41.3999966
807,Саждево,sazhdevo,village,21.2754065,41.450147
807,Борино,borino,village,21.2852272,41.4363803
807,Сопотница,sopotnitsa,village,21.1537925,41.2931392
807,Жван,zhvan,village,21.1190607,41.286444
807,Доленци,dolentsi,village,21.097911,41.3151297
807,Растојца,rastojtsa,village,21.1937001,41.3282123
807,Кочиште,kochishte,village,21.1710552,41.3446172
807,Ново Село,novo selo,village,21.1910208,41.3044715
807,Цер,tser,village,21.0725735,41.4169154
807,Долнени,dolneni,village,21.4544889,41.4239024
807,Десово,desovo,village,21.4892286,41.4610686
807,Дебреште,debreshte,village,21.3270963,41.4789944
807,Слепче,slepche,village,21.4533495,41.500044
807,Стримница,strimnitsa,village,21.0366836,41.9674115
807,Сараќино,sarakjino,village,21.0402924,41.9820571
807,Долно Српци,dolno srptsi,village,21.3640584,41.1766825
807,Пашино Рувци,pashino ruvtsi,village,21.3703748,41.2760142
807,Боротино,borotino,village,21.4018513,41.2913908
807,Кадино Село,kadino selo,village,21.4604568,41.3062269
807,Поменово,pomenovo,village,21.6713704,41.5165621
807,Извор,izvor,village,21.6975832,41.5549823
807,Чашка,chashka,village,21.6913009,41.6472279
807,Богомила,bogomila,village,21.4717034,41.5932802
807,Теово,teovo,village,21.5718418,41.5789768
807,Нова Брезница,nova breznitsa,village,21.278393,41.8867672
807,Берово,berovo,town,22.8535559,41.706668
807,Богданци,bogdantsi,town,22.577652,41.201607
807,Делчево,delchevo,town,22.7767722,41.9668344
807,Бараково,barakovo,village,21.2289991,41.2498232
807,Кочани,kochani,city,22.4114182,41.9211332
807,Штип,shtip,city,22.1935856,41.7374724
807,Македонска Каменица,makedonska kamenitsa,town,22.588668,42.0212441
807,Облешево,obleshevo,village,22.3346784,41.8834293
807,Чифлик,chiflik,village,22.3165372,41.8691746
807,Спанчево,spanchevo,village,22.3105434,41.9075861
807,Чешиново,cheshinovo,village,22.286186,41.8694193
807,Чардаклија,chardaklija,village,22.1833686,41.7825121
807,Долни Балван,dolni balvan,village,22.2023706,41.8045667
807,Крупиште,krupishte,village,22.2505254,41.8421706
807,Карбинци,karbintsi,village,22.2350023,41.8168129
807,Кучичино,kuchichino,village,22.3165831,41.8456396
807,Пробиштип,probishtip,town,22.1784767,41.9998386
807,Кратово,kratovo,town,22.1802182,42.079261
807,Злетово,zletovo,village,22.2347348,41.988298
807,Грдовци,grdovtsi,village,22.4203686,41.8812561
807,Зрновци,zrnovtsi,village,22.4459466,41.853646
807,Оризари,orizari,village,22.445473,41.9201966
807,Виница,vinitsa,town,22.5044468,41.8847356
807,Соколарци,sokolartsi,village,22.2794373,41.89705
807,Свети Николе,sveti nikole,town,21.9420506,41.8647339
807,Латово,latovo,village,21.1688362,41.4881787
807,Пласница,plasnitsa,village,21.1236869,41.4672237
807,Јосифово,josifovo,village,22.4753697,41.3317929
807,Демир Капија,demir kapija,town,22.2418571,41.4087136
807,Девич,devich,village,21.2265139,41.5510309
807,Лесново,lesnovo,village,22.2292092,42.0140478
807,Драгов Дол,dragov dol,village,21.2179819,41.6023382
807,Долни Манастирец,dolni manastirets,village,21.2124541,41.6152829
807,Модриште,modrishte,village,21.2439943,41.639369
807,Русјаци,rusjatsi,village,21.1522001,41.4998358
807,Ореовец,oreovets,village,21.1316653,41.4918964
807,Будинарци,budinartsi,village,22.7750096,41.7637377
807,Белче,belche,village,21.2034761,41.2449678
807,Ракитница,rakitnitsa,village,21.1899633,41.3163803
807,Милошево,miloshevo,village,21.3122304,41.3090934
807,Единаковци,edinakovtsi,village,21.2477394,41.2608287
807,Вардино,vardino,village,21.2406685,41.2374316
807,Граиште,graishte,village,21.2196329,41.2371977
807,Кореница,korenitsa,village,21.3254206,41.3565749
807,Обршани,obrshani,village,21.3627811,41.2834269
807,Журче,zhurche,village,21.2367006,41.2834423
807,Владимирово,vladimirovo,village,22.7934669,41.7092072
807,Митрашинци,mitrashintsi,village,22.7408942,41.7756481
807,Разловци,razlovtsi,village,22.7691068,41.8445621
807,Град,grad,village,22.8420556,41.9381303
807,Нижеполе,nizhepole,village,21.2445642,41.0089125
807,Трново,trnovo,village,21.2466178,41.0428367
807,Магарево,magarevo,village,21.2382671,41.042684
807,Дихово,dikhovo,village,21.2642076,41.0308006
807,Крклино,krklino,village,21.3339286,41.0728276
807,Кукуречани,kukurechani,village,21.3239752,41.0950222
807,Лопатица,lopatitsa,village,21.252872,41.159733
807,Слепче,slepche,village,21.176582,41.233858
807,Бели,beli,village,22.3802255,41.9280547
807,Тркање,trkanje,village,22.3615869,41.9049351
807,Бања,banja,village,22.3333486,41.9115719
807,Видовиште,vidovishte,village,22.3976411,41.8449316
807,Мородвис,morodvis,village,22.416953,41.8477321
807,Лески,leski,village,22.4808167,41.8687591
807,Градец,gradets,village,22.5105501,41.8489622
807,Блатец,blatets,village,22.5787498,41.8367956
807,Јакимово,jakimovo,village,22.5113236,41.9000911
807,Истибања,istibanja,village,22.5013252,41.9307818
807,Прибачево,pribachevo,village,22.4423745,41.8868154
807,Горни Подлог,gorni podlog,village,22.3811944,41.8874608
807,Долни Подлог,dolni podlog,village,22.3696502,41.8870518
807,Мојанци,mojantsi,village,22.3815291,41.8737533
807,Пантелеј,pantelej,village,22.3165993,41.9656424
807,Нивичани,nivichani,village,22.33822,41.9551497
807,Лозово,lozovo,village,21.9061795,41.7836587
807,Сарамзалино,saramzalino,village,21.9428072,41.78836
807,Кравари,kravari,village,21.3788291,40.9957628
807,Петровец,petrovets,village,21.6160528,41.9386289
807,Логоварди,logovardi,village,21.4090495,41.0311664
807,Црвулево,tsrvulevo,village,22.2950263,41.8095309
807,Теранци,terantsi,village,22.3549489,41.8515426
807,Уларци,ulartsi,village,22.2648348,41.8583362
807,Бурилчево,burilchevo,village,22.2972359,41.8420265
807,Лешки,leshki,hamlet,22.3771099,41.9778243
807,Полаки,polaki,village,22.426572,42.0430462
807,Лаки,laki,village,22.6683987,41.7965704
807,Липец,lipets,village,22.5526928,41.8415089
807,Пекљани,pekljani,village,22.6286881,41.8752532
807,Трсино,trsino,village,22.6486743,41.911683
807,Црн Камен,tsrn kamen,village,22.5368317,41.9226602
807,Драгобраште,dragobrashte,village,22.6032611,41.8954144
807,Милетино,miletino,village,21.0163174,41.908509
807,Шипковско Теќе,shipkovsko tekje,locality,20.9351427,42.0264551
807,Рајчани,rajchani,village,22.2721187,41.9545223
807,Жиганци,zhigantsi,village,22.2376805,41.8790376
807,Врбица,vrbitsa,hamlet,22.2440208,41.909821
807,Бунеш,bunesh,village,22.2361631,41.9525758
807,Древено,dreveno,village,22.21214,42.0073846
807,Ратавица,ratavitsa,village,22.2174221,41.9678262
807,Шталковица,shtalkovitsa,village,22.2842226,41.9960911
807,Турско Рудари,tursko rudari,village,22.2575348,41.9813506
807,Бучиште,buchishte,village,22.1973535,41.9291039
807,Добрево,dobrevo,village,22.1970554,42.024151
807,Долни Стубол,dolni stubol,village,22.1218572,41.9992661
807,Горни Стубол,gorni stubol,village,22.0994312,42.0118919
807,Горно Барбарево,gorno barbarevo,village,22.070774,41.9934844
807,Долно Барбарево,dolno barbarevo,village,22.0636946,41.9814079
807,Дренак,drenak,village,22.1505335,41.9668128
807,Гајранци,gajrantsi,village,22.1785483,41.8940365
807,Гризилевци,grizilevtsi,hamlet,22.1459915,42.0380119
807,Гујновци,gujnovtsi,village,22.1991958,41.8919435
807,Куково,kukovo,village,22.1066743,41.9293415
807,Кундино,kundino,hamlet,22.1453628,42.023149
807,Лепопелци,lepopeltsi,village,22.2106903,41.9021352
807,Балталија,baltalija,hamlet,22.236137,41.6518934
807,Лакавица,lakavitsa,hamlet,22.2360213,41.6387329
807,Брест,brest,hamlet,22.323421,41.6064904
807,Доброшани,dobroshani,village,22.0771834,41.7415795
807,Долани,dolani,hamlet,22.2011321,41.6934073
807,Драгоево,dragoevo,village,22.1324084,41.6730771
807,Горачино,gorachino,village,22.2782002,41.6414903
807,Криви Дол,krivi dol,village,22.1047227,41.786479
807,Три Чешми,tri cheshmi,village,22.1337561,41.7729673
807,Сушево,sushevo,hamlet,22.127772,41.7564674
807,Лесковица,leskovitsa,village,22.2455111,41.5959698
807,Љуботен,ljuboten,hamlet,22.2440183,41.6691389
807,Ново Село,novo selo,village,22.1826814,41.7356098
807,Пиперово,piperovo,village,22.2689909,41.5747831
807,Пухче,pukhche,village,22.1980338,41.628231
807,Сарчиево,sarchievo,village,22.1348587,41.8099153
807,Врсаково,vrsakovo,village,22.1192403,41.8172794
807,Шашаварлија,shashavarlija,village,22.2880893,41.716813
807,Селце,seltse,village,22.1712105,41.6495234
807,Софилари,sofilari,village,22.1375596,41.7084136
807,Стар Караорман,star karaorman,village,22.2012691,41.7830891
807,Аргулица,argulitsa,village,22.2796692,41.8194523
807,Горни Балван,gorni balvan,village,22.201294,41.8419681
807,Козјак,kozjak,village,22.2738864,41.8092255
807,Радање,radanje,village,22.2766845,41.7797779
807,Таринци,tarintsi,village,22.2294337,41.7987083
807,Лезово,lezovo,village,22.1829084,41.9165832
807,Марчино,marchino,village,22.1770413,42.0248594
807,Неокази,neokazi,village,22.1913516,41.9606569
807,Ново Селани,novo selani,hamlet,22.2275242,41.883617
807,Пишица,pishitsa,village,22.2114302,41.8756215
807,Петршино,petrshino,village,22.1640077,41.9561829
807,Плешенци,pleshentsi,village,22.1350155,41.9982206
807,Пуздерци,puzdertsi,village,22.1336273,41.9442158
807,Стрисовци,strisovtsi,village,22.0968604,41.9664058
807,Стрмош,strmosh,village,22.1626992,41.9819715
807,Трипатинци,tripatintsi,village,22.2062616,41.9320068
807,Трооло,troolo,village,22.1548281,41.903214
807,Зарапинци,zarapintsi,village,22.1470115,41.941601
807,Луковица,lukovitsa,village,22.613995,42.0200307
807,Бигла,bigla,village,22.674,41.9572083
807,Чифлик,chiflik,hamlet,22.779702,41.9441826
807,Драмче,dramche,village,22.7155958,42.0082979
807,Звегор,zvegor,village,22.7988229,41.9661384
807,Габрово,gabrovo,village,22.7997432,41.9862248
807,Стамер,stamer,village,22.8200197,41.9516706
807,Тработивиште,trabotivishte,village,22.8159152,41.8916622
807,Вирче,virche,village,22.8479918,41.9091834
807,Стар Истевник,star istevnik,village,22.8543285,41.8722475
807,Ветрен,vetren,village,22.7508639,42.0061062
807,Чифлик,chiflik,village,22.8565852,41.7609877
807,Негрево,negrevo,village,22.8969742,41.7770702
807,Црник,tsrnik,village,22.8822765,41.8218379
807,Панчарево,pancharevo,village,22.9015963,41.8566277
807,Двориште,dvorishte,village,22.91429,41.590105
807,Мачево,machevo,village,22.8035082,41.7518084
807,Ратево,ratevo,village,22.8514438,41.6763304
807,Робово,robovo,village,22.8214896,41.7642557
807,Смојмирово,smojmirovo,village,22.8410684,41.7367848
807,Суви Лаки,suvi laki,village,22.8089343,41.5609059
807,Брвеница,brvenitsa,village,20.9804941,41.9661724
807,Јажинце,jazhintse,village,21.1757992,42.1639784
807,Подбреге,podbrege,village,21.1211218,42.0632269
807,Палатица,palatitsa,village,21.055312,42.0051237
807,Озормиште,ozormishte,village,21.0693883,42.0148174
807,Копанце,kopantse,village,21.1366577,42.0491067
807,Пршовце,prshovtse,village,21.0635299,42.0804567
807,Требош,trebosh,village,21.0307978,42.0117948
807,Раотинце,raotintse,village,21.1420428,42.0635666
807,Пониква,ponikva,locality,22.3557992,42.0348398
807,Трканска Мандра,trkanska mandra,locality,22.3952893,42.0925543
807,Kompresorska stanica,kompresorska stanica,locality,22.5084018,42.134842
807,Превал Сокол,preval sokol,locality,22.4801833,42.1459399
807,Три Воде,tri vode,locality,21.0018644,42.1097379
807,Бресје,bresje,hamlet,21.7406434,42.2682404
807,Ваксинце,vaksintse,village,21.6630473,42.2061162
807,Туденце,tudentse,village,21.1180553,42.0300012
807,Жеровјане,zherovjane,village,20.9477714,41.9152816
807,Визбегово,vizbegovo,village,21.4094387,42.0367758
807,Ветерник,veternik,locality,21.3094384,42.0233309
807,Ратае,ratae,village,21.0374946,42.0352799
807,Пирок,pirok,village,20.9103673,41.9119545
807,Прељубиште,preljubishte,village,21.0996703,42.033718
807,Пожаране,pozharane,village,20.8664277,41.8526203
807,Селце,seltse,village,20.939721,42.0347216
807,Сарај,saraj,suburb,21.328197,41.9999161
807,Сетоле,setole,village,20.9973409,42.0548694
807,Шемшево,shemshevo,village,21.0797147,42.0247285
807,Селце Кеч,seltse kech,hamlet,20.8770277,41.9389191
807,Шипковица,shipkovitsa,village,20.9155511,42.0349957
807,Слупчане,slupchane,village,21.6277732,42.173334
807,Непроштено,neproshteno,village,21.0191612,42.0533375
807,Нераште,nerashte,village,21.1082921,42.1068937
807,Лојане,lojane,village,21.6649956,42.2333342
807,Љубин,ljubin,village,21.3089229,42.0014374
807,Матејче,matejche,village,21.5977767,42.1255581
807,Мала Речица,mala rechitsa,village,20.9476671,41.9930208
807,Отља,otlja,village,21.587793,42.1442242
807,Отуње,otunje,village,21.0050077,42.0577794
807,Орашје,orashje,village,21.1363677,42.1293676
807,Јегуновце,jegunovtse,village,21.1201874,42.0734826
807,Једоарце,jedoartse,village,21.0011196,42.0472254
807,Јанчиште,janchishte,village,21.1144418,42.0533375
807,Извор,izvor,hamlet,21.5775813,42.2035983
807,Камењане,kamenjane,village,20.9266565,41.9444564
807,Кондово,kondovo,village,21.3136012,42.0116679
807,Лавце,lavtse,village,20.9561069,42.0255523
807,Липково,lipkovo,village,21.5860103,42.1572002
807,Долно Свиларе,dolno svilare,village,21.2855517,42.0286101
807,Долно Палчиште,dolno palchishte,village,20.9260992,41.9680543
807,Долно Нерези,dolno nerezi,suburb,21.3786262,41.9997404
807,Добри Дол,dobri dol,village,20.8874925,41.8658402
807,Глумово,glumovo,village,21.3044479,41.9797306
807,Голема Речица,golema rechitsa,village,20.9456569,41.9887186
807,Ѓермо,gjermo,village,20.9683408,42.0516677
807,Грчец,grchets,village,21.3344865,41.9719368
807,Горно Седларце,gorno sedlartse,village,20.9444412,41.9366679
807,Горно Оризари,gorno orizari,village,21.4090145,42.0612137
807,Бардовци,bardovtsi,village,21.3761048,42.0269418
807,Боговиње,bogovinje,village,20.914348,41.9249545
807,Челопек,chelopek,village,21.0075819,41.9378334
807,Церово,tserovo,village,21.1352044,41.9924169
807,Девојче Поле,devojche pole,locality,20.9663808,41.9825004
807,Кликово,klikovo,locality,20.9724919,41.9894481
807,Котариште,kotarishte,locality,20.9927767,41.9891724
807,Шуто Оризари,shuto orizari,suburb,21.423591,42.0405453
807,Казани,kazani,locality,20.8302783,41.9869423
807,Зајчев Рид,zajchev rid,locality,21.3966498,42.0195196
807,Злокуќани,zlokukjani,suburb,21.3853707,42.015743
807,Чешмички Рид,cheshmichki rid,isolated_dwelling,21.3872113,42.0313154
807,Бадемче,bademche,locality,21.406948,42.0427721
807,Момин Поток,momin potok,suburb,21.410078,42.0131046
807,Гајре,gajre,village,20.9435036,42.0123473
807,Теќешке Корије,tekjeshke korije,hamlet,20.9390619,41.9974228
807,Трнодол,trnodol,suburb,21.3941996,41.9926393
807,Ќосејол,kjosejol,locality,20.9899958,42.0063948
807,Добровница,dobrovnitsa,village,22.3224287,42.2753244
807,Самоков,samokov,locality,22.3649795,42.2328203
807,Белавинци,belavintsi,hamlet,22.3534858,42.3015393
807,Ширина,shirina,locality,22.3498204,42.2923054
807,Бојанчиште,bojanchishte,village,22.0274525,41.2603106
807,Конопница,konopnitsa,village,22.2865069,42.1812123
807,Трново,trnovo,village,22.3823825,42.2754322
807,Смесница,smesnitsa,village,21.6244394,41.8445336
807,Мала Река,mala reka,locality,21.4677986,41.8025904
807,Алдинци,aldintsi,village,21.428482,41.8018964
807,Струга I,struga i,suburb,20.6715733,41.1750862
807,Вевчани,vevchani,village,20.592266,41.2402702
807,Враништа,vranishta,village,20.6650702,41.211269
807,Велешта,veleshta,village,20.6419388,41.2405757
807,Абланица,ablanitsa,locality,22.8846089,41.699451
807,Русиново,rusinovo,village,22.8077655,41.6877257
807,Умлена,umlena,village,22.8367943,41.7683022
807,Курачка Маала,kurachka maala,neighbourhood,22.8269183,41.8665227
807,Нов Истевник,nov istevnik,village,22.8278286,41.8634318
807,Пасјак,pasjak,neighbourhood,22.8427806,41.847721
807,Лазарополе,lazaropole,village,20.6958167,41.536064
807,Тресонче,tresonche,village,20.7220194,41.562568
807,Росоки,rosoki,village,20.6952259,41.5662666
807,Беличица,belichitsa,village,20.6909754,41.69393
807,Врбен,vrben,village,20.7311257,41.7209868
807,Богдево,bogdevo,village,20.7001244,41.7432505
807,Росоман,rosoman,village,21.9423006,41.5165223
807,Сланско,slansko,village,21.2290076,41.4881256
807,Дреново,drenovo,village,21.2367383,41.4652369
807,Могилец,mogilets,village,21.2237177,41.65074
807,Ковче,kovche,village,21.1729296,41.6622672
807,Лабуништа,labunishta,village,20.5979506,41.2688788
807,Подгорци,podgortsi,village,20.5971718,41.2593037
807,Богородица,bogoroditsa,village,22.5492906,41.1404166
807,Ума,uma,village,22.3278078,41.1504473
807,Конско,konsko,hamlet,22.3190251,41.187014
807,Серменин,sermenin,village,22.3453345,41.2192101
807,Прдејци,prdejtsi,village,22.5013062,41.2076433
807,Негорци,negortsi,village,22.4796365,41.1834588
807,Ново Конско,novo konsko,village,22.4382894,41.1553721
807,Мрзенци,mrzentsi,village,22.5025203,41.1655505
807,Моин,moin,village,22.4496024,41.1337187
807,Кованец,kovanets,village,22.4138691,41.2247544
807,Фурка,furka,village,22.613304,41.2411706
807,Ѓавато,gjavato,village,22.5360576,41.1938917
807,Удово,udovo,village,22.4355949,41.3471449
807,Смоквица,smokvitsa,village,22.4697719,41.2588725
807,Миравци,miravtsi,village,22.4353406,41.308814
807,Давидово,davidovo,village,22.4322856,41.3317916
807,Костурино,kosturino,village,22.6095841,41.3571219
807,Дабиље,dabilje,village,22.6918099,41.4423647
807,Босилово,bosilovo,village,22.7280638,41.4410377
807,Ново Коњарево,novo konjarevo,village,22.940204,41.3939626
807,Ново Село,novo selo,village,22.8835556,41.4126325
807,Еднокуќево,ednokukjevo,village,22.7330087,41.4315546
807,Иловица,ilovitsa,village,22.8040765,41.4729836
807,Моноспитово,monospitovo,village,22.7525781,41.4146924
807,Муртино,murtino,village,22.7274304,41.4144525
807,Радово,radovo,village,22.7671693,41.4503425
807,Секирник,sekirnik,village,22.7944635,41.4391476
807,Робово,robovo,village,22.7084611,41.4351582
807,Турново,turnovo,village,22.7771257,41.4392763
807,Средно Водно,sredno vodno,locality,21.4081321,41.9760328
807,Пинтија,pintija,suburb,21.4857882,41.9539811
807,Љубош,ljubosh,hamlet,21.4889893,41.922566
807,Батинци,batintsi,village,21.4813938,41.9196583
807,Орешани,oreshani,village,21.604389,41.8986534
807,Таор,taor,village,21.6109036,41.8994024
807,Ржаничино,rzhanichino,village,21.630156,41.9255065
807,Долно Коњари,dolno konjari,village,21.7084765,41.9431292
807,Средно Коњари,sredno konjari,village,21.7154003,41.9566139
807,Горно Коњари,gorno konjari,village,21.7230678,41.9742444
807,Катланово,katlanovo,village,21.6808658,41.8921116
807,Кадино,kadino,village,21.5969895,41.9692676
807,Мралино,mralino,village,21.6005086,41.9552905
807,Јурумлери,jurumleri,village,21.5563916,41.9666511
807,Гоце Делчев,gotse delchev,village,21.5426587,41.9741174
807,Идризово,idrizovo,village,21.5742444,41.9577798
807,Илинден,ilinden,village,21.5775059,41.993768
807,Марино,marino,village,21.5909814,41.98758
807,Бунарџик,bunardzhik,village,21.6172455,41.9947249
807,Трубарево,trubarevo,village,21.52575,41.980881
807,Стајковци,stajkovtsi,village,21.5174939,42.028276
807,Инџиково,indzhikovo,village,21.5161894,42.0019552
807,Брњарци,brnjartsi,village,21.5478609,42.0335198
807,Трстеник,trstenik,village,21.2866323,41.3478277
807,Bllatë e Poshtme,bllate e poshtme,village,20.477637,41.5623971
807,Tërbaç,terbac,village,20.4792476,41.4886495
807,Bllatë e Sipërme,bllate e siperme,village,20.489507,41.5636281
807,Lladomericë,lladomerice,village,20.5010532,41.463709
807,Куклица,kuklitsa,village,22.0686683,42.1052592
807,Церово,tserovo,village,20.8441424,41.7219214
807,Балин Дол,balin dol,village,20.9327105,41.7940164
807,Чајле,chajle,village,20.932512,41.8049315
807,Врапчиште,vrapchishte,village,20.8839178,41.8339557
807,Дебреше,debreshe,village,20.8810454,41.8178085
807,Чегране,chegrane,village,20.9743782,41.8372172
807,Банско,bansko,village,22.7476834,41.385442
807,Габрово,gabrovo,village,22.79406,41.3764982
807,Куклиш,kuklish,village,22.6633467,41.4053985
807,Мокриево,mokrievo,village,22.8377034,41.373339
807,Мокрино,mokrino,village,22.8547028,41.378776
807,Свидовица,svidovitsa,village,22.6979735,41.3912296
807,Галичник,galichnik,village,20.6542094,41.5948414
807,Љубојно,ljubojno,village,21.1392447,40.8937312
807,Согле,sogle,village,21.5526098,41.5912565
807,Гостиражни,gostirazhni,village,21.4308396,41.5540187
807,Стровија,strovija,village,21.41161,41.5643371
807,Ореше,oreshe,village,21.4184194,41.6193255
807,Црнилиште,tsrnilishte,village,21.4147713,41.5304819
807,Папрадиште,papradishte,village,21.4394039,41.6420677
807,Нежилово,nezhilovo,village,21.4538724,41.6499501
807,Браилово,brailovo,village,21.4595164,41.4767242
807,Бистрица,bistritsa,village,21.516552,41.6169042
807,Пешталево,peshtalevo,village,21.396368,41.4640181
807,Жабјани,zhabjani,hamlet,21.3798188,41.4535172
807,Секирци,sekirtsi,village,21.4138538,41.4788757
807,Витолиште,vitolishte,village,21.8245785,41.1815523
807,Манастир,manastir,village,21.7278091,41.1665147
807,Градовци,gradovtsi,village,21.5799175,41.849104
807,Огњанци,ognjantsi,village,21.5832649,41.9214383
807,Морани,morani,village,21.5482459,41.9091434
807,Страхојадица,strakhojaditsa,village,21.6069327,41.8596525
807,Зелениково,zelenikovo,village,21.5869671,41.8860408
807,Ново Село,novo selo,village,21.6224036,41.8546662
807,Пакошево,pakoshevo,village,21.6185413,41.8735548
807,Вражале,vrazhale,village,21.5576873,41.8831727
807,Дивље,divlje,village,21.7680149,41.9270189
807,Брезница,breznitsa,village,21.725164,41.871071
807,Никуштак,nikushtak,village,21.5923788,42.0817605
807,Виштица,vishtitsa,village,21.5938829,42.0999368
807,Ропалце,ropaltse,village,21.6170548,42.109829
807,Гиновци,ginovtsi,village,22.1604502,42.1721802
807,Милутинце,milutintse,village,22.1534312,42.208781
807,Пчиња,pchinja,village,21.7494267,42.0390072
807,Вак’в,vak'v,village,21.7438234,42.0241703
807,Винце,vintse,village,21.7571699,41.9944197
807,Мирковци,mirkovtsi,village,21.4060867,42.0938683
807,Крушевица,krushevitsa,village,21.6527641,41.2064243
807,Рапеш,rapesh,village,21.649342,41.104132
807,Маково,makovo,village,21.6103212,41.1187405
807,Градешница,gradeshnitsa,village,21.7611472,41.0847914
807,Старавина,staravina,village,21.7333166,41.0899263
807,Будимирци,budimirtsi,village,21.7287783,41.0562391
807,Зовиќ,zovikj,village,21.7119769,41.116314
807,Ивени,iveni,village,21.6428351,41.0435051
807,Царевиќ,tsarevikj,village,21.7721847,41.3562768
807,Дрен,dren,village,21.7794618,41.3294812
807,Мал Радобил,mal radobil,village,21.799277,41.3719356
807,Фариш,farish,village,21.8004687,41.4538857
807,Бањица,banjitsa,village,21.6660049,41.6996267
807,Отиштино,otishtino,hamlet,21.6819641,41.6759711
807,Голозинци,golozintsi,village,21.628867,41.6424978
807,Еловец,elovets,village,21.6550347,41.6463141
807,Раковец,rakovets,village,21.6639289,41.6635408
807,Клуковец,klukovets,village,21.6956004,41.7062231
807,Превалец,prevalets,suburb,21.7530587,41.698821
807,Раштани,rashtani,village,21.712273,41.7239703
807,Бузалково,buzalkovo,village,21.6737565,41.7388067
807,Сливник,slivnik,village,21.6719724,41.7175673
807,Евла,evla,village,20.9550464,41.0744737
807,Подмочани,podmochani,village,21.0505494,41.0237244
807,Езерани,ezerani,village,21.0219077,41.0286643
807,Сопотско,sopotsko,village,21.064115,41.0850691
807,Долна Бела Црква,dolna bela tsrkva,village,21.0307478,41.0381702
807,Болно,bolno,village,20.9725218,41.1098024
807,Златари,zlatari,village,21.0620616,41.1175549
807,Суводол,suvodol,village,21.2208811,41.2106389
807,Стрежево,strezhevo,village,21.1884531,41.137236
807,Стругово,strugovo,village,21.1807176,41.1992551
807,Кутретино,kutretino,village,21.2137467,41.2087062
807,Утово,utovo,village,21.1932845,41.1828738
807,Загориче,zagoriche,village,21.1954844,41.1892673
807,Обедник,obednik,village,21.1589014,41.1590618
807,Маловиште,malovishte,village,21.1304005,41.0337108
807,Ораов Дол,oraov dol,village,21.5323654,41.5281306
807,Мартолци,martoltsi,village,21.6527959,41.5669552
807,Мокрени,mokreni,village,21.5027538,41.5485285
807,Стари Град,stari grad,village,21.6653251,41.5813595
807,Оморани,omorani,hamlet,21.6097418,41.5341703
807,Габровник,gabrovnik,village,21.4946857,41.5254318
807,Долно Врановци,dolno vranovtsi,village,21.7051479,41.5884984
807,Долгаец,dolgaets,village,21.3782311,41.5342804
807,Маргари,margari,village,21.366259,41.5368596
807,Ново Село,novo selo,village,21.6481317,41.6032802
807,Владиловци,vladilovtsi,village,21.7399158,41.5178121
807,Ораовец,oraovets,village,21.7595212,41.6355074
807,Мелница,melnitsa,village,21.5914169,41.6441039
807,Горно Врановци,gorno vranovtsi,village,21.5556985,41.6810785
807,Крајници,krajnitsi,village,21.7788282,41.57014
807,Бусилци,busiltsi,hamlet,21.7044889,41.6231077
807,Војница,vojnitsa,village,21.7497597,41.6035972
807,Крива Круша,kriva krusha,village,21.6230026,41.6003134
807,Сушица,sushitsa,village,21.7813744,41.9590934
807,Ранковце,rankovtse,village,22.1165518,42.1686201
807,Долно Каласлари,dolno kalaslari,village,21.8378468,41.6892335
807,Црквино,tsrkvino,village,21.7950891,41.6573723
807,Иванковци,ivankovtsi,village,21.8202008,41.8490349
807,Чалошево,chaloshevo,village,21.7967139,41.7546867
807,Отовица,otovitsa,village,21.7788733,41.7739464
807,Кумарино,kumarino,village,21.8181871,41.7772609
807,Сојаклари,sojaklari,village,21.7992366,41.7940426
807,Крушица,krushitsa,village,21.8226899,41.9146792
807,Шлегово,shlegovo,village,22.1626424,42.0657377
807,Приковци,prikovtsi,village,22.14612,42.0604807
807,Секулица,sekulitsa,village,22.05338,42.0460615
807,Шопско Рударе,shopsko rudare,village,22.0157233,42.0726746
807,Вакуф,vakuf,village,22.0451158,42.0687272
807,Мамутчево,mamutchevo,village,21.8291227,41.7887284
807,Рудник,rudnik,village,21.7562203,41.84299
807,Живиње,zhivinje,village,21.8091162,41.9794928
807,Трстеник,trstenik,village,21.8581017,41.890226
807,Горобинци,gorobintsi,village,21.8754881,41.8747748
807,Ротино,rotino,village,21.2107975,41.0569385
807,Цапари,tsapari,village,21.1786866,41.0563479
807,Трновци,trnovtsi,village,21.3294488,41.2507818
807,Тополчани,topolchani,village,21.4308655,41.2276452
807,Новоселани,novoselani,village,21.3938003,41.2230602
807,Ѓуземелци,gjuzemeltsi,village,21.8761071,41.8287558
807,Милино,milino,village,21.8673619,41.803874
807,Амзабегово,amzabegovo,village,21.9946541,41.8117057
807,Долно Црнилиште,dolno tsrnilishte,village,21.954168,41.8167097
807,Горно Црнилиште,gorno tsrnilishte,village,21.9651029,41.816568
807,Брод,brod,village,21.5620635,40.9507738
807,Зубово,zubovo,village,22.838151,41.4082912
807,Борисово,borisovo,village,22.8259723,41.3776594
807,Сушица,sushitsa,village,22.8359949,41.4404344
807,Старо Коњарево,staro konjarevo,village,22.9528748,41.3681614
807,Дражево,drazhevo,village,22.9209125,41.3726838
807,Смолари,smolari,village,22.9042057,41.3762121
807,Раборци,rabortsi,village,22.6001226,41.3973169
807,Три Води,tri vodi,village,22.6313827,41.3959264
807,Мажучиште,mazhuchishte,village,21.5007259,41.3842174
807,Заполжани,zapolzhani,village,21.4122168,41.3821669
807,Новоселани,novoselani,village,21.4324419,41.4036455
807,Вранче,vranche,village,21.3728285,41.3934717
807,Средорек,sredorek,village,21.3620117,41.4097452
807,Сарандиново,sarandinovo,village,21.4120289,41.4352948
807,Кошино,koshino,village,21.291108,41.4669323
807,Дупјачани,dupjachani,village,21.5222002,41.4407434
807,Рилево,rilevo,village,21.3628749,41.486372
807,Горно Село,gorno selo,village,21.5334185,41.4201393
807,Сливје,slivje,village,21.3838383,41.4937539
807,Дреновци,drenovtsi,village,21.5436109,41.4688585
807,Забрчани,zabrchani,village,21.4974632,41.4280416
807,Подлес,podles,village,21.8195115,41.5281712
807,Горно Чичево,gorno chichevo,village,21.8624215,41.553539
807,Долно Чичево,dolno chichevo,village,21.8762241,41.5483603
807,Водоврати,vodovrati,village,21.8778871,41.5820911
807,Виничани,vinichani,village,21.8969737,41.6008032
807,Старо Градско,staro gradsko,neighbourhood,21.9624466,41.5716447
807,Уланци,ulantsi,village,21.9440671,41.5879085
807,Дабница,dabnitsa,village,21.5649377,41.3982576
807,Горно Јаболчиште,gorno jabolchishte,village,21.4861039,41.7243107
807,Долно Јаболчиште,dolno jabolchishte,village,21.5130976,41.7263285
807,Пагаруша,pagarusha,village,21.4970897,41.8849865
807,Долно Количани,dolno kolichani,village,21.4861039,41.8864022
807,Горно Количани,gorno kolichani,village,21.4709977,41.8794689
807,Вртекица,vrtekitsa,village,21.5113609,41.885888
807,Палиград,paligrad,village,21.4960594,41.8266247
807,Рамни Габер,ramni gaber,village,21.5194906,41.8642283
807,Осинчани,osinchani,village,21.3717336,41.8896404
807,Црн Врв,tsrn vrv,village,21.3768191,41.8123764
807,Црвена Вода,tsrvena voda,village,21.4589805,41.8582282
807,Малчиште,malchishte,village,21.3906049,41.8793755
807,Елово,elovo,village,21.3711865,41.8410376
807,Српци,srptsi,village,21.2109438,41.0859259
807,Лера,lera,village,21.1723874,41.1023223
807,Рамна,ramna,village,21.1858406,41.0897578
807,Белица,belitsa,village,21.3054107,41.6770885
807,Црешнево,tsreshnevo,village,21.2849992,41.643713
807,Локвица,lokvitsa,village,21.2745171,41.5750782
807,Крапа,krapa,village,21.3109008,41.5510821
807,Сопот,sopot,village,21.8657778,41.9001054
807,Преод,preod,village,21.8517874,41.9095596
807,Орел,orel,village,21.9759676,41.938481
807,Стањевци,stanjevtsi,village,21.9017026,41.9562198
807,Павлешенци,pavleshentsi,village,21.9015203,41.9990742
807,Долно Ѓуѓанци,dolno gjugjantsi,village,21.9557867,41.9667586
807,Малино,malino,village,21.8433485,41.9489829
807,Крушевица,krushevitsa,village,21.8839631,41.5332727
807,Ресава,resava,village,21.9776296,41.3882514
807,Бегниште,begnishte,village,21.9974777,41.3678431
807,Горно Ѓуѓанци,gorno gjugjantsi,village,21.9866491,41.9924346
807,Алакинци,alakintsi,village,21.8802257,41.9439732
807,Кокошиње,kokoshinje,village,21.9648696,42.0133709
807,Аџиматово,adzhimatovo,village,21.9400216,41.7998425
807,Ќоселари,kjoselari,village,21.9422318,41.7579027
807,Возарци,vozartsi,village,21.9242052,41.4286039
807,Трстеник,trstenik,village,21.9188898,41.4745286
807,Сирково,sirkovo,village,21.8901526,41.5058995
807,Шивец,shivets,village,21.9308551,41.4480476
807,Дреново,drenovo,village,21.8897422,41.4191065
807,Манастирец,manastirets,village,21.9439018,41.4876293
807,Раец,raets,village,21.847771,41.4247944
807,Смиловци,smilovtsi,village,21.6937098,41.4924552
807,Никодин,nikodin,village,21.7305094,41.4430138
807,Топлица,toplitsa,village,21.7418006,41.4007978
807,Ореовец,oreovets,village,21.635699,41.3876005
807,Крстец,krstets,village,21.6702801,41.4038057
807,Наколец,nakolets,village,21.1101532,40.8955071
807,Εθνικό,ethniko,hamlet,21.3553577,40.8707858
807,Курија,kurija,village,22.0142343,41.5268853
807,Паликура,palikura,village,21.975638,41.5368953
807,Марена,marena,village,22.0272806,41.4687873
807,Сопот,sopot,village,22.0240662,41.4907437
807,Дабниште,dabnishte,village,22.0135161,41.3784558
807,Мрежичко,mrezhichko,village,21.9963869,41.2103225
807,Рожден,rozhden,village,21.9537886,41.187533
807,Мајден,majden,village,21.9430383,41.1537342
807,Ногаевци,nogaevtsi,village,21.9050548,41.62887
807,Кочилари,kochilari,village,21.8634805,41.665324
807,Грнчиште,grnchishte,village,21.8221706,41.6235292
807,Камен Дол,kamen dol,village,21.8924325,41.479077
807,Дебриште,debrishte,village,21.8821979,41.4592613
807,Шешково,sheshkovo,village,21.9094632,41.3698319
807,Кесендре,kesendre,village,21.832313,41.3931599
807,Драдња,dradnja,village,21.9061703,41.3957918
807,Галиште,galishte,village,21.8645424,41.3201417
807,Бучалото,buchaloto,locality,21.689257,41.1615951
807,Скочивир,skochivir,village,21.6364051,40.9732752
807,Драгарино,dragarino,village,21.309402,41.0973003
807,Метимир,metimir,village,21.1452758,41.1387836
807,Могила,mogila,village,21.3790038,41.1080003
807,Габалавци,gabalavtsi,village,21.2419413,41.1342999
807,Лисолај,lisolaj,village,21.3014657,41.1487305
807,Црновец,tsrnovets,village,21.2247197,41.1571647
807,Ново Змирново,novo zmirnovo,village,21.3154719,41.1212308
807,Драгожани,dragozhani,village,21.2925259,41.1111373
807,Црнобуки,tsrnobuki,village,21.3242581,41.1243559
807,Подмол,podmol,village,21.5637771,41.1998367
807,Добрушево,dobrushevo,village,21.4811818,41.167245
807,Беранци,berantsi,village,21.3589777,41.1595375
807,Марул,marul,village,21.5491375,41.2301715
807,Вашарејца,vasharejtsa,village,21.4069794,41.1728565
807,Клепач,klepach,village,21.4594073,41.2044406
807,Ношпал,noshpal,village,21.4509694,41.1824272
807,Мусинци,musintsi,village,21.5366,41.1664315
807,Мојно,mojno,village,21.5657609,41.1498159
807,Будаково,budakovo,village,21.4761993,41.1391326
807,Дедебалци,dedebaltsi,village,21.4842182,41.1157814
807,Радобор,radobor,village,21.4416138,41.1179271
807,Далбеговци,dalbegovtsi,village,21.4736287,41.1090032
807,Кален,kalen,village,21.6459584,41.2575368
807,Кокре,kokre,village,21.6263937,41.29125
807,Чумово,chumovo,village,21.5694677,41.2823743
807,Селце,seltse,village,21.5736378,41.3261285
807,Волково,volkovo,village,21.5679444,41.3015294
807,Мало Рувци,malo ruvtsi,village,21.5150525,41.2625155
807,Долно Орехово,dolno orekhovo,village,21.5618434,41.0642437
807,Мегленци,meglentsi,village,21.5267601,41.0804202
807,Арматуш,armatush,village,21.5250251,41.0975764
807,Добромири,dobromiri,village,21.4555207,41.0703912
807,Горно Агларци,gorno aglartsi,village,21.4762016,41.0846869
807,Трн,trn,village,21.4120714,41.0729492
807,Долна Чарлија,dolna charlija,village,21.4380991,41.1406627
807,Долно Оризари,dolno orizari,village,21.3779297,41.0509759
807,Алинци,alintsi,village,21.505305,41.1516542
807,Карамани,karamani,village,21.396894,41.0641757
807,Битола,bitola,city,21.3302511,41.0316005
807,Раштани,rashtani,village,21.3254259,41.0527075
807,Долно Дупени,dolno dupeni,village,21.1192956,40.875423
807,Штрбово,shtrbovo,village,21.1025204,40.9267535
807,Крани,krani,village,21.108426,40.9390698
807,Асамати,asamati,village,21.051065,40.9862818
807,Сливница,slivnitsa,village,21.0809457,40.9592776
807,Арвати,arvati,village,21.1171474,40.9446044
807,Небрегово,nebregovo,village,21.5581763,41.4501245
807,Мрзен Ораовец,mrzen oraovets,village,21.8540392,41.483293
807,Марвинци,marvintsi,village,22.4986034,41.2836002
807,Пирава,pirava,village,22.532702,41.3198192
807,Леништа,lenishta,village,21.6222922,41.3608798
807,Радово,radovo,village,21.1680036,41.3213042
807,Брезово,brezovo,village,21.1238351,41.3419572
807,Лисичани,lisichani,village,21.0561228,41.4611802
807,Атишта,atishta,village,21.0382603,41.4541453
807,Вранештица,vraneshtitsa,village,21.0268331,41.4444302
807,Мало Црско,malo tsrsko,village,20.9991312,41.4028139
807,Големо Црско,golemo tsrsko,village,20.9937443,41.3996754
807,Големо Илино,golemo ilino,village,21.0009766,41.3131839
807,Велмевци,velmevtsi,village,21.0103083,41.3463356
807,Бабино,babino,village,21.0800771,41.2996082
807,Прострање,prostranje,village,20.9943676,41.3575714
807,Мало Илино,malo ilino,village,21.0376754,41.2988527
807,Базерник,bazernik,village,21.0480118,41.2818689
807,Слоештица,sloeshtitsa,village,21.0773123,41.2662017
807,Мренога,mrenoga,village,21.1078166,41.2560613
807,Боиште,boishte,village,21.1021924,41.1958345
807,Церово,tserovo,village,21.0917329,41.2161286
807,Вирово,virovo,village,21.0904765,41.2330326
807,Староец,staroets,village,20.9989381,41.4617912
807,Избишта,izbishta,village,21.0047304,41.1312403
807,Лева Река,leva reka,village,21.0064066,41.1586929
807,Кривени,kriveni,village,21.0238428,41.1400546
807,Јанковец,jankovets,village,21.0132491,41.1112952
807,Доленци,dolentsi,village,21.1555159,41.0838729
807,Ѓавато,gjavato,village,21.1351536,41.0802491
807,Кажани,kazhani,village,21.1481028,41.0664585
807,Николиќ,nikolikj,village,22.7475072,41.2636896
807,Дрвош,drvosh,village,22.7723533,41.4964435
807,Чанаклија,chanaklija,village,22.7318573,41.5151375
807,Хамзали,khamzali,hamlet,22.7559473,41.5032586
807,Гечерлија,gecherlija,village,22.7142518,41.4860855
807,Петралинци,petralintsi,village,22.726561,41.4703545
807,Нова Маала,nova maala,village,22.6999438,41.5258957
807,Пиперево,piperevo,village,22.6748126,41.4726781
807,Просениково,prosenikovo,village,22.6820733,41.4594047
807,Сарај,saraj,village,22.7024501,41.475765
807,Старо Балдовци,staro baldovtsi,village,22.7487928,41.4644692
807,Бориево,borievo,village,22.7659219,41.4216599
807,Водоча,vodocha,village,22.5920718,41.4497956
807,Градошорци,gradoshortsi,village,22.6241296,41.4823561
807,Добрејци,dobrejtsi,village,22.6523689,41.4619052
807,Василево,vasilevo,village,22.6439393,41.4742136
807,Доброшинци,dobroshintsi,village,22.6764863,41.5252949
807,Баница,banitsa,village,22.6100748,41.4462411
807,Ангелци,angeltsi,village,22.614774,41.4785944
807,Вељуса,veljusa,village,22.5678246,41.476601
807,Едрениково,edrenikovo,village,22.5875228,41.5059985
807,Седларци,sedlartsi,village,22.5837462,41.4897343
807,Попчево,popchevo,village,22.591976,41.4152234
807,Севендекли,sevendekli,village,22.6790171,41.2863651
807,Куртамзали,kurtamzali,village,22.6942328,41.2947578
807,Башибос,bashibos,village,22.6917179,41.3082213
807,Дурутли,durutli,village,22.6781427,41.2934848
807,Бајрамбос,bajrambos,isolated_dwelling,22.7051599,41.3098897
807,Црничани,tsrnichani,village,22.6545208,41.2357981
807,Калуѓерица,kalugjeritsa,village,22.5153828,41.5707248
807,Јаргулица,jargulitsa,village,22.5622555,41.5878279
807,Покрајчево,pokrajchevo,village,22.5719716,41.5731762
807,Ињево,injevo,village,22.4282294,41.6142705
807,Ракитец,rakitets,village,22.4251555,41.5431
807,Злеово,zleovo,village,22.6023722,41.5565321
807,Ораовица,oraovitsa,village,22.5136662,41.624513
807,Долни Липовиќ,dolni lipovikj,village,22.4580393,41.5041344
807,Дедино,dedino,village,22.4239207,41.5714463
807,Подареш,podaresh,village,22.5423766,41.6146317
807,Тополница,topolnitsa,village,22.3766375,41.6567131
807,Дамјан,damjan,village,22.3617888,41.6125782
807,Старо Владевци,staro vladevtsi,village,22.5907046,41.5199608
807,Сулдурци,suldurtsi,village,22.4856425,41.5823463
807,Воиславци,voislavtsi,village,22.4707938,41.5881242
807,Дукатино,dukatino,village,22.545319,41.5441998
807,Горни Липовиќ,gorni lipovikj,village,22.4928523,41.5106576
807,Габревци,gabrevtsi,village,22.378955,41.5644007
807,Радичево,radichevo,village,22.5688124,41.5389957
807,Сушево,sushevo,village,22.6292373,41.5288443
807,Козбунар,kozbunar,village,22.4722529,41.7259977
807,Штурово,shturovo,village,22.4763632,41.6803725
807,Коџалија,kodzhalija,village,22.4189521,41.6891214
807,Прналија,prnalija,village,22.4127293,41.6611057
807,Али Коч,ali koch,village,22.4285651,41.6788654
807,Бучим,buchim,village,22.339902,41.6713325
807,Τσολιάδες,tsoliades,hamlet,22.5543212,41.1265224
807,Порта,porta,locality,21.2558539,41.3645894
807,Радишани,radishani,village,21.4552092,42.0553297
807,Охрид,okhrid,city,20.8017715,41.1170203
807,Чучер-Сандево,chucher-sandevo,village,21.3868611,42.0994869
807,Љуботен,ljuboten,village,21.4703954,42.0948077
807,Љубанци,ljubantsi,village,21.4549542,42.105614
807,Глуво,gluvo,village,21.3984157,42.0862648
807,Побожје,pobozhje,village,21.4382132,42.1119633
807,Кучевиште,kuchevishte,village,21.4182962,42.1097412
807,Бразда,brazda,village,21.3990272,42.0795682
807,Бањане,banjane,village,21.3870753,42.1083085
807,Булачани,bulachani,village,21.5013105,42.0698317
807,Страчинци,strachintsi,village,21.5313084,42.0471771
807,Црешево,tsreshevo,village,21.5098936,42.0513199
807,Раштак,rashtak,village,21.4912683,42.0846436
807,Виниче,viniche,village,21.5217296,42.0533721
807,Чалакли,chalakli,village,22.6393053,41.3040867
807,Групчин,grupchin,village,21.1313431,41.9676587
807,Арнакија,arnakija,village,21.2886044,41.9870126
807,Буковиќ,bukovikj,village,21.2390208,41.9741621
807,Горно Свиларе,gorno svilare,village,21.2791995,42.0435973
807,Копаница,kopanitsa,village,21.2384894,42.0069949
807,Рашче,rashche,village,21.2514606,42.0234793
807,Бојане,bojane,village,21.1924412,42.0000029
807,Грачани,grachani,hamlet,21.2940648,42.0878135
807,Скупи,skupi,locality,21.391524,42.0166879
807,Делисинци,delisintsi,village,21.9955805,41.7823618
807,Богословец,bogoslovets,village,22.0211753,41.7729685
807,Кадрифаково,kadrifakovo,village,22.0463253,41.8088521
807,Мустафино,mustafino,village,22.0764519,41.8400008
807,Ерџелија,erdzhelija,village,22.0377422,41.8346292
807,Луково,lukovo,village,22.2447186,42.0473013
807,Јамиште,jamishte,hamlet,22.2894511,42.0582888
807,Мушково,mushkovo,village,22.2492779,42.0949982
807,Старо Мушково,staro mushkovo,neighbourhood,22.2749519,42.101327
807,Куново,kunovo,neighbourhood,22.2488857,42.0709346
807,Барабанова Чука,barabanova chuka,locality,22.3070532,42.0413902
807,Ваљановец Маала,valjanovets maala,hamlet,22.231578,42.0906147
807,Ратковица,ratkovitsa,locality,22.3051405,42.0074005
807,Раткова Скала,ratkova skala,locality,22.3178884,42.0062978
807,Бакова Глава,bakova glava,locality,22.3295164,42.0351375
807,Ораовица,oraovitsa,locality,22.3566091,42.0086137
807,Кaчаник,kachanik,locality,22.4356162,42.0311972
807,Суво Брдо,suvo brdo,locality,22.3915421,42.0274249
807,Оземница,ozemnitsa,locality,22.3832166,42.011356
807,Лисo Брдо,liso brdo,hamlet,22.4046098,42.0356438
807,Висока Маала,visoka maala,village,22.6848398,41.5554128
807,Немањици,nemanjitsi,village,22.0108114,41.9160702
807,Лопен,lopen,locality,22.3808703,42.0835085
807,Стануловци,stanulovtsi,village,22.092093,41.8822109
807,Пресека,preseka,hamlet,22.5010084,42.0005802
807,Требичино,trebichino,village,22.5461374,41.5162216
807,Судик,sudik,hamlet,22.1253095,41.8650827
807,Мечкуевци,mechkuevtsi,village,22.0623098,41.9173157
807,Пестришно,pestrishno,village,22.1337209,41.9091082
807,Ранченци,ranchentsi,village,22.0499502,41.9249474
807,Корито,korito,village,21.0272098,41.8057375
807,Копачин Дол,kopachin dol,village,21.1392189,41.9589115
807,Орланци,orlantsi,village,21.5929199,42.0477588
807,Стенче,stenche,village,21.0035205,41.8767148
807,Добарце,dobartse,village,21.0890937,41.9547627
807,Мерово,merovo,village,21.1744953,41.9373986
807,Ново Село,novo selo,village,21.158651,41.9634757
807,Семениште,semenishte,village,21.2610126,41.9670169
807,Бродец,brodets,village,21.443832,42.1414464
807,Рогле,rogle,village,21.1660839,41.9682932
807,Горна Матка,gorna matka,village,21.2865043,41.9691866
807,Мојанци,mojantsi,village,21.571783,42.0465845
807,Паничари,panichari,village,21.2109733,41.9536776
807,Горна Лешница,gorna leshnitsa,village,21.0633445,41.9278846
807,Црешнево,tsreshnevo,hamlet,21.4889118,41.6336543
807,Гургурница,gurgurnitsa,village,21.105423,41.844887
807,Чифлик,chiflik,village,21.1211944,41.9513796
807,Блаце,blatse,village,21.0219741,41.894351
807,Чајлане,chajlane,village,21.2540603,41.9625495
807,Раовиќ,raovikj,village,21.217355,41.9435566
807,Блаце,blatse,village,21.6658181,41.8716036
807,Кожле,kozhle,village,21.6822118,41.8406622
807,Летевци,letevtsi,village,21.7046994,41.8487186
807,С'лп,s'lp,village,21.6852158,41.7809745
807,Белештевица,beleshtevitsa,village,21.6978807,41.7632939
807,Гумалево,gumalevo,hamlet,21.6024267,41.83444
807,Башино Село,bashino selo,village,21.7597437,41.7484
807,Ветерско,vetersko,hamlet,21.7046994,41.8234589
807,Алашевце,alashevtse,village,21.5903729,42.1857279
807,Кнежје,knezhje,village,21.9058026,41.8471264
807,Карабуниште,karabunishte,village,21.6540671,41.8095615
807,Дорфулија,dorfulija,village,21.8934411,41.7658679
807,Бадар,badar,village,21.6900223,41.8652759
807,Лисиче,lisiche,village,21.6061285,41.6762747
807,’Рлевци,'rlevtsi,village,21.6404457,41.7353081
807,Дреново,drenovo,village,21.5720537,41.7295265
807,Папрадиште,papradishte,hamlet,21.0262374,41.6484996
807,Жубрино,zhubrino,village,21.0108594,41.5869131
807,Крушица,krushitsa,village,21.0532661,41.5248955
807,Орланци,orlantsi,village,21.0391041,41.5028511
807,Јагол,jagol,village,21.0069176,41.6272428
807,Вир,vir,village,21.2765976,41.6035645
807,Поповјани,popovjani,village,21.0079475,41.6142818
807,Осломеј,oslomej,neighbourhood,20.9976908,41.576014
807,Арангел,arangel,village,21.0230952,41.5959016
807,Речани-Челопечко,rechani-chelopechko,village,21.0689732,41.5080576
807,Седларево,sedlarevo,village,21.1290422,41.8825105
807,Ларце,lartse,village,21.1264673,41.93358
807,Луковица,lukovitsa,village,21.1548933,41.8900586
807,Дрење,drenje,locality,21.6973146,41.8730379
807,Патетино,patetino,village,22.0616082,41.9533026
807,Градманци,gradmantsi,village,21.7232269,41.8992635
807,Катлановска Бања,katlanovska banja,locality,21.696775,41.9005046
807,Крушје,krushje,village,21.7670666,41.876831
807,Главовица,glavovitsa,village,22.4772359,42.0472162
807,Скорово,skorovo,hamlet,22.4354787,42.0088317
807,Три Круши,tri krushi,locality,21.5226047,41.9288656
807,Маркова Сушица,markova sushitsa,village,21.4081405,41.8995755
807,Крилатица,krilatitsa,village,22.1199857,42.1260719
807,Кетеново,ketenovo,village,22.0888935,42.105109
807,Младо Нагоричане,mlado nagorichane,village,21.8274679,42.1612101
807,Костоперска Карпа,kostoperska karpa,locality,21.8099596,42.17092
807,Старо Нагоричане,staro nagorichane,village,21.8294161,42.1990188
807,Врачевце,vrachevtse,hamlet,21.8784448,42.2386832
807,Жегљане,zhegljane,village,21.910592,42.2710706
807,Драгоманце,dragomantse,village,21.868424,42.219315
807,Кокино,kokino,village,21.9405663,42.2586171
807,Стрновац,strnovats,village,21.8711989,42.2005465
807,Радовиш,radovish,town,22.4645893,41.639832
807,Миладиновци,miladinovtsi,village,21.6488932,41.978489
807,Ајватовци,ajvatovtsi,village,21.6102498,42.0052989
807,Видуше,vidushe,village,20.590884,41.6596915
807,Нистрово,nistrovo,village,20.6371623,41.7341424
807,Волковија,volkovija,village,20.6652453,41.7140589
807,Сенце,sentse,village,20.6585342,41.6825932
807,Жировница,zhirovnitsa,village,20.5865058,41.6746101
807,Рибница,ribnitsa,village,20.6100398,41.7198576
807,Нивиште,nivishte,village,20.5915004,41.7306195
807,Ничпур,nichpur,village,20.6732971,41.7436212
807,Тануше,tanushe,village,20.572446,41.7225482
807,Бибање,bibanje,village,20.6279355,41.7319646
807,Јанче,janche,village,20.6273264,41.587362
807,Аџиевци,adzhievtsi,village,20.6132502,41.5895447
807,Присојница,prisojnitsa,village,20.6101603,41.5815199
807,Скудриње,skudrinje,village,20.6098362,41.565131
807,Осој,osoj,village,20.64475,41.5293665
807,Могорче,mogorche,village,20.6238859,41.5315595
807,Долно Косоврасти,dolno kosovrasti,village,20.584175,41.5397427
807,Баланци,balantsi,village,20.5497534,41.4840882
807,Мал Папрадник,mal papradnik,village,20.5482076,41.4717612
807,Кочишта,kochishta,locality,20.5892176,41.4636653
807,Голем Папрадник,golem papradnik,village,20.5454373,41.4778985
807,Праленик,pralenik,village,20.5487484,41.4592191
807,Долно Мелничани,dolno melnichani,village,20.5725879,41.5171892
807,Житинени,zhitineni,village,20.5734124,41.4711585
807,Горно Мелничани,gorno melnichani,village,20.5873864,41.5196917
807,Горенци,gorentsi,village,20.5576319,41.5011527
807,Бајрамовци,bajramovtsi,village,20.5707121,41.4804511
807,Коџаџик / Свети Град,kodzhadzhik sveti grad,village,20.6004983,41.4416753
807,Оџовци,odzhovtsi,village,20.5630619,41.4862429
807,Броштица,broshtitsa,village,20.5846685,41.492024
807,Долгаш,dolgash,village,20.5880159,41.422874
807,Осолница,osolnitsa,locality,20.5614073,41.4554642
807,Гари,gari,village,20.6832416,41.5020411
807,Селци,seltsi,village,20.6225982,41.3990364
807,Новак,novak,village,20.6177992,41.437482
807,Брештани,breshtani,village,20.5841536,41.4559466
807,Бомово,bomovo,locality,20.4783651,41.5044312
807,Селокуќи,selokukji,village,20.4857186,41.5356712
807,Баниште,banishte,village,20.5291944,41.5585426
807,Коњари,konjari,locality,20.4805259,41.5235272
807,Рајчица,rajchitsa,village,20.5456217,41.5160074
807,Спас,spas,village,20.4816431,41.5507725
807,Хаме,khame,village,20.5228914,41.545812
807,Сушица,sushitsa,locality,20.489567,41.5161931
807,Џепиште,dzhepishte,village,20.5332779,41.4434338
807,Раички,raichki,hamlet,20.5397181,41.5146208
807,Влаовци,vlaovtsi,hamlet,20.5452422,41.5189324
807,Отишани,otishani,village,20.519269,41.4476129
807,Шулан,shulan,hamlet,20.4879931,41.5422242
807,Татар Елевци,tatar elevtsi,village,20.547388,41.5289248
807,Таранеш,taranesh,hamlet,20.4787554,41.5387118
807,Долно Лисиче,dolno lisiche,village,21.5354436,41.9553265
807,Режановце,rezhanovtse,village,21.6752771,42.1574362
807,Лопате,lopate,village,21.6641708,42.1495799
807,Оризари,orizari,village,21.6164551,42.1625653
807,Опае,opae,village,21.6548273,42.1606481
807,Долна Бошава,dolna boshava,village,22.1062036,41.2947202
807,Крњево,krnjevo,village,22.1276881,41.3081925
807,Конопиште,konopishte,village,22.0762433,41.2479989
807,Горна Бошава,gorna boshava,village,22.1080114,41.2831559
807,Бохула,bokhula,village,22.1610762,41.2877834
807,Чемерско,chemersko,village,22.1417214,41.2935876
807,Горни Манастирец,gorni manastirets,village,21.1951763,41.6168255
807,Добри Дол,dobri dol,village,21.4048967,41.9272134
807,Сопиште,sopishte,village,21.4259789,41.9548849
807,Горно Соње,gorno sonje,village,21.3851128,41.9486978
807,Чифлик,chiflik,village,21.35254,41.9472615
807,Говрлево,govrlevo,village,21.3447723,41.9337584
807,Света Петка,sveta petka,village,21.3337592,41.9409215
807,Барово,barovo,village,21.3445578,41.9450271
807,Долно Соње,dolno sonje,village,21.3796625,41.9410051
807,Ракотинци,rakotintsi,village,21.4141879,41.9396963
807,Смрдлива Вода,smrdliva voda,locality,22.2825627,41.190428
807,Радња,radnja,village,22.2192035,41.2754334
807,Полог,polog,village,21.6159188,41.008551
807,Чифлик,chiflik,hamlet,22.2220181,41.3909354
807,Бесвица,besvitsa,village,22.1830938,41.3839003
807,Барово,barovo,village,22.1403956,41.3446218
807,Криволак,krivolak,village,22.1214028,41.5272796
807,Пепелиште,pepelishte,village,22.1283551,41.5189418
807,Раброво,rabrovo,village,22.5795184,41.3211187
807,Тимјаник,timjanik,village,22.0821935,41.4683458
807,Долни Дисан,dolni disan,village,22.0951754,41.4291019
807,Прждево,przhdevo,village,22.1664149,41.4202849
807,Вешје,veshje,village,22.1369642,41.3857935
807,Горни Дисан,gorni disan,village,22.1076332,41.3924188
807,Гарниково,garnikovo,village,22.0379551,41.334799
807,Брушани,brushani,village,21.9543957,41.4006664
807,Глишиќ,glishikj,suburb,22.0247418,41.4527598
807,Ваташа,vatasha,suburb,22.0190877,41.4164453
807,Добротино,dobrotino,village,21.9344582,41.3742219
807,Драгожел,dragozhel,village,22.0173975,41.3227072
807,Кошани,koshani,village,22.0149245,41.356165
807,Праведник,pravednik,village,21.9337344,41.3421995
807,Пештани,peshtani,village,21.6716339,41.2799257
807,Скачковце,skachkovtse,village,21.8241467,42.047454
807,Колицко,kolitsko,village,21.8154135,42.0169326
807,Орашац,orashats,village,21.7996249,42.0627395
807,Студена Бара,studena bara,village,21.7262568,42.0235481
807,Рибарци,ribartsi,village,21.4684801,41.0174961
807,Гнеотино,gneotino,village,21.4853791,40.9841848
807,Бач,bach,village,21.5576218,40.9317045
807,Гермијан,germijan,village,21.5309179,40.917396
807,Живојно,zhivojno,village,21.5955141,40.9061842
807,Колешино,koleshino,village,22.81533,41.3801385
807,Собри,sobri,village,22.6346058,41.2931948
807,Сретеново,sretenovo,village,22.7315728,41.1726082
807,Казандол,kazandol,village,22.5729718,41.2748643
807,Дедели,dedeli,village,22.605262,41.2839231
807,Ѓопчели,gjopcheli,village,22.6650788,41.2559212
807,Прстен,prsten,village,22.661567,41.3164539
807,Корешница,koreshnitsa,village,22.2376225,41.4347556
807,Бистренци,bistrentsi,village,22.2019813,41.4482512
807,Војшанци,vojshantsi,village,22.1652458,41.4756199
807,Тремник,tremnik,village,22.153487,41.4395976
807,Текија,tekija,village,21.666011,42.0073262
807,Брзак,brzak,village,21.6760961,42.0651777
807,Дељадровци,deljadrovtsi,village,21.6699163,42.0150746
807,Бучинци,buchintsi,village,21.6410343,42.0327045
807,Бујковци,bujkovtsi,village,21.6498748,42.003914
807,Агино Село,agino selo,village,21.6810314,42.0479622
807,Мршевци,mrshevtsi,village,21.6546813,42.0169877
807,Романовце,romanovtse,village,21.6927902,42.0948003
807,Грчиште,grchishte,village,22.4981384,41.2568306
807,Длабочица,dlabochitsa,village,22.049596,42.2932151
807,Рамно,ramno,village,21.9811046,42.2818033
807,Буковљане,bukovljane,village,21.9910546,42.3081092
807,Арбанашко,arbanashko,village,21.9782232,42.2635027
807,П’клиште,p'klishte,village,22.0576806,42.2595639
807,Петралица,petralitsa,village,22.1826544,42.2122463
807,Герман,german,village,22.1039047,42.2781117
807,Псача,psacha,village,22.2019104,42.1673903
807,Отошница,otoshnitsa,village,22.0797005,42.1971463
807,Ветуница,vetunitsa,village,22.090322,42.1549584
807,Гулинци,gulintsi,hamlet,22.0637339,42.2160673
807,Станча,stancha,village,22.0838311,42.2354218
807,Љубинци,ljubintsi,village,22.1440927,42.1701225
807,Радибуш,radibush,village,22.1097063,42.2003673
807,Осиче,osiche,village,22.3056905,42.249986
807,Лозаново,lozanovo,hamlet,22.3312252,42.2285478
807,Огут,ogut,village,22.2236042,42.2939438
807,Голема Црцорија,golema tsrtsorija,village,22.3341863,42.3145691
807,Туралево,turalevo,village,22.1255422,42.080135
807,Филиповци,filipovtsi,neighbourhood,22.082541,42.052561
807,Татомир,tatomir,village,21.996603,42.0330879
807,Живалево,zhivalevo,village,22.1168358,42.0916368
807,Пашаџиково,pashadzhikovo,hamlet,22.3585512,41.9894253
807,Страцин,stratsin,village,22.0322307,42.1511009
807,Мождивњак,mozhdivnjak,village,22.2451445,42.1612813
807,Каврак,kavrak,village,22.2722262,42.1204765
807,Карпош 1,karposh 1,suburb,21.4133001,42.0037895
807,Карпош 2,karposh 2,suburb,21.4079632,42.0042459
807,Козле,kozle,suburb,21.4019729,41.9936484
807,Бутел 2,butel 2,suburb,21.4493949,42.0229218
807,Близанци,blizantsi,village,22.217133,42.0517169
807,Којково,kojkovo,village,22.2709757,42.0831533
807,Кнежево,knezhevo,isolated_dwelling,22.306336,42.1141424
807,Нежилово,nezhilovo,village,22.229432,42.1138347
807,Баштево,bashtevo,village,22.241053,42.2275982
807,Б'с,b's,village,22.3876518,42.1877996
807,Борово,borovo,hamlet,22.422026,42.0528856
807,Чаир,chair,suburb,21.4433032,42.0140138
807,Дексион,deksion,suburb,21.3362906,42.0087478
807,Дуќанџик,dukjandzhik,suburb,21.4363674,42.0060758
807,Капиштец,kapishtets,suburb,21.416467,41.9917776
807,Центар,tsentar,suburb,21.4302494,41.9942955
807,Ново Лисиче,novo lisiche,suburb,21.4768374,41.9843691
807,Јане Сандански,jane sandanski,suburb,21.4681244,41.9882923
807,Хиподром 1,khipodrom 1,suburb,21.5103173,41.9949655
807,Маџари,madzhari,suburb,21.4987851,41.9971418
807,Маџир Маало,madzhir maalo,suburb,21.4456513,41.9941444
807,Пржино,przhino,suburb,21.4306334,41.977151
807,Мичурин,michurin,suburb,21.4467896,41.9872838
807,Острово,ostrovo,suburb,21.4521151,41.9907327
807,Црниче,tsrniche,suburb,21.4289947,41.9839106
807,11 Октомври,11 oktomvri,suburb,21.4500403,41.9784601
807,Цветан Димов,tsvetan dimov,suburb,21.4370507,41.983365
807,Крушопек,krushopek,village,21.3457131,41.9975293
807,Горно Нерези,gorno nerezi,village,21.3730866,41.9783955
807,Горно Крушопек,gorno krushopek,village,21.3550319,41.9778831
807,Долни Грчец,dolni grchets,hamlet,21.3298558,41.9912327
807,Дворце,dvortse,village,21.1687232,42.0987797
807,Ласкарци,laskartsi,village,21.2103415,41.9714279
807,Шишево,shishevo,village,21.3100391,41.9755453
807,Кучково,kuchkovo,village,21.3061945,42.0575088
807,Беловиште,belovishte,village,21.1039796,42.1363291
807,Вратница,vratnitsa,village,21.1161246,42.1427652
807,Србиново,srbinovo,village,20.960294,41.7073625
807,Растеш,rastesh,village,21.1040126,41.7468999
807,Ново Село,novo selo,village,20.8297138,41.7339494
807,Драслајца,draslajtsa,village,20.6925777,41.215967
807,Биџово,bidzhovo,village,20.6992983,41.2303665
807,Горно Татеши,gorno tateshi,village,20.6773471,41.261045
807,Мислодежда,mislodezhda,village,20.6907152,41.3009464
807,Мислешево,misleshevo,village,20.7098555,41.1861346
807,Долно Татеши,dolno tateshi,village,20.6891917,41.2585322
807,Речани,rechani,hamlet,22.4432268,41.9828212
807,Рамно Брдо,ramno brdo,hamlet,22.3988202,42.0527096
807,Бабиште,babishte,hamlet,22.4131861,42.018588
807,Каширо,kashiro,hamlet,22.3870238,42.0501961
807,Грушино,grushino,village,21.6206458,42.0609776
807,Вранинци,vranintsi,hamlet,22.4384149,41.9604819
807,Другово,drugovo,village,20.9308016,41.4871695
807,Калишта,kalishta,village,20.6498872,41.1529555
807,Радожда,radozhda,village,20.6331544,41.1045491
807,Туин,tuin,village,21.0455287,41.6199112
807,Бороец,boroets,village,20.5983298,41.2878094
807,Јабланица,jablanitsa,village,20.5732726,41.3197847
807,Лакаица,lakaitsa,village,20.5326693,41.3253177
807,Пискупштина,piskupshtina,village,20.6068861,41.3214124
807,Горна Белица,gorna belitsa,village,20.5564395,41.2251747
807,Велгошти,velgoshti,village,20.8373307,41.1325606
807,Ложани,lozhani,village,20.6748532,41.2261185
807,Ливоишта,livoishta,village,20.8145426,41.2021644
807,Долно Лакочереј,dolno lakocherej,village,20.7947093,41.1591751
807,Мешеишта,mesheishta,village,20.7744533,41.2386102
807,Косел,kosel,village,20.8342773,41.1736485
807,Коњско,konjsko,village,20.8135541,41.0511826
807,Мороишта,moroishta,village,20.7027602,41.2024717
807,Требеништа,trebenishta,village,20.7526523,41.207558
807,Подмоље,podmolje,village,20.7526523,41.1624707
807,Рамне,ramne,village,20.8373672,41.109075
807,Горенци,gorentsi,village,20.757373,41.190444
807,Велестово,velestovo,village,20.8282044,41.0832086
807,Волино,volino,village,20.740636,41.2208587
807,Корошишта,koroshishta,village,20.7465583,41.2491942
807,Елшани,elshani,village,20.8165961,41.0263101
807,Оровник,orovnik,village,20.7539397,41.1737777
807,Горно Лакочереј,gorno lakocherej,village,20.8049232,41.1708704
807,Ливада,livada,village,20.7232124,41.2318329
807,Шипокно,shipokno,hamlet,20.8127338,41.0764733
807,Октиси,oktisi,village,20.6054527,41.231962
807,Долна Белица,dolna belitsa,village,20.6351566,41.2119465
807,Заграчани,zagrachani,village,20.6276828,41.1922525
807,Радолишта,radolishta,village,20.6225749,41.1642654
807,Франгово,frangovo,village,20.6251937,41.144957
807,Вишни,vishni,village,20.5929661,41.194123
807,Ташмаруништа,tashmarunishta,village,20.6431422,41.264883
807,Жилче,zhilche,village,21.0619479,42.0312357
807,Бистрица,bistritsa,village,21.3677085,40.9801868
807,Паралово,paralovo,village,21.5535691,41.0421466
807,Присад,prisad,village,21.6060879,41.4160641
807,Габрово,gabrovo,village,22.4015467,41.2858245
807,Петрово,petrovo,village,22.3835652,41.2954014
807,Милетково,miletkovo,village,22.4625938,41.2835027
807,Брајковци,brajkovtsi,village,22.5230882,41.2922796
807,Балинци,balintsi,village,22.5144193,41.2886681
807,Варвара,varvara,village,21.4370915,41.9115523
807,Коломот,kolomot,locality,21.1941203,41.8025876
807,Лаг,lag,village,21.2312549,41.6345953
807,Рабетино,rabetino,village,21.0668208,41.5443286
807,Долно Крушје,dolno krushje,village,21.1452417,41.5944026
807,Брест,brest,village,21.1578159,41.7253447
807,Дупјани,dupjani,village,21.072947,41.5417024
807,Ново Село,novo selo,neighbourhood,21.0529007,41.5865646
807,Светораче,svetorache,village,21.0707835,41.527868
807,Близанско,blizansko,village,21.1599707,41.7595794
807,Слатина,slatina,village,21.1865203,41.5819093
807,Рамне,ramne,village,21.1719185,41.6796448
807,Брезница,breznitsa,village,21.2274418,41.7364712
807,Горно Крушје,gorno krushje,village,21.1312083,41.5825265
807,Селиште,selishte,hamlet,21.2617359,41.7562548
807,Мелница,melnitsa,village,21.7831857,41.1652503
807,Пеширово,peshirovo,village,21.984385,41.8223756
807,Градец,gradets,village,20.9027157,41.8982705
807,Сенокос,senokos,village,20.8903065,41.8816612
807,Неготино,negotino,village,20.8838212,41.8783524
807,Коњско,konjsko,village,20.9873524,40.9109331
807,Смиланци,smilantsi,village,22.605181,41.6965863
807,Каратманово,karatmanovo,village,21.8678375,41.7633643
807,Лупште,lupshte,village,21.1312397,41.658615
807,Селце,seltse,village,20.7129229,41.5730451
807,Мали Влај,mali vlaj,village,20.6170791,41.1196963
807,Шум,shum,village,20.6344682,41.1839114
807,Глобочица,globochitsa,village,20.642842,41.3164283
807,Нерези,nerezi,village,20.6006312,41.3372191
807,Модрич,modrich,village,20.5723614,41.366081
807,Луково,lukovo,village,20.6083699,41.3556757
807,Дренок,drenok,village,20.5623107,41.3892275
807,Буринец,burinets,village,20.6172714,41.3961301
807,Извор,izvor,village,20.8214098,41.4802737
807,Нерав,nerav,village,22.1681249,42.2888569
807,Луке,luke,village,22.2857671,42.325333
807,Калиманци,kalimantsi,village,22.629838,41.9653121
807,Оптичари,optichari,village,21.420434,40.9892751
807,Поешево,poeshevo,village,21.3912504,41.0156354
807,Кишава,kishava,village,21.3128758,40.8876079
807,Острец,ostrets,village,21.3009972,40.9297689
807,Граешница,graeshnitsa,village,21.3432598,40.9009491
807,Сенокос,senokos,village,21.4698379,41.4142034
807,Калаузлија,kalauzlija,village,22.3334827,41.7857207
807,Загорци,zagortsi,village,22.3041549,41.5483794
807,Конче,konche,village,22.3854735,41.4956527
807,Скоруша,skorusha,village,22.3245388,41.5431044
807,Лубница,lubnitsa,village,22.3663821,41.5021134
807,Гарван,garvan,village,22.2898544,41.5593025
807,Рич,rich,village,22.5194504,41.4427241
807,Џидимирци,dzhidimirtsi,village,21.7924565,41.8959003
807,Белановце,belanovtse,village,21.5625788,42.2346737
807,Злокуќане,zlokukjane,village,21.5417756,42.2475092
807,Куратица,kuratitsa,village,20.8915615,41.2427689
807,Речица,rechitsa,village,20.9406566,41.2132683
807,Гопеш,gopesh,village,21.1217594,41.1196436
807,Вапила,vapila,village,20.8314413,41.1932543
807,Ботун,botun,village,20.789394,41.2864006
807,Белчишта,belchishta,village,20.8312654,41.3027939
807,Плаќе,plakje,village,20.972929,41.2190146
807,Брежани,brezhani,village,20.9613236,41.2716381
807,Завој,zavoj,village,20.907526,41.1906659
807,Сирула,sirula,village,20.8450412,41.2347011
807,Расино,rasino,village,20.8592465,41.2047548
807,Свиништа,svinishta,village,20.9438324,41.2026139
807,Горно Кратово,gorno kratovo,hamlet,22.2066653,42.093576
807,Клечевце,klechevtse,village,21.856141,42.1163072
807,Бељаковце,beljakovtse,village,21.9320853,42.1142016
807,Равен,raven,village,20.8568692,41.7806688
807,Здуње,zdunje,village,20.8763624,41.7934723
807,Здуње,zdunje,village,21.1530667,41.8019274
807,Вруток,vrutok,village,20.8378148,41.7678667
807,Челeвец,chelevets,village,22.2777728,41.4241001
807,Костинци,kostintsi,village,21.4072054,41.5008679
807,Долна Душегубица,dolna dushegubitsa,village,20.8135792,41.490802
807,Тајмиште,tajmishte,village,20.8585378,41.6400652
807,Буриловци,burilovtsi,village,22.0656407,41.8804873
807,Макреш,makresh,village,21.8817281,42.1762991
807,Строиманци,stroimantsi,village,22.0111424,41.9938881
807,Бекирлија,bekirlija,hamlet,21.9406499,41.6802341
807,Кишино,kishino,hamlet,21.9117035,41.7088583
807,Сопот,sopot,village,21.7178824,41.7840994
807,Горно Оризари,gorno orizari,village,21.7344184,41.6863819
807,Горно Каласлари,gorno kalaslari,village,21.8385388,41.697386
807,Новачани,novachani,village,21.7465711,41.7672992
807,Згрополци,zgropoltsi,locality,21.8770626,41.6559523
807,Убого,ubogo,locality,21.9480872,41.6408244
807,Плевење,plevenje,village,21.6164963,41.5767798
807,Степанци,stepantsi,village,21.6511653,41.4949297
807,Рибарци,ribartsi,village,21.9618988,41.5091304
807,Бунарче,bunarche,village,22.0815043,41.3364652
807,Грбовец,grbovets,locality,21.8736667,41.3845852
807,Клиново,klinovo,locality,21.9440089,41.2380795
807,Страгово,stragovo,village,22.1045606,41.3243846
807,Ржаново,rzhanovo,village,20.6666713,41.3735551
807,Пештерница,peshternitsa,isolated_dwelling,22.2108997,41.5391121
807,Дуброво,dubrovo,village,22.1461096,41.4703899
807,Црвени Брегови,tsrveni bregovi,village,22.0875438,41.5385173
807,Калањево,kalanjevo,village,22.2646632,41.5053987
807,Брусник,brusnik,village,21.2855217,41.0233689
807,Џидимирци,dzhidimirtsi,village,22.0588198,41.5496551
807,Брусник,brusnik,village,22.2061697,41.5116816
807,Липа,lipa,village,22.2461775,41.4786696
807,Кошарка,kosharka,village,22.3151555,41.40108
807,Драчевица,drachevitsa,hamlet,22.1965482,41.3499812
807,Дрен,dren,hamlet,22.2461905,41.3669166
807,Добрино,dobrino,village,21.6087188,41.7981935
807,Никиштане,nikishtane,village,21.336069,42.0667045
807,Дејковец,dejkovets,village,21.5650653,41.7916473
807,Тисовица,tisovitsa,hamlet,21.5394019,41.8209495
807,Радуша,radusha,village,21.2107069,42.0837036
807,Ќојлија,kjojlija,village,21.6246398,41.9443402
807,Рудник Радуша,rudnik radusha,hamlet,21.2214651,42.0818258
807,Усје,usje,village,21.4565342,41.9568408
807,Патишка Река,patishka reka,village,21.3175804,41.7994211
807,Држилово,drzhilovo,village,21.3478357,41.8501893
807,Јаболци,jaboltsi,village,21.3311416,41.8947202
807,Цветово,tsvetovo,village,21.4103202,41.8579771
807,Умово,umovo,village,21.4296052,41.8687938
807,Драчевица,drachevitsa,village,21.4417771,41.8822008
807,Калдирец,kaldirets,village,21.45919,41.8328809
807,Горњане,gornjane,village,21.3772596,42.1107351
807,Блаце,blatse,village,21.3316956,42.1529896
807,Брест,brest,hamlet,21.5051787,42.2015009
807,Едеклерци,edeklertsi,locality,22.0576715,41.6946423
807,Кошево,koshevo,hamlet,22.3487132,41.702603
807,Калапетровци,kalapetrovtsi,hamlet,22.3092525,41.7046857
807,Никоман,nikoman,hamlet,22.2897475,41.7311772
807,Пенуш,penush,village,22.1076148,41.7119583
807,Почивало,pochivalo,hamlet,22.3839896,41.7047658
807,Липов Дол,lipov dol,hamlet,22.2448258,41.7064238
807,Степанци,stepantsi,village,22.2165554,41.6108204
807,Суво Грло,suvo grlo,village,22.2312753,41.6068255
807,Танатарци,tanatartsi,hamlet,22.2799199,41.6507239
807,Хаџи Сејдели,khadzhi sejdeli,village,22.0807338,41.6423138
807,Чифлик,chiflik,hamlet,22.2739923,41.6706663
807,Шопур,shopur,isolated_dwelling,22.3005247,41.6353299
807,Вртешка,vrteshka,village,22.4185276,41.7593114
807,Кучица,kuchitsa,village,22.3814917,41.7420302
807,Муратлија,muratlija,village,22.3875279,41.7503694
807,Јунузлија,junuzlija,hamlet,22.3516655,41.7755158
807,Долно Трогерци,dolno trogertsi,hamlet,22.1722862,41.8386792
807,Горно Трогерци,gorno trogertsi,hamlet,22.1706593,41.8571394
807,Ебеплија,ebeplija,village,22.3696471,41.7598636
807,Голем Габер,golem gaber,village,22.3040832,41.7510516
807,Кепекчелија,kepekchelija,village,22.3367112,41.7798928
807,Кучилат,kuchilat,hamlet,22.3152142,41.7747752
807,Курфалија,kurfalija,hamlet,22.3239644,41.7612543
807,Нов Караорман,nov karaorman,village,22.2149096,41.7905265
807,Припечани,pripechani,village,22.3694693,41.8035
807,Руљак,ruljak,village,22.3298295,41.8022253
807,Оџалија,odzhalija,hamlet,22.3288177,41.7548799
807,Мал Габер,mal gaber,village,22.3159307,41.7476383
807,Прналија,prnalija,village,22.3899506,41.755296
807,Црвена Нива,tsrvena niva,hamlet,22.3904688,41.9487849
807,Јастребник,jastrebnik,village,22.4180146,42.0045646
807,Ново Село,novo selo,hamlet,22.4466681,42.0496945
807,Костин Дол,kostin dol,village,22.4538715,42.020593
807,Небојани,nebojani,hamlet,22.4580707,42.0602481
807,Калниште,kalnishte,village,22.1897918,41.997694
807,Крушево,krushevo,village,22.6215524,41.8950739
807,Грљани,grljani,village,22.6106728,41.940643
807,Костин Дол,kostin dol,hamlet,22.6482296,42.0536902
807,Саса,sasa,village,22.5430924,42.0959217
807,Цера,tsera,hamlet,22.4876995,42.071389
807,Виничка Кршла,vinichka krshla,village,22.5551676,41.9096106
807,Тодоровци,todorovtsi,hamlet,22.6202006,42.0002295
807,Косевица,kosevitsa,hamlet,22.6213738,42.0559519
807,Моштица,moshtitsa,village,22.5770471,42.0712305
807,Дулица,dulitsa,hamlet,22.5740826,41.9822875
807,Вратиславци,vratislavtsi,hamlet,22.6707167,42.0302168
807,Трстија,trstija,hamlet,22.6451295,41.9349443
807,Киселица,kiselitsa,village,22.7510106,42.0171959
807,Турија,turija,village,22.6509681,41.9503925
807,Полето,poleto,village,22.7737843,41.984979
807,Илиово,iliovo,village,22.6450973,41.9756691
807,Очипала,ochipala,hamlet,22.7355135,41.9831997
807,Косово Дабје,kosovo dabje,hamlet,22.7359383,41.9618513
807,Балабанска Маала,balabanska maala,neighbourhood,22.8325452,41.8609669
807,Калаузлија,kalauzlija,village,22.4939275,41.6697177
807,Думановце,dumanovtse,hamlet,21.5403072,42.2132805
807,Р’нковце,r'nkovtse,hamlet,21.5474741,42.1726141
807,Стража,strazha,locality,21.6020083,42.2519852
807,Лукаре,lukare,village,21.5025181,42.2321723
807,Глажња,glazhnja,hamlet,21.5476764,42.1819067
807,Стрима,strima,hamlet,21.5246991,42.1569617
807,Руница,runitsa,hamlet,21.6101981,42.2132232
807,Д`лга,d'lga,village,21.7831666,42.0066529
807,Зубовце,zubovtse,village,21.8350727,42.0961978
807,Карабичане,karabichane,village,21.7417854,42.228858
807,Градиште,gradishte,village,21.8875152,42.0239981
807,Габреш,gabresh,village,21.8568951,42.0084705
807,К`шање,k'shanje,village,21.9448503,42.029241
807,Речица,rechitsa,village,21.6949863,42.1743188
807,Горно Коњаре,gorno konjare,village,21.7273229,42.1812439
807,Бедиње,bedinje,suburb,21.697014,42.1412571
807,Довезенце,dovezentse,village,21.8996581,42.1209541
807,Биљановце,biljanovtse,village,21.7332222,42.1101253
807,Долно Коњаре,dolno konjare,suburb,21.7125065,42.1651027
807,Јачинце,jachintse,village,21.8830048,42.0958826
807,Љубодраг,ljubodrag,village,21.6613514,42.1179754
807,Кутлибег,kutlibeg,village,21.9083347,42.0505492
807,Пезово,pezovo,village,21.9271833,42.0440186
807,Кучкарево,kuchkarevo,village,21.8603026,42.0341225
807,Ново Село,novo selo,village,21.6322527,42.0957376
807,Проевце,proevtse,suburb,21.7417318,42.1244054
807,Новосељане,novoseljane,village,21.8539125,42.0642502
807,Мургаш,murgash,village,21.9010203,42.0693006
807,Косматац,kosmatats,village,21.8767392,42.0711029
807,Шупљи Камен,shuplji kamen,village,21.8050904,42.1038287
807,Черкези,cherkezi,village,21.6812424,42.1239541
807,Табановце,tabanovtse,village,21.7080545,42.2143133
807,Сушево,sushevo,village,21.7654796,42.2468525
807,Умин Дол,umin dol,village,21.6251271,42.0861851
807,Сопот,sopot,village,21.7268831,42.2425683
807,Тромеѓа,tromegja,village,21.7640204,42.1347698
807,Алгуња,algunja,hamlet,21.816627,42.2606573
807,Дејловце,dejlovtse,village,22.0003997,42.2526053
807,Враготурце,vragoturtse,village,21.8829377,42.289155
807,Брешко,breshko,village,21.9639583,42.2089776
807,Добрача,dobracha,hamlet,21.8918078,42.2267235
807,Аљинце,aljintse,village,21.9991117,42.2095898
807,Војник,vojnik,village,21.8718398,42.1588986
807,Бајловце,bajlovtse,village,21.961903,42.2302702
807,Вржогрнци,vrzhogrntsi,village,22.0579406,42.178701
807,Дренок,drenok,village,22.0295387,42.2017919
807,М’гленце,m'glentse,village,21.9503043,42.3349178
807,Канарево,kanarevo,hamlet,21.9155983,42.1903558
807,Жељувино,zheljuvino,hamlet,22.0088642,42.2259326
807,Карловце,karlovtse,hamlet,21.8785646,42.2640032
807,Малотино,malotino,village,21.9319663,42.2856868
807,Облавце,oblavtse,village,21.9102466,42.1592363
807,Коинце,kointse,village,21.8567341,42.249192
807,Никуљане,nikuljane,village,21.796371,42.2168114
807,Стрезовце,strezovtse,village,21.8729735,42.1497993
807,Орах,orakh,village,21.9351158,42.1806402
807,Пузајка,puzajka,hamlet,21.8657624,42.2356242
807,Пелинце,pelintse,village,21.8571494,42.2878754
807,Степанце,stepantse,village,21.9045839,42.2507667
807,Осиче,osiche,hamlet,22.025779,42.2267944
807,Челопек,chelopek,village,21.8258965,42.2280886
807,Руѓинце,rugjintse,village,21.9757973,42.1462746
807,Цветишница,tsvetishnitsa,village,22.0152887,42.3010421
807,Цвиланце,tsvilantse,village,21.9289599,42.2125688
807,Димонце,dimontse,village,21.9870642,42.1053653
807,Талашманце,talashmantse,hamlet,22.123196,42.1067217
807,Емирица,emiritsa,hamlet,22.3261008,42.0851439
807,Трновац,trnovats,village,22.0764504,42.1290049
807,Коњух,konjukh,village,21.9593645,42.081373
807,Железница,zheleznitsa,village,22.1528719,42.084351
807,Пендак,pendak,village,22.0215295,42.123228
807,Тополовиќ,topolovikj,hamlet,22.0927261,42.0803855
807,Баратлија,baratlija,village,22.202549,42.2418765
807,Одрено,odreno,village,22.1697214,42.1604203
807,Опила,opila,village,22.1478409,42.1426854
807,Криви Камен,krivi kamen,village,22.1371234,42.2386935
807,Габар,gabar,village,22.2603549,42.2507102
807,Узем,uzem,village,22.4243993,42.2221184
807,Длабочица,dlabochitsa,village,22.2414507,42.1989257
807,Киселица,kiselitsa,hamlet,22.3442758,42.2677188
807,Варовиште,varovishte,village,22.3609972,42.2155585
807,Жидилово,zhidilovo,village,22.3982633,42.2248312
807,Костур,kostur,village,22.4370003,42.205713
807,Дурачка Река,durachka reka,village,22.3607768,42.1816283
807,Дренак,drenak,isolated_dwelling,22.3503483,42.1367091
807,Градец,gradets,village,22.3013819,42.2195346
807,Дрење,drenje,hamlet,22.3486961,42.2294708
807,Борово,borovo,hamlet,22.258473,42.1452039
807,Кошари,koshari,hamlet,22.3587597,42.2038215
807,Мала Црцорија,mala tsrtsorija,village,22.3492111,42.2866277
807,Кркља,krklja,village,22.3948575,42.217303
807,Крстов Дол,krstov dol,village,22.2984208,42.3071973
807,Метежево,metezhevo,village,22.2271598,42.2792617
807,Подржи Коњ,podrzhi konj,village,22.267961,42.3048973
807,Мартиница,martinitsa,hamlet,22.3504186,42.1865095
807,Станци,stantsi,village,22.3764838,42.1768738
807,Т`лминци,t'lmintsi,hamlet,22.2576727,42.1966366
807,Караџалар,karadzhalar,isolated_dwelling,22.4939916,41.6836489
807,Супруге,supruge,village,22.4029467,41.6797707
807,Раклиш,raklish,hamlet,22.4837563,41.6297657
807,Папавница,papavnitsa,locality,22.5031004,41.5327965
807,Погулево,pogulevo,village,22.3758564,41.60596
807,Нивичино,nivichino,hamlet,22.6724065,41.6018485
807,Кушкулија,kushkulija,locality,22.6308937,41.6086729
807,Варварица,varvaritsa,hamlet,22.5286694,41.4995749
807,Долна Враштица,dolna vrashtitsa,hamlet,22.3331857,41.5859108
807,Штука,shtuka,village,22.8090938,41.467628
807,Бадолен,badolen,village,22.953668,41.4438541
807,Стиник,stinik,village,22.9257422,41.4654434
807,Барбарево,barbarevo,village,22.8969353,41.4637631
807,Бајково,bajkovo,village,22.9276033,41.4183811
807,Белотино,belotino,village,22.5450788,41.4341852
807,Дорломбос,dorlombos,village,22.6698768,41.3392059
807,Градско Балдовци,gradsko baldovtsi,village,22.6621306,41.4227828
807,Мемешли,memeshli,village,22.6432049,41.3340342
807,Орманли,ormanli,village,22.6500285,41.3468742
807,Злешево,zleshevo,locality,22.5730705,41.3542274
807,Чепели,chepeli,locality,22.5484586,41.3732913
807,Сачево,sachevo,village,22.7001536,41.4206106
807,Градец,gradets,village,22.4018977,41.3780769
807,Булунтули,buluntuli,locality,22.6906643,41.3174846
807,Татарли,tatarli,hamlet,22.6316852,41.3045506
807,Кочули,kochuli,village,22.6962111,41.3111587
807,Органџали,organdzhali,isolated_dwelling,22.7033274,41.2958673
807,Џумабос,dzhumabos,village,22.6820253,41.2966854
807,Дабјани,dabjani,locality,21.3661424,41.4275309
807,Мало Мраморани,malo mramorani,village,21.4869311,41.4136046
807,Вепрчани,veprchani,village,21.7501775,41.2700933
807,Врпско,vrpsko,village,21.8135925,41.2389528
807,Бонче,bonche,village,21.5989903,41.2293051
807,Канатларци,kanatlartsi,village,21.5038742,41.2110628
807,Смолани,smolani,village,21.7759003,41.3378244
807,Гуѓаково,gugjakovo,village,21.7979057,41.2841934
807,Лопатица,lopatitsa,village,21.5959256,41.182803
807,Мирче Ацев,mirche atsev,village,21.4234732,41.3192108
807,Бирино,birino,village,21.2684063,41.3121964
807,Лознани,loznani,village,21.4041374,41.2084083
807,Тепавци,tepavtsi,village,21.5600264,40.9933181
807,Велесело,veleselo,village,21.5608203,40.9722807
807,Долно Агларци,dolno aglartsi,village,21.469121,41.0921085
807,Орле,orle,village,21.6133563,41.1471142
807,Сливица,slivitsa,hamlet,21.6031106,40.9652139
807,Гнилеш,gnilesh,village,21.5853658,41.0135142
807,Совиќ,sovikj,village,21.6534949,40.9080614
807,Велушина,velushina,village,21.353401,40.9276896
807,Древеник,drevenik,village,21.2963227,41.1996818
807,Лесково,leskovo,village,21.1216983,41.2214329
807,Суво Грло,suvo grlo,village,21.1652819,41.3022352
807,Жабени,zhabeni,village,21.3925667,40.9561672
807,Братин Дол,bratin dol,village,21.2614947,41.0552713
807,Барешани,bareshani,village,21.3554985,40.9529865
807,Средно Егри,sredno egri,village,21.4619127,40.9587848
807,Олевени,oleveni,village,21.3582948,40.9621324
807,Свиниште,svinishte,village,21.1552119,41.1354153
807,Орехово,orekhovo,village,21.3112481,40.983211
807,Канино,kanino,village,21.3544499,40.9458712
807,Облаково,oblakovo,village,21.2198802,41.1249099
807,Лавци,lavtsi,village,21.3020635,41.014454
807,Породин,porodin,village,21.3726552,40.9361457
807,Секирани,sekirani,village,21.2641611,41.1236142
807,Старо Змирново,staro zmirnovo,locality,21.2926421,41.0963551
807,Крстоар,krstoar,village,21.3470124,40.9916975
807,Волкодери,volkoderi,village,20.9437958,41.0203281
807,Горно Перово,gorno perovo,village,20.9901017,41.025048
807,Долно Крушје,dolno krushje,village,20.9819371,41.1586999
807,Стипона,stipona,village,20.9554261,41.0601023
807,Отешево,oteshevo,village,20.9152144,40.9896026
807,Скребатно,skrebatno,village,20.8919622,41.1533736
807,Орман,orman,hamlet,20.7845671,41.1404793
807,Лагадин,lagadin,village,20.8026871,41.0477726
807,Опеница,openitsa,village,20.8687432,41.18285
807,Горно Средоречие,gorno sredorechie,hamlet,20.845435,41.2944093
807,Злести,zlesti,village,20.8302215,41.2820427
807,Мраморец,mramorets,village,20.8764199,41.3816341
807,Оздолени,ozdoleni,village,20.8547905,41.3318333
807,Климештани,klimeshtani,village,20.7676938,41.2554636
807,Сошани,soshani,village,20.8713773,41.3202796
807,Црвена Вода,tsrvena voda,village,20.7676509,41.3206341
807,Турје,turje,village,20.8655408,41.413907
807,Врбјани,vrbjani,village,20.6346992,41.6847827
807,Слатино,slatino,village,20.8660598,41.3486344
807,Врбјани,vrbjani,village,20.793832,41.4196216
807,Велмеј,velmej,village,20.9019759,41.2986008
807,Песочани,pesochani,village,20.7914689,41.326242
807,Грко Поле,grko pole,hamlet,20.8648541,41.2902094
807,Ново Село,novo selo,village,20.8053306,41.3095459
807,Годивје,godivje,village,20.7911256,41.4013216
807,Лешани,leshani,village,20.8612064,41.2770116
807,Лактиње,laktinje,village,20.7961682,41.3870757
807,Слатински Чифлик,slatinski chiflik,village,20.850263,41.3361996
807,Сливово,slivovo,village,20.8443621,41.4053775
807,Издеглавје,izdeglavje,village,20.8263162,41.3365541
807,Арбиново,arbinovo,village,20.8287978,41.3702969
807,Долно Средоречие,dolno sredorechie,hamlet,20.8526233,41.3001645
807,Брчево,brchevo,village,20.6726965,41.2979145
807,Богојци,bogojtsi,village,20.6696546,41.2881183
807,Добовјани,dobovjani,village,20.6544145,41.2520586
807,Збажди,zbazhdi,village,20.6715378,41.3503508
807,Делогожди,delogozhdi,village,20.7217058,41.2576724
807,Тоска,toska,village,20.6752771,41.2778503
807,Присовјани,prisovjani,village,20.6843751,41.3305928
807,Поум,poum,village,20.7116907,41.2813334
807,Ново Село,novo selo,village,20.6979385,41.2377039
807,Џепин,dzhepin,village,20.7378691,41.2484624
807,Центар Жупа / Вапа,tsentar zhupa vapa,village,20.5596671,41.4786146
807,Кривци,krivtsi,isolated_dwelling,20.5231631,41.5464231
807,Трнаниќ,trnanikj,locality,20.4947938,41.5034945
807,Елевци,elevtsi,village,20.6233942,41.4197011
807,Пареши,pareshi,locality,20.5563277,41.4949705
807,Црно Боци,tsrno botsi,village,20.5667245,41.4839358
807,Власиќи,vlasikji,hamlet,20.5249009,41.4770803
807,Евла,evla,locality,20.6092536,41.4270702
807,Лавчани,lavchani,village,20.8676205,41.4858572
807,Манастирско Доленци,manastirsko dolentsi,village,20.9451899,41.4722086
807,Видрани,vidrani,village,20.9082184,41.4592165
807,Кладник,kladnik,village,20.972527,41.4404152
807,Поположани,popolozhani,village,20.9121,41.4777741
807,Горно Добреноец,gorno dobrenoets,hamlet,20.8877778,41.509107
807,Козица,kozitsa,village,20.933474,41.4197488
807,Подвис,podvis,village,20.8867285,41.4759386
807,Јаворец,javorets,village,20.8790145,41.5196849
807,Србјани,srbjani,village,20.9502539,41.4855036
807,Горна Душегубица,gorna dushegubitsa,village,20.81596,41.496283
807,Свињиште,svinjishte,village,20.9174452,41.4363132
807,Ехлоец,ekhloets,village,20.7647092,41.458992
807,Попоец,popoets,village,20.8077621,41.4603213
807,Кленоец,klenoets,hamlet,20.8070669,41.4773453
807,Иванчишта,ivanchishta,village,20.7919822,41.4649576
807,Брждани,brzhdani,village,20.9066949,41.4468008
807,Јудово,judovo,village,20.873693,41.4449672
807,Белица,belitsa,village,20.947679,41.4024581
807,Долно Добреноец,dolno dobrenoets,hamlet,20.8976998,41.4992176
807,Малкоец,malkoets,village,20.8281598,41.4581873
807,Раштани,rashtani,village,20.9413524,41.5401915
807,Кнежино,knezhino,village,20.915121,41.5225341
807,Мамудовци,mamudovtsi,village,20.9851904,41.531245
807,Трапчин Дол,trapchin dol,village,20.9619732,41.5597346
807,Бачишта,bachishta,village,20.9072991,41.605133
807,Лазаровци,lazarovtsi,neighbourhood,20.9911986,41.5329155
807,Осој,osoj,hamlet,20.9365459,41.5319196
807,Црвивци,tsrvivtsi,village,20.9846393,41.5570303
807,Стрелци,streltsi,village,21.0021917,41.5412286
807,Длапкин Дол,dlapkin dol,neighbourhood,20.9364454,41.5602415
807,Колибари,kolibari,village,20.9609643,41.5722785
807,Зајас,zajas,village,20.938677,41.6073003
807,Долно Строгомиште,dolno strogomishte,village,20.9680774,41.5957229
807,Колари,kolari,village,20.9137462,41.6346303
807,Лешница,leshnitsa,village,20.9092405,41.5715996
807,Мидинци,midintsi,village,20.9257414,41.6179282
807,Горно Строгомиште,gorno strogomishte,village,20.9652879,41.6062489
807,Букојчани,bukojchani,village,20.9590008,41.6250663
807,Речани - Зајаско,rechani - zajasko,hamlet,20.9148409,41.5876346
807,Јагол Доленци,jagol dolentsi,village,21.0153422,41.6272148
807,Гарани,garani,village,21.0161169,41.5391964
807,Бериково,berikovo,hamlet,20.9979465,41.6402542
807,Лакавица,lakavitsa,village,20.9236362,41.7470243
807,Падалиште,padalishte,village,20.9729006,41.6870154
807,Србица,srbitsa,village,21.0316514,41.5883247
807,Шутово,shutovo,village,21.0225126,41.5468619
807,Томино Село,tomino selo,village,21.1510177,41.6311483
807,Премка,premka,village,21.0331106,41.5517076
807,Преглово,preglovo,village,21.1188761,41.4650389
807,Дворци,dvortsi,village,21.093827,41.4644146
807,Миокази,miokazi,village,21.0520763,41.4837977
807,Козичино,kozichino,village,21.089114,41.5320404
807,Челопеци,chelopetsi,village,21.0272343,41.4737605
807,Патец,patets,hamlet,21.1125771,41.5423502
807,Карбуница,karbunitsa,village,20.9778345,41.4648305
807,Грешница,greshnitsa,village,21.1896439,41.5622161
807,Бенче,benche,village,21.0998542,41.6929991
807,Горно Ботушје,gorno botushje,village,21.0771311,41.7137538
807,Битово,bitovo,village,21.081163,41.7457591
807,Звечан,zvechan,village,21.1234016,41.7005952
807,Долно Ботушје,dolno botushje,village,21.0967643,41.7243963
807,Ижиште,izhishte,village,21.0854878,41.4881353
807,Зркле,zrkle,village,21.1505249,41.6590979
807,Заград,zagrad,village,21.0948067,41.7543455
807,Инче,inche,village,21.1849339,41.6416895
807,Косово,kosovo,village,21.1340339,41.7289658
807,Ковач,kovach,village,21.1331756,41.67956
807,Тополница,topolnitsa,village,21.1669071,41.6151986
807,Тажево,tazhevo,village,21.2529344,41.7231188
807,Требовље,trebovlje,village,21.1307724,41.7570801
807,Сушица,sushitsa,village,21.1435165,41.6430576
807,Долна Лешница,dolna leshnitsa,village,21.0599747,41.9563554
807,Бродец,brodets,village,20.8927334,42.0589062
807,Вешала,veshala,village,20.8456553,42.0609136
807,Бозовце,bozovtse,village,20.8274377,42.053569
807,Вејце,vejtse,village,20.9247054,42.0826396
807,Лисец,lisets,village,20.9245766,42.0035205
807,Тумчевиште,tumchevishte,village,20.9422148,41.8494115
807,Теново,tenovo,village,20.9820712,41.8951611
807,Волковија,volkovija,village,20.9976399,41.8641469
807,Радиовце,radiovtse,village,20.9632384,41.9060031
807,Ростуше,rostushe,village,20.5996195,41.6102815
807,Битуше,bitushe,village,20.5889067,41.6172721
807,Јеловјане,jelovjane,village,20.8974037,41.959539
807,Долно Седларце,dolno sedlartse,village,20.9704242,41.9680431
807,Горно Палчиште,gorno palchishte,village,20.9209286,41.9800621
807,Новаќе,novakje,hamlet,20.9146986,41.9605282
807,Урвич,urvich,village,20.8948502,41.9485441
807,Ново Село,novo selo,village,20.8618054,41.9444106
807,Раковец,rakovets,village,20.8997211,41.921392
807,Синичане,sinichane,village,20.9164903,41.9407157
807,Врановци,vranovtsi,village,20.8702485,41.8260541
807,Велебрдо,velebrdo,village,20.5975058,41.6167193
807,Ѓурѓевиште,gjurgjevishte,village,20.8621589,41.8942137
807,Ломница,lomnitsa,hamlet,20.832955,41.8958589
807,Топлица,toplitsa,village,20.8890883,41.8578337
807,Горјане,gorjane,village,20.8813206,41.8976477
807,Зубовце,zubovtse,village,20.8811061,41.8285164
807,Ново Село,novo selo,hamlet,20.8673946,41.8346719
807,Галате,galate,village,20.8796495,41.839772
807,Калиште,kalishte,village,20.861365,41.8797728
807,Печково,pechkovo,village,20.8344392,41.783496
807,Железна Река,zhelezna reka,hamlet,20.9998242,41.7030361
807,Долна Ѓоновица,dolna gjonovitsa,village,20.9024707,41.7172286
807,Митрој Крсти,mitroj krsti,hamlet,20.8933297,41.7376307
807,Горна Бањица,gorna banjitsa,village,20.8923224,41.7798375
807,Горна Ѓоновица,gorna gjonovitsa,village,20.9077064,41.7085308
807,Долна Бањица,dolna banjitsa,village,20.903329,41.7856
807,Сушица,sushitsa,village,20.8788673,41.7585707
807,Долно Јеловце,dolno jelovtse,village,20.8369068,41.8024855
807,Мирдита,mirdita,village,20.8619163,41.7787717
807,Мало Турчане,malo turchane,village,20.9358229,41.7875562
807,Речане,rechane,village,20.8284417,41.7538966
807,Страјане,strajane,village,20.9994808,41.7232506
807,Лешница,leshnitsa,hamlet,20.8543519,41.7996223
807,Беловиште,belovishte,village,20.9311811,41.7747992
807,Симница,simnitsa,village,20.8811847,41.7195189
807,Горно Јеловце,gorno jelovtse,hamlet,20.7888416,41.8090434
807,Куново,kunovo,hamlet,20.9530894,41.7415535
807,Трново,trnovo,village,20.9848253,41.7413454
807,Бродец,brodets,village,20.6869581,41.7885379
807,Ќафа,kjafa,hamlet,21.0215854,41.657731
807,Сретково,sretkovo,village,20.845969,41.7055675
807,Жужње,zhuzhnje,village,20.6263604,41.7530325
807,Кракорница,krakornitsa,hamlet,20.6936302,41.7558338
807,Сушица,sushitsa,locality,20.660573,41.5517553
807,Болетин,boletin,village,20.6007332,41.6577758
807,Требиште,trebishte,village,20.5901935,41.6269909
807,Орќуше,orkjushe,village,20.8018198,41.7437232
807,Дуф,duf,village,20.7838275,41.7548013
807,Грекање,grekanje,village,20.5847003,41.7232509
807,Кичиница,kichinitsa,hamlet,20.7234671,41.6927505
807,Долно Коњско,dolno konjsko,village,20.8045213,41.0640472
807,Горица,goritsa,locality,20.8054912,41.0912556
807,Свети Стефан,sveti stefan,neighbourhood,20.8050363,41.0764388
807,Јаовце,jaovtse,neighbourhood,20.6748114,41.2511459
807,Трап,trap,village,21.4709278,41.1316301
807,Шурленци,shurlentsi,village,20.9454119,41.0123828
807,Стење,stenje,village,20.9116954,40.9398174
807,Танушевци,tanushevtsi,village,21.398242,42.2413668
807,Студеничани,studenichani,village,21.5357186,41.9219511
807,Смилковци,smilkovtsi,village,21.4929129,42.0370106
807,Пештерица,peshteritsa,locality,21.6009597,41.3909437
807,Веселчани,veselchani,village,21.4420896,41.2721222
807,Загорани,zagorani,village,21.4320929,41.2628615
807,Широка Планина,shiroka planina,village,22.0336111,42.3077778
807,Голеш,golesh,village,22.3313051,42.3289108
807,Добровени,dobroveni,village,21.6012208,40.9495978
807,Тројкрсти,trojkrsti,village,21.4075905,41.2372804
807,Бело Поле,belo pole,village,21.3977353,41.4098
807,Струнга,strunga,suburb,21.2522847,41.3700316
807,Влашко Маало,vlashko maalo,suburb,21.2510819,41.3665006
807,Ѓупско Маало,gjupsko maalo,suburb,21.2535072,41.3656864
807,Мијачко Маало,mijachko maalo,suburb,21.2446887,41.3709971
807,Горно Маало,gorno maalo,suburb,21.2486929,41.3719542
807,Орман,orman,village,21.3505293,42.078205
807,Типски,tipski,suburb,21.5645244,41.352777
807,Чепигово,chepigovo,village,21.394467,41.2479125
807,Козјак,kozjak,village,21.0432601,41.0590708
807,Долно Луково,dolno lukovo,neighbourhood,20.6089156,41.355536
807,Цоцев Камен,tsotsev kamen,locality,21.9862589,42.0836218
807,Кисела Јабука,kisela jabuka,village,21.3531688,42.0341251
807,Ново Село,novo selo,village,21.3474214,42.0299455
807,Драчево,drachevo,village,21.5219258,41.9323893
807,Бигор Доленци,bigor dolentsi,village,20.9870823,41.4888745
807,Четирце,chetirtse,village,21.7614191,42.2156137
807,Горно Дупени,gorno dupeni,village,20.9731966,41.0622597
807,Беловодица,belovoditsa,village,21.7028949,41.3376715
807,Лавци,lavtsi,village,20.9575614,41.0448056
807,Прељубје,preljubje,village,20.9608778,41.0331132
807,Грнчари,grnchari,village,21.0529913,41.0169088
807,Рајца,rajtsa,village,21.0621479,41.0020922
807,Полчиште,polchishte,village,21.8244497,41.1477228
807,Ерековци,erekovtsi,village,21.4808141,41.2144585
807,Доброшане,dobroshane,village,21.7532684,42.1076401
807,Чифлик,chiflik,hamlet,21.679594,41.9257193
807,Долно Перово,dolno perovo,village,20.9912822,41.0140987
807,Гарчев Дол,garchev dol,locality,21.5568674,41.3294077
807,Равна Река,ravna reka,locality,22.9452461,41.7298146
807,Орешани Јане,oreshani jane,hamlet,21.5914234,41.907587
807,Грумази,grumazi,village,21.5843753,41.0438781
807,Стојаково,stojakovo,village,22.5780547,41.156154
807,Горна Бела Црква,gorna bela tsrkva,village,21.0263799,41.0521376
807,Сирхан,sirkhan,neighbourhood,20.9350702,41.0019189
807,Лескоец,leskoets,village,20.8764289,40.9575247
807,Реонски Центар Аеродром,reonski tsentar aerodrom,suburb,21.4733601,41.9802602
807,Аеродром,aerodrom,suburb,21.4647244,41.9841814
807,Горно Лисиче,gorno lisiche,suburb,21.4865426,41.9680201
807,Живово,zhivovo,village,21.8162168,41.2081006
807,Самоилово,samoilovo,village,22.9041021,41.4027264
807,Πολιάνα Ντι Ρούπα,poliana nti roupa,locality,22.2699859,41.1598495
807,Подвис,podvis,village,21.3261087,41.3926576
807,Годивле,godivle,village,21.3180212,41.369376
807,Ленишки Мост,lenishki most,locality,21.6076559,41.3646226
807,Тризла,trizla,suburb,21.5537553,41.3563158
807,Козле,kozle,suburb,21.5334562,41.3530383
807,Топанско Поле,topansko pole,suburb,21.433581,42.0172471
807,Подино,podino,village,21.3444935,41.2191265
807,Плачикур,plachikur,suburb,21.5497655,41.3570286
807,Дурутовец,durutovets,neighbourhood,21.7905212,41.7400023
807,Курбиново,kurbinovo,village,21.0688048,40.9856228
807,Долно Орашје,dolno orashje,hamlet,21.1617734,42.1017926
807,Селник,selnik,hamlet,22.7281434,42.0393023
807,Милково Брдо,milkovo brdo,suburb,22.777982,41.9708598
807,Ново Делчево,novo delchevo,suburb,22.7775213,41.9642395
807,Центар,tsentar,suburb,22.7745798,41.9660942
807,Први Реон,prvi reon,suburb,22.7707612,41.9625064
807,Втори Реон,vtori reon,suburb,22.7690052,41.9646625
807,Трети Реон,treti reon,suburb,22.7668744,41.9662458
807,Расадник,rasadnik,suburb,22.7631509,41.9688363
807,Таушанска Мала,taushanska mala,suburb,22.7796055,41.9569956
807,Звегорска Река,zvegorska reka,suburb,22.7882435,41.9590172
807,Басарица,basaritsa,suburb,22.7662722,41.9778372
807,Glloboçicë,gllobocice,village,21.1909008,42.1686347
807,Долно Маало,dolno maalo,neighbourhood,22.4468291,41.3415017
807,Ропотово,ropotovo,village,21.3746961,41.4494742
807,Сланиште,slanishte,hamlet,21.6954968,42.2289697
807,Аниште,anishte,hamlet,21.7043904,42.2256666
807,Галичани,galichani,village,21.483913,41.3075621
807,Беровци,berovtsi,village,21.4999702,41.2968852
807,Кутлешево,kutleshevo,village,21.4139909,41.4071942
807,Железничка,zheleznichka,hamlet,22.1731059,41.7532311
807,Кежовица,kezhovitsa,neighbourhood,22.1773175,41.7334608
807,Чаршија,charshija,suburb,21.5550974,41.3457167
807,Драгош,dragosh,village,21.3529552,40.8826051
807,Штавица,shtavitsa,village,21.5673273,41.2608963
807,Грешница,greshnitsa,village,20.9377268,41.5721348
807,Писокал,pisokal,locality,21.607608,41.2498441
807,Форино,forino,village,20.9631404,41.8233514
807,Под Село,pod selo,hamlet,21.7182025,42.2319848
807,Воиновиќ,voinovikj,village,21.7171401,42.2294433
807,Чифлик,chiflik,hamlet,21.6991443,42.2197835
807,Бузина,buzina,hamlet,21.7184025,42.2051735
807,Старчани,starchani,hamlet,21.7271106,42.2062115
807,Бардовци,bardovtsi,neighbourhood,21.3067227,42.1411124
807,Ржаново,rzhanovo,village,21.9549997,41.1635208
807,Ушици,ushitsi,neighbourhood,21.3418599,41.0403689
807,Врбјани,vrbjani,village,21.3884341,41.3312001
807,Алинци,alintsi,village,21.4809105,41.2590578
807,Свето Тодори,sveto todori,village,21.3369866,41.2298231
807,Тројаци,trojatsi,village,21.7396325,41.3721903
807,Нова,nova,neighbourhood,22.8786423,41.762245
807,Путурус,puturus,village,21.5295965,41.1347066
807,Рача,racha,village,20.8120178,41.0937433
807,Шелеверци,shelevertsi,village,21.4832289,41.2400987
807,Сингелиќ,singelikj,village,21.5142877,42.0188434
807,Бешиште,beshishte,village,21.782405,41.1393371
807,Голем Радобил,golem radobil,village,21.807438,41.3780767
807,Мало Коњари,malo konjari,village,21.4637928,41.3350785
807,Долно Садово,dolno sadovo,locality,21.5139299,41.3130803
807,Старо Лагово,staro lagovo,village,21.534723,41.2947967
807,Струга III,struga iii,suburb,20.689597,41.1746376
807,Градско,gradsko,village,21.9568153,41.5729404
807,Преслап,preslap,locality,21.4681376,41.8244448
807,Костурник,kosturnik,village,21.7084186,42.1913498
807,Ружинци,ruzhintsi,locality,22.3692212,42.2353174
807,Leskovicë,leskovice,village,21.3629777,42.2285871
807,Mijak,mijak,village,21.3866414,42.2476418
807,Карадаг Маало,karadag maalo,suburb,21.4472631,41.9986143
807,Серава,serava,neighbourhood,21.440107,42.0084229
807,Спиково,spikovo,village,22.9176476,41.7405832
807,Дебел Рид,debel rid,locality,22.9796268,41.7300302
807,Крњево,krnjevo,neighbourhood,21.4490539,41.9980636
807,Пехчево,pekhchevo,town,22.8873017,41.7635729
807,Дебар Маало,debar maalo,suburb,21.4200641,42.0015735
807,Смилево,smilevo,village,21.110039,41.1546701
807,Претор,pretor,village,21.0631769,40.9790822
807,Градиште,gradishte,locality,22.067613,41.2143619
807,Стамболиска Маала,stamboliska maala,neighbourhood,22.2851174,42.1878269
807,Света,sveta,village,21.2720139,41.2685798
807,Трајановски Ниви,trajanovski nivi,locality,21.6432196,41.8427768
807,Безово,bezovo,village,20.6022178,41.3291277
807,Стрезимир,strezimir,village,20.6196281,41.8052171
807,Лугунци,luguntsi,village,21.7791358,41.8348848
807,Волче,volche,village,21.0714601,41.7630173
807,Зрзе,zrze,village,21.3524419,41.5158311
807,Έλατα,elata,locality,21.8380707,40.990137
807,Τρεις Βελανιδιές,treis belanidies,locality,22.2009957,41.1577766
807,Μαύρος Βράχος,mauros brakhos,locality,22.1449291,41.1214635
807,Οργωμένο,orgomeno,locality,22.0723033,41.1504188
807,Горно Косоврасти,gorno kosovrasti,village,20.5749677,41.5474632
807,Голеш,golesh,neighbourhood,21.9366791,41.3957281
807,Чичино Село,chichino selo,hamlet,21.3303911,41.9946437
807,Ракле,rakle,village,21.7505692,41.4214241
807,Стари Присад,stari prisad,locality,21.5973292,41.4348645
807,Горно Оризари,gorno orizari,suburb,21.3459627,41.0503687
807,Ново Стрежево,novo strezhevo,suburb,21.3387856,41.0503101
807,Дуње,dunje,village,21.6936096,41.2561879
807,Чумагово,chumagovo,locality,21.7430904,41.1781288
807,Ново Лагово,novo lagovo,village,21.5190643,41.311251
807,Ручало,ruchalo,locality,21.2203297,41.408705
807,Бабуна,babuna,neighbourhood,21.8023667,41.6805267
807,Калково,kalkovo,hamlet,22.4980095,41.3432078
807,Горна Маала,gorna maala,hamlet,22.4694969,41.347779
807,Колонија,kolonija,hamlet,21.5631292,41.9627888
807,Горна Арнакија,gorna arnakija,hamlet,21.2715798,41.9841371
807,Чифлик,chiflik,hamlet,20.9349235,41.9846954
807,Калник,kalnik,hamlet,20.9396897,41.9770138
807,Моклиште,moklishte,locality,22.0300194,41.4001909
807,Багеска Ограда,bageska ograda,suburb,21.5644962,41.3572271
807,Зашле,zashle,village,21.1441994,41.3724477
807,Чифлик,chiflik,suburb,20.9595922,41.5149569
807,Партизански Одреди,partizanski odredi,suburb,20.9518075,41.5233187
807,Пашино,pashino,suburb,20.9631586,41.5300737
807,Горно Пашино,gorno pashino,suburb,20.9639096,41.5238649
807,Горица,goritsa,suburb,20.9478164,41.49728
807,Календарица,kalendaritsa,suburb,20.9584988,41.5182623
807,Бала Маало,bala maalo,suburb,20.9661178,41.5166386
807,Девеана,deveana,suburb,20.9542208,41.5154795
807,Арамиско Гнездо,aramisko gnezdo,suburb,20.9624559,41.507097
807,Подварош,podvarosh,suburb,20.9649289,41.5112165
807,Карпош,karposh,suburb,20.9606829,41.504783
807,Коњски Ливади,konjski livadi,suburb,20.954695,41.5051173
807,Ложионица,lozhionitsa,suburb,20.9557167,41.5107837
807,22 Декември,22 dekemvri,suburb,20.9530842,41.5285958
807,Под Крушино,pod krushino,suburb,20.9482562,41.5133415
807,Ивани Дол,ivani dol,suburb,20.9433317,41.5037646
807,Бичинци,bichintsi,suburb,20.9695188,41.513136
807,Елешец,eleshets,suburb,20.8076745,41.0329016
807,Гошинце,goshintse,village,21.519724,42.2124569
807,Старо Село,staro selo,locality,21.2071122,41.6337006
807,Црничани,tsrnichani,village,21.5395352,41.1246962
807,Мечкарица,mechkaritsa,locality,21.2317687,41.1507032
807,Старо Село,staro selo,locality,21.3503506,40.9632563
807,Горно Луково,gorno lukovo,neighbourhood,20.5911095,41.3492481
807,Локов,lokov,village,20.6479236,41.3653215
807,Јанков Камен,jankov kamen,locality,20.5727245,41.2320716
807,Мрамор,mramor,village,21.8169173,41.4207357
807,Дуган/Доган,dugan dogan,locality,21.7327583,41.7572245
807,Чука,chuka,locality,21.7817264,41.8218478
807,Ново Село,novo selo,locality,21.8489019,41.7336163
807,Чаниште,chanishte,village,21.6855154,41.1649234
807,Маркова Чешма,markova cheshma,locality,21.5936963,41.3655225
807,Покрвеник,pokrvenik,village,20.9562955,41.0193628
807,Плетвар,pletvar,village,21.6529505,41.3688942
807,Мирче Ацев,mirche atsev,suburb,21.3494185,42.0064972
807,Населба Лисиче,naselba lisiche,suburb,21.4716594,41.9741292
807,Житолуп,zhitolup,locality,21.7955071,41.4513617
807,Арнаут Маало,arnaut maalo,suburb,21.2467374,41.3679208
807,Габерово,gaberovo,locality,21.2403692,41.3809135
807,Долно Маало,dolno maalo,suburb,21.2503281,41.3679147
807,Гумова Чешма,gumova cheshma,locality,21.2379592,41.3655565
807,Крушево,krushevo,town,21.2481273,41.3680991
807,Кале,kale,locality,21.2694805,41.3702594
807,Споменик,spomenik,locality,21.2253886,41.3837835
807,Слива,sliva,locality,21.2217576,41.3865545
807,Јеђупак,jedjupak,locality,21.9280507,42.3221924
807,Гола Ливада,gola livada,locality,21.9234865,42.3096497
807,Козјак,kozjak,locality,21.9247067,42.3078637
807,Сери Дол,seri dol,locality,21.7350197,41.4450595
807,Клекоперци,klekopertsi,locality,21.4961321,41.2305742
807,Чивчије,chivchije,neighbourhood,21.8721253,42.3094428
807,Селско,selsko,locality,21.8803451,42.3127965
807,Оданде,odande,locality,21.6213324,41.3600022
807,Одавде,odavde,locality,21.6241581,41.361114
807,Присадски Превој,prisadski prevoj,locality,21.5988905,41.4280402
807,Лигураса,ligurasa,locality,21.6919029,41.3195581
807,Шаторот,shatorot,locality,21.7486435,41.4403326
807,Калуѓере,kalugjere,locality,21.7415743,41.4384852
807,Света Недела,sveta nedela,locality,21.6667071,41.198273
807,Дабец,dabets,locality,21.8059411,41.3816397
807,Виловица,vilovitsa,locality,21.8017224,41.3815866
807,Мурковица,murkovitsa,locality,21.8029682,41.3837853
807,Аша Чаир,asha chair,locality,21.4926356,41.2097684
807,Корија,korija,locality,21.4948582,41.2151146
807,Барбарас,barbaras,village,21.2748089,41.5074754
807,Старо Маково,staro makovo,locality,21.6166717,41.1323819
807,Плачковска Махала,plachkovska makhala,neighbourhood,21.9533876,42.3455822
807,Гарејска Махала,garejska makhala,neighbourhood,21.965085,42.3391823
807,Коле Налчо,kole nalcho,locality,21.2507291,41.3737344
807,Марино,marino,suburb,21.5735347,41.3487578
807,Штавичко Маало,shtavichko maalo,suburb,21.5575399,41.3326119
807,Сарика,sarika,locality,21.5777512,41.3464704
807,Алистрати,alistrati,locality,20.7848849,41.1981943
807,Бела Вода,bela voda,locality,21.2231488,41.4008263
807,Балашково,balashkovo,locality,21.8232475,41.4364365
807,Влечалките,vlechalkite,locality,21.8227207,41.4332873
807,Обли Камен,obli kamen,locality,21.8173364,41.4322537
807,Драгомирово,dragomirovo,locality,22.698053,41.455292
807,Чаушли,chaushli,locality,22.6583896,41.270715
807,Коларско,kolarsko,locality,22.2269708,42.0066055
807,Ваклинци,vaklintsi,village,22.0232405,42.0113588
807,Големо Мраморани,golemo mramorani,village,21.4981789,41.3974353
807,Горно Дупјачани,gorno dupjachani,neighbourhood,21.5207043,41.4400727
807,Долно Дупјачани,dolno dupjachani,neighbourhood,21.5213683,41.4436327
807,Горно Житоше,gorno zhitoshe,locality,21.2868894,41.420285
807,Долно Житоше,dolno zhitoshe,locality,21.3009343,41.4151183
807,Долно Маало,dolno maalo,neighbourhood,21.2950337,41.4196507
807,Горно Маало,gorno maalo,neighbourhood,21.2828226,41.4194687
807,Караѓорѓево,karagjorgjevo,locality,21.3945438,41.3589659
807,Црквинец,tsrkvinets,hamlet,22.7627707,42.0035586
807,махала Дамянци,makhala damiantsi,hamlet,22.7545574,42.0476381
807,махала Пръдльовци,makhala pr'dl'ovtsi,hamlet,22.7577252,42.0485684
807,Манастириште,manastirishte,locality,21.2938178,41.334569
807,Долно Маало,dolno maalo,neighbourhood,20.548847,41.5141227
807,Макази,makazi,locality,21.0522276,41.062554
807,Три Багреми,tri bagremi,suburb,21.5574999,41.3627564
807,Левковци,levkovtsi,hamlet,22.1002178,42.1304077
807,Социјални Бараки,sotsijalni baraki,neighbourhood,21.5277826,41.3602213
807,Петте Лебој,pette leboj,locality,21.3565919,41.1364472
807,Вашарејчански Рид,vasharejchanski rid,locality,21.4012054,41.1788366
807,Кај Авионите,kaj avionite,locality,21.3290404,41.0189128
807,Тотенборг,totenborg,locality,21.3179253,41.0354729
807,Тепсија,tepsija,locality,21.3243649,41.0344498
807,40. Браќа / Кркардаш,40 brakja krkardash,locality,21.3353722,41.0420113
807,Боримечка,borimechka,suburb,21.3474849,41.0217724
807,Брајанец,brajanets,locality,21.5410795,41.0722557
807,Горно Садово,gorno sadovo,locality,21.5216874,41.3085178
807,Дуј Гас,duj gas,locality,21.5288224,41.306944
807,Меѓу Садово,megju sadovo,locality,21.5198754,41.3139091
807,Говедарци,govedartsi,hamlet,22.0430614,42.0706102
807,Здраевци,zdraevtsi,hamlet,22.0433942,42.0638948
807,Маторанци,matorantsi,hamlet,22.051518,42.064144
807,Горно Стојкарци,gorno stojkartsi,hamlet,22.0474484,42.0690117
807,Цигани,tsigani,hamlet,22.0438002,42.0749068
807,Долно Стојкарци,dolno stojkartsi,hamlet,22.0443183,42.0783395
807,Ѓуриште,gjurishte,neighbourhood,21.2082597,41.9773638
807,Теќе,tekje,neighbourhood,20.942385,41.5921462
807,Џума,dzhuma,neighbourhood,20.9351037,41.6005298
807,Челиковци,chelikovtsi,neighbourhood,20.9499169,41.6152432
807,Укајци,ukajtsi,neighbourhood,20.9410915,41.6194183
807,Каленџи,kalendzhi,locality,21.0158576,41.533884
807,Alikurtet,alikurtet,neighbourhood,20.9251484,41.5753214
807,Ukallet,ukallet,locality,21.0348695,41.5883299
807,Горња махала,gornja makhala,hamlet,22.3269396,42.3317024
807,Чаминци,chamintsi,hamlet,22.3319906,42.327254
807,Падињска махала,padinjska makhala,hamlet,22.3312707,42.3312438
807,Кочинска махала,kochinska makhala,hamlet,22.4081028,42.2897027
807,Витановци,vitanovtsi,hamlet,22.4292431,42.2239151
807,Бобошинци,boboshintsi,hamlet,22.4372221,42.2228294
807,Горен Узем,goren uzem,hamlet,22.4361766,42.2195662
807,Долен Узем,dolen uzem,hamlet,22.4343948,42.2169496
807,Страовица,straovitsa,hamlet,22.4242977,42.2147973
807,Кортељаши,korteljashi,hamlet,22.4350217,42.2368665
807,Манѓелци,mangjeltsi,hamlet,22.4399253,42.2302634
807,Селиште,selishte,hamlet,22.4461189,42.2235591
807,Борбошци,borboshtsi,hamlet,22.4470824,42.2214321
807,Рамна Нива,ramna niva,hamlet,22.4544955,42.2208057
807,Штиќарци,shtikjartsi,hamlet,22.4495392,42.2190701
807,Прилепец,prilepets,village,21.5852769,41.2958589
807,Баир,bair,neighbourhood,21.3338828,41.0381815
807,Караџали,karadzhali,village,21.9002342,41.7791092
807,Теке,teke,hamlet,21.7691731,41.77272
807,Селемли,selemli,village,22.6174275,41.1507743
807,Ресен,resen,town,21.0130599,41.0900531
807,Сл’п,sl'p,locality,21.0223718,41.4135132
807,Калин Камен,kalin kamen,locality,22.4242528,42.176225
807,Чукарлиска Маала,chukarliska maala,neighbourhood,22.5991951,41.8973771
807,Болтачка Маала,boltachka maala,neighbourhood,22.594287,41.8915032
807,Брболковска Маала,brbolkovska maala,neighbourhood,22.5951048,41.9055047
807,Домазетска Maara,domazetska maara,neighbourhood,22.5967761,41.9088707
807,Бобиска Маала,bobiska maala,neighbourhood,22.5826904,41.9098683
807,Гуручка Маала,guruchka maala,neighbourhood,22.5545517,41.9009419
807,Божанска Маала,bozhanska maala,neighbourhood,22.5495296,41.9064574
807,Мечкарска Маала,mechkarska maala,neighbourhood,22.5590878,41.909044
807,Габровшица,gabrovshitsa,neighbourhood,22.5640611,41.9262919
807,Газарска Маала,gazarska maala,neighbourhood,22.5552319,41.9199411
807,Каракостовци,karakostovtsi,neighbourhood,22.838197,41.8491525
807,Срушена Маала,srushena maala,neighbourhood,22.5863372,41.9436154
807,Игњатовска Маала,ignjatovska maala,neighbourhood,22.5837845,41.9395906
807,Звездинска Мaana,zvezdinska maana,neighbourhood,22.5926292,41.9338406
807,Маринска Маала,marinska maala,neighbourhood,22.606528,41.929508
807,Балинска Маала,balinska maala,neighbourhood,22.5908274,41.9283274
807,Сгамејкоска Маала,sgamejkoska maala,neighbourhood,22.6198772,41.9497872
807,Витанци,vitantsi,neighbourhood,22.6526739,41.9878184
807,Пасовска Маала,pasovska maala,neighbourhood,22.6529049,41.9831549
807,Бојчоска Маала,bojchoska maala,neighbourhood,22.6676785,41.9734634
807,Горна Маала,gorna maala,neighbourhood,22.1197499,42.0890615
807,Леповиќ Маала,lepovikj maala,neighbourhood,22.1063836,42.0907915
807,Мусинци,musintsi,neighbourhood,22.1123164,42.1151553
807,Глашевци,glashevtsi,neighbourhood,22.1117492,42.1090678
807,Талашманце,talashmantse,neighbourhood,22.1093172,42.111169
807,Шалевци,shalevtsi,neighbourhood,22.1149399,42.1097712
807,Арнаутовци,arnautovtsi,neighbourhood,22.085894,42.1139798
807,Динговци,dingovtsi,neighbourhood,22.0753613,42.1245517
807,Копузовци,kopuzovtsi,neighbourhood,22.0592026,42.1379063
807,Смокарди,smokardi,neighbourhood,22.0716033,42.1324633
807,Пинџур Маала,pindzhur maala,neighbourhood,22.075736,42.1419153
807,Златковци,zlatkovtsi,neighbourhood,22.0881034,42.1429248
807,Лепанова,lepanova,neighbourhood,22.053516,42.1484073
807,Саривинци,sarivintsi,neighbourhood,22.0491279,42.143776
807,Ралевци,ralevtsi,neighbourhood,22.0299349,42.1419769
807,Поповци,popovtsi,neighbourhood,22.0159087,42.1441475
807,Гранцевци,grantsevtsi,neighbourhood,22.0071117,42.136407
807,Танасовци,tanasovtsi,neighbourhood,22.0201554,42.1331312
807,Тано Брце,tano brtse,neighbourhood,22.004373,42.1311551
807,Дракарци,drakartsi,neighbourhood,21.9848112,42.1226098
807,Шалевци,shalevtsi,neighbourhood,22.003133,42.1228928
807,Забел Маала,zabel maala,neighbourhood,22.0185326,42.1251824
807,Грмадари,grmadari,neighbourhood,22.0502589,42.1224504
807,Токмаци,tokmatsi,neighbourhood,22.0386256,42.1090161
807,Стевановци,stevanovtsi,neighbourhood,22.0309222,42.1078856
807,Ковачевци,kovachevtsi,neighbourhood,22.0418234,42.0981606
807,Додаци,dodatsi,neighbourhood,22.0223018,42.114104
807,Новоселци,novoseltsi,neighbourhood,21.9952139,42.1132099
807,Курлевци,kurlevtsi,neighbourhood,21.9771257,42.1047136
807,Корито,korito,neighbourhood,21.9160742,42.1642909
807,Тутушанска Маала,tutushanska maala,neighbourhood,21.9053022,42.1512861
807,Чољаци,choljatsi,neighbourhood,21.9135849,42.1572624
807,Печењаци,pechenjatsi,neighbourhood,21.9062136,42.1618026
807,Лукарци,lukartsi,neighbourhood,21.9108589,42.1614245
807,Лукарци,lukartsi,neighbourhood,21.9004753,42.1670751
807,Лукарци,lukartsi,neighbourhood,21.9187064,42.1485034
807,Николајци,nikolajtsi,neighbourhood,21.9232815,42.1491917
807,Дошљаци,doshljatsi,neighbourhood,21.9426596,42.150188
807,Шутарска Маала,shutarska maala,neighbourhood,21.9468298,42.146284
807,Милошевци,miloshevtsi,neighbourhood,21.968151,42.1365074
807,Нешевци,neshevtsi,neighbourhood,21.9718303,42.1399896
807,Ангеловци,angelovtsi,neighbourhood,21.9802733,42.1401845
807,Вакуф Маала,vakuf maala,neighbourhood,22.0472779,42.0896542
807,Кетеново,ketenovo,village,22.0723045,42.0995589
807,Туралево,turalevo,neighbourhood,22.1055381,42.0788627
807,Селимица,selimitsa,neighbourhood,22.1268178,42.0673329
807,Килибарска Маала,kilibarska maala,neighbourhood,22.0836353,42.084197
807,Амбар Маала,ambar maala,neighbourhood,22.0652463,42.0480263
807,Шопско Рударе,shopsko rudare,neighbourhood,22.0391754,42.0520965
807,Милкинци,milkintsi,neighbourhood,22.0307857,42.0623805
807,Клисура,klisura,neighbourhood,22.0284265,42.0298056
807,Пинџур Маала,pindzhur maala,neighbourhood,22.0086365,42.1542394
807,Горна Маала,gorna maala,neighbourhood,21.9839169,42.1524682
807,Суводолска Маала,suvodolska maala,neighbourhood,21.9633181,42.1595982
807,Каментицам,kamentitsam,neighbourhood,21.9556348,42.1689121
807,Шуљевац,shuljevats,neighbourhood,21.9459067,42.1750931
807,Доданци,dodantsi,neighbourhood,21.9404444,42.1791265
807,Стојановци,stojanovtsi,neighbourhood,21.9301972,42.1788733
807,Бабадокинци,babadokintsi,neighbourhood,21.9358244,42.1828592
807,Беловуци,belovutsi,neighbourhood,21.9377816,42.1854383
807,Џамбасци,dzhambastsi,neighbourhood,21.9251815,42.1894617
807,Гуринци,gurintsi,neighbourhood,21.9194052,42.1922051
807,Николинци,nikolintsi,neighbourhood,21.9097581,42.1906206
807,Деловчанци,delovchantsi,neighbourhood,21.9010256,42.1879363
807,Горна Маала,gorna maala,neighbourhood,21.8895526,42.1885384
807,Поповци,popovtsi,neighbourhood,21.8910931,42.1832697
807,Јовановци,jovanovtsi,neighbourhood,21.86708,42.1901216
807,Клинчарци,klinchartsi,neighbourhood,21.8613642,42.1969388
807,Шантерци,shantertsi,neighbourhood,21.8630964,42.1996568
807,Челопечанци,chelopechantsi,neighbourhood,21.8617882,42.2044357
807,Дедавачка Маала,dedavachka maala,neighbourhood,21.941319,42.3373805
807,Голи Рид,goli rid,neighbourhood,21.9499597,42.3278711
807,Доденска Маала,dodenska maala,neighbourhood,21.9227048,42.2820352
807,Дерелска Маала,derelska maala,neighbourhood,21.9398806,42.2851447
807,Пуринци,purintsi,neighbourhood,21.9066003,42.2709813
807,Мартиновц,martinovts,neighbourhood,21.886286,42.2693196
807,Главурина,glavurina,neighbourhood,21.8742327,42.264329
807,Биволарци,bivolartsi,neighbourhood,21.8835301,42.2644789
807,Кимчинци,kimchintsi,neighbourhood,21.8602084,42.2713868
807,Кргујци,krgujtsi,neighbourhood,21.8583901,42.272626
807,Балчинци,balchintsi,neighbourhood,21.8578287,42.2691692
807,Пинџурци,pindzhurtsi,neighbourhood,21.8474975,42.2729241
807,Мишинци,mishintsi,neighbourhood,21.8415463,42.2797284
807,Мишинци,mishintsi,neighbourhood,21.8522431,42.2933286
807,Црни Влајковци,tsrni vlajkovtsi,neighbourhood,21.8632557,42.3037733
807,Блаќанци,blakjantsi,neighbourhood,21.8636485,42.3007025
807,Колчаци,kolchatsi,neighbourhood,21.8528437,42.2990977
807,Колчаци,kolchatsi,neighbourhood,21.8582802,42.3041147
807,Петковии,petkovii,neighbourhood,21.8860188,42.2890438
807,Кметовска Маала,kmetovska maala,neighbourhood,21.8814395,42.2869168
807,Трновска Маала,trnovska maala,neighbourhood,21.8824574,42.2845331
807,Китанци,kitantsi,neighbourhood,21.8685523,42.2797511
807,Калаверци,kalavertsi,neighbourhood,21.8570712,42.2814397
807,Горња Маала,gornja maala,neighbourhood,21.9137004,42.2662304
807,Брдарска Маала,brdarska maala,neighbourhood,21.919108,42.2639911
807,Буколовска Маала,bukolovska maala,neighbourhood,21.9308686,42.2578032
807,Мајсторовци,majstorovtsi,neighbourhood,21.9460842,42.2598015
807,Стублица,stublitsa,neighbourhood,21.9613955,42.2679988
807,Пољана,poljana,neighbourhood,21.9650442,42.2628914
807,Мутавчици,mutavchitsi,neighbourhood,21.9793841,42.2681301
807,Скендер,skender,neighbourhood,21.9884046,42.2607416
807,Врбици,vrbitsi,neighbourhood,21.9743178,42.2577365
807,Бузовици,buzovitsi,neighbourhood,21.9773582,42.235899
807,Шиндарци,shindartsi,neighbourhood,22.2650219,42.2942575
807,Присојарци,prisojartsi,neighbourhood,22.2794152,42.2975199
807,Средна Маала,sredna maala,neighbourhood,22.2738833,42.304654
807,Присојарци,prisojartsi,neighbourhood,22.2750711,42.2960271
807,Стевановци,stevanovtsi,neighbourhood,22.2638905,42.288559
807,Баратлиска Маала,baratliska maala,neighbourhood,22.3214454,42.2807103
807,Масларци,maslartsi,neighbourhood,22.3039088,42.3208363
807,Колипска Маала,kolipska maala,neighbourhood,22.2961715,42.3301064
807,Јанковци,jankovtsi,neighbourhood,22.2692167,42.3339657
807,Големи Гар,golemi gar,neighbourhood,22.2717999,42.349803
807,Горинци,gorintsi,neighbourhood,21.9974212,42.2303745
807,Баби,babi,suburb,22.2033048,41.7604448
807,Сончев Град,sonchev grad,neighbourhood,22.210105,41.7539507
807,Леваци,levatsi,suburb,22.2082932,41.7406932
807,Пребег,prebeg,neighbourhood,22.1799248,41.7466898
807,Дузлак,duzlak,suburb,22.2105879,41.74958
807,Деснаци,desnatsi,neighbourhood,22.2026392,41.7323345
807,Балканска,balkanska,neighbourhood,22.1889572,41.7717489
807,Долно Зркле,dolno zrkle,neighbourhood,21.1612654,41.6682469
807,Долно Лупште,dolno lupshte,neighbourhood,21.1552008,41.6771965
807,Браќани,brakjani,locality,21.1886665,41.6579757
807,Стаклара,staklara,suburb,21.4718403,41.961905
807,Подстаница,podstanitsa,neighbourhood,21.5392453,41.9387283
807,Бирарија,birarija,suburb,21.4330535,41.9851378
807,Расадник,rasadnik,suburb,21.4451879,41.9754217
807,Чешма,cheshma,neighbourhood,21.4404696,41.9837113
807,Топаана,topaana,suburb,21.4324512,42.01073
807,Ќерамидница,kjeramidnitsa,suburb,21.462148,41.9962157
807,Буњаковец,bunjakovets,suburb,21.4186442,41.9974581
807,Пролет,prolet,suburb,21.4418187,41.9909501
807,Ново Маало,novo maalo,suburb,21.438228,41.9927289
807,13 Ноември,13 noemvri,suburb,21.4617819,41.9902841
807,Градинар,gradinar,suburb,21.4686939,41.9695356
807,Скопје Север,skopje sever,suburb,21.4394129,42.0234432
807,Влае 2,vlae 2,suburb,21.374018,42.0053394
807,Камник,kamnik,neighbourhood,21.4986982,42.010323
807,Кучевишка Бара,kuchevishka bara,hamlet,21.4392639,42.0531255
807,Курило,kurilo,neighbourhood,21.4074734,41.9899888
807,Средно Нерези,sredno nerezi,suburb,21.3781002,41.9942189
807,Полициска Населба,politsiska naselba,neighbourhood,21.3279542,42.0074647
807,Стопански Двор,stopanski dvor,hamlet,21.3415316,42.0344253
807,Теферич,teferich,neighbourhood,21.4360322,41.9623874
807,Триангла,triangla,suburb,21.4837526,42.0017317
807,Хиподром 2,khipodrom 2,suburb,21.5188349,41.9940019
807,Пржина,przhina,hamlet,21.3648061,42.0454725
807,Тенеќе Маало,tenekje maalo,suburb,21.4295152,42.0191768
807,Дресница,dresnitsa,hamlet,21.4685665,41.9152848
807,Аџево,adzhevo,neighbourhood,21.5048172,41.9362108
807,Дрма,drma,hamlet,21.5873191,41.951895
807,Горно Ижиште,gorno izhishte,neighbourhood,21.0863736,41.4867735
807,Долно Ижиште,dolno izhishte,neighbourhood,21.0926344,41.4781116
807,Манастир,manastir,locality,21.1744173,41.477355
807,Дервишка Нива,dervishka niva,locality,21.2333328,41.5081475
807,Горно Тажево,gorno tazhevo,neighbourhood,21.2509423,41.7259039
807,Долно Маало,dolno maalo,neighbourhood,21.251282,41.7189936
807,Снегово,snegovo,locality,21.2930418,41.069741
807,Пуцина Маала,putsina maala,hamlet,22.0966697,42.1563087
807,Стојкова Маала,stojkova maala,hamlet,22.0945552,42.1558603
807,Прентов Мост,prentov most,locality,20.9052519,41.2051683
807,Неговиште,negovishte,locality,22.355595,42.3143561
807,Пост,post,locality,22.3546491,42.3199937
807,Големо трње,golemo trnje,locality,22.3363666,42.3279218
807,Градиште,gradishte,locality,22.3601723,42.3110618
807,Населба Драчево,naselba drachevo,suburb,21.5157681,41.9393309
807,Јаторец,jatorets,locality,20.5977021,41.4531102
807,Горно Маало,gorno maalo,neighbourhood,21.5199347,41.9318887
807,Порупа,porupa,neighbourhood,21.5182427,41.9270962
807,Долно Маало,dolno maalo,neighbourhood,21.5189113,41.9353586
807,Горно Маало,gorno maalo,neighbourhood,20.5716209,41.5177114
807,Долно Маало,dolno maalo,neighbourhood,20.5729513,41.5160163
807,Вапа,vapa,locality,20.5591479,41.4678447
807,Дупки,dupki,locality,21.5314205,41.9382504
807,Широк Пат,shirok pat,locality,21.5305313,41.9416019
807,Речиште,rechishte,neighbourhood,21.5282075,41.9328532
807,Белчевица,belchevitsa,locality,21.5283868,41.9306075
807,Коњушница,konjushnitsa,locality,21.5286834,41.9374888
807,Ограда,ograda,locality,21.5212586,41.9368164
807,Мерис,meris,locality,21.5252934,41.9432304
807,Смоквинки,smokvinki,locality,21.5208476,41.9445336
807,Шут Даб,shut dab,locality,21.5267056,41.9473596
807,Бегзадица,begzaditsa,locality,21.5130394,41.9472651
807,Чинар,chinar,locality,21.5105587,41.9502661
807,Стара Маркова Река,stara markova reka,locality,21.5082125,41.9525667
807,Бабајлија,babajlija,locality,21.5157351,41.9538642
807,Главаница,glavanitsa,locality,21.5030652,41.9485388
807,Дашкова црница,dashkova tsrnitsa,locality,21.5066667,41.9461213
807,Воденичиште,vodenichishte,locality,21.5036089,41.9445039
807,Велкова крушка,velkova krushka,locality,21.5068479,41.9407721
807,Бара,bara,locality,21.4979235,41.949002
807,Јурија,jurija,locality,21.5023517,41.9393399
807,Ќупријан,kjuprijan,locality,21.4935591,41.9392104
807,Широка Рупа,shiroka rupa,locality,21.4832983,41.936009
807,Љубаш,ljubash,neighbourhood,21.4876812,41.9296901
807,Оризница,oriznitsa,locality,21.4931401,41.9272803
807,Ќиналиште,kjinalishte,locality,21.500864,41.9287717
807,Урвали,urvali,locality,21.502325,41.9319565
807,Осмаково,osmakovo,locality,21.5075573,41.9358405
807,Локва,lokva,locality,21.4986782,41.9232609
807,Мала Тумба,mala tumba,locality,21.5000033,41.9195025
807,По Рупа,po rupa,locality,21.507059,41.922039
807,Корџев Крст,kordzhev krst,locality,21.5071723,41.9257383
807,Пеленица,pelenitsa,locality,21.4943519,41.9131314
807,Манастир,manastir,locality,21.4987462,41.9161653
807,Кулев Крст,kulev krst,locality,21.5056094,41.9184323
807,Средни Рид,sredni rid,locality,21.5131294,41.9228143
807,Петла Чука,petla chuka,locality,21.5080783,41.9171851
807,Романец,romanets,locality,21.5134239,41.9199829
807,Тенџерев Дол,tendzherev dol,locality,21.5164705,41.9220728
807,Рамниште,ramnishte,locality,21.518611,41.9175474
807,Забел,zabel,locality,21.51997,41.924171
807,Зад Забел,zad zabel,locality,21.52578,41.9266062
807,Градиште,gradishte,locality,21.5134126,41.9274909
807,Босанџири Рид,bosandzhiri rid,locality,21.5116571,41.9286031
807,Црквиште,tsrkvishte,locality,21.5165384,41.9315268
807,Кузов Дол,kuzov dol,locality,21.5105699,41.9312151
807,Шула,shula,locality,21.5369641,41.9352352
807,Шејтаница,shejtanitsa,locality,21.5476841,41.9342468
807,Герен,geren,locality,21.5469023,41.9408384
807,Крива Ливада,kriva livada,locality,21.5423276,41.9444685
807,Песовци,pesovtsi,locality,21.5361557,41.9440138
807,Караџица,karadzhitsa,locality,21.530033,41.9452825
807,Старо Село,staro selo,locality,20.8839369,41.6487814
807,Горно Маало,gorno maalo,neighbourhood,20.692934,41.6886846
807,Долно Маало,dolno maalo,neighbourhood,20.6897752,41.6948294
807,Ново Волкодери,novo volkoderi,neighbourhood,20.9527207,41.0140224
807,Нов Покрвеник,nov pokrvenik,neighbourhood,20.9570588,41.0173997
807,Ново Шурленци,novo shurlentsi,neighbourhood,20.9450007,41.0111436
807,Населба Радишани,naselba radishani,suburb,21.4475447,42.0626301
807,Ќерамидница,kjeramidnitsa,locality,21.5084906,41.943517
807,Горно Маало,gorno maalo,neighbourhood,20.5981111,41.2898176
807,Парумба,parumba,locality,20.5295596,41.2221916
807,Долни Дуќани,dolni dukjani,neighbourhood,21.783494,41.7085861
807,Мегдан,megdan,neighbourhood,21.7824984,41.7118026
807,Бузаана,buzaana,neighbourhood,21.7801809,41.7128149
807,Којник,kojnik,neighbourhood,21.778121,41.7137247
807,Теќе,tekje,neighbourhood,21.7799063,41.7158518
807,Карпа Маале,karpa maale,neighbourhood,21.77946,41.717146
807,Сар Маале,sar maale,neighbourhood,21.7827558,41.7172229
807,Дворови,dvorovi,neighbourhood,21.7844038,41.7181198
807,Јурија,jurija,neighbourhood,21.789073,41.7201955
807,Прцорек,prtsorek,neighbourhood,21.7904806,41.7176457
807,Црна Џамија,tsrna dzhamija,neighbourhood,21.7867899,41.7109824
807,Соколаана,sokolaana,neighbourhood,21.7889013,41.71343
807,Рамина,ramina,neighbourhood,21.7903776,41.7100341
807,Болнички дол,bolnichki dol,neighbourhood,21.7739496,41.7133403
807,Вршник,vrshnik,neighbourhood,21.7696581,41.7098291
807,Камено Брдо,kameno brdo,neighbourhood,21.7648172,41.7098675
807,Тунелот,tunelot,neighbourhood,21.7602682,41.70692
807,Нови Згради,novi zgradi,neighbourhood,21.7594614,41.7041262
807,Ќерамидна,kjeramidna,neighbourhood,21.7604742,41.710393
807,Нова Населба,nova naselba,neighbourhood,21.7654352,41.7170563
807,Бошков Мост,boshkov most,locality,20.6138386,41.5507596
807,Крагуево,kraguevo,locality,21.1964932,41.2073826
807,Коњарка,konjarka,locality,21.6611979,40.9822617
807,Papradishte,papradishte,neighbourhood,21.0266718,41.6482514
807,Капиново,kapinovo,village,21.4611711,41.6260598
807,Влао,vlao,hamlet,21.1912004,41.7394037
807,Село,selo,hamlet,21.2262621,41.7369225
807,Дол,dol,hamlet,21.1906107,41.7437979
807,Василковци,vasilkovtsi,hamlet,21.1797229,41.6210739
807,Село,selo,hamlet,21.1881254,41.6248349
807,Михајлово,mikhajlovo,locality,22.0674174,41.193977
807,Клисура,klisura,hamlet,22.2932368,41.3841789
807,Свети Наум,sveti naum,hamlet,20.7425138,40.9135238
807,Алачковци,alachkovtsi,hamlet,21.9140902,42.0481156
807,Попово Гумно,popovo gumno,locality,21.566507,41.9064013
807,Кер,ker,locality,21.5090211,41.9115254
807,Жеден,zheden,locality,21.5095024,41.8681963
807,Кодра Брот,kodra brot,locality,21.4827684,41.8937143
807,Летиња,letinja,locality,21.4717992,41.8599709
807,Ливади и Трла,livadi i trla,locality,21.4793695,41.8544987
807,Вириште,virishte,locality,21.4859441,41.8469289
807,Вртешка,vrteshka,locality,21.4756741,41.8424326
807,Честак,chestak,locality,21.4532718,41.8551171
807,Градиште,gradishte,locality,21.4681892,41.8428926
807,Цепенка,tsepenka,locality,21.4305267,41.8983445
807,Врањак,vranjak,locality,21.4242782,41.8953035
807,Прилепски Пат,prilepski pat,locality,21.4179439,41.8779104
807,Наово,naovo,locality,21.5570527,41.9359604
807,Кара Баклук,kara bakluk,locality,21.569378,41.9414001
807,Пужевина,puzhevina,locality,21.5460492,41.9313503
807,Крњово,krnjovo,locality,21.5305138,41.923266
807,Сидол,sidol,locality,21.5381699,41.9121787
807,Драганица,draganitsa,locality,21.5267029,41.8973968
807,Ледиње,ledinje,locality,21.5534782,41.9505697
807,Орешка,oreshka,locality,21.5383892,41.9490377
807,Мртвица,mrtvitsa,locality,21.5229225,41.9595697
807,Мачкини Дупки,machkini dupki,locality,21.5165367,41.9605016
807,Широко,shiroko,locality,21.5371704,41.9634119
807,Цигански Пат,tsiganski pat,locality,21.5086231,41.9576294
807,Селско Трло,selsko trlo,locality,21.5042457,41.9647776
807,Бревчина,brevchina,locality,21.4973793,41.9622503
807,Тумба,tumba,locality,21.506546,41.9728184
807,Куќиште,kukjishte,locality,21.4970188,41.9723718
807,Киселачки Крст,kiselachki krst,locality,21.4543266,41.9616376
807,Смрека,smreka,locality,21.4711322,41.9591868
807,Баланчевец,balanchevets,locality,21.4692611,41.9551401
807,Чешма,cheshma,locality,21.4749603,41.9525358
807,Песја Чука,pesja chuka,locality,21.4698104,41.9484376
807,Четири Пата,chetiri pata,locality,21.4633903,41.9383635
807,Куртрова Страна,kurtrova strana,locality,21.46109,41.943803
807,Три Крушки,tri krushki,locality,21.5678548,41.9264482
807,Тепанец,tepanets,locality,21.5729628,41.9078891
807,Ќис,kjis,locality,21.5451365,41.8913812
807,Коблица,koblitsa,locality,21.5351458,41.8951763
807,Кодра Налт,kodra nalt,locality,21.5443468,41.8849276
807,Маска Тунди,maska tundi,locality,21.5441752,41.8806334
807,Хисар,khisar,locality,21.5299788,41.8798282
807,Рафши,rafshi,locality,21.5231295,41.8811191
807,Краста,krasta,locality,21.4932776,41.8563324
807,Цигански Рид,tsiganski rid,locality,21.5159884,41.8915984
807,Галишник,galishnik,locality,21.5051565,41.9021144
807,Јасика,jasika,locality,21.4958181,41.8754442
807,Стари Лозја,stari lozja,locality,21.4956808,41.9024466
807,Падарница,padarnitsa,locality,21.4880762,41.9061772
807,Драга,draga,locality,21.4878016,41.8943969
807,Орница,ornitsa,locality,21.4781542,41.8637094
807,Стара Шума,stara shuma,locality,21.4740515,41.8702162
807,Личан,lichan,locality,21.4615717,41.8692191
807,Шкоза Калето,shkoza kaleto,locality,21.4684038,41.8747923
807,Нови Села,novi sela,locality,21.457469,41.8757893
807,Мотел Китка,motel kitka,locality,21.4612799,41.875278
807,Кала,kala,locality,21.4485083,41.8662917
807,Пала Барда,pala barda,locality,21.4617949,41.8920201
807,Личај,lichaj,locality,21.4675627,41.9004662
807,Градиште,gradishte,locality,21.475236,41.9003001
807,Драчевски Пат,drachevski pat,locality,21.4623957,41.907838
807,Рудина,rudina,locality,21.4530401,41.9137144
807,Дрисла,drisla,locality,21.453126,41.9273303
807,Ќупријан,kjuprijan,locality,21.4771929,41.9269088
807,Лозје,lozje,locality,21.4535036,41.9014117
807,Калја,kalja,locality,21.4404574,41.9020249
807,Рупе,rupe,locality,21.4429979,41.8979491
807,Кодра Е Малит,kodra e malit,locality,21.4338484,41.8856561
807,Каменик,kamenik,locality,21.4457617,41.8781411
807,Врлева,vrleva,locality,21.4428606,41.8681709
807,Слани Крст,slani krst,locality,21.4359598,41.8397089
807,Крст,krst,locality,21.4256258,41.8303466
807,Торбеши,torbeshi,locality,21.4206476,41.8552329
807,Нова Осојница,nova osojnitsa,locality,21.42657,41.8608712
807,Бел Камен,bel kamen,locality,21.4292135,41.8799944
807,Стојаново Трло,stojanovo trlo,locality,21.4082022,41.8757254
807,Добол,dobol,locality,21.3956022,41.8696537
807,Дабово,dabovo,locality,21.4023657,41.8596183
807,Леска,leska,locality,21.3850279,41.8527268
807,Драгоноже,dragonozhe,locality,21.3947096,41.8504891
807,Планинче,planinche,locality,21.4139528,41.8467169
807,Темна Бука,temna buka,locality,21.4185362,41.8333141
807,Ледиње,ledinje,locality,21.3853692,41.8878858
807,Цуцул,tsutsul,locality,21.4003724,41.8861094
807,Гореница,gorenitsa,locality,21.4141397,41.9099009
807,Мериз,meriz,locality,21.3857297,41.90534
807,Смрдлина,smrdlina,locality,21.3800992,41.906822
807,Рамниште,ramnishte,locality,21.3724603,41.9040241
807,Крст,krst,locality,21.3672589,41.90106
807,Распачи,raspachi,locality,21.3584699,41.9058127
807,Туново,tunovo,locality,21.3494748,41.9000378
807,Колибишта,kolibishta,locality,21.3577489,41.8989134
807,Орлов Камен,orlov kamen,locality,21.3455781,41.8927801
807,Орлов Присој,orlov prisoj,locality,21.3587789,41.8929079
807,Мартинец,martinets,locality,21.3575601,41.8849976
807,Пателица,patelitsa,locality,21.3733529,41.883055
807,Остреш,ostresh,locality,21.3702802,41.8750668
807,Гороглед,gorogled,locality,21.3715676,41.8691612
807,Осојница,osojnitsa,locality,21.3744516,41.8626543
807,Кочково,kochkovo,locality,21.3503846,41.8654924
807,Големо Ќуле,golemo kjule,locality,21.3319139,41.8437689
807,Јасик,jasik,locality,21.3318967,41.83497
807,Торбеши,torbeshi,locality,21.3363771,41.8270654
807,Циганско Гробје,tsigansko grobje,locality,21.3351239,41.8245326
807,Скочац,skochats,locality,21.3540922,41.8180516
807,Хисар,khisar,locality,21.3780561,41.8305494
807,Орница,ornitsa,locality,21.3769575,41.8503594
807,Присое,prisoe,locality,21.3229485,41.8309044
807,Корилски Дол,korilski dol,locality,21.3094216,41.8304311
807,Каменита Нива,kamenita niva,locality,21.3077565,41.809118
807,Ќурулес,kjurules,locality,21.3093014,41.783497
807,Млада Бука,mlada buka,locality,21.3214207,41.7854427
807,Врти Ѓол,vrti gjol,locality,21.3165627,41.7743826
807,Караџица,karadzhitsa,locality,21.3141423,41.761272
807,Велешка Рупа,veleshka rupa,locality,21.3037568,41.7642042
807,Плоча,plocha,locality,21.3363038,41.7535247
807,Влашко Поило,vlashko poilo,locality,21.3392048,41.7807961
807,Етемов Рид,etemov rid,locality,21.3414364,41.7893849
807,Ахметово Ѓубре,akhmetovo gjubre,locality,21.3510838,41.7946323
807,Радо,rado,locality,21.2958603,41.783369
807,Кашкало,kashkalo,locality,21.2845993,41.786633
807,Пропас,propas,locality,21.2768917,41.8033727
807,Воѓанска Бука,vogjanska buka,locality,21.2632447,41.8173959
807,Крљица,krljitsa,locality,21.2933541,41.810743
807,Шивовец,shivovets,locality,21.2909851,41.8198522
807,Сукум Село,sukum selo,locality,21.2875348,41.827195
807,Цер,tser,locality,21.2890282,41.8570306
807,Горни Листоец,gorni listoets,locality,21.3165284,41.8713488
807,Средни Рид,sredni rid,locality,21.3116188,41.8777015
807,Присој,prisoj,locality,21.3369046,41.870633
807,Големо Дабје,golemo dabje,locality,21.3227597,41.8922323
807,Долно Поле,dolno pole,locality,21.3045464,41.8955035
807,Толчено Сено,tolcheno seno,locality,21.2952252,41.8777015
807,Дива Орница,diva ornitsa,locality,21.3085976,41.8816508
807,Казан,kazan,locality,21.3046322,41.9031953
807,Чука,chuka,locality,21.3335057,41.9010616
807,Стамена Глава,stamena glava,locality,21.345625,41.9079352
807,Фета Овлас,feta ovlas,locality,21.335973,41.8602516
807,Долни Пепељак,dolni pepeljak,locality,21.3483841,41.8124822
807,Симонска Рупа,simonska rupa,locality,21.3227551,41.8092323
807,Тумба Алекс,tumba aleks,locality,21.3205406,41.8187
807,Ќе Главине,kje glavine,locality,21.429306,41.8425331
807,Леновина,lenovina,locality,21.4304268,41.846218
807,Присое,prisoe,locality,21.429825,41.8147584
807,Ивота,ivota,locality,21.4237811,41.8498761
807,Суфово Трло,sufovo trlo,locality,21.3876635,41.8656278
807,Кале (Лозја),kale,locality,21.388024,41.883037
807,Лелејка,lelejka,locality,21.3642146,41.8780013
807,Цуцул,tsutsul,locality,21.3398215,41.8867559
807,Коњарник,konjarnik,locality,21.3392722,41.881465
807,Рамниште,ramnishte,locality,21.3114459,41.8865515
807,Шумјак,shumjak,locality,21.2885806,41.8671874
807,Пандевица,pandevitsa,locality,21.3114287,41.8546839
807,Добродолске Рупе,dobrodolske rupe,locality,21.2784354,41.7975816
807,Копање,kopanje,locality,21.2610969,41.828609
807,Јасик,jasik,locality,21.2438631,41.8286332
807,Аблиште,ablishte,locality,21.246872,41.8377462
807,Кула,kula,locality,21.2385464,41.843693
807,Ќуле,kjule,locality,21.2571807,41.8412433
807,Стреци,stretsi,locality,21.2505779,41.8658907
807,Овчи Кошари,ovchi koshari,locality,21.2514593,41.8717289
807,Боровски Локви,borovski lokvi,locality,21.2534325,41.878439
807,Раздолци,razdoltsi,locality,21.2853316,41.8792009
807,Лозје,lozje,locality,21.2749258,41.8823685
807,Црн Габер,tsrn gaber,locality,21.2594487,41.8885963
807,Фоички Рид,foichki rid,locality,21.2798712,41.8980357
807,Р`блак,r'blak,locality,21.2806685,41.9061763
807,Цер,tser,locality,21.2965661,41.9045788
807,Мало Долче,malo dolche,locality,21.2867179,41.8994856
807,Лазаро,lazaro,locality,21.2417831,41.8678234
807,Бачар,bachar,locality,21.2396366,41.8540649
807,Пресна Торба,presna torba,locality,21.4493587,41.8391603
807,Маја Бунарит,maja bunarit,locality,21.4415177,41.8285449
807,Торбешки Бачила,torbeshki bachila,locality,21.4501694,41.8215861
807,Маскатајца,maskatajtsa,locality,21.4448823,41.8171981
807,Круша,krusha,locality,21.4551648,41.8158164
807,Вртешка,vrteshka,locality,21.4736355,41.8312183
807,Козјак,kozjak,locality,21.5126739,41.8333361
807,Лака,laka,locality,21.5093608,41.8261348
807,Жеден,zheden,locality,21.5111633,41.8176789
807,Дрмос,drmos,locality,21.5006919,41.8107956
807,Градовци,gradovtsi,locality,21.4948898,41.8072514
807,Дрмос,drmos,locality,21.4840408,41.8029136
807,Кулица,kulitsa,locality,21.4591499,41.8072386
807,Мала Алдинца,mala aldintsa,locality,21.4470992,41.806714
807,Бодревец,bodrevets,locality,21.4486442,41.7923301
807,Сипачан,sipachan,locality,21.4715953,41.7625667
807,Демирова Ливада,demirova livada,locality,21.4498458,41.7642825
807,Јуручица,juruchitsa,locality,21.4495025,41.7530652
807,Диброски Камен,dibroski kamen,locality,21.4455028,41.7371834
807,Пржал,przhal,locality,21.4201484,41.7149551
807,Шашковица,shashkovitsa,locality,21.4171271,41.7634887
807,Ејлагица,ejlagitsa,locality,21.4329543,41.7589046
807,Долно Бегово,dolno begovo,locality,21.4280448,41.7252695
807,Горна Јакупица,gorna jakupitsa,locality,21.4275127,41.7197986
807,Горно Бегово,gorno begovo,locality,21.4067931,41.730189
807,Викенд Населба Борисово,vikend naselba borisovo,locality,21.471355,41.8042572
807,Долна Мумуџица,dolna mumudzhitsa,locality,21.4593558,41.7937379
807,Ново Село,novo selo,locality,21.3957459,41.8286102
807,Стекавица,stekavitsa,locality,21.3993679,41.8147942
807,Ѓуле,gjule,locality,21.3630787,41.8081026
807,Равша Парве,ravsha parve,locality,21.3645378,41.7917353
807,Калјаја,kaljaja,locality,21.3983723,41.7970721
807,Бразда,brazda,locality,21.3871456,41.7893931
807,Драчевски Рид,drachevski rid,locality,21.3635937,41.7749926
807,Езериња,ezerinja,locality,21.3654476,41.7591162
807,Враца,vratsa,locality,21.3826996,41.7380996
807,Аниште,anishte,locality,21.3973938,41.769782
807,Форч е,forch e,locality,21.4086242,41.8270915
807,Јурукова Карпа,jurukova karpa,locality,21.3753562,41.74306
807,Камени Брег,kameni breg,locality,21.3779311,41.7571348
807,Корички Камен,korichki kamen,locality,21.4944008,41.7807805
807,Албаница,albanitsa,locality,21.5297287,41.8023078
807,Црвени Камен,tsrveni kamen,locality,21.5517014,41.8048543
807,Нови Камен,novi kamen,locality,21.5633915,41.8112136
807,Трсатник,trsatnik,locality,21.5567311,41.8255676
807,Орлов Рид,orlov rid,locality,21.5314797,41.8269235
807,Гумно,gumno,locality,21.5204247,41.8142074
807,Попово Гумно,popovo gumno,locality,21.5246819,41.8408776
807,Средни Рид,sredni rid,locality,21.5385178,41.8299295
807,Ценовска Маала,tsenovska maala,locality,21.5402344,41.8155892
807,Крушкин Рид,krushkin rid,locality,21.5424145,41.804995
807,Старо Село,staro selo,locality,21.5149487,41.8091536
807,БеќировскаНива,bekjirovskaniva,locality,21.5078762,41.8011561
807,Студена Вода,studena voda,locality,21.5307072,41.7885757
807,Селска Нива,selska niva,locality,21.5018853,41.7893693
807,Тисоички Врв,tisoichki vrv,locality,21.4896115,41.7860158
807,Црни Камен,tsrni kamen,locality,21.5278425,41.7646302
807,Вилјак,viljak,locality,21.556716,41.7580486
807,Аргач Фастеш,argach fastesh,locality,21.5326147,41.7755383
807,Бектеш Ниви,bektesh nivi,locality,21.5530767,41.7906427
807,Трла,trla,locality,21.560132,41.7960564
807,Осојница,osojnitsa,locality,21.5793409,41.7918586
807,Нива На Брдо,niva na brdo,locality,21.5824823,41.8035042
807,Долни Дејковец,dolni dejkovets,locality,21.5951166,41.8088784
807,Скршена Бука,skrshena buka,locality,21.5387602,41.7686506
807,Средна Орница,sredna ornitsa,locality,21.5471888,41.7577797
807,Дива Лиска,diva liska,locality,21.5680113,41.7604816
807,Високи Рид,visoki rid,locality,21.5678225,41.8031331
807,Пешка Глава,peshka glava,locality,21.5432062,41.7781242
807,Воденички Рид,vodenichki rid,locality,21.5995112,41.8020454
807,Кепи Рајнаве,kepi rajnave,locality,21.5863828,41.7614005
807,Пушка Леза,pushka leza,locality,21.6024846,41.7696973
807,Попова Нива,popova niva,locality,21.6149301,41.7734229
807,Ѓури Калаузит,gjuri kalauzit,locality,21.5826406,41.7720787
807,Горно Добрино,gorno dobrino,locality,21.5902967,41.7760857
807,Кодра Брданец,kodra brdanets,locality,21.5860395,41.7788764
807,Чука,chuka,locality,21.6077889,41.7830623
807,Илкова Нива,ilkova niva,locality,21.5878247,41.7898845
807,Лака,laka,locality,21.6118917,41.7942744
807,Долно Добрино,dolno dobrino,locality,21.6107072,41.7972819
807,Корита,korita,locality,21.6328515,41.8007499
807,Крчевина,krchevina,locality,21.6242856,41.8092464
807,Врмаја,vrmaja,locality,21.6151532,41.8078517
807,Каљаја,kaljaja,locality,21.6131276,41.8151319
807,Нива на Рид,niva na rid,locality,21.6092481,41.7888606
807,Илиица,iliitsa,locality,21.6272554,41.7860319
807,Средно Добрино,sredno dobrino,locality,21.5940732,41.7870815
807,Бел Камен,bel kamen,locality,21.5968885,41.7822175
807,Плоча,plocha,locality,21.5744351,41.7722195
807,Исмаилова Нива,ismailova niva,locality,21.6243028,41.7747799
807,Стража,strazha,locality,21.62753,41.770107
807,Ѓурница,gjurnitsa,locality,21.5839537,41.818157
807,Раха,rakha,locality,21.5920218,41.8237602
807,Пештера,peshtera,locality,21.5866831,41.8305653
807,Чар,char,locality,21.5902194,41.8383417
807,Рид Фезин,rid fezin,locality,21.6093768,41.8314735
807,Кодра Трла,kodra trla,locality,21.6139773,41.8248731
807,Жеден,zheden,locality,21.6042441,41.8162508
807,Илиџе Рид,ilidzhe rid,locality,21.5960215,41.8294397
807,Голема Нива,golema niva,locality,21.6001242,41.8434316
807,Кодра Шпатес,kodra shpates,locality,21.6122607,41.8426643
807,Њак,njak,locality,21.6025446,41.8245661
807,Шкодра,shkodra,locality,21.6226929,41.8491711
807,Дисавич,disavich,locality,21.6148823,41.8521888
807,Соколовец,sokolovets,locality,21.6282547,41.8256257
807,Церче,tserche,locality,21.581282,41.843019
807,Коритиње,koritinje,locality,21.5388645,41.8433259
807,Гола Тумба,gola tumba,locality,21.5575584,41.8453848
807,Каменица,kamenitsa,locality,21.5605796,41.8580435
807,Високо,visoko,locality,21.5579189,41.8646148
807,Грнчарица,grncharitsa,locality,21.5883716,41.8531977
807,Локве,lokve,locality,21.5811275,41.8621091
807,Каменица,kamenitsa,locality,21.5860713,41.869332
807,Гумења,gumenja,locality,21.5939334,41.8728728
807,Грмаѓе,grmagje,locality,21.5843547,41.8734736
807,Дебели Рид,debeli rid,locality,21.5947746,41.8619813
807,Грдовачки Рид,grdovachki rid,locality,21.5615753,41.8286433
807,Љамзи Рид,ljamzi rid,locality,21.5696605,41.8316235
807,Балжева Нива,balzheva niva,locality,21.5729907,41.8434154
807,Тумба,tumba,locality,21.5211383,41.8463754
807,Чалачуг,chalachug,locality,21.5269748,41.856592
807,Киша (Црква),kisha,locality,21.5576336,41.8708336
807,Дарде Шум,darde shum,locality,21.5519516,41.8748089
807,Лозје,lozje,locality,21.5646373,41.8894554
807,Симоница,simonitsa,locality,21.5727226,41.8806245
807,Шулони Мад,shuloni mad,locality,21.5457031,41.8700411
807,Утово,utovo,locality,21.5849821,41.8760726
807,Слатина,slatina,locality,21.5979082,41.8834984
807,Џамбовица,dzhambovitsa,locality,21.5812398,41.8977468
807,Вириште,virishte,locality,21.5951616,41.8976446
807,Чука,chuka,locality,21.5903207,41.904148
807,Високи Рид,visoki rid,locality,21.6164991,41.8969674
807,Врба,vrba,locality,21.6233827,41.8964307
807,Рујарница,rujarnitsa,locality,21.6289102,41.8941563
807,Петлова Шија,petlova shija,locality,21.634884,41.8936962
807,Пужовик,puzhovik,locality,21.6336309,41.9037264
807,Крст,krst,locality,21.6149026,41.8903227
807,Терзица,terzitsa,locality,21.6056501,41.8902971
807,Горно Поле,gorno pole,locality,21.5954191,41.8895815
807,Трајковица,trajkovitsa,locality,21.6148168,41.8796131
807,Уши,ushi,locality,21.6217863,41.8709342
807,Падалица,padalitsa,locality,21.6424715,41.8818753
807,Роглездо,roglezdo,locality,21.6489088,41.880904
807,Поповац,popovats,locality,21.6290304,41.8820031
807,Стричковац,strichkovats,locality,21.6284639,41.8775425
807,Вршник,vrshnik,locality,21.6419908,41.8717523
807,Градиште,gradishte,locality,21.6360342,41.8697837
807,Стричковица,strichkovitsa,locality,21.6409093,41.8634303
807,Даб,dab,locality,21.6244985,41.8645553
807,Рамниште,ramnishte,locality,21.6354505,41.8563985
807,Ложиште,lozhishte,locality,21.6341974,41.846783
807,Голема Страна,golema strana,locality,21.6374761,41.8381124
807,Црни Врв,tsrni vrv,locality,21.630953,41.8846582
807,Кривина,krivina,locality,21.6030451,41.9149014
807,Наово,naovo,locality,21.5785298,41.9360268
807,Фазанерија,fazanerija,locality,21.5834595,41.9490438
807,Сибинов Орман,sibinov orman,locality,21.0210656,42.0360994
807,Градски Пат,gradski pat,locality,21.0123084,42.0414823
807,Долно Рашче,dolno rashche,locality,21.0274915,42.047242
807,Дубовник,dubovnik,locality,21.0123234,42.0582163
807,Северова Падина,severova padina,locality,21.989275,41.4802295
807,Дукена,dukena,locality,21.9854984,41.4863766
807,Кошариште,kosharishte,locality,21.9998836,41.4980518
807,Крај Курија,kraj kurija,locality,22.0039005,41.5043386
807,Лазарица,lazaritsa,locality,22.0205173,41.5133885
807,Свети Јован,sveti jovan,locality,22.0410652,41.5104834
807,Попаша,popasha,locality,22.0444813,41.4918544
807,Тимјанички Пат,timjanichki pat,locality,22.0456486,41.4839204
807,Лака,laka,locality,22.0333125,41.4934905
807,Смолник,smolnik,locality,22.0139147,41.4919347
807,Војчев Гроб,vojchev grob,locality,22.0050055,41.4942492
807,Веселова Падина,veselova padina,locality,22.0157343,41.4826761
807,Bašoski Nivi/Arat e Bashe,basoski nivi arat e bashe,locality,21.0827084,41.6203159
807,Shpela e Vajzes,shpela e vajzes,locality,21.0937296,41.6302327
807,Браќам,brakjam,locality,21.1192493,41.6083856
807,Ara e Haskut,ara e haskut,locality,21.067531,41.6377437
807,Општина,opshtina,neighbourhood,21.7683907,41.7187566
807,Узус,uzus,neighbourhood,21.7631378,41.719692
807,Костурница,kosturnitsa,neighbourhood,21.7905178,41.7219727
807,Солено Чешмиче,soleno cheshmiche,neighbourhood,21.782019,41.7143627
807,Потокот,potokot,neighbourhood,21.790808,41.7123253
807,Шорка,shorka,neighbourhood,21.7690222,41.7278644
807,Долно Браилово,dolno brailovo,neighbourhood,21.4573675,41.471312
807,Горно Браилово,gorno brailovo,neighbourhood,21.4616924,41.4771459
807,Мактеон,makteon,locality,22.4145436,41.9602168
807,Драгулево,dragulevo,locality,22.8169914,41.5283564
807,Безгаштево,bezgashtevo,hamlet,22.7558943,41.6119963
807,Рајанци,rajantsi,locality,22.6541516,41.5681622
807,Алајци,alajtsi,neighbourhood,20.9457681,41.6100785
807,Kozarica,kozarica,locality,20.8253496,42.0402407
807,Selišta,selista,locality,20.810336,42.0555978
807,Gajrina,gajrina,locality,20.788085,42.046793
807,Štrga,strga,locality,20.7915141,42.0564934
807,Rudina,rudina,locality,20.8227702,42.0590957
807,Mačišta,macista,locality,20.8370023,42.0707203
807,Rafša,rafsa,locality,20.8269731,42.0644802
807,Πιπιλιάνα,pipiliana,locality,21.8790793,41.0245119
807,Солидност,solidnost,locality,21.5638417,41.3450446
807,Стар Аеродром,star aerodrom,suburb,21.4537307,41.9858082
807,Гази Баба,gazi baba,suburb,21.4452421,42.0058197
807,Дифтар Маало,diftar maalo,neighbourhood,21.4993384,41.9913673
807,Тафталиџе 1,taftalidzhe 1,suburb,21.4082338,41.9985469
807,Подумец,podumets,locality,21.4736957,41.4086951
807,Вардар Чифлик,vardar chiflik,locality,22.1123713,41.5419525
807,Долно Оризари,dolno orizari,suburb,21.4283756,42.029028
807,Вардарска,vardarska,neighbourhood,21.4904616,41.975343
807,Островска,ostrovska,neighbourhood,21.4871441,41.9800239
807,Цементара,tsementara,suburb,21.4552021,41.9722066
807,Долно Усје,dolno usje,neighbourhood,21.4603487,41.9654478
807,Тасино Чешмиче,tasino cheshmiche,suburb,21.4224092,41.9853511
807,Кале,kale,suburb,21.4331114,42.0072596
807,Александрија,aleksandrija,neighbourhood,21.3707912,42.0112269
807,Лепенец,lepenets,suburb,21.3590005,42.0375648
807,Пајко Маало,pajko maalo,suburb,21.4365615,41.9977663
807,Лескоец,leskoets,village,20.8296175,41.1510482
807,Mramorec,mramorec,village,20.8765477,41.3837418
807,Џаферица,dzhaferitsa,locality,21.4539027,41.2474844
807,Циглана,tsiglana,locality,21.5323323,41.9401722
807,Типо,tipo,locality,21.5332978,41.9389751
807,Раскрсница,raskrsnitsa,locality,21.5295968,41.9353546
807,Марлес,marles,locality,21.5247099,41.9364498
807,Обнова,obnova,locality,21.5279206,41.9347648
807,Плочник,plochnik,locality,21.529778,41.934432
807,Три Круши,tri krushi,neighbourhood,21.5225467,41.9306111
807,Ново Владевци,novo vladevtsi,village,22.6127694,41.5193443
807,Влае,vlae,suburb,21.3768501,42.0089632
807,Тодор Чангов,todor changov,suburb,21.4871209,41.9788199
807,Луково поле,lukovo pole,locality,21.5513351,41.6966981
